Microsoft (R) COFF/PE Dumper Version 12.00.40629.0
Copyright (C) Microsoft Corporation.  All rights reserved.


Dump of file C:\native74-closure\results\amd64-client-runtime53-client_file_runtime\amd64-client-runtime53-client_file_runtime.obj

File Type: COFF OBJECT

COFF SYMBOL TABLE
000 00E19EB5 ABS    notype       Static       | @comp.id
001 80000190 ABS    notype       Static       | @feat.00
002 00000000 SECT1  notype       Static       | .drectve
    Section length  34F, #relocs    0, #linenums    0, checksum        0
004 00000000 SECT2  notype       Static       | .debug$S
    Section length   C8, #relocs    0, #linenums    0, checksum        0
006 00000000 SECT3  notype       Static       | .rdata
    Section length   C8, #relocs    B, #linenums    0, checksum 6C37051E
008 00000000 SECT3  notype       Static       | $SG117065
009 00000010 SECT3  notype       Static       | $SG117339
00A 00000000 SECT4  notype       Static       | .text$mn
    Section length  776, #relocs   3B, #linenums    0, checksum 7CB9C203
00C 00000000 SECT5  notype       Static       | .text$x
    Section length  1AA, #relocs   14, #linenums    0, checksum C3927B44
00E 00000000 SECT6  notype       Static       | .text$mn
    Section length   31, #relocs    2, #linenums    0, checksum 5B862D82, selection    2 (pick any)
010 00000000 SECT7  notype       Static       | .text$mn
    Section length   31, #relocs    2, #linenums    0, checksum 5B862D82, selection    2 (pick any)
012 00000000 SECT8  notype       Static       | .text$mn
    Section length    D, #relocs    0, #linenums    0, checksum 884019D4, selection    2 (pick any)
014 00000000 SECT9  notype       Static       | .text$mn
    Section length   46, #relocs    3, #linenums    0, checksum 525B5488, selection    2 (pick any)
016 00000000 SECTA  notype       Static       | .text$mn
    Section length   40, #relocs    1, #linenums    0, checksum EECC99AF, selection    2 (pick any)
018 00000000 SECTB  notype       Static       | .text$mn
    Section length   4F, #relocs    2, #linenums    0, checksum  F0B06F1, selection    2 (pick any)
01A 00000000 SECTC  notype       Static       | .text$mn
    Section length   5C, #relocs    2, #linenums    0, checksum D27B64CF, selection    2 (pick any)
01C 00000000 SECTD  notype       Static       | .text$mn
    Section length   5C, #relocs    2, #linenums    0, checksum EBA84DDE, selection    2 (pick any)
01E 00000000 SECTE  notype       Static       | .text$mn
    Section length   45, #relocs    2, #linenums    0, checksum 8F97384C, selection    2 (pick any)
020 00000000 SECTF  notype       Static       | .text$mn
    Section length   5B, #relocs    0, #linenums    0, checksum 95C1E8EA, selection    2 (pick any)
022 00000000 SECT10 notype       Static       | .text$mn
    Section length   36, #relocs    2, #linenums    0, checksum FBE955A0, selection    2 (pick any)
024 00000000 SECT11 notype       Static       | .text$mn
    Section length   36, #relocs    2, #linenums    0, checksum FBE955A0, selection    2 (pick any)
026 00000000 SECT12 notype       Static       | .text$mn
    Section length   73, #relocs    4, #linenums    0, checksum 7EA4C12E, selection    2 (pick any)
028 00000000 SECT13 notype       Static       | .text$mn
    Section length   4C, #relocs    2, #linenums    0, checksum  5ADB99C, selection    2 (pick any)
02A 00000000 SECT14 notype       Static       | .text$mn
    Section length   45, #relocs    2, #linenums    0, checksum 56644862, selection    2 (pick any)
02C 00000000 SECT15 notype       Static       | .text$mn
    Section length   15, #relocs    0, #linenums    0, checksum 6DD90E1A, selection    2 (pick any)
02E 00000000 SECT16 notype       Static       | .text$mn
    Section length   45, #relocs    2, #linenums    0, checksum 56644862, selection    2 (pick any)
030 00000000 SECT17 notype       Static       | .text$mn
    Section length   4A, #relocs    1, #linenums    0, checksum 41A06FFF, selection    2 (pick any)
032 00000000 SECT18 notype       Static       | .text$mn
    Section length   23, #relocs    0, #linenums    0, checksum 837B2F6D, selection    2 (pick any)
034 00000000 SECT19 notype       Static       | .text$mn
    Section length    B, #relocs    0, #linenums    0, checksum C455396F, selection    2 (pick any)
036 00000000 SECT1A notype       Static       | .text$mn
    Section length    B, #relocs    0, #linenums    0, checksum C455396F, selection    2 (pick any)
038 00000000 SECT1B notype       Static       | .text$mn
    Section length    B, #relocs    0, #linenums    0, checksum C455396F, selection    2 (pick any)
03A 00000000 SECT1C notype       Static       | .text$mn
    Section length    B, #relocs    0, #linenums    0, checksum C455396F, selection    2 (pick any)
03C 00000000 SECT1D notype       Static       | .text$mn
    Section length   17, #relocs    0, #linenums    0, checksum  F6C30BD, selection    2 (pick any)
03E 00000000 SECT1E notype       Static       | .text$mn
    Section length   17, #relocs    0, #linenums    0, checksum  F6C30BD, selection    2 (pick any)
040 00000000 SECT1F notype       Static       | .text$mn
    Section length   1D, #relocs    0, #linenums    0, checksum C7F75F6F, selection    2 (pick any)
042 00000000 SECT20 notype       Static       | .text$mn
    Section length   2E, #relocs    1, #linenums    0, checksum F96BCF43, selection    2 (pick any)
044 00000000 SECT21 notype       Static       | .text$mn
    Section length   2E, #relocs    1, #linenums    0, checksum F96BCF43, selection    2 (pick any)
046 00000000 SECT22 notype       Static       | .text$mn
    Section length   2E, #relocs    1, #linenums    0, checksum F96BCF43, selection    2 (pick any)
048 00000000 SECT23 notype       Static       | .text$mn
    Section length   2E, #relocs    1, #linenums    0, checksum F96BCF43, selection    2 (pick any)
04A 00000000 SECT24 notype       Static       | .text$mn
    Section length   3B, #relocs    2, #linenums    0, checksum FE4B0C11, selection    2 (pick any)
04C 00000000 SECT25 notype       Static       | .text$mn
    Section length   3B, #relocs    2, #linenums    0, checksum FE4B0C11, selection    2 (pick any)
04E 00000000 SECT26 notype       Static       | .text$mn
    Section length   90, #relocs    3, #linenums    0, checksum 2955FC97, selection    2 (pick any)
050 00000000 SECT27 notype       Static       | .text$x
    Section length   73, #relocs    4, #linenums    0, checksum 14BA5D60, selection    5 (pick associative Section 0x26)
052 00000000 SECT28 notype       Static       | .text$mn
    Section length   90, #relocs    3, #linenums    0, checksum 2955FC97, selection    2 (pick any)
054 00000000 SECT29 notype       Static       | .text$x
    Section length   73, #relocs    4, #linenums    0, checksum 14BA5D60, selection    5 (pick associative Section 0x28)
056 00000000 SECT2A notype       Static       | .text$mn
    Section length   45, #relocs    2, #linenums    0, checksum 98D51049, selection    2 (pick any)
058 00000000 SECT2B notype       Static       | .text$mn
    Section length    B, #relocs    0, #linenums    0, checksum C455396F, selection    2 (pick any)
05A 00000000 SECT2C notype       Static       | .text$mn
    Section length   52, #relocs    2, #linenums    0, checksum 494D6CEE, selection    2 (pick any)
05C 00000000 SECT2D notype       Static       | .text$mn
    Section length   AA, #relocs    5, #linenums    0, checksum 8BD310BA, selection    2 (pick any)
05E 00000000 SECT2E notype       Static       | .text$x
    Section length   4C, #relocs    3, #linenums    0, checksum 77AED705, selection    5 (pick associative Section 0x2D)
060 00000000 SECT2F notype       Static       | .text$mn
    Section length   72, #relocs    5, #linenums    0, checksum A787AFF0, selection    2 (pick any)
062 00000000 SECT30 notype       Static       | .text$mn
    Section length    B, #relocs    0, #linenums    0, checksum C455396F, selection    2 (pick any)
064 00000000 SECT31 notype       Static       | .text$mn
    Section length    B, #relocs    0, #linenums    0, checksum C455396F, selection    2 (pick any)
066 00000000 SECT32 notype       Static       | .text$mn
    Section length   34, #relocs    2, #linenums    0, checksum 9ECFE8E9, selection    2 (pick any)
068 00000000 SECT33 notype       Static       | .text$mn
    Section length   71, #relocs    2, #linenums    0, checksum C994AC2E, selection    2 (pick any)
06A 00000000 SECT34 notype       Static       | .text$x
    Section length   1C, #relocs    1, #linenums    0, checksum CA5043EE, selection    5 (pick associative Section 0x33)
06C 00000000 SECT35 notype       Static       | .text$mn
    Section length   34, #relocs    2, #linenums    0, checksum 9ECFE8E9, selection    2 (pick any)
06E 00000000 SECT36 notype       Static       | .text$mn
    Section length   34, #relocs    2, #linenums    0, checksum 9ECFE8E9, selection    2 (pick any)
070 00000000 SECT37 notype       Static       | .text$mn
    Section length   79, #relocs    2, #linenums    0, checksum C47A1A6A, selection    2 (pick any)
072 00000000 SECT38 notype       Static       | .text$x
    Section length   1C, #relocs    1, #linenums    0, checksum 3B48060D, selection    5 (pick associative Section 0x37)
074 00000000 SECT39 notype       Static       | .text$mn
    Section length   34, #relocs    2, #linenums    0, checksum 9ECFE8E9, selection    2 (pick any)
076 00000000 SECT3A notype       Static       | .text$mn
    Section length   34, #relocs    2, #linenums    0, checksum 9ECFE8E9, selection    2 (pick any)
078 00000000 SECT3B notype       Static       | .text$mn
    Section length   79, #relocs    2, #linenums    0, checksum E3EEEC4C, selection    2 (pick any)
07A 00000000 SECT3C notype       Static       | .text$x
    Section length   1C, #relocs    1, #linenums    0, checksum 3B48060D, selection    5 (pick associative Section 0x3B)
07C 00000000 SECT3D notype       Static       | .text$mn
    Section length   34, #relocs    2, #linenums    0, checksum 9ECFE8E9, selection    2 (pick any)
07E 00000000 SECT3E notype       Static       | .text$mn
    Section length   22, #relocs    1, #linenums    0, checksum 34937416, selection    2 (pick any)
080 00000000 SECT3F notype       Static       | .text$mn
    Section length    B, #relocs    0, #linenums    0, checksum 38087020, selection    2 (pick any)
082 00000000 SECT40 notype       Static       | .text$mn
    Section length   22, #relocs    1, #linenums    0, checksum 34937416, selection    2 (pick any)
084 00000000 SECT41 notype       Static       | .text$mn
    Section length   22, #relocs    1, #linenums    0, checksum 34937416, selection    2 (pick any)
086 00000000 SECT42 notype       Static       | .text$mn
    Section length    B, #relocs    0, #linenums    0, checksum 38087020, selection    2 (pick any)
088 00000000 SECT43 notype       Static       | .text$mn
    Section length   22, #relocs    1, #linenums    0, checksum 34937416, selection    2 (pick any)
08A 00000000 SECT44 notype       Static       | .text$mn
    Section length   22, #relocs    1, #linenums    0, checksum 34937416, selection    2 (pick any)
08C 00000000 SECT45 notype       Static       | .text$mn
    Section length    B, #relocs    0, #linenums    0, checksum 38087020, selection    2 (pick any)
08E 00000000 SECT46 notype       Static       | .text$mn
    Section length   22, #relocs    1, #linenums    0, checksum 34937416, selection    2 (pick any)
090 00000000 SECT47 notype       Static       | .text$mn
    Section length    B, #relocs    0, #linenums    0, checksum C455396F, selection    2 (pick any)
092 00000000 SECT48 notype       Static       | .text$mn
    Section length    B, #relocs    0, #linenums    0, checksum C455396F, selection    2 (pick any)
094 00000000 SECT49 notype       Static       | .text$mn
    Section length    B, #relocs    0, #linenums    0, checksum C455396F, selection    2 (pick any)
096 00000000 SECT4A notype       Static       | .text$mn
    Section length   40, #relocs    3, #linenums    0, checksum 5334CD3F, selection    2 (pick any)
098 00000000 SECT4B notype       Static       | .text$mn
    Section length   4F, #relocs    3, #linenums    0, checksum 33A81345, selection    2 (pick any)
09A 00000000 SECT4C notype       Static       | .text$mn
    Section length   4F, #relocs    3, #linenums    0, checksum 33A81345, selection    2 (pick any)
09C 00000000 SECT4D notype       Static       | .text$mn
    Section length   4F, #relocs    3, #linenums    0, checksum 33A81345, selection    2 (pick any)
09E 00000000 SECT4E notype       Static       | .text$mn
    Section length   4F, #relocs    3, #linenums    0, checksum 33A81345, selection    2 (pick any)
0A0 00000000 SECT4F notype       Static       | .text$mn
    Section length   24, #relocs    0, #linenums    0, checksum 3907F832, selection    2 (pick any)
0A2 00000000 SECT50 notype       Static       | .text$mn
    Section length   24, #relocs    0, #linenums    0, checksum 3907F832, selection    2 (pick any)
0A4 00000000 SECT51 notype       Static       | .text$mn
    Section length   24, #relocs    0, #linenums    0, checksum 3907F832, selection    2 (pick any)
0A6 00000000 SECT52 notype       Static       | .text$mn
    Section length   24, #relocs    0, #linenums    0, checksum 3907F832, selection    2 (pick any)
0A8 00000000 SECT53 notype       Static       | .text$mn
    Section length   3F, #relocs    2, #linenums    0, checksum 285DCDBB, selection    2 (pick any)
0AA 00000000 SECT54 notype       Static       | .text$mn
    Section length   3F, #relocs    2, #linenums    0, checksum 285DCDBB, selection    2 (pick any)
0AC 00000000 SECT55 notype       Static       | .text$mn
    Section length   37, #relocs    2, #linenums    0, checksum E4A35C9B, selection    2 (pick any)
0AE 00000000 SECT56 notype       Static       | .text$x
    Section length   18, #relocs    1, #linenums    0, checksum 4623BED5, selection    5 (pick associative Section 0x55)
0B0 00000000 SECT57 notype       Static       | .text$mn
    Section length   37, #relocs    1, #linenums    0, checksum  DBA2702, selection    2 (pick any)
0B2 00000000 SECT58 notype       Static       | .text$mn
    Section length   2F, #relocs    1, #linenums    0, checksum B959EF18, selection    2 (pick any)
0B4 00000000 SECT59 notype       Static       | .text$mn
    Section length   37, #relocs    2, #linenums    0, checksum E4A35C9B, selection    2 (pick any)
0B6 00000000 SECT5A notype       Static       | .text$x
    Section length   18, #relocs    1, #linenums    0, checksum 4623BED5, selection    5 (pick associative Section 0x59)
0B8 00000000 SECT5B notype       Static       | .text$mn
    Section length   37, #relocs    2, #linenums    0, checksum E4A35C9B, selection    2 (pick any)
0BA 00000000 SECT5C notype       Static       | .text$x
    Section length   18, #relocs    1, #linenums    0, checksum 4623BED5, selection    5 (pick associative Section 0x5B)
0BC 00000000 SECT5D notype       Static       | .text$mn
    Section length   44, #relocs    1, #linenums    0, checksum 427B1920, selection    2 (pick any)
0BE 00000000 SECT5E notype       Static       | .text$mn
    Section length   44, #relocs    1, #linenums    0, checksum 427B1920, selection    2 (pick any)
0C0 00000000 SECT5F notype       Static       | .text$mn
    Section length   1D, #relocs    1, #linenums    0, checksum A11E7418, selection    2 (pick any)
0C2 00000000 SECT60 notype       Static       | .text$mn
    Section length   1D, #relocs    1, #linenums    0, checksum A11E7418, selection    2 (pick any)
0C4 00000000 SECT61 notype       Static       | .text$mn
    Section length   1D, #relocs    1, #linenums    0, checksum A11E7418, selection    2 (pick any)
0C6 00000000 SECT62 notype       Static       | .text$mn
    Section length   1D, #relocs    1, #linenums    0, checksum A11E7418, selection    2 (pick any)
0C8 00000000 SECT63 notype       Static       | .text$mn
    Section length    B, #relocs    0, #linenums    0, checksum C455396F, selection    2 (pick any)
0CA 00000000 SECT64 notype       Static       | .text$mn
    Section length    B, #relocs    0, #linenums    0, checksum C455396F, selection    2 (pick any)
0CC 00000000 SECT65 notype       Static       | .text$mn
    Section length   10, #relocs    0, #linenums    0, checksum E0B53F17, selection    2 (pick any)
0CE 00000000 SECT66 notype       Static       | .text$mn
    Section length    B, #relocs    0, #linenums    0, checksum C455396F, selection    2 (pick any)
0D0 00000000 SECT67 notype       Static       | .text$mn
    Section length    B, #relocs    0, #linenums    0, checksum C455396F, selection    2 (pick any)
0D2 00000000 SECT68 notype       Static       | .text$mn
    Section length   58, #relocs    4, #linenums    0, checksum D6DD6782, selection    2 (pick any)
0D4 00000000 SECT69 notype       Static       | .text$x
    Section length   18, #relocs    1, #linenums    0, checksum 4623BED5, selection    5 (pick associative Section 0x68)
0D6 00000000 SECT6A notype       Static       | .text$mn
    Section length    B, #relocs    0, #linenums    0, checksum C455396F, selection    2 (pick any)
0D8 00000000 SECT6B notype       Static       | .text$mn
    Section length   32, #relocs    1, #linenums    0, checksum 6744497A, selection    2 (pick any)
0DA 00000000 SECT6C notype       Static       | .text$mn
    Section length   31, #relocs    2, #linenums    0, checksum 5B862D82, selection    2 (pick any)
0DC 00000000 SECT6D notype       Static       | .text$mn
    Section length   31, #relocs    2, #linenums    0, checksum 5B862D82, selection    2 (pick any)
0DE 00000000 SECT6E notype       Static       | .text$mn
    Section length   1D, #relocs    1, #linenums    0, checksum A11E7418, selection    2 (pick any)
0E0 00000000 SECT6F notype       Static       | .text$mn
    Section length   31, #relocs    2, #linenums    0, checksum 5B862D82, selection    2 (pick any)
0E2 00000000 SECT70 notype       Static       | .text$mn
    Section length   1D, #relocs    1, #linenums    0, checksum A11E7418, selection    2 (pick any)
0E4 00000000 SECT71 notype       Static       | .text$mn
    Section length   31, #relocs    2, #linenums    0, checksum 5B862D82, selection    2 (pick any)
0E6 00000000 SECT72 notype       Static       | .text$mn
    Section length   1D, #relocs    1, #linenums    0, checksum A11E7418, selection    2 (pick any)
0E8 00000000 SECT73 notype       Static       | .text$mn
    Section length   27, #relocs    1, #linenums    0, checksum AD3E8FD7, selection    2 (pick any)
0EA 00000000 SECT74 notype       Static       | .text$mn
    Section length   2A, #relocs    2, #linenums    0, checksum E2FAD6C7, selection    2 (pick any)
0EC 00000000 SECT75 notype       Static       | .text$mn
    Section length   2A, #relocs    2, #linenums    0, checksum E2FAD6C7, selection    2 (pick any)
0EE 00000000 SECT76 notype       Static       | .text$mn
    Section length   30, #relocs    0, #linenums    0, checksum 41FA5B34, selection    2 (pick any)
0F0 00000000 SECT77 notype       Static       | .text$mn
    Section length   5B, #relocs    5, #linenums    0, checksum C5EFFF53, selection    2 (pick any)
0F2 00000000 SECT78 notype       Static       | .text$mn
    Section length   72, #relocs    1, #linenums    0, checksum 44B57258, selection    2 (pick any)
0F4 00000000 SECT79 notype       Static       | .text$mn
    Section length   65, #relocs    3, #linenums    0, checksum F39E9C87, selection    2 (pick any)
0F6 00000000 SECT7A notype       Static       | .text$mn
    Section length   3E, #relocs    0, #linenums    0, checksum 34B727E9, selection    2 (pick any)
0F8 00000000 SECT7B notype       Static       | .text$mn
    Section length  181, #relocs    9, #linenums    0, checksum 8D3E2066, selection    2 (pick any)
0FA 00000000 SECT7C notype       Static       | .text$x
    Section length   50, #relocs    3, #linenums    0, checksum 490CC586, selection    5 (pick associative Section 0x7B)
0FC 00000000 SECT7D notype       Static       | .text$mn
    Section length   CE, #relocs    3, #linenums    0, checksum 3EE9D42B, selection    2 (pick any)
0FE 00000000 SECT7E notype       Static       | .text$x
    Section length   38, #relocs    2, #linenums    0, checksum 7F9D09BE, selection    5 (pick associative Section 0x7D)
100 00000000 SECT7F notype       Static       | .text$mn
    Section length   17, #relocs    0, #linenums    0, checksum 14D30355, selection    2 (pick any)
102 00000000 SECT80 notype       Static       | .text$mn
    Section length   24, #relocs    0, #linenums    0, checksum 3907F832, selection    2 (pick any)
104 00000000 SECT81 notype       Static       | .text$mn
    Section length   2C, #relocs    2, #linenums    0, checksum 3B1287E9, selection    2 (pick any)
106 00000000 SECT82 notype       Static       | .text$mn
    Section length    B, #relocs    0, #linenums    0, checksum C455396F, selection    2 (pick any)
108 00000000 SECT83 notype       Static       | .text$mn
    Section length   2C, #relocs    2, #linenums    0, checksum 3B1287E9, selection    2 (pick any)
10A 00000000 SECT84 notype       Static       | .text$mn
    Section length   2A, #relocs    1, #linenums    0, checksum 31AC92D7, selection    2 (pick any)
10C 00000000 SECT85 notype       Static       | .text$mn
    Section length   4E, #relocs    3, #linenums    0, checksum C13DADBE, selection    2 (pick any)
10E 00000000 SECT86 notype       Static       | .text$mn
    Section length   2C, #relocs    2, #linenums    0, checksum 3B1287E9, selection    2 (pick any)
110 00000000 SECT87 notype       Static       | .text$mn
    Section length   1A, #relocs    1, #linenums    0, checksum 890E2E7D, selection    2 (pick any)
112 00000000 SECT88 notype       Static       | .text$mn
    Section length   2D, #relocs    0, #linenums    0, checksum 3801AFA1, selection    2 (pick any)
114 00000000 SECT89 notype       Static       | .text$mn
    Section length   1D, #relocs    0, #linenums    0, checksum C7F75F6F, selection    2 (pick any)
116 00000000 SECT8A notype       Static       | .text$mn
    Section length   36, #relocs    2, #linenums    0, checksum 7BB6AE8C, selection    2 (pick any)
118 00000000 SECT8B notype       Static       | .text$mn
    Section length   36, #relocs    2, #linenums    0, checksum 7BB6AE8C, selection    2 (pick any)
11A 00000000 SECT8C notype       Static       | .text$mn
    Section length   36, #relocs    2, #linenums    0, checksum 7BB6AE8C, selection    2 (pick any)
11C 00000000 SECT8D notype       Static       | .text$mn
    Section length   36, #relocs    2, #linenums    0, checksum  7F1913B, selection    2 (pick any)
11E 00000000 SECT8E notype       Static       | .text$mn
    Section length   1F, #relocs    1, #linenums    0, checksum 90100386, selection    2 (pick any)
120 00000000 SECT8F notype       Static       | .text$mn
    Section length   36, #relocs    2, #linenums    0, checksum 7BB6AE8C, selection    2 (pick any)
122 00000000 SECT90 notype       Static       | .text$mn
    Section length   36, #relocs    2, #linenums    0, checksum  7F1913B, selection    2 (pick any)
124 00000000 SECT91 notype       Static       | .text$mn
    Section length   18, #relocs    1, #linenums    0, checksum CC4F429E, selection    2 (pick any)
126 00000000 SECT92 notype       Static       | .text$mn
    Section length   18, #relocs    1, #linenums    0, checksum CC4F429E, selection    2 (pick any)
128 00000000 SECT93 notype       Static       | .text$mn
    Section length   22, #relocs    2, #linenums    0, checksum 72D15621, selection    2 (pick any)
12A 00000000 SECT94 notype       Static       | .text$mn
    Section length   18, #relocs    1, #linenums    0, checksum CC4F429E, selection    2 (pick any)
12C 00000000 SECT95 notype       Static       | .text$mn
    Section length   22, #relocs    2, #linenums    0, checksum 72D15621, selection    2 (pick any)
12E 00000000 SECT96 notype       Static       | .text$mn
    Section length   22, #relocs    2, #linenums    0, checksum 72D15621, selection    2 (pick any)
130 00000000 SECT97 notype       Static       | .text$mn
    Section length   18, #relocs    1, #linenums    0, checksum CC4F429E, selection    2 (pick any)
132 00000000 SECT98 notype       Static       | .text$mn
    Section length   18, #relocs    1, #linenums    0, checksum CC4F429E, selection    2 (pick any)
134 00000000 SECT99 notype       Static       | .text$mn
    Section length   1B, #relocs    1, #linenums    0, checksum 3E4A2BEA, selection    2 (pick any)
136 00000000 SECT9A notype       Static       | .text$mn
    Section length   18, #relocs    1, #linenums    0, checksum CC4F429E, selection    2 (pick any)
138 00000000 SECT9B notype       Static       | .text$mn
    Section length   18, #relocs    1, #linenums    0, checksum CC4F429E, selection    2 (pick any)
13A 00000000 SECT9C notype       Static       | .text$mn
    Section length   18, #relocs    1, #linenums    0, checksum CC4F429E, selection    2 (pick any)
13C 00000000 SECT9D notype       Static       | .text$mn
    Section length   18, #relocs    1, #linenums    0, checksum CC4F429E, selection    2 (pick any)
13E 00000000 SECT9E notype       Static       | .text$mn
    Section length   33, #relocs    2, #linenums    0, checksum DAE076D8, selection    2 (pick any)
140 00000000 SECT9F notype       Static       | .text$mn
    Section length   22, #relocs    2, #linenums    0, checksum 72D15621, selection    2 (pick any)
142 00000000 SECTA0 notype       Static       | .text$mn
    Section length   22, #relocs    2, #linenums    0, checksum 72D15621, selection    2 (pick any)
144 00000000 SECTA1 notype       Static       | .text$mn
    Section length   1C, #relocs    1, #linenums    0, checksum 62B97B0F, selection    2 (pick any)
146 00000000 SECTA2 notype       Static       | .text$mn
    Section length   1B, #relocs    1, #linenums    0, checksum 9FE3079A, selection    2 (pick any)
148 00000000 SECTA3 notype       Static       | .text$mn
    Section length   30, #relocs    2, #linenums    0, checksum B7060A0B, selection    2 (pick any)
14A 00000000 SECTA4 notype       Static       | .text$mn
    Section length   A3, #relocs    8, #linenums    0, checksum 8F0A3F85, selection    2 (pick any)
14C 00000000 SECTA5 notype       Static       | .text$x
    Section length   38, #relocs    2, #linenums    0, checksum 15177EF6, selection    5 (pick associative Section 0xA4)
14E 00000000 SECTA6 notype       Static       | .text$mn
    Section length   41, #relocs    3, #linenums    0, checksum 99FFB8D5, selection    2 (pick any)
150 00000000 SECTA7 notype       Static       | .text$mn
    Section length   18, #relocs    1, #linenums    0, checksum CC4F429E, selection    2 (pick any)
152 00000000 SECTA8 notype       Static       | .text$mn
    Section length   18, #relocs    1, #linenums    0, checksum CC4F429E, selection    2 (pick any)
154 00000000 SECTA9 notype       Static       | .text$mn
    Section length   18, #relocs    1, #linenums    0, checksum CC4F429E, selection    2 (pick any)
156 00000000 SECTAA notype       Static       | .text$mn
    Section length   1B, #relocs    1, #linenums    0, checksum 9FE3079A, selection    2 (pick any)
158 00000000 SECTAB notype       Static       | .text$mn
    Section length   15, #relocs    1, #linenums    0, checksum 4B6EF1AC, selection    2 (pick any)
15A 00000000 SECTAC notype       Static       | .text$mn
    Section length   18, #relocs    1, #linenums    0, checksum CC4F429E, selection    2 (pick any)
15C 00000000 SECTAD notype       Static       | .text$mn
    Section length   15, #relocs    1, #linenums    0, checksum 4B6EF1AC, selection    2 (pick any)
15E 00000000 SECTAE notype       Static       | .text$mn
    Section length   18, #relocs    1, #linenums    0, checksum CC4F429E, selection    2 (pick any)
160 00000000 SECTAF notype       Static       | .text$mn
    Section length   18, #relocs    1, #linenums    0, checksum CC4F429E, selection    2 (pick any)
162 00000000 SECTB0 notype       Static       | .text$mn
    Section length   18, #relocs    1, #linenums    0, checksum CC4F429E, selection    2 (pick any)
164 00000000 SECTB1 notype       Static       | .text$mn
    Section length   18, #relocs    1, #linenums    0, checksum CC4F429E, selection    2 (pick any)
166 00000000 SECTB2 notype       Static       | .text$mn
    Section length   10, #relocs    0, #linenums    0, checksum 62AEA74E, selection    2 (pick any)
168 00000000 SECTB3 notype       Static       | .text$mn
    Section length    B, #relocs    0, #linenums    0, checksum 38087020, selection    2 (pick any)
16A 00000000 SECTB4 notype       Static       | .text$mn
    Section length   3E, #relocs    3, #linenums    0, checksum 6785F23C, selection    2 (pick any)
16C 00000000 SECTB5 notype       Static       | .text$mn
    Section length   3E, #relocs    3, #linenums    0, checksum 6785F23C, selection    2 (pick any)
16E 00000000 SECTB6 notype       Static       | .text$mn
    Section length  326, #relocs   19, #linenums    0, checksum F877EA17, selection    2 (pick any)
170 00000000 SECTB7 notype       Static       | .text$x
    Section length   31, #relocs    3, #linenums    0, checksum 454C9F7B, selection    5 (pick associative Section 0xB6)
172 00000000 SECTB8 notype       Static       | .text$mn
    Section length   33, #relocs    0, #linenums    0, checksum CB5D4F24, selection    2 (pick any)
174 00000000 SECTB9 notype       Static       | .text$mn
    Section length   7A, #relocs    5, #linenums    0, checksum 24B4FC17, selection    2 (pick any)
176 00000000 SECTBA notype       Static       | .text$mn
    Section length   34, #relocs    1, #linenums    0, checksum AA152FF4, selection    2 (pick any)
178 00000000 SECTBB notype       Static       | .text$mn
    Section length   34, #relocs    1, #linenums    0, checksum AA152FF4, selection    2 (pick any)
17A 00000000 SECTBC notype       Static       | .text$mn
    Section length   18, #relocs    1, #linenums    0, checksum CC4F429E, selection    2 (pick any)
17C 00000000 SECTBD notype       Static       | .text$mn
    Section length   20, #relocs    2, #linenums    0, checksum 906FA384, selection    2 (pick any)
17E 00000000 SECTBE notype       Static       | .text$mn
    Section length    E, #relocs    0, #linenums    0, checksum 835BF249, selection    2 (pick any)
180 00000000 SECTBF notype       Static       | .text$mn
    Section length   4E, #relocs    1, #linenums    0, checksum  13467F9, selection    2 (pick any)
182 00000000 SECTC0 notype       Static       | .text$mn
    Section length   36, #relocs    2, #linenums    0, checksum A2D70AB0, selection    2 (pick any)
184 00000000 SECTC1 notype       Static       | .text$mn
    Section length   36, #relocs    2, #linenums    0, checksum A2D70AB0, selection    2 (pick any)
186 00000000 SECTC2 notype       Static       | .text$mn
    Section length   36, #relocs    2, #linenums    0, checksum A2D70AB0, selection    2 (pick any)
188 00000000 SECTC3 notype       Static       | .text$mn
    Section length   36, #relocs    2, #linenums    0, checksum A2D70AB0, selection    2 (pick any)
18A 00000000 SECTC4 notype       Static       | .text$mn
    Section length   36, #relocs    2, #linenums    0, checksum A2D70AB0, selection    2 (pick any)
18C 00000000 SECTC5 notype       Static       | .text$mn
    Section length   36, #relocs    2, #linenums    0, checksum A2D70AB0, selection    2 (pick any)
18E 00000000 SECTC6 notype       Static       | .text$mn
    Section length   36, #relocs    2, #linenums    0, checksum A2D70AB0, selection    2 (pick any)
190 00000000 SECTC7 notype       Static       | .text$mn
    Section length   36, #relocs    2, #linenums    0, checksum A2D70AB0, selection    2 (pick any)
192 00000000 SECTC8 notype       Static       | .text$mn
    Section length   36, #relocs    2, #linenums    0, checksum A2D70AB0, selection    2 (pick any)
194 00000000 SECTC9 notype       Static       | .text$mn
    Section length   36, #relocs    2, #linenums    0, checksum A2D70AB0, selection    2 (pick any)
196 00000000 SECTCA notype       Static       | .text$mn
    Section length   36, #relocs    2, #linenums    0, checksum A2D70AB0, selection    2 (pick any)
198 00000000 SECTCB notype       Static       | .text$mn
    Section length   36, #relocs    2, #linenums    0, checksum A2D70AB0, selection    2 (pick any)
19A 00000000 SECTCC notype       Static       | .text$mn
    Section length   36, #relocs    2, #linenums    0, checksum A2D70AB0, selection    2 (pick any)
19C 00000000 SECTCD notype       Static       | .text$mn
    Section length   36, #relocs    2, #linenums    0, checksum A2D70AB0, selection    2 (pick any)
19E 00000000 SECTCE notype       Static       | .text$di
    Section length   21, #relocs    4, #linenums    0, checksum  4187D94, selection    2 (pick any)
1A0 00000000 SECTCF notype       Static       | .text$di
    Section length   21, #relocs    4, #linenums    0, checksum  4187D94, selection    2 (pick any)
1A2 00000000 SECTD0 notype       Static       | .text$di
    Section length   21, #relocs    4, #linenums    0, checksum  4187D94, selection    2 (pick any)
1A4 00000000 SECTD1 notype       Static       | .text$di
    Section length   17, #relocs    2, #linenums    0, checksum 53721185, selection    2 (pick any)
1A6 00000000 SECTD2 notype       Static       | .text$di
    Section length   17, #relocs    2, #linenums    0, checksum 53721185, selection    2 (pick any)
1A8 00000000 SECTD3 notype       Static       | .text$di
    Section length   17, #relocs    2, #linenums    0, checksum 53721185, selection    2 (pick any)
1AA 00000000 SECTD4 notype       Static       | .text$di
    Section length   17, #relocs    2, #linenums    0, checksum 53721185, selection    2 (pick any)
1AC 00000000 SECTD5 notype       Static       | .text$di
    Section length   1C, #relocs    0, #linenums    0, checksum A6B9D72B, selection    2 (pick any)
1AE 00000000 SECTD6 notype       Static       | .text$di
    Section length   1C, #relocs    0, #linenums    0, checksum A6B9D72B, selection    2 (pick any)
1B0 00000000 SECTD7 notype       Static       | .text$di
    Section length   15, #relocs    2, #linenums    0, checksum 262BBE79, selection    2 (pick any)
1B2 00000000 SECTD8 notype       Static       | .text$di
    Section length   1C, #relocs    0, #linenums    0, checksum A6B9D72B, selection    2 (pick any)
1B4 00000000 SECTD9 notype       Static       | .text$yd
    Section length   15, #relocs    2, #linenums    0, checksum 262BBE79, selection    2 (pick any)
1B6 00000000 SECTDA notype       Static       | .text$yd
    Section length   15, #relocs    2, #linenums    0, checksum 262BBE79, selection    2 (pick any)
1B8 00000000 SECTDB notype       Static       | .text$yd
    Section length   15, #relocs    2, #linenums    0, checksum 262BBE79, selection    2 (pick any)
1BA 00000000 SECTDC notype       Static       | .text$mn
    Section length   5E, #relocs    4, #linenums    0, checksum 96241ADD, selection    2 (pick any)
1BC 00000000 SECTDD notype       Static       | .text$mn
    Section length   5E, #relocs    4, #linenums    0, checksum 96241ADD, selection    2 (pick any)
1BE 00000000 SECTDE notype       Static       | .text$mn
    Section length   5E, #relocs    4, #linenums    0, checksum 96241ADD, selection    2 (pick any)
1C0 00000000 SECTDF notype       Static       | .text$mn
    Section length   B6, #relocs    4, #linenums    0, checksum F9A3F139, selection    2 (pick any)
1C2 00000000 SECTE0 notype       Static       | .text$mn
    Section length    B, #relocs    0, #linenums    0, checksum 38087020, selection    2 (pick any)
1C4 00000000 SECTE1 notype       Static       | .text$mn
    Section length   21, #relocs    1, #linenums    0, checksum 4060EF59, selection    2 (pick any)
1C6 00000000 SECTE2 notype       Static       | .text$mn
    Section length  1E7, #relocs    B, #linenums    0, checksum AFB44E94, selection    2 (pick any)
1C8 00000000 SECTE3 notype       Static       | .text$x
    Section length   91, #relocs    6, #linenums    0, checksum CC1782F3, selection    5 (pick associative Section 0xE2)
1CA 00000000 SECTE4 notype       Static       | .text$mn
    Section length   28, #relocs    1, #linenums    0, checksum F5EB9E3B, selection    2 (pick any)
1CC 00000000 SECTE5 notype       Static       | .text$mn
    Section length   28, #relocs    1, #linenums    0, checksum F5EB9E3B, selection    2 (pick any)
1CE 00000000 SECTE6 notype       Static       | .text$mn
    Section length   28, #relocs    1, #linenums    0, checksum F5EB9E3B, selection    2 (pick any)
1D0 00000000 SECTE7 notype       Static       | .text$mn
    Section length   28, #relocs    1, #linenums    0, checksum F5EB9E3B, selection    2 (pick any)
1D2 00000000 SECTE8 notype       Static       | .text$mn
    Section length   41, #relocs    1, #linenums    0, checksum F0070B9A, selection    2 (pick any)
1D4 00000000 SECTE9 notype       Static       | .text$mn
    Section length   38, #relocs    0, #linenums    0, checksum E9A76041, selection    2 (pick any)
1D6 00000000 SECTEA notype       Static       | .text$mn
    Section length   4F, #relocs    0, #linenums    0, checksum 3E49136A, selection    2 (pick any)
1D8 00000000 SECTEB notype       Static       | .text$mn
    Section length   4F, #relocs    0, #linenums    0, checksum 3E49136A, selection    2 (pick any)
1DA 00000000 SECTEC notype       Static       | .text$mn
    Section length   4D, #relocs    1, #linenums    0, checksum FA51439C, selection    2 (pick any)
1DC 00000000 SECTED notype       Static       | .text$mn
    Section length   4D, #relocs    1, #linenums    0, checksum FA51439C, selection    2 (pick any)
1DE 00000000 SECTEE notype       Static       | .text$mn
    Section length   3B, #relocs    2, #linenums    0, checksum 9E6DBEE7, selection    2 (pick any)
1E0 00000000 SECTEF notype       Static       | .text$mn
    Section length   3B, #relocs    2, #linenums    0, checksum 9E6DBEE7, selection    2 (pick any)
1E2 00000000 SECTF0 notype       Static       | .text$mn
    Section length    B, #relocs    0, #linenums    0, checksum 38087020, selection    2 (pick any)
1E4 00000000 SECTF1 notype       Static       | .text$mn
    Section length   42, #relocs    2, #linenums    0, checksum E09F9D7A, selection    2 (pick any)
1E6 00000000 SECTF2 notype       Static       | .text$mn
    Section length   58, #relocs    4, #linenums    0, checksum 5DDCAC40, selection    2 (pick any)
1E8 00000000 SECTF3 notype       Static       | .text$mn
    Section length   58, #relocs    4, #linenums    0, checksum 5DDCAC40, selection    2 (pick any)
1EA 00000000 SECTF4 notype       Static       | .text$mn
    Section length   58, #relocs    4, #linenums    0, checksum 5DDCAC40, selection    2 (pick any)
1EC 00000000 SECTF5 notype       Static       | .text$mn
    Section length    E, #relocs    0, #linenums    0, checksum 835BF249, selection    2 (pick any)
1EE 00000000 SECTF6 notype       Static       | .text$mn
    Section length    E, #relocs    0, #linenums    0, checksum 835BF249, selection    2 (pick any)
1F0 00000000 SECTF7 notype       Static       | .text$mn
    Section length    D, #relocs    0, #linenums    0, checksum B9D25A02, selection    2 (pick any)
1F2 00000000 SECTF8 notype       Static       | .text$mn
    Section length   22, #relocs    1, #linenums    0, checksum 2056DFF8, selection    2 (pick any)
1F4 00000000 SECTF9 notype       Static       | .text$mn
    Section length   22, #relocs    1, #linenums    0, checksum 2056DFF8, selection    2 (pick any)
1F6 00000000 SECTFA notype       Static       | .text$mn
    Section length   22, #relocs    1, #linenums    0, checksum 2056DFF8, selection    2 (pick any)
1F8 00000000 SECTFB notype       Static       | .text$mn
    Section length   DE, #relocs    5, #linenums    0, checksum D4BE59DC, selection    2 (pick any)
1FA 00000000 SECTFC notype       Static       | .text$mn
    Section length   12, #relocs    0, #linenums    0, checksum FBF3DE55, selection    2 (pick any)
1FC 00000000 SECTFD notype       Static       | .text$mn
    Section length   15, #relocs    0, #linenums    0, checksum 829760E4, selection    2 (pick any)
1FE 00000000 SECTFE notype       Static       | .text$mn
    Section length   4E, #relocs    2, #linenums    0, checksum 16D44D0E, selection    2 (pick any)
200 00000000 SECTFF notype       Static       | .text$mn
    Section length   27, #relocs    2, #linenums    0, checksum A9905BF9, selection    2 (pick any)
202 00000000 SECT100 notype       Static      | .text$mn
    Section length   1F, #relocs    2, #linenums    0, checksum  F94263B, selection    2 (pick any)
204 00000000 SECT101 notype       Static      | .text$mn
    Section length   1F, #relocs    2, #linenums    0, checksum  F94263B, selection    2 (pick any)
206 00000000 SECT102 notype       Static      | .text$mn
    Section length   42, #relocs    1, #linenums    0, checksum  6E2DAC5, selection    2 (pick any)
208 00000000 SECT103 notype       Static      | .text$mn
    Section length   42, #relocs    1, #linenums    0, checksum  6E2DAC5, selection    2 (pick any)
20A 00000000 SECT104 notype       Static      | .text$mn
    Section length   85, #relocs    2, #linenums    0, checksum 699017D3, selection    2 (pick any)
20C 00000000 SECT105 notype       Static      | .text$mn
    Section length   4D, #relocs    1, #linenums    0, checksum 3B0DB341, selection    2 (pick any)
20E 00000000 SECT106 notype       Static      | .text$mn
    Section length   4D, #relocs    1, #linenums    0, checksum 3B0DB341, selection    2 (pick any)
210 00000000 SECT107 notype       Static      | .text$mn
    Section length   4D, #relocs    1, #linenums    0, checksum 3B0DB341, selection    2 (pick any)
212 00000000 SECT108 notype       Static      | .text$mn
    Section length   4D, #relocs    1, #linenums    0, checksum 3B0DB341, selection    2 (pick any)
214 00000000 SECT109 notype       Static      | .text$mn
    Section length   3E, #relocs    2, #linenums    0, checksum FB547B5D, selection    2 (pick any)
216 00000000 SECT10A notype       Static      | .text$mn
    Section length   3E, #relocs    2, #linenums    0, checksum FB547B5D, selection    2 (pick any)
218 00000000 SECT10B notype       Static      | .text$mn
    Section length   3E, #relocs    2, #linenums    0, checksum FB547B5D, selection    2 (pick any)
21A 00000000 SECT10C notype       Static      | .text$mn
    Section length   3E, #relocs    2, #linenums    0, checksum FB547B5D, selection    2 (pick any)
21C 00000000 SECT10D notype       Static      | .text$mn
    Section length   3F, #relocs    2, #linenums    0, checksum 99E61C86, selection    2 (pick any)
21E 00000000 SECT10E notype       Static      | .text$mn
    Section length   3F, #relocs    2, #linenums    0, checksum 99E61C86, selection    2 (pick any)
220 00000000 SECT10F notype       Static      | .text$mn
    Section length   3F, #relocs    2, #linenums    0, checksum 99E61C86, selection    2 (pick any)
222 00000000 SECT110 notype       Static      | .text$mn
    Section length   E9, #relocs    7, #linenums    0, checksum 7EE34D16, selection    2 (pick any)
224 00000000 SECT111 notype       Static      | .text$mn
    Section length   AD, #relocs    4, #linenums    0, checksum D3C3DB05, selection    2 (pick any)
226 00000000 SECT112 notype       Static      | .text$mn
    Section length   B7, #relocs    4, #linenums    0, checksum 54D62686, selection    2 (pick any)
228 00000000 SECT113 notype       Static      | .text$mn
    Section length   1A, #relocs    2, #linenums    0, checksum B55F15B3, selection    2 (pick any)
22A 00000000 SECT114 notype       Static      | .text$mn
    Section length   1A, #relocs    2, #linenums    0, checksum B55F15B3, selection    2 (pick any)
22C 00000000 SECT115 notype       Static      | .text$mn
    Section length   1A, #relocs    2, #linenums    0, checksum B55F15B3, selection    2 (pick any)
22E 00000000 SECT116 notype       Static      | .text$mn
    Section length    F, #relocs    0, #linenums    0, checksum 271865D5, selection    2 (pick any)
230 00000000 SECT117 notype       Static      | .text$mn
    Section length   22, #relocs    1, #linenums    0, checksum 34937416, selection    2 (pick any)
232 00000000 SECT118 notype       Static      | .text$mn
    Section length   22, #relocs    1, #linenums    0, checksum 34937416, selection    2 (pick any)
234 00000000 SECT119 notype       Static      | .text$mn
    Section length   22, #relocs    1, #linenums    0, checksum 34937416, selection    2 (pick any)
236 00000000 SECT11A notype       Static      | .text$mn
    Section length   1F, #relocs    1, #linenums    0, checksum 3DF551A0, selection    2 (pick any)
238 00000000 SECT11B notype       Static      | .text$mn
    Section length   1F, #relocs    1, #linenums    0, checksum 3DF551A0, selection    2 (pick any)
23A 00000000 SECT11C notype       Static      | .text$mn
    Section length   1F, #relocs    1, #linenums    0, checksum 3DF551A0, selection    2 (pick any)
23C 00000000 SECT11D notype       Static      | .text$mn
    Section length   FE, #relocs    A, #linenums    0, checksum 2000A77E, selection    2 (pick any)
23E 00000000 SECT11E notype       Static      | .text$mn
    Section length   46, #relocs    4, #linenums    0, checksum 355F0115, selection    2 (pick any)
240 00000000 SECT11F notype       Static      | .text$mn
    Section length   C4, #relocs    9, #linenums    0, checksum CC83B6E5, selection    2 (pick any)
242 00000000 SECT120 notype       Static      | .text$mn
    Section length   1A, #relocs    0, #linenums    0, checksum F766F8CB, selection    2 (pick any)
244 00000000 SECT121 notype       Static      | .text$mn
    Section length   25, #relocs    0, #linenums    0, checksum  368574A, selection    2 (pick any)
246 00000000 SECT122 notype       Static      | .text$mn
    Section length    F, #relocs    0, #linenums    0, checksum 557AB289, selection    2 (pick any)
248 00000000 SECT123 notype       Static      | .text$mn
    Section length    F, #relocs    0, #linenums    0, checksum 557AB289, selection    2 (pick any)
24A 00000000 SECT124 notype       Static      | .text$mn
    Section length   46, #relocs    2, #linenums    0, checksum D811D2C0, selection    2 (pick any)
24C 00000000 SECT125 notype       Static      | .text$mn
    Section length    E, #relocs    0, #linenums    0, checksum  83B1D5C, selection    2 (pick any)
24E 00000000 SECT126 notype       Static      | .text$mn
    Section length   74, #relocs    7, #linenums    0, checksum E9B02B08, selection    2 (pick any)
250 00000000 SECT127 notype       Static      | .text$mn
    Section length   4A, #relocs    1, #linenums    0, checksum 56634447, selection    2 (pick any)
252 00000000 SECT128 notype       Static      | .text$mn
    Section length    F, #relocs    0, #linenums    0, checksum 557AB289, selection    2 (pick any)
254 00000000 SECT129 notype       Static      | .text$mn
    Section length   2C, #relocs    1, #linenums    0, checksum B39E14AB, selection    2 (pick any)
256 00000000 SECT12A notype       Static      | .text$mn
    Section length   2C, #relocs    1, #linenums    0, checksum B39E14AB, selection    2 (pick any)
258 00000000 SECT12B notype       Static      | .text$mn
    Section length   2C, #relocs    1, #linenums    0, checksum B39E14AB, selection    2 (pick any)
25A 00000000 SECT12C notype       Static      | .text$mn
    Section length   2C, #relocs    1, #linenums    0, checksum B39E14AB, selection    2 (pick any)
25C 00000000 SECT12D notype       Static      | .text$mn
    Section length   22, #relocs    1, #linenums    0, checksum B1EB2B2D, selection    2 (pick any)
25E 00000000 SECT12E notype       Static      | .text$mn
    Section length   22, #relocs    1, #linenums    0, checksum B1EB2B2D, selection    2 (pick any)
260 00000000 SECT12F notype       Static      | .text$mn
    Section length   22, #relocs    1, #linenums    0, checksum B1EB2B2D, selection    2 (pick any)
262 00000000 SECT130 notype       Static      | .text$mn
    Section length   22, #relocs    1, #linenums    0, checksum B1EB2B2D, selection    2 (pick any)
264 00000000 SECT131 notype       Static      | .text$mn
    Section length   60, #relocs    5, #linenums    0, checksum 26652130, selection    2 (pick any)
266 00000000 SECT132 notype       Static      | .text$mn
    Section length   30, #relocs    1, #linenums    0, checksum AC0F2A1C, selection    2 (pick any)
268 00000000 SECT133 notype       Static      | .text$mn
    Section length   36, #relocs    0, #linenums    0, checksum 8E3CE2B8, selection    2 (pick any)
26A 00000000 SECT134 notype       Static      | .text$mn
    Section length   36, #relocs    0, #linenums    0, checksum 8E3CE2B8, selection    2 (pick any)
26C 00000000 SECT135 notype       Static      | .text$mn
    Section length   1A, #relocs    1, #linenums    0, checksum A4B05FC6, selection    2 (pick any)
26E 00000000 SECT136 notype       Static      | .text$mn
    Section length   5D, #relocs    3, #linenums    0, checksum F2EC74DB, selection    2 (pick any)
270 00000000 SECT137 notype       Static      | .text$mn
    Section length   3E, #relocs    1, #linenums    0, checksum 9C51CE1C, selection    2 (pick any)
272 00000000 SECT138 notype       Static      | .text$mn
    Section length   D1, #relocs    5, #linenums    0, checksum 4904DDEE, selection    2 (pick any)
274 00000000 SECT139 notype       Static      | .text$mn
    Section length   41, #relocs    2, #linenums    0, checksum 572A8416, selection    2 (pick any)
276 00000000 SECT13A notype       Static      | .text$mn
    Section length    8, #relocs    1, #linenums    0, checksum 411950D3, selection    2 (pick any)
278 00000000 SECT13B notype       Static      | .text$mn
    Section length    E, #relocs    0, #linenums    0, checksum 835BF249, selection    2 (pick any)
27A 00000000 SECT13C notype       Static      | .text$mn
    Section length    B, #relocs    0, #linenums    0, checksum C455396F, selection    2 (pick any)
27C 00000000 SECT13D notype       Static      | .text$mn
    Section length   46, #relocs    0, #linenums    0, checksum F2B995CD, selection    2 (pick any)
27E 00000000 SECT13E notype       Static      | .text$mn
    Section length   39, #relocs    1, #linenums    0, checksum 4EC8004A, selection    2 (pick any)
280 00000000 SECT13F notype       Static      | .text$mn
    Section length   1B, #relocs    1, #linenums    0, checksum 9FE3079A, selection    2 (pick any)
282 00000000 SECT140 notype       Static      | .text$mn
    Section length   18, #relocs    1, #linenums    0, checksum CC4F429E, selection    2 (pick any)
284 00000000 SECT141 notype       Static      | .text$mn
    Section length   18, #relocs    1, #linenums    0, checksum CC4F429E, selection    2 (pick any)
286 00000000 SECT142 notype       Static      | .text$mn
    Section length    D, #relocs    0, #linenums    0, checksum E246602C, selection    2 (pick any)
288 00000000 SECT143 notype       Static      | .text$mn
    Section length   10, #relocs    0, #linenums    0, checksum D1970CE6, selection    2 (pick any)
28A 00000000 SECT144 notype       Static      | .text$mn
    Section length   18, #relocs    1, #linenums    0, checksum CC4F429E, selection    2 (pick any)
28C 00000000 SECT145 notype       Static      | .text$mn
    Section length   18, #relocs    1, #linenums    0, checksum CC4F429E, selection    2 (pick any)
28E 00000000 SECT146 notype       Static      | .text$mn
    Section length   4F, #relocs    2, #linenums    0, checksum 86742674, selection    2 (pick any)
290 00000000 SECT147 notype       Static      | .text$mn
    Section length   25, #relocs    2, #linenums    0, checksum 2BE4DB33, selection    2 (pick any)
292 00000000 SECT148 notype       Static      | .text$mn
    Section length   6D, #relocs    3, #linenums    0, checksum A9E4392C, selection    2 (pick any)
294 00000000 SECT149 notype       Static      | .text$mn
    Section length   70, #relocs    3, #linenums    0, checksum D3B219B2, selection    2 (pick any)
296 00000000 SECT14A notype       Static      | .text$mn
    Section length   6D, #relocs    3, #linenums    0, checksum A9E4392C, selection    2 (pick any)
298 00000000 SECT14B notype       Static      | .text$mn
    Section length   4A, #relocs    1, #linenums    0, checksum 56634447, selection    2 (pick any)
29A 00000000 SECT14C notype       Static      | .text$mn
    Section length    D, #relocs    1, #linenums    0, checksum 7AC5CDFE, selection    2 (pick any)
29C 00000000 SECT14D notype       Static      | .text$mn
    Section length    D, #relocs    1, #linenums    0, checksum 7AC5CDFE, selection    2 (pick any)
29E 00000000 SECT14E notype       Static      | .text$mn
    Section length    D, #relocs    1, #linenums    0, checksum 7AC5CDFE, selection    2 (pick any)
2A0 00000000 SECT14F notype       Static      | .text$mn
    Section length  996, #relocs   5E, #linenums    0, checksum 227D247D, selection    2 (pick any)
2A2 00000000 SECT150 notype       Static      | .text$x
    Section length   63, #relocs    4, #linenums    0, checksum 122CABFF, selection    5 (pick associative Section 0x14F)
2A4 00000000 SECT151 notype       Static      | .text$mn
    Section length   18, #relocs    1, #linenums    0, checksum CC4F429E, selection    2 (pick any)
2A6 00000000 SECT152 notype       Static      | .text$mn
    Section length  1C3, #relocs   14, #linenums    0, checksum 4FE28581, selection    2 (pick any)
2A8 00000000 SECT153 notype       Static      | .text$x
    Section length   30, #relocs    2, #linenums    0, checksum 4402A53C, selection    5 (pick associative Section 0x152)
2AA 00000000 SECT154 notype       Static      | .text$mn
    Section length   2A, #relocs    0, #linenums    0, checksum 704571D0, selection    2 (pick any)
2AC 00000000 SECT155 notype       Static      | .text$mn
    Section length   2D, #relocs    1, #linenums    0, checksum C079B6EB, selection    2 (pick any)
2AE 00000000 SECT156 notype       Static      | .text$mn
    Section length   2F, #relocs    3, #linenums    0, checksum 27C46E7F, selection    2 (pick any)
2B0 00000000 SECT157 notype       Static      | .text$mn
    Section length  641, #relocs   42, #linenums    0, checksum B9067507, selection    2 (pick any)
2B2 00000000 SECT158 notype       Static      | .text$x
    Section length   BD, #relocs    9, #linenums    0, checksum 9633A78C, selection    5 (pick associative Section 0x157)
2B4 00000000 SECT159 notype       Static      | .text$mn
    Section length   3F, #relocs    1, #linenums    0, checksum 76A5F7C6, selection    2 (pick any)
2B6 00000000 SECT15A notype       Static      | .text$mn
    Section length    F, #relocs    0, #linenums    0, checksum 1FB8A0D8, selection    2 (pick any)
2B8 00000000 SECT15B notype       Static      | .text$mn
    Section length   1B, #relocs    0, #linenums    0, checksum 6550639A, selection    2 (pick any)
2BA 00000000 SECT15C notype       Static      | .text$mn
    Section length   25, #relocs    0, #linenums    0, checksum CCE19BCD, selection    2 (pick any)
2BC 00000000 SECT15D notype       Static      | .text$mn
    Section length    E, #relocs    0, #linenums    0, checksum 42F90F0D, selection    2 (pick any)
2BE 00000000 SECT15E notype       Static      | .text$mn
    Section length    E, #relocs    0, #linenums    0, checksum  83B1D5C, selection    2 (pick any)
2C0 00000000 SECT15F notype       Static      | .text$mn
    Section length   22, #relocs    1, #linenums    0, checksum 34937416, selection    2 (pick any)
2C2 00000000 SECT160 notype       Static      | .text$mn
    Section length   22, #relocs    1, #linenums    0, checksum 34937416, selection    2 (pick any)
2C4 00000000 SECT161 notype       Static      | .text$mn
    Section length   22, #relocs    1, #linenums    0, checksum 34937416, selection    2 (pick any)
2C6 00000000 SECT162 notype       Static      | .text$mn
    Section length    8, #relocs    1, #linenums    0, checksum 411950D3, selection    2 (pick any)
2C8 00000000 SECT163 notype       Static      | .text$mn
    Section length   7A, #relocs    4, #linenums    0, checksum 9417EEEF, selection    2 (pick any)
2CA 00000000 SECT164 notype       Static      | .text$mn
    Section length   1B, #relocs    1, #linenums    0, checksum 9FE3079A, selection    2 (pick any)
2CC 00000000 SECT165 notype       Static      | .text$mn
    Section length    D, #relocs    0, #linenums    0, checksum C1847447, selection    2 (pick any)
2CE 00000000 SECT166 notype       Static      | .text$mn
    Section length    D, #relocs    0, #linenums    0, checksum C1847447, selection    2 (pick any)
2D0 00000000 SECT167 notype       Static      | .text$mn
    Section length   26, #relocs    1, #linenums    0, checksum 8C528FD3, selection    2 (pick any)
2D2 00000000 UNDEF  notype ()    External     | _purecall
2D3 00000000 UNDEF  notype ()    External     | ??2@YAPEAX_K@Z (void * __cdecl operator new(unsigned __int64))
2D4 00000000 UNDEF  notype ()    External     | ??3@YAXPEAX@Z (void __cdecl operator delete(void *))
2D5 00000000 UNDEF  notype ()    External     | atexit
2D6 00000000 UNDEF  notype ()    External     | memcpy
2D7 00000000 UNDEF  notype ()    External     | strlen
2D8 00000000 UNDEF  notype ()    External     | memmove
2D9 00000000 UNDEF  notype       External     | __imp_CloseHandle
2DA 00000000 UNDEF  notype       External     | __imp_SetEvent
2DB 00000000 UNDEF  notype       External     | __imp_ResetEvent
2DC 00000000 UNDEF  notype       External     | __imp_WaitForSingleObject
2DD 00000000 UNDEF  notype       External     | __imp_CreateEventA
2DE 00000000 UNDEF  notype       External     | __imp_Sleep
2DF 00000000 UNDEF  notype       External     | __imp_WaitForMultipleObjects
2E0 00000000 UNDEF  notype ()    External     | ??0_Lockit@std@@QEAA@H@Z (public: __cdecl std::_Lockit::_Lockit(int))
2E1 00000000 UNDEF  notype ()    External     | ??1_Lockit@std@@QEAA@XZ (public: __cdecl std::_Lockit::~_Lockit(void))
2E2 00000000 UNDEF  notype ()    External     | _hypot
2E3 00000000 SECT167 notype ()    External    | hypot
2E4 00000000 UNDEF  notype ()    External     | ??0exception@std@@QEAA@AEBQEBD@Z (public: __cdecl std::exception::exception(char const * const &))
2E5 00000000 UNDEF  notype ()    External     | ??0exception@std@@QEAA@AEBV01@@Z (public: __cdecl std::exception::exception(class std::exception const &))
2E6 00000000 UNDEF  notype ()    External     | ??1exception@std@@UEAA@XZ (public: virtual __cdecl std::exception::~exception(void))
2E7 00000000 UNDEF  notype ()    External     | ?what@exception@std@@UEBAPEBDXZ (public: virtual char const * __cdecl std::exception::what(void)const )
2E8 00000000 SECTB2 notype ()    External     | ??2@YAPEAX_KPEAX@Z (void * __cdecl operator new(unsigned __int64,void *))
2E9 00000000 SECTB3 notype ()    External     | ??3@YAXPEAX0@Z (void __cdecl operator delete(void *,void *))
2EA 00000000 SECT13E notype ()    External    | ?length@?$char_traits@D@std@@SA_KPEBD@Z (public: static unsigned __int64 __cdecl std::char_traits<char>::length(char const *))
2EB 00000000 SECT127 notype ()    External    | ?copy@?$char_traits@D@std@@SAPEADPEADPEBD_K@Z (public: static char * __cdecl std::char_traits<char>::copy(char *,char const *,unsigned __int64))
2EC 00000000 SECT14B notype ()    External    | ?move@?$char_traits@D@std@@SAPEADPEADPEBD_K@Z (public: static char * __cdecl std::char_traits<char>::move(char *,char const *,unsigned __int64))
2ED 00000000 SECT120 notype ()    External    | ?assign@?$char_traits@D@std@@SAXAEADAEBD@Z (public: static void __cdecl std::char_traits<char>::assign(char &,char const &))
2EE 00000000 SECTD8 notype ()    Static       | ??__Epiecewise_construct@std@@YAXXZ (void __cdecl std::`dynamic initializer for 'piecewise_construct''(void))
2EF 00000000 UNDEF  notype ()    External     | ?_Debug_message@std@@YAXPEB_W0I@Z (void __cdecl std::_Debug_message(wchar_t const *,wchar_t const *,unsigned int))
2F0 00000000 SECT80 notype ()    External     | ??0_Container_proxy@std@@QEAA@XZ (public: __cdecl std::_Container_proxy::_Container_proxy(void))
2F1 00000000 SECT7F notype ()    External     | ??0_Container_base12@std@@QEAA@XZ (public: __cdecl std::_Container_base12::_Container_base12(void))
2F2 00000000 SECTA7 notype ()    External     | ??1_Container_base12@std@@QEAA@XZ (public: __cdecl std::_Container_base12::~_Container_base12(void))
2F3 00000000 SECT104 notype ()    External    | ?_Orphan_all@_Container_base12@std@@QEAAXXZ (public: void __cdecl std::_Container_base12::_Orphan_all(void))
2F4 00000000 SECTD6 notype ()    Static       | ??__Eallocator_arg@std@@YAXXZ (void __cdecl std::`dynamic initializer for 'allocator_arg''(void))
2F5 00000000 UNDEF  notype ()    External     | ?_Xbad_alloc@std@@YAXXZ (void __cdecl std::_Xbad_alloc(void))
2F6 00000000 UNDEF  notype ()    External     | ?_Xlength_error@std@@YAXPEBD@Z (void __cdecl std::_Xlength_error(char const *))
2F7 00000000 UNDEF  notype ()    External     | ?_Xout_of_range@std@@YAXPEBD@Z (void __cdecl std::_Xout_of_range(char const *))
2F8 00000000 SECTFD notype ()    External     | ?_Init_atomic_counter@std@@YAXAEAKK@Z (void __cdecl std::_Init_atomic_counter(unsigned long &,unsigned long))
2F9 00000000 SECT8D notype ()    External     | ??0logic_error@std@@QEAA@PEBD@Z (public: __cdecl std::logic_error::logic_error(char const *))
2FA 00000000 SECTAF notype ()    External     | ??1logic_error@std@@UEAA@XZ (public: virtual __cdecl std::logic_error::~logic_error(void))
2FB 00000000 SECT8C notype ()    External     | ??0logic_error@std@@QEAA@AEBV01@@Z (public: __cdecl std::logic_error::logic_error(class std::logic_error const &))
2FC 00000000 SECTCC notype ()    External     | ??_Glogic_error@std@@UEAAPEAXI@Z (public: virtual void * __cdecl std::logic_error::`scalar deleting destructor'(unsigned int))
2FD 00000000 UNDEF  notype ()    WeakExternal | ??_Elogic_error@std@@UEAAPEAXI@Z (public: virtual void * __cdecl std::logic_error::`vector deleting destructor'(unsigned int))
    Default index      2FC library search
2FF 00000000 SECT63 notype ()    External     | ??0?$allocator@D@std@@QEAA@XZ (public: __cdecl std::allocator<char>::allocator<char>(void))
300 00000000 SECT12D notype ()    External    | ?deallocate@?$allocator@D@std@@QEAAXPEAD_K@Z (public: void __cdecl std::allocator<char>::deallocate(char *,unsigned __int64))
301 00000000 SECT11A notype ()    External    | ?allocate@?$allocator@D@std@@QEAAPEAD_K@Z (public: char * __cdecl std::allocator<char>::allocate(unsigned __int64))
302 00000000 SECT142 notype ()    External    | ?max_size@?$allocator@D@std@@QEBA_KXZ (public: unsigned __int64 __cdecl std::allocator<char>::max_size(void)const )
303 00000000 SECT144 notype ()    External    | ?max_size@?$allocator_traits@V?$allocator@D@std@@@std@@SA_KAEBV?$allocator@D@2@@Z (public: static unsigned __int64 __cdecl std::allocator_traits<class std::allocator<char> >::max_size(class std::allocator<char> const &))
304 00000000 SECT5F notype ()    External     | ??0?$_Wrap_alloc@V?$allocator@D@std@@@std@@QEAA@XZ (public: __cdecl std::_Wrap_alloc<class std::allocator<char> >::_Wrap_alloc<class std::allocator<char> >(void))
305 00000000 SECT117 notype ()    External    | ?allocate@?$_Wrap_alloc@V?$allocator@D@std@@@std@@QEAAPEAD_K@Z (public: char * __cdecl std::_Wrap_alloc<class std::allocator<char> >::allocate(unsigned __int64))
306 00000000 SECT129 notype ()    External    | ?deallocate@?$_Wrap_alloc@V?$allocator@D@std@@@std@@QEAAXPEAD_K@Z (public: void __cdecl std::_Wrap_alloc<class std::allocator<char> >::deallocate(char *,unsigned __int64))
307 00000000 SECT140 notype ()    External    | ?max_size@?$_Wrap_alloc@V?$allocator@D@std@@@std@@QEBA_KXZ (public: unsigned __int64 __cdecl std::_Wrap_alloc<class std::allocator<char> >::max_size(void)const )
308 00000000 SECT57 notype ()    External     | ??0?$_String_val@U?$_Simple_types@D@std@@@std@@QEAA@XZ (public: __cdecl std::_String_val<struct std::_Simple_types<char> >::_String_val<struct std::_Simple_types<char> >(void))
309 00000000 SECT102 notype ()    External    | ?_Myptr@?$_String_val@U?$_Simple_types@D@std@@@std@@QEAAPEADXZ (public: char * __cdecl std::_String_val<struct std::_Simple_types<char> >::_Myptr(void))
30A 00000000 SECT103 notype ()    External    | ?_Myptr@?$_String_val@U?$_Simple_types@D@std@@@std@@QEBAPEBDXZ (public: char const * __cdecl std::_String_val<struct std::_Simple_types<char> >::_Myptr(void)const )
30B 00000000 SECT94 notype ()    External     | ??1?$_String_val@U?$_Simple_types@D@std@@@std@@QEAA@XZ (public: __cdecl std::_String_val<struct std::_Simple_types<char> >::~_String_val<struct std::_Simple_types<char> >(void))
30C 00000000 SECT55 notype ()    External     | ??0?$_String_alloc@$0A@U?$_String_base_types@DV?$allocator@D@std@@@std@@@std@@QEAA@AEBV?$allocator@D@1@@Z (public: __cdecl std::_String_alloc<0,struct std::_String_base_types<char,class std::allocator<char> > >::_String_alloc<0,struct std::_String_base_types<char,class std::allocator<char> > >(class std::allocator<char> const &))
30D 00000000 SECT93 notype ()    External     | ??1?$_String_alloc@$0A@U?$_String_base_types@DV?$allocator@D@std@@@std@@@std@@QEAA@XZ (public: __cdecl std::_String_alloc<0,struct std::_String_base_types<char,class std::allocator<char> > >::~_String_alloc<0,struct std::_String_base_types<char,class std::allocator<char> > >(void))
30E 00000000 SECTDC notype ()    External     | ?_Alloc_proxy@?$_String_alloc@$0A@U?$_String_base_types@DV?$allocator@D@std@@@std@@@std@@QEAAXXZ (public: void __cdecl std::_String_alloc<0,struct std::_String_base_types<char,class std::allocator<char> > >::_Alloc_proxy(void))
30F 00000000 SECTF2 notype ()    External     | ?_Free_proxy@?$_String_alloc@$0A@U?$_String_base_types@DV?$allocator@D@std@@@std@@@std@@QEAAXXZ (public: void __cdecl std::_String_alloc<0,struct std::_String_base_types<char,class std::allocator<char> > >::_Free_proxy(void))
310 00000000 SECTF8 notype ()    External     | ?_Getal@?$_String_alloc@$0A@U?$_String_base_types@DV?$allocator@D@std@@@std@@@std@@QEBA?AU?$_Wrap_alloc@V?$allocator@D@std@@@2@XZ (public: struct std::_Wrap_alloc<class std::allocator<char> > __cdecl std::_String_alloc<0,struct std::_String_base_types<char,class std::allocator<char> > >::_Getal(void)const )
311 00000000 SECT68 notype ()    External     | ??0?$basic_string@DU?$char_traits@D@std@@V?$allocator@D@2@@std@@QEAA@PEBD@Z (public: __cdecl std::basic_string<char,struct std::char_traits<char>,class std::allocator<char> >::basic_string<char,struct std::char_traits<char>,class std::allocator<char> >(char const *))
312 00000000 SECT11D notype ()    External    | ?assign@?$basic_string@DU?$char_traits@D@std@@V?$allocator@D@2@@std@@QEAAAEAV12@AEBV12@_K1@Z (public: class std::basic_string<char,struct std::char_traits<char>,class std::allocator<char> > & __cdecl std::basic_string<char,struct std::char_traits<char>,class std::allocator<char> >::assign(class std::basic_string<char,struct std::char_traits<char>,class std::allocator<char> > const &,unsigned __int64,unsigned __int64))
313 00000000 SECT11F notype ()    External    | ?assign@?$basic_string@DU?$char_traits@D@std@@V?$allocator@D@2@@std@@QEAAAEAV12@PEBD_K@Z (public: class std::basic_string<char,struct std::char_traits<char>,class std::allocator<char> > & __cdecl std::basic_string<char,struct std::char_traits<char>,class std::allocator<char> >::assign(char const *,unsigned __int64))
314 00000000 SECT11E notype ()    External    | ?assign@?$basic_string@DU?$char_traits@D@std@@V?$allocator@D@2@@std@@QEAAAEAV12@PEBD@Z (public: class std::basic_string<char,struct std::char_traits<char>,class std::allocator<char> > & __cdecl std::basic_string<char,struct std::char_traits<char>,class std::allocator<char> >::assign(char const *))
315 00000000 SECT139 notype ()    External    | ?erase@?$basic_string@DU?$char_traits@D@std@@V?$allocator@D@2@@std@@QEAAAEAV12@_K@Z (public: class std::basic_string<char,struct std::char_traits<char>,class std::allocator<char> > & __cdecl std::basic_string<char,struct std::char_traits<char>,class std::allocator<char> >::erase(unsigned __int64))
316 00000000 SECT138 notype ()    External    | ?erase@?$basic_string@DU?$char_traits@D@std@@V?$allocator@D@2@@std@@QEAAAEAV12@_K0@Z (public: class std::basic_string<char,struct std::char_traits<char>,class std::allocator<char> > & __cdecl std::basic_string<char,struct std::char_traits<char>,class std::allocator<char> >::erase(unsigned __int64,unsigned __int64))
317 00000000 SECT15A notype ()    External    | ?size@?$basic_string@DU?$char_traits@D@std@@V?$allocator@D@2@@std@@QEBA_KXZ (public: unsigned __int64 __cdecl std::basic_string<char,struct std::char_traits<char>,class std::allocator<char> >::size(void)const )
318 00000000 SECT146 notype ()    External    | ?max_size@?$basic_string@DU?$char_traits@D@std@@V?$allocator@D@2@@std@@QEBA_KXZ (public: unsigned __int64 __cdecl std::basic_string<char,struct std::char_traits<char>,class std::allocator<char> >::max_size(void)const )
319 00000000 SECTE2 notype ()    External     | ?_Copy@?$basic_string@DU?$char_traits@D@std@@V?$allocator@D@2@@std@@QEAAX_K0@Z (public: void __cdecl std::basic_string<char,struct std::char_traits<char>,class std::allocator<char> >::_Copy(unsigned __int64,unsigned __int64))
31A 00000000 SECTF1 notype ()    External     | ?_Eos@?$basic_string@DU?$char_traits@D@std@@V?$allocator@D@2@@std@@QEAAX_K@Z (public: void __cdecl std::basic_string<char,struct std::char_traits<char>,class std::allocator<char> >::_Eos(unsigned __int64))
31B 00000000 SECTFB notype ()    External     | ?_Grow@?$basic_string@DU?$char_traits@D@std@@V?$allocator@D@2@@std@@QEAA_N_K_N@Z (public: bool __cdecl std::basic_string<char,struct std::char_traits<char>,class std::allocator<char> >::_Grow(unsigned __int64,bool))
31C 00000000 SECTFE notype ()    External     | ?_Inside@?$basic_string@DU?$char_traits@D@std@@V?$allocator@D@2@@std@@QEAA_NPEBD@Z (public: bool __cdecl std::basic_string<char,struct std::char_traits<char>,class std::allocator<char> >::_Inside(char const *))
31D 00000000 SECT110 notype ()    External    | ?_Tidy@?$basic_string@DU?$char_traits@D@std@@V?$allocator@D@2@@std@@QEAAX_N_K@Z (public: void __cdecl std::basic_string<char,struct std::char_traits<char>,class std::allocator<char> >::_Tidy(bool,unsigned __int64))
31E 00000000 SECT113 notype ()    External    | ?_Xlen@?$basic_string@DU?$char_traits@D@std@@V?$allocator@D@2@@std@@QEBAXXZ (public: void __cdecl std::basic_string<char,struct std::char_traits<char>,class std::allocator<char> >::_Xlen(void)const )
31F 00000000 SECT115 notype ()    External    | ?_Xran@?$basic_string@DU?$char_traits@D@std@@V?$allocator@D@2@@std@@QEBAXXZ (public: void __cdecl std::basic_string<char,struct std::char_traits<char>,class std::allocator<char> >::_Xran(void)const )
320 00000000 SECT8B notype ()    External     | ??0invalid_argument@std@@QEAA@PEBD@Z (public: __cdecl std::invalid_argument::invalid_argument(char const *))
321 00000000 SECTAE notype ()    External     | ??1invalid_argument@std@@UEAA@XZ (public: virtual __cdecl std::invalid_argument::~invalid_argument(void))
322 00000000 SECT8A notype ()    External     | ??0invalid_argument@std@@QEAA@AEBV01@@Z (public: __cdecl std::invalid_argument::invalid_argument(class std::invalid_argument const &))
323 00000000 SECTCB notype ()    External     | ??_Ginvalid_argument@std@@UEAAPEAXI@Z (public: virtual void * __cdecl std::invalid_argument::`scalar deleting destructor'(unsigned int))
324 00000000 UNDEF  notype ()    WeakExternal | ??_Einvalid_argument@std@@UEAAPEAXI@Z (public: virtual void * __cdecl std::invalid_argument::`vector deleting destructor'(unsigned int))
    Default index      323 library search
326 00000000 SECT90 notype ()    External     | ??0runtime_error@std@@QEAA@PEBD@Z (public: __cdecl std::runtime_error::runtime_error(char const *))
327 00000000 SECTB1 notype ()    External     | ??1runtime_error@std@@UEAA@XZ (public: virtual __cdecl std::runtime_error::~runtime_error(void))
328 00000000 SECT8F notype ()    External     | ??0runtime_error@std@@QEAA@AEBV01@@Z (public: __cdecl std::runtime_error::runtime_error(class std::runtime_error const &))
329 00000000 SECTCD notype ()    External     | ??_Gruntime_error@std@@UEAAPEAXI@Z (public: virtual void * __cdecl std::runtime_error::`scalar deleting destructor'(unsigned int))
32A 00000000 UNDEF  notype ()    WeakExternal | ??_Eruntime_error@std@@UEAAPEAXI@Z (public: virtual void * __cdecl std::runtime_error::`vector deleting destructor'(unsigned int))
    Default index      329 library search
32C 00000000 SECT76 notype ()    External     | ??0Bytes@MilesTransport@@QEAA@PEBX_K@Z (public: __cdecl MilesTransport::Bytes::Bytes(void const *,unsigned __int64))
32D 00000000 UNDEF  notype ()    External     | ??0Endpoint@MilesPipe@@QEAA@PEAX_K@Z (public: __cdecl MilesPipe::Endpoint::Endpoint(void *,unsigned __int64))
32E 00000000 UNDEF  notype ()    External     | ?send@Endpoint@MilesPipe@@QEAA_NUBytes@MilesTransport@@@Z (public: bool __cdecl MilesPipe::Endpoint::send(struct MilesTransport::Bytes))
32F 00000000 UNDEF  notype ()    External     | ?takeFrame@Endpoint@MilesPipe@@QEAA_NAEAV?$vector@EV?$allocator@E@std@@@std@@@Z (public: bool __cdecl MilesPipe::Endpoint::takeFrame(class std::vector<unsigned char,class std::allocator<unsigned char> > &))
330 00000000 UNDEF  notype ()    External     | ?pump@Endpoint@MilesPipe@@QEAAXXZ (public: void __cdecl MilesPipe::Endpoint::pump(void))
331 00000000 UNDEF  notype ()    External     | ?cancel@Endpoint@MilesPipe@@QEAAXXZ (public: void __cdecl MilesPipe::Endpoint::cancel(void))
332 00000000 UNDEF  notype ()    External     | ?drain@Endpoint@MilesPipe@@QEAA_NK@Z (public: bool __cdecl MilesPipe::Endpoint::drain(unsigned long))
333 00000000 SECT15E notype ()    External    | ?state@Endpoint@MilesPipe@@QEBA?AW4State@12@XZ (public: enum MilesPipe::Endpoint::State __cdecl MilesPipe::Endpoint::state(void)const )
334 00000000 SECT159 notype ()    External    | ?sendBusy@Endpoint@MilesPipe@@QEBA_NXZ (public: bool __cdecl MilesPipe::Endpoint::sendBusy(void)const )
335 00000000 SECT64 notype ()    External     | ??0?$allocator@E@std@@QEAA@XZ (public: __cdecl std::allocator<unsigned char>::allocator<unsigned char>(void))
336 00000000 SECT12E notype ()    External    | ?deallocate@?$allocator@E@std@@QEAAXPEAE_K@Z (public: void __cdecl std::allocator<unsigned char>::deallocate(unsigned char *,unsigned __int64))
337 00000000 SECT60 notype ()    External     | ??0?$_Wrap_alloc@V?$allocator@E@std@@@std@@QEAA@XZ (public: __cdecl std::_Wrap_alloc<class std::allocator<unsigned char> >::_Wrap_alloc<class std::allocator<unsigned char> >(void))
338 00000000 SECT12A notype ()    External    | ?deallocate@?$_Wrap_alloc@V?$allocator@E@std@@@std@@QEAAXPEAE_K@Z (public: void __cdecl std::_Wrap_alloc<class std::allocator<unsigned char> >::deallocate(unsigned char *,unsigned __int64))
339 00000000 SECT5D notype ()    External     | ??0?$_Vector_val@U?$_Simple_types@E@std@@@std@@QEAA@XZ (public: __cdecl std::_Vector_val<struct std::_Simple_types<unsigned char> >::_Vector_val<struct std::_Simple_types<unsigned char> >(void))
33A 00000000 SECT97 notype ()    External     | ??1?$_Vector_val@U?$_Simple_types@E@std@@@std@@QEAA@XZ (public: __cdecl std::_Vector_val<struct std::_Simple_types<unsigned char> >::~_Vector_val<struct std::_Simple_types<unsigned char> >(void))
33B 00000000 SECT59 notype ()    External     | ??0?$_Vector_alloc@$0A@U?$_Vec_base_types@EV?$allocator@E@std@@@std@@@std@@QEAA@AEBV?$allocator@E@1@@Z (public: __cdecl std::_Vector_alloc<0,struct std::_Vec_base_types<unsigned char,class std::allocator<unsigned char> > >::_Vector_alloc<0,struct std::_Vec_base_types<unsigned char,class std::allocator<unsigned char> > >(class std::allocator<unsigned char> const &))
33C 00000000 SECT95 notype ()    External     | ??1?$_Vector_alloc@$0A@U?$_Vec_base_types@EV?$allocator@E@std@@@std@@@std@@QEAA@XZ (public: __cdecl std::_Vector_alloc<0,struct std::_Vec_base_types<unsigned char,class std::allocator<unsigned char> > >::~_Vector_alloc<0,struct std::_Vec_base_types<unsigned char,class std::allocator<unsigned char> > >(void))
33D 00000000 SECTDD notype ()    External     | ?_Alloc_proxy@?$_Vector_alloc@$0A@U?$_Vec_base_types@EV?$allocator@E@std@@@std@@@std@@QEAAXXZ (public: void __cdecl std::_Vector_alloc<0,struct std::_Vec_base_types<unsigned char,class std::allocator<unsigned char> > >::_Alloc_proxy(void))
33E 00000000 SECTF3 notype ()    External     | ?_Free_proxy@?$_Vector_alloc@$0A@U?$_Vec_base_types@EV?$allocator@E@std@@@std@@@std@@QEAAXXZ (public: void __cdecl std::_Vector_alloc<0,struct std::_Vec_base_types<unsigned char,class std::allocator<unsigned char> > >::_Free_proxy(void))
33F 00000000 SECTF9 notype ()    External     | ?_Getal@?$_Vector_alloc@$0A@U?$_Vec_base_types@EV?$allocator@E@std@@@std@@@std@@QEBA?AU?$_Wrap_alloc@V?$allocator@E@std@@@2@XZ (public: struct std::_Wrap_alloc<class std::allocator<unsigned char> > __cdecl std::_Vector_alloc<0,struct std::_Vec_base_types<unsigned char,class std::allocator<unsigned char> > >::_Getal(void)const )
340 00000000 SECT74 notype ()    External     | ??0?$vector@EV?$allocator@E@std@@@std@@QEAA@XZ (public: __cdecl std::vector<unsigned char,class std::allocator<unsigned char> >::vector<unsigned char,class std::allocator<unsigned char> >(void))
341 00000000 SECT9F notype ()    External     | ??1?$vector@EV?$allocator@E@std@@@std@@QEAA@XZ (public: __cdecl std::vector<unsigned char,class std::allocator<unsigned char> >::~vector<unsigned char,class std::allocator<unsigned char> >(void))
342 00000000 SECT15B notype ()    External    | ?size@?$vector@EV?$allocator@E@std@@@std@@QEBA_KXZ (public: unsigned __int64 __cdecl std::vector<unsigned char,class std::allocator<unsigned char> >::size(void)const )
343 00000000 SECT133 notype ()    External    | ?empty@?$vector@EV?$allocator@E@std@@@std@@QEBA_NXZ (public: bool __cdecl std::vector<unsigned char,class std::allocator<unsigned char> >::empty(void)const )
344 00000000 SECT128 notype ()    External    | ?data@?$vector@EV?$allocator@E@std@@@std@@QEAAPEAEXZ (public: unsigned char * __cdecl std::vector<unsigned char,class std::allocator<unsigned char> >::data(void))
345 00000000 SECTEE notype ()    External     | ?_Destroy@?$vector@EV?$allocator@E@std@@@std@@IEAAXPEAE0@Z (protected: void __cdecl std::vector<unsigned char,class std::allocator<unsigned char> >::_Destroy(unsigned char *,unsigned char *))
346 00000000 SECT111 notype ()    External    | ?_Tidy@?$vector@EV?$allocator@E@std@@@std@@IEAAXXZ (protected: void __cdecl std::vector<unsigned char,class std::allocator<unsigned char> >::_Tidy(void))
347 00000000 SECT85 notype ()    External     | ??0_Ref_count_base@std@@IEAA@XZ (protected: __cdecl std::_Ref_count_base::_Ref_count_base(void))
348 00000000 SECTAB notype ()    External     | ??1_Ref_count_base@std@@UEAA@XZ (public: virtual __cdecl std::_Ref_count_base::~_Ref_count_base(void))
349 00000000 SECTFC notype ()    External     | ?_Incref@_Ref_count_base@std@@QEAAXXZ (public: void __cdecl std::_Ref_count_base::_Incref(void))
34A 00000000 SECTE8 notype ()    External     | ?_Decref@_Ref_count_base@std@@QEAAXXZ (public: void __cdecl std::_Ref_count_base::_Decref(void))
34B 00000000 SECTE9 notype ()    External     | ?_Decwref@_Ref_count_base@std@@QEAAXXZ (public: void __cdecl std::_Ref_count_base::_Decwref(void))
34C 00000000 SECTF7 notype ()    External     | ?_Get_deleter@_Ref_count_base@std@@UEBAPEAXAEBVtype_info@@@Z (public: virtual void * __cdecl std::_Ref_count_base::_Get_deleter(class type_info const &)const )
34D 00000000 SECTC8 notype ()    External     | ??_G_Ref_count_base@std@@UEAAPEAXI@Z (public: virtual void * __cdecl std::_Ref_count_base::`scalar deleting destructor'(unsigned int))
34E 00000000 UNDEF  notype ()    WeakExternal | ??_E_Ref_count_base@std@@UEAAPEAXI@Z (public: virtual void * __cdecl std::_Ref_count_base::`vector deleting destructor'(unsigned int))
    Default index      34D library search
350 00000000 SECTF0 notype ()    External     | ?_Enable_shared@std@@YAXPEDX0@Z (void __cdecl std::_Enable_shared(void const volatile *,void const volatile *))
351 00000000 SECT89 notype ()    External     | ??0id@locale@std@@QEAA@_K@Z (public: __cdecl std::locale::id::id(unsigned __int64))
352 00000000 SECT10 notype ()    External     | ??$_Debug_pointer@D@std@@YAXPEBDPEB_WI@Z (void __cdecl std::_Debug_pointer<char>(char const *,wchar_t const *,unsigned int))
353 00000000 SECT13A notype ()    External    | ?generic_category@std@@YAAEBVerror_category@1@XZ (class std::error_category const & __cdecl std::generic_category(void))
354 00000000 SECT162 notype ()    External    | ?system_category@std@@YAAEBVerror_category@1@XZ (class std::error_category const & __cdecl std::system_category(void))
355 00000000 SECT87 notype ()    External     | ??0error_category@std@@QEAA@XZ (public: __cdecl std::error_category::error_category(void))
356 00000000 SECTAD notype ()    External     | ??1error_category@std@@UEAA@XZ (public: virtual __cdecl std::error_category::~error_category(void))
357 00000000 SECT132 notype ()    External    | ?default_error_condition@error_category@std@@UEBA?AVerror_condition@2@H@Z (public: virtual class std::error_condition __cdecl std::error_category::default_error_condition(int)const )
358 00000000 SECT137 notype ()    External    | ?equivalent@error_category@std@@UEBA_NHAEBVerror_condition@2@@Z (public: virtual bool __cdecl std::error_category::equivalent(int,class std::error_condition const &)const )
359 00000000 SECT136 notype ()    External    | ?equivalent@error_category@std@@UEBA_NAEBVerror_code@2@H@Z (public: virtual bool __cdecl std::error_category::equivalent(class std::error_code const &,int)const )
35A 00000000 SECTB8 notype ()    External     | ??8error_category@std@@QEBA_NAEBV01@@Z (public: bool __cdecl std::error_category::operator==(class std::error_category const &)const )
35B 00000000 SECTCA notype ()    External     | ??_Gerror_category@std@@UEAAPEAXI@Z (public: virtual void * __cdecl std::error_category::`scalar deleting destructor'(unsigned int))
35C 00000000 UNDEF  notype ()    WeakExternal | ??_Eerror_category@std@@UEAAPEAXI@Z (public: virtual void * __cdecl std::error_category::`vector deleting destructor'(unsigned int))
    Default index      35B library search
35E 00000000 SECT165 notype ()    External    | ?value@error_code@std@@QEBAHXZ (public: int __cdecl std::error_code::value(void)const )
35F 00000000 SECT122 notype ()    External    | ?category@error_code@std@@QEBAAEBVerror_category@2@XZ (public: class std::error_category const & __cdecl std::error_code::category(void)const )
360 00000000 SECT88 notype ()    External     | ??0error_condition@std@@QEAA@HAEBVerror_category@1@@Z (public: __cdecl std::error_condition::error_condition(int,class std::error_category const &))
361 00000000 SECT166 notype ()    External    | ?value@error_condition@std@@QEBAHXZ (public: int __cdecl std::error_condition::value(void)const )
362 00000000 SECT123 notype ()    External    | ?category@error_condition@std@@QEBAAEBVerror_category@2@XZ (public: class std::error_category const & __cdecl std::error_condition::category(void)const )
363 00000000 SECTB9 notype ()    External     | ??8error_condition@std@@QEBA_NAEBV01@@Z (public: bool __cdecl std::error_condition::operator==(class std::error_condition const &)const )
364 00000000 UNDEF  notype ()    External     | ?_Syserror_map@std@@YAPEBDH@Z (char const * __cdecl std::_Syserror_map(int))
365 00000000 UNDEF  notype ()    External     | ?_Winerror_map@std@@YAPEBDH@Z (char const * __cdecl std::_Winerror_map(int))
366 00000000 SECT81 notype ()    External     | ??0_Generic_error_category@std@@QEAA@XZ (public: __cdecl std::_Generic_error_category::_Generic_error_category(void))
367 00000000 SECT14C notype ()    External    | ?name@_Generic_error_category@std@@UEBAPEBDXZ (public: virtual char const * __cdecl std::_Generic_error_category::name(void)const )
368 00000000 SECT148 notype ()    External    | ?message@_Generic_error_category@std@@UEBA?AV?$basic_string@DU?$char_traits@D@std@@V?$allocator@D@2@@2@H@Z (public: virtual class std::basic_string<char,struct std::char_traits<char>,class std::allocator<char> > __cdecl std::_Generic_error_category::message(int)const )
369 00000000 SECTA8 notype ()    External     | ??1_Generic_error_category@std@@UEAA@XZ (public: virtual __cdecl std::_Generic_error_category::~_Generic_error_category(void))
36A 00000000 SECTC6 notype ()    External     | ??_G_Generic_error_category@std@@UEAAPEAXI@Z (public: virtual void * __cdecl std::_Generic_error_category::`scalar deleting destructor'(unsigned int))
36B 00000000 UNDEF  notype ()    WeakExternal | ??_E_Generic_error_category@std@@UEAAPEAXI@Z (public: virtual void * __cdecl std::_Generic_error_category::`vector deleting destructor'(unsigned int))
    Default index      36A library search
36D 00000000 SECT83 notype ()    External     | ??0_Iostream_error_category@std@@QEAA@XZ (public: __cdecl std::_Iostream_error_category::_Iostream_error_category(void))
36E 00000000 SECT14D notype ()    External    | ?name@_Iostream_error_category@std@@UEBAPEBDXZ (public: virtual char const * __cdecl std::_Iostream_error_category::name(void)const )
36F 00000000 SECT149 notype ()    External    | ?message@_Iostream_error_category@std@@UEBA?AV?$basic_string@DU?$char_traits@D@std@@V?$allocator@D@2@@2@H@Z (public: virtual class std::basic_string<char,struct std::char_traits<char>,class std::allocator<char> > __cdecl std::_Iostream_error_category::message(int)const )
370 00000000 SECTA9 notype ()    External     | ??1_Iostream_error_category@std@@UEAA@XZ (public: virtual __cdecl std::_Iostream_error_category::~_Iostream_error_category(void))
371 00000000 SECTC7 notype ()    External     | ??_G_Iostream_error_category@std@@UEAAPEAXI@Z (public: virtual void * __cdecl std::_Iostream_error_category::`scalar deleting destructor'(unsigned int))
372 00000000 UNDEF  notype ()    WeakExternal | ??_E_Iostream_error_category@std@@UEAAPEAXI@Z (public: virtual void * __cdecl std::_Iostream_error_category::`vector deleting destructor'(unsigned int))
    Default index      371 library search
374 00000000 SECT86 notype ()    External     | ??0_System_error_category@std@@QEAA@XZ (public: __cdecl std::_System_error_category::_System_error_category(void))
375 00000000 SECT14E notype ()    External    | ?name@_System_error_category@std@@UEBAPEBDXZ (public: virtual char const * __cdecl std::_System_error_category::name(void)const )
376 00000000 SECT14A notype ()    External    | ?message@_System_error_category@std@@UEBA?AV?$basic_string@DU?$char_traits@D@std@@V?$allocator@D@2@@2@H@Z (public: virtual class std::basic_string<char,struct std::char_traits<char>,class std::allocator<char> > __cdecl std::_System_error_category::message(int)const )
377 00000000 SECT131 notype ()    External    | ?default_error_condition@_System_error_category@std@@UEBA?AVerror_condition@2@H@Z (public: virtual class std::error_condition __cdecl std::_System_error_category::default_error_condition(int)const )
378 00000000 SECTAC notype ()    External     | ??1_System_error_category@std@@UEAA@XZ (public: virtual __cdecl std::_System_error_category::~_System_error_category(void))
379 00000000 SECTC9 notype ()    External     | ??_G_System_error_category@std@@UEAAPEAXI@Z (public: virtual void * __cdecl std::_System_error_category::`scalar deleting destructor'(unsigned int))
37A 00000000 UNDEF  notype ()    WeakExternal | ??_E_System_error_category@std@@UEAAPEAXI@Z (public: virtual void * __cdecl std::_System_error_category::`vector deleting destructor'(unsigned int))
    Default index      379 library search
37C 00000000 SECT4F notype ()    External     | ??0?$_Ptr_base@$$CBX@std@@QEAA@XZ (public: __cdecl std::_Ptr_base<void const >::_Ptr_base<void const >(void))
37D 00000000 SECTE4 notype ()    External     | ?_Decref@?$_Ptr_base@$$CBX@std@@QEAAXXZ (public: void __cdecl std::_Ptr_base<void const >::_Decref(void))
37E 00000000 SECT109 notype ()    External    | ?_Reset@?$_Ptr_base@$$CBX@std@@QEAAXPEBXPEAV_Ref_count_base@2@@Z (public: void __cdecl std::_Ptr_base<void const >::_Reset(void const *,class std::_Ref_count_base *))
37F 00000000 SECT105 notype ()    External    | ?_Reset0@?$_Ptr_base@$$CBX@std@@QEAAXPEBXPEAV_Ref_count_base@2@@Z (public: void __cdecl std::_Ptr_base<void const >::_Reset0(void const *,class std::_Ref_count_base *))
380 00000000 SECT6C notype ()    External     | ??0?$shared_ptr@$$CBX@std@@QEAA@AEBV01@@Z (public: __cdecl std::shared_ptr<void const >::shared_ptr<void const >(class std::shared_ptr<void const > const &))
381 00000000 SECT9A notype ()    External     | ??1?$shared_ptr@$$CBX@std@@QEAA@XZ (public: __cdecl std::shared_ptr<void const >::~shared_ptr<void const >(void))
382 00000000 SECTA2 notype ()    External     | ??1FileServices@MilesFileChannel26@@QEAA@XZ (public: __cdecl MilesFileChannel26::FileServices::~FileServices(void))
383 00000000 SECT78 notype ()    External     | ??0FileServices@MilesFileChannel26@@QEAA@AEBU01@@Z (public: __cdecl MilesFileChannel26::FileServices::FileServices(struct MilesFileChannel26::FileServices const &))
384 00000000 SECT52 notype ()    External     | ??0?$_Ptr_base@X@std@@QEAA@XZ (public: __cdecl std::_Ptr_base<void>::_Ptr_base<void>(void))
385 00000000 SECT10F notype ()    External    | ?_Swap@?$_Ptr_base@X@std@@QEAAXAEAV12@@Z (public: void __cdecl std::_Ptr_base<void>::_Swap(class std::_Ptr_base<void> &))
386 00000000 SECTF6 notype ()    External     | ?_Get@?$_Ptr_base@X@std@@QEBAPEAXXZ (public: void * __cdecl std::_Ptr_base<void>::_Get(void)const )
387 00000000 SECTE7 notype ()    External     | ?_Decref@?$_Ptr_base@X@std@@QEAAXXZ (public: void __cdecl std::_Ptr_base<void>::_Decref(void))
388 00000000 SECT10C notype ()    External    | ?_Reset@?$_Ptr_base@X@std@@QEAAXPEAXPEAV_Ref_count_base@2@@Z (public: void __cdecl std::_Ptr_base<void>::_Reset(void *,class std::_Ref_count_base *))
389 00000000 SECT108 notype ()    External    | ?_Reset0@?$_Ptr_base@X@std@@QEAAXPEAXPEAV_Ref_count_base@2@@Z (public: void __cdecl std::_Ptr_base<void>::_Reset0(void *,class std::_Ref_count_base *))
38A 00000000 SECT72 notype ()    External     | ??0?$shared_ptr@X@std@@QEAA@XZ (public: __cdecl std::shared_ptr<void>::shared_ptr<void>(void))
38B 00000000 SECT71 notype ()    External     | ??0?$shared_ptr@X@std@@QEAA@AEBV01@@Z (public: __cdecl std::shared_ptr<void>::shared_ptr<void>(class std::shared_ptr<void> const &))
38C 00000000 SECT9D notype ()    External     | ??1?$shared_ptr@X@std@@QEAA@XZ (public: __cdecl std::shared_ptr<void>::~shared_ptr<void>(void))
38D 00000000 SECTB5 notype ()    External     | ??4?$shared_ptr@X@std@@QEAAAEAV01@AEBV01@@Z (public: class std::shared_ptr<void> & __cdecl std::shared_ptr<void>::operator=(class std::shared_ptr<void> const &))
38E 00000000 SECT161 notype ()    External    | ?swap@?$shared_ptr@X@std@@QEAAXAEAV12@@Z (public: void __cdecl std::shared_ptr<void>::swap(class std::shared_ptr<void> &))
38F 00000000 SECTBB notype ()    External     | ??B?$shared_ptr@X@std@@QEBA_NXZ (public: __cdecl std::shared_ptr<void>::operator bool(void)const )
390 00000000 UNDEF  notype ()    External     | ?retain@MilesSelectedFileServices44@@YA?AUFileServices@MilesFileChannel26@@P6AIPEBDPEA_K@ZP6AX_K@ZP6AH3HI@ZP6AI3PEAXI@ZV?$shared_ptr@X@std@@@Z (struct MilesFileChannel26::FileServices __cdecl MilesSelectedFileServices44::retain(unsigned int (__cdecl*)(char const *,unsigned __int64 *),void (__cdecl*)(unsigned __int64),int (__cdecl*)(unsigned __int64,int,unsigned int),unsigned int (__cdecl*)(unsigned __int64,void *,unsigned int),class std::shared_ptr<void>))
391 00000000 SECT82 notype ()    External     | ??0_Ignore@std@@QEAA@XZ (public: __cdecl std::_Ignore::_Ignore(void))
392 00000000 SECTD7 notype ()    Static       | ??__Eignore@std@@YAXXZ (void __cdecl std::`dynamic initializer for 'ignore''(void))
393 00000000 SECTD5 notype ()    Static       | ??__E_Tuple_alloc@std@@YAXXZ (void __cdecl std::`dynamic initializer for '_Tuple_alloc''(void))
394 00000000 SECT7A notype ()    External     | ??0Limits@MilesCoordinator@@QEAA@XZ (public: __cdecl MilesCoordinator::Limits::Limits(void))
395 00000000 UNDEF  notype ()    External     | ??0Coordinator@MilesCoordinator@@QEAA@_KAEBULimits@1@@Z (public: __cdecl MilesCoordinator::Coordinator::Coordinator(unsigned __int64,struct MilesCoordinator::Limits const &))
396 00000000 UNDEF  notype ()    External     | ?admitGame@Coordinator@MilesCoordinator@@QEAA?AW4Error@2@_K000W4Action@2@AEBV?$vector@UHandle@MilesWire@@V?$allocator@UHandle@MilesWire@@@std@@@std@@@Z (public: enum MilesCoordinator::Error __cdecl MilesCoordinator::Coordinator::admitGame(unsigned __int64,unsigned __int64,unsigned __int64,unsigned __int64,enum MilesCoordinator::Action,class std::vector<struct MilesWire::Handle,class std::allocator<struct MilesWire::Handle> > const &))
397 00000000 UNDEF  notype ()    External     | ?completeAdmission@Coordinator@MilesCoordinator@@QEAA?AW4Error@2@_K0@Z (public: enum MilesCoordinator::Error __cdecl MilesCoordinator::Coordinator::completeAdmission(unsigned __int64,unsigned __int64))
398 00000000 UNDEF  notype ()    External     | ?fail@Coordinator@MilesCoordinator@@QEAA?AW4Error@2@_K@Z (public: enum MilesCoordinator::Error __cdecl MilesCoordinator::Coordinator::fail(unsigned __int64))
399 00000000 SECT15D notype ()    External    | ?state@Coordinator@MilesCoordinator@@QEBA?AW4State@2@XZ (public: enum MilesCoordinator::State __cdecl MilesCoordinator::Coordinator::state(void)const )
39A 00000000 SECT116 notype ()    External    | ?activeAdmission@Coordinator@MilesCoordinator@@QEBA_KXZ (public: unsigned __int64 __cdecl MilesCoordinator::Coordinator::activeAdmission(void)const )
39B 00000000 SECT66 notype ()    External     | ??0?$allocator@UHandle@MilesWire@@@std@@QEAA@XZ (public: __cdecl std::allocator<struct MilesWire::Handle>::allocator<struct MilesWire::Handle>(void))
39C 00000000 SECT65 notype ()    External     | ??0?$allocator@UHandle@MilesWire@@@std@@QEAA@AEBV01@@Z (public: __cdecl std::allocator<struct MilesWire::Handle>::allocator<struct MilesWire::Handle>(class std::allocator<struct MilesWire::Handle> const &))
39D 00000000 SECT12F notype ()    External    | ?deallocate@?$allocator@UHandle@MilesWire@@@std@@QEAAXPEAUHandle@MilesWire@@_K@Z (public: void __cdecl std::allocator<struct MilesWire::Handle>::deallocate(struct MilesWire::Handle *,unsigned __int64))
39E 00000000 SECT11B notype ()    External    | ?allocate@?$allocator@UHandle@MilesWire@@@std@@QEAAPEAUHandle@MilesWire@@_K@Z (public: struct MilesWire::Handle * __cdecl std::allocator<struct MilesWire::Handle>::allocate(unsigned __int64))
39F 00000000 SECT143 notype ()    External    | ?max_size@?$allocator@UHandle@MilesWire@@@std@@QEBA_KXZ (public: unsigned __int64 __cdecl std::allocator<struct MilesWire::Handle>::max_size(void)const )
3A0 00000000 SECT145 notype ()    External    | ?max_size@?$allocator_traits@V?$allocator@UHandle@MilesWire@@@std@@@std@@SA_KAEBV?$allocator@UHandle@MilesWire@@@2@@Z (public: static unsigned __int64 __cdecl std::allocator_traits<class std::allocator<struct MilesWire::Handle> >::max_size(class std::allocator<struct MilesWire::Handle> const &))
3A1 00000000 SECT61 notype ()    External     | ??0?$_Wrap_alloc@V?$allocator@UHandle@MilesWire@@@std@@@std@@QEAA@XZ (public: __cdecl std::_Wrap_alloc<class std::allocator<struct MilesWire::Handle> >::_Wrap_alloc<class std::allocator<struct MilesWire::Handle> >(void))
3A2 00000000 SECT118 notype ()    External    | ?allocate@?$_Wrap_alloc@V?$allocator@UHandle@MilesWire@@@std@@@std@@QEAAPEAUHandle@MilesWire@@_K@Z (public: struct MilesWire::Handle * __cdecl std::_Wrap_alloc<class std::allocator<struct MilesWire::Handle> >::allocate(unsigned __int64))
3A3 00000000 SECT12B notype ()    External    | ?deallocate@?$_Wrap_alloc@V?$allocator@UHandle@MilesWire@@@std@@@std@@QEAAXPEAUHandle@MilesWire@@_K@Z (public: void __cdecl std::_Wrap_alloc<class std::allocator<struct MilesWire::Handle> >::deallocate(struct MilesWire::Handle *,unsigned __int64))
3A4 00000000 SECT141 notype ()    External    | ?max_size@?$_Wrap_alloc@V?$allocator@UHandle@MilesWire@@@std@@@std@@QEBA_KXZ (public: unsigned __int64 __cdecl std::_Wrap_alloc<class std::allocator<struct MilesWire::Handle> >::max_size(void)const )
3A5 00000000 SECT5E notype ()    External     | ??0?$_Vector_val@U?$_Simple_types@UHandle@MilesWire@@@std@@@std@@QEAA@XZ (public: __cdecl std::_Vector_val<struct std::_Simple_types<struct MilesWire::Handle> >::_Vector_val<struct std::_Simple_types<struct MilesWire::Handle> >(void))
3A6 00000000 SECT98 notype ()    External     | ??1?$_Vector_val@U?$_Simple_types@UHandle@MilesWire@@@std@@@std@@QEAA@XZ (public: __cdecl std::_Vector_val<struct std::_Simple_types<struct MilesWire::Handle> >::~_Vector_val<struct std::_Simple_types<struct MilesWire::Handle> >(void))
3A7 00000000 SECT5B notype ()    External     | ??0?$_Vector_alloc@$0A@U?$_Vec_base_types@UHandle@MilesWire@@V?$allocator@UHandle@MilesWire@@@std@@@std@@@std@@QEAA@AEBV?$allocator@UHandle@MilesWire@@@1@@Z (public: __cdecl std::_Vector_alloc<0,struct std::_Vec_base_types<struct MilesWire::Handle,class std::allocator<struct MilesWire::Handle> > >::_Vector_alloc<0,struct std::_Vec_base_types<struct MilesWire::Handle,class std::allocator<struct MilesWire::Handle> > >(class std::allocator<struct MilesWire::Handle> const &))
3A8 00000000 SECT96 notype ()    External     | ??1?$_Vector_alloc@$0A@U?$_Vec_base_types@UHandle@MilesWire@@V?$allocator@UHandle@MilesWire@@@std@@@std@@@std@@QEAA@XZ (public: __cdecl std::_Vector_alloc<0,struct std::_Vec_base_types<struct MilesWire::Handle,class std::allocator<struct MilesWire::Handle> > >::~_Vector_alloc<0,struct std::_Vec_base_types<struct MilesWire::Handle,class std::allocator<struct MilesWire::Handle> > >(void))
3A9 00000000 SECTE0 notype ()    External     | ?_Change_alloc@?$_Vector_alloc@$0A@U?$_Vec_base_types@UHandle@MilesWire@@V?$allocator@UHandle@MilesWire@@@std@@@std@@@std@@QEAAXAEBU?$_Wrap_alloc@V?$allocator@UHandle@MilesWire@@@std@@@2@@Z (public: void __cdecl std::_Vector_alloc<0,struct std::_Vec_base_types<struct MilesWire::Handle,class std::allocator<struct MilesWire::Handle> > >::_Change_alloc(struct std::_Wrap_alloc<class std::allocator<struct MilesWire::Handle> > const &))
3AA 00000000 SECTDE notype ()    External     | ?_Alloc_proxy@?$_Vector_alloc@$0A@U?$_Vec_base_types@UHandle@MilesWire@@V?$allocator@UHandle@MilesWire@@@std@@@std@@@std@@QEAAXXZ (public: void __cdecl std::_Vector_alloc<0,struct std::_Vec_base_types<struct MilesWire::Handle,class std::allocator<struct MilesWire::Handle> > >::_Alloc_proxy(void))
3AB 00000000 SECTF4 notype ()    External     | ?_Free_proxy@?$_Vector_alloc@$0A@U?$_Vec_base_types@UHandle@MilesWire@@V?$allocator@UHandle@MilesWire@@@std@@@std@@@std@@QEAAXXZ (public: void __cdecl std::_Vector_alloc<0,struct std::_Vec_base_types<struct MilesWire::Handle,class std::allocator<struct MilesWire::Handle> > >::_Free_proxy(void))
3AC 00000000 SECTFA notype ()    External     | ?_Getal@?$_Vector_alloc@$0A@U?$_Vec_base_types@UHandle@MilesWire@@V?$allocator@UHandle@MilesWire@@@std@@@std@@@std@@QEBA?AU?$_Wrap_alloc@V?$allocator@UHandle@MilesWire@@@std@@@2@XZ (public: struct std::_Wrap_alloc<class std::allocator<struct MilesWire::Handle> > __cdecl std::_Vector_alloc<0,struct std::_Vec_base_types<struct MilesWire::Handle,class std::allocator<struct MilesWire::Handle> > >::_Getal(void)const )
3AD 00000000 SECT75 notype ()    External     | ??0?$vector@UHandle@MilesWire@@V?$allocator@UHandle@MilesWire@@@std@@@std@@QEAA@XZ (public: __cdecl std::vector<struct MilesWire::Handle,class std::allocator<struct MilesWire::Handle> >::vector<struct MilesWire::Handle,class std::allocator<struct MilesWire::Handle> >(void))
3AE 00000000 SECTA0 notype ()    External     | ??1?$vector@UHandle@MilesWire@@V?$allocator@UHandle@MilesWire@@@std@@@std@@QEAA@XZ (public: __cdecl std::vector<struct MilesWire::Handle,class std::allocator<struct MilesWire::Handle> >::~vector<struct MilesWire::Handle,class std::allocator<struct MilesWire::Handle> >(void))
3AF 00000000 SECTB6 notype ()    External     | ??4?$vector@UHandle@MilesWire@@V?$allocator@UHandle@MilesWire@@@std@@@std@@QEAAAEAV01@AEBV01@@Z (public: class std::vector<struct MilesWire::Handle,class std::allocator<struct MilesWire::Handle> > & __cdecl std::vector<struct MilesWire::Handle,class std::allocator<struct MilesWire::Handle> >::operator=(class std::vector<struct MilesWire::Handle,class std::allocator<struct MilesWire::Handle> > const &))
3B0 00000000 SECT121 notype ()    External    | ?capacity@?$vector@UHandle@MilesWire@@V?$allocator@UHandle@MilesWire@@@std@@@std@@QEBA_KXZ (public: unsigned __int64 __cdecl std::vector<struct MilesWire::Handle,class std::allocator<struct MilesWire::Handle> >::capacity(void)const )
3B1 00000000 SECT15C notype ()    External    | ?size@?$vector@UHandle@MilesWire@@V?$allocator@UHandle@MilesWire@@@std@@@std@@QEBA_KXZ (public: unsigned __int64 __cdecl std::vector<struct MilesWire::Handle,class std::allocator<struct MilesWire::Handle> >::size(void)const )
3B2 00000000 SECT147 notype ()    External    | ?max_size@?$vector@UHandle@MilesWire@@V?$allocator@UHandle@MilesWire@@@std@@@std@@QEBA_KXZ (public: unsigned __int64 __cdecl std::vector<struct MilesWire::Handle,class std::allocator<struct MilesWire::Handle> >::max_size(void)const )
3B3 00000000 SECT134 notype ()    External    | ?empty@?$vector@UHandle@MilesWire@@V?$allocator@UHandle@MilesWire@@@std@@@std@@QEBA_NXZ (public: bool __cdecl std::vector<struct MilesWire::Handle,class std::allocator<struct MilesWire::Handle> >::empty(void)const )
3B4 00000000 SECT124 notype ()    External    | ?clear@?$vector@UHandle@MilesWire@@V?$allocator@UHandle@MilesWire@@@std@@@std@@QEAAXXZ (public: void __cdecl std::vector<struct MilesWire::Handle,class std::allocator<struct MilesWire::Handle> >::clear(void))
3B5 00000000 SECTDF notype ()    External     | ?_Buy@?$vector@UHandle@MilesWire@@V?$allocator@UHandle@MilesWire@@@std@@@std@@IEAA_N_K@Z (protected: bool __cdecl std::vector<struct MilesWire::Handle,class std::allocator<struct MilesWire::Handle> >::_Buy(unsigned __int64))
3B6 00000000 SECTEF notype ()    External     | ?_Destroy@?$vector@UHandle@MilesWire@@V?$allocator@UHandle@MilesWire@@@std@@@std@@IEAAXPEAUHandle@MilesWire@@0@Z (protected: void __cdecl std::vector<struct MilesWire::Handle,class std::allocator<struct MilesWire::Handle> >::_Destroy(struct MilesWire::Handle *,struct MilesWire::Handle *))
3B7 00000000 SECT112 notype ()    External    | ?_Tidy@?$vector@UHandle@MilesWire@@V?$allocator@UHandle@MilesWire@@@std@@@std@@IEAAXXZ (protected: void __cdecl std::vector<struct MilesWire::Handle,class std::allocator<struct MilesWire::Handle> >::_Tidy(void))
3B8 00000000 SECT114 notype ()    External    | ?_Xlen@?$vector@UHandle@MilesWire@@V?$allocator@UHandle@MilesWire@@@std@@@std@@IEBAXXZ (protected: void __cdecl std::vector<struct MilesWire::Handle,class std::allocator<struct MilesWire::Handle> >::_Xlen(void)const )
3B9 00000000 UNDEF  notype ()    External     | ?create@EngineFileWorker@MilesFileExecutor30@@SAPEAV12@XZ (public: static class MilesFileExecutor30::EngineFileWorker * __cdecl MilesFileExecutor30::EngineFileWorker::create(void))
3BA 00000000 UNDEF  notype ()    External     | ?start@EngineFileWorker@MilesFileExecutor30@@QEAA?AW4StartResult@12@XZ (public: enum MilesFileExecutor30::EngineFileWorker::StartResult __cdecl MilesFileExecutor30::EngineFileWorker::start(void))
3BB 00000000 SECT79 notype ()    External     | ??0FileSessionContext@MilesFileOwner36@@QEAA@AEAVEngineFileWorker@MilesFileExecutor30@@V?$shared_ptr@X@std@@AEBUFileServices@MilesFileChannel26@@@Z (public: __cdecl MilesFileOwner36::FileSessionContext::FileSessionContext(class MilesFileExecutor30::EngineFileWorker &,class std::shared_ptr<void>,struct MilesFileChannel26::FileServices const &))
3BC 00000000 SECTA3 notype ()    External     | ??1FileSessionContext@MilesFileOwner36@@QEAA@XZ (public: __cdecl MilesFileOwner36::FileSessionContext::~FileSessionContext(void))
3BD 00000000 SECTC2 notype ()    External     | ??_GFileSessionContext@MilesFileOwner36@@QEAAPEAXI@Z (public: void * __cdecl MilesFileOwner36::FileSessionContext::`scalar deleting destructor'(unsigned int))
3BE 00000000 UNDEF  notype ()    External     | ??0SessionFileOwner@MilesFileOwner36@@QEAA@AEAVCoordinator@MilesCoordinator@@_K1V?$shared_ptr@UFileSessionContext@MilesFileOwner36@@@std@@11@Z (public: __cdecl MilesFileOwner36::SessionFileOwner::SessionFileOwner(class MilesCoordinator::Coordinator &,unsigned __int64,unsigned __int64,class std::shared_ptr<struct MilesFileOwner36::FileSessionContext>,unsigned __int64,unsigned __int64))
3BF 00000000 SECT50 notype ()    External     | ??0?$_Ptr_base@UFileSessionContext@MilesFileOwner36@@@std@@QEAA@XZ (public: __cdecl std::_Ptr_base<struct MilesFileOwner36::FileSessionContext>::_Ptr_base<struct MilesFileOwner36::FileSessionContext>(void))
3C0 00000000 SECT10D notype ()    External    | ?_Swap@?$_Ptr_base@UFileSessionContext@MilesFileOwner36@@@std@@QEAAXAEAV12@@Z (public: void __cdecl std::_Ptr_base<struct MilesFileOwner36::FileSessionContext>::_Swap(class std::_Ptr_base<struct MilesFileOwner36::FileSessionContext> &))
3C1 00000000 SECTE5 notype ()    External     | ?_Decref@?$_Ptr_base@UFileSessionContext@MilesFileOwner36@@@std@@QEAAXXZ (public: void __cdecl std::_Ptr_base<struct MilesFileOwner36::FileSessionContext>::_Decref(void))
3C2 00000000 SECT10A notype ()    External    | ?_Reset@?$_Ptr_base@UFileSessionContext@MilesFileOwner36@@@std@@QEAAXPEAUFileSessionContext@MilesFileOwner36@@PEAV_Ref_count_base@2@@Z (public: void __cdecl std::_Ptr_base<struct MilesFileOwner36::FileSessionContext>::_Reset(struct MilesFileOwner36::FileSessionContext *,class std::_Ref_count_base *))
3C3 00000000 SECT106 notype ()    External    | ?_Reset0@?$_Ptr_base@UFileSessionContext@MilesFileOwner36@@@std@@QEAAXPEAUFileSessionContext@MilesFileOwner36@@PEAV_Ref_count_base@2@@Z (public: void __cdecl std::_Ptr_base<struct MilesFileOwner36::FileSessionContext>::_Reset0(struct MilesFileOwner36::FileSessionContext *,class std::_Ref_count_base *))
3C4 00000000 SECT6E notype ()    External     | ??0?$shared_ptr@UFileSessionContext@MilesFileOwner36@@@std@@QEAA@XZ (public: __cdecl std::shared_ptr<struct MilesFileOwner36::FileSessionContext>::shared_ptr<struct MilesFileOwner36::FileSessionContext>(void))
3C5 00000000 SECT6D notype ()    External     | ??0?$shared_ptr@UFileSessionContext@MilesFileOwner36@@@std@@QEAA@AEBV01@@Z (public: __cdecl std::shared_ptr<struct MilesFileOwner36::FileSessionContext>::shared_ptr<struct MilesFileOwner36::FileSessionContext>(class std::shared_ptr<struct MilesFileOwner36::FileSessionContext> const &))
3C6 00000000 SECT9B notype ()    External     | ??1?$shared_ptr@UFileSessionContext@MilesFileOwner36@@@std@@QEAA@XZ (public: __cdecl std::shared_ptr<struct MilesFileOwner36::FileSessionContext>::~shared_ptr<struct MilesFileOwner36::FileSessionContext>(void))
3C7 00000000 SECT15F notype ()    External    | ?swap@?$shared_ptr@UFileSessionContext@MilesFileOwner36@@@std@@QEAAXAEAV12@@Z (public: void __cdecl std::shared_ptr<struct MilesFileOwner36::FileSessionContext>::swap(class std::shared_ptr<struct MilesFileOwner36::FileSessionContext> &))
3C8 00000000 UNDEF  notype ()    External     | ??0HostAssociationMapper@MilesFileOwner36@@QEAA@_K0AEAVCoordinator@MilesCoordinator@@AEAVSessionFileOwner@1@0@Z (public: __cdecl MilesFileOwner36::HostAssociationMapper::HostAssociationMapper(unsigned __int64,unsigned __int64,class MilesCoordinator::Coordinator &,class MilesFileOwner36::SessionFileOwner &,unsigned __int64))
3C9 00000000 UNDEF  notype ()    External     | ?publishCommand@HostAssociationMapper@MilesFileOwner36@@QEAA?AW4Error@MilesCoordinator@@_K000W4Action@4@AEBV?$vector@UHandle@MilesWire@@V?$allocator@UHandle@MilesWire@@@std@@@std@@_N@Z (public: enum MilesCoordinator::Error __cdecl MilesFileOwner36::HostAssociationMapper::publishCommand(unsigned __int64,unsigned __int64,unsigned __int64,unsigned __int64,enum MilesCoordinator::Action,class std::vector<struct MilesWire::Handle,class std::allocator<struct MilesWire::Handle> > const &,bool))
3CA 00000000 UNDEF  notype ()    External     | ?observeForwardReturn@HostAssociationMapper@MilesFileOwner36@@QEAA_N_K0@Z (public: bool __cdecl MilesFileOwner36::HostAssociationMapper::observeForwardReturn(unsigned __int64,unsigned __int64))
3CB 00000000 UNDEF  notype ()    External     | ?consumeCommand@HostAssociationMapper@MilesFileOwner36@@QEAA_N_K@Z (public: bool __cdecl MilesFileOwner36::HostAssociationMapper::consumeCommand(unsigned __int64))
3CC 00000000 UNDEF  notype ()    External     | ?receiveControl@HostAssociationMapper@MilesFileOwner36@@QEAA?AW4ControlResult@12@_KUBytes@MilesTransport@@@Z (public: enum MilesFileOwner36::HostAssociationMapper::ControlResult __cdecl MilesFileOwner36::HostAssociationMapper::receiveControl(unsigned __int64,struct MilesTransport::Bytes))
3CD 00000000 UNDEF  notype ()    External     | ?poll@HostAssociationMapper@MilesFileOwner36@@QEAAXXZ (public: void __cdecl MilesFileOwner36::HostAssociationMapper::poll(void))
3CE 00000000 UNDEF  notype ()    External     | ?nextUnqueuedReply@HostAssociationMapper@MilesFileOwner36@@QEBA_NAEA_K@Z (public: bool __cdecl MilesFileOwner36::HostAssociationMapper::nextUnqueuedReply(unsigned __int64 &)const )
3CF 00000000 UNDEF  notype ()    External     | ?reply@HostAssociationMapper@MilesFileOwner36@@QEBA?AUBytes@MilesTransport@@_K@Z (public: struct MilesTransport::Bytes __cdecl MilesFileOwner36::HostAssociationMapper::reply(unsigned __int64)const )
3D0 00000000 UNDEF  notype ()    External     | ?markReplyQueued@HostAssociationMapper@MilesFileOwner36@@QEAA_N_K@Z (public: bool __cdecl MilesFileOwner36::HostAssociationMapper::markReplyQueued(unsigned __int64))
3D1 00000000 SECT125 notype ()    External    | ?commandState@HostAssociationMapper@MilesFileOwner36@@QEBA?AW4CommandState@12@XZ (public: enum MilesFileOwner36::HostAssociationMapper::CommandState __cdecl MilesFileOwner36::HostAssociationMapper::commandState(void)const )
3D2 00000000 SECT4  notype ()    External     | ?launch@Runtime@MilesClientRuntime53@@SAPEAV12@AEAPEAX_K1V?$shared_ptr@X@std@@@Z (public: static class MilesClientRuntime53::Runtime * __cdecl MilesClientRuntime53::Runtime::launch(void * &,unsigned __int64,unsigned __int64,class std::shared_ptr<void>))
3D3 000002A0 SECT4  notype ()    External     | ?awaitReady@Runtime@MilesClientRuntime53@@QEAA_NXZ (public: bool __cdecl MilesClientRuntime53::Runtime::awaitReady(void))
3D4 00000340 SECT4  notype ()    External     | ?prepare@Runtime@MilesClientRuntime53@@QEAA_N_KP6AIPEBDPEA_K@ZP6AX0@ZP6AH0HI@ZP6AI0PEAXI@ZV?$shared_ptr@X@std@@@Z (public: bool __cdecl MilesClientRuntime53::Runtime::prepare(unsigned __int64,unsigned int (__cdecl*)(char const *,unsigned __int64 *),void (__cdecl*)(unsigned __int64),int (__cdecl*)(unsigned __int64,int,unsigned int),unsigned int (__cdecl*)(unsigned __int64,void *,unsigned int),class std::shared_ptr<void>))
3D5 000004C0 SECT4  notype ()    External     | ?publish@Runtime@MilesClientRuntime53@@QEAA_N_K0AEBV?$vector@UHandle@MilesWire@@V?$allocator@UHandle@MilesWire@@@std@@@std@@@Z (public: bool __cdecl MilesClientRuntime53::Runtime::publish(unsigned __int64,unsigned __int64,class std::vector<struct MilesWire::Handle,class std::allocator<struct MilesWire::Handle> > const &))
3D6 000005E0 SECT4  notype ()    External     | ?returned@Runtime@MilesClientRuntime53@@QEAA_N_K@Z (public: bool __cdecl MilesClientRuntime53::Runtime::returned(unsigned __int64))
3D7 000006C0 SECT4  notype ()    External     | ?fail@Runtime@MilesClientRuntime53@@QEAAXXZ (public: void __cdecl MilesClientRuntime53::Runtime::fail(void))
3D8 000006F0 SECT4  notype ()    External     | ?failed@Runtime@MilesClientRuntime53@@QEBA_NXZ (public: bool __cdecl MilesClientRuntime53::Runtime::failed(void)const )
3D9 00000720 SECT4  notype ()    External     | ?failureEvent@Runtime@MilesClientRuntime53@@QEBAPEAXXZ (public: void * __cdecl MilesClientRuntime53::Runtime::failureEvent(void)const )
3DA 00000740 SECT4  notype ()    External     | ??0Runtime@MilesClientRuntime53@@AEAA@PEAUState@01@@Z (private: __cdecl MilesClientRuntime53::Runtime::Runtime(struct MilesClientRuntime53::Runtime::State *))
3DB 00000770 SECT4  notype ()    External     | ??1Runtime@MilesClientRuntime53@@AEAA@XZ (private: __cdecl MilesClientRuntime53::Runtime::~Runtime(void))
3DC 00000000 SECTC3 notype ()    External     | ??_GRuntime@MilesClientRuntime53@@AEAAPEAXI@Z (private: void * __cdecl MilesClientRuntime53::Runtime::`scalar deleting destructor'(unsigned int))
3DD 00000000 UNDEF  notype ()    External     | _beginthreadex
3DE 00000000 UNDEF  notype ()    External     | _Mtx_init
3DF 00000000 UNDEF  notype ()    External     | _Mtx_destroy
3E0 00000000 UNDEF  notype ()    External     | _Mtx_lock
3E1 00000000 UNDEF  notype ()    External     | _Mtx_unlock
3E2 00000000 UNDEF  notype ()    External     | ?_Throw_C_error@std@@YAXH@Z (void __cdecl std::_Throw_C_error(int))
3E3 00000000 SECTE1 notype ()    External     | ?_Check_C_return@std@@YAHH@Z (int __cdecl std::_Check_C_return(int))
3E4 00000000 SECTFF notype ()    External     | ?_Mtx_initX@std@@YAHPEAPEAU_Mtx_internal_imp_t@@H@Z (int __cdecl std::_Mtx_initX(struct _Mtx_internal_imp_t * *,int))
3E5 00000000 SECT100 notype ()    External    | ?_Mtx_lockX@std@@YAHPEAPEAU_Mtx_internal_imp_t@@@Z (int __cdecl std::_Mtx_lockX(struct _Mtx_internal_imp_t * *))
3E6 00000000 SECT101 notype ()    External    | ?_Mtx_unlockX@std@@YAHPEAPEAU_Mtx_internal_imp_t@@@Z (int __cdecl std::_Mtx_unlockX(struct _Mtx_internal_imp_t * *))
3E7 00000000 SECT84 notype ()    External     | ??0_Mutex_base@std@@QEAA@H@Z (public: __cdecl std::_Mutex_base::_Mutex_base(int))
3E8 00000000 SECTAA notype ()    External     | ??1_Mutex_base@std@@QEAA@XZ (public: __cdecl std::_Mutex_base::~_Mutex_base(void))
3E9 00000000 SECT13F notype ()    External    | ?lock@_Mutex_base@std@@QEAAXXZ (public: void __cdecl std::_Mutex_base::lock(void))
3EA 00000000 SECT164 notype ()    External    | ?unlock@_Mutex_base@std@@QEAAXXZ (public: void __cdecl std::_Mutex_base::unlock(void))
3EB 00000000 SECT8E notype ()    External     | ??0mutex@std@@QEAA@XZ (public: __cdecl std::mutex::mutex(void))
3EC 00000000 SECTB0 notype ()    External     | ??1mutex@std@@QEAA@XZ (public: __cdecl std::mutex::~mutex(void))
3ED 00000000 SECT77 notype ()    External     | ??0Event@?A0xabeb220a@MilesClientRuntime53@@QEAA@XZ (public: __cdecl MilesClientRuntime53::`anonymous namespace'::Event::Event(void))
3EE 00000000 SECTA1 notype ()    External     | ??1Event@?A0xabeb220a@MilesClientRuntime53@@QEAA@XZ (public: __cdecl MilesClientRuntime53::`anonymous namespace'::Event::~Event(void))
3EF 00000000 SECT7D notype ()    External     | ??0Ticket@?A0xabeb220a@MilesClientRuntime53@@QEAA@W4Kind@012@@Z (public: __cdecl MilesClientRuntime53::`anonymous namespace'::Ticket::Ticket(enum MilesClientRuntime53::A0xabeb220a::Ticket::Kind))
3F0 00000000 SECTA6 notype ()    External     | ??1Ticket@?A0xabeb220a@MilesClientRuntime53@@QEAA@XZ (public: __cdecl MilesClientRuntime53::`anonymous namespace'::Ticket::~Ticket(void))
3F1 00000000 SECTC5 notype ()    External     | ??_GTicket@?A0xabeb220a@MilesClientRuntime53@@QEAAPEAXI@Z (public: void * __cdecl MilesClientRuntime53::`anonymous namespace'::Ticket::`scalar deleting destructor'(unsigned int))
3F2 00000000 SECT51 notype ()    External     | ??0?$_Ptr_base@UTicket@?A0xabeb220a@MilesClientRuntime53@@@std@@QEAA@XZ (public: __cdecl std::_Ptr_base<struct MilesClientRuntime53::`anonymous namespace'::Ticket>::_Ptr_base<struct MilesClientRuntime53::`anonymous namespace'::Ticket>(void))
3F3 00000000 SECT10E notype ()    External    | ?_Swap@?$_Ptr_base@UTicket@?A0xabeb220a@MilesClientRuntime53@@@std@@QEAAXAEAV12@@Z (public: void __cdecl std::_Ptr_base<struct MilesClientRuntime53::`anonymous namespace'::Ticket>::_Swap(class std::_Ptr_base<struct MilesClientRuntime53::`anonymous namespace'::Ticket> &))
3F4 00000000 SECTF5 notype ()    External     | ?_Get@?$_Ptr_base@UTicket@?A0xabeb220a@MilesClientRuntime53@@@std@@QEBAPEAUTicket@?A0xabeb220a@MilesClientRuntime53@@XZ (public: struct MilesClientRuntime53::`anonymous namespace'::Ticket * __cdecl std::_Ptr_base<struct MilesClientRuntime53::`anonymous namespace'::Ticket>::_Get(void)const )
3F5 00000000 SECTE6 notype ()    External     | ?_Decref@?$_Ptr_base@UTicket@?A0xabeb220a@MilesClientRuntime53@@@std@@QEAAXXZ (public: void __cdecl std::_Ptr_base<struct MilesClientRuntime53::`anonymous namespace'::Ticket>::_Decref(void))
3F6 00000000 SECT10B notype ()    External    | ?_Reset@?$_Ptr_base@UTicket@?A0xabeb220a@MilesClientRuntime53@@@std@@QEAAXPEAUTicket@?A0xabeb220a@MilesClientRuntime53@@PEAV_Ref_count_base@2@@Z (public: void __cdecl std::_Ptr_base<struct MilesClientRuntime53::`anonymous namespace'::Ticket>::_Reset(struct MilesClientRuntime53::`anonymous namespace'::Ticket *,class std::_Ref_count_base *))
3F7 00000000 SECT107 notype ()    External    | ?_Reset0@?$_Ptr_base@UTicket@?A0xabeb220a@MilesClientRuntime53@@@std@@QEAAXPEAUTicket@?A0xabeb220a@MilesClientRuntime53@@PEAV_Ref_count_base@2@@Z (public: void __cdecl std::_Ptr_base<struct MilesClientRuntime53::`anonymous namespace'::Ticket>::_Reset0(struct MilesClientRuntime53::`anonymous namespace'::Ticket *,class std::_Ref_count_base *))
3F8 00000000 SECT70 notype ()    External     | ??0?$shared_ptr@UTicket@?A0xabeb220a@MilesClientRuntime53@@@std@@QEAA@XZ (public: __cdecl std::shared_ptr<struct MilesClientRuntime53::`anonymous namespace'::Ticket>::shared_ptr<struct MilesClientRuntime53::`anonymous namespace'::Ticket>(void))
3F9 00000000 SECT6F notype ()    External     | ??0?$shared_ptr@UTicket@?A0xabeb220a@MilesClientRuntime53@@@std@@QEAA@AEBV01@@Z (public: __cdecl std::shared_ptr<struct MilesClientRuntime53::`anonymous namespace'::Ticket>::shared_ptr<struct MilesClientRuntime53::`anonymous namespace'::Ticket>(class std::shared_ptr<struct MilesClientRuntime53::`anonymous namespace'::Ticket> const &))
3FA 00000000 SECT9C notype ()    External     | ??1?$shared_ptr@UTicket@?A0xabeb220a@MilesClientRuntime53@@@std@@QEAA@XZ (public: __cdecl std::shared_ptr<struct MilesClientRuntime53::`anonymous namespace'::Ticket>::~shared_ptr<struct MilesClientRuntime53::`anonymous namespace'::Ticket>(void))
3FB 00000000 SECTB4 notype ()    External     | ??4?$shared_ptr@UTicket@?A0xabeb220a@MilesClientRuntime53@@@std@@QEAAAEAV01@AEBV01@@Z (public: class std::shared_ptr<struct MilesClientRuntime53::`anonymous namespace'::Ticket> & __cdecl std::shared_ptr<struct MilesClientRuntime53::`anonymous namespace'::Ticket>::operator=(class std::shared_ptr<struct MilesClientRuntime53::`anonymous namespace'::Ticket> const &))
3FC 00000000 SECT156 notype ()    External    | ?reset@?$shared_ptr@UTicket@?A0xabeb220a@MilesClientRuntime53@@@std@@QEAAXXZ (public: void __cdecl std::shared_ptr<struct MilesClientRuntime53::`anonymous namespace'::Ticket>::reset(void))
3FD 00000000 SECT160 notype ()    External    | ?swap@?$shared_ptr@UTicket@?A0xabeb220a@MilesClientRuntime53@@@std@@QEAAXAEAV12@@Z (public: void __cdecl std::shared_ptr<struct MilesClientRuntime53::`anonymous namespace'::Ticket>::swap(class std::shared_ptr<struct MilesClientRuntime53::`anonymous namespace'::Ticket> &))
3FE 00000000 SECTBC notype ()    External     | ??C?$shared_ptr@UTicket@?A0xabeb220a@MilesClientRuntime53@@@std@@QEBAPEAUTicket@?A0xabeb220a@MilesClientRuntime53@@XZ (public: struct MilesClientRuntime53::`anonymous namespace'::Ticket * __cdecl std::shared_ptr<struct MilesClientRuntime53::`anonymous namespace'::Ticket>::operator->(void)const )
3FF 00000000 SECTBA notype ()    External     | ??B?$shared_ptr@UTicket@?A0xabeb220a@MilesClientRuntime53@@@std@@QEBA_NXZ (public: __cdecl std::shared_ptr<struct MilesClientRuntime53::`anonymous namespace'::Ticket>::operator bool(void)const )
400 00000000 SECT7B notype ()    External     | ??0State@Runtime@MilesClientRuntime53@@QEAA@_K0V?$shared_ptr@X@std@@@Z (public: __cdecl MilesClientRuntime53::Runtime::State::State(unsigned __int64,unsigned __int64,class std::shared_ptr<void>))
401 00000000 SECT155 notype ()    External    | ?requestFailure@State@Runtime@MilesClientRuntime53@@QEAAXXZ (public: void __cdecl MilesClientRuntime53::Runtime::State::requestFailure(void))
402 00000000 SECT13D notype ()    External    | ?isFailed@State@Runtime@MilesClientRuntime53@@QEBA_NXZ (public: bool __cdecl MilesClientRuntime53::Runtime::State::isFailed(void)const )
403 00000000 SECT163 notype ()    External    | ?terminalFailure@State@Runtime@MilesClientRuntime53@@QEAAXXZ (public: void __cdecl MilesClientRuntime53::Runtime::State::terminalFailure(void))
404 00000000 SECT152 notype ()    External    | ?post@State@Runtime@MilesClientRuntime53@@QEAA_NAEBV?$shared_ptr@UTicket@?A0xabeb220a@MilesClientRuntime53@@@std@@@Z (public: bool __cdecl MilesClientRuntime53::Runtime::State::post(class std::shared_ptr<struct MilesClientRuntime53::`anonymous namespace'::Ticket> const &))
405 00000000 SECT126 notype ()    External    | ?complete@State@Runtime@MilesClientRuntime53@@QEAAXAEBV?$shared_ptr@UTicket@?A0xabeb220a@MilesClientRuntime53@@@std@@@Z (public: void __cdecl MilesClientRuntime53::Runtime::State::complete(class std::shared_ptr<struct MilesClientRuntime53::`anonymous namespace'::Ticket> const &))
406 00000000 SECT14F notype ()    External    | ?observation@State@Runtime@MilesClientRuntime53@@QEAAXAEBV?$shared_ptr@UTicket@?A0xabeb220a@MilesClientRuntime53@@@std@@@Z (public: void __cdecl MilesClientRuntime53::Runtime::State::observation(class std::shared_ptr<struct MilesClientRuntime53::`anonymous namespace'::Ticket> const &))
407 00000000 SECT157 notype ()    External    | ?run@State@Runtime@MilesClientRuntime53@@QEAAXXZ (public: void __cdecl MilesClientRuntime53::Runtime::State::run(void))
408 00000000 SECT135 notype ()    External    | ?entry@State@Runtime@MilesClientRuntime53@@SAIPEAX@Z (public: static unsigned int __cdecl MilesClientRuntime53::Runtime::State::entry(void *))
409 00000000 SECTA4 notype ()    External     | ??1State@Runtime@MilesClientRuntime53@@QEAA@XZ (public: __cdecl MilesClientRuntime53::Runtime::State::~State(void))
40A 00000000 SECTC4 notype ()    External     | ??_GState@Runtime@MilesClientRuntime53@@QEAAPEAXI@Z (public: void * __cdecl MilesClientRuntime53::Runtime::State::`scalar deleting destructor'(unsigned int))
40B 00000000 SECT6B notype ()    External     | ??0?$lock_guard@Vmutex@std@@@std@@QEAA@AEAVmutex@1@@Z (public: __cdecl std::lock_guard<class std::mutex>::lock_guard<class std::mutex>(class std::mutex &))
40C 00000000 SECT99 notype ()    External     | ??1?$lock_guard@Vmutex@std@@@std@@QEAA@XZ (public: __cdecl std::lock_guard<class std::mutex>::~lock_guard<class std::mutex>(void))
40D 00000000 SECT4A notype ()    External     | ??$reset@UFileSessionContext@MilesFileOwner36@@@?$shared_ptr@UFileSessionContext@MilesFileOwner36@@@std@@QEAAXPEAUFileSessionContext@MilesFileOwner36@@@Z (public: void __cdecl std::shared_ptr<struct MilesFileOwner36::FileSessionContext>::reset<struct MilesFileOwner36::FileSessionContext>(struct MilesFileOwner36::FileSessionContext *))
40E 00000000 SECT6A notype ()    External     | ??0?$default_delete@UState@Runtime@MilesClientRuntime53@@@std@@QEAA@XZ (public: __cdecl std::default_delete<struct MilesClientRuntime53::Runtime::State>::default_delete<struct MilesClientRuntime53::Runtime::State>(void))
40F 00000000 SECTBF notype ()    External     | ??R?$default_delete@UState@Runtime@MilesClientRuntime53@@@std@@QEBAXPEAUState@Runtime@MilesClientRuntime53@@@Z (public: void __cdecl std::default_delete<struct MilesClientRuntime53::Runtime::State>::operator()(struct MilesClientRuntime53::Runtime::State *)const )
410 00000000 SECT58 notype ()    External     | ??0?$_Unique_ptr_base@UState@Runtime@MilesClientRuntime53@@U?$default_delete@UState@Runtime@MilesClientRuntime53@@@std@@$00@std@@QEAA@PEAUState@Runtime@MilesClientRuntime53@@@Z (public: __cdecl std::_Unique_ptr_base<struct MilesClientRuntime53::Runtime::State,struct std::default_delete<struct MilesClientRuntime53::Runtime::State>,1>::_Unique_ptr_base<struct MilesClientRuntime53::Runtime::State,struct std::default_delete<struct MilesClientRuntime53::Runtime::State>,1>(struct MilesClientRuntime53::Runtime::State *))
411 00000000 SECT13C notype ()    External    | ?get_deleter@?$_Unique_ptr_base@UState@Runtime@MilesClientRuntime53@@U?$default_delete@UState@Runtime@MilesClientRuntime53@@@std@@$00@std@@QEAAAEAU?$default_delete@UState@Runtime@MilesClientRuntime53@@@2@XZ (public: struct std::default_delete<struct MilesClientRuntime53::Runtime::State> & __cdecl std::_Unique_ptr_base<struct MilesClientRuntime53::Runtime::State,struct std::default_delete<struct MilesClientRuntime53::Runtime::State>,1>::get_deleter(void))
412 00000000 SECT73 notype ()    External     | ??0?$unique_ptr@UState@Runtime@MilesClientRuntime53@@U?$default_delete@UState@Runtime@MilesClientRuntime53@@@std@@@std@@QEAA@PEAUState@Runtime@MilesClientRuntime53@@@Z (public: __cdecl std::unique_ptr<struct MilesClientRuntime53::Runtime::State,struct std::default_delete<struct MilesClientRuntime53::Runtime::State> >::unique_ptr<struct MilesClientRuntime53::Runtime::State,struct std::default_delete<struct MilesClientRuntime53::Runtime::State> >(struct MilesClientRuntime53::Runtime::State *))
413 00000000 SECT9E notype ()    External     | ??1?$unique_ptr@UState@Runtime@MilesClientRuntime53@@U?$default_delete@UState@Runtime@MilesClientRuntime53@@@std@@@std@@QEAA@XZ (public: __cdecl std::unique_ptr<struct MilesClientRuntime53::Runtime::State,struct std::default_delete<struct MilesClientRuntime53::Runtime::State> >::~unique_ptr<struct MilesClientRuntime53::Runtime::State,struct std::default_delete<struct MilesClientRuntime53::Runtime::State> >(void))
414 00000000 SECTBE notype ()    External     | ??D?$unique_ptr@UState@Runtime@MilesClientRuntime53@@U?$default_delete@UState@Runtime@MilesClientRuntime53@@@std@@@std@@QEBAAEAUState@Runtime@MilesClientRuntime53@@XZ (public: struct MilesClientRuntime53::Runtime::State & __cdecl std::unique_ptr<struct MilesClientRuntime53::Runtime::State,struct std::default_delete<struct MilesClientRuntime53::Runtime::State> >::operator*(void)const )
415 00000000 SECTBD notype ()    External     | ??C?$unique_ptr@UState@Runtime@MilesClientRuntime53@@U?$default_delete@UState@Runtime@MilesClientRuntime53@@@std@@@std@@QEBAPEAUState@Runtime@MilesClientRuntime53@@XZ (public: struct MilesClientRuntime53::Runtime::State * __cdecl std::unique_ptr<struct MilesClientRuntime53::Runtime::State,struct std::default_delete<struct MilesClientRuntime53::Runtime::State> >::operator->(void)const )
416 00000000 SECT13B notype ()    External    | ?get@?$unique_ptr@UState@Runtime@MilesClientRuntime53@@U?$default_delete@UState@Runtime@MilesClientRuntime53@@@std@@@std@@QEBAPEAUState@Runtime@MilesClientRuntime53@@XZ (public: struct MilesClientRuntime53::Runtime::State * __cdecl std::unique_ptr<struct MilesClientRuntime53::Runtime::State,struct std::default_delete<struct MilesClientRuntime53::Runtime::State> >::get(void)const )
417 00000000 SECT154 notype ()    External    | ?release@?$unique_ptr@UState@Runtime@MilesClientRuntime53@@U?$default_delete@UState@Runtime@MilesClientRuntime53@@@std@@@std@@QEAAPEAUState@Runtime@MilesClientRuntime53@@XZ (public: struct MilesClientRuntime53::Runtime::State * __cdecl std::unique_ptr<struct MilesClientRuntime53::Runtime::State,struct std::default_delete<struct MilesClientRuntime53::Runtime::State> >::release(void))
418 00000000 SECT7  notype ()    External     | ??$?0UTicket@?A0xabeb220a@MilesClientRuntime53@@@?$shared_ptr@UTicket@?A0xabeb220a@MilesClientRuntime53@@@std@@QEAA@PEAUTicket@?A0xabeb220a@MilesClientRuntime53@@@Z (public: __cdecl std::shared_ptr<struct MilesClientRuntime53::`anonymous namespace'::Ticket>::shared_ptr<struct MilesClientRuntime53::`anonymous namespace'::Ticket><struct MilesClientRuntime53::`anonymous namespace'::Ticket>(struct MilesClientRuntime53::`anonymous namespace'::Ticket *))
419 00000000 SECT20 notype ()    External     | ??$_Reset@$$CBX@?$_Ptr_base@$$CBX@std@@QEAAXAEBV01@@Z (public: void __cdecl std::_Ptr_base<void const >::_Reset<void const >(class std::_Ptr_base<void const > const &))
41A 00000000 SECT23 notype ()    External     | ??$_Reset@X@?$_Ptr_base@X@std@@QEAAXAEBV01@@Z (public: void __cdecl std::_Ptr_base<void>::_Reset<void>(class std::_Ptr_base<void> const &))
41B 00000000 SECTA  notype ()    External     | ??$?9V?$allocator@UHandle@MilesWire@@@std@@V01@@std@@YA_NAEBU?$_Wrap_alloc@V?$allocator@UHandle@MilesWire@@@std@@@0@0@Z (bool __cdecl std::operator!=<class std::allocator<struct MilesWire::Handle>,class std::allocator<struct MilesWire::Handle> >(struct std::_Wrap_alloc<class std::allocator<struct MilesWire::Handle> > const &,struct std::_Wrap_alloc<class std::allocator<struct MilesWire::Handle> > const &))
41C 00000000 SECTE  notype ()    External     | ??$_Copy_impl@PEAUHandle@MilesWire@@PEAU12@@std@@YAPEAUHandle@MilesWire@@PEAU12@00@Z (struct MilesWire::Handle * __cdecl std::_Copy_impl<struct MilesWire::Handle *,struct MilesWire::Handle *>(struct MilesWire::Handle *,struct MilesWire::Handle *,struct MilesWire::Handle *))
41D 00000000 SECT2A notype ()    External     | ??$_Ucopy@PEAUHandle@MilesWire@@@?$vector@UHandle@MilesWire@@V?$allocator@UHandle@MilesWire@@@std@@@std@@IEAAPEAUHandle@MilesWire@@PEAU23@00@Z (protected: struct MilesWire::Handle * __cdecl std::vector<struct MilesWire::Handle,class std::allocator<struct MilesWire::Handle> >::_Ucopy<struct MilesWire::Handle *>(struct MilesWire::Handle *,struct MilesWire::Handle *,struct MilesWire::Handle *))
41E 00000000 SECT21 notype ()    External     | ??$_Reset@UFileSessionContext@MilesFileOwner36@@@?$_Ptr_base@UFileSessionContext@MilesFileOwner36@@@std@@QEAAXAEBV01@@Z (public: void __cdecl std::_Ptr_base<struct MilesFileOwner36::FileSessionContext>::_Reset<struct MilesFileOwner36::FileSessionContext>(class std::_Ptr_base<struct MilesFileOwner36::FileSessionContext> const &))
41F 00000000 SECT151 notype ()    External    | ?pointer_to@?$pointer_traits@PEAUState@Runtime@MilesClientRuntime53@@@std@@SAPEAUState@Runtime@MilesClientRuntime53@@AEAU345@@Z (public: static struct MilesClientRuntime53::Runtime::State * __cdecl std::pointer_traits<struct MilesClientRuntime53::Runtime::State *>::pointer_to(struct MilesClientRuntime53::Runtime::State &))
420 00000000 SECT32 notype ()    External     | ??$construct@PEADAEAPEAD@?$_Wrap_alloc@V?$allocator@D@std@@@std@@QEAAXPEAPEADAEAPEAD@Z (public: void __cdecl std::_Wrap_alloc<class std::allocator<char> >::construct<char *,char * &>(char * *,char * &))
421 00000000 SECT3E notype ()    External     | ??$destroy@PEAD@?$_Wrap_alloc@V?$allocator@D@std@@@std@@QEAAXPEAPEAD@Z (public: void __cdecl std::_Wrap_alloc<class std::allocator<char> >::destroy<char *>(char * *))
422 00000000 SECT30 notype ()    External     | ??$addressof@D@std@@YAPEADAEAD@Z (char * __cdecl std::addressof<char>(char &))
423 00000000 SECT16 notype ()    External     | ??$_Destroy_range@U?$_Wrap_alloc@V?$allocator@UHandle@MilesWire@@@std@@@std@@@std@@YAXPEAUHandle@MilesWire@@0AEAU?$_Wrap_alloc@V?$allocator@UHandle@MilesWire@@@std@@@0@@Z (void __cdecl std::_Destroy_range<struct std::_Wrap_alloc<class std::allocator<struct MilesWire::Handle> > >(struct MilesWire::Handle *,struct MilesWire::Handle *,struct std::_Wrap_alloc<class std::allocator<struct MilesWire::Handle> > &))
424 00000000 SECT22 notype ()    External     | ??$_Reset@UTicket@?A0xabeb220a@MilesClientRuntime53@@@?$_Ptr_base@UTicket@?A0xabeb220a@MilesClientRuntime53@@@std@@QEAAXAEBV01@@Z (public: void __cdecl std::_Ptr_base<struct MilesClientRuntime53::`anonymous namespace'::Ticket>::_Reset<struct MilesClientRuntime53::`anonymous namespace'::Ticket>(class std::_Ptr_base<struct MilesClientRuntime53::`anonymous namespace'::Ticket> const &))
425 00000000 SECT31 notype ()    External     | ??$addressof@UState@Runtime@MilesClientRuntime53@@@std@@YAPEAUState@Runtime@MilesClientRuntime53@@AEAU123@@Z (struct MilesClientRuntime53::Runtime::State * __cdecl std::addressof<struct MilesClientRuntime53::Runtime::State>(struct MilesClientRuntime53::Runtime::State &))
426 00000000 SECT67 notype ()    External     | ??0?$allocator@U_Container_proxy@std@@@std@@QEAA@XZ (public: __cdecl std::allocator<struct std::_Container_proxy>::allocator<struct std::_Container_proxy>(void))
427 00000000 SECT130 notype ()    External    | ?deallocate@?$allocator@U_Container_proxy@std@@@std@@QEAAXPEAU_Container_proxy@2@_K@Z (public: void __cdecl std::allocator<struct std::_Container_proxy>::deallocate(struct std::_Container_proxy *,unsigned __int64))
428 00000000 SECT11C notype ()    External    | ?allocate@?$allocator@U_Container_proxy@std@@@std@@QEAAPEAU_Container_proxy@2@_K@Z (public: struct std::_Container_proxy * __cdecl std::allocator<struct std::_Container_proxy>::allocate(unsigned __int64))
429 00000000 SECT3B notype ()    External     | ??$construct@U_Container_proxy@std@@U12@@?$allocator@U_Container_proxy@std@@@std@@QEAAXPEAU_Container_proxy@1@$$QEAU21@@Z (public: void __cdecl std::allocator<struct std::_Container_proxy>::construct<struct std::_Container_proxy,struct std::_Container_proxy>(struct std::_Container_proxy *,struct std::_Container_proxy &&))
42A 00000000 SECT45 notype ()    External     | ??$destroy@U_Container_proxy@std@@@?$allocator@U_Container_proxy@std@@@std@@QEAAXPEAU_Container_proxy@1@@Z (public: void __cdecl std::allocator<struct std::_Container_proxy>::destroy<struct std::_Container_proxy>(struct std::_Container_proxy *))
42B 00000000 SECT62 notype ()    External     | ??0?$_Wrap_alloc@V?$allocator@U_Container_proxy@std@@@std@@@std@@QEAA@XZ (public: __cdecl std::_Wrap_alloc<class std::allocator<struct std::_Container_proxy> >::_Wrap_alloc<class std::allocator<struct std::_Container_proxy> >(void))
42C 00000000 SECT119 notype ()    External    | ?allocate@?$_Wrap_alloc@V?$allocator@U_Container_proxy@std@@@std@@@std@@QEAAPEAU_Container_proxy@2@_K@Z (public: struct std::_Container_proxy * __cdecl std::_Wrap_alloc<class std::allocator<struct std::_Container_proxy> >::allocate(unsigned __int64))
42D 00000000 SECT12C notype ()    External    | ?deallocate@?$_Wrap_alloc@V?$allocator@U_Container_proxy@std@@@std@@@std@@QEAAXPEAU_Container_proxy@2@_K@Z (public: void __cdecl std::_Wrap_alloc<class std::allocator<struct std::_Container_proxy> >::deallocate(struct std::_Container_proxy *,unsigned __int64))
42E 00000000 SECT3A notype ()    External     | ??$construct@U_Container_proxy@std@@U12@@?$_Wrap_alloc@V?$allocator@U_Container_proxy@std@@@std@@@std@@QEAAXPEAU_Container_proxy@1@$$QEAU21@@Z (public: void __cdecl std::_Wrap_alloc<class std::allocator<struct std::_Container_proxy> >::construct<struct std::_Container_proxy,struct std::_Container_proxy>(struct std::_Container_proxy *,struct std::_Container_proxy &&))
42F 00000000 SECT44 notype ()    External     | ??$destroy@U_Container_proxy@std@@@?$_Wrap_alloc@V?$allocator@U_Container_proxy@std@@@std@@@std@@QEAAXPEAU_Container_proxy@1@@Z (public: void __cdecl std::_Wrap_alloc<class std::allocator<struct std::_Container_proxy> >::destroy<struct std::_Container_proxy>(struct std::_Container_proxy *))
430 00000000 SECT14 notype ()    External     | ??$_Destroy_range@U?$_Wrap_alloc@V?$allocator@E@std@@@std@@@std@@YAXPEAE0AEAU?$_Wrap_alloc@V?$allocator@E@std@@@0@@Z (void __cdecl std::_Destroy_range<struct std::_Wrap_alloc<class std::allocator<unsigned char> > >(unsigned char *,unsigned char *,struct std::_Wrap_alloc<class std::allocator<unsigned char> > &))
431 00000000 SECT4D notype ()    External     | ??$swap@PEAV_Ref_count_base@std@@@std@@YAXAEAPEAV_Ref_count_base@0@0@Z (void __cdecl std::swap<class std::_Ref_count_base *>(class std::_Ref_count_base * &,class std::_Ref_count_base * &))
432 00000000 SECT4E notype ()    External     | ??$swap@PEAX@std@@YAXAEAPEAX0@Z (void __cdecl std::swap<void *>(void * &,void * &))
433 00000000 SECT4C notype ()    External     | ??$swap@PEAUTicket@?A0xabeb220a@MilesClientRuntime53@@@std@@YAXAEAPEAUTicket@?A0xabeb220a@MilesClientRuntime53@@0@Z (void __cdecl std::swap<struct MilesClientRuntime53::`anonymous namespace'::Ticket *>(struct MilesClientRuntime53::`anonymous namespace'::Ticket * &,struct MilesClientRuntime53::`anonymous namespace'::Ticket * &))
434 00000000 SECTC  notype ()    External     | ??$_Allocate@UHandle@MilesWire@@@std@@YAPEAUHandle@MilesWire@@_KPEAU12@@Z (struct MilesWire::Handle * __cdecl std::_Allocate<struct MilesWire::Handle>(unsigned __int64,struct MilesWire::Handle *))
435 00000000 SECTD  notype ()    External     | ??$_Allocate@U_Container_proxy@std@@@std@@YAPEAU_Container_proxy@0@_KPEAU10@@Z (struct std::_Container_proxy * __cdecl std::_Allocate<struct std::_Container_proxy>(unsigned __int64,struct std::_Container_proxy *))
436 00000000 SECTB  notype ()    External     | ??$_Allocate@D@std@@YAPEAD_KPEAD@Z (char * __cdecl std::_Allocate<char>(unsigned __int64,char *))
437 00000000 SECTCE notype ()    Static       | ??__E?_Generic_object@?$_Error_objects@H@std@@2V_Generic_error_category@2@A@@YAXXZ (void __cdecl `dynamic initializer for 'public: static class std::_Generic_error_category std::_Error_objects<int>::_Generic_object''(void))
438 00000000 SECTD9 notype ()    Static       | ??__F?_Generic_object@?$_Error_objects@H@std@@2V_Generic_error_category@2@A@@YAXXZ (void __cdecl `dynamic atexit destructor for 'public: static class std::_Generic_error_category std::_Error_objects<int>::_Generic_object''(void))
439 00000000 SECTCF notype ()    Static       | ??__E?_Iostream_object@?$_Error_objects@H@std@@2V_Iostream_error_category@2@A@@YAXXZ (void __cdecl `dynamic initializer for 'public: static class std::_Iostream_error_category std::_Error_objects<int>::_Iostream_object''(void))
43A 00000000 SECTDA notype ()    Static       | ??__F?_Iostream_object@?$_Error_objects@H@std@@2V_Iostream_error_category@2@A@@YAXXZ (void __cdecl `dynamic atexit destructor for 'public: static class std::_Iostream_error_category std::_Error_objects<int>::_Iostream_object''(void))
43B 00000000 SECTD0 notype ()    Static       | ??__E?_System_object@?$_Error_objects@H@std@@2V_System_error_category@2@A@@YAXXZ (void __cdecl `dynamic initializer for 'public: static class std::_System_error_category std::_Error_objects<int>::_System_object''(void))
43C 00000000 SECTDB notype ()    Static       | ??__F?_System_object@?$_Error_objects@H@std@@2V_System_error_category@2@A@@YAXXZ (void __cdecl `dynamic atexit destructor for 'public: static class std::_System_error_category std::_Error_objects<int>::_System_object''(void))
43D 00000000 SECT6  notype ()    External     | ??$?0UFileSessionContext@MilesFileOwner36@@@?$shared_ptr@UFileSessionContext@MilesFileOwner36@@@std@@QEAA@PEAUFileSessionContext@MilesFileOwner36@@@Z (public: __cdecl std::shared_ptr<struct MilesFileOwner36::FileSessionContext>::shared_ptr<struct MilesFileOwner36::FileSessionContext><struct MilesFileOwner36::FileSessionContext>(struct MilesFileOwner36::FileSessionContext *))
43E 00000000 SECT28 notype ()    External     | ??$_Resetp@UTicket@?A0xabeb220a@MilesClientRuntime53@@@?$shared_ptr@UTicket@?A0xabeb220a@MilesClientRuntime53@@@std@@AEAAXPEAUTicket@?A0xabeb220a@MilesClientRuntime53@@@Z (private: void __cdecl std::shared_ptr<struct MilesClientRuntime53::`anonymous namespace'::Ticket>::_Resetp<struct MilesClientRuntime53::`anonymous namespace'::Ticket>(struct MilesClientRuntime53::`anonymous namespace'::Ticket *))
43F 00000000 SECT9  notype ()    External     | ??$?8V?$allocator@UHandle@MilesWire@@@std@@V01@@std@@YA_NAEBU?$_Wrap_alloc@V?$allocator@UHandle@MilesWire@@@std@@@0@0@Z (bool __cdecl std::operator==<class std::allocator<struct MilesWire::Handle>,class std::allocator<struct MilesWire::Handle> >(struct std::_Wrap_alloc<class std::allocator<struct MilesWire::Handle> > const &,struct std::_Wrap_alloc<class std::allocator<struct MilesWire::Handle> > const &))
440 00000000 SECT8  notype ()    External     | ??$?8UHandle@MilesWire@@U01@@std@@YA_NAEBV?$allocator@UHandle@MilesWire@@@0@0@Z (bool __cdecl std::operator==<struct MilesWire::Handle,struct MilesWire::Handle>(class std::allocator<struct MilesWire::Handle> const &,class std::allocator<struct MilesWire::Handle> const &))
441 00000000 SECT1E notype ()    External     | ??$_Ptr_cat@UHandle@MilesWire@@U12@@std@@YA?AU_Nonscalar_ptr_iterator_tag@0@PEAUHandle@MilesWire@@0@Z (struct std::_Nonscalar_ptr_iterator_tag __cdecl std::_Ptr_cat<struct MilesWire::Handle,struct MilesWire::Handle>(struct MilesWire::Handle *,struct MilesWire::Handle *))
442 00000000 SECTF  notype ()    External     | ??$_Copy_impl@PEAUHandle@MilesWire@@PEAU12@@std@@YAPEAUHandle@MilesWire@@PEAU12@00U_Nonscalar_ptr_iterator_tag@0@@Z (struct MilesWire::Handle * __cdecl std::_Copy_impl<struct MilesWire::Handle *,struct MilesWire::Handle *>(struct MilesWire::Handle *,struct MilesWire::Handle *,struct MilesWire::Handle *,struct std::_Nonscalar_ptr_iterator_tag))
443 00000000 SECT2F notype ()    External     | ??$_Uninitialized_copy@PEAUHandle@MilesWire@@PEAU12@U?$_Wrap_alloc@V?$allocator@UHandle@MilesWire@@@std@@@std@@@std@@YAPEAUHandle@MilesWire@@PEAU12@00AEAU?$_Wrap_alloc@V?$allocator@UHandle@MilesWire@@@std@@@0@@Z (struct MilesWire::Handle * __cdecl std::_Uninitialized_copy<struct MilesWire::Handle *,struct MilesWire::Handle *,struct std::_Wrap_alloc<class std::allocator<struct MilesWire::Handle> > >(struct MilesWire::Handle *,struct MilesWire::Handle *,struct MilesWire::Handle *,struct std::_Wrap_alloc<class std::allocator<struct MilesWire::Handle> > &))
444 00000000 SECT47 notype ()    External     | ??$forward@AEAPEAD@std@@YAAEAPEADAEAPEAD@Z (char * & __cdecl std::forward<char * &>(char * &))
445 00000000 SECT35 notype ()    External     | ??$construct@PEADAEAPEAD@?$allocator_traits@V?$allocator@D@std@@@std@@SAXAEAV?$allocator@D@1@PEAPEADAEAPEAD@Z (public: static void __cdecl std::allocator_traits<class std::allocator<char> >::construct<char *,char * &>(class std::allocator<char> &,char * *,char * &))
446 00000000 SECT40 notype ()    External     | ??$destroy@PEAD@?$allocator_traits@V?$allocator@D@std@@@std@@SAXAEAV?$allocator@D@1@PEAPEAD@Z (public: static void __cdecl std::allocator_traits<class std::allocator<char> >::destroy<char *>(class std::allocator<char> &,char * *))
447 00000000 SECT17 notype ()    External     | ??$_Destroy_range@U?$_Wrap_alloc@V?$allocator@UHandle@MilesWire@@@std@@@std@@@std@@YAXPEAUHandle@MilesWire@@0AEAU?$_Wrap_alloc@V?$allocator@UHandle@MilesWire@@@std@@@0@U_Nonscalar_ptr_iterator_tag@0@@Z (void __cdecl std::_Destroy_range<struct std::_Wrap_alloc<class std::allocator<struct MilesWire::Handle> > >(struct MilesWire::Handle *,struct MilesWire::Handle *,struct std::_Wrap_alloc<class std::allocator<struct MilesWire::Handle> > &,struct std::_Nonscalar_ptr_iterator_tag))
448 00000000 SECT49 notype ()    External     | ??$forward@U_Container_proxy@std@@@std@@YA$$QEAU_Container_proxy@0@AEAU10@@Z (struct std::_Container_proxy && __cdecl std::forward<struct std::_Container_proxy>(struct std::_Container_proxy &))
449 00000000 SECT3D notype ()    External     | ??$construct@U_Container_proxy@std@@U12@@?$allocator_traits@V?$allocator@U_Container_proxy@std@@@std@@@std@@SAXAEAV?$allocator@U_Container_proxy@std@@@1@PEAU_Container_proxy@1@$$QEAU31@@Z (public: static void __cdecl std::allocator_traits<class std::allocator<struct std::_Container_proxy> >::construct<struct std::_Container_proxy,struct std::_Container_proxy>(class std::allocator<struct std::_Container_proxy> &,struct std::_Container_proxy *,struct std::_Container_proxy &&))
44A 00000000 SECT46 notype ()    External     | ??$destroy@U_Container_proxy@std@@@?$allocator_traits@V?$allocator@U_Container_proxy@std@@@std@@@std@@SAXAEAV?$allocator@U_Container_proxy@std@@@1@PEAU_Container_proxy@1@@Z (public: static void __cdecl std::allocator_traits<class std::allocator<struct std::_Container_proxy> >::destroy<struct std::_Container_proxy>(class std::allocator<struct std::_Container_proxy> &,struct std::_Container_proxy *))
44B 00000000 SECT1D notype ()    External     | ??$_Ptr_cat@EE@std@@YA?AU_Scalar_ptr_iterator_tag@0@PEAE0@Z (struct std::_Scalar_ptr_iterator_tag __cdecl std::_Ptr_cat<unsigned char,unsigned char>(unsigned char *,unsigned char *))
44C 00000000 SECT15 notype ()    External     | ??$_Destroy_range@U?$_Wrap_alloc@V?$allocator@E@std@@@std@@@std@@YAXPEAE0AEAU?$_Wrap_alloc@V?$allocator@E@std@@@0@U_Scalar_ptr_iterator_tag@0@@Z (void __cdecl std::_Destroy_range<struct std::_Wrap_alloc<class std::allocator<unsigned char> > >(unsigned char *,unsigned char *,struct std::_Wrap_alloc<class std::allocator<unsigned char> > &,struct std::_Scalar_ptr_iterator_tag))
44D 00000000 SECT1B notype ()    External     | ??$_Move@AEAPEAV_Ref_count_base@std@@@std@@YA$$QEAPEAV_Ref_count_base@0@AEAPEAV10@@Z (class std::_Ref_count_base * && __cdecl std::_Move<class std::_Ref_count_base * &>(class std::_Ref_count_base * &))
44E 00000000 SECT1C notype ()    External     | ??$_Move@AEAPEAX@std@@YA$$QEAPEAXAEAPEAX@Z (void * && __cdecl std::_Move<void * &>(void * &))
44F 00000000 SECT1A notype ()    External     | ??$_Move@AEAPEAUTicket@?A0xabeb220a@MilesClientRuntime53@@@std@@YA$$QEAPEAUTicket@?A0xabeb220a@MilesClientRuntime53@@AEAPEAU123@@Z (struct MilesClientRuntime53::`anonymous namespace'::Ticket * && __cdecl std::_Move<struct MilesClientRuntime53::`anonymous namespace'::Ticket * &>(struct MilesClientRuntime53::A0xabeb220a::Ticket * &))
450 00000000 SECT4B notype ()    External     | ??$swap@PEAUFileSessionContext@MilesFileOwner36@@@std@@YAXAEAPEAUFileSessionContext@MilesFileOwner36@@0@Z (void __cdecl std::swap<struct MilesFileOwner36::FileSessionContext *>(struct MilesFileOwner36::FileSessionContext * &,struct MilesFileOwner36::FileSessionContext * &))
451 00000000 SECTD1 notype ()    Static       | ??__E?id@?$num_put@DV?$back_insert_iterator@V?$basic_string@DU?$char_traits@D@std@@V?$allocator@D@2@@std@@@std@@@std@@2V0locale@2@A@@YAXXZ (void __cdecl `dynamic initializer for 'public: static class std::locale::id std::num_put<char,class std::back_insert_iterator<class std::basic_string<char,struct std::char_traits<char>,class std::allocator<char> > > >::id''(void))
452 00000000 SECTD2 notype ()    Static       | ??__E?id@?$num_put@_WV?$back_insert_iterator@V?$basic_string@_WU?$char_traits@_W@std@@V?$allocator@_W@2@@std@@@std@@@std@@2V0locale@2@A@@YAXXZ (void __cdecl `dynamic initializer for 'public: static class std::locale::id std::num_put<wchar_t,class std::back_insert_iterator<class std::basic_string<wchar_t,struct std::char_traits<wchar_t>,class std::allocator<wchar_t> > > >::id''(void))
453 00000000 SECT26 notype ()    External     | ??$_Resetp@UFileSessionContext@MilesFileOwner36@@@?$shared_ptr@UFileSessionContext@MilesFileOwner36@@@std@@AEAAXPEAUFileSessionContext@MilesFileOwner36@@@Z (private: void __cdecl std::shared_ptr<struct MilesFileOwner36::FileSessionContext>::_Resetp<struct MilesFileOwner36::FileSessionContext>(struct MilesFileOwner36::FileSessionContext *))
454 00000000 SECT54 notype ()    External     | ??0?$_Ref_count@UTicket@?A0xabeb220a@MilesClientRuntime53@@@std@@QEAA@PEAUTicket@?A0xabeb220a@MilesClientRuntime53@@@Z (public: __cdecl std::_Ref_count<struct MilesClientRuntime53::`anonymous namespace'::Ticket>::_Ref_count<struct MilesClientRuntime53::`anonymous namespace'::Ticket>(struct MilesClientRuntime53::`anonymous namespace'::Ticket *))
455 00000000 SECTED notype ()    External     | ?_Destroy@?$_Ref_count@UTicket@?A0xabeb220a@MilesClientRuntime53@@@std@@EEAAXXZ (private: virtual void __cdecl std::_Ref_count<struct MilesClientRuntime53::`anonymous namespace'::Ticket>::_Destroy(void))
456 00000000 SECTEB notype ()    External     | ?_Delete_this@?$_Ref_count@UTicket@?A0xabeb220a@MilesClientRuntime53@@@std@@EEAAXXZ (private: virtual void __cdecl std::_Ref_count<struct MilesClientRuntime53::`anonymous namespace'::Ticket>::_Delete_this(void))
457 00000000 SECT92 notype ()    External     | ??1?$_Ref_count@UTicket@?A0xabeb220a@MilesClientRuntime53@@@std@@UEAA@XZ (public: virtual __cdecl std::_Ref_count<struct MilesClientRuntime53::`anonymous namespace'::Ticket>::~_Ref_count<struct MilesClientRuntime53::`anonymous namespace'::Ticket>(void))
458 00000000 SECTC1 notype ()    External     | ??_G?$_Ref_count@UTicket@?A0xabeb220a@MilesClientRuntime53@@@std@@UEAAPEAXI@Z (public: virtual void * __cdecl std::_Ref_count<struct MilesClientRuntime53::`anonymous namespace'::Ticket>::`scalar deleting destructor'(unsigned int))
459 00000000 UNDEF  notype ()    WeakExternal | ??_E?$_Ref_count@UTicket@?A0xabeb220a@MilesClientRuntime53@@@std@@UEAAPEAXI@Z (public: virtual void * __cdecl std::_Ref_count<struct MilesClientRuntime53::`anonymous namespace'::Ticket>::`vector deleting destructor'(unsigned int))
    Default index      458 library search
45B 00000000 SECT25 notype ()    External     | ??$_Resetp0@UTicket@?A0xabeb220a@MilesClientRuntime53@@@?$shared_ptr@UTicket@?A0xabeb220a@MilesClientRuntime53@@@std@@QEAAXPEAUTicket@?A0xabeb220a@MilesClientRuntime53@@PEAV_Ref_count_base@1@@Z (public: void __cdecl std::shared_ptr<struct MilesClientRuntime53::`anonymous namespace'::Ticket>::_Resetp0<struct MilesClientRuntime53::`anonymous namespace'::Ticket>(struct MilesClientRuntime53::`anonymous namespace'::Ticket *,class std::_Ref_count_base *))
45C 00000000 SECTD3 notype ()    Static       | ??__E?id@?$numpunct@D@std@@2V0locale@2@A@@YAXXZ (void __cdecl `dynamic initializer for 'public: static class std::locale::id std::numpunct<char>::id''(void))
45D 00000000 SECTD4 notype ()    Static       | ??__E?id@?$numpunct@_W@std@@2V0locale@2@A@@YAXXZ (void __cdecl `dynamic initializer for 'public: static class std::locale::id std::numpunct<wchar_t>::id''(void))
45E 00000000 SECT2B notype ()    External     | ??$_Unchecked@PEAUHandle@MilesWire@@@std@@YAPEAUHandle@MilesWire@@PEAU12@@Z (struct MilesWire::Handle * __cdecl std::_Unchecked<struct MilesWire::Handle *>(struct MilesWire::Handle *))
45F 00000000 SECT2C notype ()    External     | ??$_Uninit_copy@PEAUHandle@MilesWire@@PEAU12@U?$_Wrap_alloc@V?$allocator@UHandle@MilesWire@@@std@@@std@@@std@@YAPEAUHandle@MilesWire@@PEAU12@00AEAU?$_Wrap_alloc@V?$allocator@UHandle@MilesWire@@@std@@@0@@Z (struct MilesWire::Handle * __cdecl std::_Uninit_copy<struct MilesWire::Handle *,struct MilesWire::Handle *,struct std::_Wrap_alloc<class std::allocator<struct MilesWire::Handle> > >(struct MilesWire::Handle *,struct MilesWire::Handle *,struct MilesWire::Handle *,struct std::_Wrap_alloc<class std::allocator<struct MilesWire::Handle> > &))
460 00000000 SECT1F notype ()    External     | ??$_Rechecked@PEAUHandle@MilesWire@@PEAU12@@std@@YAAEAPEAUHandle@MilesWire@@AEAPEAU12@PEAU12@@Z (struct MilesWire::Handle * & __cdecl std::_Rechecked<struct MilesWire::Handle *,struct MilesWire::Handle *>(struct MilesWire::Handle * &,struct MilesWire::Handle *))
461 00000000 SECT33 notype ()    External     | ??$construct@PEADAEAPEAD@?$allocator@D@std@@QEAAXPEAPEADAEAPEAD@Z (public: void __cdecl std::allocator<char>::construct<char *,char * &>(char * *,char * &))
462 00000000 SECT3F notype ()    External     | ??$destroy@PEAD@?$allocator@D@std@@QEAAXPEAPEAD@Z (public: void __cdecl std::allocator<char>::destroy<char *>(char * *))
463 00000000 SECT41 notype ()    External     | ??$destroy@UHandle@MilesWire@@@?$_Wrap_alloc@V?$allocator@UHandle@MilesWire@@@std@@@std@@QEAAXPEAUHandle@MilesWire@@@Z (public: void __cdecl std::_Wrap_alloc<class std::allocator<struct MilesWire::Handle> >::destroy<struct MilesWire::Handle>(struct MilesWire::Handle *))
464 00000000 SECT19 notype ()    External     | ??$_Move@AEAPEAUFileSessionContext@MilesFileOwner36@@@std@@YA$$QEAPEAUFileSessionContext@MilesFileOwner36@@AEAPEAU12@@Z (struct MilesFileOwner36::FileSessionContext * && __cdecl std::_Move<struct MilesFileOwner36::FileSessionContext * &>(struct MilesFileOwner36::FileSessionContext * &))
465 00000000 SECT53 notype ()    External     | ??0?$_Ref_count@UFileSessionContext@MilesFileOwner36@@@std@@QEAA@PEAUFileSessionContext@MilesFileOwner36@@@Z (public: __cdecl std::_Ref_count<struct MilesFileOwner36::FileSessionContext>::_Ref_count<struct MilesFileOwner36::FileSessionContext>(struct MilesFileOwner36::FileSessionContext *))
466 00000000 SECTEC notype ()    External     | ?_Destroy@?$_Ref_count@UFileSessionContext@MilesFileOwner36@@@std@@EEAAXXZ (private: virtual void __cdecl std::_Ref_count<struct MilesFileOwner36::FileSessionContext>::_Destroy(void))
467 00000000 SECTEA notype ()    External     | ?_Delete_this@?$_Ref_count@UFileSessionContext@MilesFileOwner36@@@std@@EEAAXXZ (private: virtual void __cdecl std::_Ref_count<struct MilesFileOwner36::FileSessionContext>::_Delete_this(void))
468 00000000 SECT91 notype ()    External     | ??1?$_Ref_count@UFileSessionContext@MilesFileOwner36@@@std@@UEAA@XZ (public: virtual __cdecl std::_Ref_count<struct MilesFileOwner36::FileSessionContext>::~_Ref_count<struct MilesFileOwner36::FileSessionContext>(void))
469 00000000 SECTC0 notype ()    External     | ??_G?$_Ref_count@UFileSessionContext@MilesFileOwner36@@@std@@UEAAPEAXI@Z (public: virtual void * __cdecl std::_Ref_count<struct MilesFileOwner36::FileSessionContext>::`scalar deleting destructor'(unsigned int))
46A 00000000 UNDEF  notype ()    WeakExternal | ??_E?$_Ref_count@UFileSessionContext@MilesFileOwner36@@@std@@UEAAPEAXI@Z (public: virtual void * __cdecl std::_Ref_count<struct MilesFileOwner36::FileSessionContext>::`vector deleting destructor'(unsigned int))
    Default index      469 library search
46C 00000000 SECT24 notype ()    External     | ??$_Resetp0@UFileSessionContext@MilesFileOwner36@@@?$shared_ptr@UFileSessionContext@MilesFileOwner36@@@std@@QEAAXPEAUFileSessionContext@MilesFileOwner36@@PEAV_Ref_count_base@1@@Z (public: void __cdecl std::shared_ptr<struct MilesFileOwner36::FileSessionContext>::_Resetp0<struct MilesFileOwner36::FileSessionContext>(struct MilesFileOwner36::FileSessionContext *,class std::_Ref_count_base *))
46D 00000000 SECT2D notype ()    External     | ??$_Uninit_copy@PEAUHandle@MilesWire@@PEAU12@V?$allocator@UHandle@MilesWire@@@std@@@std@@YAPEAUHandle@MilesWire@@PEAU12@00AEAU?$_Wrap_alloc@V?$allocator@UHandle@MilesWire@@@std@@@0@U_Nonscalar_ptr_iterator_tag@0@@Z (struct MilesWire::Handle * __cdecl std::_Uninit_copy<struct MilesWire::Handle *,struct MilesWire::Handle *,class std::allocator<struct MilesWire::Handle> >(struct MilesWire::Handle *,struct MilesWire::Handle *,struct MilesWire::Handle *,struct std::_Wrap_alloc<class std::allocator<struct MilesWire::Handle> > &,struct std::_Nonscalar_ptr_iterator_tag))
46E 00000000 SECT43 notype ()    External     | ??$destroy@UHandle@MilesWire@@@?$allocator_traits@V?$allocator@UHandle@MilesWire@@@std@@@std@@SAXAEAV?$allocator@UHandle@MilesWire@@@1@PEAUHandle@MilesWire@@@Z (public: static void __cdecl std::allocator_traits<class std::allocator<struct MilesWire::Handle> >::destroy<struct MilesWire::Handle>(class std::allocator<struct MilesWire::Handle> &,struct MilesWire::Handle *))
46F 00000000 SECT13 notype ()    External     | ??$_Debug_range@PEAUHandle@MilesWire@@@std@@YAXPEAUHandle@MilesWire@@0PEB_WI@Z (void __cdecl std::_Debug_range<struct MilesWire::Handle *>(struct MilesWire::Handle *,struct MilesWire::Handle *,wchar_t const *,unsigned int))
470 00000000 SECT11 notype ()    External     | ??$_Debug_pointer@UHandle@MilesWire@@@std@@YAXPEAUHandle@MilesWire@@PEB_WI@Z (void __cdecl std::_Debug_pointer<struct MilesWire::Handle>(struct MilesWire::Handle *,wchar_t const *,unsigned int))
471 00000000 SECT36 notype ()    External     | ??$construct@UHandle@MilesWire@@AEAU12@@?$_Wrap_alloc@V?$allocator@UHandle@MilesWire@@@std@@@std@@QEAAXPEAUHandle@MilesWire@@AEAU23@@Z (public: void __cdecl std::_Wrap_alloc<class std::allocator<struct MilesWire::Handle> >::construct<struct MilesWire::Handle,struct MilesWire::Handle &>(struct MilesWire::Handle *,struct MilesWire::Handle &))
472 00000000 SECT42 notype ()    External     | ??$destroy@UHandle@MilesWire@@@?$allocator@UHandle@MilesWire@@@std@@QEAAXPEAUHandle@MilesWire@@@Z (public: void __cdecl std::allocator<struct MilesWire::Handle>::destroy<struct MilesWire::Handle>(struct MilesWire::Handle *))
473 00000000 SECT18 notype ()    External     | ??$_Iter_cat@PEAUHandle@MilesWire@@@std@@YA?AUrandom_access_iterator_tag@0@AEBQEAUHandle@MilesWire@@@Z (struct std::random_access_iterator_tag __cdecl std::_Iter_cat<struct MilesWire::Handle *>(struct MilesWire::Handle * const &))
474 00000000 SECT12 notype ()    External     | ??$_Debug_range2@PEAUHandle@MilesWire@@@std@@YAXPEAUHandle@MilesWire@@0PEB_WIUrandom_access_iterator_tag@0@@Z (void __cdecl std::_Debug_range2<struct MilesWire::Handle *>(struct MilesWire::Handle *,struct MilesWire::Handle *,wchar_t const *,unsigned int,struct std::random_access_iterator_tag))
475 00000000 SECT48 notype ()    External     | ??$forward@AEAUHandle@MilesWire@@@std@@YAAEAUHandle@MilesWire@@AEAU12@@Z (struct MilesWire::Handle & __cdecl std::forward<struct MilesWire::Handle &>(struct MilesWire::Handle &))
476 00000000 SECT39 notype ()    External     | ??$construct@UHandle@MilesWire@@AEAU12@@?$allocator_traits@V?$allocator@UHandle@MilesWire@@@std@@@std@@SAXAEAV?$allocator@UHandle@MilesWire@@@1@PEAUHandle@MilesWire@@AEAU34@@Z (public: static void __cdecl std::allocator_traits<class std::allocator<struct MilesWire::Handle> >::construct<struct MilesWire::Handle,struct MilesWire::Handle &>(class std::allocator<struct MilesWire::Handle> &,struct MilesWire::Handle *,struct MilesWire::Handle &))
477 00000000 SECT37 notype ()    External     | ??$construct@UHandle@MilesWire@@AEAU12@@?$allocator@UHandle@MilesWire@@@std@@QEAAXPEAUHandle@MilesWire@@AEAU23@@Z (public: void __cdecl std::allocator<struct MilesWire::Handle>::construct<struct MilesWire::Handle,struct MilesWire::Handle &>(struct MilesWire::Handle *,struct MilesWire::Handle &))
478 00000018 SECT27 notype ()    Static       | ?catch$0@?0???$_Resetp@UFileSessionContext@MilesFileOwner36@@@?$shared_ptr@UFileSessionContext@MilesFileOwner36@@@std@@AEAAXPEAUFileSessionContext@MilesFileOwner36@@@Z@4HA (int `private: void __cdecl std::shared_ptr<struct MilesFileOwner36::FileSessionContext>::_Resetp<struct MilesFileOwner36::FileSessionContext>(struct MilesFileOwner36::FileSessionContext *)'::`1'::catch$0)
479 00000018 SECT29 notype ()    Static       | ?catch$0@?0???$_Resetp@UTicket@?A0xabeb220a@MilesClientRuntime53@@@?$shared_ptr@UTicket@?A0xabeb220a@MilesClientRuntime53@@@std@@AEAAXPEAUTicket@?A0xabeb220a@MilesClientRuntime53@@@Z@4HA (int `private: void __cdecl std::shared_ptr<struct MilesClientRuntime53::`anonymous namespace'::Ticket>::_Resetp<struct MilesClientRuntime53::`anonymous namespace'::Ticket>(struct MilesClientRuntime53::`anonymous namespace'::Ticket *)'::`1'::catch$0)
47A 00000000 SECT2E notype ()    Static       | ?catch$0@?0???$_Uninit_copy@PEAUHandle@MilesWire@@PEAU12@V?$allocator@UHandle@MilesWire@@@std@@@std@@YAPEAUHandle@MilesWire@@PEAU12@00AEAU?$_Wrap_alloc@V?$allocator@UHandle@MilesWire@@@std@@@0@U_Nonscalar_ptr_iterator_tag@0@@Z@4HA (int `struct MilesWire::Handle * __cdecl std::_Uninit_copy<struct MilesWire::Handle *,struct MilesWire::Handle *,class std::allocator<struct MilesWire::Handle> >(struct Handle::std *,struct Handle::std *,struct Handle::std *,struct catch$0::_Wrap_alloc<class std::allocator<struct MilesWire::Handle> > &,struct catch$0::_Nonscalar_ptr_iterator_tag)'::`1'::catch$0)
47B 00000000 SECTB7 notype ()    Static       | ?catch$0@?0???4?$vector@UHandle@MilesWire@@V?$allocator@UHandle@MilesWire@@@std@@@std@@QEAAAEAV01@AEBV01@@Z@4HA (int `public: class vector<struct MilesWire::Handle,class std::allocator<struct MilesWire::Handle> >::catch$0 & __cdecl std::vector<struct MilesWire::Handle,class std::allocator<struct MilesWire::Handle> >::operator=(class vector<struct MilesWire::Handle,class std::allocator<struct MilesWire::Handle> >::catch$0 const &)'::`1'::catch$0)
47C 0000005B SECTE3 notype ()    Static       | ?catch$0@?0??_Copy@?$basic_string@DU?$char_traits@D@std@@V?$allocator@D@2@@std@@QEAAX_K0@Z@4HA (int `public: void __cdecl std::basic_string<char,struct std::char_traits<char>,class std::allocator<char> >::_Copy(unsigned __int64,unsigned __int64)'::`1'::catch$0)
47D 000000AE SECT5  notype ()    Static       | ?catch$0@?0??prepare@Runtime@MilesClientRuntime53@@QEAA_N_KP6AIPEBDPEA_K@ZP6AX0@ZP6AH0HI@ZP6AI0PEAXI@ZV?$shared_ptr@X@std@@@Z@4HA (int `public: bool __cdecl MilesClientRuntime53::Runtime::prepare(unsigned __int64,unsigned int (__cdecl*)(char const *,unsigned __int64 *),void (__cdecl*)(unsigned __int64),int (__cdecl*)(unsigned __int64,int,unsigned int),unsigned int (__cdecl*)(unsigned __int64,void *,unsigned int),class std::shared_ptr<void>)'::`1'::catch$0)
47E 00000112 SECT5  notype ()    Static       | ?catch$0@?0??publish@Runtime@MilesClientRuntime53@@QEAA_N_K0AEBV?$vector@UHandle@MilesWire@@V?$allocator@UHandle@MilesWire@@@std@@@std@@@Z@4HA (int `public: bool __cdecl MilesClientRuntime53::Runtime::publish(unsigned __int64,unsigned __int64,class std::vector<struct MilesWire::Handle,class std::allocator<struct MilesWire::Handle> > const &)'::`1'::catch$0)
47F 00000176 SECT5  notype ()    Static       | ?catch$0@?0??returned@Runtime@MilesClientRuntime53@@QEAA_N_K@Z@4HA (int `public: bool __cdecl MilesClientRuntime53::Runtime::returned(unsigned __int64)'::`1'::catch$0)
480 0000001C SECT158 notype ()    Static      | ?catch$0@?0??run@State@Runtime@MilesClientRuntime53@@QEAAXXZ@4HA (int `public: void __cdecl MilesClientRuntime53::Runtime::State::run(void)'::`1'::catch$0)
481 00000000 SECTE3 notype ()    Static       | ?catch$1@?0??_Copy@?$basic_string@DU?$char_traits@D@std@@V?$allocator@D@2@@std@@QEAAX_K0@Z@4HA (int `public: void __cdecl std::basic_string<char,struct std::char_traits<char>,class std::allocator<char> >::_Copy(unsigned __int64,unsigned __int64)'::`1'::catch$1)
482 00000095 SECT158 notype ()    Static      | ?catch$1@?0??run@State@Runtime@MilesClientRuntime53@@QEAAXXZ@4HA (int `public: void __cdecl MilesClientRuntime53::Runtime::State::run(void)'::`1'::catch$1)
483 00000000 SECT27 notype ()    Static       | ?dtor$0@?0???$_Resetp@UFileSessionContext@MilesFileOwner36@@@?$shared_ptr@UFileSessionContext@MilesFileOwner36@@@std@@AEAAXPEAUFileSessionContext@MilesFileOwner36@@@Z@4HA (int `private: void __cdecl std::shared_ptr<struct MilesFileOwner36::FileSessionContext>::_Resetp<struct MilesFileOwner36::FileSessionContext>(struct MilesFileOwner36::FileSessionContext *)'::`1'::dtor$0)
484 00000000 SECT29 notype ()    Static       | ?dtor$0@?0???$_Resetp@UTicket@?A0xabeb220a@MilesClientRuntime53@@@?$shared_ptr@UTicket@?A0xabeb220a@MilesClientRuntime53@@@std@@AEAAXPEAUTicket@?A0xabeb220a@MilesClientRuntime53@@@Z@4HA (int `private: void __cdecl std::shared_ptr<struct MilesClientRuntime53::`anonymous namespace'::Ticket>::_Resetp<struct MilesClientRuntime53::`anonymous namespace'::Ticket>(struct MilesClientRuntime53::`anonymous namespace'::Ticket *)'::`1'::dtor$0)
485 00000000 SECT34 notype ()    Static       | ?dtor$0@?0???$construct@PEADAEAPEAD@?$allocator@D@std@@QEAAXPEAPEADAEAPEAD@Z@4HA (int `public: void __cdecl std::allocator<char>::construct<char *,char * &>(char * *,char * &)'::`1'::dtor$0)
486 00000000 SECT38 notype ()    Static       | ?dtor$0@?0???$construct@UHandle@MilesWire@@AEAU12@@?$allocator@UHandle@MilesWire@@@std@@QEAAXPEAUHandle@MilesWire@@AEAU23@@Z@4HA (int `public: void __cdecl std::allocator<struct MilesWire::Handle>::construct<struct MilesWire::Handle,struct MilesWire::Handle &>(struct MilesWire::Handle *,struct Handle::std &)'::`1'::dtor$0)
487 00000000 SECT3C notype ()    Static       | ?dtor$0@?0???$construct@U_Container_proxy@std@@U12@@?$allocator@U_Container_proxy@std@@@std@@QEAAXPEAU_Container_proxy@1@$$QEAU21@@Z@4HA (int `public: void __cdecl std::allocator<struct std::_Container_proxy>::construct<struct std::_Container_proxy,struct std::_Container_proxy>(struct allocator<struct std::_Container_proxy>::_Container_proxy *,struct allocator<struct std::_Container_proxy>::std &&)'::`1'::dtor$0)
488 00000000 SECT56 notype ()    Static       | ?dtor$0@?0???0?$_String_alloc@$0A@U?$_String_base_types@DV?$allocator@D@std@@@std@@@std@@QEAA@AEBV?$allocator@D@1@@Z@4HA (int `public: __cdecl std::_String_alloc<0,struct std::_String_base_types<char,class std::allocator<char> > >::_String_alloc<0,struct std::_String_base_types<char,class std::allocator<char> > >(class _String_alloc<0,struct std::_String_base_types<char,class std::allocator<char> > >::allocator<char> const &)'::`1'::dtor$0)
489 00000000 SECT5A notype ()    Static       | ?dtor$0@?0???0?$_Vector_alloc@$0A@U?$_Vec_base_types@EV?$allocator@E@std@@@std@@@std@@QEAA@AEBV?$allocator@E@1@@Z@4HA (int `public: __cdecl std::_Vector_alloc<0,struct std::_Vec_base_types<unsigned char,class std::allocator<unsigned char> > >::_Vector_alloc<0,struct std::_Vec_base_types<unsigned char,class std::allocator<unsigned char> > >(class _Vector_alloc<0,struct std::_Vec_base_types<unsigned char,class std::allocator<unsigned char> > >::allocator<unsigned char> const &)'::`1'::dtor$0)
48A 00000000 SECT5C notype ()    Static       | ?dtor$0@?0???0?$_Vector_alloc@$0A@U?$_Vec_base_types@UHandle@MilesWire@@V?$allocator@UHandle@MilesWire@@@std@@@std@@@std@@QEAA@AEBV?$allocator@UHandle@MilesWire@@@1@@Z@4HA (int `public: __cdecl std::_Vector_alloc<0,struct std::_Vec_base_types<struct MilesWire::Handle,class std::allocator<struct MilesWire::Handle> > >::_Vector_alloc<0,struct std::_Vec_base_types<struct MilesWire::Handle,class std::allocator<struct MilesWire::Handle> > >(class _Vector_alloc<0,struct std::_Vec_base_types<struct MilesWire::Handle,class std::allocator<struct MilesWire::Handle> > >::allocator<struct MilesWire::Handle> const &)'::`1'::dtor$0)
48B 00000000 SECT69 notype ()    Static       | ?dtor$0@?0???0?$basic_string@DU?$char_traits@D@std@@V?$allocator@D@2@@std@@QEAA@PEBD@Z@4HA (int `public: __cdecl std::basic_string<char,struct std::char_traits<char>,class std::allocator<char> >::basic_string<char,struct std::char_traits<char>,class std::allocator<char> >(char const *)'::`1'::dtor$0)
48C 00000000 SECT7C notype ()    Static       | ?dtor$0@?0???0State@Runtime@MilesClientRuntime53@@QEAA@_K0V?$shared_ptr@X@std@@@Z@4HA (int `public: __cdecl MilesClientRuntime53::Runtime::State::State(unsigned __int64,unsigned __int64,class std::shared_ptr<void>)'::`1'::dtor$0)
48D 00000000 SECT7E notype ()    Static       | ?dtor$0@?0???0Ticket@?A0xabeb220a@MilesClientRuntime53@@QEAA@W4Kind@012@@Z@4HA (int `public: __cdecl MilesClientRuntime53::`anonymous namespace'::Ticket::Ticket(enum A0xabeb220a::Ticket::dtor$0::Kind)'::`1'::dtor$0)
48E 00000000 SECTA5 notype ()    Static       | ?dtor$0@?0???1State@Runtime@MilesClientRuntime53@@QEAA@XZ@4HA (int `public: __cdecl MilesClientRuntime53::Runtime::State::~State(void)'::`1'::dtor$0)
48F 00000000 SECT5  notype ()    Static       | ?dtor$0@?0??launch@Runtime@MilesClientRuntime53@@SAPEAV12@AEAPEAX_K1V?$shared_ptr@X@std@@@Z@4HA (int `public: static class Runtime::launch * __cdecl MilesClientRuntime53::Runtime::launch(void * &,unsigned __int64,unsigned __int64,class std::shared_ptr<void>)'::`1'::dtor$0)
490 00000000 SECT153 notype ()    Static      | ?dtor$0@?0??post@State@Runtime@MilesClientRuntime53@@QEAA_NAEBV?$shared_ptr@UTicket@?A0xabeb220a@MilesClientRuntime53@@@std@@@Z@4HA (int `public: bool __cdecl MilesClientRuntime53::Runtime::State::post(class std::shared_ptr<struct MilesClientRuntime53::`anonymous namespace'::Ticket> const &)'::`1'::dtor$0)
491 00000063 SECT5  notype ()    Static       | ?dtor$0@?0??prepare@Runtime@MilesClientRuntime53@@QEAA_N_KP6AIPEBDPEA_K@ZP6AX0@ZP6AH0HI@ZP6AI0PEAXI@ZV?$shared_ptr@X@std@@@Z@4HA (int `public: bool __cdecl MilesClientRuntime53::Runtime::prepare(unsigned __int64,unsigned int (__cdecl*)(char const *,unsigned __int64 *),void (__cdecl*)(unsigned __int64),int (__cdecl*)(unsigned __int64,int,unsigned int),unsigned int (__cdecl*)(unsigned __int64,void *,unsigned int),class std::shared_ptr<void>)'::`1'::dtor$0)
492 000000E2 SECT5  notype ()    Static       | ?dtor$0@?0??publish@Runtime@MilesClientRuntime53@@QEAA_N_K0AEBV?$vector@UHandle@MilesWire@@V?$allocator@UHandle@MilesWire@@@std@@@std@@@Z@4HA (int `public: bool __cdecl MilesClientRuntime53::Runtime::publish(unsigned __int64,unsigned __int64,class std::vector<struct MilesWire::Handle,class std::allocator<struct MilesWire::Handle> > const &)'::`1'::dtor$0)
493 00000146 SECT5  notype ()    Static       | ?dtor$0@?0??returned@Runtime@MilesClientRuntime53@@QEAA_N_K@Z@4HA (int `public: bool __cdecl MilesClientRuntime53::Runtime::returned(unsigned __int64)'::`1'::dtor$0)
494 00000000 SECT158 notype ()    Static      | ?dtor$0@?0??run@State@Runtime@MilesClientRuntime53@@QEAAXXZ@4HA (int `public: void __cdecl MilesClientRuntime53::Runtime::State::run(void)'::`1'::dtor$0)
495 00000018 SECT7C notype ()    Static       | ?dtor$1@?0???0State@Runtime@MilesClientRuntime53@@QEAA@_K0V?$shared_ptr@X@std@@@Z@4HA (int `public: __cdecl MilesClientRuntime53::Runtime::State::State(unsigned __int64,unsigned __int64,class std::shared_ptr<void>)'::`1'::dtor$1)
496 0000001C SECT7E notype ()    Static       | ?dtor$1@?0???0Ticket@?A0xabeb220a@MilesClientRuntime53@@QEAA@W4Kind@012@@Z@4HA (int `public: __cdecl MilesClientRuntime53::`anonymous namespace'::Ticket::Ticket(enum A0xabeb220a::Ticket::dtor$1::Kind)'::`1'::dtor$1)
497 0000001C SECTA5 notype ()    Static       | ?dtor$1@?0???1State@Runtime@MilesClientRuntime53@@QEAA@XZ@4HA (int `public: __cdecl MilesClientRuntime53::Runtime::State::~State(void)'::`1'::dtor$1)
498 0000001B SECT5  notype ()    Static       | ?dtor$1@?0??launch@Runtime@MilesClientRuntime53@@SAPEAV12@AEAPEAX_K1V?$shared_ptr@X@std@@@Z@4HA (int `public: static class Runtime::launch * __cdecl MilesClientRuntime53::Runtime::launch(void * &,unsigned __int64,unsigned __int64,class std::shared_ptr<void>)'::`1'::dtor$1)
499 00000000 SECT150 notype ()    Static      | ?dtor$1@?0??observation@State@Runtime@MilesClientRuntime53@@QEAAXAEBV?$shared_ptr@UTicket@?A0xabeb220a@MilesClientRuntime53@@@std@@@Z@4HA (int `public: void __cdecl MilesClientRuntime53::Runtime::State::observation(class std::shared_ptr<struct MilesClientRuntime53::`anonymous namespace'::Ticket> const &)'::`1'::dtor$1)
49A 00000018 SECT153 notype ()    Static      | ?dtor$1@?0??post@State@Runtime@MilesClientRuntime53@@QEAA_NAEBV?$shared_ptr@UTicket@?A0xabeb220a@MilesClientRuntime53@@@std@@@Z@4HA (int `public: bool __cdecl MilesClientRuntime53::Runtime::State::post(class std::shared_ptr<struct MilesClientRuntime53::`anonymous namespace'::Ticket> const &)'::`1'::dtor$1)
49B 0000007E SECT5  notype ()    Static       | ?dtor$1@?0??prepare@Runtime@MilesClientRuntime53@@QEAA_N_KP6AIPEBDPEA_K@ZP6AX0@ZP6AH0HI@ZP6AI0PEAXI@ZV?$shared_ptr@X@std@@@Z@4HA (int `public: bool __cdecl MilesClientRuntime53::Runtime::prepare(unsigned __int64,unsigned int (__cdecl*)(char const *,unsigned __int64 *),void (__cdecl*)(unsigned __int64),int (__cdecl*)(unsigned __int64,int,unsigned int),unsigned int (__cdecl*)(unsigned __int64,void *,unsigned int),class std::shared_ptr<void>)'::`1'::dtor$1)
49C 000000FA SECT5  notype ()    Static       | ?dtor$1@?0??publish@Runtime@MilesClientRuntime53@@QEAA_N_K0AEBV?$vector@UHandle@MilesWire@@V?$allocator@UHandle@MilesWire@@@std@@@std@@@Z@4HA (int `public: bool __cdecl MilesClientRuntime53::Runtime::publish(unsigned __int64,unsigned __int64,class std::vector<struct MilesWire::Handle,class std::allocator<struct MilesWire::Handle> > const &)'::`1'::dtor$1)
49D 0000015E SECT5  notype ()    Static       | ?dtor$1@?0??returned@Runtime@MilesClientRuntime53@@QEAA_N_K@Z@4HA (int `public: bool __cdecl MilesClientRuntime53::Runtime::returned(unsigned __int64)'::`1'::dtor$1)
49E 0000004A SECT158 notype ()    Static      | ?dtor$1@?0??run@State@Runtime@MilesClientRuntime53@@QEAAXXZ@4HA (int `public: void __cdecl MilesClientRuntime53::Runtime::State::run(void)'::`1'::dtor$1)
49F 00000034 SECT7C notype ()    Static       | ?dtor$2@?0???0State@Runtime@MilesClientRuntime53@@QEAA@_K0V?$shared_ptr@X@std@@@Z@4HA (int `public: __cdecl MilesClientRuntime53::Runtime::State::State(unsigned __int64,unsigned __int64,class std::shared_ptr<void>)'::`1'::dtor$2)
4A0 0000001B SECT150 notype ()    Static      | ?dtor$2@?0??observation@State@Runtime@MilesClientRuntime53@@QEAAXAEBV?$shared_ptr@UTicket@?A0xabeb220a@MilesClientRuntime53@@@std@@@Z@4HA (int `public: void __cdecl MilesClientRuntime53::Runtime::State::observation(class std::shared_ptr<struct MilesClientRuntime53::`anonymous namespace'::Ticket> const &)'::`1'::dtor$2)
4A1 00000096 SECT5  notype ()    Static       | ?dtor$2@?0??prepare@Runtime@MilesClientRuntime53@@QEAA_N_KP6AIPEBDPEA_K@ZP6AX0@ZP6AH0HI@ZP6AI0PEAXI@ZV?$shared_ptr@X@std@@@Z@4HA (int `public: bool __cdecl MilesClientRuntime53::Runtime::prepare(unsigned __int64,unsigned int (__cdecl*)(char const *,unsigned __int64 *),void (__cdecl*)(unsigned __int64),int (__cdecl*)(unsigned __int64,int,unsigned int),unsigned int (__cdecl*)(unsigned __int64,void *,unsigned int),class std::shared_ptr<void>)'::`1'::dtor$2)
4A2 00000062 SECT158 notype ()    Static      | ?dtor$2@?0??run@State@Runtime@MilesClientRuntime53@@QEAAXXZ@4HA (int `public: void __cdecl MilesClientRuntime53::Runtime::State::run(void)'::`1'::dtor$2)
4A3 00000033 SECT5  notype ()    Static       | ?dtor$3@?0??launch@Runtime@MilesClientRuntime53@@SAPEAV12@AEAPEAX_K1V?$shared_ptr@X@std@@@Z@4HA (int `public: static class Runtime::launch * __cdecl MilesClientRuntime53::Runtime::launch(void * &,unsigned __int64,unsigned __int64,class std::shared_ptr<void>)'::`1'::dtor$3)
4A4 0000004B SECT5  notype ()    Static       | ?dtor$4@?0??launch@Runtime@MilesClientRuntime53@@SAPEAV12@AEAPEAX_K1V?$shared_ptr@X@std@@@Z@4HA (int `public: static class Runtime::launch * __cdecl MilesClientRuntime53::Runtime::launch(void * &,unsigned __int64,unsigned __int64,class std::shared_ptr<void>)'::`1'::dtor$4)
4A5 00000033 SECT150 notype ()    Static      | ?dtor$4@?0??observation@State@Runtime@MilesClientRuntime53@@QEAAXAEBV?$shared_ptr@UTicket@?A0xabeb220a@MilesClientRuntime53@@@std@@@Z@4HA (int `public: void __cdecl MilesClientRuntime53::Runtime::State::observation(class std::shared_ptr<struct MilesClientRuntime53::`anonymous namespace'::Ticket> const &)'::`1'::dtor$4)
4A6 0000007A SECT158 notype ()    Static      | ?dtor$4@?0??run@State@Runtime@MilesClientRuntime53@@QEAAXXZ@4HA (int `public: void __cdecl MilesClientRuntime53::Runtime::State::run(void)'::`1'::dtor$4)
4A7 0000004B SECT150 notype ()    Static      | ?dtor$6@?0??observation@State@Runtime@MilesClientRuntime53@@QEAAXAEBV?$shared_ptr@UTicket@?A0xabeb220a@MilesClientRuntime53@@@std@@@Z@4HA (int `public: void __cdecl MilesClientRuntime53::Runtime::State::observation(class std::shared_ptr<struct MilesClientRuntime53::`anonymous namespace'::Ticket> const &)'::`1'::dtor$6)
4A8 00000000 UNDEF  notype ()    External     | _CxxThrowException
4A9 00000000 UNDEF  notype ()    External     | __CxxFrameHandler3
4AA 00000000 SECT167 notype       Label       | $LN3
4AB 00000000 SECT13E notype       Label       | $LN5
4AC 00000000 SECT127 notype       Label       | $LN5
4AD 00000000 SECT14B notype       Label       | $LN5
4AE 00000000 SECTA7 notype       Label        | $LN3
4AF 00000000 SECT104 notype       Label       | $LN8
4B0 00000000 SECT8D notype       Label        | $LN4
4B1 00000000 SECTAF notype       Label        | $LN3
4B2 00000000 SECT8C notype       Label        | $LN4
4B3 00000000 SECTCC notype       Label        | $LN4
4B4 00000000 SECT12D notype       Label       | $LN3
4B5 00000000 SECT11A notype       Label       | $LN3
4B6 00000000 SECT144 notype       Label       | $LN3
4B7 00000000 SECT5F notype       Label        | $LN3
4B8 00000000 SECT117 notype       Label       | $LN3
4B9 00000000 SECT129 notype       Label       | $LN3
4BA 00000000 SECT140 notype       Label       | $LN3
4BB 00000000 SECT57 notype       Label        | $LN4
4BC 00000000 SECT102 notype       Label       | $LN5
4BD 00000000 SECT103 notype       Label       | $LN5
4BE 00000000 SECT94 notype       Label        | $LN3
4BF 00000000 SECT55 notype       Label        | $LN4
4C0 00000000 SECT93 notype       Label        | $LN3
4C1 00000000 SECTDC notype       Label        | $LN3
4C2 00000000 SECTF2 notype       Label        | $LN3
4C3 00000000 SECTF8 notype       Label        | $LN3
4C4 00000000 SECT68 notype       Label        | $LN4
4C5 00000000 SECT11D notype       Label       | $LN8
4C6 00000000 SECT11F notype       Label       | $LN6
4C7 00000000 SECT11E notype       Label       | $LN3
4C8 00000000 SECT139 notype       Label       | $LN4
4C9 00000000 SECT138 notype       Label       | $LN7
4CA 00000000 SECT146 notype       Label       | $LN5
4CB 00000142 SECTE2 notype       Label        | $LN19
4CC 000001E7 SECTE2 notype       Label        | $LN20
4CD 0000000D SECTE3 notype ()    Static       | __catch$?_Copy@?$basic_string@DU?$char_traits@D@std@@V?$allocator@D@2@@std@@QEAAX_K0@Z$0
4CE 0000004D SECTE3 notype       Label        | $LN17
4CF 00000068 SECTE3 notype ()    Static       | __catch$?_Copy@?$basic_string@DU?$char_traits@D@std@@V?$allocator@D@2@@std@@QEAAX_K0@Z$1
4D0 00000000 SECTE2 notype       Label        | $LN23
4D1 00000000 SECTF1 notype       Label        | $LN3
4D2 00000000 SECTFB notype       Label        | $LN13
4D3 00000000 SECTFE notype       Label        | $LN6
4D4 00000000 SECT110 notype       Label       | $LN7
4D5 00000000 SECT113 notype       Label       | $LN3
4D6 00000000 SECT115 notype       Label       | $LN3
4D7 00000000 SECT8B notype       Label        | $LN4
4D8 00000000 SECTAE notype       Label        | $LN3
4D9 00000000 SECT8A notype       Label        | $LN4
4DA 00000000 SECTCB notype       Label        | $LN4
4DB 00000000 SECT90 notype       Label        | $LN4
4DC 00000000 SECTB1 notype       Label        | $LN3
4DD 00000000 SECT8F notype       Label        | $LN4
4DE 00000000 SECTCD notype       Label        | $LN4
4DF 00000000 SECT159 notype       Label       | $LN5
4E0 00000000 SECT12E notype       Label       | $LN3
4E1 00000000 SECT60 notype       Label        | $LN3
4E2 00000000 SECT12A notype       Label       | $LN3
4E3 00000000 SECT5D notype       Label        | $LN4
4E4 00000000 SECT97 notype       Label        | $LN3
4E5 00000000 SECT59 notype       Label        | $LN4
4E6 00000000 SECT95 notype       Label        | $LN3
4E7 00000000 SECTDD notype       Label        | $LN3
4E8 00000000 SECTF3 notype       Label        | $LN3
4E9 00000000 SECTF9 notype       Label        | $LN3
4EA 00000000 SECT74 notype       Label        | $LN4
4EB 00000000 SECT9F notype       Label        | $LN3
4EC 00000000 SECT133 notype       Label       | $LN5
4ED 00000000 SECTEE notype       Label        | $LN3
4EE 00000000 SECT111 notype       Label       | $LN4
4EF 00000000 SECT85 notype       Label        | $LN3
4F0 00000000 SECTE8 notype       Label        | $LN4
4F1 00000000 SECTE9 notype       Label        | $LN4
4F2 00000000 SECTC8 notype       Label        | $LN4
4F3 00000000 SECT10 notype       Label        | $LN4
4F4 00000000 SECT132 notype       Label       | $LN3
4F5 00000000 SECT137 notype       Label       | $LN3
4F6 00000000 SECT136 notype       Label       | $LN5
4F7 00000000 SECTB8 notype       Label        | $LN5
4F8 00000000 SECTCA notype       Label        | $LN4
4F9 00000000 SECTB9 notype       Label        | $LN5
4FA 00000000 SECT81 notype       Label        | $LN4
4FB 00000000 SECT148 notype       Label       | $LN7
4FC 00000000 SECTA8 notype       Label        | $LN3
4FD 00000000 SECTC6 notype       Label        | $LN4
4FE 00000000 SECT83 notype       Label        | $LN4
4FF 00000000 SECT149 notype       Label       | $LN7
500 00000000 SECTA9 notype       Label        | $LN3
501 00000000 SECTC7 notype       Label        | $LN4
502 00000000 SECT86 notype       Label        | $LN4
503 00000000 SECT14A notype       Label       | $LN7
504 00000000 SECT131 notype       Label       | $LN5
505 00000000 SECTAC notype       Label        | $LN3
506 00000000 SECTC9 notype       Label        | $LN4
507 00000000 SECTE4 notype       Label        | $LN4
508 00000000 SECT109 notype       Label       | $LN4
509 00000000 SECT105 notype       Label       | $LN4
50A 00000000 SECT6C notype       Label        | $LN3
50B 00000000 SECT9A notype       Label        | $LN3
50C 00000000 SECTA2 notype       Label        | $LN3
50D 00000000 SECT78 notype       Label        | $LN3
50E 00000000 SECT10F notype       Label       | $LN3
50F 00000000 SECTE7 notype       Label        | $LN4
510 00000000 SECT10C notype       Label       | $LN4
511 00000000 SECT108 notype       Label       | $LN4
512 00000000 SECT72 notype       Label        | $LN3
513 00000000 SECT71 notype       Label        | $LN3
514 00000000 SECT9D notype       Label        | $LN3
515 00000000 SECTB5 notype       Label        | $LN3
516 00000000 SECT161 notype       Label       | $LN3
517 00000000 SECTBB notype       Label        | $LN5
518 00000000 SECT12F notype       Label       | $LN3
519 00000000 SECT11B notype       Label       | $LN3
51A 00000000 SECT145 notype       Label       | $LN3
51B 00000000 SECT61 notype       Label        | $LN3
51C 00000000 SECT118 notype       Label       | $LN3
51D 00000000 SECT12B notype       Label       | $LN3
51E 00000000 SECT141 notype       Label       | $LN3
51F 00000000 SECT5E notype       Label        | $LN4
520 00000000 SECT98 notype       Label        | $LN3
521 00000000 SECT5B notype       Label        | $LN4
522 00000000 SECT96 notype       Label        | $LN3
523 00000000 SECTDE notype       Label        | $LN3
524 00000000 SECTF4 notype       Label        | $LN3
525 00000000 SECTFA notype       Label        | $LN3
526 00000000 SECT75 notype       Label        | $LN4
527 00000000 SECTA0 notype       Label        | $LN3
528 00000319 SECTB6 notype       Label        | $LN17
529 00000326 SECTB6 notype       Label        | $LN18
52A 0000000D SECTB7 notype ()    Static       | __catch$??4?$vector@UHandle@MilesWire@@V?$allocator@UHandle@MilesWire@@@std@@@std@@QEAAAEAV01@AEBV01@@Z$0
52B 00000000 SECTB6 notype       Label        | $LN20
52C 00000000 SECT147 notype       Label       | $LN3
52D 00000000 SECT134 notype       Label       | $LN5
52E 00000000 SECT124 notype       Label       | $LN3
52F 00000000 SECTDF notype       Label        | $LN7
530 00000000 SECTEF notype       Label        | $LN3
531 00000000 SECT112 notype       Label       | $LN4
532 00000000 SECT114 notype       Label       | $LN3
533 00000000 SECT79 notype       Label        | $LN6
534 00000000 SECTA3 notype       Label        | $LN3
535 00000000 SECTC2 notype       Label        | $LN4
536 00000000 SECT10D notype       Label       | $LN3
537 00000000 SECTE5 notype       Label        | $LN4
538 00000000 SECT10A notype       Label       | $LN4
539 00000000 SECT106 notype       Label       | $LN4
53A 00000000 SECT6E notype       Label        | $LN3
53B 00000000 SECT6D notype       Label        | $LN3
53C 00000000 SECT9B notype       Label        | $LN3
53D 00000000 SECT15F notype       Label       | $LN3
53E 0000029A SECT4  notype       Label        | $LN17
53F 00000000 SECT4  notype       Label        | $LN18
540 000002A0 SECT4  notype       Label        | $LN6
541 00000493 SECT4  notype       Label        | __tryend$?prepare@Runtime@MilesClientRuntime53@@QEAA_N_KP6AIPEBDPEA_K@ZP6AX0@ZP6AH0HI@ZP6AI0PEAXI@ZV?$shared_ptr@X@std@@@Z$1
542 00000495 SECT4  notype       Label        | $LN12
543 000000BB SECT5  notype ()    Static       | __catch$?prepare@Runtime@MilesClientRuntime53@@QEAA_N_KP6AIPEBDPEA_K@ZP6AX0@ZP6AH0HI@ZP6AI0PEAXI@ZV?$shared_ptr@X@std@@@Z$0
544 00000340 SECT4  notype       Label        | $LN15
545 000005C6 SECT4  notype       Label        | __tryend$?publish@Runtime@MilesClientRuntime53@@QEAA_N_K0AEBV?$vector@UHandle@MilesWire@@V?$allocator@UHandle@MilesWire@@@std@@@std@@@Z$1
546 000005C8 SECT4  notype       Label        | $LN11
547 0000011F SECT5  notype ()    Static       | __catch$?publish@Runtime@MilesClientRuntime53@@QEAA_N_K0AEBV?$vector@UHandle@MilesWire@@V?$allocator@UHandle@MilesWire@@@std@@@std@@@Z$0
548 000004C0 SECT4  notype       Label        | $LN13
549 000006A8 SECT4  notype       Label        | __tryend$?returned@Runtime@MilesClientRuntime53@@QEAA_N_K@Z$1
54A 000006AA SECT4  notype       Label        | $LN11
54B 00000183 SECT5  notype ()    Static       | __catch$?returned@Runtime@MilesClientRuntime53@@QEAA_N_K@Z$0
54C 000005E0 SECT4  notype       Label        | $LN13
54D 000006C0 SECT4  notype       Label        | $LN3
54E 000006F0 SECT4  notype       Label        | $LN3
54F 00000000 SECTC3 notype       Label        | $LN4
550 00000000 SECTE1 notype       Label        | $LN4
551 00000000 SECTFF notype       Label        | $LN3
552 00000000 SECT100 notype       Label       | $LN3
553 00000000 SECT101 notype       Label       | $LN3
554 00000000 SECT84 notype       Label        | $LN3
555 00000000 SECTAA notype       Label        | $LN3
556 00000000 SECT13F notype       Label       | $LN3
557 00000000 SECT164 notype       Label       | $LN3
558 00000000 SECT8E notype       Label        | $LN3
559 00000000 SECTB0 notype       Label        | $LN3
55A 00000000 SECT77 notype       Label        | $LN4
55B 00000000 SECTA1 notype       Label        | $LN3
55C 00000000 SECT7D notype       Label        | $LN6
55D 00000000 SECTA6 notype       Label        | $LN6
55E 00000000 SECTC5 notype       Label        | $LN4
55F 00000000 SECT10E notype       Label       | $LN3
560 00000000 SECTE6 notype       Label        | $LN4
561 00000000 SECT10B notype       Label       | $LN4
562 00000000 SECT107 notype       Label       | $LN4
563 00000000 SECT70 notype       Label        | $LN3
564 00000000 SECT6F notype       Label        | $LN3
565 00000000 SECT9C notype       Label        | $LN3
566 00000000 SECTB4 notype       Label        | $LN3
567 00000000 SECT156 notype       Label       | $LN3
568 00000000 SECT160 notype       Label       | $LN3
569 00000000 SECTBC notype       Label        | $LN3
56A 00000000 SECTBA notype       Label        | $LN5
56B 00000000 SECT7B notype       Label        | $LN12
56C 00000000 SECT155 notype       Label       | $LN3
56D 00000000 SECT13D notype       Label       | $LN5
56E 00000000 SECT163 notype       Label       | $LN5
56F 00000000 SECT152 notype       Label       | $LN11
570 00000000 SECT126 notype       Label       | $LN5
571 00000996 SECT14F notype       Label       | $LN42
572 00000000 SECT14F notype       Label       | $LN43
573 000000D2 SECT157 notype       Label       | $LN38
574 000005FA SECT157 notype       Label       | $LN40
575 00000641 SECT157 notype       Label       | $LN41
576 00000029 SECT158 notype ()    Static      | __catch$?run@State@Runtime@MilesClientRuntime53@@QEAAXXZ$0
577 000000A2 SECT158 notype ()    Static      | __catch$?run@State@Runtime@MilesClientRuntime53@@QEAAXXZ$2
578 00000000 SECT157 notype       Label       | $LN44
579 00000000 SECT135 notype       Label       | $LN3
57A 00000000 SECTA4 notype       Label        | $LN11
57B 00000000 SECTC4 notype       Label        | $LN4
57C 00000000 SECT6B notype       Label        | $LN3
57D 00000000 SECT99 notype       Label        | $LN3
57E 00000000 SECT4A notype       Label        | $LN4
57F 00000000 SECTBF notype       Label        | $LN5
580 00000000 SECT58 notype       Label        | $LN3
581 00000000 SECT73 notype       Label        | $LN3
582 00000000 SECT9E notype       Label        | $LN4
583 00000000 SECTBD notype       Label        | $LN3
584 00000000 SECT154 notype       Label       | $LN3
585 00000000 SECT7  notype       Label        | $LN3
586 00000000 SECT20 notype       Label        | $LN3
587 00000000 SECT23 notype       Label        | $LN3
588 00000000 SECTA  notype       Label        | $LN5
589 00000000 SECTE  notype       Label        | $LN3
58A 00000000 SECT2A notype       Label        | $LN3
58B 00000000 SECT21 notype       Label        | $LN3
58C 00000000 SECT151 notype       Label       | $LN3
58D 00000000 SECT32 notype       Label        | $LN3
58E 00000000 SECT3E notype       Label        | $LN3
58F 00000000 SECT16 notype       Label        | $LN3
590 00000000 SECT22 notype       Label        | $LN3
591 00000000 SECT130 notype       Label       | $LN3
592 00000000 SECT11C notype       Label       | $LN3
593 00000000 SECT3B notype       Label        | $LN6
594 00000000 SECT62 notype       Label        | $LN3
595 00000000 SECT119 notype       Label       | $LN3
596 00000000 SECT12C notype       Label       | $LN3
597 00000000 SECT3A notype       Label        | $LN3
598 00000000 SECT44 notype       Label        | $LN3
599 00000000 SECT14 notype       Label        | $LN3
59A 00000000 SECT4D notype       Label        | $LN3
59B 00000000 SECT4E notype       Label        | $LN3
59C 00000000 SECT4C notype       Label        | $LN3
59D 00000000 SECTC  notype       Label        | $LN7
59E 00000000 SECTD  notype       Label        | $LN7
59F 00000000 SECTB  notype       Label        | $LN7
5A0 00000000 SECT6  notype       Label        | $LN3
5A1 0000008B SECT28 notype       Label        | $LN12
5A2 00000090 SECT28 notype       Label        | $LN13
5A3 00000025 SECT29 notype ()    Static       | __catch$??$_Resetp@UTicket@?A0xabeb220a@MilesClientRuntime53@@@?$shared_ptr@UTicket@?A0xabeb220a@MilesClientRuntime53@@@std@@AEAAXPEAUTicket@?A0xabeb220a@MilesClientRuntime53@@@Z$0
5A4 00000000 SECT28 notype       Label        | $LN15
5A5 00000000 SECT9  notype       Label        | $LN3
5A6 00000000 SECT1E notype       Label        | $LN3
5A7 00000000 SECTF  notype       Label        | $LN6
5A8 00000000 SECT2F notype       Label        | $LN3
5A9 00000000 SECT35 notype       Label        | $LN3
5AA 00000000 SECT40 notype       Label        | $LN3
5AB 00000000 SECT17 notype       Label        | $LN6
5AC 00000000 SECT3D notype       Label        | $LN3
5AD 00000000 SECT46 notype       Label        | $LN3
5AE 00000000 SECT1D notype       Label        | $LN3
5AF 00000000 SECT4B notype       Label        | $LN3
5B0 0000008B SECT26 notype       Label        | $LN12
5B1 00000090 SECT26 notype       Label        | $LN13
5B2 00000025 SECT27 notype ()    Static       | __catch$??$_Resetp@UFileSessionContext@MilesFileOwner36@@@?$shared_ptr@UFileSessionContext@MilesFileOwner36@@@std@@AEAAXPEAUFileSessionContext@MilesFileOwner36@@@Z$0
5B3 00000000 SECT26 notype       Label        | $LN15
5B4 00000000 SECT54 notype       Label        | $LN4
5B5 00000000 SECTED notype       Label        | $LN5
5B6 00000000 SECTEB notype       Label        | $LN5
5B7 00000000 SECT92 notype       Label        | $LN3
5B8 00000000 SECTC1 notype       Label        | $LN4
5B9 00000000 SECT25 notype       Label        | $LN3
5BA 00000000 SECT2C notype       Label        | $LN3
5BB 00000000 SECT33 notype       Label        | $LN6
5BC 00000000 SECT41 notype       Label        | $LN3
5BD 00000000 SECT53 notype       Label        | $LN4
5BE 00000000 SECTEC notype       Label        | $LN5
5BF 00000000 SECTEA notype       Label        | $LN5
5C0 00000000 SECT91 notype       Label        | $LN3
5C1 00000000 SECTC0 notype       Label        | $LN4
5C2 00000000 SECT24 notype       Label        | $LN3
5C3 000000A0 SECT2D notype       Label        | $LN13
5C4 000000AA SECT2D notype       Label        | $LN14
5C5 0000000D SECT2E notype ()    Static       | __catch$??$_Uninit_copy@PEAUHandle@MilesWire@@PEAU12@V?$allocator@UHandle@MilesWire@@@std@@@std@@YAPEAUHandle@MilesWire@@PEAU12@00AEAU?$_Wrap_alloc@V?$allocator@UHandle@MilesWire@@@std@@@0@U_Nonscalar_ptr_iterator_tag@0@@Z$0
5C6 00000000 SECT2D notype       Label        | $LN16
5C7 00000000 SECT43 notype       Label        | $LN3
5C8 00000000 SECT13 notype       Label        | $LN3
5C9 00000000 SECT11 notype       Label        | $LN4
5CA 00000000 SECT36 notype       Label        | $LN3
5CB 00000000 SECT18 notype       Label        | $LN3
5CC 00000000 SECT12 notype       Label        | $LN5
5CD 00000000 SECT39 notype       Label        | $LN3
5CE 00000000 SECT37 notype       Label        | $LN6
5CF 00000000 SECT168 notype       Static      | .xdata
    Section length    8, #relocs    0, #linenums    0, checksum 432F41C4, selection    5 (pick associative Section 0x167)
5D1 00000000 SECT168 notype       Static      | $unwind$hypot
5D2 00000000 SECT169 notype       Static      | .pdata
    Section length    C, #relocs    3, #linenums    0, checksum 3F196BD1, selection    5 (pick associative Section 0x167)
5D4 00000000 SECT169 notype       Static      | $pdata$hypot
5D5 00000000 SECT16A notype       Static      | .xdata
    Section length    8, #relocs    0, #linenums    0, checksum A435C62C, selection    5 (pick associative Section 0x13E)
5D7 00000000 SECT16A notype       Static      | $unwind$?length@?$char_traits@D@std@@SA_KPEBD@Z
5D8 00000000 SECT16B notype       Static      | .pdata
    Section length    C, #relocs    3, #linenums    0, checksum 9A824856, selection    5 (pick associative Section 0x13E)
5DA 00000000 SECT16B notype       Static      | $pdata$?length@?$char_traits@D@std@@SA_KPEBD@Z
5DB 00000000 SECT16C notype       Static      | .xdata
    Section length    8, #relocs    0, #linenums    0, checksum 583FB257, selection    5 (pick associative Section 0x127)
5DD 00000000 SECT16C notype       Static      | $unwind$?copy@?$char_traits@D@std@@SAPEADPEADPEBD_K@Z
5DE 00000000 SECT16D notype       Static      | .pdata
    Section length    C, #relocs    3, #linenums    0, checksum B85DDE25, selection    5 (pick associative Section 0x127)
5E0 00000000 SECT16D notype       Static      | $pdata$?copy@?$char_traits@D@std@@SAPEADPEADPEBD_K@Z
5E1 00000000 SECT16E notype       Static      | .xdata
    Section length    8, #relocs    0, #linenums    0, checksum 583FB257, selection    5 (pick associative Section 0x14B)
5E3 00000000 SECT16E notype       Static      | $unwind$?move@?$char_traits@D@std@@SAPEADPEADPEBD_K@Z
5E4 00000000 SECT16F notype       Static      | .pdata
    Section length    C, #relocs    3, #linenums    0, checksum B85DDE25, selection    5 (pick associative Section 0x14B)
5E6 00000000 SECT16F notype       Static      | $pdata$?move@?$char_traits@D@std@@SAPEADPEADPEBD_K@Z
5E7 00000000 SECT170 notype       Static      | .xdata
    Section length    8, #relocs    0, #linenums    0, checksum BA48AFD3, selection    5 (pick associative Section 0xD8)
5E9 00000000 SECT170 notype       Static      | $unwind$??__Epiecewise_construct@std@@YAXXZ
5EA 00000000 SECT171 notype       Static      | .pdata
    Section length    C, #relocs    3, #linenums    0, checksum 2B142464, selection    5 (pick associative Section 0xD8)
5EC 00000000 SECT171 notype       Static      | $pdata$??__Epiecewise_construct@std@@YAXXZ
5ED 00000000 SECT172 notype       Static      | .xdata
    Section length    8, #relocs    0, #linenums    0, checksum 9C7880CC, selection    5 (pick associative Section 0xA7)
5EF 00000000 SECT172 notype       Static      | $unwind$??1_Container_base12@std@@QEAA@XZ
5F0 00000000 SECT173 notype       Static      | .pdata
    Section length    C, #relocs    3, #linenums    0, checksum AF5E2A9E, selection    5 (pick associative Section 0xA7)
5F2 00000000 SECT173 notype       Static      | $pdata$??1_Container_base12@std@@QEAA@XZ
5F3 00000000 SECT174 notype       Static      | .xdata
    Section length    8, #relocs    0, #linenums    0, checksum A435C62C, selection    5 (pick associative Section 0x104)
5F5 00000000 SECT174 notype       Static      | $unwind$?_Orphan_all@_Container_base12@std@@QEAAXXZ
5F6 00000000 SECT175 notype       Static      | .pdata
    Section length    C, #relocs    3, #linenums    0, checksum 1BDB8BBE, selection    5 (pick associative Section 0x104)
5F8 00000000 SECT175 notype       Static      | $pdata$?_Orphan_all@_Container_base12@std@@QEAAXXZ
5F9 00000000 SECT176 notype       Static      | .xdata
    Section length    8, #relocs    0, #linenums    0, checksum BA48AFD3, selection    5 (pick associative Section 0xD6)
5FB 00000000 SECT176 notype       Static      | $unwind$??__Eallocator_arg@std@@YAXXZ
5FC 00000000 SECT177 notype       Static      | .pdata
    Section length    C, #relocs    3, #linenums    0, checksum 2B142464, selection    5 (pick associative Section 0xD6)
5FE 00000000 SECT177 notype       Static      | $pdata$??__Eallocator_arg@std@@YAXXZ
5FF 00000000 SECT178 notype       Static      | .xdata
    Section length    8, #relocs    0, #linenums    0, checksum C40886FB, selection    5 (pick associative Section 0x8D)
601 00000000 SECT178 notype       Static      | $unwind$??0logic_error@std@@QEAA@PEBD@Z
602 00000000 SECT179 notype       Static      | .pdata
    Section length    C, #relocs    3, #linenums    0, checksum 43A25AFA, selection    5 (pick associative Section 0x8D)
604 00000000 SECT179 notype       Static      | $pdata$??0logic_error@std@@QEAA@PEBD@Z
605 00000000 SECT17A notype       Static      | .xdata
    Section length    8, #relocs    0, #linenums    0, checksum 9C7880CC, selection    5 (pick associative Section 0xAF)
607 00000000 SECT17A notype       Static      | $unwind$??1logic_error@std@@UEAA@XZ
608 00000000 SECT17B notype       Static      | .pdata
    Section length    C, #relocs    3, #linenums    0, checksum AF5E2A9E, selection    5 (pick associative Section 0xAF)
60A 00000000 SECT17B notype       Static      | $pdata$??1logic_error@std@@UEAA@XZ
60B 00000000 SECT17C notype       Static      | .xdata
    Section length    8, #relocs    0, #linenums    0, checksum C40886FB, selection    5 (pick associative Section 0x8C)
60D 00000000 SECT17C notype       Static      | $unwind$??0logic_error@std@@QEAA@AEBV01@@Z
60E 00000000 SECT17D notype       Static      | .pdata
    Section length    C, #relocs    3, #linenums    0, checksum 43A25AFA, selection    5 (pick associative Section 0x8C)
610 00000000 SECT17D notype       Static      | $pdata$??0logic_error@std@@QEAA@AEBV01@@Z
611 00000000 SECT17E notype       Static      | .xdata
    Section length    8, #relocs    0, #linenums    0, checksum E7553388, selection    5 (pick associative Section 0xCC)
613 00000000 SECT17E notype       Static      | $unwind$??_Glogic_error@std@@UEAAPEAXI@Z
614 00000000 SECT17F notype       Static      | .pdata
    Section length    C, #relocs    3, #linenums    0, checksum 43A25AFA, selection    5 (pick associative Section 0xCC)
616 00000000 SECT17F notype       Static      | $pdata$??_Glogic_error@std@@UEAAPEAXI@Z
617 00000000 SECT180 notype       Static      | .xdata
    Section length    8, #relocs    0, #linenums    0, checksum 6072F4B7, selection    5 (pick associative Section 0x12D)
619 00000000 SECT180 notype       Static      | $unwind$?deallocate@?$allocator@D@std@@QEAAXPEAD_K@Z
61A 00000000 SECT181 notype       Static      | .pdata
    Section length    C, #relocs    3, #linenums    0, checksum BB53652B, selection    5 (pick associative Section 0x12D)
61C 00000000 SECT181 notype       Static      | $pdata$?deallocate@?$allocator@D@std@@QEAAXPEAD_K@Z
61D 00000000 SECT182 notype       Static      | .xdata
    Section length    8, #relocs    0, #linenums    0, checksum C40886FB, selection    5 (pick associative Section 0x11A)
61F 00000000 SECT182 notype       Static      | $unwind$?allocate@?$allocator@D@std@@QEAAPEAD_K@Z
620 00000000 SECT183 notype       Static      | .pdata
    Section length    C, #relocs    3, #linenums    0, checksum A59B2387, selection    5 (pick associative Section 0x11A)
622 00000000 SECT183 notype       Static      | $pdata$?allocate@?$allocator@D@std@@QEAAPEAD_K@Z
623 00000000 SECT184 notype       Static      | .xdata
    Section length    8, #relocs    0, #linenums    0, checksum 9C7880CC, selection    5 (pick associative Section 0x144)
625 00000000 SECT184 notype       Static      | $unwind$?max_size@?$allocator_traits@V?$allocator@D@std@@@std@@SA_KAEBV?$allocator@D@2@@Z
626 00000000 SECT185 notype       Static      | .pdata
    Section length    C, #relocs    3, #linenums    0, checksum AF5E2A9E, selection    5 (pick associative Section 0x144)
628 00000000 SECT185 notype       Static      | $pdata$?max_size@?$allocator_traits@V?$allocator@D@std@@@std@@SA_KAEBV?$allocator@D@2@@Z
629 00000000 SECT186 notype       Static      | .xdata
    Section length    8, #relocs    0, #linenums    0, checksum 9C7880CC, selection    5 (pick associative Section 0x5F)
62B 00000000 SECT186 notype       Static      | $unwind$??0?$_Wrap_alloc@V?$allocator@D@std@@@std@@QEAA@XZ
62C 00000000 SECT187 notype       Static      | .pdata
    Section length    C, #relocs    3, #linenums    0, checksum E7BE24FA, selection    5 (pick associative Section 0x5F)
62E 00000000 SECT187 notype       Static      | $pdata$??0?$_Wrap_alloc@V?$allocator@D@std@@@std@@QEAA@XZ
62F 00000000 SECT188 notype       Static      | .xdata
    Section length    8, #relocs    0, #linenums    0, checksum C40886FB, selection    5 (pick associative Section 0x117)
631 00000000 SECT188 notype       Static      | $unwind$?allocate@?$_Wrap_alloc@V?$allocator@D@std@@@std@@QEAAPEAD_K@Z
632 00000000 SECT189 notype       Static      | .pdata
    Section length    C, #relocs    3, #linenums    0, checksum BB53652B, selection    5 (pick associative Section 0x117)
634 00000000 SECT189 notype       Static      | $pdata$?allocate@?$_Wrap_alloc@V?$allocator@D@std@@@std@@QEAAPEAD_K@Z
635 00000000 SECT18A notype       Static      | .xdata
    Section length    8, #relocs    0, #linenums    0, checksum 6072F4B7, selection    5 (pick associative Section 0x129)
637 00000000 SECT18A notype       Static      | $unwind$?deallocate@?$_Wrap_alloc@V?$allocator@D@std@@@std@@QEAAXPEAD_K@Z
638 00000000 SECT18B notype       Static      | .pdata
    Section length    C, #relocs    3, #linenums    0, checksum AED97719, selection    5 (pick associative Section 0x129)
63A 00000000 SECT18B notype       Static      | $pdata$?deallocate@?$_Wrap_alloc@V?$allocator@D@std@@@std@@QEAAXPEAD_K@Z
63B 00000000 SECT18C notype       Static      | .xdata
    Section length    8, #relocs    0, #linenums    0, checksum 9C7880CC, selection    5 (pick associative Section 0x140)
63D 00000000 SECT18C notype       Static      | $unwind$?max_size@?$_Wrap_alloc@V?$allocator@D@std@@@std@@QEBA_KXZ
63E 00000000 SECT18D notype       Static      | .pdata
    Section length    C, #relocs    3, #linenums    0, checksum AF5E2A9E, selection    5 (pick associative Section 0x140)
640 00000000 SECT18D notype       Static      | $pdata$?max_size@?$_Wrap_alloc@V?$allocator@D@std@@@std@@QEBA_KXZ
641 00000000 SECT18E notype       Static      | .xdata
    Section length    8, #relocs    0, #linenums    0, checksum 9C7880CC, selection    5 (pick associative Section 0x57)
643 00000000 SECT18E notype       Static      | $unwind$??0?$_String_val@U?$_Simple_types@D@std@@@std@@QEAA@XZ
644 00000000 SECT18F notype       Static      | .pdata
    Section length    C, #relocs    3, #linenums    0, checksum 8F085A64, selection    5 (pick associative Section 0x57)
646 00000000 SECT18F notype       Static      | $pdata$??0?$_String_val@U?$_Simple_types@D@std@@@std@@QEAA@XZ
647 00000000 SECT190 notype       Static      | .xdata
    Section length    8, #relocs    0, #linenums    0, checksum A435C62C, selection    5 (pick associative Section 0x102)
649 00000000 SECT190 notype       Static      | $unwind$?_Myptr@?$_String_val@U?$_Simple_types@D@std@@@std@@QEAAPEADXZ
64A 00000000 SECT191 notype       Static      | .pdata
    Section length    C, #relocs    3, #linenums    0, checksum 6BB8C590, selection    5 (pick associative Section 0x102)
64C 00000000 SECT191 notype       Static      | $pdata$?_Myptr@?$_String_val@U?$_Simple_types@D@std@@@std@@QEAAPEADXZ
64D 00000000 SECT192 notype       Static      | .xdata
    Section length    8, #relocs    0, #linenums    0, checksum A435C62C, selection    5 (pick associative Section 0x103)
64F 00000000 SECT192 notype       Static      | $unwind$?_Myptr@?$_String_val@U?$_Simple_types@D@std@@@std@@QEBAPEBDXZ
650 00000000 SECT193 notype       Static      | .pdata
    Section length    C, #relocs    3, #linenums    0, checksum 6BB8C590, selection    5 (pick associative Section 0x103)
652 00000000 SECT193 notype       Static      | $pdata$?_Myptr@?$_String_val@U?$_Simple_types@D@std@@@std@@QEBAPEBDXZ
653 00000000 SECT194 notype       Static      | .xdata
    Section length    8, #relocs    0, #linenums    0, checksum 9C7880CC, selection    5 (pick associative Section 0x94)
655 00000000 SECT194 notype       Static      | $unwind$??1?$_String_val@U?$_Simple_types@D@std@@@std@@QEAA@XZ
656 00000000 SECT195 notype       Static      | .pdata
    Section length    C, #relocs    3, #linenums    0, checksum AF5E2A9E, selection    5 (pick associative Section 0x94)
658 00000000 SECT195 notype       Static      | $pdata$??1?$_String_val@U?$_Simple_types@D@std@@@std@@QEAA@XZ
659 00000000 SECT196 notype       Static      | .xdata
    Section length   10, #relocs    2, #linenums    0, checksum EBAA22CB, selection    5 (pick associative Section 0x55)
65B 00000000 SECT196 notype       Static      | $unwind$??0?$_String_alloc@$0A@U?$_String_base_types@DV?$allocator@D@std@@@std@@@std@@QEAA@AEBV?$allocator@D@1@@Z
65C 00000000 SECT197 notype       Static      | .pdata
    Section length    C, #relocs    3, #linenums    0, checksum 8F085A64, selection    5 (pick associative Section 0x55)
65E 00000000 SECT197 notype       Static      | $pdata$??0?$_String_alloc@$0A@U?$_String_base_types@DV?$allocator@D@std@@@std@@@std@@QEAA@AEBV?$allocator@D@1@@Z
65F 00000000 SECT198 notype       Static      | .rdata
    Section length   28, #relocs    2, #linenums    0, checksum E93FB885, selection    5 (pick associative Section 0x55)
661 00000000 SECT198 notype       Static      | $cppxdata$??0?$_String_alloc@$0A@U?$_String_base_types@DV?$allocator@D@std@@@std@@@std@@QEAA@AEBV?$allocator@D@1@@Z
662 00000000 SECT199 notype       Static      | .xdata
    Section length    8, #relocs    1, #linenums    0, checksum 9ADD2096, selection    5 (pick associative Section 0x55)
664 00000000 SECT199 notype       Static      | $stateUnwindMap$??0?$_String_alloc@$0A@U?$_String_base_types@DV?$allocator@D@std@@@std@@@std@@QEAA@AEBV?$allocator@D@1@@Z
665 00000000 SECT19A notype       Static      | .xdata
    Section length   18, #relocs    3, #linenums    0, checksum DC7D6D08, selection    5 (pick associative Section 0x55)
667 00000000 SECT19A notype       Static      | $ip2state$??0?$_String_alloc@$0A@U?$_String_base_types@DV?$allocator@D@std@@@std@@@std@@QEAA@AEBV?$allocator@D@1@@Z
668 00000000 SECT19B notype       Static      | .xdata
    Section length    8, #relocs    0, #linenums    0, checksum B96BC9FB, selection    5 (pick associative Section 0x55)
66A 00000000 SECT19B notype       Static      | $unwind$?dtor$0@?0???0?$_String_alloc@$0A@U?$_String_base_types@DV?$allocator@D@std@@@std@@@std@@QEAA@AEBV?$allocator@D@1@@Z@4HA
66B 00000000 SECT19C notype       Static      | .pdata
    Section length    C, #relocs    3, #linenums    0, checksum AF5E2A9E, selection    5 (pick associative Section 0x55)
66D 00000000 SECT19C notype       Static      | $pdata$?dtor$0@?0???0?$_String_alloc@$0A@U?$_String_base_types@DV?$allocator@D@std@@@std@@@std@@QEAA@AEBV?$allocator@D@1@@Z@4HA
66E 00000000 SECT19D notype       Static      | .xdata
    Section length    8, #relocs    0, #linenums    0, checksum 9C7880CC, selection    5 (pick associative Section 0x93)
670 00000000 SECT19D notype       Static      | $unwind$??1?$_String_alloc@$0A@U?$_String_base_types@DV?$allocator@D@std@@@std@@@std@@QEAA@XZ
671 00000000 SECT19E notype       Static      | .pdata
    Section length    C, #relocs    3, #linenums    0, checksum BB53652B, selection    5 (pick associative Section 0x93)
673 00000000 SECT19E notype       Static      | $pdata$??1?$_String_alloc@$0A@U?$_String_base_types@DV?$allocator@D@std@@@std@@@std@@QEAA@XZ
674 00000000 SECT19F notype       Static      | .xdata
    Section length    8, #relocs    0, #linenums    0, checksum  DD7168C, selection    5 (pick associative Section 0xDC)
676 00000000 SECT19F notype       Static      | $unwind$?_Alloc_proxy@?$_String_alloc@$0A@U?$_String_base_types@DV?$allocator@D@std@@@std@@@std@@QEAAXXZ
677 00000000 SECT1A0 notype       Static      | .pdata
    Section length    C, #relocs    3, #linenums    0, checksum 40ACE1F4, selection    5 (pick associative Section 0xDC)
679 00000000 SECT1A0 notype       Static      | $pdata$?_Alloc_proxy@?$_String_alloc@$0A@U?$_String_base_types@DV?$allocator@D@std@@@std@@@std@@QEAAXXZ
67A 00000000 SECT1A1 notype       Static      | .xdata
    Section length    8, #relocs    0, #linenums    0, checksum A435C62C, selection    5 (pick associative Section 0xF2)
67C 00000000 SECT1A1 notype       Static      | $unwind$?_Free_proxy@?$_String_alloc@$0A@U?$_String_base_types@DV?$allocator@D@std@@@std@@@std@@QEAAXXZ
67D 00000000 SECT1A2 notype       Static      | .pdata
    Section length    C, #relocs    3, #linenums    0, checksum 86C3E873, selection    5 (pick associative Section 0xF2)
67F 00000000 SECT1A2 notype       Static      | $pdata$?_Free_proxy@?$_String_alloc@$0A@U?$_String_base_types@DV?$allocator@D@std@@@std@@@std@@QEAAXXZ
680 00000000 SECT1A3 notype       Static      | .xdata
    Section length    8, #relocs    0, #linenums    0, checksum C40886FB, selection    5 (pick associative Section 0xF8)
682 00000000 SECT1A3 notype       Static      | $unwind$?_Getal@?$_String_alloc@$0A@U?$_String_base_types@DV?$allocator@D@std@@@std@@@std@@QEBA?AU?$_Wrap_alloc@V?$allocator@D@std@@@2@XZ
683 00000000 SECT1A4 notype       Static      | .pdata
    Section length    C, #relocs    3, #linenums    0, checksum BB53652B, selection    5 (pick associative Section 0xF8)
685 00000000 SECT1A4 notype       Static      | $pdata$?_Getal@?$_String_alloc@$0A@U?$_String_base_types@DV?$allocator@D@std@@@std@@@std@@QEBA?AU?$_Wrap_alloc@V?$allocator@D@std@@@2@XZ
686 00000000 SECT1A5 notype       Static      | .xdata
    Section length   10, #relocs    2, #linenums    0, checksum EBAA22CB, selection    5 (pick associative Section 0x68)
688 00000000 SECT1A5 notype       Static      | $unwind$??0?$basic_string@DU?$char_traits@D@std@@V?$allocator@D@2@@std@@QEAA@PEBD@Z
689 00000000 SECT1A6 notype       Static      | .pdata
    Section length    C, #relocs    3, #linenums    0, checksum 86C3E873, selection    5 (pick associative Section 0x68)
68B 00000000 SECT1A6 notype       Static      | $pdata$??0?$basic_string@DU?$char_traits@D@std@@V?$allocator@D@2@@std@@QEAA@PEBD@Z
68C 00000000 SECT1A7 notype       Static      | .rdata
    Section length   28, #relocs    2, #linenums    0, checksum EF33CE7B, selection    5 (pick associative Section 0x68)
68E 00000000 SECT1A7 notype       Static      | $cppxdata$??0?$basic_string@DU?$char_traits@D@std@@V?$allocator@D@2@@std@@QEAA@PEBD@Z
68F 00000000 SECT1A8 notype       Static      | .xdata
    Section length    8, #relocs    1, #linenums    0, checksum 9ADD2096, selection    5 (pick associative Section 0x68)
691 00000000 SECT1A8 notype       Static      | $stateUnwindMap$??0?$basic_string@DU?$char_traits@D@std@@V?$allocator@D@2@@std@@QEAA@PEBD@Z
692 00000000 SECT1A9 notype       Static      | .xdata
    Section length   18, #relocs    3, #linenums    0, checksum 8B538809, selection    5 (pick associative Section 0x68)
694 00000000 SECT1A9 notype       Static      | $ip2state$??0?$basic_string@DU?$char_traits@D@std@@V?$allocator@D@2@@std@@QEAA@PEBD@Z
695 00000000 SECT1AA notype       Static      | .xdata
    Section length    8, #relocs    0, #linenums    0, checksum B96BC9FB, selection    5 (pick associative Section 0x68)
697 00000000 SECT1AA notype       Static      | $unwind$?dtor$0@?0???0?$basic_string@DU?$char_traits@D@std@@V?$allocator@D@2@@std@@QEAA@PEBD@Z@4HA
698 00000000 SECT1AB notype       Static      | .pdata
    Section length    C, #relocs    3, #linenums    0, checksum AF5E2A9E, selection    5 (pick associative Section 0x68)
69A 00000000 SECT1AB notype       Static      | $pdata$?dtor$0@?0???0?$basic_string@DU?$char_traits@D@std@@V?$allocator@D@2@@std@@QEAA@PEBD@Z@4HA
69B 00000000 SECT1AC notype       Static      | .xdata
    Section length    8, #relocs    0, #linenums    0, checksum 8D3961AC, selection    5 (pick associative Section 0x11D)
69D 00000000 SECT1AC notype       Static      | $unwind$?assign@?$basic_string@DU?$char_traits@D@std@@V?$allocator@D@2@@std@@QEAAAEAV12@AEBV12@_K1@Z
69E 00000000 SECT1AD notype       Static      | .pdata
    Section length    C, #relocs    3, #linenums    0, checksum EAE10678, selection    5 (pick associative Section 0x11D)
6A0 00000000 SECT1AD notype       Static      | $pdata$?assign@?$basic_string@DU?$char_traits@D@std@@V?$allocator@D@2@@std@@QEAAAEAV12@AEBV12@_K1@Z
6A1 00000000 SECT1AE notype       Static      | .xdata
    Section length    8, #relocs    0, #linenums    0, checksum 6072F4B7, selection    5 (pick associative Section 0x11F)
6A3 00000000 SECT1AE notype       Static      | $unwind$?assign@?$basic_string@DU?$char_traits@D@std@@V?$allocator@D@2@@std@@QEAAAEAV12@PEBD_K@Z
6A4 00000000 SECT1AF notype       Static      | .pdata
    Section length    C, #relocs    3, #linenums    0, checksum FEEC49CD, selection    5 (pick associative Section 0x11F)
6A6 00000000 SECT1AF notype       Static      | $pdata$?assign@?$basic_string@DU?$char_traits@D@std@@V?$allocator@D@2@@std@@QEAAAEAV12@PEBD_K@Z
6A7 00000000 SECT1B0 notype       Static      | .xdata
    Section length    8, #relocs    0, #linenums    0, checksum C40886FB, selection    5 (pick associative Section 0x11E)
6A9 00000000 SECT1B0 notype       Static      | $unwind$?assign@?$basic_string@DU?$char_traits@D@std@@V?$allocator@D@2@@std@@QEAAAEAV12@PEBD@Z
6AA 00000000 SECT1B1 notype       Static      | .pdata
    Section length    C, #relocs    3, #linenums    0, checksum EFF2CB6A, selection    5 (pick associative Section 0x11E)
6AC 00000000 SECT1B1 notype       Static      | $pdata$?assign@?$basic_string@DU?$char_traits@D@std@@V?$allocator@D@2@@std@@QEAAAEAV12@PEBD@Z
6AD 00000000 SECT1B2 notype       Static      | .xdata
    Section length    8, #relocs    0, #linenums    0, checksum C40886FB, selection    5 (pick associative Section 0x139)
6AF 00000000 SECT1B2 notype       Static      | $unwind$?erase@?$basic_string@DU?$char_traits@D@std@@V?$allocator@D@2@@std@@QEAAAEAV12@_K@Z
6B0 00000000 SECT1B3 notype       Static      | .pdata
    Section length    C, #relocs    3, #linenums    0, checksum E537C273, selection    5 (pick associative Section 0x139)
6B2 00000000 SECT1B3 notype       Static      | $pdata$?erase@?$basic_string@DU?$char_traits@D@std@@V?$allocator@D@2@@std@@QEAAAEAV12@_K@Z
6B3 00000000 SECT1B4 notype       Static      | .xdata
    Section length    8, #relocs    0, #linenums    0, checksum 583FB257, selection    5 (pick associative Section 0x138)
6B5 00000000 SECT1B4 notype       Static      | $unwind$?erase@?$basic_string@DU?$char_traits@D@std@@V?$allocator@D@2@@std@@QEAAAEAV12@_K0@Z
6B6 00000000 SECT1B5 notype       Static      | .pdata
    Section length    C, #relocs    3, #linenums    0, checksum CAB77682, selection    5 (pick associative Section 0x138)
6B8 00000000 SECT1B5 notype       Static      | $pdata$?erase@?$basic_string@DU?$char_traits@D@std@@V?$allocator@D@2@@std@@QEAAAEAV12@_K0@Z
6B9 00000000 SECT1B6 notype       Static      | .xdata
    Section length    8, #relocs    0, #linenums    0, checksum  DD7168C, selection    5 (pick associative Section 0x146)
6BB 00000000 SECT1B6 notype       Static      | $unwind$?max_size@?$basic_string@DU?$char_traits@D@std@@V?$allocator@D@2@@std@@QEBA_KXZ
6BC 00000000 SECT1B7 notype       Static      | .pdata
    Section length    C, #relocs    3, #linenums    0, checksum F0BDD041, selection    5 (pick associative Section 0x146)
6BE 00000000 SECT1B7 notype       Static      | $pdata$?max_size@?$basic_string@DU?$char_traits@D@std@@V?$allocator@D@2@@std@@QEBA_KXZ
6BF 00000000 SECT1B8 notype       Static      | .xdata
    Section length   10, #relocs    2, #linenums    0, checksum 201FD535, selection    5 (pick associative Section 0xE2)
6C1 00000000 SECT1B8 notype       Static      | $unwind$?_Copy@?$basic_string@DU?$char_traits@D@std@@V?$allocator@D@2@@std@@QEAAX_K0@Z
6C2 00000000 SECT1B9 notype       Static      | .pdata
    Section length    C, #relocs    3, #linenums    0, checksum 2F6227CC, selection    5 (pick associative Section 0xE2)
6C4 00000000 SECT1B9 notype       Static      | $pdata$?_Copy@?$basic_string@DU?$char_traits@D@std@@V?$allocator@D@2@@std@@QEAAX_K0@Z
6C5 00000000 SECT1BA notype       Static      | .rdata
    Section length   28, #relocs    3, #linenums    0, checksum 83B37945, selection    5 (pick associative Section 0xE2)
6C7 00000000 SECT1BA notype       Static      | $cppxdata$?_Copy@?$basic_string@DU?$char_traits@D@std@@V?$allocator@D@2@@std@@QEAAX_K0@Z
6C8 00000000 SECT1BB notype       Static      | .xdata
    Section length   20, #relocs    0, #linenums    0, checksum D8090E82, selection    5 (pick associative Section 0xE2)
6CA 00000000 SECT1BB notype       Static      | $stateUnwindMap$?_Copy@?$basic_string@DU?$char_traits@D@std@@V?$allocator@D@2@@std@@QEAAX_K0@Z
6CB 00000000 SECT1BC notype       Static      | .xdata
    Section length   28, #relocs    2, #linenums    0, checksum 3EF07423, selection    5 (pick associative Section 0xE2)
6CD 00000000 SECT1BC notype       Static      | $tryMap$?_Copy@?$basic_string@DU?$char_traits@D@std@@V?$allocator@D@2@@std@@QEAAX_K0@Z
6CE 00000000 SECT1BD notype       Static      | .xdata
    Section length   14, #relocs    1, #linenums    0, checksum   677058, selection    5 (pick associative Section 0xE2)
6D0 00000000 SECT1BD notype       Static      | $handlerMap$0$?_Copy@?$basic_string@DU?$char_traits@D@std@@V?$allocator@D@2@@std@@QEAAX_K0@Z
6D1 00000000 SECT1BE notype       Static      | .xdata
    Section length   14, #relocs    1, #linenums    0, checksum   677058, selection    5 (pick associative Section 0xE2)
6D3 00000000 SECT1BE notype       Static      | $handlerMap$1$?_Copy@?$basic_string@DU?$char_traits@D@std@@V?$allocator@D@2@@std@@QEAAX_K0@Z
6D4 00000000 SECT1BF notype       Static      | .xdata
    Section length   50, #relocs    A, #linenums    0, checksum BFF3D57B, selection    5 (pick associative Section 0xE2)
6D6 00000000 SECT1BF notype       Static      | $ip2state$?_Copy@?$basic_string@DU?$char_traits@D@std@@V?$allocator@D@2@@std@@QEAAX_K0@Z
6D7 00000000 SECT1C0 notype       Static      | .xdata
    Section length   10, #relocs    2, #linenums    0, checksum 5840A276, selection    5 (pick associative Section 0xE2)
6D9 00000000 SECT1C0 notype       Static      | $unwind$?catch$1@?0??_Copy@?$basic_string@DU?$char_traits@D@std@@V?$allocator@D@2@@std@@QEAAX_K0@Z@4HA
6DA 00000000 SECT1C1 notype       Static      | .pdata
    Section length    C, #relocs    3, #linenums    0, checksum  84CEF90, selection    5 (pick associative Section 0xE2)
6DC 00000000 SECT1C1 notype       Static      | $pdata$?catch$1@?0??_Copy@?$basic_string@DU?$char_traits@D@std@@V?$allocator@D@2@@std@@QEAAX_K0@Z@4HA
6DD 00000000 SECT1C2 notype       Static      | .xdata
    Section length   10, #relocs    2, #linenums    0, checksum 5840A276, selection    5 (pick associative Section 0xE2)
6DF 00000000 SECT1C2 notype       Static      | $unwind$?catch$0@?0??_Copy@?$basic_string@DU?$char_traits@D@std@@V?$allocator@D@2@@std@@QEAAX_K0@Z@4HA
6E0 00000000 SECT1C3 notype       Static      | .pdata
    Section length    C, #relocs    3, #linenums    0, checksum 43A25AFA, selection    5 (pick associative Section 0xE2)
6E2 00000000 SECT1C3 notype       Static      | $pdata$?catch$0@?0??_Copy@?$basic_string@DU?$char_traits@D@std@@V?$allocator@D@2@@std@@QEAAX_K0@Z@4HA
6E3 00000000 SECT1C4 notype       Static      | .xdata
    Section length    8, #relocs    0, #linenums    0, checksum FC45C01B, selection    5 (pick associative Section 0xF1)
6E5 00000000 SECT1C4 notype       Static      | $unwind$?_Eos@?$basic_string@DU?$char_traits@D@std@@V?$allocator@D@2@@std@@QEAAX_K@Z
6E6 00000000 SECT1C5 notype       Static      | .pdata
    Section length    C, #relocs    3, #linenums    0, checksum 6BB8C590, selection    5 (pick associative Section 0xF1)
6E8 00000000 SECT1C5 notype       Static      | $pdata$?_Eos@?$basic_string@DU?$char_traits@D@std@@V?$allocator@D@2@@std@@QEAAX_K@Z
6E9 00000000 SECT1C6 notype       Static      | .xdata
    Section length    8, #relocs    0, #linenums    0, checksum 583FB257, selection    5 (pick associative Section 0xFB)
6EB 00000000 SECT1C6 notype       Static      | $unwind$?_Grow@?$basic_string@DU?$char_traits@D@std@@V?$allocator@D@2@@std@@QEAA_N_K_N@Z
6EC 00000000 SECT1C7 notype       Static      | .pdata
    Section length    C, #relocs    3, #linenums    0, checksum 1397642E, selection    5 (pick associative Section 0xFB)
6EE 00000000 SECT1C7 notype       Static      | $pdata$?_Grow@?$basic_string@DU?$char_traits@D@std@@V?$allocator@D@2@@std@@QEAA_N_K_N@Z
6EF 00000000 SECT1C8 notype       Static      | .xdata
    Section length    8, #relocs    0, #linenums    0, checksum C40886FB, selection    5 (pick associative Section 0xFE)
6F1 00000000 SECT1C8 notype       Static      | $unwind$?_Inside@?$basic_string@DU?$char_traits@D@std@@V?$allocator@D@2@@std@@QEAA_NPEBD@Z
6F2 00000000 SECT1C9 notype       Static      | .pdata
    Section length    C, #relocs    3, #linenums    0, checksum 3C17D0DF, selection    5 (pick associative Section 0xFE)
6F4 00000000 SECT1C9 notype       Static      | $pdata$?_Inside@?$basic_string@DU?$char_traits@D@std@@V?$allocator@D@2@@std@@QEAA_NPEBD@Z
6F5 00000000 SECT1CA notype       Static      | .xdata
    Section length    8, #relocs    0, #linenums    0, checksum EF160E26, selection    5 (pick associative Section 0x110)
6F7 00000000 SECT1CA notype       Static      | $unwind$?_Tidy@?$basic_string@DU?$char_traits@D@std@@V?$allocator@D@2@@std@@QEAAX_N_K@Z
6F8 00000000 SECT1CB notype       Static      | .pdata
    Section length    C, #relocs    3, #linenums    0, checksum 9C9F3E4A, selection    5 (pick associative Section 0x110)
6FA 00000000 SECT1CB notype       Static      | $pdata$?_Tidy@?$basic_string@DU?$char_traits@D@std@@V?$allocator@D@2@@std@@QEAAX_N_K@Z
6FB 00000000 SECT1CC notype       Static      | .xdata
    Section length    8, #relocs    0, #linenums    0, checksum 9C7880CC, selection    5 (pick associative Section 0x113)
6FD 00000000 SECT1CC notype       Static      | $unwind$?_Xlen@?$basic_string@DU?$char_traits@D@std@@V?$allocator@D@2@@std@@QEBAXXZ
6FE 00000000 SECT1CD notype       Static      | .pdata
    Section length    C, #relocs    3, #linenums    0, checksum ED7B2DE3, selection    5 (pick associative Section 0x113)
700 00000000 SECT1CD notype       Static      | $pdata$?_Xlen@?$basic_string@DU?$char_traits@D@std@@V?$allocator@D@2@@std@@QEBAXXZ
701 00000000 SECT1CE notype       Static      | .xdata
    Section length    8, #relocs    0, #linenums    0, checksum 9C7880CC, selection    5 (pick associative Section 0x115)
703 00000000 SECT1CE notype       Static      | $unwind$?_Xran@?$basic_string@DU?$char_traits@D@std@@V?$allocator@D@2@@std@@QEBAXXZ
704 00000000 SECT1CF notype       Static      | .pdata
    Section length    C, #relocs    3, #linenums    0, checksum ED7B2DE3, selection    5 (pick associative Section 0x115)
706 00000000 SECT1CF notype       Static      | $pdata$?_Xran@?$basic_string@DU?$char_traits@D@std@@V?$allocator@D@2@@std@@QEBAXXZ
707 00000000 SECT1D0 notype       Static      | .xdata
    Section length    8, #relocs    0, #linenums    0, checksum C40886FB, selection    5 (pick associative Section 0x8B)
709 00000000 SECT1D0 notype       Static      | $unwind$??0invalid_argument@std@@QEAA@PEBD@Z
70A 00000000 SECT1D1 notype       Static      | .pdata
    Section length    C, #relocs    3, #linenums    0, checksum 43A25AFA, selection    5 (pick associative Section 0x8B)
70C 00000000 SECT1D1 notype       Static      | $pdata$??0invalid_argument@std@@QEAA@PEBD@Z
70D 00000000 SECT1D2 notype       Static      | .xdata
    Section length    8, #relocs    0, #linenums    0, checksum 9C7880CC, selection    5 (pick associative Section 0xAE)
70F 00000000 SECT1D2 notype       Static      | $unwind$??1invalid_argument@std@@UEAA@XZ
710 00000000 SECT1D3 notype       Static      | .pdata
    Section length    C, #relocs    3, #linenums    0, checksum AF5E2A9E, selection    5 (pick associative Section 0xAE)
712 00000000 SECT1D3 notype       Static      | $pdata$??1invalid_argument@std@@UEAA@XZ
713 00000000 SECT1D4 notype       Static      | .xdata
    Section length    8, #relocs    0, #linenums    0, checksum C40886FB, selection    5 (pick associative Section 0x8A)
715 00000000 SECT1D4 notype       Static      | $unwind$??0invalid_argument@std@@QEAA@AEBV01@@Z
716 00000000 SECT1D5 notype       Static      | .pdata
    Section length    C, #relocs    3, #linenums    0, checksum 43A25AFA, selection    5 (pick associative Section 0x8A)
718 00000000 SECT1D5 notype       Static      | $pdata$??0invalid_argument@std@@QEAA@AEBV01@@Z
719 00000000 SECT1D6 notype       Static      | .xdata
    Section length    8, #relocs    0, #linenums    0, checksum E7553388, selection    5 (pick associative Section 0xCB)
71B 00000000 SECT1D6 notype       Static      | $unwind$??_Ginvalid_argument@std@@UEAAPEAXI@Z
71C 00000000 SECT1D7 notype       Static      | .pdata
    Section length    C, #relocs    3, #linenums    0, checksum 43A25AFA, selection    5 (pick associative Section 0xCB)
71E 00000000 SECT1D7 notype       Static      | $pdata$??_Ginvalid_argument@std@@UEAAPEAXI@Z
71F 00000000 SECT1D8 notype       Static      | .xdata
    Section length    8, #relocs    0, #linenums    0, checksum C40886FB, selection    5 (pick associative Section 0x90)
721 00000000 SECT1D8 notype       Static      | $unwind$??0runtime_error@std@@QEAA@PEBD@Z
722 00000000 SECT1D9 notype       Static      | .pdata
    Section length    C, #relocs    3, #linenums    0, checksum 43A25AFA, selection    5 (pick associative Section 0x90)
724 00000000 SECT1D9 notype       Static      | $pdata$??0runtime_error@std@@QEAA@PEBD@Z
725 00000000 SECT1DA notype       Static      | .xdata
    Section length    8, #relocs    0, #linenums    0, checksum 9C7880CC, selection    5 (pick associative Section 0xB1)
727 00000000 SECT1DA notype       Static      | $unwind$??1runtime_error@std@@UEAA@XZ
728 00000000 SECT1DB notype       Static      | .pdata
    Section length    C, #relocs    3, #linenums    0, checksum AF5E2A9E, selection    5 (pick associative Section 0xB1)
72A 00000000 SECT1DB notype       Static      | $pdata$??1runtime_error@std@@UEAA@XZ
72B 00000000 SECT1DC notype       Static      | .xdata
    Section length    8, #relocs    0, #linenums    0, checksum C40886FB, selection    5 (pick associative Section 0x8F)
72D 00000000 SECT1DC notype       Static      | $unwind$??0runtime_error@std@@QEAA@AEBV01@@Z
72E 00000000 SECT1DD notype       Static      | .pdata
    Section length    C, #relocs    3, #linenums    0, checksum 43A25AFA, selection    5 (pick associative Section 0x8F)
730 00000000 SECT1DD notype       Static      | $pdata$??0runtime_error@std@@QEAA@AEBV01@@Z
731 00000000 SECT1DE notype       Static      | .xdata
    Section length    8, #relocs    0, #linenums    0, checksum E7553388, selection    5 (pick associative Section 0xCD)
733 00000000 SECT1DE notype       Static      | $unwind$??_Gruntime_error@std@@UEAAPEAXI@Z
734 00000000 SECT1DF notype       Static      | .pdata
    Section length    C, #relocs    3, #linenums    0, checksum 43A25AFA, selection    5 (pick associative Section 0xCD)
736 00000000 SECT1DF notype       Static      | $pdata$??_Gruntime_error@std@@UEAAPEAXI@Z
737 00000000 SECT1E0 notype       Static      | .xdata
    Section length    8, #relocs    0, #linenums    0, checksum A435C62C, selection    5 (pick associative Section 0x159)
739 00000000 SECT1E0 notype       Static      | $unwind$?sendBusy@Endpoint@MilesPipe@@QEBA_NXZ
73A 00000000 SECT1E1 notype       Static      | .pdata
    Section length    C, #relocs    3, #linenums    0, checksum 5CED41D1, selection    5 (pick associative Section 0x159)
73C 00000000 SECT1E1 notype       Static      | $pdata$?sendBusy@Endpoint@MilesPipe@@QEBA_NXZ
73D 00000000 SECT1E2 notype       Static      | .xdata
    Section length    8, #relocs    0, #linenums    0, checksum 6072F4B7, selection    5 (pick associative Section 0x12E)
73F 00000000 SECT1E2 notype       Static      | $unwind$?deallocate@?$allocator@E@std@@QEAAXPEAE_K@Z
740 00000000 SECT1E3 notype       Static      | .pdata
    Section length    C, #relocs    3, #linenums    0, checksum BB53652B, selection    5 (pick associative Section 0x12E)
742 00000000 SECT1E3 notype       Static      | $pdata$?deallocate@?$allocator@E@std@@QEAAXPEAE_K@Z
743 00000000 SECT1E4 notype       Static      | .xdata
    Section length    8, #relocs    0, #linenums    0, checksum 9C7880CC, selection    5 (pick associative Section 0x60)
745 00000000 SECT1E4 notype       Static      | $unwind$??0?$_Wrap_alloc@V?$allocator@E@std@@@std@@QEAA@XZ
746 00000000 SECT1E5 notype       Static      | .pdata
    Section length    C, #relocs    3, #linenums    0, checksum E7BE24FA, selection    5 (pick associative Section 0x60)
748 00000000 SECT1E5 notype       Static      | $pdata$??0?$_Wrap_alloc@V?$allocator@E@std@@@std@@QEAA@XZ
749 00000000 SECT1E6 notype       Static      | .xdata
    Section length    8, #relocs    0, #linenums    0, checksum 6072F4B7, selection    5 (pick associative Section 0x12A)
74B 00000000 SECT1E6 notype       Static      | $unwind$?deallocate@?$_Wrap_alloc@V?$allocator@E@std@@@std@@QEAAXPEAE_K@Z
74C 00000000 SECT1E7 notype       Static      | .pdata
    Section length    C, #relocs    3, #linenums    0, checksum AED97719, selection    5 (pick associative Section 0x12A)
74E 00000000 SECT1E7 notype       Static      | $pdata$?deallocate@?$_Wrap_alloc@V?$allocator@E@std@@@std@@QEAAXPEAE_K@Z
74F 00000000 SECT1E8 notype       Static      | .xdata
    Section length    8, #relocs    0, #linenums    0, checksum 9C7880CC, selection    5 (pick associative Section 0x5D)
751 00000000 SECT1E8 notype       Static      | $unwind$??0?$_Vector_val@U?$_Simple_types@E@std@@@std@@QEAA@XZ
752 00000000 SECT1E9 notype       Static      | .pdata
    Section length    C, #relocs    3, #linenums    0, checksum ADD7CC17, selection    5 (pick associative Section 0x5D)
754 00000000 SECT1E9 notype       Static      | $pdata$??0?$_Vector_val@U?$_Simple_types@E@std@@@std@@QEAA@XZ
755 00000000 SECT1EA notype       Static      | .xdata
    Section length    8, #relocs    0, #linenums    0, checksum 9C7880CC, selection    5 (pick associative Section 0x97)
757 00000000 SECT1EA notype       Static      | $unwind$??1?$_Vector_val@U?$_Simple_types@E@std@@@std@@QEAA@XZ
758 00000000 SECT1EB notype       Static      | .pdata
    Section length    C, #relocs    3, #linenums    0, checksum AF5E2A9E, selection    5 (pick associative Section 0x97)
75A 00000000 SECT1EB notype       Static      | $pdata$??1?$_Vector_val@U?$_Simple_types@E@std@@@std@@QEAA@XZ
75B 00000000 SECT1EC notype       Static      | .xdata
    Section length   10, #relocs    2, #linenums    0, checksum EBAA22CB, selection    5 (pick associative Section 0x59)
75D 00000000 SECT1EC notype       Static      | $unwind$??0?$_Vector_alloc@$0A@U?$_Vec_base_types@EV?$allocator@E@std@@@std@@@std@@QEAA@AEBV?$allocator@E@1@@Z
75E 00000000 SECT1ED notype       Static      | .pdata
    Section length    C, #relocs    3, #linenums    0, checksum 8F085A64, selection    5 (pick associative Section 0x59)
760 00000000 SECT1ED notype       Static      | $pdata$??0?$_Vector_alloc@$0A@U?$_Vec_base_types@EV?$allocator@E@std@@@std@@@std@@QEAA@AEBV?$allocator@E@1@@Z
761 00000000 SECT1EE notype       Static      | .rdata
    Section length   28, #relocs    2, #linenums    0, checksum E93FB885, selection    5 (pick associative Section 0x59)
763 00000000 SECT1EE notype       Static      | $cppxdata$??0?$_Vector_alloc@$0A@U?$_Vec_base_types@EV?$allocator@E@std@@@std@@@std@@QEAA@AEBV?$allocator@E@1@@Z
764 00000000 SECT1EF notype       Static      | .xdata
    Section length    8, #relocs    1, #linenums    0, checksum 9ADD2096, selection    5 (pick associative Section 0x59)
766 00000000 SECT1EF notype       Static      | $stateUnwindMap$??0?$_Vector_alloc@$0A@U?$_Vec_base_types@EV?$allocator@E@std@@@std@@@std@@QEAA@AEBV?$allocator@E@1@@Z
767 00000000 SECT1F0 notype       Static      | .xdata
    Section length   18, #relocs    3, #linenums    0, checksum DC7D6D08, selection    5 (pick associative Section 0x59)
769 00000000 SECT1F0 notype       Static      | $ip2state$??0?$_Vector_alloc@$0A@U?$_Vec_base_types@EV?$allocator@E@std@@@std@@@std@@QEAA@AEBV?$allocator@E@1@@Z
76A 00000000 SECT1F1 notype       Static      | .xdata
    Section length    8, #relocs    0, #linenums    0, checksum B96BC9FB, selection    5 (pick associative Section 0x59)
76C 00000000 SECT1F1 notype       Static      | $unwind$?dtor$0@?0???0?$_Vector_alloc@$0A@U?$_Vec_base_types@EV?$allocator@E@std@@@std@@@std@@QEAA@AEBV?$allocator@E@1@@Z@4HA
76D 00000000 SECT1F2 notype       Static      | .pdata
    Section length    C, #relocs    3, #linenums    0, checksum AF5E2A9E, selection    5 (pick associative Section 0x59)
76F 00000000 SECT1F2 notype       Static      | $pdata$?dtor$0@?0???0?$_Vector_alloc@$0A@U?$_Vec_base_types@EV?$allocator@E@std@@@std@@@std@@QEAA@AEBV?$allocator@E@1@@Z@4HA
770 00000000 SECT1F3 notype       Static      | .xdata
    Section length    8, #relocs    0, #linenums    0, checksum 9C7880CC, selection    5 (pick associative Section 0x95)
772 00000000 SECT1F3 notype       Static      | $unwind$??1?$_Vector_alloc@$0A@U?$_Vec_base_types@EV?$allocator@E@std@@@std@@@std@@QEAA@XZ
773 00000000 SECT1F4 notype       Static      | .pdata
    Section length    C, #relocs    3, #linenums    0, checksum BB53652B, selection    5 (pick associative Section 0x95)
775 00000000 SECT1F4 notype       Static      | $pdata$??1?$_Vector_alloc@$0A@U?$_Vec_base_types@EV?$allocator@E@std@@@std@@@std@@QEAA@XZ
776 00000000 SECT1F5 notype       Static      | .xdata
    Section length    8, #relocs    0, #linenums    0, checksum  DD7168C, selection    5 (pick associative Section 0xDD)
778 00000000 SECT1F5 notype       Static      | $unwind$?_Alloc_proxy@?$_Vector_alloc@$0A@U?$_Vec_base_types@EV?$allocator@E@std@@@std@@@std@@QEAAXXZ
779 00000000 SECT1F6 notype       Static      | .pdata
    Section length    C, #relocs    3, #linenums    0, checksum 40ACE1F4, selection    5 (pick associative Section 0xDD)
77B 00000000 SECT1F6 notype       Static      | $pdata$?_Alloc_proxy@?$_Vector_alloc@$0A@U?$_Vec_base_types@EV?$allocator@E@std@@@std@@@std@@QEAAXXZ
77C 00000000 SECT1F7 notype       Static      | .xdata
    Section length    8, #relocs    0, #linenums    0, checksum A435C62C, selection    5 (pick associative Section 0xF3)
77E 00000000 SECT1F7 notype       Static      | $unwind$?_Free_proxy@?$_Vector_alloc@$0A@U?$_Vec_base_types@EV?$allocator@E@std@@@std@@@std@@QEAAXXZ
77F 00000000 SECT1F8 notype       Static      | .pdata
    Section length    C, #relocs    3, #linenums    0, checksum 86C3E873, selection    5 (pick associative Section 0xF3)
781 00000000 SECT1F8 notype       Static      | $pdata$?_Free_proxy@?$_Vector_alloc@$0A@U?$_Vec_base_types@EV?$allocator@E@std@@@std@@@std@@QEAAXXZ
782 00000000 SECT1F9 notype       Static      | .xdata
    Section length    8, #relocs    0, #linenums    0, checksum C40886FB, selection    5 (pick associative Section 0xF9)
784 00000000 SECT1F9 notype       Static      | $unwind$?_Getal@?$_Vector_alloc@$0A@U?$_Vec_base_types@EV?$allocator@E@std@@@std@@@std@@QEBA?AU?$_Wrap_alloc@V?$allocator@E@std@@@2@XZ
785 00000000 SECT1FA notype       Static      | .pdata
    Section length    C, #relocs    3, #linenums    0, checksum BB53652B, selection    5 (pick associative Section 0xF9)
787 00000000 SECT1FA notype       Static      | $pdata$?_Getal@?$_Vector_alloc@$0A@U?$_Vec_base_types@EV?$allocator@E@std@@@std@@@std@@QEBA?AU?$_Wrap_alloc@V?$allocator@E@std@@@2@XZ
788 00000000 SECT1FB notype       Static      | .xdata
    Section length    8, #relocs    0, #linenums    0, checksum A435C62C, selection    5 (pick associative Section 0x74)
78A 00000000 SECT1FB notype       Static      | $unwind$??0?$vector@EV?$allocator@E@std@@@std@@QEAA@XZ
78B 00000000 SECT1FC notype       Static      | .pdata
    Section length    C, #relocs    3, #linenums    0, checksum 68B67E9E, selection    5 (pick associative Section 0x74)
78D 00000000 SECT1FC notype       Static      | $pdata$??0?$vector@EV?$allocator@E@std@@@std@@QEAA@XZ
78E 00000000 SECT1FD notype       Static      | .xdata
    Section length    8, #relocs    0, #linenums    0, checksum 9C7880CC, selection    5 (pick associative Section 0x9F)
790 00000000 SECT1FD notype       Static      | $unwind$??1?$vector@EV?$allocator@E@std@@@std@@QEAA@XZ
791 00000000 SECT1FE notype       Static      | .pdata
    Section length    C, #relocs    3, #linenums    0, checksum BB53652B, selection    5 (pick associative Section 0x9F)
793 00000000 SECT1FE notype       Static      | $pdata$??1?$vector@EV?$allocator@E@std@@@std@@QEAA@XZ
794 00000000 SECT1FF notype       Static      | .xdata
    Section length    8, #relocs    0, #linenums    0, checksum D4AF4BEC, selection    5 (pick associative Section 0x133)
796 00000000 SECT1FF notype       Static      | $unwind$?empty@?$vector@EV?$allocator@E@std@@@std@@QEBA_NXZ
797 00000000 SECT200 notype       Static      | .pdata
    Section length    C, #relocs    3, #linenums    0, checksum 43A25AFA, selection    5 (pick associative Section 0x133)
799 00000000 SECT200 notype       Static      | $pdata$?empty@?$vector@EV?$allocator@E@std@@@std@@QEBA_NXZ
79A 00000000 SECT201 notype       Static      | .xdata
    Section length    8, #relocs    0, #linenums    0, checksum 583FB257, selection    5 (pick associative Section 0xEE)
79C 00000000 SECT201 notype       Static      | $unwind$?_Destroy@?$vector@EV?$allocator@E@std@@@std@@IEAAXPEAE0@Z
79D 00000000 SECT202 notype       Static      | .pdata
    Section length    C, #relocs    3, #linenums    0, checksum D8A74F2B, selection    5 (pick associative Section 0xEE)
79F 00000000 SECT202 notype       Static      | $pdata$?_Destroy@?$vector@EV?$allocator@E@std@@@std@@IEAAXPEAE0@Z
7A0 00000000 SECT203 notype       Static      | .xdata
    Section length    8, #relocs    0, #linenums    0, checksum A435C62C, selection    5 (pick associative Section 0x111)
7A2 00000000 SECT203 notype       Static      | $unwind$?_Tidy@?$vector@EV?$allocator@E@std@@@std@@IEAAXXZ
7A3 00000000 SECT204 notype       Static      | .pdata
    Section length    C, #relocs    3, #linenums    0, checksum 3148F25D, selection    5 (pick associative Section 0x111)
7A5 00000000 SECT204 notype       Static      | $pdata$?_Tidy@?$vector@EV?$allocator@E@std@@@std@@IEAAXXZ
7A6 00000000 SECT205 notype       Static      | .xdata
    Section length    8, #relocs    0, #linenums    0, checksum 9C7880CC, selection    5 (pick associative Section 0x85)
7A8 00000000 SECT205 notype       Static      | $unwind$??0_Ref_count_base@std@@IEAA@XZ
7A9 00000000 SECT206 notype       Static      | .pdata
    Section length    C, #relocs    3, #linenums    0, checksum 3C17D0DF, selection    5 (pick associative Section 0x85)
7AB 00000000 SECT206 notype       Static      | $pdata$??0_Ref_count_base@std@@IEAA@XZ
7AC 00000000 SECT207 notype       Static      | .xdata
    Section length    8, #relocs    0, #linenums    0, checksum 9C7880CC, selection    5 (pick associative Section 0xE8)
7AE 00000000 SECT207 notype       Static      | $unwind$?_Decref@_Ref_count_base@std@@QEAAXXZ
7AF 00000000 SECT208 notype       Static      | .pdata
    Section length    C, #relocs    3, #linenums    0, checksum E537C273, selection    5 (pick associative Section 0xE8)
7B1 00000000 SECT208 notype       Static      | $pdata$?_Decref@_Ref_count_base@std@@QEAAXXZ
7B2 00000000 SECT209 notype       Static      | .xdata
    Section length    8, #relocs    0, #linenums    0, checksum 9C7880CC, selection    5 (pick associative Section 0xE9)
7B4 00000000 SECT209 notype       Static      | $unwind$?_Decwref@_Ref_count_base@std@@QEAAXXZ
7B5 00000000 SECT20A notype       Static      | .pdata
    Section length    C, #relocs    3, #linenums    0, checksum 562848C8, selection    5 (pick associative Section 0xE9)
7B7 00000000 SECT20A notype       Static      | $pdata$?_Decwref@_Ref_count_base@std@@QEAAXXZ
7B8 00000000 SECT20B notype       Static      | .xdata
    Section length    8, #relocs    0, #linenums    0, checksum E7553388, selection    5 (pick associative Section 0xC8)
7BA 00000000 SECT20B notype       Static      | $unwind$??_G_Ref_count_base@std@@UEAAPEAXI@Z
7BB 00000000 SECT20C notype       Static      | .pdata
    Section length    C, #relocs    3, #linenums    0, checksum 43A25AFA, selection    5 (pick associative Section 0xC8)
7BD 00000000 SECT20C notype       Static      | $pdata$??_G_Ref_count_base@std@@UEAAPEAXI@Z
7BE 00000000 SECT20D notype       Static      | .xdata
    Section length    8, #relocs    0, #linenums    0, checksum 6072F4B7, selection    5 (pick associative Section 0x10)
7C0 00000000 SECT20D notype       Static      | $unwind$??$_Debug_pointer@D@std@@YAXPEBDPEB_WI@Z
7C1 00000000 SECT20E notype       Static      | .pdata
    Section length    C, #relocs    3, #linenums    0, checksum 43A25AFA, selection    5 (pick associative Section 0x10)
7C3 00000000 SECT20E notype       Static      | $pdata$??$_Debug_pointer@D@std@@YAXPEBDPEB_WI@Z
7C4 00000000 SECT20F notype       Static      | .xdata
    Section length    8, #relocs    0, #linenums    0, checksum 6072F4B7, selection    5 (pick associative Section 0x132)
7C6 00000000 SECT20F notype       Static      | $unwind$?default_error_condition@error_category@std@@UEBA?AVerror_condition@2@H@Z
7C7 00000000 SECT210 notype       Static      | .pdata
    Section length    C, #relocs    3, #linenums    0, checksum 85CD537D, selection    5 (pick associative Section 0x132)
7C9 00000000 SECT210 notype       Static      | $pdata$?default_error_condition@error_category@std@@UEBA?AVerror_condition@2@H@Z
7CA 00000000 SECT211 notype       Static      | .xdata
    Section length    8, #relocs    0, #linenums    0, checksum 46F4DE86, selection    5 (pick associative Section 0x137)
7CC 00000000 SECT211 notype       Static      | $unwind$?equivalent@error_category@std@@UEBA_NHAEBVerror_condition@2@@Z
7CD 00000000 SECT212 notype       Static      | .pdata
    Section length    C, #relocs    3, #linenums    0, checksum 9047414F, selection    5 (pick associative Section 0x137)
7CF 00000000 SECT212 notype       Static      | $pdata$?equivalent@error_category@std@@UEBA_NHAEBVerror_condition@2@@Z
7D0 00000000 SECT213 notype       Static      | .xdata
    Section length    8, #relocs    0, #linenums    0, checksum 583FB257, selection    5 (pick associative Section 0x136)
7D2 00000000 SECT213 notype       Static      | $unwind$?equivalent@error_category@std@@UEBA_NAEBVerror_code@2@H@Z
7D3 00000000 SECT214 notype       Static      | .pdata
    Section length    C, #relocs    3, #linenums    0, checksum CE23E617, selection    5 (pick associative Section 0x136)
7D5 00000000 SECT214 notype       Static      | $pdata$?equivalent@error_category@std@@UEBA_NAEBVerror_code@2@H@Z
7D6 00000000 SECT215 notype       Static      | .xdata
    Section length    8, #relocs    0, #linenums    0, checksum 8CDF4DDB, selection    5 (pick associative Section 0xB8)
7D8 00000000 SECT215 notype       Static      | $unwind$??8error_category@std@@QEBA_NAEBV01@@Z
7D9 00000000 SECT216 notype       Static      | .pdata
    Section length    C, #relocs    3, #linenums    0, checksum  B42549E, selection    5 (pick associative Section 0xB8)
7DB 00000000 SECT216 notype       Static      | $pdata$??8error_category@std@@QEBA_NAEBV01@@Z
7DC 00000000 SECT217 notype       Static      | .xdata
    Section length    8, #relocs    0, #linenums    0, checksum E7553388, selection    5 (pick associative Section 0xCA)
7DE 00000000 SECT217 notype       Static      | $unwind$??_Gerror_category@std@@UEAAPEAXI@Z
7DF 00000000 SECT218 notype       Static      | .pdata
    Section length    C, #relocs    3, #linenums    0, checksum 43A25AFA, selection    5 (pick associative Section 0xCA)
7E1 00000000 SECT218 notype       Static      | $pdata$??_Gerror_category@std@@UEAAPEAXI@Z
7E2 00000000 SECT219 notype       Static      | .xdata
    Section length    8, #relocs    0, #linenums    0, checksum FC45C01B, selection    5 (pick associative Section 0xB9)
7E4 00000000 SECT219 notype       Static      | $unwind$??8error_condition@std@@QEBA_NAEBV01@@Z
7E5 00000000 SECT21A notype       Static      | .pdata
    Section length    C, #relocs    3, #linenums    0, checksum 3D908D58, selection    5 (pick associative Section 0xB9)
7E7 00000000 SECT21A notype       Static      | $pdata$??8error_condition@std@@QEBA_NAEBV01@@Z
7E8 00000000 SECT21B notype       Static      | .xdata
    Section length    8, #relocs    0, #linenums    0, checksum 9C7880CC, selection    5 (pick associative Section 0x81)
7EA 00000000 SECT21B notype       Static      | $unwind$??0_Generic_error_category@std@@QEAA@XZ
7EB 00000000 SECT21C notype       Static      | .pdata
    Section length    C, #relocs    3, #linenums    0, checksum AED97719, selection    5 (pick associative Section 0x81)
7ED 00000000 SECT21C notype       Static      | $pdata$??0_Generic_error_category@std@@QEAA@XZ
7EE 00000000 SECT21D notype       Static      | .xdata
    Section length    8, #relocs    0, #linenums    0, checksum F1DD62F7, selection    5 (pick associative Section 0x148)
7F0 00000000 SECT21D notype       Static      | $unwind$?message@_Generic_error_category@std@@UEBA?AV?$basic_string@DU?$char_traits@D@std@@V?$allocator@D@2@@2@H@Z
7F1 00000000 SECT21E notype       Static      | .pdata
    Section length    C, #relocs    3, #linenums    0, checksum 4BEEB56A, selection    5 (pick associative Section 0x148)
7F3 00000000 SECT21E notype       Static      | $pdata$?message@_Generic_error_category@std@@UEBA?AV?$basic_string@DU?$char_traits@D@std@@V?$allocator@D@2@@2@H@Z
7F4 00000000 SECT21F notype       Static      | .xdata
    Section length    8, #relocs    0, #linenums    0, checksum 9C7880CC, selection    5 (pick associative Section 0xA8)
7F6 00000000 SECT21F notype       Static      | $unwind$??1_Generic_error_category@std@@UEAA@XZ
7F7 00000000 SECT220 notype       Static      | .pdata
    Section length    C, #relocs    3, #linenums    0, checksum AF5E2A9E, selection    5 (pick associative Section 0xA8)
7F9 00000000 SECT220 notype       Static      | $pdata$??1_Generic_error_category@std@@UEAA@XZ
7FA 00000000 SECT221 notype       Static      | .xdata
    Section length    8, #relocs    0, #linenums    0, checksum E7553388, selection    5 (pick associative Section 0xC6)
7FC 00000000 SECT221 notype       Static      | $unwind$??_G_Generic_error_category@std@@UEAAPEAXI@Z
7FD 00000000 SECT222 notype       Static      | .pdata
    Section length    C, #relocs    3, #linenums    0, checksum 43A25AFA, selection    5 (pick associative Section 0xC6)
7FF 00000000 SECT222 notype       Static      | $pdata$??_G_Generic_error_category@std@@UEAAPEAXI@Z
800 00000000 SECT223 notype       Static      | .xdata
    Section length    8, #relocs    0, #linenums    0, checksum 9C7880CC, selection    5 (pick associative Section 0x83)
802 00000000 SECT223 notype       Static      | $unwind$??0_Iostream_error_category@std@@QEAA@XZ
803 00000000 SECT224 notype       Static      | .pdata
    Section length    C, #relocs    3, #linenums    0, checksum AED97719, selection    5 (pick associative Section 0x83)
805 00000000 SECT224 notype       Static      | $pdata$??0_Iostream_error_category@std@@QEAA@XZ
806 00000000 SECT225 notype       Static      | .xdata
    Section length    8, #relocs    0, #linenums    0, checksum 583FB257, selection    5 (pick associative Section 0x149)
808 00000000 SECT225 notype       Static      | $unwind$?message@_Iostream_error_category@std@@UEBA?AV?$basic_string@DU?$char_traits@D@std@@V?$allocator@D@2@@2@H@Z
809 00000000 SECT226 notype       Static      | .pdata
    Section length    C, #relocs    3, #linenums    0, checksum AC509190, selection    5 (pick associative Section 0x149)
80B 00000000 SECT226 notype       Static      | $pdata$?message@_Iostream_error_category@std@@UEBA?AV?$basic_string@DU?$char_traits@D@std@@V?$allocator@D@2@@2@H@Z
80C 00000000 SECT227 notype       Static      | .xdata
    Section length    8, #relocs    0, #linenums    0, checksum 9C7880CC, selection    5 (pick associative Section 0xA9)
80E 00000000 SECT227 notype       Static      | $unwind$??1_Iostream_error_category@std@@UEAA@XZ
80F 00000000 SECT228 notype       Static      | .pdata
    Section length    C, #relocs    3, #linenums    0, checksum AF5E2A9E, selection    5 (pick associative Section 0xA9)
811 00000000 SECT228 notype       Static      | $pdata$??1_Iostream_error_category@std@@UEAA@XZ
812 00000000 SECT229 notype       Static      | .xdata
    Section length    8, #relocs    0, #linenums    0, checksum E7553388, selection    5 (pick associative Section 0xC7)
814 00000000 SECT229 notype       Static      | $unwind$??_G_Iostream_error_category@std@@UEAAPEAXI@Z
815 00000000 SECT22A notype       Static      | .pdata
    Section length    C, #relocs    3, #linenums    0, checksum 43A25AFA, selection    5 (pick associative Section 0xC7)
817 00000000 SECT22A notype       Static      | $pdata$??_G_Iostream_error_category@std@@UEAAPEAXI@Z
818 00000000 SECT22B notype       Static      | .xdata
    Section length    8, #relocs    0, #linenums    0, checksum 9C7880CC, selection    5 (pick associative Section 0x86)
81A 00000000 SECT22B notype       Static      | $unwind$??0_System_error_category@std@@QEAA@XZ
81B 00000000 SECT22C notype       Static      | .pdata
    Section length    C, #relocs    3, #linenums    0, checksum AED97719, selection    5 (pick associative Section 0x86)
81D 00000000 SECT22C notype       Static      | $pdata$??0_System_error_category@std@@QEAA@XZ
81E 00000000 SECT22D notype       Static      | .xdata
    Section length    8, #relocs    0, #linenums    0, checksum F1DD62F7, selection    5 (pick associative Section 0x14A)
820 00000000 SECT22D notype       Static      | $unwind$?message@_System_error_category@std@@UEBA?AV?$basic_string@DU?$char_traits@D@std@@V?$allocator@D@2@@2@H@Z
821 00000000 SECT22E notype       Static      | .pdata
    Section length    C, #relocs    3, #linenums    0, checksum 4BEEB56A, selection    5 (pick associative Section 0x14A)
823 00000000 SECT22E notype       Static      | $pdata$?message@_System_error_category@std@@UEBA?AV?$basic_string@DU?$char_traits@D@std@@V?$allocator@D@2@@2@H@Z
824 00000000 SECT22F notype       Static      | .xdata
    Section length    8, #relocs    0, #linenums    0, checksum 6072F4B7, selection    5 (pick associative Section 0x131)
826 00000000 SECT22F notype       Static      | $unwind$?default_error_condition@_System_error_category@std@@UEBA?AVerror_condition@2@H@Z
827 00000000 SECT230 notype       Static      | .pdata
    Section length    C, #relocs    3, #linenums    0, checksum D0EBA0BB, selection    5 (pick associative Section 0x131)
829 00000000 SECT230 notype       Static      | $pdata$?default_error_condition@_System_error_category@std@@UEBA?AVerror_condition@2@H@Z
82A 00000000 SECT231 notype       Static      | .xdata
    Section length    8, #relocs    0, #linenums    0, checksum 9C7880CC, selection    5 (pick associative Section 0xAC)
82C 00000000 SECT231 notype       Static      | $unwind$??1_System_error_category@std@@UEAA@XZ
82D 00000000 SECT232 notype       Static      | .pdata
    Section length    C, #relocs    3, #linenums    0, checksum AF5E2A9E, selection    5 (pick associative Section 0xAC)
82F 00000000 SECT232 notype       Static      | $pdata$??1_System_error_category@std@@UEAA@XZ
830 00000000 SECT233 notype       Static      | .xdata
    Section length    8, #relocs    0, #linenums    0, checksum E7553388, selection    5 (pick associative Section 0xC9)
832 00000000 SECT233 notype       Static      | $unwind$??_G_System_error_category@std@@UEAAPEAXI@Z
833 00000000 SECT234 notype       Static      | .pdata
    Section length    C, #relocs    3, #linenums    0, checksum 43A25AFA, selection    5 (pick associative Section 0xC9)
835 00000000 SECT234 notype       Static      | $pdata$??_G_System_error_category@std@@UEAAPEAXI@Z
836 00000000 SECT235 notype       Static      | .xdata
    Section length    8, #relocs    0, #linenums    0, checksum 9C7880CC, selection    5 (pick associative Section 0xE4)
838 00000000 SECT235 notype       Static      | $unwind$?_Decref@?$_Ptr_base@$$CBX@std@@QEAAXXZ
839 00000000 SECT236 notype       Static      | .pdata
    Section length    C, #relocs    3, #linenums    0, checksum 2A9379E3, selection    5 (pick associative Section 0xE4)
83B 00000000 SECT236 notype       Static      | $pdata$?_Decref@?$_Ptr_base@$$CBX@std@@QEAAXXZ
83C 00000000 SECT237 notype       Static      | .xdata
    Section length    8, #relocs    0, #linenums    0, checksum 6072F4B7, selection    5 (pick associative Section 0x109)
83E 00000000 SECT237 notype       Static      | $unwind$?_Reset@?$_Ptr_base@$$CBX@std@@QEAAXPEBXPEAV_Ref_count_base@2@@Z
83F 00000000 SECT238 notype       Static      | .pdata
    Section length    C, #relocs    3, #linenums    0, checksum 9047414F, selection    5 (pick associative Section 0x109)
841 00000000 SECT238 notype       Static      | $pdata$?_Reset@?$_Ptr_base@$$CBX@std@@QEAAXPEBXPEAV_Ref_count_base@2@@Z
842 00000000 SECT239 notype       Static      | .xdata
    Section length    8, #relocs    0, #linenums    0, checksum 6072F4B7, selection    5 (pick associative Section 0x105)
844 00000000 SECT239 notype       Static      | $unwind$?_Reset0@?$_Ptr_base@$$CBX@std@@QEAAXPEBXPEAV_Ref_count_base@2@@Z
845 00000000 SECT23A notype       Static      | .pdata
    Section length    C, #relocs    3, #linenums    0, checksum B298D73C, selection    5 (pick associative Section 0x105)
847 00000000 SECT23A notype       Static      | $pdata$?_Reset0@?$_Ptr_base@$$CBX@std@@QEAAXPEBXPEAV_Ref_count_base@2@@Z
848 00000000 SECT23B notype       Static      | .xdata
    Section length    8, #relocs    0, #linenums    0, checksum C40886FB, selection    5 (pick associative Section 0x6C)
84A 00000000 SECT23B notype       Static      | $unwind$??0?$shared_ptr@$$CBX@std@@QEAA@AEBV01@@Z
84B 00000000 SECT23C notype       Static      | .pdata
    Section length    C, #relocs    3, #linenums    0, checksum 496753E3, selection    5 (pick associative Section 0x6C)
84D 00000000 SECT23C notype       Static      | $pdata$??0?$shared_ptr@$$CBX@std@@QEAA@AEBV01@@Z
84E 00000000 SECT23D notype       Static      | .xdata
    Section length    8, #relocs    0, #linenums    0, checksum 9C7880CC, selection    5 (pick associative Section 0x9A)
850 00000000 SECT23D notype       Static      | $unwind$??1?$shared_ptr@$$CBX@std@@QEAA@XZ
851 00000000 SECT23E notype       Static      | .pdata
    Section length    C, #relocs    3, #linenums    0, checksum AF5E2A9E, selection    5 (pick associative Section 0x9A)
853 00000000 SECT23E notype       Static      | $pdata$??1?$shared_ptr@$$CBX@std@@QEAA@XZ
854 00000000 SECT23F notype       Static      | .xdata
    Section length    8, #relocs    0, #linenums    0, checksum 9C7880CC, selection    5 (pick associative Section 0xA2)
856 00000000 SECT23F notype       Static      | $unwind$??1FileServices@MilesFileChannel26@@QEAA@XZ
857 00000000 SECT240 notype       Static      | .pdata
    Section length    C, #relocs    3, #linenums    0, checksum 21D12D7D, selection    5 (pick associative Section 0xA2)
859 00000000 SECT240 notype       Static      | $pdata$??1FileServices@MilesFileChannel26@@QEAA@XZ
85A 00000000 SECT241 notype       Static      | .xdata
    Section length    8, #relocs    0, #linenums    0, checksum C40886FB, selection    5 (pick associative Section 0x78)
85C 00000000 SECT241 notype       Static      | $unwind$??0FileServices@MilesFileChannel26@@QEAA@AEBU01@@Z
85D 00000000 SECT242 notype       Static      | .pdata
    Section length    C, #relocs    3, #linenums    0, checksum EE7596ED, selection    5 (pick associative Section 0x78)
85F 00000000 SECT242 notype       Static      | $pdata$??0FileServices@MilesFileChannel26@@QEAA@AEBU01@@Z
860 00000000 SECT243 notype       Static      | .xdata
    Section length    8, #relocs    0, #linenums    0, checksum C40886FB, selection    5 (pick associative Section 0x10F)
862 00000000 SECT243 notype       Static      | $unwind$?_Swap@?$_Ptr_base@X@std@@QEAAXAEAV12@@Z
863 00000000 SECT244 notype       Static      | .pdata
    Section length    C, #relocs    3, #linenums    0, checksum 5CED41D1, selection    5 (pick associative Section 0x10F)
865 00000000 SECT244 notype       Static      | $pdata$?_Swap@?$_Ptr_base@X@std@@QEAAXAEAV12@@Z
866 00000000 SECT245 notype       Static      | .xdata
    Section length    8, #relocs    0, #linenums    0, checksum 9C7880CC, selection    5 (pick associative Section 0xE7)
868 00000000 SECT245 notype       Static      | $unwind$?_Decref@?$_Ptr_base@X@std@@QEAAXXZ
869 00000000 SECT246 notype       Static      | .pdata
    Section length    C, #relocs    3, #linenums    0, checksum 2A9379E3, selection    5 (pick associative Section 0xE7)
86B 00000000 SECT246 notype       Static      | $pdata$?_Decref@?$_Ptr_base@X@std@@QEAAXXZ
86C 00000000 SECT247 notype       Static      | .xdata
    Section length    8, #relocs    0, #linenums    0, checksum 6072F4B7, selection    5 (pick associative Section 0x10C)
86E 00000000 SECT247 notype       Static      | $unwind$?_Reset@?$_Ptr_base@X@std@@QEAAXPEAXPEAV_Ref_count_base@2@@Z
86F 00000000 SECT248 notype       Static      | .pdata
    Section length    C, #relocs    3, #linenums    0, checksum 9047414F, selection    5 (pick associative Section 0x10C)
871 00000000 SECT248 notype       Static      | $pdata$?_Reset@?$_Ptr_base@X@std@@QEAAXPEAXPEAV_Ref_count_base@2@@Z
872 00000000 SECT249 notype       Static      | .xdata
    Section length    8, #relocs    0, #linenums    0, checksum 6072F4B7, selection    5 (pick associative Section 0x108)
874 00000000 SECT249 notype       Static      | $unwind$?_Reset0@?$_Ptr_base@X@std@@QEAAXPEAXPEAV_Ref_count_base@2@@Z
875 00000000 SECT24A notype       Static      | .pdata
    Section length    C, #relocs    3, #linenums    0, checksum B298D73C, selection    5 (pick associative Section 0x108)
877 00000000 SECT24A notype       Static      | $pdata$?_Reset0@?$_Ptr_base@X@std@@QEAAXPEAXPEAV_Ref_count_base@2@@Z
878 00000000 SECT24B notype       Static      | .xdata
    Section length    8, #relocs    0, #linenums    0, checksum 9C7880CC, selection    5 (pick associative Section 0x72)
87A 00000000 SECT24B notype       Static      | $unwind$??0?$shared_ptr@X@std@@QEAA@XZ
87B 00000000 SECT24C notype       Static      | .pdata
    Section length    C, #relocs    3, #linenums    0, checksum E7BE24FA, selection    5 (pick associative Section 0x72)
87D 00000000 SECT24C notype       Static      | $pdata$??0?$shared_ptr@X@std@@QEAA@XZ
87E 00000000 SECT24D notype       Static      | .xdata
    Section length    8, #relocs    0, #linenums    0, checksum C40886FB, selection    5 (pick associative Section 0x71)
880 00000000 SECT24D notype       Static      | $unwind$??0?$shared_ptr@X@std@@QEAA@AEBV01@@Z
881 00000000 SECT24E notype       Static      | .pdata
    Section length    C, #relocs    3, #linenums    0, checksum 496753E3, selection    5 (pick associative Section 0x71)
883 00000000 SECT24E notype       Static      | $pdata$??0?$shared_ptr@X@std@@QEAA@AEBV01@@Z
884 00000000 SECT24F notype       Static      | .xdata
    Section length    8, #relocs    0, #linenums    0, checksum 9C7880CC, selection    5 (pick associative Section 0x9D)
886 00000000 SECT24F notype       Static      | $unwind$??1?$shared_ptr@X@std@@QEAA@XZ
887 00000000 SECT250 notype       Static      | .pdata
    Section length    C, #relocs    3, #linenums    0, checksum AF5E2A9E, selection    5 (pick associative Section 0x9D)
889 00000000 SECT250 notype       Static      | $pdata$??1?$shared_ptr@X@std@@QEAA@XZ
88A 00000000 SECT251 notype       Static      | .xdata
    Section length    8, #relocs    0, #linenums    0, checksum FC45C01B, selection    5 (pick associative Section 0xB5)
88C 00000000 SECT251 notype       Static      | $unwind$??4?$shared_ptr@X@std@@QEAAAEAV01@AEBV01@@Z
88D 00000000 SECT252 notype       Static      | .pdata
    Section length    C, #relocs    3, #linenums    0, checksum 9047414F, selection    5 (pick associative Section 0xB5)
88F 00000000 SECT252 notype       Static      | $pdata$??4?$shared_ptr@X@std@@QEAAAEAV01@AEBV01@@Z
890 00000000 SECT253 notype       Static      | .xdata
    Section length    8, #relocs    0, #linenums    0, checksum C40886FB, selection    5 (pick associative Section 0x161)
892 00000000 SECT253 notype       Static      | $unwind$?swap@?$shared_ptr@X@std@@QEAAXAEAV12@@Z
893 00000000 SECT254 notype       Static      | .pdata
    Section length    C, #relocs    3, #linenums    0, checksum BB53652B, selection    5 (pick associative Section 0x161)
895 00000000 SECT254 notype       Static      | $pdata$?swap@?$shared_ptr@X@std@@QEAAXAEAV12@@Z
896 00000000 SECT255 notype       Static      | .xdata
    Section length    8, #relocs    0, #linenums    0, checksum A435C62C, selection    5 (pick associative Section 0xBB)
898 00000000 SECT255 notype       Static      | $unwind$??B?$shared_ptr@X@std@@QEBA_NXZ
899 00000000 SECT256 notype       Static      | .pdata
    Section length    C, #relocs    3, #linenums    0, checksum  1875D87, selection    5 (pick associative Section 0xBB)
89B 00000000 SECT256 notype       Static      | $pdata$??B?$shared_ptr@X@std@@QEBA_NXZ
89C 00000000 SECT257 notype       Static      | .xdata
    Section length    8, #relocs    0, #linenums    0, checksum  FC539D1, selection    5 (pick associative Section 0xD7)
89E 00000000 SECT257 notype       Static      | $unwind$??__Eignore@std@@YAXXZ
89F 00000000 SECT258 notype       Static      | .pdata
    Section length    C, #relocs    3, #linenums    0, checksum 345B3F4F, selection    5 (pick associative Section 0xD7)
8A1 00000000 SECT258 notype       Static      | $pdata$??__Eignore@std@@YAXXZ
8A2 00000000 SECT259 notype       Static      | .xdata
    Section length    8, #relocs    0, #linenums    0, checksum BA48AFD3, selection    5 (pick associative Section 0xD5)
8A4 00000000 SECT259 notype       Static      | $unwind$??__E_Tuple_alloc@std@@YAXXZ
8A5 00000000 SECT25A notype       Static      | .pdata
    Section length    C, #relocs    3, #linenums    0, checksum 2B142464, selection    5 (pick associative Section 0xD5)
8A7 00000000 SECT25A notype       Static      | $pdata$??__E_Tuple_alloc@std@@YAXXZ
8A8 00000000 SECT25B notype       Static      | .xdata
    Section length    8, #relocs    0, #linenums    0, checksum 6072F4B7, selection    5 (pick associative Section 0x12F)
8AA 00000000 SECT25B notype       Static      | $unwind$?deallocate@?$allocator@UHandle@MilesWire@@@std@@QEAAXPEAUHandle@MilesWire@@_K@Z
8AB 00000000 SECT25C notype       Static      | .pdata
    Section length    C, #relocs    3, #linenums    0, checksum BB53652B, selection    5 (pick associative Section 0x12F)
8AD 00000000 SECT25C notype       Static      | $pdata$?deallocate@?$allocator@UHandle@MilesWire@@@std@@QEAAXPEAUHandle@MilesWire@@_K@Z
8AE 00000000 SECT25D notype       Static      | .xdata
    Section length    8, #relocs    0, #linenums    0, checksum C40886FB, selection    5 (pick associative Section 0x11B)
8B0 00000000 SECT25D notype       Static      | $unwind$?allocate@?$allocator@UHandle@MilesWire@@@std@@QEAAPEAUHandle@MilesWire@@_K@Z
8B1 00000000 SECT25E notype       Static      | .pdata
    Section length    C, #relocs    3, #linenums    0, checksum A59B2387, selection    5 (pick associative Section 0x11B)
8B3 00000000 SECT25E notype       Static      | $pdata$?allocate@?$allocator@UHandle@MilesWire@@@std@@QEAAPEAUHandle@MilesWire@@_K@Z
8B4 00000000 SECT25F notype       Static      | .xdata
    Section length    8, #relocs    0, #linenums    0, checksum 9C7880CC, selection    5 (pick associative Section 0x145)
8B6 00000000 SECT25F notype       Static      | $unwind$?max_size@?$allocator_traits@V?$allocator@UHandle@MilesWire@@@std@@@std@@SA_KAEBV?$allocator@UHandle@MilesWire@@@2@@Z
8B7 00000000 SECT260 notype       Static      | .pdata
    Section length    C, #relocs    3, #linenums    0, checksum AF5E2A9E, selection    5 (pick associative Section 0x145)
8B9 00000000 SECT260 notype       Static      | $pdata$?max_size@?$allocator_traits@V?$allocator@UHandle@MilesWire@@@std@@@std@@SA_KAEBV?$allocator@UHandle@MilesWire@@@2@@Z
8BA 00000000 SECT261 notype       Static      | .xdata
    Section length    8, #relocs    0, #linenums    0, checksum 9C7880CC, selection    5 (pick associative Section 0x61)
8BC 00000000 SECT261 notype       Static      | $unwind$??0?$_Wrap_alloc@V?$allocator@UHandle@MilesWire@@@std@@@std@@QEAA@XZ
8BD 00000000 SECT262 notype       Static      | .pdata
    Section length    C, #relocs    3, #linenums    0, checksum E7BE24FA, selection    5 (pick associative Section 0x61)
8BF 00000000 SECT262 notype       Static      | $pdata$??0?$_Wrap_alloc@V?$allocator@UHandle@MilesWire@@@std@@@std@@QEAA@XZ
8C0 00000000 SECT263 notype       Static      | .xdata
    Section length    8, #relocs    0, #linenums    0, checksum C40886FB, selection    5 (pick associative Section 0x118)
8C2 00000000 SECT263 notype       Static      | $unwind$?allocate@?$_Wrap_alloc@V?$allocator@UHandle@MilesWire@@@std@@@std@@QEAAPEAUHandle@MilesWire@@_K@Z
8C3 00000000 SECT264 notype       Static      | .pdata
    Section length    C, #relocs    3, #linenums    0, checksum BB53652B, selection    5 (pick associative Section 0x118)
8C5 00000000 SECT264 notype       Static      | $pdata$?allocate@?$_Wrap_alloc@V?$allocator@UHandle@MilesWire@@@std@@@std@@QEAAPEAUHandle@MilesWire@@_K@Z
8C6 00000000 SECT265 notype       Static      | .xdata
    Section length    8, #relocs    0, #linenums    0, checksum 6072F4B7, selection    5 (pick associative Section 0x12B)
8C8 00000000 SECT265 notype       Static      | $unwind$?deallocate@?$_Wrap_alloc@V?$allocator@UHandle@MilesWire@@@std@@@std@@QEAAXPEAUHandle@MilesWire@@_K@Z
8C9 00000000 SECT266 notype       Static      | .pdata
    Section length    C, #relocs    3, #linenums    0, checksum AED97719, selection    5 (pick associative Section 0x12B)
8CB 00000000 SECT266 notype       Static      | $pdata$?deallocate@?$_Wrap_alloc@V?$allocator@UHandle@MilesWire@@@std@@@std@@QEAAXPEAUHandle@MilesWire@@_K@Z
8CC 00000000 SECT267 notype       Static      | .xdata
    Section length    8, #relocs    0, #linenums    0, checksum 9C7880CC, selection    5 (pick associative Section 0x141)
8CE 00000000 SECT267 notype       Static      | $unwind$?max_size@?$_Wrap_alloc@V?$allocator@UHandle@MilesWire@@@std@@@std@@QEBA_KXZ
8CF 00000000 SECT268 notype       Static      | .pdata
    Section length    C, #relocs    3, #linenums    0, checksum AF5E2A9E, selection    5 (pick associative Section 0x141)
8D1 00000000 SECT268 notype       Static      | $pdata$?max_size@?$_Wrap_alloc@V?$allocator@UHandle@MilesWire@@@std@@@std@@QEBA_KXZ
8D2 00000000 SECT269 notype       Static      | .xdata
    Section length    8, #relocs    0, #linenums    0, checksum 9C7880CC, selection    5 (pick associative Section 0x5E)
8D4 00000000 SECT269 notype       Static      | $unwind$??0?$_Vector_val@U?$_Simple_types@UHandle@MilesWire@@@std@@@std@@QEAA@XZ
8D5 00000000 SECT26A notype       Static      | .pdata
    Section length    C, #relocs    3, #linenums    0, checksum ADD7CC17, selection    5 (pick associative Section 0x5E)
8D7 00000000 SECT26A notype       Static      | $pdata$??0?$_Vector_val@U?$_Simple_types@UHandle@MilesWire@@@std@@@std@@QEAA@XZ
8D8 00000000 SECT26B notype       Static      | .xdata
    Section length    8, #relocs    0, #linenums    0, checksum 9C7880CC, selection    5 (pick associative Section 0x98)
8DA 00000000 SECT26B notype       Static      | $unwind$??1?$_Vector_val@U?$_Simple_types@UHandle@MilesWire@@@std@@@std@@QEAA@XZ
8DB 00000000 SECT26C notype       Static      | .pdata
    Section length    C, #relocs    3, #linenums    0, checksum AF5E2A9E, selection    5 (pick associative Section 0x98)
8DD 00000000 SECT26C notype       Static      | $pdata$??1?$_Vector_val@U?$_Simple_types@UHandle@MilesWire@@@std@@@std@@QEAA@XZ
8DE 00000000 SECT26D notype       Static      | .xdata
    Section length   10, #relocs    2, #linenums    0, checksum EBAA22CB, selection    5 (pick associative Section 0x5B)
8E0 00000000 SECT26D notype       Static      | $unwind$??0?$_Vector_alloc@$0A@U?$_Vec_base_types@UHandle@MilesWire@@V?$allocator@UHandle@MilesWire@@@std@@@std@@@std@@QEAA@AEBV?$allocator@UHandle@MilesWire@@@1@@Z
8E1 00000000 SECT26E notype       Static      | .pdata
    Section length    C, #relocs    3, #linenums    0, checksum 8F085A64, selection    5 (pick associative Section 0x5B)
8E3 00000000 SECT26E notype       Static      | $pdata$??0?$_Vector_alloc@$0A@U?$_Vec_base_types@UHandle@MilesWire@@V?$allocator@UHandle@MilesWire@@@std@@@std@@@std@@QEAA@AEBV?$allocator@UHandle@MilesWire@@@1@@Z
8E4 00000000 SECT26F notype       Static      | .rdata
    Section length   28, #relocs    2, #linenums    0, checksum E93FB885, selection    5 (pick associative Section 0x5B)
8E6 00000000 SECT26F notype       Static      | $cppxdata$??0?$_Vector_alloc@$0A@U?$_Vec_base_types@UHandle@MilesWire@@V?$allocator@UHandle@MilesWire@@@std@@@std@@@std@@QEAA@AEBV?$allocator@UHandle@MilesWire@@@1@@Z
8E7 00000000 SECT270 notype       Static      | .xdata
    Section length    8, #relocs    1, #linenums    0, checksum 9ADD2096, selection    5 (pick associative Section 0x5B)
8E9 00000000 SECT270 notype       Static      | $stateUnwindMap$??0?$_Vector_alloc@$0A@U?$_Vec_base_types@UHandle@MilesWire@@V?$allocator@UHandle@MilesWire@@@std@@@std@@@std@@QEAA@AEBV?$allocator@UHandle@MilesWire@@@1@@Z
8EA 00000000 SECT271 notype       Static      | .xdata
    Section length   18, #relocs    3, #linenums    0, checksum DC7D6D08, selection    5 (pick associative Section 0x5B)
8EC 00000000 SECT271 notype       Static      | $ip2state$??0?$_Vector_alloc@$0A@U?$_Vec_base_types@UHandle@MilesWire@@V?$allocator@UHandle@MilesWire@@@std@@@std@@@std@@QEAA@AEBV?$allocator@UHandle@MilesWire@@@1@@Z
8ED 00000000 SECT272 notype       Static      | .xdata
    Section length    8, #relocs    0, #linenums    0, checksum B96BC9FB, selection    5 (pick associative Section 0x5B)
8EF 00000000 SECT272 notype       Static      | $unwind$?dtor$0@?0???0?$_Vector_alloc@$0A@U?$_Vec_base_types@UHandle@MilesWire@@V?$allocator@UHandle@MilesWire@@@std@@@std@@@std@@QEAA@AEBV?$allocator@UHandle@MilesWire@@@1@@Z@4HA
8F0 00000000 SECT273 notype       Static      | .pdata
    Section length    C, #relocs    3, #linenums    0, checksum AF5E2A9E, selection    5 (pick associative Section 0x5B)
8F2 00000000 SECT273 notype       Static      | $pdata$?dtor$0@?0???0?$_Vector_alloc@$0A@U?$_Vec_base_types@UHandle@MilesWire@@V?$allocator@UHandle@MilesWire@@@std@@@std@@@std@@QEAA@AEBV?$allocator@UHandle@MilesWire@@@1@@Z@4HA
8F3 00000000 SECT274 notype       Static      | .xdata
    Section length    8, #relocs    0, #linenums    0, checksum 9C7880CC, selection    5 (pick associative Section 0x96)
8F5 00000000 SECT274 notype       Static      | $unwind$??1?$_Vector_alloc@$0A@U?$_Vec_base_types@UHandle@MilesWire@@V?$allocator@UHandle@MilesWire@@@std@@@std@@@std@@QEAA@XZ
8F6 00000000 SECT275 notype       Static      | .pdata
    Section length    C, #relocs    3, #linenums    0, checksum BB53652B, selection    5 (pick associative Section 0x96)
8F8 00000000 SECT275 notype       Static      | $pdata$??1?$_Vector_alloc@$0A@U?$_Vec_base_types@UHandle@MilesWire@@V?$allocator@UHandle@MilesWire@@@std@@@std@@@std@@QEAA@XZ
8F9 00000000 SECT276 notype       Static      | .xdata
    Section length    8, #relocs    0, #linenums    0, checksum  DD7168C, selection    5 (pick associative Section 0xDE)
8FB 00000000 SECT276 notype       Static      | $unwind$?_Alloc_proxy@?$_Vector_alloc@$0A@U?$_Vec_base_types@UHandle@MilesWire@@V?$allocator@UHandle@MilesWire@@@std@@@std@@@std@@QEAAXXZ
8FC 00000000 SECT277 notype       Static      | .pdata
    Section length    C, #relocs    3, #linenums    0, checksum 40ACE1F4, selection    5 (pick associative Section 0xDE)
8FE 00000000 SECT277 notype       Static      | $pdata$?_Alloc_proxy@?$_Vector_alloc@$0A@U?$_Vec_base_types@UHandle@MilesWire@@V?$allocator@UHandle@MilesWire@@@std@@@std@@@std@@QEAAXXZ
8FF 00000000 SECT278 notype       Static      | .xdata
    Section length    8, #relocs    0, #linenums    0, checksum A435C62C, selection    5 (pick associative Section 0xF4)
901 00000000 SECT278 notype       Static      | $unwind$?_Free_proxy@?$_Vector_alloc@$0A@U?$_Vec_base_types@UHandle@MilesWire@@V?$allocator@UHandle@MilesWire@@@std@@@std@@@std@@QEAAXXZ
902 00000000 SECT279 notype       Static      | .pdata
    Section length    C, #relocs    3, #linenums    0, checksum 86C3E873, selection    5 (pick associative Section 0xF4)
904 00000000 SECT279 notype       Static      | $pdata$?_Free_proxy@?$_Vector_alloc@$0A@U?$_Vec_base_types@UHandle@MilesWire@@V?$allocator@UHandle@MilesWire@@@std@@@std@@@std@@QEAAXXZ
905 00000000 SECT27A notype       Static      | .xdata
    Section length    8, #relocs    0, #linenums    0, checksum C40886FB, selection    5 (pick associative Section 0xFA)
907 00000000 SECT27A notype       Static      | $unwind$?_Getal@?$_Vector_alloc@$0A@U?$_Vec_base_types@UHandle@MilesWire@@V?$allocator@UHandle@MilesWire@@@std@@@std@@@std@@QEBA?AU?$_Wrap_alloc@V?$allocator@UHandle@MilesWire@@@std@@@2@XZ
908 00000000 SECT27B notype       Static      | .pdata
    Section length    C, #relocs    3, #linenums    0, checksum BB53652B, selection    5 (pick associative Section 0xFA)
90A 00000000 SECT27B notype       Static      | $pdata$?_Getal@?$_Vector_alloc@$0A@U?$_Vec_base_types@UHandle@MilesWire@@V?$allocator@UHandle@MilesWire@@@std@@@std@@@std@@QEBA?AU?$_Wrap_alloc@V?$allocator@UHandle@MilesWire@@@std@@@2@XZ
90B 00000000 SECT27C notype       Static      | .xdata
    Section length    8, #relocs    0, #linenums    0, checksum A435C62C, selection    5 (pick associative Section 0x75)
90D 00000000 SECT27C notype       Static      | $unwind$??0?$vector@UHandle@MilesWire@@V?$allocator@UHandle@MilesWire@@@std@@@std@@QEAA@XZ
90E 00000000 SECT27D notype       Static      | .pdata
    Section length    C, #relocs    3, #linenums    0, checksum 68B67E9E, selection    5 (pick associative Section 0x75)
910 00000000 SECT27D notype       Static      | $pdata$??0?$vector@UHandle@MilesWire@@V?$allocator@UHandle@MilesWire@@@std@@@std@@QEAA@XZ
911 00000000 SECT27E notype       Static      | .xdata
    Section length    8, #relocs    0, #linenums    0, checksum 9C7880CC, selection    5 (pick associative Section 0xA0)
913 00000000 SECT27E notype       Static      | $unwind$??1?$vector@UHandle@MilesWire@@V?$allocator@UHandle@MilesWire@@@std@@@std@@QEAA@XZ
914 00000000 SECT27F notype       Static      | .pdata
    Section length    C, #relocs    3, #linenums    0, checksum BB53652B, selection    5 (pick associative Section 0xA0)
916 00000000 SECT27F notype       Static      | $pdata$??1?$vector@UHandle@MilesWire@@V?$allocator@UHandle@MilesWire@@@std@@@std@@QEAA@XZ
917 00000000 SECT280 notype       Static      | .xdata
    Section length   10, #relocs    2, #linenums    0, checksum EF58881B, selection    5 (pick associative Section 0xB6)
919 00000000 SECT280 notype       Static      | $unwind$??4?$vector@UHandle@MilesWire@@V?$allocator@UHandle@MilesWire@@@std@@@std@@QEAAAEAV01@AEBV01@@Z
91A 00000000 SECT281 notype       Static      | .pdata
    Section length    C, #relocs    3, #linenums    0, checksum  EF1714C, selection    5 (pick associative Section 0xB6)
91C 00000000 SECT281 notype       Static      | $pdata$??4?$vector@UHandle@MilesWire@@V?$allocator@UHandle@MilesWire@@@std@@@std@@QEAAAEAV01@AEBV01@@Z
91D 00000000 SECT282 notype       Static      | .rdata
    Section length   28, #relocs    3, #linenums    0, checksum 97835989, selection    5 (pick associative Section 0xB6)
91F 00000000 SECT282 notype       Static      | $cppxdata$??4?$vector@UHandle@MilesWire@@V?$allocator@UHandle@MilesWire@@@std@@@std@@QEAAAEAV01@AEBV01@@Z
920 00000000 SECT283 notype       Static      | .xdata
    Section length   10, #relocs    0, #linenums    0, checksum 8999943C, selection    5 (pick associative Section 0xB6)
922 00000000 SECT283 notype       Static      | $stateUnwindMap$??4?$vector@UHandle@MilesWire@@V?$allocator@UHandle@MilesWire@@@std@@@std@@QEAAAEAV01@AEBV01@@Z
923 00000000 SECT284 notype       Static      | .xdata
    Section length   14, #relocs    1, #linenums    0, checksum 570F4CF1, selection    5 (pick associative Section 0xB6)
925 00000000 SECT284 notype       Static      | $tryMap$??4?$vector@UHandle@MilesWire@@V?$allocator@UHandle@MilesWire@@@std@@@std@@QEAAAEAV01@AEBV01@@Z
926 00000000 SECT285 notype       Static      | .xdata
    Section length   14, #relocs    1, #linenums    0, checksum   677058, selection    5 (pick associative Section 0xB6)
928 00000000 SECT285 notype       Static      | $handlerMap$0$??4?$vector@UHandle@MilesWire@@V?$allocator@UHandle@MilesWire@@@std@@@std@@QEAAAEAV01@AEBV01@@Z
929 00000000 SECT286 notype       Static      | .xdata
    Section length   30, #relocs    6, #linenums    0, checksum 96D12E5B, selection    5 (pick associative Section 0xB6)
92B 00000000 SECT286 notype       Static      | $ip2state$??4?$vector@UHandle@MilesWire@@V?$allocator@UHandle@MilesWire@@@std@@@std@@QEAAAEAV01@AEBV01@@Z
92C 00000000 SECT287 notype       Static      | .xdata
    Section length   10, #relocs    2, #linenums    0, checksum 5840A276, selection    5 (pick associative Section 0xB6)
92E 00000000 SECT287 notype       Static      | $unwind$?catch$0@?0???4?$vector@UHandle@MilesWire@@V?$allocator@UHandle@MilesWire@@@std@@@std@@QEAAAEAV01@AEBV01@@Z@4HA
92F 00000000 SECT288 notype       Static      | .pdata
    Section length    C, #relocs    3, #linenums    0, checksum 496753E3, selection    5 (pick associative Section 0xB6)
931 00000000 SECT288 notype       Static      | $pdata$?catch$0@?0???4?$vector@UHandle@MilesWire@@V?$allocator@UHandle@MilesWire@@@std@@@std@@QEAAAEAV01@AEBV01@@Z@4HA
932 00000000 SECT289 notype       Static      | .xdata
    Section length    8, #relocs    0, #linenums    0, checksum A435C62C, selection    5 (pick associative Section 0x147)
934 00000000 SECT289 notype       Static      | $unwind$?max_size@?$vector@UHandle@MilesWire@@V?$allocator@UHandle@MilesWire@@@std@@@std@@QEBA_KXZ
935 00000000 SECT28A notype       Static      | .pdata
    Section length    C, #relocs    3, #linenums    0, checksum B1966C32, selection    5 (pick associative Section 0x147)
937 00000000 SECT28A notype       Static      | $pdata$?max_size@?$vector@UHandle@MilesWire@@V?$allocator@UHandle@MilesWire@@@std@@@std@@QEBA_KXZ
938 00000000 SECT28B notype       Static      | .xdata
    Section length    8, #relocs    0, #linenums    0, checksum D4AF4BEC, selection    5 (pick associative Section 0x134)
93A 00000000 SECT28B notype       Static      | $unwind$?empty@?$vector@UHandle@MilesWire@@V?$allocator@UHandle@MilesWire@@@std@@@std@@QEBA_NXZ
93B 00000000 SECT28C notype       Static      | .pdata
    Section length    C, #relocs    3, #linenums    0, checksum 43A25AFA, selection    5 (pick associative Section 0x134)
93D 00000000 SECT28C notype       Static      | $pdata$?empty@?$vector@UHandle@MilesWire@@V?$allocator@UHandle@MilesWire@@@std@@@std@@QEBA_NXZ
93E 00000000 SECT28D notype       Static      | .xdata
    Section length    8, #relocs    0, #linenums    0, checksum 9C7880CC, selection    5 (pick associative Section 0x124)
940 00000000 SECT28D notype       Static      | $unwind$?clear@?$vector@UHandle@MilesWire@@V?$allocator@UHandle@MilesWire@@@std@@@std@@QEAAXXZ
941 00000000 SECT28E notype       Static      | .pdata
    Section length    C, #relocs    3, #linenums    0, checksum EFF2CB6A, selection    5 (pick associative Section 0x124)
943 00000000 SECT28E notype       Static      | $pdata$?clear@?$vector@UHandle@MilesWire@@V?$allocator@UHandle@MilesWire@@@std@@@std@@QEAAXXZ
944 00000000 SECT28F notype       Static      | .xdata
    Section length    8, #relocs    0, #linenums    0, checksum FC45C01B, selection    5 (pick associative Section 0xDF)
946 00000000 SECT28F notype       Static      | $unwind$?_Buy@?$vector@UHandle@MilesWire@@V?$allocator@UHandle@MilesWire@@@std@@@std@@IEAA_N_K@Z
947 00000000 SECT290 notype       Static      | .pdata
    Section length    C, #relocs    3, #linenums    0, checksum 1099DF20, selection    5 (pick associative Section 0xDF)
949 00000000 SECT290 notype       Static      | $pdata$?_Buy@?$vector@UHandle@MilesWire@@V?$allocator@UHandle@MilesWire@@@std@@@std@@IEAA_N_K@Z
94A 00000000 SECT291 notype       Static      | .xdata
    Section length    8, #relocs    0, #linenums    0, checksum 583FB257, selection    5 (pick associative Section 0xEF)
94C 00000000 SECT291 notype       Static      | $unwind$?_Destroy@?$vector@UHandle@MilesWire@@V?$allocator@UHandle@MilesWire@@@std@@@std@@IEAAXPEAUHandle@MilesWire@@0@Z
94D 00000000 SECT292 notype       Static      | .pdata
    Section length    C, #relocs    3, #linenums    0, checksum D8A74F2B, selection    5 (pick associative Section 0xEF)
94F 00000000 SECT292 notype       Static      | $pdata$?_Destroy@?$vector@UHandle@MilesWire@@V?$allocator@UHandle@MilesWire@@@std@@@std@@IEAAXPEAUHandle@MilesWire@@0@Z
950 00000000 SECT293 notype       Static      | .xdata
    Section length    8, #relocs    0, #linenums    0, checksum A435C62C, selection    5 (pick associative Section 0x112)
952 00000000 SECT293 notype       Static      | $unwind$?_Tidy@?$vector@UHandle@MilesWire@@V?$allocator@UHandle@MilesWire@@@std@@@std@@IEAAXXZ
953 00000000 SECT294 notype       Static      | .pdata
    Section length    C, #relocs    3, #linenums    0, checksum DC33DFBE, selection    5 (pick associative Section 0x112)
955 00000000 SECT294 notype       Static      | $pdata$?_Tidy@?$vector@UHandle@MilesWire@@V?$allocator@UHandle@MilesWire@@@std@@@std@@IEAAXXZ
956 00000000 SECT295 notype       Static      | .xdata
    Section length    8, #relocs    0, #linenums    0, checksum 9C7880CC, selection    5 (pick associative Section 0x114)
958 00000000 SECT295 notype       Static      | $unwind$?_Xlen@?$vector@UHandle@MilesWire@@V?$allocator@UHandle@MilesWire@@@std@@@std@@IEBAXXZ
959 00000000 SECT296 notype       Static      | .pdata
    Section length    C, #relocs    3, #linenums    0, checksum ED7B2DE3, selection    5 (pick associative Section 0x114)
95B 00000000 SECT296 notype       Static      | $pdata$?_Xlen@?$vector@UHandle@MilesWire@@V?$allocator@UHandle@MilesWire@@@std@@@std@@IEBAXXZ
95C 00000000 SECT297 notype       Static      | .xdata
    Section length    8, #relocs    0, #linenums    0, checksum B574274C, selection    5 (pick associative Section 0x79)
95E 00000000 SECT297 notype       Static      | $unwind$??0FileSessionContext@MilesFileOwner36@@QEAA@AEAVEngineFileWorker@MilesFileExecutor30@@V?$shared_ptr@X@std@@AEBUFileServices@MilesFileChannel26@@@Z
95F 00000000 SECT298 notype       Static      | .pdata
    Section length    C, #relocs    3, #linenums    0, checksum 980BAEDF, selection    5 (pick associative Section 0x79)
961 00000000 SECT298 notype       Static      | $pdata$??0FileSessionContext@MilesFileOwner36@@QEAA@AEAVEngineFileWorker@MilesFileExecutor30@@V?$shared_ptr@X@std@@AEBUFileServices@MilesFileChannel26@@@Z
962 00000000 SECT299 notype       Static      | .xdata
    Section length    8, #relocs    0, #linenums    0, checksum 9C7880CC, selection    5 (pick associative Section 0xA3)
964 00000000 SECT299 notype       Static      | $unwind$??1FileSessionContext@MilesFileOwner36@@QEAA@XZ
965 00000000 SECT29A notype       Static      | .pdata
    Section length    C, #relocs    3, #linenums    0, checksum 85CD537D, selection    5 (pick associative Section 0xA3)
967 00000000 SECT29A notype       Static      | $pdata$??1FileSessionContext@MilesFileOwner36@@QEAA@XZ
968 00000000 SECT29B notype       Static      | .xdata
    Section length    8, #relocs    0, #linenums    0, checksum E7553388, selection    5 (pick associative Section 0xC2)
96A 00000000 SECT29B notype       Static      | $unwind$??_GFileSessionContext@MilesFileOwner36@@QEAAPEAXI@Z
96B 00000000 SECT29C notype       Static      | .pdata
    Section length    C, #relocs    3, #linenums    0, checksum 43A25AFA, selection    5 (pick associative Section 0xC2)
96D 00000000 SECT29C notype       Static      | $pdata$??_GFileSessionContext@MilesFileOwner36@@QEAAPEAXI@Z
96E 00000000 SECT29D notype       Static      | .xdata
    Section length    8, #relocs    0, #linenums    0, checksum C40886FB, selection    5 (pick associative Section 0x10D)
970 00000000 SECT29D notype       Static      | $unwind$?_Swap@?$_Ptr_base@UFileSessionContext@MilesFileOwner36@@@std@@QEAAXAEAV12@@Z
971 00000000 SECT29E notype       Static      | .pdata
    Section length    C, #relocs    3, #linenums    0, checksum 5CED41D1, selection    5 (pick associative Section 0x10D)
973 00000000 SECT29E notype       Static      | $pdata$?_Swap@?$_Ptr_base@UFileSessionContext@MilesFileOwner36@@@std@@QEAAXAEAV12@@Z
974 00000000 SECT29F notype       Static      | .xdata
    Section length    8, #relocs    0, #linenums    0, checksum 9C7880CC, selection    5 (pick associative Section 0xE5)
976 00000000 SECT29F notype       Static      | $unwind$?_Decref@?$_Ptr_base@UFileSessionContext@MilesFileOwner36@@@std@@QEAAXXZ
977 00000000 SECT2A0 notype       Static      | .pdata
    Section length    C, #relocs    3, #linenums    0, checksum 2A9379E3, selection    5 (pick associative Section 0xE5)
979 00000000 SECT2A0 notype       Static      | $pdata$?_Decref@?$_Ptr_base@UFileSessionContext@MilesFileOwner36@@@std@@QEAAXXZ
97A 00000000 SECT2A1 notype       Static      | .xdata
    Section length    8, #relocs    0, #linenums    0, checksum 6072F4B7, selection    5 (pick associative Section 0x10A)
97C 00000000 SECT2A1 notype       Static      | $unwind$?_Reset@?$_Ptr_base@UFileSessionContext@MilesFileOwner36@@@std@@QEAAXPEAUFileSessionContext@MilesFileOwner36@@PEAV_Ref_count_base@2@@Z
97D 00000000 SECT2A2 notype       Static      | .pdata
    Section length    C, #relocs    3, #linenums    0, checksum 9047414F, selection    5 (pick associative Section 0x10A)
97F 00000000 SECT2A2 notype       Static      | $pdata$?_Reset@?$_Ptr_base@UFileSessionContext@MilesFileOwner36@@@std@@QEAAXPEAUFileSessionContext@MilesFileOwner36@@PEAV_Ref_count_base@2@@Z
980 00000000 SECT2A3 notype       Static      | .xdata
    Section length    8, #relocs    0, #linenums    0, checksum 6072F4B7, selection    5 (pick associative Section 0x106)
982 00000000 SECT2A3 notype       Static      | $unwind$?_Reset0@?$_Ptr_base@UFileSessionContext@MilesFileOwner36@@@std@@QEAAXPEAUFileSessionContext@MilesFileOwner36@@PEAV_Ref_count_base@2@@Z
983 00000000 SECT2A4 notype       Static      | .pdata
    Section length    C, #relocs    3, #linenums    0, checksum B298D73C, selection    5 (pick associative Section 0x106)
985 00000000 SECT2A4 notype       Static      | $pdata$?_Reset0@?$_Ptr_base@UFileSessionContext@MilesFileOwner36@@@std@@QEAAXPEAUFileSessionContext@MilesFileOwner36@@PEAV_Ref_count_base@2@@Z
986 00000000 SECT2A5 notype       Static      | .xdata
    Section length    8, #relocs    0, #linenums    0, checksum 9C7880CC, selection    5 (pick associative Section 0x6E)
988 00000000 SECT2A5 notype       Static      | $unwind$??0?$shared_ptr@UFileSessionContext@MilesFileOwner36@@@std@@QEAA@XZ
989 00000000 SECT2A6 notype       Static      | .pdata
    Section length    C, #relocs    3, #linenums    0, checksum E7BE24FA, selection    5 (pick associative Section 0x6E)
98B 00000000 SECT2A6 notype       Static      | $pdata$??0?$shared_ptr@UFileSessionContext@MilesFileOwner36@@@std@@QEAA@XZ
98C 00000000 SECT2A7 notype       Static      | .xdata
    Section length    8, #relocs    0, #linenums    0, checksum C40886FB, selection    5 (pick associative Section 0x6D)
98E 00000000 SECT2A7 notype       Static      | $unwind$??0?$shared_ptr@UFileSessionContext@MilesFileOwner36@@@std@@QEAA@AEBV01@@Z
98F 00000000 SECT2A8 notype       Static      | .pdata
    Section length    C, #relocs    3, #linenums    0, checksum 496753E3, selection    5 (pick associative Section 0x6D)
991 00000000 SECT2A8 notype       Static      | $pdata$??0?$shared_ptr@UFileSessionContext@MilesFileOwner36@@@std@@QEAA@AEBV01@@Z
992 00000000 SECT2A9 notype       Static      | .xdata
    Section length    8, #relocs    0, #linenums    0, checksum 9C7880CC, selection    5 (pick associative Section 0x9B)
994 00000000 SECT2A9 notype       Static      | $unwind$??1?$shared_ptr@UFileSessionContext@MilesFileOwner36@@@std@@QEAA@XZ
995 00000000 SECT2AA notype       Static      | .pdata
    Section length    C, #relocs    3, #linenums    0, checksum AF5E2A9E, selection    5 (pick associative Section 0x9B)
997 00000000 SECT2AA notype       Static      | $pdata$??1?$shared_ptr@UFileSessionContext@MilesFileOwner36@@@std@@QEAA@XZ
998 00000000 SECT2AB notype       Static      | .xdata
    Section length    8, #relocs    0, #linenums    0, checksum C40886FB, selection    5 (pick associative Section 0x15F)
99A 00000000 SECT2AB notype       Static      | $unwind$?swap@?$shared_ptr@UFileSessionContext@MilesFileOwner36@@@std@@QEAAXAEAV12@@Z
99B 00000000 SECT2AC notype       Static      | .pdata
    Section length    C, #relocs    3, #linenums    0, checksum BB53652B, selection    5 (pick associative Section 0x15F)
99D 00000000 SECT2AC notype       Static      | $pdata$?swap@?$shared_ptr@UFileSessionContext@MilesFileOwner36@@@std@@QEAAXAEAV12@@Z
99E 00000000 SECT2AD notype       Static      | .xdata
    Section length  318, #relocs   46, #linenums    0, checksum 77482147
9A0 00000000 SECT2AD notype       Static      | $unwind$?launch@Runtime@MilesClientRuntime53@@SAPEAV12@AEAPEAX_K1V?$shared_ptr@X@std@@@Z
9A1 00000000 SECT2AE notype       Static      | .pdata
    Section length   54, #relocs   15, #linenums    0, checksum DF5F0AA5
9A3 00000000 SECT2AE notype       Static      | $pdata$?launch@Runtime@MilesClientRuntime53@@SAPEAV12@AEAPEAX_K1V?$shared_ptr@X@std@@@Z
9A4 00000028 SECT3  notype       Static       | $cppxdata$?launch@Runtime@MilesClientRuntime53@@SAPEAV12@AEAPEAX_K1V?$shared_ptr@X@std@@@Z
9A5 00000010 SECT2AD notype       Static      | $stateUnwindMap$?launch@Runtime@MilesClientRuntime53@@SAPEAV12@AEAPEAX_K1V?$shared_ptr@X@std@@@Z
9A6 00000030 SECT2AD notype       Static      | $ip2state$?launch@Runtime@MilesClientRuntime53@@SAPEAV12@AEAPEAX_K1V?$shared_ptr@X@std@@@Z
9A7 00000078 SECT2AD notype       Static      | $unwind$?dtor$0@?0??launch@Runtime@MilesClientRuntime53@@SAPEAV12@AEAPEAX_K1V?$shared_ptr@X@std@@@Z@4HA
9A8 00000000 SECT2AF notype       Static      | .pdata
    Section length   A8, #relocs   2A, #linenums    0, checksum B8292F63
9AA 00000000 SECT2AF notype       Static      | $pdata$?dtor$0@?0??launch@Runtime@MilesClientRuntime53@@SAPEAV12@AEAPEAX_K1V?$shared_ptr@X@std@@@Z@4HA
9AB 00000080 SECT2AD notype       Static      | $unwind$?dtor$1@?0??launch@Runtime@MilesClientRuntime53@@SAPEAV12@AEAPEAX_K1V?$shared_ptr@X@std@@@Z@4HA
9AC 0000000C SECT2AF notype       Static      | $pdata$?dtor$1@?0??launch@Runtime@MilesClientRuntime53@@SAPEAV12@AEAPEAX_K1V?$shared_ptr@X@std@@@Z@4HA
9AD 00000088 SECT2AD notype       Static      | $unwind$?dtor$3@?0??launch@Runtime@MilesClientRuntime53@@SAPEAV12@AEAPEAX_K1V?$shared_ptr@X@std@@@Z@4HA
9AE 00000018 SECT2AF notype       Static      | $pdata$?dtor$3@?0??launch@Runtime@MilesClientRuntime53@@SAPEAV12@AEAPEAX_K1V?$shared_ptr@X@std@@@Z@4HA
9AF 00000090 SECT2AD notype       Static      | $unwind$?dtor$4@?0??launch@Runtime@MilesClientRuntime53@@SAPEAV12@AEAPEAX_K1V?$shared_ptr@X@std@@@Z@4HA
9B0 00000024 SECT2AF notype       Static      | $pdata$?dtor$4@?0??launch@Runtime@MilesClientRuntime53@@SAPEAV12@AEAPEAX_K1V?$shared_ptr@X@std@@@Z@4HA
9B1 00000098 SECT2AD notype       Static      | $unwind$?awaitReady@Runtime@MilesClientRuntime53@@QEAA_NXZ
9B2 0000000C SECT2AE notype       Static      | $pdata$?awaitReady@Runtime@MilesClientRuntime53@@QEAA_NXZ
9B3 000000A0 SECT2AD notype       Static      | $unwind$?prepare@Runtime@MilesClientRuntime53@@QEAA_N_KP6AIPEBDPEA_K@ZP6AX0@ZP6AH0HI@ZP6AI0PEAXI@ZV?$shared_ptr@X@std@@@Z
9B4 00000018 SECT2AE notype       Static      | $pdata$?prepare@Runtime@MilesClientRuntime53@@QEAA_N_KP6AIPEBDPEA_K@ZP6AX0@ZP6AH0HI@ZP6AI0PEAXI@ZV?$shared_ptr@X@std@@@Z
9B5 00000050 SECT3  notype       Static       | $cppxdata$?prepare@Runtime@MilesClientRuntime53@@QEAA_N_KP6AIPEBDPEA_K@ZP6AX0@ZP6AH0HI@ZP6AI0PEAXI@ZV?$shared_ptr@X@std@@@Z
9B6 000000B0 SECT2AD notype       Static      | $stateUnwindMap$?prepare@Runtime@MilesClientRuntime53@@QEAA_N_KP6AIPEBDPEA_K@ZP6AX0@ZP6AH0HI@ZP6AI0PEAXI@ZV?$shared_ptr@X@std@@@Z
9B7 000000D8 SECT2AD notype       Static      | $tryMap$?prepare@Runtime@MilesClientRuntime53@@QEAA_N_KP6AIPEBDPEA_K@ZP6AX0@ZP6AH0HI@ZP6AI0PEAXI@ZV?$shared_ptr@X@std@@@Z
9B8 000000EC SECT2AD notype       Static      | $handlerMap$0$?prepare@Runtime@MilesClientRuntime53@@QEAA_N_KP6AIPEBDPEA_K@ZP6AX0@ZP6AH0HI@ZP6AI0PEAXI@ZV?$shared_ptr@X@std@@@Z
9B9 00000100 SECT2AD notype       Static      | $ip2state$?prepare@Runtime@MilesClientRuntime53@@QEAA_N_KP6AIPEBDPEA_K@ZP6AX0@ZP6AH0HI@ZP6AI0PEAXI@ZV?$shared_ptr@X@std@@@Z
9BA 00000150 SECT2AD notype       Static      | $unwind$?dtor$0@?0??prepare@Runtime@MilesClientRuntime53@@QEAA_N_KP6AIPEBDPEA_K@ZP6AX0@ZP6AH0HI@ZP6AI0PEAXI@ZV?$shared_ptr@X@std@@@Z@4HA
9BB 00000030 SECT2AF notype       Static      | $pdata$?dtor$0@?0??prepare@Runtime@MilesClientRuntime53@@QEAA_N_KP6AIPEBDPEA_K@ZP6AX0@ZP6AH0HI@ZP6AI0PEAXI@ZV?$shared_ptr@X@std@@@Z@4HA
9BC 00000158 SECT2AD notype       Static      | $unwind$?dtor$1@?0??prepare@Runtime@MilesClientRuntime53@@QEAA_N_KP6AIPEBDPEA_K@ZP6AX0@ZP6AH0HI@ZP6AI0PEAXI@ZV?$shared_ptr@X@std@@@Z@4HA
9BD 0000003C SECT2AF notype       Static      | $pdata$?dtor$1@?0??prepare@Runtime@MilesClientRuntime53@@QEAA_N_KP6AIPEBDPEA_K@ZP6AX0@ZP6AH0HI@ZP6AI0PEAXI@ZV?$shared_ptr@X@std@@@Z@4HA
9BE 00000160 SECT2AD notype       Static      | $unwind$?dtor$2@?0??prepare@Runtime@MilesClientRuntime53@@QEAA_N_KP6AIPEBDPEA_K@ZP6AX0@ZP6AH0HI@ZP6AI0PEAXI@ZV?$shared_ptr@X@std@@@Z@4HA
9BF 00000048 SECT2AF notype       Static      | $pdata$?dtor$2@?0??prepare@Runtime@MilesClientRuntime53@@QEAA_N_KP6AIPEBDPEA_K@ZP6AX0@ZP6AH0HI@ZP6AI0PEAXI@ZV?$shared_ptr@X@std@@@Z@4HA
9C0 00000168 SECT2AD notype       Static      | $unwind$?catch$0@?0??prepare@Runtime@MilesClientRuntime53@@QEAA_N_KP6AIPEBDPEA_K@ZP6AX0@ZP6AH0HI@ZP6AI0PEAXI@ZV?$shared_ptr@X@std@@@Z@4HA
9C1 00000054 SECT2AF notype       Static      | $pdata$?catch$0@?0??prepare@Runtime@MilesClientRuntime53@@QEAA_N_KP6AIPEBDPEA_K@ZP6AX0@ZP6AH0HI@ZP6AI0PEAXI@ZV?$shared_ptr@X@std@@@Z@4HA
9C2 00000178 SECT2AD notype       Static      | $unwind$?publish@Runtime@MilesClientRuntime53@@QEAA_N_K0AEBV?$vector@UHandle@MilesWire@@V?$allocator@UHandle@MilesWire@@@std@@@std@@@Z
9C3 00000024 SECT2AE notype       Static      | $pdata$?publish@Runtime@MilesClientRuntime53@@QEAA_N_K0AEBV?$vector@UHandle@MilesWire@@V?$allocator@UHandle@MilesWire@@@std@@@std@@@Z
9C4 00000078 SECT3  notype       Static       | $cppxdata$?publish@Runtime@MilesClientRuntime53@@QEAA_N_K0AEBV?$vector@UHandle@MilesWire@@V?$allocator@UHandle@MilesWire@@@std@@@std@@@Z
9C5 00000188 SECT2AD notype       Static      | $stateUnwindMap$?publish@Runtime@MilesClientRuntime53@@QEAA_N_K0AEBV?$vector@UHandle@MilesWire@@V?$allocator@UHandle@MilesWire@@@std@@@std@@@Z
9C6 000001A8 SECT2AD notype       Static      | $tryMap$?publish@Runtime@MilesClientRuntime53@@QEAA_N_K0AEBV?$vector@UHandle@MilesWire@@V?$allocator@UHandle@MilesWire@@@std@@@std@@@Z
9C7 000001BC SECT2AD notype       Static      | $handlerMap$0$?publish@Runtime@MilesClientRuntime53@@QEAA_N_K0AEBV?$vector@UHandle@MilesWire@@V?$allocator@UHandle@MilesWire@@@std@@@std@@@Z
9C8 000001D0 SECT2AD notype       Static      | $ip2state$?publish@Runtime@MilesClientRuntime53@@QEAA_N_K0AEBV?$vector@UHandle@MilesWire@@V?$allocator@UHandle@MilesWire@@@std@@@std@@@Z
9C9 00000220 SECT2AD notype       Static      | $unwind$?dtor$0@?0??publish@Runtime@MilesClientRuntime53@@QEAA_N_K0AEBV?$vector@UHandle@MilesWire@@V?$allocator@UHandle@MilesWire@@@std@@@std@@@Z@4HA
9CA 00000060 SECT2AF notype       Static      | $pdata$?dtor$0@?0??publish@Runtime@MilesClientRuntime53@@QEAA_N_K0AEBV?$vector@UHandle@MilesWire@@V?$allocator@UHandle@MilesWire@@@std@@@std@@@Z@4HA
9CB 00000228 SECT2AD notype       Static      | $unwind$?dtor$1@?0??publish@Runtime@MilesClientRuntime53@@QEAA_N_K0AEBV?$vector@UHandle@MilesWire@@V?$allocator@UHandle@MilesWire@@@std@@@std@@@Z@4HA
9CC 0000006C SECT2AF notype       Static      | $pdata$?dtor$1@?0??publish@Runtime@MilesClientRuntime53@@QEAA_N_K0AEBV?$vector@UHandle@MilesWire@@V?$allocator@UHandle@MilesWire@@@std@@@std@@@Z@4HA
9CD 00000230 SECT2AD notype       Static      | $unwind$?catch$0@?0??publish@Runtime@MilesClientRuntime53@@QEAA_N_K0AEBV?$vector@UHandle@MilesWire@@V?$allocator@UHandle@MilesWire@@@std@@@std@@@Z@4HA
9CE 00000078 SECT2AF notype       Static      | $pdata$?catch$0@?0??publish@Runtime@MilesClientRuntime53@@QEAA_N_K0AEBV?$vector@UHandle@MilesWire@@V?$allocator@UHandle@MilesWire@@@std@@@std@@@Z@4HA
9CF 00000240 SECT2AD notype       Static      | $unwind$?returned@Runtime@MilesClientRuntime53@@QEAA_N_K@Z
9D0 00000030 SECT2AE notype       Static      | $pdata$?returned@Runtime@MilesClientRuntime53@@QEAA_N_K@Z
9D1 000000A0 SECT3  notype       Static       | $cppxdata$?returned@Runtime@MilesClientRuntime53@@QEAA_N_K@Z
9D2 00000250 SECT2AD notype       Static      | $stateUnwindMap$?returned@Runtime@MilesClientRuntime53@@QEAA_N_K@Z
9D3 00000270 SECT2AD notype       Static      | $tryMap$?returned@Runtime@MilesClientRuntime53@@QEAA_N_K@Z
9D4 00000284 SECT2AD notype       Static      | $handlerMap$0$?returned@Runtime@MilesClientRuntime53@@QEAA_N_K@Z
9D5 00000298 SECT2AD notype       Static      | $ip2state$?returned@Runtime@MilesClientRuntime53@@QEAA_N_K@Z
9D6 000002E8 SECT2AD notype       Static      | $unwind$?dtor$0@?0??returned@Runtime@MilesClientRuntime53@@QEAA_N_K@Z@4HA
9D7 00000084 SECT2AF notype       Static      | $pdata$?dtor$0@?0??returned@Runtime@MilesClientRuntime53@@QEAA_N_K@Z@4HA
9D8 000002F0 SECT2AD notype       Static      | $unwind$?dtor$1@?0??returned@Runtime@MilesClientRuntime53@@QEAA_N_K@Z@4HA
9D9 00000090 SECT2AF notype       Static      | $pdata$?dtor$1@?0??returned@Runtime@MilesClientRuntime53@@QEAA_N_K@Z@4HA
9DA 000002F8 SECT2AD notype       Static      | $unwind$?catch$0@?0??returned@Runtime@MilesClientRuntime53@@QEAA_N_K@Z@4HA
9DB 0000009C SECT2AF notype       Static      | $pdata$?catch$0@?0??returned@Runtime@MilesClientRuntime53@@QEAA_N_K@Z@4HA
9DC 00000308 SECT2AD notype       Static      | $unwind$?fail@Runtime@MilesClientRuntime53@@QEAAXXZ
9DD 0000003C SECT2AE notype       Static      | $pdata$?fail@Runtime@MilesClientRuntime53@@QEAAXXZ
9DE 00000310 SECT2AD notype       Static      | $unwind$?failed@Runtime@MilesClientRuntime53@@QEBA_NXZ
9DF 00000048 SECT2AE notype       Static      | $pdata$?failed@Runtime@MilesClientRuntime53@@QEBA_NXZ
9E0 00000000 SECT2B0 notype       Static      | .xdata
    Section length    8, #relocs    0, #linenums    0, checksum E7553388, selection    5 (pick associative Section 0xC3)
9E2 00000000 SECT2B0 notype       Static      | $unwind$??_GRuntime@MilesClientRuntime53@@AEAAPEAXI@Z
9E3 00000000 SECT2B1 notype       Static      | .pdata
    Section length    C, #relocs    3, #linenums    0, checksum 43A25AFA, selection    5 (pick associative Section 0xC3)
9E5 00000000 SECT2B1 notype       Static      | $pdata$??_GRuntime@MilesClientRuntime53@@AEAAPEAXI@Z
9E6 00000000 SECT2B2 notype       Static      | .xdata
    Section length    8, #relocs    0, #linenums    0, checksum 82B3EC1D, selection    5 (pick associative Section 0xE1)
9E8 00000000 SECT2B2 notype       Static      | $unwind$?_Check_C_return@std@@YAHH@Z
9E9 00000000 SECT2B3 notype       Static      | .pdata
    Section length    C, #relocs    3, #linenums    0, checksum 35DC62C8, selection    5 (pick associative Section 0xE1)
9EB 00000000 SECT2B3 notype       Static      | $pdata$?_Check_C_return@std@@YAHH@Z
9EC 00000000 SECT2B4 notype       Static      | .xdata
    Section length    8, #relocs    0, #linenums    0, checksum E7553388, selection    5 (pick associative Section 0xFF)
9EE 00000000 SECT2B4 notype       Static      | $unwind$?_Mtx_initX@std@@YAHPEAPEAU_Mtx_internal_imp_t@@H@Z
9EF 00000000 SECT2B5 notype       Static      | .pdata
    Section length    C, #relocs    3, #linenums    0, checksum F3B36B4F, selection    5 (pick associative Section 0xFF)
9F1 00000000 SECT2B5 notype       Static      | $pdata$?_Mtx_initX@std@@YAHPEAPEAU_Mtx_internal_imp_t@@H@Z
9F2 00000000 SECT2B6 notype       Static      | .xdata
    Section length    8, #relocs    0, #linenums    0, checksum 9C7880CC, selection    5 (pick associative Section 0x100)
9F4 00000000 SECT2B6 notype       Static      | $unwind$?_Mtx_lockX@std@@YAHPEAPEAU_Mtx_internal_imp_t@@@Z
9F5 00000000 SECT2B7 notype       Static      | .pdata
    Section length    C, #relocs    3, #linenums    0, checksum A59B2387, selection    5 (pick associative Section 0x100)
9F7 00000000 SECT2B7 notype       Static      | $pdata$?_Mtx_lockX@std@@YAHPEAPEAU_Mtx_internal_imp_t@@@Z
9F8 00000000 SECT2B8 notype       Static      | .xdata
    Section length    8, #relocs    0, #linenums    0, checksum 9C7880CC, selection    5 (pick associative Section 0x101)
9FA 00000000 SECT2B8 notype       Static      | $unwind$?_Mtx_unlockX@std@@YAHPEAPEAU_Mtx_internal_imp_t@@@Z
9FB 00000000 SECT2B9 notype       Static      | .pdata
    Section length    C, #relocs    3, #linenums    0, checksum A59B2387, selection    5 (pick associative Section 0x101)
9FD 00000000 SECT2B9 notype       Static      | $pdata$?_Mtx_unlockX@std@@YAHPEAPEAU_Mtx_internal_imp_t@@@Z
9FE 00000000 SECT2BA notype       Static      | .xdata
    Section length    8, #relocs    0, #linenums    0, checksum E7553388, selection    5 (pick associative Section 0x84)
A00 00000000 SECT2BA notype       Static      | $unwind$??0_Mutex_base@std@@QEAA@H@Z
A01 00000000 SECT2BB notype       Static      | .pdata
    Section length    C, #relocs    3, #linenums    0, checksum 68B67E9E, selection    5 (pick associative Section 0x84)
A03 00000000 SECT2BB notype       Static      | $pdata$??0_Mutex_base@std@@QEAA@H@Z
A04 00000000 SECT2BC notype       Static      | .xdata
    Section length    8, #relocs    0, #linenums    0, checksum 9C7880CC, selection    5 (pick associative Section 0xAA)
A06 00000000 SECT2BC notype       Static      | $unwind$??1_Mutex_base@std@@QEAA@XZ
A07 00000000 SECT2BD notype       Static      | .pdata
    Section length    C, #relocs    3, #linenums    0, checksum 21D12D7D, selection    5 (pick associative Section 0xAA)
A09 00000000 SECT2BD notype       Static      | $pdata$??1_Mutex_base@std@@QEAA@XZ
A0A 00000000 SECT2BE notype       Static      | .xdata
    Section length    8, #relocs    0, #linenums    0, checksum 9C7880CC, selection    5 (pick associative Section 0x13F)
A0C 00000000 SECT2BE notype       Static      | $unwind$?lock@_Mutex_base@std@@QEAAXXZ
A0D 00000000 SECT2BF notype       Static      | .pdata
    Section length    C, #relocs    3, #linenums    0, checksum 21D12D7D, selection    5 (pick associative Section 0x13F)
A0F 00000000 SECT2BF notype       Static      | $pdata$?lock@_Mutex_base@std@@QEAAXXZ
A10 00000000 SECT2C0 notype       Static      | .xdata
    Section length    8, #relocs    0, #linenums    0, checksum 9C7880CC, selection    5 (pick associative Section 0x164)
A12 00000000 SECT2C0 notype       Static      | $unwind$?unlock@_Mutex_base@std@@QEAAXXZ
A13 00000000 SECT2C1 notype       Static      | .pdata
    Section length    C, #relocs    3, #linenums    0, checksum 21D12D7D, selection    5 (pick associative Section 0x164)
A15 00000000 SECT2C1 notype       Static      | $pdata$?unlock@_Mutex_base@std@@QEAAXXZ
A16 00000000 SECT2C2 notype       Static      | .xdata
    Section length    8, #relocs    0, #linenums    0, checksum 9C7880CC, selection    5 (pick associative Section 0x8E)
A18 00000000 SECT2C2 notype       Static      | $unwind$??0mutex@std@@QEAA@XZ
A19 00000000 SECT2C3 notype       Static      | .pdata
    Section length    C, #relocs    3, #linenums    0, checksum A59B2387, selection    5 (pick associative Section 0x8E)
A1B 00000000 SECT2C3 notype       Static      | $pdata$??0mutex@std@@QEAA@XZ
A1C 00000000 SECT2C4 notype       Static      | .xdata
    Section length    8, #relocs    0, #linenums    0, checksum 9C7880CC, selection    5 (pick associative Section 0xB0)
A1E 00000000 SECT2C4 notype       Static      | $unwind$??1mutex@std@@QEAA@XZ
A1F 00000000 SECT2C5 notype       Static      | .pdata
    Section length    C, #relocs    3, #linenums    0, checksum AF5E2A9E, selection    5 (pick associative Section 0xB0)
A21 00000000 SECT2C5 notype       Static      | $pdata$??1mutex@std@@QEAA@XZ
A22 00000000 SECT2C6 notype       Static      | .xdata
    Section length    8, #relocs    0, #linenums    0, checksum  DD7168C, selection    5 (pick associative Section 0x77)
A24 00000000 SECT2C6 notype       Static      | $unwind$??0Event@?A0xabeb220a@MilesClientRuntime53@@QEAA@XZ
A25 00000000 SECT2C7 notype       Static      | .pdata
    Section length    C, #relocs    3, #linenums    0, checksum  84CEF90, selection    5 (pick associative Section 0x77)
A27 00000000 SECT2C7 notype       Static      | $pdata$??0Event@?A0xabeb220a@MilesClientRuntime53@@QEAA@XZ
A28 00000000 SECT2C8 notype       Static      | .xdata
    Section length    8, #relocs    0, #linenums    0, checksum 9C7880CC, selection    5 (pick associative Section 0xA1)
A2A 00000000 SECT2C8 notype       Static      | $unwind$??1Event@?A0xabeb220a@MilesClientRuntime53@@QEAA@XZ
A2B 00000000 SECT2C9 notype       Static      | .pdata
    Section length    C, #relocs    3, #linenums    0, checksum 2B142464, selection    5 (pick associative Section 0xA1)
A2D 00000000 SECT2C9 notype       Static      | $pdata$??1Event@?A0xabeb220a@MilesClientRuntime53@@QEAA@XZ
A2E 00000000 SECT2CA notype       Static      | .xdata
    Section length   10, #relocs    2, #linenums    0, checksum 25CF2BD3, selection    5 (pick associative Section 0x7D)
A30 00000000 SECT2CA notype       Static      | $unwind$??0Ticket@?A0xabeb220a@MilesClientRuntime53@@QEAA@W4Kind@012@@Z
A31 00000000 SECT2CB notype       Static      | .pdata
    Section length    C, #relocs    3, #linenums    0, checksum 6F2C5505, selection    5 (pick associative Section 0x7D)
A33 00000000 SECT2CB notype       Static      | $pdata$??0Ticket@?A0xabeb220a@MilesClientRuntime53@@QEAA@W4Kind@012@@Z
A34 00000000 SECT2CC notype       Static      | .rdata
    Section length   28, #relocs    2, #linenums    0, checksum 6C9B65E8, selection    5 (pick associative Section 0x7D)
A36 00000000 SECT2CC notype       Static      | $cppxdata$??0Ticket@?A0xabeb220a@MilesClientRuntime53@@QEAA@W4Kind@012@@Z
A37 00000000 SECT2CD notype       Static      | .xdata
    Section length   10, #relocs    2, #linenums    0, checksum 1344B4AA, selection    5 (pick associative Section 0x7D)
A39 00000000 SECT2CD notype       Static      | $stateUnwindMap$??0Ticket@?A0xabeb220a@MilesClientRuntime53@@QEAA@W4Kind@012@@Z
A3A 00000000 SECT2CE notype       Static      | .xdata
    Section length   20, #relocs    4, #linenums    0, checksum 379B084C, selection    5 (pick associative Section 0x7D)
A3C 00000000 SECT2CE notype       Static      | $ip2state$??0Ticket@?A0xabeb220a@MilesClientRuntime53@@QEAA@W4Kind@012@@Z
A3D 00000000 SECT2CF notype       Static      | .xdata
    Section length    8, #relocs    0, #linenums    0, checksum B96BC9FB, selection    5 (pick associative Section 0x7D)
A3F 00000000 SECT2CF notype       Static      | $unwind$?dtor$0@?0???0Ticket@?A0xabeb220a@MilesClientRuntime53@@QEAA@W4Kind@012@@Z@4HA
A40 00000000 SECT2D0 notype       Static      | .pdata
    Section length    C, #relocs    3, #linenums    0, checksum 2B142464, selection    5 (pick associative Section 0x7D)
A42 00000000 SECT2D0 notype       Static      | $pdata$?dtor$0@?0???0Ticket@?A0xabeb220a@MilesClientRuntime53@@QEAA@W4Kind@012@@Z@4HA
A43 00000000 SECT2D1 notype       Static      | .xdata
    Section length    8, #relocs    0, #linenums    0, checksum B96BC9FB, selection    5 (pick associative Section 0x7D)
A45 00000000 SECT2D1 notype       Static      | $unwind$?dtor$1@?0???0Ticket@?A0xabeb220a@MilesClientRuntime53@@QEAA@W4Kind@012@@Z@4HA
A46 00000000 SECT2D2 notype       Static      | .pdata
    Section length    C, #relocs    3, #linenums    0, checksum 2B142464, selection    5 (pick associative Section 0x7D)
A48 00000000 SECT2D2 notype       Static      | $pdata$?dtor$1@?0???0Ticket@?A0xabeb220a@MilesClientRuntime53@@QEAA@W4Kind@012@@Z@4HA
A49 00000000 SECT2D3 notype       Static      | .xdata
    Section length    8, #relocs    0, #linenums    0, checksum 9C7880CC, selection    5 (pick associative Section 0xA6)
A4B 00000000 SECT2D3 notype       Static      | $unwind$??1Ticket@?A0xabeb220a@MilesClientRuntime53@@QEAA@XZ
A4C 00000000 SECT2D4 notype       Static      | .pdata
    Section length    C, #relocs    3, #linenums    0, checksum E537C273, selection    5 (pick associative Section 0xA6)
A4E 00000000 SECT2D4 notype       Static      | $pdata$??1Ticket@?A0xabeb220a@MilesClientRuntime53@@QEAA@XZ
A4F 00000000 SECT2D5 notype       Static      | .xdata
    Section length    8, #relocs    0, #linenums    0, checksum E7553388, selection    5 (pick associative Section 0xC5)
A51 00000000 SECT2D5 notype       Static      | $unwind$??_GTicket@?A0xabeb220a@MilesClientRuntime53@@QEAAPEAXI@Z
A52 00000000 SECT2D6 notype       Static      | .pdata
    Section length    C, #relocs    3, #linenums    0, checksum 43A25AFA, selection    5 (pick associative Section 0xC5)
A54 00000000 SECT2D6 notype       Static      | $pdata$??_GTicket@?A0xabeb220a@MilesClientRuntime53@@QEAAPEAXI@Z
A55 00000000 SECT2D7 notype       Static      | .xdata
    Section length    8, #relocs    0, #linenums    0, checksum C40886FB, selection    5 (pick associative Section 0x10E)
A57 00000000 SECT2D7 notype       Static      | $unwind$?_Swap@?$_Ptr_base@UTicket@?A0xabeb220a@MilesClientRuntime53@@@std@@QEAAXAEAV12@@Z
A58 00000000 SECT2D8 notype       Static      | .pdata
    Section length    C, #relocs    3, #linenums    0, checksum 5CED41D1, selection    5 (pick associative Section 0x10E)
A5A 00000000 SECT2D8 notype       Static      | $pdata$?_Swap@?$_Ptr_base@UTicket@?A0xabeb220a@MilesClientRuntime53@@@std@@QEAAXAEAV12@@Z
A5B 00000000 SECT2D9 notype       Static      | .xdata
    Section length    8, #relocs    0, #linenums    0, checksum 9C7880CC, selection    5 (pick associative Section 0xE6)
A5D 00000000 SECT2D9 notype       Static      | $unwind$?_Decref@?$_Ptr_base@UTicket@?A0xabeb220a@MilesClientRuntime53@@@std@@QEAAXXZ
A5E 00000000 SECT2DA notype       Static      | .pdata
    Section length    C, #relocs    3, #linenums    0, checksum 2A9379E3, selection    5 (pick associative Section 0xE6)
A60 00000000 SECT2DA notype       Static      | $pdata$?_Decref@?$_Ptr_base@UTicket@?A0xabeb220a@MilesClientRuntime53@@@std@@QEAAXXZ
A61 00000000 SECT2DB notype       Static      | .xdata
    Section length    8, #relocs    0, #linenums    0, checksum 6072F4B7, selection    5 (pick associative Section 0x10B)
A63 00000000 SECT2DB notype       Static      | $unwind$?_Reset@?$_Ptr_base@UTicket@?A0xabeb220a@MilesClientRuntime53@@@std@@QEAAXPEAUTicket@?A0xabeb220a@MilesClientRuntime53@@PEAV_Ref_count_base@2@@Z
A64 00000000 SECT2DC notype       Static      | .pdata
    Section length    C, #relocs    3, #linenums    0, checksum 9047414F, selection    5 (pick associative Section 0x10B)
A66 00000000 SECT2DC notype       Static      | $pdata$?_Reset@?$_Ptr_base@UTicket@?A0xabeb220a@MilesClientRuntime53@@@std@@QEAAXPEAUTicket@?A0xabeb220a@MilesClientRuntime53@@PEAV_Ref_count_base@2@@Z
A67 00000000 SECT2DD notype       Static      | .xdata
    Section length    8, #relocs    0, #linenums    0, checksum 6072F4B7, selection    5 (pick associative Section 0x107)
A69 00000000 SECT2DD notype       Static      | $unwind$?_Reset0@?$_Ptr_base@UTicket@?A0xabeb220a@MilesClientRuntime53@@@std@@QEAAXPEAUTicket@?A0xabeb220a@MilesClientRuntime53@@PEAV_Ref_count_base@2@@Z
A6A 00000000 SECT2DE notype       Static      | .pdata
    Section length    C, #relocs    3, #linenums    0, checksum B298D73C, selection    5 (pick associative Section 0x107)
A6C 00000000 SECT2DE notype       Static      | $pdata$?_Reset0@?$_Ptr_base@UTicket@?A0xabeb220a@MilesClientRuntime53@@@std@@QEAAXPEAUTicket@?A0xabeb220a@MilesClientRuntime53@@PEAV_Ref_count_base@2@@Z
A6D 00000000 SECT2DF notype       Static      | .xdata
    Section length    8, #relocs    0, #linenums    0, checksum 9C7880CC, selection    5 (pick associative Section 0x70)
A6F 00000000 SECT2DF notype       Static      | $unwind$??0?$shared_ptr@UTicket@?A0xabeb220a@MilesClientRuntime53@@@std@@QEAA@XZ
A70 00000000 SECT2E0 notype       Static      | .pdata
    Section length    C, #relocs    3, #linenums    0, checksum E7BE24FA, selection    5 (pick associative Section 0x70)
A72 00000000 SECT2E0 notype       Static      | $pdata$??0?$shared_ptr@UTicket@?A0xabeb220a@MilesClientRuntime53@@@std@@QEAA@XZ
A73 00000000 SECT2E1 notype       Static      | .xdata
    Section length    8, #relocs    0, #linenums    0, checksum C40886FB, selection    5 (pick associative Section 0x6F)
A75 00000000 SECT2E1 notype       Static      | $unwind$??0?$shared_ptr@UTicket@?A0xabeb220a@MilesClientRuntime53@@@std@@QEAA@AEBV01@@Z
A76 00000000 SECT2E2 notype       Static      | .pdata
    Section length    C, #relocs    3, #linenums    0, checksum 496753E3, selection    5 (pick associative Section 0x6F)
A78 00000000 SECT2E2 notype       Static      | $pdata$??0?$shared_ptr@UTicket@?A0xabeb220a@MilesClientRuntime53@@@std@@QEAA@AEBV01@@Z
A79 00000000 SECT2E3 notype       Static      | .xdata
    Section length    8, #relocs    0, #linenums    0, checksum 9C7880CC, selection    5 (pick associative Section 0x9C)
A7B 00000000 SECT2E3 notype       Static      | $unwind$??1?$shared_ptr@UTicket@?A0xabeb220a@MilesClientRuntime53@@@std@@QEAA@XZ
A7C 00000000 SECT2E4 notype       Static      | .pdata
    Section length    C, #relocs    3, #linenums    0, checksum AF5E2A9E, selection    5 (pick associative Section 0x9C)
A7E 00000000 SECT2E4 notype       Static      | $pdata$??1?$shared_ptr@UTicket@?A0xabeb220a@MilesClientRuntime53@@@std@@QEAA@XZ
A7F 00000000 SECT2E5 notype       Static      | .xdata
    Section length    8, #relocs    0, #linenums    0, checksum FC45C01B, selection    5 (pick associative Section 0xB4)
A81 00000000 SECT2E5 notype       Static      | $unwind$??4?$shared_ptr@UTicket@?A0xabeb220a@MilesClientRuntime53@@@std@@QEAAAEAV01@AEBV01@@Z
A82 00000000 SECT2E6 notype       Static      | .pdata
    Section length    C, #relocs    3, #linenums    0, checksum 9047414F, selection    5 (pick associative Section 0xB4)
A84 00000000 SECT2E6 notype       Static      | $pdata$??4?$shared_ptr@UTicket@?A0xabeb220a@MilesClientRuntime53@@@std@@QEAAAEAV01@AEBV01@@Z
A85 00000000 SECT2E7 notype       Static      | .xdata
    Section length    8, #relocs    0, #linenums    0, checksum A435C62C, selection    5 (pick associative Section 0x156)
A87 00000000 SECT2E7 notype       Static      | $unwind$?reset@?$shared_ptr@UTicket@?A0xabeb220a@MilesClientRuntime53@@@std@@QEAAXXZ
A88 00000000 SECT2E8 notype       Static      | .pdata
    Section length    C, #relocs    3, #linenums    0, checksum 205670FA, selection    5 (pick associative Section 0x156)
A8A 00000000 SECT2E8 notype       Static      | $pdata$?reset@?$shared_ptr@UTicket@?A0xabeb220a@MilesClientRuntime53@@@std@@QEAAXXZ
A8B 00000000 SECT2E9 notype       Static      | .xdata
    Section length    8, #relocs    0, #linenums    0, checksum C40886FB, selection    5 (pick associative Section 0x160)
A8D 00000000 SECT2E9 notype       Static      | $unwind$?swap@?$shared_ptr@UTicket@?A0xabeb220a@MilesClientRuntime53@@@std@@QEAAXAEAV12@@Z
A8E 00000000 SECT2EA notype       Static      | .pdata
    Section length    C, #relocs    3, #linenums    0, checksum BB53652B, selection    5 (pick associative Section 0x160)
A90 00000000 SECT2EA notype       Static      | $pdata$?swap@?$shared_ptr@UTicket@?A0xabeb220a@MilesClientRuntime53@@@std@@QEAAXAEAV12@@Z
A91 00000000 SECT2EB notype       Static      | .xdata
    Section length    8, #relocs    0, #linenums    0, checksum 9C7880CC, selection    5 (pick associative Section 0xBC)
A93 00000000 SECT2EB notype       Static      | $unwind$??C?$shared_ptr@UTicket@?A0xabeb220a@MilesClientRuntime53@@@std@@QEBAPEAUTicket@?A0xabeb220a@MilesClientRuntime53@@XZ
A94 00000000 SECT2EC notype       Static      | .pdata
    Section length    C, #relocs    3, #linenums    0, checksum AF5E2A9E, selection    5 (pick associative Section 0xBC)
A96 00000000 SECT2EC notype       Static      | $pdata$??C?$shared_ptr@UTicket@?A0xabeb220a@MilesClientRuntime53@@@std@@QEBAPEAUTicket@?A0xabeb220a@MilesClientRuntime53@@XZ
A97 00000000 SECT2ED notype       Static      | .xdata
    Section length    8, #relocs    0, #linenums    0, checksum A435C62C, selection    5 (pick associative Section 0xBA)
A99 00000000 SECT2ED notype       Static      | $unwind$??B?$shared_ptr@UTicket@?A0xabeb220a@MilesClientRuntime53@@@std@@QEBA_NXZ
A9A 00000000 SECT2EE notype       Static      | .pdata
    Section length    C, #relocs    3, #linenums    0, checksum  1875D87, selection    5 (pick associative Section 0xBA)
A9C 00000000 SECT2EE notype       Static      | $pdata$??B?$shared_ptr@UTicket@?A0xabeb220a@MilesClientRuntime53@@@std@@QEBA_NXZ
A9D 00000000 SECT2EF notype       Static      | .xdata
    Section length   10, #relocs    2, #linenums    0, checksum E6D21FF4, selection    5 (pick associative Section 0x7B)
A9F 00000000 SECT2EF notype       Static      | $unwind$??0State@Runtime@MilesClientRuntime53@@QEAA@_K0V?$shared_ptr@X@std@@@Z
AA0 00000000 SECT2F0 notype       Static      | .pdata
    Section length    C, #relocs    3, #linenums    0, checksum 39E68EF0, selection    5 (pick associative Section 0x7B)
AA2 00000000 SECT2F0 notype       Static      | $pdata$??0State@Runtime@MilesClientRuntime53@@QEAA@_K0V?$shared_ptr@X@std@@@Z
AA3 00000000 SECT2F1 notype       Static      | .rdata
    Section length   28, #relocs    2, #linenums    0, checksum 9C8C8A3B, selection    5 (pick associative Section 0x7B)
AA5 00000000 SECT2F1 notype       Static      | $cppxdata$??0State@Runtime@MilesClientRuntime53@@QEAA@_K0V?$shared_ptr@X@std@@@Z
AA6 00000000 SECT2F2 notype       Static      | .xdata
    Section length   18, #relocs    3, #linenums    0, checksum 90943541, selection    5 (pick associative Section 0x7B)
AA8 00000000 SECT2F2 notype       Static      | $stateUnwindMap$??0State@Runtime@MilesClientRuntime53@@QEAA@_K0V?$shared_ptr@X@std@@@Z
AA9 00000000 SECT2F3 notype       Static      | .xdata
    Section length   28, #relocs    5, #linenums    0, checksum C58D9FF2, selection    5 (pick associative Section 0x7B)
AAB 00000000 SECT2F3 notype       Static      | $ip2state$??0State@Runtime@MilesClientRuntime53@@QEAA@_K0V?$shared_ptr@X@std@@@Z
AAC 00000000 SECT2F4 notype       Static      | .xdata
    Section length    8, #relocs    0, #linenums    0, checksum B96BC9FB, selection    5 (pick associative Section 0x7B)
AAE 00000000 SECT2F4 notype       Static      | $unwind$?dtor$0@?0???0State@Runtime@MilesClientRuntime53@@QEAA@_K0V?$shared_ptr@X@std@@@Z@4HA
AAF 00000000 SECT2F5 notype       Static      | .pdata
    Section length    C, #relocs    3, #linenums    0, checksum AF5E2A9E, selection    5 (pick associative Section 0x7B)
AB1 00000000 SECT2F5 notype       Static      | $pdata$?dtor$0@?0???0State@Runtime@MilesClientRuntime53@@QEAA@_K0V?$shared_ptr@X@std@@@Z@4HA
AB2 00000000 SECT2F6 notype       Static      | .xdata
    Section length    8, #relocs    0, #linenums    0, checksum B96BC9FB, selection    5 (pick associative Section 0x7B)
AB4 00000000 SECT2F6 notype       Static      | $unwind$?dtor$1@?0???0State@Runtime@MilesClientRuntime53@@QEAA@_K0V?$shared_ptr@X@std@@@Z@4HA
AB5 00000000 SECT2F7 notype       Static      | .pdata
    Section length    C, #relocs    3, #linenums    0, checksum 2B142464, selection    5 (pick associative Section 0x7B)
AB7 00000000 SECT2F7 notype       Static      | $pdata$?dtor$1@?0???0State@Runtime@MilesClientRuntime53@@QEAA@_K0V?$shared_ptr@X@std@@@Z@4HA
AB8 00000000 SECT2F8 notype       Static      | .xdata
    Section length    8, #relocs    0, #linenums    0, checksum B96BC9FB, selection    5 (pick associative Section 0x7B)
ABA 00000000 SECT2F8 notype       Static      | $unwind$?dtor$2@?0???0State@Runtime@MilesClientRuntime53@@QEAA@_K0V?$shared_ptr@X@std@@@Z@4HA
ABB 00000000 SECT2F9 notype       Static      | .pdata
    Section length    C, #relocs    3, #linenums    0, checksum 2B142464, selection    5 (pick associative Section 0x7B)
ABD 00000000 SECT2F9 notype       Static      | $pdata$?dtor$2@?0???0State@Runtime@MilesClientRuntime53@@QEAA@_K0V?$shared_ptr@X@std@@@Z@4HA
ABE 00000000 SECT2FA notype       Static      | .xdata
    Section length    8, #relocs    0, #linenums    0, checksum 9C7880CC, selection    5 (pick associative Section 0x155)
AC0 00000000 SECT2FA notype       Static      | $unwind$?requestFailure@State@Runtime@MilesClientRuntime53@@QEAAXXZ
AC1 00000000 SECT2FB notype       Static      | .pdata
    Section length    C, #relocs    3, #linenums    0, checksum 62737787, selection    5 (pick associative Section 0x155)
AC3 00000000 SECT2FB notype       Static      | $pdata$?requestFailure@State@Runtime@MilesClientRuntime53@@QEAAXXZ
AC4 00000000 SECT2FC notype       Static      | .xdata
    Section length    8, #relocs    0, #linenums    0, checksum D4AF4BEC, selection    5 (pick associative Section 0x13D)
AC6 00000000 SECT2FC notype       Static      | $unwind$?isFailed@State@Runtime@MilesClientRuntime53@@QEBA_NXZ
AC7 00000000 SECT2FD notype       Static      | .pdata
    Section length    C, #relocs    3, #linenums    0, checksum EFF2CB6A, selection    5 (pick associative Section 0x13D)
AC9 00000000 SECT2FD notype       Static      | $pdata$?isFailed@State@Runtime@MilesClientRuntime53@@QEBA_NXZ
ACA 00000000 SECT2FE notype       Static      | .xdata
    Section length    8, #relocs    0, #linenums    0, checksum 9C7880CC, selection    5 (pick associative Section 0x163)
ACC 00000000 SECT2FE notype       Static      | $unwind$?terminalFailure@State@Runtime@MilesClientRuntime53@@QEAAXXZ
ACD 00000000 SECT2FF notype       Static      | .pdata
    Section length    C, #relocs    3, #linenums    0, checksum 3D908D58, selection    5 (pick associative Section 0x163)
ACF 00000000 SECT2FF notype       Static      | $pdata$?terminalFailure@State@Runtime@MilesClientRuntime53@@QEAAXXZ
AD0 00000000 SECT300 notype       Static      | .xdata
    Section length   10, #relocs    2, #linenums    0, checksum 1AD79883, selection    5 (pick associative Section 0x152)
AD2 00000000 SECT300 notype       Static      | $unwind$?post@State@Runtime@MilesClientRuntime53@@QEAA_NAEBV?$shared_ptr@UTicket@?A0xabeb220a@MilesClientRuntime53@@@std@@@Z
AD3 00000000 SECT301 notype       Static      | .pdata
    Section length    C, #relocs    3, #linenums    0, checksum 525E4B60, selection    5 (pick associative Section 0x152)
AD5 00000000 SECT301 notype       Static      | $pdata$?post@State@Runtime@MilesClientRuntime53@@QEAA_NAEBV?$shared_ptr@UTicket@?A0xabeb220a@MilesClientRuntime53@@@std@@@Z
AD6 00000000 SECT302 notype       Static      | .rdata
    Section length   28, #relocs    2, #linenums    0, checksum 19C832DC, selection    5 (pick associative Section 0x152)
AD8 00000000 SECT302 notype       Static      | $cppxdata$?post@State@Runtime@MilesClientRuntime53@@QEAA_NAEBV?$shared_ptr@UTicket@?A0xabeb220a@MilesClientRuntime53@@@std@@@Z
AD9 00000000 SECT303 notype       Static      | .xdata
    Section length   10, #relocs    2, #linenums    0, checksum 1344B4AA, selection    5 (pick associative Section 0x152)
ADB 00000000 SECT303 notype       Static      | $stateUnwindMap$?post@State@Runtime@MilesClientRuntime53@@QEAA_NAEBV?$shared_ptr@UTicket@?A0xabeb220a@MilesClientRuntime53@@@std@@@Z
ADC 00000000 SECT304 notype       Static      | .xdata
    Section length   70, #relocs    E, #linenums    0, checksum 9BB29461, selection    5 (pick associative Section 0x152)
ADE 00000000 SECT304 notype       Static      | $ip2state$?post@State@Runtime@MilesClientRuntime53@@QEAA_NAEBV?$shared_ptr@UTicket@?A0xabeb220a@MilesClientRuntime53@@@std@@@Z
ADF 00000000 SECT305 notype       Static      | .xdata
    Section length    8, #relocs    0, #linenums    0, checksum B96BC9FB, selection    5 (pick associative Section 0x152)
AE1 00000000 SECT305 notype       Static      | $unwind$?dtor$0@?0??post@State@Runtime@MilesClientRuntime53@@QEAA_NAEBV?$shared_ptr@UTicket@?A0xabeb220a@MilesClientRuntime53@@@std@@@Z@4HA
AE2 00000000 SECT306 notype       Static      | .pdata
    Section length    C, #relocs    3, #linenums    0, checksum AF5E2A9E, selection    5 (pick associative Section 0x152)
AE4 00000000 SECT306 notype       Static      | $pdata$?dtor$0@?0??post@State@Runtime@MilesClientRuntime53@@QEAA_NAEBV?$shared_ptr@UTicket@?A0xabeb220a@MilesClientRuntime53@@@std@@@Z@4HA
AE5 00000000 SECT307 notype       Static      | .xdata
    Section length    8, #relocs    0, #linenums    0, checksum B96BC9FB, selection    5 (pick associative Section 0x152)
AE7 00000000 SECT307 notype       Static      | $unwind$?dtor$1@?0??post@State@Runtime@MilesClientRuntime53@@QEAA_NAEBV?$shared_ptr@UTicket@?A0xabeb220a@MilesClientRuntime53@@@std@@@Z@4HA
AE8 00000000 SECT308 notype       Static      | .pdata
    Section length    C, #relocs    3, #linenums    0, checksum AF5E2A9E, selection    5 (pick associative Section 0x152)
AEA 00000000 SECT308 notype       Static      | $pdata$?dtor$1@?0??post@State@Runtime@MilesClientRuntime53@@QEAA_NAEBV?$shared_ptr@UTicket@?A0xabeb220a@MilesClientRuntime53@@@std@@@Z@4HA
AEB 00000000 SECT309 notype       Static      | .xdata
    Section length    8, #relocs    0, #linenums    0, checksum FC45C01B, selection    5 (pick associative Section 0x126)
AED 00000000 SECT309 notype       Static      | $unwind$?complete@State@Runtime@MilesClientRuntime53@@QEAAXAEBV?$shared_ptr@UTicket@?A0xabeb220a@MilesClientRuntime53@@@std@@@Z
AEE 00000000 SECT30A notype       Static      | .pdata
    Section length    C, #relocs    3, #linenums    0, checksum 281A9F6A, selection    5 (pick associative Section 0x126)
AF0 00000000 SECT30A notype       Static      | $pdata$?complete@State@Runtime@MilesClientRuntime53@@QEAAXAEBV?$shared_ptr@UTicket@?A0xabeb220a@MilesClientRuntime53@@@std@@@Z
AF1 00000000 SECT30B notype       Static      | .xdata
    Section length   10, #relocs    2, #linenums    0, checksum 212404E5, selection    5 (pick associative Section 0x14F)
AF3 00000000 SECT30B notype       Static      | $unwind$?observation@State@Runtime@MilesClientRuntime53@@QEAAXAEBV?$shared_ptr@UTicket@?A0xabeb220a@MilesClientRuntime53@@@std@@@Z
AF4 00000000 SECT30C notype       Static      | .pdata
    Section length    C, #relocs    3, #linenums    0, checksum 7C77F8A5, selection    5 (pick associative Section 0x14F)
AF6 00000000 SECT30C notype       Static      | $pdata$?observation@State@Runtime@MilesClientRuntime53@@QEAAXAEBV?$shared_ptr@UTicket@?A0xabeb220a@MilesClientRuntime53@@@std@@@Z
AF7 00000000 SECT30D notype       Static      | .rdata
    Section length   28, #relocs    2, #linenums    0, checksum 49BAD7AB, selection    5 (pick associative Section 0x14F)
AF9 00000000 SECT30D notype       Static      | $cppxdata$?observation@State@Runtime@MilesClientRuntime53@@QEAAXAEBV?$shared_ptr@UTicket@?A0xabeb220a@MilesClientRuntime53@@@std@@@Z
AFA 00000000 SECT30E notype       Static      | .xdata
    Section length   20, #relocs    4, #linenums    0, checksum E6F5AA52, selection    5 (pick associative Section 0x14F)
AFC 00000000 SECT30E notype       Static      | $stateUnwindMap$?observation@State@Runtime@MilesClientRuntime53@@QEAAXAEBV?$shared_ptr@UTicket@?A0xabeb220a@MilesClientRuntime53@@@std@@@Z
AFD 00000000 SECT30F notype       Static      | .xdata
    Section length   48, #relocs    9, #linenums    0, checksum EBCD9DFB, selection    5 (pick associative Section 0x14F)
AFF 00000000 SECT30F notype       Static      | $ip2state$?observation@State@Runtime@MilesClientRuntime53@@QEAAXAEBV?$shared_ptr@UTicket@?A0xabeb220a@MilesClientRuntime53@@@std@@@Z
B00 00000000 SECT310 notype       Static      | .xdata
    Section length    8, #relocs    0, #linenums    0, checksum B96BC9FB, selection    5 (pick associative Section 0x14F)
B02 00000000 SECT310 notype       Static      | $unwind$?dtor$1@?0??observation@State@Runtime@MilesClientRuntime53@@QEAAXAEBV?$shared_ptr@UTicket@?A0xabeb220a@MilesClientRuntime53@@@std@@@Z@4HA
B03 00000000 SECT311 notype       Static      | .pdata
    Section length    C, #relocs    3, #linenums    0, checksum 21D12D7D, selection    5 (pick associative Section 0x14F)
B05 00000000 SECT311 notype       Static      | $pdata$?dtor$1@?0??observation@State@Runtime@MilesClientRuntime53@@QEAAXAEBV?$shared_ptr@UTicket@?A0xabeb220a@MilesClientRuntime53@@@std@@@Z@4HA
B06 00000000 SECT312 notype       Static      | .xdata
    Section length    8, #relocs    0, #linenums    0, checksum B96BC9FB, selection    5 (pick associative Section 0x14F)
B08 00000000 SECT312 notype       Static      | $unwind$?dtor$2@?0??observation@State@Runtime@MilesClientRuntime53@@QEAAXAEBV?$shared_ptr@UTicket@?A0xabeb220a@MilesClientRuntime53@@@std@@@Z@4HA
B09 00000000 SECT313 notype       Static      | .pdata
    Section length    C, #relocs    3, #linenums    0, checksum AF5E2A9E, selection    5 (pick associative Section 0x14F)
B0B 00000000 SECT313 notype       Static      | $pdata$?dtor$2@?0??observation@State@Runtime@MilesClientRuntime53@@QEAAXAEBV?$shared_ptr@UTicket@?A0xabeb220a@MilesClientRuntime53@@@std@@@Z@4HA
B0C 00000000 SECT314 notype       Static      | .xdata
    Section length    8, #relocs    0, #linenums    0, checksum B96BC9FB, selection    5 (pick associative Section 0x14F)
B0E 00000000 SECT314 notype       Static      | $unwind$?dtor$4@?0??observation@State@Runtime@MilesClientRuntime53@@QEAAXAEBV?$shared_ptr@UTicket@?A0xabeb220a@MilesClientRuntime53@@@std@@@Z@4HA
B0F 00000000 SECT315 notype       Static      | .pdata
    Section length    C, #relocs    3, #linenums    0, checksum AF5E2A9E, selection    5 (pick associative Section 0x14F)
B11 00000000 SECT315 notype       Static      | $pdata$?dtor$4@?0??observation@State@Runtime@MilesClientRuntime53@@QEAAXAEBV?$shared_ptr@UTicket@?A0xabeb220a@MilesClientRuntime53@@@std@@@Z@4HA
B12 00000000 SECT316 notype       Static      | .xdata
    Section length    8, #relocs    0, #linenums    0, checksum B96BC9FB, selection    5 (pick associative Section 0x14F)
B14 00000000 SECT316 notype       Static      | $unwind$?dtor$6@?0??observation@State@Runtime@MilesClientRuntime53@@QEAAXAEBV?$shared_ptr@UTicket@?A0xabeb220a@MilesClientRuntime53@@@std@@@Z@4HA
B15 00000000 SECT317 notype       Static      | .pdata
    Section length    C, #relocs    3, #linenums    0, checksum AF5E2A9E, selection    5 (pick associative Section 0x14F)
B17 00000000 SECT317 notype       Static      | $pdata$?dtor$6@?0??observation@State@Runtime@MilesClientRuntime53@@QEAAXAEBV?$shared_ptr@UTicket@?A0xabeb220a@MilesClientRuntime53@@@std@@@Z@4HA
B18 00000000 SECT318 notype       Static      | .xdata
    Section length   14, #relocs    2, #linenums    0, checksum FA214FE9, selection    5 (pick associative Section 0x157)
B1A 00000000 SECT318 notype       Static      | $unwind$?run@State@Runtime@MilesClientRuntime53@@QEAAXXZ
B1B 00000000 SECT319 notype       Static      | .pdata
    Section length    C, #relocs    3, #linenums    0, checksum 86E7F749, selection    5 (pick associative Section 0x157)
B1D 00000000 SECT319 notype       Static      | $pdata$?run@State@Runtime@MilesClientRuntime53@@QEAAXXZ
B1E 00000000 SECT31A notype       Static      | .rdata
    Section length   28, #relocs    3, #linenums    0, checksum CF88F572, selection    5 (pick associative Section 0x157)
B20 00000000 SECT31A notype       Static      | $cppxdata$?run@State@Runtime@MilesClientRuntime53@@QEAAXXZ
B21 00000000 SECT31B notype       Static      | .xdata
    Section length   40, #relocs    4, #linenums    0, checksum 57478D95, selection    5 (pick associative Section 0x157)
B23 00000000 SECT31B notype       Static      | $stateUnwindMap$?run@State@Runtime@MilesClientRuntime53@@QEAAXXZ
B24 00000000 SECT31C notype       Static      | .xdata
    Section length   28, #relocs    2, #linenums    0, checksum 7DDD487B, selection    5 (pick associative Section 0x157)
B26 00000000 SECT31C notype       Static      | $tryMap$?run@State@Runtime@MilesClientRuntime53@@QEAAXXZ
B27 00000000 SECT31D notype       Static      | .xdata
    Section length   14, #relocs    1, #linenums    0, checksum   677058, selection    5 (pick associative Section 0x157)
B29 00000000 SECT31D notype       Static      | $handlerMap$0$?run@State@Runtime@MilesClientRuntime53@@QEAAXXZ
B2A 00000000 SECT31E notype       Static      | .xdata
    Section length   14, #relocs    1, #linenums    0, checksum   677058, selection    5 (pick associative Section 0x157)
B2C 00000000 SECT31E notype       Static      | $handlerMap$1$?run@State@Runtime@MilesClientRuntime53@@QEAAXXZ
B2D 00000000 SECT31F notype       Static      | .xdata
    Section length   A0, #relocs   14, #linenums    0, checksum 6AF3562C, selection    5 (pick associative Section 0x157)
B2F 00000000 SECT31F notype       Static      | $ip2state$?run@State@Runtime@MilesClientRuntime53@@QEAAXXZ
B30 00000000 SECT320 notype       Static      | .xdata
    Section length    8, #relocs    0, #linenums    0, checksum B96BC9FB, selection    5 (pick associative Section 0x157)
B32 00000000 SECT320 notype       Static      | $unwind$?dtor$0@?0??run@State@Runtime@MilesClientRuntime53@@QEAAXXZ@4HA
B33 00000000 SECT321 notype       Static      | .pdata
    Section length    C, #relocs    3, #linenums    0, checksum 2B142464, selection    5 (pick associative Section 0x157)
B35 00000000 SECT321 notype       Static      | $pdata$?dtor$0@?0??run@State@Runtime@MilesClientRuntime53@@QEAAXXZ@4HA
B36 00000000 SECT322 notype       Static      | .xdata
    Section length   10, #relocs    2, #linenums    0, checksum 5840A276, selection    5 (pick associative Section 0x157)
B38 00000000 SECT322 notype       Static      | $unwind$?catch$0@?0??run@State@Runtime@MilesClientRuntime53@@QEAAXXZ@4HA
B39 00000000 SECT323 notype       Static      | .pdata
    Section length    C, #relocs    3, #linenums    0, checksum ECFC7064, selection    5 (pick associative Section 0x157)
B3B 00000000 SECT323 notype       Static      | $pdata$?catch$0@?0??run@State@Runtime@MilesClientRuntime53@@QEAAXXZ@4HA
B3C 00000000 SECT324 notype       Static      | .xdata
    Section length    8, #relocs    0, #linenums    0, checksum B96BC9FB, selection    5 (pick associative Section 0x157)
B3E 00000000 SECT324 notype       Static      | $unwind$?dtor$1@?0??run@State@Runtime@MilesClientRuntime53@@QEAAXXZ@4HA
B3F 00000000 SECT325 notype       Static      | .pdata
    Section length    C, #relocs    3, #linenums    0, checksum AF5E2A9E, selection    5 (pick associative Section 0x157)
B41 00000000 SECT325 notype       Static      | $pdata$?dtor$1@?0??run@State@Runtime@MilesClientRuntime53@@QEAAXXZ@4HA
B42 00000000 SECT326 notype       Static      | .xdata
    Section length    8, #relocs    0, #linenums    0, checksum B96BC9FB, selection    5 (pick associative Section 0x157)
B44 00000000 SECT326 notype       Static      | $unwind$?dtor$2@?0??run@State@Runtime@MilesClientRuntime53@@QEAAXXZ@4HA
B45 00000000 SECT327 notype       Static      | .pdata
    Section length    C, #relocs    3, #linenums    0, checksum AF5E2A9E, selection    5 (pick associative Section 0x157)
B47 00000000 SECT327 notype       Static      | $pdata$?dtor$2@?0??run@State@Runtime@MilesClientRuntime53@@QEAAXXZ@4HA
B48 00000000 SECT328 notype       Static      | .xdata
    Section length    8, #relocs    0, #linenums    0, checksum B96BC9FB, selection    5 (pick associative Section 0x157)
B4A 00000000 SECT328 notype       Static      | $unwind$?dtor$4@?0??run@State@Runtime@MilesClientRuntime53@@QEAAXXZ@4HA
B4B 00000000 SECT329 notype       Static      | .pdata
    Section length    C, #relocs    3, #linenums    0, checksum 21D12D7D, selection    5 (pick associative Section 0x157)
B4D 00000000 SECT329 notype       Static      | $pdata$?dtor$4@?0??run@State@Runtime@MilesClientRuntime53@@QEAAXXZ@4HA
B4E 00000000 SECT32A notype       Static      | .xdata
    Section length   10, #relocs    2, #linenums    0, checksum 5840A276, selection    5 (pick associative Section 0x157)
B50 00000000 SECT32A notype       Static      | $unwind$?catch$1@?0??run@State@Runtime@MilesClientRuntime53@@QEAAXXZ@4HA
B51 00000000 SECT32B notype       Static      | .pdata
    Section length    C, #relocs    3, #linenums    0, checksum 2A9379E3, selection    5 (pick associative Section 0x157)
B53 00000000 SECT32B notype       Static      | $pdata$?catch$1@?0??run@State@Runtime@MilesClientRuntime53@@QEAAXXZ@4HA
B54 00000000 SECT32C notype       Static      | .xdata
    Section length    8, #relocs    0, #linenums    0, checksum 9C7880CC, selection    5 (pick associative Section 0x135)
B56 00000000 SECT32C notype       Static      | $unwind$?entry@State@Runtime@MilesClientRuntime53@@SAIPEAX@Z
B57 00000000 SECT32D notype       Static      | .pdata
    Section length    C, #relocs    3, #linenums    0, checksum ED7B2DE3, selection    5 (pick associative Section 0x135)
B59 00000000 SECT32D notype       Static      | $pdata$?entry@State@Runtime@MilesClientRuntime53@@SAIPEAX@Z
B5A 00000000 SECT32E notype       Static      | .xdata
    Section length   10, #relocs    2, #linenums    0, checksum ACB575CF, selection    5 (pick associative Section 0xA4)
B5C 00000000 SECT32E notype       Static      | $unwind$??1State@Runtime@MilesClientRuntime53@@QEAA@XZ
B5D 00000000 SECT32F notype       Static      | .pdata
    Section length    C, #relocs    3, #linenums    0, checksum 24C2E06F, selection    5 (pick associative Section 0xA4)
B5F 00000000 SECT32F notype       Static      | $pdata$??1State@Runtime@MilesClientRuntime53@@QEAA@XZ
B60 00000000 SECT330 notype       Static      | .rdata
    Section length   28, #relocs    2, #linenums    0, checksum 6C9B65E8, selection    5 (pick associative Section 0xA4)
B62 00000000 SECT330 notype       Static      | $cppxdata$??1State@Runtime@MilesClientRuntime53@@QEAA@XZ
B63 00000000 SECT331 notype       Static      | .xdata
    Section length   10, #relocs    2, #linenums    0, checksum 1344B4AA, selection    5 (pick associative Section 0xA4)
B65 00000000 SECT331 notype       Static      | $stateUnwindMap$??1State@Runtime@MilesClientRuntime53@@QEAA@XZ
B66 00000000 SECT332 notype       Static      | .xdata
    Section length   20, #relocs    4, #linenums    0, checksum 2F80282E, selection    5 (pick associative Section 0xA4)
B68 00000000 SECT332 notype       Static      | $ip2state$??1State@Runtime@MilesClientRuntime53@@QEAA@XZ
B69 00000000 SECT333 notype       Static      | .xdata
    Section length    8, #relocs    0, #linenums    0, checksum B96BC9FB, selection    5 (pick associative Section 0xA4)
B6B 00000000 SECT333 notype       Static      | $unwind$?dtor$0@?0???1State@Runtime@MilesClientRuntime53@@QEAA@XZ@4HA
B6C 00000000 SECT334 notype       Static      | .pdata
    Section length    C, #relocs    3, #linenums    0, checksum 2B142464, selection    5 (pick associative Section 0xA4)
B6E 00000000 SECT334 notype       Static      | $pdata$?dtor$0@?0???1State@Runtime@MilesClientRuntime53@@QEAA@XZ@4HA
B6F 00000000 SECT335 notype       Static      | .xdata
    Section length    8, #relocs    0, #linenums    0, checksum B96BC9FB, selection    5 (pick associative Section 0xA4)
B71 00000000 SECT335 notype       Static      | $unwind$?dtor$1@?0???1State@Runtime@MilesClientRuntime53@@QEAA@XZ@4HA
B72 00000000 SECT336 notype       Static      | .pdata
    Section length    C, #relocs    3, #linenums    0, checksum 2B142464, selection    5 (pick associative Section 0xA4)
B74 00000000 SECT336 notype       Static      | $pdata$?dtor$1@?0???1State@Runtime@MilesClientRuntime53@@QEAA@XZ@4HA
B75 00000000 SECT337 notype       Static      | .xdata
    Section length    8, #relocs    0, #linenums    0, checksum E7553388, selection    5 (pick associative Section 0xC4)
B77 00000000 SECT337 notype       Static      | $unwind$??_GState@Runtime@MilesClientRuntime53@@QEAAPEAXI@Z
B78 00000000 SECT338 notype       Static      | .pdata
    Section length    C, #relocs    3, #linenums    0, checksum 43A25AFA, selection    5 (pick associative Section 0xC4)
B7A 00000000 SECT338 notype       Static      | $pdata$??_GState@Runtime@MilesClientRuntime53@@QEAAPEAXI@Z
B7B 00000000 SECT339 notype       Static      | .xdata
    Section length    8, #relocs    0, #linenums    0, checksum C40886FB, selection    5 (pick associative Section 0x6B)
B7D 00000000 SECT339 notype       Static      | $unwind$??0?$lock_guard@Vmutex@std@@@std@@QEAA@AEAVmutex@1@@Z
B7E 00000000 SECT33A notype       Static      | .pdata
    Section length    C, #relocs    3, #linenums    0, checksum C7E85400, selection    5 (pick associative Section 0x6B)
B80 00000000 SECT33A notype       Static      | $pdata$??0?$lock_guard@Vmutex@std@@@std@@QEAA@AEAVmutex@1@@Z
B81 00000000 SECT33B notype       Static      | .xdata
    Section length    8, #relocs    0, #linenums    0, checksum 9C7880CC, selection    5 (pick associative Section 0x99)
B83 00000000 SECT33B notype       Static      | $unwind$??1?$lock_guard@Vmutex@std@@@std@@QEAA@XZ
B84 00000000 SECT33C notype       Static      | .pdata
    Section length    C, #relocs    3, #linenums    0, checksum 21D12D7D, selection    5 (pick associative Section 0x99)
B86 00000000 SECT33C notype       Static      | $pdata$??1?$lock_guard@Vmutex@std@@@std@@QEAA@XZ
B87 00000000 SECT33D notype       Static      | .xdata
    Section length    8, #relocs    0, #linenums    0, checksum 55A710BB, selection    5 (pick associative Section 0x4A)
B89 00000000 SECT33D notype       Static      | $unwind$??$reset@UFileSessionContext@MilesFileOwner36@@@?$shared_ptr@UFileSessionContext@MilesFileOwner36@@@std@@QEAAXPEAUFileSessionContext@MilesFileOwner36@@@Z
B8A 00000000 SECT33E notype       Static      | .pdata
    Section length    C, #relocs    3, #linenums    0, checksum 299DC2ED, selection    5 (pick associative Section 0x4A)
B8C 00000000 SECT33E notype       Static      | $pdata$??$reset@UFileSessionContext@MilesFileOwner36@@@?$shared_ptr@UFileSessionContext@MilesFileOwner36@@@std@@QEAAXPEAUFileSessionContext@MilesFileOwner36@@@Z
B8D 00000000 SECT33F notype       Static      | .xdata
    Section length    8, #relocs    0, #linenums    0, checksum 55A710BB, selection    5 (pick associative Section 0xBF)
B8F 00000000 SECT33F notype       Static      | $unwind$??R?$default_delete@UState@Runtime@MilesClientRuntime53@@@std@@QEBAXPEAUState@Runtime@MilesClientRuntime53@@@Z
B90 00000000 SECT340 notype       Static      | .pdata
    Section length    C, #relocs    3, #linenums    0, checksum 3C17D0DF, selection    5 (pick associative Section 0xBF)
B92 00000000 SECT340 notype       Static      | $pdata$??R?$default_delete@UState@Runtime@MilesClientRuntime53@@@std@@QEBAXPEAUState@Runtime@MilesClientRuntime53@@@Z
B93 00000000 SECT341 notype       Static      | .xdata
    Section length    8, #relocs    0, #linenums    0, checksum C40886FB, selection    5 (pick associative Section 0x58)
B95 00000000 SECT341 notype       Static      | $unwind$??0?$_Unique_ptr_base@UState@Runtime@MilesClientRuntime53@@U?$default_delete@UState@Runtime@MilesClientRuntime53@@@std@@$00@std@@QEAA@PEAUState@Runtime@MilesClientRuntime53@@@Z
B96 00000000 SECT342 notype       Static      | .pdata
    Section length    C, #relocs    3, #linenums    0, checksum 205670FA, selection    5 (pick associative Section 0x58)
B98 00000000 SECT342 notype       Static      | $pdata$??0?$_Unique_ptr_base@UState@Runtime@MilesClientRuntime53@@U?$default_delete@UState@Runtime@MilesClientRuntime53@@@std@@$00@std@@QEAA@PEAUState@Runtime@MilesClientRuntime53@@@Z
B99 00000000 SECT343 notype       Static      | .xdata
    Section length    8, #relocs    0, #linenums    0, checksum C40886FB, selection    5 (pick associative Section 0x73)
B9B 00000000 SECT343 notype       Static      | $unwind$??0?$unique_ptr@UState@Runtime@MilesClientRuntime53@@U?$default_delete@UState@Runtime@MilesClientRuntime53@@@std@@@std@@QEAA@PEAUState@Runtime@MilesClientRuntime53@@@Z
B9C 00000000 SECT344 notype       Static      | .pdata
    Section length    C, #relocs    3, #linenums    0, checksum F3B36B4F, selection    5 (pick associative Section 0x73)
B9E 00000000 SECT344 notype       Static      | $pdata$??0?$unique_ptr@UState@Runtime@MilesClientRuntime53@@U?$default_delete@UState@Runtime@MilesClientRuntime53@@@std@@@std@@QEAA@PEAUState@Runtime@MilesClientRuntime53@@@Z
B9F 00000000 SECT345 notype       Static      | .xdata
    Section length    8, #relocs    0, #linenums    0, checksum 9C7880CC, selection    5 (pick associative Section 0x9E)
BA1 00000000 SECT345 notype       Static      | $unwind$??1?$unique_ptr@UState@Runtime@MilesClientRuntime53@@U?$default_delete@UState@Runtime@MilesClientRuntime53@@@std@@@std@@QEAA@XZ
BA2 00000000 SECT346 notype       Static      | .pdata
    Section length    C, #relocs    3, #linenums    0, checksum  B42549E, selection    5 (pick associative Section 0x9E)
BA4 00000000 SECT346 notype       Static      | $pdata$??1?$unique_ptr@UState@Runtime@MilesClientRuntime53@@U?$default_delete@UState@Runtime@MilesClientRuntime53@@@std@@@std@@QEAA@XZ
BA5 00000000 SECT347 notype       Static      | .xdata
    Section length    8, #relocs    0, #linenums    0, checksum 9C7880CC, selection    5 (pick associative Section 0xBD)
BA7 00000000 SECT347 notype       Static      | $unwind$??C?$unique_ptr@UState@Runtime@MilesClientRuntime53@@U?$default_delete@UState@Runtime@MilesClientRuntime53@@@std@@@std@@QEBAPEAUState@Runtime@MilesClientRuntime53@@XZ
BA8 00000000 SECT348 notype       Static      | .pdata
    Section length    C, #relocs    3, #linenums    0, checksum F9766256, selection    5 (pick associative Section 0xBD)
BAA 00000000 SECT348 notype       Static      | $pdata$??C?$unique_ptr@UState@Runtime@MilesClientRuntime53@@U?$default_delete@UState@Runtime@MilesClientRuntime53@@@std@@@std@@QEBAPEAUState@Runtime@MilesClientRuntime53@@XZ
BAB 00000000 SECT349 notype       Static      | .xdata
    Section length    8, #relocs    0, #linenums    0, checksum D4AF4BEC, selection    5 (pick associative Section 0x154)
BAD 00000000 SECT349 notype       Static      | $unwind$?release@?$unique_ptr@UState@Runtime@MilesClientRuntime53@@U?$default_delete@UState@Runtime@MilesClientRuntime53@@@std@@@std@@QEAAPEAUState@Runtime@MilesClientRuntime53@@XZ
BAE 00000000 SECT34A notype       Static      | .pdata
    Section length    C, #relocs    3, #linenums    0, checksum 68B67E9E, selection    5 (pick associative Section 0x154)
BB0 00000000 SECT34A notype       Static      | $pdata$?release@?$unique_ptr@UState@Runtime@MilesClientRuntime53@@U?$default_delete@UState@Runtime@MilesClientRuntime53@@@std@@@std@@QEAAPEAUState@Runtime@MilesClientRuntime53@@XZ
BB1 00000000 SECT34B notype       Static      | .xdata
    Section length    8, #relocs    0, #linenums    0, checksum C40886FB, selection    5 (pick associative Section 0x7)
BB3 00000000 SECT34B notype       Static      | $unwind$??$?0UTicket@?A0xabeb220a@MilesClientRuntime53@@@?$shared_ptr@UTicket@?A0xabeb220a@MilesClientRuntime53@@@std@@QEAA@PEAUTicket@?A0xabeb220a@MilesClientRuntime53@@@Z
BB4 00000000 SECT34C notype       Static      | .pdata
    Section length    C, #relocs    3, #linenums    0, checksum 496753E3, selection    5 (pick associative Section 0x7)
BB6 00000000 SECT34C notype       Static      | $pdata$??$?0UTicket@?A0xabeb220a@MilesClientRuntime53@@@?$shared_ptr@UTicket@?A0xabeb220a@MilesClientRuntime53@@@std@@QEAA@PEAUTicket@?A0xabeb220a@MilesClientRuntime53@@@Z
BB7 00000000 SECT34D notype       Static      | .xdata
    Section length    8, #relocs    0, #linenums    0, checksum C40886FB, selection    5 (pick associative Section 0x20)
BB9 00000000 SECT34D notype       Static      | $unwind$??$_Reset@$$CBX@?$_Ptr_base@$$CBX@std@@QEAAXAEBV01@@Z
BBA 00000000 SECT34E notype       Static      | .pdata
    Section length    C, #relocs    3, #linenums    0, checksum ECFC7064, selection    5 (pick associative Section 0x20)
BBC 00000000 SECT34E notype       Static      | $pdata$??$_Reset@$$CBX@?$_Ptr_base@$$CBX@std@@QEAAXAEBV01@@Z
BBD 00000000 SECT34F notype       Static      | .xdata
    Section length    8, #relocs    0, #linenums    0, checksum C40886FB, selection    5 (pick associative Section 0x23)
BBF 00000000 SECT34F notype       Static      | $unwind$??$_Reset@X@?$_Ptr_base@X@std@@QEAAXAEBV01@@Z
BC0 00000000 SECT350 notype       Static      | .pdata
    Section length    C, #relocs    3, #linenums    0, checksum ECFC7064, selection    5 (pick associative Section 0x23)
BC2 00000000 SECT350 notype       Static      | $pdata$??$_Reset@X@?$_Ptr_base@X@std@@QEAAXAEBV01@@Z
BC3 00000000 SECT351 notype       Static      | .xdata
    Section length    8, #relocs    0, #linenums    0, checksum FC45C01B, selection    5 (pick associative Section 0xA)
BC5 00000000 SECT351 notype       Static      | $unwind$??$?9V?$allocator@UHandle@MilesWire@@@std@@V01@@std@@YA_NAEBU?$_Wrap_alloc@V?$allocator@UHandle@MilesWire@@@std@@@0@0@Z
BC6 00000000 SECT352 notype       Static      | .pdata
    Section length    C, #relocs    3, #linenums    0, checksum 299DC2ED, selection    5 (pick associative Section 0xA)
BC8 00000000 SECT352 notype       Static      | $pdata$??$?9V?$allocator@UHandle@MilesWire@@@std@@V01@@std@@YA_NAEBU?$_Wrap_alloc@V?$allocator@UHandle@MilesWire@@@std@@@0@0@Z
BC9 00000000 SECT353 notype       Static      | .xdata
    Section length    8, #relocs    0, #linenums    0, checksum 583FB257, selection    5 (pick associative Section 0xE)
BCB 00000000 SECT353 notype       Static      | $unwind$??$_Copy_impl@PEAUHandle@MilesWire@@PEAU12@@std@@YAPEAUHandle@MilesWire@@PEAU12@00@Z
BCC 00000000 SECT354 notype       Static      | .pdata
    Section length    C, #relocs    3, #linenums    0, checksum 617DCC89, selection    5 (pick associative Section 0xE)
BCE 00000000 SECT354 notype       Static      | $pdata$??$_Copy_impl@PEAUHandle@MilesWire@@PEAU12@@std@@YAPEAUHandle@MilesWire@@PEAU12@00@Z
BCF 00000000 SECT355 notype       Static      | .xdata
    Section length    8, #relocs    0, #linenums    0, checksum 8D3961AC, selection    5 (pick associative Section 0x2A)
BD1 00000000 SECT355 notype       Static      | $unwind$??$_Ucopy@PEAUHandle@MilesWire@@@?$vector@UHandle@MilesWire@@V?$allocator@UHandle@MilesWire@@@std@@@std@@IEAAPEAUHandle@MilesWire@@PEAU23@00@Z
BD2 00000000 SECT356 notype       Static      | .pdata
    Section length    C, #relocs    3, #linenums    0, checksum 617DCC89, selection    5 (pick associative Section 0x2A)
BD4 00000000 SECT356 notype       Static      | $pdata$??$_Ucopy@PEAUHandle@MilesWire@@@?$vector@UHandle@MilesWire@@V?$allocator@UHandle@MilesWire@@@std@@@std@@IEAAPEAUHandle@MilesWire@@PEAU23@00@Z
BD5 00000000 SECT357 notype       Static      | .xdata
    Section length    8, #relocs    0, #linenums    0, checksum C40886FB, selection    5 (pick associative Section 0x21)
BD7 00000000 SECT357 notype       Static      | $unwind$??$_Reset@UFileSessionContext@MilesFileOwner36@@@?$_Ptr_base@UFileSessionContext@MilesFileOwner36@@@std@@QEAAXAEBV01@@Z
BD8 00000000 SECT358 notype       Static      | .pdata
    Section length    C, #relocs    3, #linenums    0, checksum ECFC7064, selection    5 (pick associative Section 0x21)
BDA 00000000 SECT358 notype       Static      | $pdata$??$_Reset@UFileSessionContext@MilesFileOwner36@@@?$_Ptr_base@UFileSessionContext@MilesFileOwner36@@@std@@QEAAXAEBV01@@Z
BDB 00000000 SECT359 notype       Static      | .xdata
    Section length    8, #relocs    0, #linenums    0, checksum 9C7880CC, selection    5 (pick associative Section 0x151)
BDD 00000000 SECT359 notype       Static      | $unwind$?pointer_to@?$pointer_traits@PEAUState@Runtime@MilesClientRuntime53@@@std@@SAPEAUState@Runtime@MilesClientRuntime53@@AEAU345@@Z
BDE 00000000 SECT35A notype       Static      | .pdata
    Section length    C, #relocs    3, #linenums    0, checksum AF5E2A9E, selection    5 (pick associative Section 0x151)
BE0 00000000 SECT35A notype       Static      | $pdata$?pointer_to@?$pointer_traits@PEAUState@Runtime@MilesClientRuntime53@@@std@@SAPEAUState@Runtime@MilesClientRuntime53@@AEAU345@@Z
BE1 00000000 SECT35B notype       Static      | .xdata
    Section length    8, #relocs    0, #linenums    0, checksum 6072F4B7, selection    5 (pick associative Section 0x32)
BE3 00000000 SECT35B notype       Static      | $unwind$??$construct@PEADAEAPEAD@?$_Wrap_alloc@V?$allocator@D@std@@@std@@QEAAXPEAPEADAEAPEAD@Z
BE4 00000000 SECT35C notype       Static      | .pdata
    Section length    C, #relocs    3, #linenums    0, checksum  1875D87, selection    5 (pick associative Section 0x32)
BE6 00000000 SECT35C notype       Static      | $pdata$??$construct@PEADAEAPEAD@?$_Wrap_alloc@V?$allocator@D@std@@@std@@QEAAXPEAPEADAEAPEAD@Z
BE7 00000000 SECT35D notype       Static      | .xdata
    Section length    8, #relocs    0, #linenums    0, checksum C40886FB, selection    5 (pick associative Section 0x3E)
BE9 00000000 SECT35D notype       Static      | $unwind$??$destroy@PEAD@?$_Wrap_alloc@V?$allocator@D@std@@@std@@QEAAXPEAPEAD@Z
BEA 00000000 SECT35E notype       Static      | .pdata
    Section length    C, #relocs    3, #linenums    0, checksum BB53652B, selection    5 (pick associative Section 0x3E)
BEC 00000000 SECT35E notype       Static      | $pdata$??$destroy@PEAD@?$_Wrap_alloc@V?$allocator@D@std@@@std@@QEAAXPEAPEAD@Z
BED 00000000 SECT35F notype       Static      | .xdata
    Section length    8, #relocs    0, #linenums    0, checksum 583FB257, selection    5 (pick associative Section 0x16)
BEF 00000000 SECT35F notype       Static      | $unwind$??$_Destroy_range@U?$_Wrap_alloc@V?$allocator@UHandle@MilesWire@@@std@@@std@@@std@@YAXPEAUHandle@MilesWire@@0AEAU?$_Wrap_alloc@V?$allocator@UHandle@MilesWire@@@std@@@0@@Z
BF0 00000000 SECT360 notype       Static      | .pdata
    Section length    C, #relocs    3, #linenums    0, checksum 617DCC89, selection    5 (pick associative Section 0x16)
BF2 00000000 SECT360 notype       Static      | $pdata$??$_Destroy_range@U?$_Wrap_alloc@V?$allocator@UHandle@MilesWire@@@std@@@std@@@std@@YAXPEAUHandle@MilesWire@@0AEAU?$_Wrap_alloc@V?$allocator@UHandle@MilesWire@@@std@@@0@@Z
BF3 00000000 SECT361 notype       Static      | .xdata
    Section length    8, #relocs    0, #linenums    0, checksum C40886FB, selection    5 (pick associative Section 0x22)
BF5 00000000 SECT361 notype       Static      | $unwind$??$_Reset@UTicket@?A0xabeb220a@MilesClientRuntime53@@@?$_Ptr_base@UTicket@?A0xabeb220a@MilesClientRuntime53@@@std@@QEAAXAEBV01@@Z
BF6 00000000 SECT362 notype       Static      | .pdata
    Section length    C, #relocs    3, #linenums    0, checksum ECFC7064, selection    5 (pick associative Section 0x22)
BF8 00000000 SECT362 notype       Static      | $pdata$??$_Reset@UTicket@?A0xabeb220a@MilesClientRuntime53@@@?$_Ptr_base@UTicket@?A0xabeb220a@MilesClientRuntime53@@@std@@QEAAXAEBV01@@Z
BF9 00000000 SECT363 notype       Static      | .xdata
    Section length    8, #relocs    0, #linenums    0, checksum 6072F4B7, selection    5 (pick associative Section 0x130)
BFB 00000000 SECT363 notype       Static      | $unwind$?deallocate@?$allocator@U_Container_proxy@std@@@std@@QEAAXPEAU_Container_proxy@2@_K@Z
BFC 00000000 SECT364 notype       Static      | .pdata
    Section length    C, #relocs    3, #linenums    0, checksum BB53652B, selection    5 (pick associative Section 0x130)
BFE 00000000 SECT364 notype       Static      | $pdata$?deallocate@?$allocator@U_Container_proxy@std@@@std@@QEAAXPEAU_Container_proxy@2@_K@Z
BFF 00000000 SECT365 notype       Static      | .xdata
    Section length    8, #relocs    0, #linenums    0, checksum C40886FB, selection    5 (pick associative Section 0x11C)
C01 00000000 SECT365 notype       Static      | $unwind$?allocate@?$allocator@U_Container_proxy@std@@@std@@QEAAPEAU_Container_proxy@2@_K@Z
C02 00000000 SECT366 notype       Static      | .pdata
    Section length    C, #relocs    3, #linenums    0, checksum A59B2387, selection    5 (pick associative Section 0x11C)
C04 00000000 SECT366 notype       Static      | $pdata$?allocate@?$allocator@U_Container_proxy@std@@@std@@QEAAPEAU_Container_proxy@2@_K@Z
C05 00000000 SECT367 notype       Static      | .xdata
    Section length   14, #relocs    2, #linenums    0, checksum 8FE21865, selection    5 (pick associative Section 0x3B)
C07 00000000 SECT367 notype       Static      | $unwind$??$construct@U_Container_proxy@std@@U12@@?$allocator@U_Container_proxy@std@@@std@@QEAAXPEAU_Container_proxy@1@$$QEAU21@@Z
C08 00000000 SECT368 notype       Static      | .pdata
    Section length    C, #relocs    3, #linenums    0, checksum B31F8ABB, selection    5 (pick associative Section 0x3B)
C0A 00000000 SECT368 notype       Static      | $pdata$??$construct@U_Container_proxy@std@@U12@@?$allocator@U_Container_proxy@std@@@std@@QEAAXPEAU_Container_proxy@1@$$QEAU21@@Z
C0B 00000000 SECT369 notype       Static      | .rdata
    Section length   28, #relocs    2, #linenums    0, checksum E5275579, selection    5 (pick associative Section 0x3B)
C0D 00000000 SECT369 notype       Static      | $cppxdata$??$construct@U_Container_proxy@std@@U12@@?$allocator@U_Container_proxy@std@@@std@@QEAAXPEAU_Container_proxy@1@$$QEAU21@@Z
C0E 00000000 SECT36A notype       Static      | .xdata
    Section length    8, #relocs    1, #linenums    0, checksum 9ADD2096, selection    5 (pick associative Section 0x3B)
C10 00000000 SECT36A notype       Static      | $stateUnwindMap$??$construct@U_Container_proxy@std@@U12@@?$allocator@U_Container_proxy@std@@@std@@QEAAXPEAU_Container_proxy@1@$$QEAU21@@Z
C11 00000000 SECT36B notype       Static      | .xdata
    Section length   18, #relocs    3, #linenums    0, checksum B65CB2FC, selection    5 (pick associative Section 0x3B)
C13 00000000 SECT36B notype       Static      | $ip2state$??$construct@U_Container_proxy@std@@U12@@?$allocator@U_Container_proxy@std@@@std@@QEAAXPEAU_Container_proxy@1@$$QEAU21@@Z
C14 00000000 SECT36C notype       Static      | .xdata
    Section length    8, #relocs    0, #linenums    0, checksum B96BC9FB, selection    5 (pick associative Section 0x3B)
C16 00000000 SECT36C notype       Static      | $unwind$?dtor$0@?0???$construct@U_Container_proxy@std@@U12@@?$allocator@U_Container_proxy@std@@@std@@QEAAXPEAU_Container_proxy@1@$$QEAU21@@Z@4HA
C17 00000000 SECT36D notype       Static      | .pdata
    Section length    C, #relocs    3, #linenums    0, checksum 2B142464, selection    5 (pick associative Section 0x3B)
C19 00000000 SECT36D notype       Static      | $pdata$?dtor$0@?0???$construct@U_Container_proxy@std@@U12@@?$allocator@U_Container_proxy@std@@@std@@QEAAXPEAU_Container_proxy@1@$$QEAU21@@Z@4HA
C1A 00000000 SECT36E notype       Static      | .xdata
    Section length    8, #relocs    0, #linenums    0, checksum 9C7880CC, selection    5 (pick associative Section 0x62)
C1C 00000000 SECT36E notype       Static      | $unwind$??0?$_Wrap_alloc@V?$allocator@U_Container_proxy@std@@@std@@@std@@QEAA@XZ
C1D 00000000 SECT36F notype       Static      | .pdata
    Section length    C, #relocs    3, #linenums    0, checksum E7BE24FA, selection    5 (pick associative Section 0x62)
C1F 00000000 SECT36F notype       Static      | $pdata$??0?$_Wrap_alloc@V?$allocator@U_Container_proxy@std@@@std@@@std@@QEAA@XZ
C20 00000000 SECT370 notype       Static      | .xdata
    Section length    8, #relocs    0, #linenums    0, checksum C40886FB, selection    5 (pick associative Section 0x119)
C22 00000000 SECT370 notype       Static      | $unwind$?allocate@?$_Wrap_alloc@V?$allocator@U_Container_proxy@std@@@std@@@std@@QEAAPEAU_Container_proxy@2@_K@Z
C23 00000000 SECT371 notype       Static      | .pdata
    Section length    C, #relocs    3, #linenums    0, checksum BB53652B, selection    5 (pick associative Section 0x119)
C25 00000000 SECT371 notype       Static      | $pdata$?allocate@?$_Wrap_alloc@V?$allocator@U_Container_proxy@std@@@std@@@std@@QEAAPEAU_Container_proxy@2@_K@Z
C26 00000000 SECT372 notype       Static      | .xdata
    Section length    8, #relocs    0, #linenums    0, checksum 6072F4B7, selection    5 (pick associative Section 0x12C)
C28 00000000 SECT372 notype       Static      | $unwind$?deallocate@?$_Wrap_alloc@V?$allocator@U_Container_proxy@std@@@std@@@std@@QEAAXPEAU_Container_proxy@2@_K@Z
C29 00000000 SECT373 notype       Static      | .pdata
    Section length    C, #relocs    3, #linenums    0, checksum AED97719, selection    5 (pick associative Section 0x12C)
C2B 00000000 SECT373 notype       Static      | $pdata$?deallocate@?$_Wrap_alloc@V?$allocator@U_Container_proxy@std@@@std@@@std@@QEAAXPEAU_Container_proxy@2@_K@Z
C2C 00000000 SECT374 notype       Static      | .xdata
    Section length    8, #relocs    0, #linenums    0, checksum 6072F4B7, selection    5 (pick associative Section 0x3A)
C2E 00000000 SECT374 notype       Static      | $unwind$??$construct@U_Container_proxy@std@@U12@@?$_Wrap_alloc@V?$allocator@U_Container_proxy@std@@@std@@@std@@QEAAXPEAU_Container_proxy@1@$$QEAU21@@Z
C2F 00000000 SECT375 notype       Static      | .pdata
    Section length    C, #relocs    3, #linenums    0, checksum  1875D87, selection    5 (pick associative Section 0x3A)
C31 00000000 SECT375 notype       Static      | $pdata$??$construct@U_Container_proxy@std@@U12@@?$_Wrap_alloc@V?$allocator@U_Container_proxy@std@@@std@@@std@@QEAAXPEAU_Container_proxy@1@$$QEAU21@@Z
C32 00000000 SECT376 notype       Static      | .xdata
    Section length    8, #relocs    0, #linenums    0, checksum C40886FB, selection    5 (pick associative Section 0x44)
C34 00000000 SECT376 notype       Static      | $unwind$??$destroy@U_Container_proxy@std@@@?$_Wrap_alloc@V?$allocator@U_Container_proxy@std@@@std@@@std@@QEAAXPEAU_Container_proxy@1@@Z
C35 00000000 SECT377 notype       Static      | .pdata
    Section length    C, #relocs    3, #linenums    0, checksum BB53652B, selection    5 (pick associative Section 0x44)
C37 00000000 SECT377 notype       Static      | $pdata$??$destroy@U_Container_proxy@std@@@?$_Wrap_alloc@V?$allocator@U_Container_proxy@std@@@std@@@std@@QEAAXPEAU_Container_proxy@1@@Z
C38 00000000 SECT378 notype       Static      | .xdata
    Section length    8, #relocs    0, #linenums    0, checksum 583FB257, selection    5 (pick associative Section 0x14)
C3A 00000000 SECT378 notype       Static      | $unwind$??$_Destroy_range@U?$_Wrap_alloc@V?$allocator@E@std@@@std@@@std@@YAXPEAE0AEAU?$_Wrap_alloc@V?$allocator@E@std@@@0@@Z
C3B 00000000 SECT379 notype       Static      | .pdata
    Section length    C, #relocs    3, #linenums    0, checksum 617DCC89, selection    5 (pick associative Section 0x14)
C3D 00000000 SECT379 notype       Static      | $pdata$??$_Destroy_range@U?$_Wrap_alloc@V?$allocator@E@std@@@std@@@std@@YAXPEAE0AEAU?$_Wrap_alloc@V?$allocator@E@std@@@0@@Z
C3E 00000000 SECT37A notype       Static      | .xdata
    Section length    8, #relocs    0, #linenums    0, checksum FC45C01B, selection    5 (pick associative Section 0x4D)
C40 00000000 SECT37A notype       Static      | $unwind$??$swap@PEAV_Ref_count_base@std@@@std@@YAXAEAPEAV_Ref_count_base@0@0@Z
C41 00000000 SECT37B notype       Static      | .pdata
    Section length    C, #relocs    3, #linenums    0, checksum F0BDD041, selection    5 (pick associative Section 0x4D)
C43 00000000 SECT37B notype       Static      | $pdata$??$swap@PEAV_Ref_count_base@std@@@std@@YAXAEAPEAV_Ref_count_base@0@0@Z
C44 00000000 SECT37C notype       Static      | .xdata
    Section length    8, #relocs    0, #linenums    0, checksum FC45C01B, selection    5 (pick associative Section 0x4E)
C46 00000000 SECT37C notype       Static      | $unwind$??$swap@PEAX@std@@YAXAEAPEAX0@Z
C47 00000000 SECT37D notype       Static      | .pdata
    Section length    C, #relocs    3, #linenums    0, checksum F0BDD041, selection    5 (pick associative Section 0x4E)
C49 00000000 SECT37D notype       Static      | $pdata$??$swap@PEAX@std@@YAXAEAPEAX0@Z
C4A 00000000 SECT37E notype       Static      | .xdata
    Section length    8, #relocs    0, #linenums    0, checksum FC45C01B, selection    5 (pick associative Section 0x4C)
C4C 00000000 SECT37E notype       Static      | $unwind$??$swap@PEAUTicket@?A0xabeb220a@MilesClientRuntime53@@@std@@YAXAEAPEAUTicket@?A0xabeb220a@MilesClientRuntime53@@0@Z
C4D 00000000 SECT37F notype       Static      | .pdata
    Section length    C, #relocs    3, #linenums    0, checksum F0BDD041, selection    5 (pick associative Section 0x4C)
C4F 00000000 SECT37F notype       Static      | $pdata$??$swap@PEAUTicket@?A0xabeb220a@MilesClientRuntime53@@@std@@YAXAEAPEAUTicket@?A0xabeb220a@MilesClientRuntime53@@0@Z
C50 00000000 SECT380 notype       Static      | .xdata
    Section length    8, #relocs    0, #linenums    0, checksum FC45C01B, selection    5 (pick associative Section 0xC)
C52 00000000 SECT380 notype       Static      | $unwind$??$_Allocate@UHandle@MilesWire@@@std@@YAPEAUHandle@MilesWire@@_KPEAU12@@Z
C53 00000000 SECT381 notype       Static      | .pdata
    Section length    C, #relocs    3, #linenums    0, checksum  289E689, selection    5 (pick associative Section 0xC)
C55 00000000 SECT381 notype       Static      | $pdata$??$_Allocate@UHandle@MilesWire@@@std@@YAPEAUHandle@MilesWire@@_KPEAU12@@Z
C56 00000000 SECT382 notype       Static      | .xdata
    Section length    8, #relocs    0, #linenums    0, checksum FC45C01B, selection    5 (pick associative Section 0xD)
C58 00000000 SECT382 notype       Static      | $unwind$??$_Allocate@U_Container_proxy@std@@@std@@YAPEAU_Container_proxy@0@_KPEAU10@@Z
C59 00000000 SECT383 notype       Static      | .pdata
    Section length    C, #relocs    3, #linenums    0, checksum  289E689, selection    5 (pick associative Section 0xD)
C5B 00000000 SECT383 notype       Static      | $pdata$??$_Allocate@U_Container_proxy@std@@@std@@YAPEAU_Container_proxy@0@_KPEAU10@@Z
C5C 00000000 SECT384 notype       Static      | .xdata
    Section length    8, #relocs    0, #linenums    0, checksum FC45C01B, selection    5 (pick associative Section 0xB)
C5E 00000000 SECT384 notype       Static      | $unwind$??$_Allocate@D@std@@YAPEAD_KPEAD@Z
C5F 00000000 SECT385 notype       Static      | .pdata
    Section length    C, #relocs    3, #linenums    0, checksum F0BDD041, selection    5 (pick associative Section 0xB)
C61 00000000 SECT385 notype       Static      | $pdata$??$_Allocate@D@std@@YAPEAD_KPEAD@Z
C62 00000000 SECT386 notype       Static      | .xdata
    Section length    8, #relocs    0, #linenums    0, checksum  FC539D1, selection    5 (pick associative Section 0xCE)
C64 00000000 SECT386 notype       Static      | $unwind$??__E?_Generic_object@?$_Error_objects@H@std@@2V_Generic_error_category@2@A@@YAXXZ
C65 00000000 SECT387 notype       Static      | .pdata
    Section length    C, #relocs    3, #linenums    0, checksum 35DC62C8, selection    5 (pick associative Section 0xCE)
C67 00000000 SECT387 notype       Static      | $pdata$??__E?_Generic_object@?$_Error_objects@H@std@@2V_Generic_error_category@2@A@@YAXXZ
C68 00000000 SECT388 notype       Static      | .xdata
    Section length    8, #relocs    0, #linenums    0, checksum  FC539D1, selection    5 (pick associative Section 0xD9)
C6A 00000000 SECT388 notype       Static      | $unwind$??__F?_Generic_object@?$_Error_objects@H@std@@2V_Generic_error_category@2@A@@YAXXZ
C6B 00000000 SECT389 notype       Static      | .pdata
    Section length    C, #relocs    3, #linenums    0, checksum 345B3F4F, selection    5 (pick associative Section 0xD9)
C6D 00000000 SECT389 notype       Static      | $pdata$??__F?_Generic_object@?$_Error_objects@H@std@@2V_Generic_error_category@2@A@@YAXXZ
C6E 00000000 SECT38A notype       Static      | .xdata
    Section length    8, #relocs    0, #linenums    0, checksum  FC539D1, selection    5 (pick associative Section 0xCF)
C70 00000000 SECT38A notype       Static      | $unwind$??__E?_Iostream_object@?$_Error_objects@H@std@@2V_Iostream_error_category@2@A@@YAXXZ
C71 00000000 SECT38B notype       Static      | .pdata
    Section length    C, #relocs    3, #linenums    0, checksum 35DC62C8, selection    5 (pick associative Section 0xCF)
C73 00000000 SECT38B notype       Static      | $pdata$??__E?_Iostream_object@?$_Error_objects@H@std@@2V_Iostream_error_category@2@A@@YAXXZ
C74 00000000 SECT38C notype       Static      | .xdata
    Section length    8, #relocs    0, #linenums    0, checksum  FC539D1, selection    5 (pick associative Section 0xDA)
C76 00000000 SECT38C notype       Static      | $unwind$??__F?_Iostream_object@?$_Error_objects@H@std@@2V_Iostream_error_category@2@A@@YAXXZ
C77 00000000 SECT38D notype       Static      | .pdata
    Section length    C, #relocs    3, #linenums    0, checksum 345B3F4F, selection    5 (pick associative Section 0xDA)
C79 00000000 SECT38D notype       Static      | $pdata$??__F?_Iostream_object@?$_Error_objects@H@std@@2V_Iostream_error_category@2@A@@YAXXZ
C7A 00000000 SECT38E notype       Static      | .xdata
    Section length    8, #relocs    0, #linenums    0, checksum  FC539D1, selection    5 (pick associative Section 0xD0)
C7C 00000000 SECT38E notype       Static      | $unwind$??__E?_System_object@?$_Error_objects@H@std@@2V_System_error_category@2@A@@YAXXZ
C7D 00000000 SECT38F notype       Static      | .pdata
    Section length    C, #relocs    3, #linenums    0, checksum 35DC62C8, selection    5 (pick associative Section 0xD0)
C7F 00000000 SECT38F notype       Static      | $pdata$??__E?_System_object@?$_Error_objects@H@std@@2V_System_error_category@2@A@@YAXXZ
C80 00000000 SECT390 notype       Static      | .xdata
    Section length    8, #relocs    0, #linenums    0, checksum  FC539D1, selection    5 (pick associative Section 0xDB)
C82 00000000 SECT390 notype       Static      | $unwind$??__F?_System_object@?$_Error_objects@H@std@@2V_System_error_category@2@A@@YAXXZ
C83 00000000 SECT391 notype       Static      | .pdata
    Section length    C, #relocs    3, #linenums    0, checksum 345B3F4F, selection    5 (pick associative Section 0xDB)
C85 00000000 SECT391 notype       Static      | $pdata$??__F?_System_object@?$_Error_objects@H@std@@2V_System_error_category@2@A@@YAXXZ
C86 00000000 SECT392 notype       Static      | .xdata
    Section length    8, #relocs    0, #linenums    0, checksum C40886FB, selection    5 (pick associative Section 0x6)
C88 00000000 SECT392 notype       Static      | $unwind$??$?0UFileSessionContext@MilesFileOwner36@@@?$shared_ptr@UFileSessionContext@MilesFileOwner36@@@std@@QEAA@PEAUFileSessionContext@MilesFileOwner36@@@Z
C89 00000000 SECT393 notype       Static      | .pdata
    Section length    C, #relocs    3, #linenums    0, checksum 496753E3, selection    5 (pick associative Section 0x6)
C8B 00000000 SECT393 notype       Static      | $pdata$??$?0UFileSessionContext@MilesFileOwner36@@@?$shared_ptr@UFileSessionContext@MilesFileOwner36@@@std@@QEAA@PEAUFileSessionContext@MilesFileOwner36@@@Z
C8C 00000000 SECT394 notype       Static      | .xdata
    Section length   10, #relocs    2, #linenums    0, checksum EF58881B, selection    5 (pick associative Section 0x28)
C8E 00000000 SECT394 notype       Static      | $unwind$??$_Resetp@UTicket@?A0xabeb220a@MilesClientRuntime53@@@?$shared_ptr@UTicket@?A0xabeb220a@MilesClientRuntime53@@@std@@AEAAXPEAUTicket@?A0xabeb220a@MilesClientRuntime53@@@Z
C8F 00000000 SECT395 notype       Static      | .pdata
    Section length    C, #relocs    3, #linenums    0, checksum 2F80B4F1, selection    5 (pick associative Section 0x28)
C91 00000000 SECT395 notype       Static      | $pdata$??$_Resetp@UTicket@?A0xabeb220a@MilesClientRuntime53@@@?$shared_ptr@UTicket@?A0xabeb220a@MilesClientRuntime53@@@std@@AEAAXPEAUTicket@?A0xabeb220a@MilesClientRuntime53@@@Z
C92 00000000 SECT396 notype       Static      | .rdata
    Section length   28, #relocs    3, #linenums    0, checksum 1B0BC67B, selection    5 (pick associative Section 0x28)
C94 00000000 SECT396 notype       Static      | $cppxdata$??$_Resetp@UTicket@?A0xabeb220a@MilesClientRuntime53@@@?$shared_ptr@UTicket@?A0xabeb220a@MilesClientRuntime53@@@std@@AEAAXPEAUTicket@?A0xabeb220a@MilesClientRuntime53@@@Z
C95 00000000 SECT397 notype       Static      | .xdata
    Section length   18, #relocs    1, #linenums    0, checksum C6E31549, selection    5 (pick associative Section 0x28)
C97 00000000 SECT397 notype       Static      | $stateUnwindMap$??$_Resetp@UTicket@?A0xabeb220a@MilesClientRuntime53@@@?$shared_ptr@UTicket@?A0xabeb220a@MilesClientRuntime53@@@std@@AEAAXPEAUTicket@?A0xabeb220a@MilesClientRuntime53@@@Z
C98 00000000 SECT398 notype       Static      | .xdata
    Section length   14, #relocs    1, #linenums    0, checksum 8EF90F90, selection    5 (pick associative Section 0x28)
C9A 00000000 SECT398 notype       Static      | $tryMap$??$_Resetp@UTicket@?A0xabeb220a@MilesClientRuntime53@@@?$shared_ptr@UTicket@?A0xabeb220a@MilesClientRuntime53@@@std@@AEAAXPEAUTicket@?A0xabeb220a@MilesClientRuntime53@@@Z
C9B 00000000 SECT399 notype       Static      | .xdata
    Section length   14, #relocs    1, #linenums    0, checksum   677058, selection    5 (pick associative Section 0x28)
C9D 00000000 SECT399 notype       Static      | $handlerMap$0$??$_Resetp@UTicket@?A0xabeb220a@MilesClientRuntime53@@@?$shared_ptr@UTicket@?A0xabeb220a@MilesClientRuntime53@@@std@@AEAAXPEAUTicket@?A0xabeb220a@MilesClientRuntime53@@@Z
C9E 00000000 SECT39A notype       Static      | .xdata
    Section length   40, #relocs    8, #linenums    0, checksum 9DA36A35, selection    5 (pick associative Section 0x28)
CA0 00000000 SECT39A notype       Static      | $ip2state$??$_Resetp@UTicket@?A0xabeb220a@MilesClientRuntime53@@@?$shared_ptr@UTicket@?A0xabeb220a@MilesClientRuntime53@@@std@@AEAAXPEAUTicket@?A0xabeb220a@MilesClientRuntime53@@@Z
CA1 00000000 SECT39B notype       Static      | .xdata
    Section length    8, #relocs    0, #linenums    0, checksum B96BC9FB, selection    5 (pick associative Section 0x28)
CA3 00000000 SECT39B notype       Static      | $unwind$?dtor$0@?0???$_Resetp@UTicket@?A0xabeb220a@MilesClientRuntime53@@@?$shared_ptr@UTicket@?A0xabeb220a@MilesClientRuntime53@@@std@@AEAAXPEAUTicket@?A0xabeb220a@MilesClientRuntime53@@@Z@4HA
CA4 00000000 SECT39C notype       Static      | .pdata
    Section length    C, #relocs    3, #linenums    0, checksum AF5E2A9E, selection    5 (pick associative Section 0x28)
CA6 00000000 SECT39C notype       Static      | $pdata$?dtor$0@?0???$_Resetp@UTicket@?A0xabeb220a@MilesClientRuntime53@@@?$shared_ptr@UTicket@?A0xabeb220a@MilesClientRuntime53@@@std@@AEAAXPEAUTicket@?A0xabeb220a@MilesClientRuntime53@@@Z@4HA
CA7 00000000 SECT39D notype       Static      | .xdata
    Section length   10, #relocs    2, #linenums    0, checksum 5840A276, selection    5 (pick associative Section 0x28)
CA9 00000000 SECT39D notype       Static      | $unwind$?catch$0@?0???$_Resetp@UTicket@?A0xabeb220a@MilesClientRuntime53@@@?$shared_ptr@UTicket@?A0xabeb220a@MilesClientRuntime53@@@std@@AEAAXPEAUTicket@?A0xabeb220a@MilesClientRuntime53@@@Z@4HA
CAA 00000000 SECT39E notype       Static      | .pdata
    Section length    C, #relocs    3, #linenums    0, checksum  84CEF90, selection    5 (pick associative Section 0x28)
CAC 00000000 SECT39E notype       Static      | $pdata$?catch$0@?0???$_Resetp@UTicket@?A0xabeb220a@MilesClientRuntime53@@@?$shared_ptr@UTicket@?A0xabeb220a@MilesClientRuntime53@@@std@@AEAAXPEAUTicket@?A0xabeb220a@MilesClientRuntime53@@@Z@4HA
CAD 00000000 SECT39F notype       Static      | .xdata
    Section length    8, #relocs    0, #linenums    0, checksum FC45C01B, selection    5 (pick associative Section 0x9)
CAF 00000000 SECT39F notype       Static      | $unwind$??$?8V?$allocator@UHandle@MilesWire@@@std@@V01@@std@@YA_NAEBU?$_Wrap_alloc@V?$allocator@UHandle@MilesWire@@@std@@@0@0@Z
CB0 00000000 SECT3A0 notype       Static      | .pdata
    Section length    C, #relocs    3, #linenums    0, checksum EFF2CB6A, selection    5 (pick associative Section 0x9)
CB2 00000000 SECT3A0 notype       Static      | $pdata$??$?8V?$allocator@UHandle@MilesWire@@@std@@V01@@std@@YA_NAEBU?$_Wrap_alloc@V?$allocator@UHandle@MilesWire@@@std@@@0@0@Z
CB3 00000000 SECT3A1 notype       Static      | .xdata
    Section length    8, #relocs    0, #linenums    0, checksum 8CDF4DDB, selection    5 (pick associative Section 0x1E)
CB5 00000000 SECT3A1 notype       Static      | $unwind$??$_Ptr_cat@UHandle@MilesWire@@U12@@std@@YA?AU_Nonscalar_ptr_iterator_tag@0@PEAUHandle@MilesWire@@0@Z
CB6 00000000 SECT3A2 notype       Static      | .pdata
    Section length    C, #relocs    3, #linenums    0, checksum 767E3832, selection    5 (pick associative Section 0x1E)
CB8 00000000 SECT3A2 notype       Static      | $pdata$??$_Ptr_cat@UHandle@MilesWire@@U12@@std@@YA?AU_Nonscalar_ptr_iterator_tag@0@PEAUHandle@MilesWire@@0@Z
CB9 00000000 SECT3A3 notype       Static      | .xdata
    Section length    8, #relocs    0, #linenums    0, checksum DEE8EF3E, selection    5 (pick associative Section 0xF)
CBB 00000000 SECT3A3 notype       Static      | $unwind$??$_Copy_impl@PEAUHandle@MilesWire@@PEAU12@@std@@YAPEAUHandle@MilesWire@@PEAU12@00U_Nonscalar_ptr_iterator_tag@0@@Z
CBC 00000000 SECT3A4 notype       Static      | .pdata
    Section length    C, #relocs    3, #linenums    0, checksum  84CEF90, selection    5 (pick associative Section 0xF)
CBE 00000000 SECT3A4 notype       Static      | $pdata$??$_Copy_impl@PEAUHandle@MilesWire@@PEAU12@@std@@YAPEAUHandle@MilesWire@@PEAU12@00U_Nonscalar_ptr_iterator_tag@0@@Z
CBF 00000000 SECT3A5 notype       Static      | .xdata
    Section length    8, #relocs    0, #linenums    0, checksum 8D3961AC, selection    5 (pick associative Section 0x2F)
CC1 00000000 SECT3A5 notype       Static      | $unwind$??$_Uninitialized_copy@PEAUHandle@MilesWire@@PEAU12@U?$_Wrap_alloc@V?$allocator@UHandle@MilesWire@@@std@@@std@@@std@@YAPEAUHandle@MilesWire@@PEAU12@00AEAU?$_Wrap_alloc@V?$allocator@UHandle@MilesWire@@@std@@@0@@Z
CC2 00000000 SECT3A6 notype       Static      | .pdata
    Section length    C, #relocs    3, #linenums    0, checksum EE7596ED, selection    5 (pick associative Section 0x2F)
CC4 00000000 SECT3A6 notype       Static      | $pdata$??$_Uninitialized_copy@PEAUHandle@MilesWire@@PEAU12@U?$_Wrap_alloc@V?$allocator@UHandle@MilesWire@@@std@@@std@@@std@@YAPEAUHandle@MilesWire@@PEAU12@00AEAU?$_Wrap_alloc@V?$allocator@UHandle@MilesWire@@@std@@@0@@Z
CC5 00000000 SECT3A7 notype       Static      | .xdata
    Section length    8, #relocs    0, #linenums    0, checksum 6072F4B7, selection    5 (pick associative Section 0x35)
CC7 00000000 SECT3A7 notype       Static      | $unwind$??$construct@PEADAEAPEAD@?$allocator_traits@V?$allocator@D@std@@@std@@SAXAEAV?$allocator@D@1@PEAPEADAEAPEAD@Z
CC8 00000000 SECT3A8 notype       Static      | .pdata
    Section length    C, #relocs    3, #linenums    0, checksum  1875D87, selection    5 (pick associative Section 0x35)
CCA 00000000 SECT3A8 notype       Static      | $pdata$??$construct@PEADAEAPEAD@?$allocator_traits@V?$allocator@D@std@@@std@@SAXAEAV?$allocator@D@1@PEAPEADAEAPEAD@Z
CCB 00000000 SECT3A9 notype       Static      | .xdata
    Section length    8, #relocs    0, #linenums    0, checksum C40886FB, selection    5 (pick associative Section 0x40)
CCD 00000000 SECT3A9 notype       Static      | $unwind$??$destroy@PEAD@?$allocator_traits@V?$allocator@D@std@@@std@@SAXAEAV?$allocator@D@1@PEAPEAD@Z
CCE 00000000 SECT3AA notype       Static      | .pdata
    Section length    C, #relocs    3, #linenums    0, checksum BB53652B, selection    5 (pick associative Section 0x40)
CD0 00000000 SECT3AA notype       Static      | $pdata$??$destroy@PEAD@?$allocator_traits@V?$allocator@D@std@@@std@@SAXAEAV?$allocator@D@1@PEAPEAD@Z
CD1 00000000 SECT3AB notype       Static      | .xdata
    Section length    8, #relocs    0, #linenums    0, checksum B574274C, selection    5 (pick associative Section 0x17)
CD3 00000000 SECT3AB notype       Static      | $unwind$??$_Destroy_range@U?$_Wrap_alloc@V?$allocator@UHandle@MilesWire@@@std@@@std@@@std@@YAXPEAUHandle@MilesWire@@0AEAU?$_Wrap_alloc@V?$allocator@UHandle@MilesWire@@@std@@@0@U_Nonscalar_ptr_iterator_tag@0@@Z
CD4 00000000 SECT3AC notype       Static      | .pdata
    Section length    C, #relocs    3, #linenums    0, checksum B85DDE25, selection    5 (pick associative Section 0x17)
CD6 00000000 SECT3AC notype       Static      | $pdata$??$_Destroy_range@U?$_Wrap_alloc@V?$allocator@UHandle@MilesWire@@@std@@@std@@@std@@YAXPEAUHandle@MilesWire@@0AEAU?$_Wrap_alloc@V?$allocator@UHandle@MilesWire@@@std@@@0@U_Nonscalar_ptr_iterator_tag@0@@Z
CD7 00000000 SECT3AD notype       Static      | .xdata
    Section length    8, #relocs    0, #linenums    0, checksum 6072F4B7, selection    5 (pick associative Section 0x3D)
CD9 00000000 SECT3AD notype       Static      | $unwind$??$construct@U_Container_proxy@std@@U12@@?$allocator_traits@V?$allocator@U_Container_proxy@std@@@std@@@std@@SAXAEAV?$allocator@U_Container_proxy@std@@@1@PEAU_Container_proxy@1@$$QEAU31@@Z
CDA 00000000 SECT3AE notype       Static      | .pdata
    Section length    C, #relocs    3, #linenums    0, checksum  1875D87, selection    5 (pick associative Section 0x3D)
CDC 00000000 SECT3AE notype       Static      | $pdata$??$construct@U_Container_proxy@std@@U12@@?$allocator_traits@V?$allocator@U_Container_proxy@std@@@std@@@std@@SAXAEAV?$allocator@U_Container_proxy@std@@@1@PEAU_Container_proxy@1@$$QEAU31@@Z
CDD 00000000 SECT3AF notype       Static      | .xdata
    Section length    8, #relocs    0, #linenums    0, checksum C40886FB, selection    5 (pick associative Section 0x46)
CDF 00000000 SECT3AF notype       Static      | $unwind$??$destroy@U_Container_proxy@std@@@?$allocator_traits@V?$allocator@U_Container_proxy@std@@@std@@@std@@SAXAEAV?$allocator@U_Container_proxy@std@@@1@PEAU_Container_proxy@1@@Z
CE0 00000000 SECT3B0 notype       Static      | .pdata
    Section length    C, #relocs    3, #linenums    0, checksum BB53652B, selection    5 (pick associative Section 0x46)
CE2 00000000 SECT3B0 notype       Static      | $pdata$??$destroy@U_Container_proxy@std@@@?$allocator_traits@V?$allocator@U_Container_proxy@std@@@std@@@std@@SAXAEAV?$allocator@U_Container_proxy@std@@@1@PEAU_Container_proxy@1@@Z
CE3 00000000 SECT3B1 notype       Static      | .xdata
    Section length    8, #relocs    0, #linenums    0, checksum 8CDF4DDB, selection    5 (pick associative Section 0x1D)
CE5 00000000 SECT3B1 notype       Static      | $unwind$??$_Ptr_cat@EE@std@@YA?AU_Scalar_ptr_iterator_tag@0@PEAE0@Z
CE6 00000000 SECT3B2 notype       Static      | .pdata
    Section length    C, #relocs    3, #linenums    0, checksum 767E3832, selection    5 (pick associative Section 0x1D)
CE8 00000000 SECT3B2 notype       Static      | $pdata$??$_Ptr_cat@EE@std@@YA?AU_Scalar_ptr_iterator_tag@0@PEAE0@Z
CE9 00000000 SECT3B3 notype       Static      | .xdata
    Section length    8, #relocs    0, #linenums    0, checksum FC45C01B, selection    5 (pick associative Section 0x4B)
CEB 00000000 SECT3B3 notype       Static      | $unwind$??$swap@PEAUFileSessionContext@MilesFileOwner36@@@std@@YAXAEAPEAUFileSessionContext@MilesFileOwner36@@0@Z
CEC 00000000 SECT3B4 notype       Static      | .pdata
    Section length    C, #relocs    3, #linenums    0, checksum F0BDD041, selection    5 (pick associative Section 0x4B)
CEE 00000000 SECT3B4 notype       Static      | $pdata$??$swap@PEAUFileSessionContext@MilesFileOwner36@@@std@@YAXAEAPEAUFileSessionContext@MilesFileOwner36@@0@Z
CEF 00000000 SECT3B5 notype       Static      | .xdata
    Section length    8, #relocs    0, #linenums    0, checksum  FC539D1, selection    5 (pick associative Section 0xD1)
CF1 00000000 SECT3B5 notype       Static      | $unwind$??__E?id@?$num_put@DV?$back_insert_iterator@V?$basic_string@DU?$char_traits@D@std@@V?$allocator@D@2@@std@@@std@@@std@@2V0locale@2@A@@YAXXZ
CF2 00000000 SECT3B6 notype       Static      | .pdata
    Section length    C, #relocs    3, #linenums    0, checksum 767E3832, selection    5 (pick associative Section 0xD1)
CF4 00000000 SECT3B6 notype       Static      | $pdata$??__E?id@?$num_put@DV?$back_insert_iterator@V?$basic_string@DU?$char_traits@D@std@@V?$allocator@D@2@@std@@@std@@@std@@2V0locale@2@A@@YAXXZ
CF5 00000000 SECT3B7 notype       Static      | .xdata
    Section length    8, #relocs    0, #linenums    0, checksum  FC539D1, selection    5 (pick associative Section 0xD2)
CF7 00000000 SECT3B7 notype       Static      | $unwind$??__E?id@?$num_put@_WV?$back_insert_iterator@V?$basic_string@_WU?$char_traits@_W@std@@V?$allocator@_W@2@@std@@@std@@@std@@2V0locale@2@A@@YAXXZ
CF8 00000000 SECT3B8 notype       Static      | .pdata
    Section length    C, #relocs    3, #linenums    0, checksum 767E3832, selection    5 (pick associative Section 0xD2)
CFA 00000000 SECT3B8 notype       Static      | $pdata$??__E?id@?$num_put@_WV?$back_insert_iterator@V?$basic_string@_WU?$char_traits@_W@std@@V?$allocator@_W@2@@std@@@std@@@std@@2V0locale@2@A@@YAXXZ
CFB 00000000 SECT3B9 notype       Static      | .xdata
    Section length   10, #relocs    2, #linenums    0, checksum EF58881B, selection    5 (pick associative Section 0x26)
CFD 00000000 SECT3B9 notype       Static      | $unwind$??$_Resetp@UFileSessionContext@MilesFileOwner36@@@?$shared_ptr@UFileSessionContext@MilesFileOwner36@@@std@@AEAAXPEAUFileSessionContext@MilesFileOwner36@@@Z
CFE 00000000 SECT3BA notype       Static      | .pdata
    Section length    C, #relocs    3, #linenums    0, checksum 2F80B4F1, selection    5 (pick associative Section 0x26)
D00 00000000 SECT3BA notype       Static      | $pdata$??$_Resetp@UFileSessionContext@MilesFileOwner36@@@?$shared_ptr@UFileSessionContext@MilesFileOwner36@@@std@@AEAAXPEAUFileSessionContext@MilesFileOwner36@@@Z
D01 00000000 SECT3BB notype       Static      | .rdata
    Section length   28, #relocs    3, #linenums    0, checksum 1B0BC67B, selection    5 (pick associative Section 0x26)
D03 00000000 SECT3BB notype       Static      | $cppxdata$??$_Resetp@UFileSessionContext@MilesFileOwner36@@@?$shared_ptr@UFileSessionContext@MilesFileOwner36@@@std@@AEAAXPEAUFileSessionContext@MilesFileOwner36@@@Z
D04 00000000 SECT3BC notype       Static      | .xdata
    Section length   18, #relocs    1, #linenums    0, checksum C6E31549, selection    5 (pick associative Section 0x26)
D06 00000000 SECT3BC notype       Static      | $stateUnwindMap$??$_Resetp@UFileSessionContext@MilesFileOwner36@@@?$shared_ptr@UFileSessionContext@MilesFileOwner36@@@std@@AEAAXPEAUFileSessionContext@MilesFileOwner36@@@Z
D07 00000000 SECT3BD notype       Static      | .xdata
    Section length   14, #relocs    1, #linenums    0, checksum 8EF90F90, selection    5 (pick associative Section 0x26)
D09 00000000 SECT3BD notype       Static      | $tryMap$??$_Resetp@UFileSessionContext@MilesFileOwner36@@@?$shared_ptr@UFileSessionContext@MilesFileOwner36@@@std@@AEAAXPEAUFileSessionContext@MilesFileOwner36@@@Z
D0A 00000000 SECT3BE notype       Static      | .xdata
    Section length   14, #relocs    1, #linenums    0, checksum   677058, selection    5 (pick associative Section 0x26)
D0C 00000000 SECT3BE notype       Static      | $handlerMap$0$??$_Resetp@UFileSessionContext@MilesFileOwner36@@@?$shared_ptr@UFileSessionContext@MilesFileOwner36@@@std@@AEAAXPEAUFileSessionContext@MilesFileOwner36@@@Z
D0D 00000000 SECT3BF notype       Static      | .xdata
    Section length   40, #relocs    8, #linenums    0, checksum 9DA36A35, selection    5 (pick associative Section 0x26)
D0F 00000000 SECT3BF notype       Static      | $ip2state$??$_Resetp@UFileSessionContext@MilesFileOwner36@@@?$shared_ptr@UFileSessionContext@MilesFileOwner36@@@std@@AEAAXPEAUFileSessionContext@MilesFileOwner36@@@Z
D10 00000000 SECT3C0 notype       Static      | .xdata
    Section length    8, #relocs    0, #linenums    0, checksum B96BC9FB, selection    5 (pick associative Section 0x26)
D12 00000000 SECT3C0 notype       Static      | $unwind$?dtor$0@?0???$_Resetp@UFileSessionContext@MilesFileOwner36@@@?$shared_ptr@UFileSessionContext@MilesFileOwner36@@@std@@AEAAXPEAUFileSessionContext@MilesFileOwner36@@@Z@4HA
D13 00000000 SECT3C1 notype       Static      | .pdata
    Section length    C, #relocs    3, #linenums    0, checksum AF5E2A9E, selection    5 (pick associative Section 0x26)
D15 00000000 SECT3C1 notype       Static      | $pdata$?dtor$0@?0???$_Resetp@UFileSessionContext@MilesFileOwner36@@@?$shared_ptr@UFileSessionContext@MilesFileOwner36@@@std@@AEAAXPEAUFileSessionContext@MilesFileOwner36@@@Z@4HA
D16 00000000 SECT3C2 notype       Static      | .xdata
    Section length   10, #relocs    2, #linenums    0, checksum 5840A276, selection    5 (pick associative Section 0x26)
D18 00000000 SECT3C2 notype       Static      | $unwind$?catch$0@?0???$_Resetp@UFileSessionContext@MilesFileOwner36@@@?$shared_ptr@UFileSessionContext@MilesFileOwner36@@@std@@AEAAXPEAUFileSessionContext@MilesFileOwner36@@@Z@4HA
D19 00000000 SECT3C3 notype       Static      | .pdata
    Section length    C, #relocs    3, #linenums    0, checksum  84CEF90, selection    5 (pick associative Section 0x26)
D1B 00000000 SECT3C3 notype       Static      | $pdata$?catch$0@?0???$_Resetp@UFileSessionContext@MilesFileOwner36@@@?$shared_ptr@UFileSessionContext@MilesFileOwner36@@@std@@AEAAXPEAUFileSessionContext@MilesFileOwner36@@@Z@4HA
D1C 00000000 SECT3C4 notype       Static      | .xdata
    Section length    8, #relocs    0, #linenums    0, checksum C40886FB, selection    5 (pick associative Section 0x54)
D1E 00000000 SECT3C4 notype       Static      | $unwind$??0?$_Ref_count@UTicket@?A0xabeb220a@MilesClientRuntime53@@@std@@QEAA@PEAUTicket@?A0xabeb220a@MilesClientRuntime53@@@Z
D1F 00000000 SECT3C5 notype       Static      | .pdata
    Section length    C, #relocs    3, #linenums    0, checksum 5CED41D1, selection    5 (pick associative Section 0x54)
D21 00000000 SECT3C5 notype       Static      | $pdata$??0?$_Ref_count@UTicket@?A0xabeb220a@MilesClientRuntime53@@@std@@QEAA@PEAUTicket@?A0xabeb220a@MilesClientRuntime53@@@Z
D22 00000000 SECT3C6 notype       Static      | .xdata
    Section length    8, #relocs    0, #linenums    0, checksum  DD7168C, selection    5 (pick associative Section 0xED)
D24 00000000 SECT3C6 notype       Static      | $unwind$?_Destroy@?$_Ref_count@UTicket@?A0xabeb220a@MilesClientRuntime53@@@std@@EEAAXXZ
D25 00000000 SECT3C7 notype       Static      | .pdata
    Section length    C, #relocs    3, #linenums    0, checksum B298D73C, selection    5 (pick associative Section 0xED)
D27 00000000 SECT3C7 notype       Static      | $pdata$?_Destroy@?$_Ref_count@UTicket@?A0xabeb220a@MilesClientRuntime53@@@std@@EEAAXXZ
D28 00000000 SECT3C8 notype       Static      | .xdata
    Section length    8, #relocs    0, #linenums    0, checksum  DD7168C, selection    5 (pick associative Section 0xEB)
D2A 00000000 SECT3C8 notype       Static      | $unwind$?_Delete_this@?$_Ref_count@UTicket@?A0xabeb220a@MilesClientRuntime53@@@std@@EEAAXXZ
D2B 00000000 SECT3C9 notype       Static      | .pdata
    Section length    C, #relocs    3, #linenums    0, checksum F0BDD041, selection    5 (pick associative Section 0xEB)
D2D 00000000 SECT3C9 notype       Static      | $pdata$?_Delete_this@?$_Ref_count@UTicket@?A0xabeb220a@MilesClientRuntime53@@@std@@EEAAXXZ
D2E 00000000 SECT3CA notype       Static      | .xdata
    Section length    8, #relocs    0, #linenums    0, checksum 9C7880CC, selection    5 (pick associative Section 0x92)
D30 00000000 SECT3CA notype       Static      | $unwind$??1?$_Ref_count@UTicket@?A0xabeb220a@MilesClientRuntime53@@@std@@UEAA@XZ
D31 00000000 SECT3CB notype       Static      | .pdata
    Section length    C, #relocs    3, #linenums    0, checksum AF5E2A9E, selection    5 (pick associative Section 0x92)
D33 00000000 SECT3CB notype       Static      | $pdata$??1?$_Ref_count@UTicket@?A0xabeb220a@MilesClientRuntime53@@@std@@UEAA@XZ
D34 00000000 SECT3CC notype       Static      | .xdata
    Section length    8, #relocs    0, #linenums    0, checksum E7553388, selection    5 (pick associative Section 0xC1)
D36 00000000 SECT3CC notype       Static      | $unwind$??_G?$_Ref_count@UTicket@?A0xabeb220a@MilesClientRuntime53@@@std@@UEAAPEAXI@Z
D37 00000000 SECT3CD notype       Static      | .pdata
    Section length    C, #relocs    3, #linenums    0, checksum 43A25AFA, selection    5 (pick associative Section 0xC1)
D39 00000000 SECT3CD notype       Static      | $pdata$??_G?$_Ref_count@UTicket@?A0xabeb220a@MilesClientRuntime53@@@std@@UEAAPEAXI@Z
D3A 00000000 SECT3CE notype       Static      | .xdata
    Section length    8, #relocs    0, #linenums    0, checksum 6072F4B7, selection    5 (pick associative Section 0x25)
D3C 00000000 SECT3CE notype       Static      | $unwind$??$_Resetp0@UTicket@?A0xabeb220a@MilesClientRuntime53@@@?$shared_ptr@UTicket@?A0xabeb220a@MilesClientRuntime53@@@std@@QEAAXPEAUTicket@?A0xabeb220a@MilesClientRuntime53@@PEAV_Ref_count_base@1@@Z
D3D 00000000 SECT3CF notype       Static      | .pdata
    Section length    C, #relocs    3, #linenums    0, checksum D8A74F2B, selection    5 (pick associative Section 0x25)
D3F 00000000 SECT3CF notype       Static      | $pdata$??$_Resetp0@UTicket@?A0xabeb220a@MilesClientRuntime53@@@?$shared_ptr@UTicket@?A0xabeb220a@MilesClientRuntime53@@@std@@QEAAXPEAUTicket@?A0xabeb220a@MilesClientRuntime53@@PEAV_Ref_count_base@1@@Z
D40 00000000 SECT3D0 notype       Static      | .xdata
    Section length    8, #relocs    0, #linenums    0, checksum  FC539D1, selection    5 (pick associative Section 0xD3)
D42 00000000 SECT3D0 notype       Static      | $unwind$??__E?id@?$numpunct@D@std@@2V0locale@2@A@@YAXXZ
D43 00000000 SECT3D1 notype       Static      | .pdata
    Section length    C, #relocs    3, #linenums    0, checksum 767E3832, selection    5 (pick associative Section 0xD3)
D45 00000000 SECT3D1 notype       Static      | $pdata$??__E?id@?$numpunct@D@std@@2V0locale@2@A@@YAXXZ
D46 00000000 SECT3D2 notype       Static      | .xdata
    Section length    8, #relocs    0, #linenums    0, checksum  FC539D1, selection    5 (pick associative Section 0xD4)
D48 00000000 SECT3D2 notype       Static      | $unwind$??__E?id@?$numpunct@_W@std@@2V0locale@2@A@@YAXXZ
D49 00000000 SECT3D3 notype       Static      | .pdata
    Section length    C, #relocs    3, #linenums    0, checksum 767E3832, selection    5 (pick associative Section 0xD4)
D4B 00000000 SECT3D3 notype       Static      | $pdata$??__E?id@?$numpunct@_W@std@@2V0locale@2@A@@YAXXZ
D4C 00000000 SECT3D4 notype       Static      | .xdata
    Section length    8, #relocs    0, #linenums    0, checksum 24DBB10C, selection    5 (pick associative Section 0x2C)
D4E 00000000 SECT3D4 notype       Static      | $unwind$??$_Uninit_copy@PEAUHandle@MilesWire@@PEAU12@U?$_Wrap_alloc@V?$allocator@UHandle@MilesWire@@@std@@@std@@@std@@YAPEAUHandle@MilesWire@@PEAU12@00AEAU?$_Wrap_alloc@V?$allocator@UHandle@MilesWire@@@std@@@0@@Z
D4F 00000000 SECT3D5 notype       Static      | .pdata
    Section length    C, #relocs    3, #linenums    0, checksum 1703F4BB, selection    5 (pick associative Section 0x2C)
D51 00000000 SECT3D5 notype       Static      | $pdata$??$_Uninit_copy@PEAUHandle@MilesWire@@PEAU12@U?$_Wrap_alloc@V?$allocator@UHandle@MilesWire@@@std@@@std@@@std@@YAPEAUHandle@MilesWire@@PEAU12@00AEAU?$_Wrap_alloc@V?$allocator@UHandle@MilesWire@@@std@@@0@@Z
D52 00000000 SECT3D6 notype       Static      | .xdata
    Section length   10, #relocs    2, #linenums    0, checksum 80DCCB80, selection    5 (pick associative Section 0x33)
D54 00000000 SECT3D6 notype       Static      | $unwind$??$construct@PEADAEAPEAD@?$allocator@D@std@@QEAAXPEAPEADAEAPEAD@Z
D55 00000000 SECT3D7 notype       Static      | .pdata
    Section length    C, #relocs    3, #linenums    0, checksum 60FA910E, selection    5 (pick associative Section 0x33)
D57 00000000 SECT3D7 notype       Static      | $pdata$??$construct@PEADAEAPEAD@?$allocator@D@std@@QEAAXPEAPEADAEAPEAD@Z
D58 00000000 SECT3D8 notype       Static      | .rdata
    Section length   28, #relocs    2, #linenums    0, checksum E5275579, selection    5 (pick associative Section 0x33)
D5A 00000000 SECT3D8 notype       Static      | $cppxdata$??$construct@PEADAEAPEAD@?$allocator@D@std@@QEAAXPEAPEADAEAPEAD@Z
D5B 00000000 SECT3D9 notype       Static      | .xdata
    Section length    8, #relocs    1, #linenums    0, checksum 9ADD2096, selection    5 (pick associative Section 0x33)
D5D 00000000 SECT3D9 notype       Static      | $stateUnwindMap$??$construct@PEADAEAPEAD@?$allocator@D@std@@QEAAXPEAPEADAEAPEAD@Z
D5E 00000000 SECT3DA notype       Static      | .xdata
    Section length   18, #relocs    3, #linenums    0, checksum 58CDB486, selection    5 (pick associative Section 0x33)
D60 00000000 SECT3DA notype       Static      | $ip2state$??$construct@PEADAEAPEAD@?$allocator@D@std@@QEAAXPEAPEADAEAPEAD@Z
D61 00000000 SECT3DB notype       Static      | .xdata
    Section length    8, #relocs    0, #linenums    0, checksum B96BC9FB, selection    5 (pick associative Section 0x33)
D63 00000000 SECT3DB notype       Static      | $unwind$?dtor$0@?0???$construct@PEADAEAPEAD@?$allocator@D@std@@QEAAXPEAPEADAEAPEAD@Z@4HA
D64 00000000 SECT3DC notype       Static      | .pdata
    Section length    C, #relocs    3, #linenums    0, checksum 2B142464, selection    5 (pick associative Section 0x33)
D66 00000000 SECT3DC notype       Static      | $pdata$?dtor$0@?0???$construct@PEADAEAPEAD@?$allocator@D@std@@QEAAXPEAPEADAEAPEAD@Z@4HA
D67 00000000 SECT3DD notype       Static      | .xdata
    Section length    8, #relocs    0, #linenums    0, checksum C40886FB, selection    5 (pick associative Section 0x41)
D69 00000000 SECT3DD notype       Static      | $unwind$??$destroy@UHandle@MilesWire@@@?$_Wrap_alloc@V?$allocator@UHandle@MilesWire@@@std@@@std@@QEAAXPEAUHandle@MilesWire@@@Z
D6A 00000000 SECT3DE notype       Static      | .pdata
    Section length    C, #relocs    3, #linenums    0, checksum BB53652B, selection    5 (pick associative Section 0x41)
D6C 00000000 SECT3DE notype       Static      | $pdata$??$destroy@UHandle@MilesWire@@@?$_Wrap_alloc@V?$allocator@UHandle@MilesWire@@@std@@@std@@QEAAXPEAUHandle@MilesWire@@@Z
D6D 00000000 SECT3DF notype       Static      | .xdata
    Section length    8, #relocs    0, #linenums    0, checksum C40886FB, selection    5 (pick associative Section 0x53)
D6F 00000000 SECT3DF notype       Static      | $unwind$??0?$_Ref_count@UFileSessionContext@MilesFileOwner36@@@std@@QEAA@PEAUFileSessionContext@MilesFileOwner36@@@Z
D70 00000000 SECT3E0 notype       Static      | .pdata
    Section length    C, #relocs    3, #linenums    0, checksum 5CED41D1, selection    5 (pick associative Section 0x53)
D72 00000000 SECT3E0 notype       Static      | $pdata$??0?$_Ref_count@UFileSessionContext@MilesFileOwner36@@@std@@QEAA@PEAUFileSessionContext@MilesFileOwner36@@@Z
D73 00000000 SECT3E1 notype       Static      | .xdata
    Section length    8, #relocs    0, #linenums    0, checksum  DD7168C, selection    5 (pick associative Section 0xEC)
D75 00000000 SECT3E1 notype       Static      | $unwind$?_Destroy@?$_Ref_count@UFileSessionContext@MilesFileOwner36@@@std@@EEAAXXZ
D76 00000000 SECT3E2 notype       Static      | .pdata
    Section length    C, #relocs    3, #linenums    0, checksum B298D73C, selection    5 (pick associative Section 0xEC)
D78 00000000 SECT3E2 notype       Static      | $pdata$?_Destroy@?$_Ref_count@UFileSessionContext@MilesFileOwner36@@@std@@EEAAXXZ
D79 00000000 SECT3E3 notype       Static      | .xdata
    Section length    8, #relocs    0, #linenums    0, checksum  DD7168C, selection    5 (pick associative Section 0xEA)
D7B 00000000 SECT3E3 notype       Static      | $unwind$?_Delete_this@?$_Ref_count@UFileSessionContext@MilesFileOwner36@@@std@@EEAAXXZ
D7C 00000000 SECT3E4 notype       Static      | .pdata
    Section length    C, #relocs    3, #linenums    0, checksum F0BDD041, selection    5 (pick associative Section 0xEA)
D7E 00000000 SECT3E4 notype       Static      | $pdata$?_Delete_this@?$_Ref_count@UFileSessionContext@MilesFileOwner36@@@std@@EEAAXXZ
D7F 00000000 SECT3E5 notype       Static      | .xdata
    Section length    8, #relocs    0, #linenums    0, checksum 9C7880CC, selection    5 (pick associative Section 0x91)
D81 00000000 SECT3E5 notype       Static      | $unwind$??1?$_Ref_count@UFileSessionContext@MilesFileOwner36@@@std@@UEAA@XZ
D82 00000000 SECT3E6 notype       Static      | .pdata
    Section length    C, #relocs    3, #linenums    0, checksum AF5E2A9E, selection    5 (pick associative Section 0x91)
D84 00000000 SECT3E6 notype       Static      | $pdata$??1?$_Ref_count@UFileSessionContext@MilesFileOwner36@@@std@@UEAA@XZ
D85 00000000 SECT3E7 notype       Static      | .xdata
    Section length    8, #relocs    0, #linenums    0, checksum E7553388, selection    5 (pick associative Section 0xC0)
D87 00000000 SECT3E7 notype       Static      | $unwind$??_G?$_Ref_count@UFileSessionContext@MilesFileOwner36@@@std@@UEAAPEAXI@Z
D88 00000000 SECT3E8 notype       Static      | .pdata
    Section length    C, #relocs    3, #linenums    0, checksum 43A25AFA, selection    5 (pick associative Section 0xC0)
D8A 00000000 SECT3E8 notype       Static      | $pdata$??_G?$_Ref_count@UFileSessionContext@MilesFileOwner36@@@std@@UEAAPEAXI@Z
D8B 00000000 SECT3E9 notype       Static      | .xdata
    Section length    8, #relocs    0, #linenums    0, checksum 6072F4B7, selection    5 (pick associative Section 0x24)
D8D 00000000 SECT3E9 notype       Static      | $unwind$??$_Resetp0@UFileSessionContext@MilesFileOwner36@@@?$shared_ptr@UFileSessionContext@MilesFileOwner36@@@std@@QEAAXPEAUFileSessionContext@MilesFileOwner36@@PEAV_Ref_count_base@1@@Z
D8E 00000000 SECT3EA notype       Static      | .pdata
    Section length    C, #relocs    3, #linenums    0, checksum D8A74F2B, selection    5 (pick associative Section 0x24)
D90 00000000 SECT3EA notype       Static      | $pdata$??$_Resetp0@UFileSessionContext@MilesFileOwner36@@@?$shared_ptr@UFileSessionContext@MilesFileOwner36@@@std@@QEAAXPEAUFileSessionContext@MilesFileOwner36@@PEAV_Ref_count_base@1@@Z
D91 00000000 SECT3EB notype       Static      | .xdata
    Section length   10, #relocs    2, #linenums    0, checksum 95C180BB, selection    5 (pick associative Section 0x2D)
D93 00000000 SECT3EB notype       Static      | $unwind$??$_Uninit_copy@PEAUHandle@MilesWire@@PEAU12@V?$allocator@UHandle@MilesWire@@@std@@@std@@YAPEAUHandle@MilesWire@@PEAU12@00AEAU?$_Wrap_alloc@V?$allocator@UHandle@MilesWire@@@std@@@0@U_Nonscalar_ptr_iterator_tag@0@@Z
D94 00000000 SECT3EC notype       Static      | .pdata
    Section length    C, #relocs    3, #linenums    0, checksum 3B8DFB44, selection    5 (pick associative Section 0x2D)
D96 00000000 SECT3EC notype       Static      | $pdata$??$_Uninit_copy@PEAUHandle@MilesWire@@PEAU12@V?$allocator@UHandle@MilesWire@@@std@@@std@@YAPEAUHandle@MilesWire@@PEAU12@00AEAU?$_Wrap_alloc@V?$allocator@UHandle@MilesWire@@@std@@@0@U_Nonscalar_ptr_iterator_tag@0@@Z
D97 00000000 SECT3ED notype       Static      | .rdata
    Section length   28, #relocs    3, #linenums    0, checksum A1EC9887, selection    5 (pick associative Section 0x2D)
D99 00000000 SECT3ED notype       Static      | $cppxdata$??$_Uninit_copy@PEAUHandle@MilesWire@@PEAU12@V?$allocator@UHandle@MilesWire@@@std@@@std@@YAPEAUHandle@MilesWire@@PEAU12@00AEAU?$_Wrap_alloc@V?$allocator@UHandle@MilesWire@@@std@@@0@U_Nonscalar_ptr_iterator_tag@0@@Z
D9A 00000000 SECT3EE notype       Static      | .xdata
    Section length   10, #relocs    0, #linenums    0, checksum 8999943C, selection    5 (pick associative Section 0x2D)
D9C 00000000 SECT3EE notype       Static      | $stateUnwindMap$??$_Uninit_copy@PEAUHandle@MilesWire@@PEAU12@V?$allocator@UHandle@MilesWire@@@std@@@std@@YAPEAUHandle@MilesWire@@PEAU12@00AEAU?$_Wrap_alloc@V?$allocator@UHandle@MilesWire@@@std@@@0@U_Nonscalar_ptr_iterator_tag@0@@Z
D9D 00000000 SECT3EF notype       Static      | .xdata
    Section length   14, #relocs    1, #linenums    0, checksum 570F4CF1, selection    5 (pick associative Section 0x2D)
D9F 00000000 SECT3EF notype       Static      | $tryMap$??$_Uninit_copy@PEAUHandle@MilesWire@@PEAU12@V?$allocator@UHandle@MilesWire@@@std@@@std@@YAPEAUHandle@MilesWire@@PEAU12@00AEAU?$_Wrap_alloc@V?$allocator@UHandle@MilesWire@@@std@@@0@U_Nonscalar_ptr_iterator_tag@0@@Z
DA0 00000000 SECT3F0 notype       Static      | .xdata
    Section length   14, #relocs    1, #linenums    0, checksum   677058, selection    5 (pick associative Section 0x2D)
DA2 00000000 SECT3F0 notype       Static      | $handlerMap$0$??$_Uninit_copy@PEAUHandle@MilesWire@@PEAU12@V?$allocator@UHandle@MilesWire@@@std@@@std@@YAPEAUHandle@MilesWire@@PEAU12@00AEAU?$_Wrap_alloc@V?$allocator@UHandle@MilesWire@@@std@@@0@U_Nonscalar_ptr_iterator_tag@0@@Z
DA3 00000000 SECT3F1 notype       Static      | .xdata
    Section length   30, #relocs    6, #linenums    0, checksum E2A6842D, selection    5 (pick associative Section 0x2D)
DA5 00000000 SECT3F1 notype       Static      | $ip2state$??$_Uninit_copy@PEAUHandle@MilesWire@@PEAU12@V?$allocator@UHandle@MilesWire@@@std@@@std@@YAPEAUHandle@MilesWire@@PEAU12@00AEAU?$_Wrap_alloc@V?$allocator@UHandle@MilesWire@@@std@@@0@U_Nonscalar_ptr_iterator_tag@0@@Z
DA6 00000000 SECT3F2 notype       Static      | .xdata
    Section length   10, #relocs    2, #linenums    0, checksum 5840A276, selection    5 (pick associative Section 0x2D)
DA8 00000000 SECT3F2 notype       Static      | $unwind$?catch$0@?0???$_Uninit_copy@PEAUHandle@MilesWire@@PEAU12@V?$allocator@UHandle@MilesWire@@@std@@@std@@YAPEAUHandle@MilesWire@@PEAU12@00AEAU?$_Wrap_alloc@V?$allocator@UHandle@MilesWire@@@std@@@0@U_Nonscalar_ptr_iterator_tag@0@@Z@4HA
DA9 00000000 SECT3F3 notype       Static      | .pdata
    Section length    C, #relocs    3, #linenums    0, checksum 7E32D7A2, selection    5 (pick associative Section 0x2D)
DAB 00000000 SECT3F3 notype       Static      | $pdata$?catch$0@?0???$_Uninit_copy@PEAUHandle@MilesWire@@PEAU12@V?$allocator@UHandle@MilesWire@@@std@@@std@@YAPEAUHandle@MilesWire@@PEAU12@00AEAU?$_Wrap_alloc@V?$allocator@UHandle@MilesWire@@@std@@@0@U_Nonscalar_ptr_iterator_tag@0@@Z@4HA
DAC 00000000 SECT3F4 notype       Static      | .xdata
    Section length    8, #relocs    0, #linenums    0, checksum C40886FB, selection    5 (pick associative Section 0x43)
DAE 00000000 SECT3F4 notype       Static      | $unwind$??$destroy@UHandle@MilesWire@@@?$allocator_traits@V?$allocator@UHandle@MilesWire@@@std@@@std@@SAXAEAV?$allocator@UHandle@MilesWire@@@1@PEAUHandle@MilesWire@@@Z
DAF 00000000 SECT3F5 notype       Static      | .pdata
    Section length    C, #relocs    3, #linenums    0, checksum BB53652B, selection    5 (pick associative Section 0x43)
DB1 00000000 SECT3F5 notype       Static      | $pdata$??$destroy@UHandle@MilesWire@@@?$allocator_traits@V?$allocator@UHandle@MilesWire@@@std@@@std@@SAXAEAV?$allocator@UHandle@MilesWire@@@1@PEAUHandle@MilesWire@@@Z
DB2 00000000 SECT3F6 notype       Static      | .xdata
    Section length    8, #relocs    0, #linenums    0, checksum 24DBB10C, selection    5 (pick associative Section 0x13)
DB4 00000000 SECT3F6 notype       Static      | $unwind$??$_Debug_range@PEAUHandle@MilesWire@@@std@@YAXPEAUHandle@MilesWire@@0PEB_WI@Z
DB5 00000000 SECT3F7 notype       Static      | .pdata
    Section length    C, #relocs    3, #linenums    0, checksum 7E32D7A2, selection    5 (pick associative Section 0x13)
DB7 00000000 SECT3F7 notype       Static      | $pdata$??$_Debug_range@PEAUHandle@MilesWire@@@std@@YAXPEAUHandle@MilesWire@@0PEB_WI@Z
DB8 00000000 SECT3F8 notype       Static      | .xdata
    Section length    8, #relocs    0, #linenums    0, checksum 6072F4B7, selection    5 (pick associative Section 0x11)
DBA 00000000 SECT3F8 notype       Static      | $unwind$??$_Debug_pointer@UHandle@MilesWire@@@std@@YAXPEAUHandle@MilesWire@@PEB_WI@Z
DBB 00000000 SECT3F9 notype       Static      | .pdata
    Section length    C, #relocs    3, #linenums    0, checksum 43A25AFA, selection    5 (pick associative Section 0x11)
DBD 00000000 SECT3F9 notype       Static      | $pdata$??$_Debug_pointer@UHandle@MilesWire@@@std@@YAXPEAUHandle@MilesWire@@PEB_WI@Z
DBE 00000000 SECT3FA notype       Static      | .xdata
    Section length    8, #relocs    0, #linenums    0, checksum 6072F4B7, selection    5 (pick associative Section 0x36)
DC0 00000000 SECT3FA notype       Static      | $unwind$??$construct@UHandle@MilesWire@@AEAU12@@?$_Wrap_alloc@V?$allocator@UHandle@MilesWire@@@std@@@std@@QEAAXPEAUHandle@MilesWire@@AEAU23@@Z
DC1 00000000 SECT3FB notype       Static      | .pdata
    Section length    C, #relocs    3, #linenums    0, checksum  1875D87, selection    5 (pick associative Section 0x36)
DC3 00000000 SECT3FB notype       Static      | $pdata$??$construct@UHandle@MilesWire@@AEAU12@@?$_Wrap_alloc@V?$allocator@UHandle@MilesWire@@@std@@@std@@QEAAXPEAUHandle@MilesWire@@AEAU23@@Z
DC4 00000000 SECT3FC notype       Static      | .xdata
    Section length    8, #relocs    0, #linenums    0, checksum 8CDF4DDB, selection    5 (pick associative Section 0x18)
DC6 00000000 SECT3FC notype       Static      | $unwind$??$_Iter_cat@PEAUHandle@MilesWire@@@std@@YA?AUrandom_access_iterator_tag@0@AEBQEAUHandle@MilesWire@@@Z
DC7 00000000 SECT3FD notype       Static      | .pdata
    Section length    C, #relocs    3, #linenums    0, checksum 77F965B5, selection    5 (pick associative Section 0x18)
DC9 00000000 SECT3FD notype       Static      | $pdata$??$_Iter_cat@PEAUHandle@MilesWire@@@std@@YA?AUrandom_access_iterator_tag@0@AEBQEAUHandle@MilesWire@@@Z
DCA 00000000 SECT3FE notype       Static      | .xdata
    Section length    8, #relocs    0, #linenums    0, checksum B574274C, selection    5 (pick associative Section 0x12)
DCC 00000000 SECT3FE notype       Static      | $unwind$??$_Debug_range2@PEAUHandle@MilesWire@@@std@@YAXPEAUHandle@MilesWire@@0PEB_WIUrandom_access_iterator_tag@0@@Z
DCD 00000000 SECT3FF notype       Static      | .pdata
    Section length    C, #relocs    3, #linenums    0, checksum 22DF9673, selection    5 (pick associative Section 0x12)
DCF 00000000 SECT3FF notype       Static      | $pdata$??$_Debug_range2@PEAUHandle@MilesWire@@@std@@YAXPEAUHandle@MilesWire@@0PEB_WIUrandom_access_iterator_tag@0@@Z
DD0 00000000 SECT400 notype       Static      | .xdata
    Section length    8, #relocs    0, #linenums    0, checksum 6072F4B7, selection    5 (pick associative Section 0x39)
DD2 00000000 SECT400 notype       Static      | $unwind$??$construct@UHandle@MilesWire@@AEAU12@@?$allocator_traits@V?$allocator@UHandle@MilesWire@@@std@@@std@@SAXAEAV?$allocator@UHandle@MilesWire@@@1@PEAUHandle@MilesWire@@AEAU34@@Z
DD3 00000000 SECT401 notype       Static      | .pdata
    Section length    C, #relocs    3, #linenums    0, checksum  1875D87, selection    5 (pick associative Section 0x39)
DD5 00000000 SECT401 notype       Static      | $pdata$??$construct@UHandle@MilesWire@@AEAU12@@?$allocator_traits@V?$allocator@UHandle@MilesWire@@@std@@@std@@SAXAEAV?$allocator@UHandle@MilesWire@@@1@PEAUHandle@MilesWire@@AEAU34@@Z
DD6 00000000 SECT402 notype       Static      | .xdata
    Section length   14, #relocs    2, #linenums    0, checksum 8FE21865, selection    5 (pick associative Section 0x37)
DD8 00000000 SECT402 notype       Static      | $unwind$??$construct@UHandle@MilesWire@@AEAU12@@?$allocator@UHandle@MilesWire@@@std@@QEAAXPEAUHandle@MilesWire@@AEAU23@@Z
DD9 00000000 SECT403 notype       Static      | .pdata
    Section length    C, #relocs    3, #linenums    0, checksum B31F8ABB, selection    5 (pick associative Section 0x37)
DDB 00000000 SECT403 notype       Static      | $pdata$??$construct@UHandle@MilesWire@@AEAU12@@?$allocator@UHandle@MilesWire@@@std@@QEAAXPEAUHandle@MilesWire@@AEAU23@@Z
DDC 00000000 SECT404 notype       Static      | .rdata
    Section length   28, #relocs    2, #linenums    0, checksum E5275579, selection    5 (pick associative Section 0x37)
DDE 00000000 SECT404 notype       Static      | $cppxdata$??$construct@UHandle@MilesWire@@AEAU12@@?$allocator@UHandle@MilesWire@@@std@@QEAAXPEAUHandle@MilesWire@@AEAU23@@Z
DDF 00000000 SECT405 notype       Static      | .xdata
    Section length    8, #relocs    1, #linenums    0, checksum 9ADD2096, selection    5 (pick associative Section 0x37)
DE1 00000000 SECT405 notype       Static      | $stateUnwindMap$??$construct@UHandle@MilesWire@@AEAU12@@?$allocator@UHandle@MilesWire@@@std@@QEAAXPEAUHandle@MilesWire@@AEAU23@@Z
DE2 00000000 SECT406 notype       Static      | .xdata
    Section length   18, #relocs    3, #linenums    0, checksum B65CB2FC, selection    5 (pick associative Section 0x37)
DE4 00000000 SECT406 notype       Static      | $ip2state$??$construct@UHandle@MilesWire@@AEAU12@@?$allocator@UHandle@MilesWire@@@std@@QEAAXPEAUHandle@MilesWire@@AEAU23@@Z
DE5 00000000 SECT407 notype       Static      | .xdata
    Section length    8, #relocs    0, #linenums    0, checksum B96BC9FB, selection    5 (pick associative Section 0x37)
DE7 00000000 SECT407 notype       Static      | $unwind$?dtor$0@?0???$construct@UHandle@MilesWire@@AEAU12@@?$allocator@UHandle@MilesWire@@@std@@QEAAXPEAUHandle@MilesWire@@AEAU23@@Z@4HA
DE8 00000000 SECT408 notype       Static      | .pdata
    Section length    C, #relocs    3, #linenums    0, checksum 2B142464, selection    5 (pick associative Section 0x37)
DEA 00000000 SECT408 notype       Static      | $pdata$?dtor$0@?0???$construct@UHandle@MilesWire@@AEAU12@@?$allocator@UHandle@MilesWire@@@std@@QEAAXPEAUHandle@MilesWire@@AEAU23@@Z@4HA
DEB 00000000 SECT409 notype       Static      | .bss
    Section length    4, #relocs    0, #linenums    0, checksum        0
DED 00000003 SECT409 notype       Static      | piecewise_construct
DEE 00000002 SECT409 notype       Static      | allocator_arg
DEF 00000000 SECT40A notype       Static      | .rdata
    Section length   18, #relocs    3, #linenums    0, checksum        0, selection    6 (pick largest)
DF1 00000008 SECT40A notype       External    | ??_7logic_error@std@@6B@ (const std::logic_error::`vftable')
DF2 00000000 SECT40B notype       Static      | .rdata
    Section length   18, #relocs    3, #linenums    0, checksum        0, selection    6 (pick largest)
DF4 00000008 SECT40B notype       External    | ??_7invalid_argument@std@@6B@ (const std::invalid_argument::`vftable')
DF5 00000000 SECT40C notype       Static      | .rdata
    Section length   18, #relocs    3, #linenums    0, checksum        0, selection    6 (pick largest)
DF7 00000008 SECT40C notype       External    | ??_7runtime_error@std@@6B@ (const std::runtime_error::`vftable')
DF8 00000000 SECT40D notype       Static      | .xdata$x
    Section length   1C, #relocs    2, #linenums    0, checksum        0, selection    2 (pick any)
DFA 00000000 SECT40D notype       External    | _TI3?AVinvalid_argument@std@@
DFB 00000000 SECT40E notype       Static      | .xdata$x
    Section length   1C, #relocs    3, #linenums    0, checksum 29C8B4F2, selection    2 (pick any)
DFD 00000000 SECT40E notype       External    | _CTA3?AVinvalid_argument@std@@
DFE 00000000 SECT40F notype       Static      | .data$r
    Section length   2B, #relocs    1, #linenums    0, checksum 106500BA, selection    2 (pick any)
E00 00000000 SECT40F notype       External    | ??_R0?AVinvalid_argument@std@@@8 (class std::invalid_argument `RTTI Type Descriptor')
E01 00000000 SECT410 notype       Static      | .xdata$x
    Section length   24, #relocs    2, #linenums    0, checksum BC1A9E34, selection    2 (pick any)
E03 00000000 SECT410 notype       External    | _CT??_R0?AVinvalid_argument@std@@@8??0invalid_argument@std@@QEAA@AEBV01@@Z24
E04 00000000 SECT411 notype       Static      | .data$r
    Section length   26, #relocs    1, #linenums    0, checksum 581E38EE, selection    2 (pick any)
E06 00000000 SECT411 notype       External    | ??_R0?AVlogic_error@std@@@8 (class std::logic_error `RTTI Type Descriptor')
E07 00000000 SECT412 notype       Static      | .xdata$x
    Section length   24, #relocs    2, #linenums    0, checksum BC1A9E34, selection    2 (pick any)
E09 00000000 SECT412 notype       External    | _CT??_R0?AVlogic_error@std@@@8??0logic_error@std@@QEAA@AEBV01@@Z24
E0A 00000000 SECT413 notype       Static      | .data$r
    Section length   24, #relocs    1, #linenums    0, checksum 54BC55F2, selection    2 (pick any)
E0C 00000000 SECT413 notype       External    | ??_R0?AVexception@std@@@8 (class std::exception `RTTI Type Descriptor')
E0D 00000000 SECT414 notype       Static      | .xdata$x
    Section length   24, #relocs    2, #linenums    0, checksum BC1A9E34, selection    2 (pick any)
E0F 00000000 SECT414 notype       External    | _CT??_R0?AVexception@std@@@8??0exception@std@@QEAA@AEBV01@@Z24
E10 00000000 UNDEF  notype       External     | ??_7type_info@@6B@ (const type_info::`vftable')
E11 00000000 SECT415 notype       Static      | .rdata
    Section length   28, #relocs    5, #linenums    0, checksum        0, selection    6 (pick largest)
E13 00000008 SECT415 notype       External    | ??_7_Ref_count_base@std@@6B@ (const std::_Ref_count_base::`vftable')
E14 00000000 SECT416 notype       Static      | .xdata$x
    Section length   1C, #relocs    2, #linenums    0, checksum        0, selection    2 (pick any)
E16 00000000 SECT416 notype       External    | _TI2?AVruntime_error@std@@
E17 00000000 SECT417 notype       Static      | .xdata$x
    Section length   14, #relocs    2, #linenums    0, checksum EC3B9E9F, selection    2 (pick any)
E19 00000000 SECT417 notype       External    | _CTA2?AVruntime_error@std@@
E1A 00000000 SECT418 notype       Static      | .data$r
    Section length   28, #relocs    1, #linenums    0, checksum D357CA60, selection    2 (pick any)
E1C 00000000 SECT418 notype       External    | ??_R0?AVruntime_error@std@@@8 (class std::runtime_error `RTTI Type Descriptor')
E1D 00000000 SECT419 notype       Static      | .xdata$x
    Section length   24, #relocs    2, #linenums    0, checksum BC1A9E34, selection    2 (pick any)
E1F 00000000 SECT419 notype       External    | _CT??_R0?AVruntime_error@std@@@8??0runtime_error@std@@QEAA@AEBV01@@Z24
E20 00000000 SECT41A notype       Static      | .rdata
    Section length   38, #relocs    7, #linenums    0, checksum        0, selection    6 (pick largest)
E22 00000008 SECT41A notype       External    | ??_7error_category@std@@6B@ (const std::error_category::`vftable')
E23 00000000 SECT41B notype       Static      | .rdata
    Section length   38, #relocs    7, #linenums    0, checksum        0, selection    6 (pick largest)
E25 00000008 SECT41B notype       External    | ??_7_Generic_error_category@std@@6B@ (const std::_Generic_error_category::`vftable')
E26 00000000 SECT41C notype       Static      | .rdata
    Section length    8, #relocs    0, #linenums    0, checksum A86CFC2B, selection    2 (pick any)
E28 00000000 SECT41C notype       External    | ??_C@_07DCLBNMLN@generic?$AA@ (`string')
E29 00000000 SECT41D notype       Static      | .rdata
    Section length    E, #relocs    0, #linenums    0, checksum 3BD6D632, selection    2 (pick any)
E2B 00000000 SECT41D notype       External    | ??_C@_0O@BFJCFAAK@unknown?5error?$AA@ (`string')
E2C 00000000 SECT41E notype       Static      | .rdata
    Section length   38, #relocs    7, #linenums    0, checksum        0, selection    6 (pick largest)
E2E 00000008 SECT41E notype       External    | ??_7_Iostream_error_category@std@@6B@ (const std::_Iostream_error_category::`vftable')
E2F 00000000 SECT41F notype       Static      | .rdata
    Section length    9, #relocs    0, #linenums    0, checksum A29400EA, selection    2 (pick any)
E31 00000000 SECT41F notype       External    | ??_C@_08LLGCOLLL@iostream?$AA@ (`string')
E32 00000000 SECT420 notype       Static      | .rdata
    Section length   16, #relocs    0, #linenums    0, checksum A7E7FC63, selection    2 (pick any)
E34 00000000 SECT420 notype       External    | ??_C@_0BG@PADBLCHM@iostream?5stream?5error?$AA@ (`string')
E35 00000000 SECT421 notype       Static      | .rdata
    Section length   38, #relocs    7, #linenums    0, checksum        0, selection    6 (pick largest)
E37 00000008 SECT421 notype       External    | ??_7_System_error_category@std@@6B@ (const std::_System_error_category::`vftable')
E38 00000000 SECT422 notype       Static      | .rdata
    Section length    7, #relocs    0, #linenums    0, checksum 35CD274A, selection    2 (pick any)
E3A 00000000 SECT422 notype       External    | ??_C@_06FHFOAHML@system?$AA@ (`string')
E3B 00000000 SECT423 notype       Static      | .bss
    Section length    8, #relocs    0, #linenums    0, checksum        0, selection    2 (pick any)
E3D 00000000 SECT423 notype       External    | ?_Generic_object@?$_Error_objects@H@std@@2V_Generic_error_category@2@A (public: static class std::_Generic_error_category std::_Error_objects<int>::_Generic_object)
E3E 00000000 SECT424 notype       Static      | .bss
    Section length    8, #relocs    0, #linenums    0, checksum        0, selection    2 (pick any)
E40 00000000 SECT424 notype       External    | ?_Iostream_object@?$_Error_objects@H@std@@2V_Iostream_error_category@2@A (public: static class std::_Iostream_error_category std::_Error_objects<int>::_Iostream_object)
E41 00000000 SECT425 notype       Static      | .bss
    Section length    8, #relocs    0, #linenums    0, checksum        0, selection    2 (pick any)
E43 00000000 SECT425 notype       External    | ?_System_object@?$_Error_objects@H@std@@2V_System_error_category@2@A (public: static class std::_System_error_category std::_Error_objects<int>::_System_object)
E44 00000000 SECT426 notype       Static      | .bss
    Section length    8, #relocs    0, #linenums    0, checksum        0, selection    2 (pick any)
E46 00000000 SECT426 notype       External    | ?id@?$num_put@DV?$back_insert_iterator@V?$basic_string@DU?$char_traits@D@std@@V?$allocator@D@2@@std@@@std@@@std@@2V0locale@2@A (public: static class std::locale::id std::num_put<char,class std::back_insert_iterator<class std::basic_string<char,struct std::char_traits<char>,class std::allocator<char> > > >::id)
E47 00000000 SECT427 notype       Static      | .bss
    Section length    8, #relocs    0, #linenums    0, checksum        0, selection    2 (pick any)
E49 00000000 SECT427 notype       External    | ?id@?$num_put@_WV?$back_insert_iterator@V?$basic_string@_WU?$char_traits@_W@std@@V?$allocator@_W@2@@std@@@std@@@std@@2V0locale@2@A (public: static class std::locale::id std::num_put<wchar_t,class std::back_insert_iterator<class std::basic_string<wchar_t,struct std::char_traits<wchar_t>,class std::allocator<wchar_t> > > >::id)
E4A 00000001 SECT409 notype       Static      | ignore
E4B 00000000 SECT409 notype       Static      | _Tuple_alloc
E4C 00000000 SECT428 notype       Static      | .rdata
    Section length    F, #relocs    0, #linenums    0, checksum D33957E2, selection    2 (pick any)
E4E 00000000 SECT428 notype       External    | ??_C@_0P@PLBFKLPK@event?5creation?$AA@ (`string')
E4F 00000000 SECT429 notype       Static      | .rdata
    Section length   14, #relocs    0, #linenums    0, checksum 7CCEEB34, selection    2 (pick any)
E51 00000000 SECT429 notype       External    | ??_C@_0BE@IMOEIPEG@pending?5observation?$AA@ (`string')
E52 00000000 SECT42A notype       Static      | .rdata
    Section length    8, #relocs    0, #linenums    0, checksum AB72F85E, selection    2 (pick any)
E54 00000000 SECT42A notype       External    | ??_C@_07DBKPNIMI@consume?$AA@ (`string')
E55 00000000 SECT42B notype       Static      | .rdata
    Section length   13, #relocs    0, #linenums    0, checksum 25BAFE1C, selection    2 (pick any)
E57 00000000 SECT42B notype       External    | ??_C@_0BD@ENMIIM@prepare?5transition?$AA@ (`string')
E58 00000000 SECT42C notype       Static      | .rdata
    Section length   14, #relocs    0, #linenums    0, checksum 71BB1A93, selection    2 (pick any)
E5A 00000000 SECT42C notype       External    | ??_C@_0BE@IBJBHOOB@engine?5worker?5start?$AA@ (`string')
E5B 00000000 SECT42D notype       Static      | .rdata
    Section length   11, #relocs    0, #linenums    0, checksum  7FD1C6E, selection    2 (pick any)
E5D 00000000 SECT42D notype       External    | ??_C@_0BB@DBONBCCM@command?5identity?$AA@ (`string')
E5E 00000000 SECT42E notype       Static      | .rdata
    Section length    E, #relocs    0, #linenums    0, checksum  9BF504E, selection    2 (pick any)
E60 00000000 SECT42E notype       External    | ??_C@_0O@CHPLNGHG@admit?5command?$AA@ (`string')
E61 00000000 SECT42F notype       Static      | .rdata
    Section length   10, #relocs    0, #linenums    0, checksum 5081573D, selection    2 (pick any)
E63 00000000 SECT42F notype       External    | ??_C@_0BA@EDMFODJH@return?5identity?$AA@ (`string')
E64 00000000 SECT430 notype       Static      | .rdata
    Section length    F, #relocs    0, #linenums    0, checksum 749E1684, selection    2 (pick any)
E66 00000000 SECT430 notype       External    | ??_C@_0P@FMLCOKJM@forward?5return?$AA@ (`string')
E67 00000000 SECT431 notype       Static      | .rdata
    Section length   18, #relocs    0, #linenums    0, checksum 1380F064, selection    2 (pick any)
E69 00000000 SECT431 notype       External    | ??_C@_0BI@EPLOMFLL@preparation?9free?5return?$AA@ (`string')
E6A 00000000 SECT432 notype       Static      | .rdata
    Section length    D, #relocs    0, #linenums    0, checksum  4B41208, selection    2 (pick any)
E6C 00000000 SECT432 notype       External    | ??_C@_0N@PEDPKLHF@ready?5signal?$AA@ (`string')
E6D 00000000 SECT433 notype       Static      | .rdata
    Section length   12, #relocs    0, #linenums    0, checksum 4E0CCEA4, selection    2 (pick any)
E6F 00000000 SECT433 notype       External    | ??_C@_0BC@NGOIPOBG@callback?5endpoint?$AA@ (`string')
E70 00000000 SECT434 notype       Static      | .rdata
    Section length   21, #relocs    0, #linenums    0, checksum 1CF341DA, selection    2 (pick any)
E72 00000000 SECT434 notype       External    | ??_C@_0CB@JJHAIEKI@reverse?5before?5table?5preparation@ (`string')
E73 00000000 SECT435 notype       Static      | .rdata
    Section length   1A, #relocs    0, #linenums    0, checksum E5BD5620, selection    2 (pick any)
E75 00000000 SECT435 notype       External    | ??_C@_0BK@LFKOBHON@callback?5control?5rejected?$AA@ (`string')
E76 00000000 SECT436 notype       Static      | .rdata
    Section length   14, #relocs    0, #linenums    0, checksum 413F672E, selection    2 (pick any)
E78 00000000 SECT436 notype       External    | ??_C@_0BE@LBBFADFM@file?5work?5uncertain?$AA@ (`string')
E79 00000000 SECT437 notype       Static      | .rdata
    Section length   14, #relocs    0, #linenums    0, checksum F4257E27, selection    2 (pick any)
E7B 00000000 SECT437 notype       External    | ??_C@_0BE@EAPBKFF@reply?5queue?5failure?$AA@ (`string')
E7C 00000000 SECT438 notype       Static      | .rdata
    Section length    D, #relocs    0, #linenums    0, checksum 4CE64732, selection    2 (pick any)
E7E 00000000 SECT438 notype       External    | ??_C@_0N@LMGNPOEP@control?5wait?$AA@ (`string')
E7F 00000000 SECT439 notype       Static      | .rdata
    Section length   8E, #relocs    0, #linenums    0, checksum 813BAE69, selection    2 (pick any)
E81 00000000 SECT439 notype       External    | ??_C@_1IO@FKLKODGG@?$AAC?$AA?3?$AA?2?$AAP?$AAr?$AAo?$AAg?$AAr?$AAa?$AAm?$AA?5?$AAF?$AAi?$AAl?$AAe?$AAs?$AA?5?$AA?$CI?$AAx?$AA8?$AA6?$AA?$CJ?$AA?2?$AAM?$AAi?$AAc?$AAr?$AAo?$AAs?$AAo?$AAf?$AAt@ (`string')
E82 00000000 SECT43A notype       Static      | .bss
    Section length    8, #relocs    0, #linenums    0, checksum        0, selection    2 (pick any)
E84 00000000 SECT43A notype       External    | ?id@?$numpunct@D@std@@2V0locale@2@A (public: static class std::locale::id std::numpunct<char>::id)
E85 00000000 SECT43B notype       Static      | .bss
    Section length    8, #relocs    0, #linenums    0, checksum        0, selection    2 (pick any)
E87 00000000 SECT43B notype       External    | ?id@?$numpunct@_W@std@@2V0locale@2@A (public: static class std::locale::id std::numpunct<wchar_t>::id)
E88 00000000 SECT43C notype       Static      | .rdata
    Section length   10, #relocs    0, #linenums    0, checksum 869C5FA0, selection    2 (pick any)
E8A 00000000 SECT43C notype       External    | ??_C@_0BA@JFNIOLAK@string?5too?5long?$AA@ (`string')
E8B 00000000 SECT43D notype       Static      | .rdata
    Section length   18, #relocs    0, #linenums    0, checksum 79C52538, selection    2 (pick any)
E8D 00000000 SECT43D notype       External    | ??_C@_0BI@CFPLBAOH@invalid?5string?5position?$AA@ (`string')
E8E 00000000 SECT43E notype       Static      | .rdata
    Section length   13, #relocs    0, #linenums    0, checksum CEE728DA, selection    2 (pick any)
E90 00000000 SECT43E notype       External    | ??_C@_0BD@OLBABOEK@vector?$DMT?$DO?5too?5long?$AA@ (`string')
E91 00000000 SECT43F notype       Static      | .rdata
    Section length   2A, #relocs    0, #linenums    0, checksum 55665FBD, selection    2 (pick any)
E93 00000000 SECT43F notype       External    | ??_C@_1CK@EOPGIILJ@?$AAi?$AAn?$AAv?$AAa?$AAl?$AAi?$AAd?$AA?5?$AAn?$AAu?$AAl?$AAl?$AA?5?$AAp?$AAo?$AAi?$AAn?$AAt?$AAe?$AAr?$AA?$AA@ (`string')
E94 00000000 SECT440 notype       Static      | .rdata
    Section length   2E, #relocs    0, #linenums    0, checksum CA385A6C, selection    2 (pick any)
E96 00000000 SECT440 notype       External    | ??_C@_1CO@DGLIKNHI@?$AAi?$AAn?$AAv?$AAa?$AAl?$AAi?$AAd?$AA?5?$AAi?$AAt?$AAe?$AAr?$AAa?$AAt?$AAo?$AAr?$AA?5?$AAr?$AAa?$AAn?$AAg?$AAe?$AA?$AA@ (`string')
E97 00000000 SECT441 notype       Static      | .rdata
    Section length   28, #relocs    5, #linenums    0, checksum        0, selection    6 (pick largest)
E99 00000008 SECT441 notype       External    | ??_7?$_Ref_count@UTicket@?A0xabeb220a@MilesClientRuntime53@@@std@@6B@ (const std::_Ref_count<struct MilesClientRuntime53::`anonymous namespace'::Ticket>::`vftable')
E9A 00000000 SECT442 notype       Static      | .rdata
    Section length   28, #relocs    5, #linenums    0, checksum        0, selection    6 (pick largest)
E9C 00000008 SECT442 notype       External    | ??_7?$_Ref_count@UFileSessionContext@MilesFileOwner36@@@std@@6B@ (const std::_Ref_count<struct MilesFileOwner36::FileSessionContext>::`vftable')
E9D 00000000 SECT443 notype       Static      | .rdata
    Section length   8E, #relocs    0, #linenums    0, checksum 6FB757B8, selection    2 (pick any)
E9F 00000000 SECT443 notype       External    | ??_C@_1IO@LEDGBKLH@?$AAC?$AA?3?$AA?2?$AAP?$AAr?$AAo?$AAg?$AAr?$AAa?$AAm?$AA?5?$AAF?$AAi?$AAl?$AAe?$AAs?$AA?5?$AA?$CI?$AAx?$AA8?$AA6?$AA?$CJ?$AA?2?$AAM?$AAi?$AAc?$AAr?$AAo?$AAs?$AAo?$AAf?$AAt@ (`string')
EA0 00000000 SECT444 notype       Static      | .rdata$r
    Section length   24, #relocs    2, #linenums    0, checksum 3AD97647, selection    2 (pick any)
EA2 00000000 SECT444 notype       External    | ??_R1A@?0A@EA@exception@std@@8 (std::exception::`RTTI Base Class Descriptor at (0,-1,0,64)')
EA3 00000000 SECT445 notype       Static      | .rdata$r
    Section length   14, #relocs    1, #linenums    0, checksum CCAA009E, selection    2 (pick any)
EA5 00000000 SECT445 notype       External    | ??_R3exception@std@@8 (std::exception::`RTTI Class Hierarchy Descriptor')
EA6 00000000 SECT446 notype       Static      | .rdata$r
    Section length    C, #relocs    1, #linenums    0, checksum        0, selection    2 (pick any)
EA8 00000000 SECT446 notype       External    | ??_R2exception@std@@8 (std::exception::`RTTI Base Class Array')
EA9 00000000 SECT447 notype       Static      | .rdata$r
    Section length   24, #relocs    3, #linenums    0, checksum 81256527, selection    2 (pick any)
EAB 00000000 SECT447 notype       External    | ??_R4logic_error@std@@6B@ (const std::logic_error::`RTTI Complete Object Locator')
EAC 00000000 SECT448 notype       Static      | .rdata$r
    Section length   14, #relocs    1, #linenums    0, checksum 4225077D, selection    2 (pick any)
EAE 00000000 SECT448 notype       External    | ??_R3logic_error@std@@8 (std::logic_error::`RTTI Class Hierarchy Descriptor')
EAF 00000000 SECT449 notype       Static      | .rdata$r
    Section length   14, #relocs    2, #linenums    0, checksum        0, selection    2 (pick any)
EB1 00000000 SECT449 notype       External    | ??_R2logic_error@std@@8 (std::logic_error::`RTTI Base Class Array')
EB2 00000000 SECT44A notype       Static      | .rdata$r
    Section length   24, #relocs    2, #linenums    0, checksum BBFC1360, selection    2 (pick any)
EB4 00000000 SECT44A notype       External    | ??_R1A@?0A@EA@logic_error@std@@8 (std::logic_error::`RTTI Base Class Descriptor at (0,-1,0,64)')
EB5 00000000 SECT44B notype       Static      | .rdata$r
    Section length   24, #relocs    3, #linenums    0, checksum 81256527, selection    2 (pick any)
EB7 00000000 SECT44B notype       External    | ??_R4invalid_argument@std@@6B@ (const std::invalid_argument::`RTTI Complete Object Locator')
EB8 00000000 SECT44C notype       Static      | .rdata$r
    Section length   14, #relocs    1, #linenums    0, checksum 8E8F07E3, selection    2 (pick any)
EBA 00000000 SECT44C notype       External    | ??_R3invalid_argument@std@@8 (std::invalid_argument::`RTTI Class Hierarchy Descriptor')
EBB 00000000 SECT44D notype       Static      | .rdata$r
    Section length   1C, #relocs    3, #linenums    0, checksum        0, selection    2 (pick any)
EBD 00000000 SECT44D notype       External    | ??_R2invalid_argument@std@@8 (std::invalid_argument::`RTTI Base Class Array')
EBE 00000000 SECT44E notype       Static      | .rdata$r
    Section length   24, #relocs    2, #linenums    0, checksum E3E2BA48, selection    2 (pick any)
EC0 00000000 SECT44E notype       External    | ??_R1A@?0A@EA@invalid_argument@std@@8 (std::invalid_argument::`RTTI Base Class Descriptor at (0,-1,0,64)')
EC1 00000000 SECT44F notype       Static      | .rdata$r
    Section length   24, #relocs    3, #linenums    0, checksum 81256527, selection    2 (pick any)
EC3 00000000 SECT44F notype       External    | ??_R4runtime_error@std@@6B@ (const std::runtime_error::`RTTI Complete Object Locator')
EC4 00000000 SECT450 notype       Static      | .rdata$r
    Section length   14, #relocs    1, #linenums    0, checksum 4225077D, selection    2 (pick any)
EC6 00000000 SECT450 notype       External    | ??_R3runtime_error@std@@8 (std::runtime_error::`RTTI Class Hierarchy Descriptor')
EC7 00000000 SECT451 notype       Static      | .rdata$r
    Section length   14, #relocs    2, #linenums    0, checksum        0, selection    2 (pick any)
EC9 00000000 SECT451 notype       External    | ??_R2runtime_error@std@@8 (std::runtime_error::`RTTI Base Class Array')
ECA 00000000 SECT452 notype       Static      | .rdata$r
    Section length   24, #relocs    2, #linenums    0, checksum BBFC1360, selection    2 (pick any)
ECC 00000000 SECT452 notype       External    | ??_R1A@?0A@EA@runtime_error@std@@8 (std::runtime_error::`RTTI Base Class Descriptor at (0,-1,0,64)')
ECD 00000000 SECT453 notype       Static      | .rdata$r
    Section length   24, #relocs    3, #linenums    0, checksum 81256527, selection    2 (pick any)
ECF 00000000 SECT453 notype       External    | ??_R4_Ref_count_base@std@@6B@ (const std::_Ref_count_base::`RTTI Complete Object Locator')
ED0 00000000 SECT454 notype       Static      | .data$r
    Section length   2A, #relocs    1, #linenums    0, checksum 92BD5638, selection    2 (pick any)
ED2 00000000 SECT454 notype       External    | ??_R0?AV_Ref_count_base@std@@@8 (class std::_Ref_count_base `RTTI Type Descriptor')
ED3 00000000 SECT455 notype       Static      | .rdata$r
    Section length   14, #relocs    1, #linenums    0, checksum CCAA009E, selection    2 (pick any)
ED5 00000000 SECT455 notype       External    | ??_R3_Ref_count_base@std@@8 (std::_Ref_count_base::`RTTI Class Hierarchy Descriptor')
ED6 00000000 SECT456 notype       Static      | .rdata$r
    Section length    C, #relocs    1, #linenums    0, checksum        0, selection    2 (pick any)
ED8 00000000 SECT456 notype       External    | ??_R2_Ref_count_base@std@@8 (std::_Ref_count_base::`RTTI Base Class Array')
ED9 00000000 SECT457 notype       Static      | .rdata$r
    Section length   24, #relocs    2, #linenums    0, checksum 3AD97647, selection    2 (pick any)
EDB 00000000 SECT457 notype       External    | ??_R1A@?0A@EA@_Ref_count_base@std@@8 (std::_Ref_count_base::`RTTI Base Class Descriptor at (0,-1,0,64)')
EDC 00000000 SECT458 notype       Static      | .rdata$r
    Section length   24, #relocs    3, #linenums    0, checksum 81256527, selection    2 (pick any)
EDE 00000000 SECT458 notype       External    | ??_R4error_category@std@@6B@ (const std::error_category::`RTTI Complete Object Locator')
EDF 00000000 SECT459 notype       Static      | .data$r
    Section length   29, #relocs    1, #linenums    0, checksum 57781CE5, selection    2 (pick any)
EE1 00000000 SECT459 notype       External    | ??_R0?AVerror_category@std@@@8 (class std::error_category `RTTI Type Descriptor')
EE2 00000000 SECT45A notype       Static      | .rdata$r
    Section length   14, #relocs    1, #linenums    0, checksum CCAA009E, selection    2 (pick any)
EE4 00000000 SECT45A notype       External    | ??_R3error_category@std@@8 (std::error_category::`RTTI Class Hierarchy Descriptor')
EE5 00000000 SECT45B notype       Static      | .rdata$r
    Section length    C, #relocs    1, #linenums    0, checksum        0, selection    2 (pick any)
EE7 00000000 SECT45B notype       External    | ??_R2error_category@std@@8 (std::error_category::`RTTI Base Class Array')
EE8 00000000 SECT45C notype       Static      | .rdata$r
    Section length   24, #relocs    2, #linenums    0, checksum 3AD97647, selection    2 (pick any)
EEA 00000000 SECT45C notype       External    | ??_R1A@?0A@EA@error_category@std@@8 (std::error_category::`RTTI Base Class Descriptor at (0,-1,0,64)')
EEB 00000000 SECT45D notype       Static      | .rdata$r
    Section length   24, #relocs    3, #linenums    0, checksum 81256527, selection    2 (pick any)
EED 00000000 SECT45D notype       External    | ??_R4_Generic_error_category@std@@6B@ (const std::_Generic_error_category::`RTTI Complete Object Locator')
EEE 00000000 SECT45E notype       Static      | .data$r
    Section length   32, #relocs    1, #linenums    0, checksum 61E25741, selection    2 (pick any)
EF0 00000000 SECT45E notype       External    | ??_R0?AV_Generic_error_category@std@@@8 (class std::_Generic_error_category `RTTI Type Descriptor')
EF1 00000000 SECT45F notype       Static      | .rdata$r
    Section length   14, #relocs    1, #linenums    0, checksum 4225077D, selection    2 (pick any)
EF3 00000000 SECT45F notype       External    | ??_R3_Generic_error_category@std@@8 (std::_Generic_error_category::`RTTI Class Hierarchy Descriptor')
EF4 00000000 SECT460 notype       Static      | .rdata$r
    Section length   14, #relocs    2, #linenums    0, checksum        0, selection    2 (pick any)
EF6 00000000 SECT460 notype       External    | ??_R2_Generic_error_category@std@@8 (std::_Generic_error_category::`RTTI Base Class Array')
EF7 00000000 SECT461 notype       Static      | .rdata$r
    Section length   24, #relocs    2, #linenums    0, checksum BBFC1360, selection    2 (pick any)
EF9 00000000 SECT461 notype       External    | ??_R1A@?0A@EA@_Generic_error_category@std@@8 (std::_Generic_error_category::`RTTI Base Class Descriptor at (0,-1,0,64)')
EFA 00000000 SECT462 notype       Static      | .rdata$r
    Section length   24, #relocs    3, #linenums    0, checksum 81256527, selection    2 (pick any)
EFC 00000000 SECT462 notype       External    | ??_R4_Iostream_error_category@std@@6B@ (const std::_Iostream_error_category::`RTTI Complete Object Locator')
EFD 00000000 SECT463 notype       Static      | .data$r
    Section length   33, #relocs    1, #linenums    0, checksum 9ABBB05D, selection    2 (pick any)
EFF 00000000 SECT463 notype       External    | ??_R0?AV_Iostream_error_category@std@@@8 (class std::_Iostream_error_category `RTTI Type Descriptor')
F00 00000000 SECT464 notype       Static      | .rdata$r
    Section length   14, #relocs    1, #linenums    0, checksum 8E8F07E3, selection    2 (pick any)
F02 00000000 SECT464 notype       External    | ??_R3_Iostream_error_category@std@@8 (std::_Iostream_error_category::`RTTI Class Hierarchy Descriptor')
F03 00000000 SECT465 notype       Static      | .rdata$r
    Section length   1C, #relocs    3, #linenums    0, checksum        0, selection    2 (pick any)
F05 00000000 SECT465 notype       External    | ??_R2_Iostream_error_category@std@@8 (std::_Iostream_error_category::`RTTI Base Class Array')
F06 00000000 SECT466 notype       Static      | .rdata$r
    Section length   24, #relocs    2, #linenums    0, checksum E3E2BA48, selection    2 (pick any)
F08 00000000 SECT466 notype       External    | ??_R1A@?0A@EA@_Iostream_error_category@std@@8 (std::_Iostream_error_category::`RTTI Base Class Descriptor at (0,-1,0,64)')
F09 00000000 SECT467 notype       Static      | .rdata$r
    Section length   24, #relocs    3, #linenums    0, checksum 81256527, selection    2 (pick any)
F0B 00000000 SECT467 notype       External    | ??_R4_System_error_category@std@@6B@ (const std::_System_error_category::`RTTI Complete Object Locator')
F0C 00000000 SECT468 notype       Static      | .data$r
    Section length   31, #relocs    1, #linenums    0, checksum FF15FF41, selection    2 (pick any)
F0E 00000000 SECT468 notype       External    | ??_R0?AV_System_error_category@std@@@8 (class std::_System_error_category `RTTI Type Descriptor')
F0F 00000000 SECT469 notype       Static      | .rdata$r
    Section length   14, #relocs    1, #linenums    0, checksum 8E8F07E3, selection    2 (pick any)
F11 00000000 SECT469 notype       External    | ??_R3_System_error_category@std@@8 (std::_System_error_category::`RTTI Class Hierarchy Descriptor')
F12 00000000 SECT46A notype       Static      | .rdata$r
    Section length   1C, #relocs    3, #linenums    0, checksum        0, selection    2 (pick any)
F14 00000000 SECT46A notype       External    | ??_R2_System_error_category@std@@8 (std::_System_error_category::`RTTI Base Class Array')
F15 00000000 SECT46B notype       Static      | .rdata$r
    Section length   24, #relocs    2, #linenums    0, checksum E3E2BA48, selection    2 (pick any)
F17 00000000 SECT46B notype       External    | ??_R1A@?0A@EA@_System_error_category@std@@8 (std::_System_error_category::`RTTI Base Class Descriptor at (0,-1,0,64)')
F18 00000000 SECT46C notype       Static      | .rdata$r
    Section length   24, #relocs    3, #linenums    0, checksum 81256527, selection    2 (pick any)
F1A 00000000 SECT46C notype       External    | ??_R4?$_Ref_count@UTicket@?A0xabeb220a@MilesClientRuntime53@@@std@@6B@ (const std::_Ref_count<struct MilesClientRuntime53::`anonymous namespace'::Ticket>::`RTTI Complete Object Locator')
F1B 00000000 SECT46D notype       Static      | .data$r
    Section length   53, #relocs    1, #linenums    0, checksum  EF90C60, selection    2 (pick any)
F1D 00000000 SECT46D notype       External    | ??_R0?AV?$_Ref_count@UTicket@?A0xabeb220a@MilesClientRuntime53@@@std@@@8 (class std::_Ref_count<struct MilesClientRuntime53::`anonymous namespace'::Ticket> `RTTI Type Descriptor')
F1E 00000000 SECT46E notype       Static      | .rdata$r
    Section length   14, #relocs    1, #linenums    0, checksum 4225077D, selection    2 (pick any)
F20 00000000 SECT46E notype       External    | ??_R3?$_Ref_count@UTicket@?A0xabeb220a@MilesClientRuntime53@@@std@@8 (std::_Ref_count<struct MilesClientRuntime53::`anonymous namespace'::Ticket>::`RTTI Class Hierarchy Descriptor')
F21 00000000 SECT46F notype       Static      | .rdata$r
    Section length   14, #relocs    2, #linenums    0, checksum        0, selection    2 (pick any)
F23 00000000 SECT46F notype       External    | ??_R2?$_Ref_count@UTicket@?A0xabeb220a@MilesClientRuntime53@@@std@@8 (std::_Ref_count<struct MilesClientRuntime53::`anonymous namespace'::Ticket>::`RTTI Base Class Array')
F24 00000000 SECT470 notype       Static      | .rdata$r
    Section length   24, #relocs    2, #linenums    0, checksum BBFC1360, selection    2 (pick any)
F26 00000000 SECT470 notype       External    | ??_R1A@?0A@EA@?$_Ref_count@UTicket@?A0xabeb220a@MilesClientRuntime53@@@std@@8 (std::_Ref_count<struct MilesClientRuntime53::`anonymous namespace'::Ticket>::`RTTI Base Class Descriptor at (0,-1,0,64)')
F27 00000000 SECT471 notype       Static      | .rdata$r
    Section length   24, #relocs    3, #linenums    0, checksum 81256527, selection    2 (pick any)
F29 00000000 SECT471 notype       External    | ??_R4?$_Ref_count@UFileSessionContext@MilesFileOwner36@@@std@@6B@ (const std::_Ref_count<struct MilesFileOwner36::FileSessionContext>::`RTTI Complete Object Locator')
F2A 00000000 SECT472 notype       Static      | .data$r
    Section length   4E, #relocs    1, #linenums    0, checksum 34A14453, selection    2 (pick any)
F2C 00000000 SECT472 notype       External    | ??_R0?AV?$_Ref_count@UFileSessionContext@MilesFileOwner36@@@std@@@8 (class std::_Ref_count<struct MilesFileOwner36::FileSessionContext> `RTTI Type Descriptor')
F2D 00000000 SECT473 notype       Static      | .rdata$r
    Section length   14, #relocs    1, #linenums    0, checksum 4225077D, selection    2 (pick any)
F2F 00000000 SECT473 notype       External    | ??_R3?$_Ref_count@UFileSessionContext@MilesFileOwner36@@@std@@8 (std::_Ref_count<struct MilesFileOwner36::FileSessionContext>::`RTTI Class Hierarchy Descriptor')
F30 00000000 SECT474 notype       Static      | .rdata$r
    Section length   14, #relocs    2, #linenums    0, checksum        0, selection    2 (pick any)
F32 00000000 SECT474 notype       External    | ??_R2?$_Ref_count@UFileSessionContext@MilesFileOwner36@@@std@@8 (std::_Ref_count<struct MilesFileOwner36::FileSessionContext>::`RTTI Base Class Array')
F33 00000000 SECT475 notype       Static      | .rdata$r
    Section length   24, #relocs    2, #linenums    0, checksum BBFC1360, selection    2 (pick any)
F35 00000000 SECT475 notype       External    | ??_R1A@?0A@EA@?$_Ref_count@UFileSessionContext@MilesFileOwner36@@@std@@8 (std::_Ref_count<struct MilesFileOwner36::FileSessionContext>::`RTTI Base Class Descriptor at (0,-1,0,64)')
F36 00000000 UNDEF  notype       External     | _fltused
F37 00000000 SECT476 notype       Static      | .CRT$XCU
    Section length   20, #relocs    4, #linenums    0, checksum        0
F39 00000000 SECT476 notype       Static      | piecewise_construct$initializer$
F3A 00000008 SECT476 notype       Static      | allocator_arg$initializer$
F3B 00000010 SECT476 notype       Static      | ignore$initializer$
F3C 00000018 SECT476 notype       Static      | _Tuple_alloc$initializer$
F3D 00000000 SECT477 notype       Static      | .CRT$XCU
    Section length    8, #relocs    1, #linenums    0, checksum        0, selection    5 (pick associative Section 0x423)
F3F 00000000 SECT477 notype       Static      | ?_Generic_object$initializer$@?$_Error_objects@H@std@@2P6AXXZEA (public: static void (__cdecl* std::_Error_objects<int>::_Generic_object$initializer$)(void))
F40 00000000 SECT478 notype       Static      | .CRT$XCU
    Section length    8, #relocs    1, #linenums    0, checksum        0, selection    5 (pick associative Section 0x424)
F42 00000000 SECT478 notype       Static      | ?_Iostream_object$initializer$@?$_Error_objects@H@std@@2P6AXXZEA (public: static void (__cdecl* std::_Error_objects<int>::_Iostream_object$initializer$)(void))
F43 00000000 SECT479 notype       Static      | .CRT$XCU
    Section length    8, #relocs    1, #linenums    0, checksum        0, selection    5 (pick associative Section 0x425)
F45 00000000 SECT479 notype       Static      | ?_System_object$initializer$@?$_Error_objects@H@std@@2P6AXXZEA (public: static void (__cdecl* std::_Error_objects<int>::_System_object$initializer$)(void))
F46 00000000 SECT47A notype       Static      | .CRT$XCU
    Section length    8, #relocs    1, #linenums    0, checksum        0, selection    5 (pick associative Section 0x426)
F48 00000000 SECT47A notype       Static      | ?id$initializer$@?$num_put@DV?$back_insert_iterator@V?$basic_string@DU?$char_traits@D@std@@V?$allocator@D@2@@std@@@std@@@std@@2P6AXXZEA (public: static void (__cdecl* std::num_put<char,class std::back_insert_iterator<class std::basic_string<char,struct std::char_traits<char>,class std::allocator<char> > > >::id$initializer$)(void))
F49 00000000 SECT47B notype       Static      | .CRT$XCU
    Section length    8, #relocs    1, #linenums    0, checksum        0, selection    5 (pick associative Section 0x427)
F4B 00000000 SECT47B notype       Static      | ?id$initializer$@?$num_put@_WV?$back_insert_iterator@V?$basic_string@_WU?$char_traits@_W@std@@V?$allocator@_W@2@@std@@@std@@@std@@2P6AXXZEA (public: static void (__cdecl* std::num_put<wchar_t,class std::back_insert_iterator<class std::basic_string<wchar_t,struct std::char_traits<wchar_t>,class std::allocator<wchar_t> > > >::id$initializer$)(void))
F4C 00000000 SECT47C notype       Static      | .CRT$XCU
    Section length    8, #relocs    1, #linenums    0, checksum        0, selection    5 (pick associative Section 0x43A)
F4E 00000000 SECT47C notype       Static      | ?id$initializer$@?$numpunct@D@std@@2P6AXXZEA (public: static void (__cdecl* std::numpunct<char>::id$initializer$)(void))
F4F 00000000 SECT47D notype       Static      | .CRT$XCU
    Section length    8, #relocs    1, #linenums    0, checksum        0, selection    5 (pick associative Section 0x43B)
F51 00000000 SECT47D notype       Static      | ?id$initializer$@?$numpunct@_W@std@@2P6AXXZEA (public: static void (__cdecl* std::numpunct<wchar_t>::id$initializer$)(void))

String Table Size = 0x1B750 bytes

  Summary

          58 .CRT$XCU
          3C .bss
         227 .data$r
          C8 .debug$S
         34F .drectve
         F18 .pdata
         85A .rdata
         4AC .rdata$r
         128 .text$di
        5FA7 .text$mn
         662 .text$x
          3F .text$yd
        1384 .xdata
          F8 .xdata$x
