Microsoft (R) COFF/PE Dumper Version 12.00.40629.0
Copyright (C) Microsoft Corporation.  All rights reserved.


Dump of file C:\native74-closure\results\amd64-file-owner36-session_file_owner\amd64-file-owner36-session_file_owner.obj

File Type: COFF OBJECT

COFF SYMBOL TABLE
000 00E19EB5 ABS    notype       Static       | @comp.id
001 80000190 ABS    notype       Static       | @feat.00
002 00000000 SECT1  notype       Static       | .drectve
    Section length  321, #relocs    0, #linenums    0, checksum        0
004 00000000 SECT2  notype       Static       | .debug$S
    Section length   BC, #relocs    0, #linenums    0, checksum        0
006 00000000 SECT3  notype       Static       | .rdata
    Section length  108, #relocs    9, #linenums    0, checksum D43884C8
008 00000000 SECT3  notype       Static       | $SG46337
009 00000048 SECT3  notype       Static       | $SG46341
00A 00000000 SECT4  notype       Static       | .text$mn
    Section length 1AE7, #relocs   F1, #linenums    0, checksum  D4FDA14
00C 00000000 SECT5  notype       Static       | .text$x
    Section length  255, #relocs   19, #linenums    0, checksum F4F7E00C
00E 00000000 SECT6  notype       Static       | .text$mn
    Section length   3B, #relocs    2, #linenums    0, checksum 77F68A20, selection    2 (pick any)
010 00000000 SECT7  notype       Static       | .text$mn
    Section length   31, #relocs    2, #linenums    0, checksum 5B862D82, selection    2 (pick any)
012 00000000 SECT8  notype       Static       | .text$mn
    Section length   31, #relocs    2, #linenums    0, checksum 5B862D82, selection    2 (pick any)
014 00000000 SECT9  notype       Static       | .text$mn
    Section length   4D, #relocs    2, #linenums    0, checksum DD0E9C05, selection    2 (pick any)
016 00000000 SECTA  notype       Static       | .text$mn
    Section length   4F, #relocs    2, #linenums    0, checksum  F0B06F1, selection    2 (pick any)
018 00000000 SECTB  notype       Static       | .text$mn
    Section length   4F, #relocs    2, #linenums    0, checksum  F0B06F1, selection    2 (pick any)
01A 00000000 SECTC  notype       Static       | .text$mn
    Section length   5C, #relocs    2, #linenums    0, checksum C1DA3160, selection    2 (pick any)
01C 00000000 SECTD  notype       Static       | .text$mn
    Section length   5C, #relocs    2, #linenums    0, checksum EBA84DDE, selection    2 (pick any)
01E 00000000 SECTE  notype       Static       | .text$mn
    Section length   5C, #relocs    2, #linenums    0, checksum EBA84DDE, selection    2 (pick any)
020 00000000 SECTF  notype       Static       | .text$mn
    Section length   5F, #relocs    2, #linenums    0, checksum 2E9AE173, selection    2 (pick any)
022 00000000 SECT10 notype       Static       | .text$mn
    Section length   36, #relocs    2, #linenums    0, checksum FBE955A0, selection    2 (pick any)
024 00000000 SECT11 notype       Static       | .text$mn
    Section length   36, #relocs    2, #linenums    0, checksum FBE955A0, selection    2 (pick any)
026 00000000 SECT12 notype       Static       | .text$mn
    Section length   73, #relocs    4, #linenums    0, checksum 7EA4C12E, selection    2 (pick any)
028 00000000 SECT13 notype       Static       | .text$mn
    Section length   4C, #relocs    2, #linenums    0, checksum  5ADB99C, selection    2 (pick any)
02A 00000000 SECT14 notype       Static       | .text$mn
    Section length   45, #relocs    2, #linenums    0, checksum 56644862, selection    2 (pick any)
02C 00000000 SECT15 notype       Static       | .text$mn
    Section length   15, #relocs    0, #linenums    0, checksum 6DD90E1A, selection    2 (pick any)
02E 00000000 SECT16 notype       Static       | .text$mn
    Section length   45, #relocs    2, #linenums    0, checksum 56644862, selection    2 (pick any)
030 00000000 SECT17 notype       Static       | .text$mn
    Section length   4A, #relocs    1, #linenums    0, checksum A39E2D9D, selection    2 (pick any)
032 00000000 SECT18 notype       Static       | .text$mn
    Section length   45, #relocs    2, #linenums    0, checksum 56644862, selection    2 (pick any)
034 00000000 SECT19 notype       Static       | .text$mn
    Section length   4A, #relocs    1, #linenums    0, checksum 1FB5AE21, selection    2 (pick any)
036 00000000 SECT1A notype       Static       | .text$mn
    Section length   45, #relocs    2, #linenums    0, checksum 56644862, selection    2 (pick any)
038 00000000 SECT1B notype       Static       | .text$mn
    Section length   4A, #relocs    1, #linenums    0, checksum 91212C20, selection    2 (pick any)
03A 00000000 SECT1C notype       Static       | .text$mn
    Section length   23, #relocs    0, #linenums    0, checksum 837B2F6D, selection    2 (pick any)
03C 00000000 SECT1D notype       Static       | .text$mn
    Section length    B, #relocs    0, #linenums    0, checksum C455396F, selection    2 (pick any)
03E 00000000 SECT1E notype       Static       | .text$mn
    Section length    B, #relocs    0, #linenums    0, checksum C455396F, selection    2 (pick any)
040 00000000 SECT1F notype       Static       | .text$mn
    Section length    B, #relocs    0, #linenums    0, checksum C455396F, selection    2 (pick any)
042 00000000 SECT20 notype       Static       | .text$mn
    Section length    B, #relocs    0, #linenums    0, checksum C455396F, selection    2 (pick any)
044 00000000 SECT21 notype       Static       | .text$mn
    Section length   17, #relocs    0, #linenums    0, checksum  F6C30BD, selection    2 (pick any)
046 00000000 SECT22 notype       Static       | .text$mn
    Section length   17, #relocs    0, #linenums    0, checksum  F6C30BD, selection    2 (pick any)
048 00000000 SECT23 notype       Static       | .text$mn
    Section length   17, #relocs    0, #linenums    0, checksum  F6C30BD, selection    2 (pick any)
04A 00000000 SECT24 notype       Static       | .text$mn
    Section length   17, #relocs    0, #linenums    0, checksum  F6C30BD, selection    2 (pick any)
04C 00000000 SECT25 notype       Static       | .text$mn
    Section length   1D, #relocs    0, #linenums    0, checksum C7F75F6F, selection    2 (pick any)
04E 00000000 SECT26 notype       Static       | .text$mn
    Section length   2E, #relocs    1, #linenums    0, checksum F96BCF43, selection    2 (pick any)
050 00000000 SECT27 notype       Static       | .text$mn
    Section length   30, #relocs    1, #linenums    0, checksum 667C5976, selection    2 (pick any)
052 00000000 SECT28 notype       Static       | .text$mn
    Section length   2E, #relocs    1, #linenums    0, checksum F96BCF43, selection    2 (pick any)
054 00000000 SECT29 notype       Static       | .text$mn
    Section length   2E, #relocs    1, #linenums    0, checksum F96BCF43, selection    2 (pick any)
056 00000000 SECT2A notype       Static       | .text$mn
    Section length   2E, #relocs    1, #linenums    0, checksum F96BCF43, selection    2 (pick any)
058 00000000 SECT2B notype       Static       | .text$mn
    Section length   3B, #relocs    2, #linenums    0, checksum FE4B0C11, selection    2 (pick any)
05A 00000000 SECT2C notype       Static       | .text$mn
    Section length   90, #relocs    3, #linenums    0, checksum 2955FC97, selection    2 (pick any)
05C 00000000 SECT2D notype       Static       | .text$x
    Section length   73, #relocs    4, #linenums    0, checksum 14BA5D60, selection    5 (pick associative Section 0x2C)
05E 00000000 SECT2E notype       Static       | .text$mn
    Section length   45, #relocs    2, #linenums    0, checksum 98D51049, selection    2 (pick any)
060 00000000 SECT2F notype       Static       | .text$mn
    Section length    B, #relocs    0, #linenums    0, checksum C455396F, selection    2 (pick any)
062 00000000 SECT30 notype       Static       | .text$mn
    Section length   2F, #relocs    1, #linenums    0, checksum D9B019F0, selection    2 (pick any)
064 00000000 SECT31 notype       Static       | .text$mn
    Section length   68, #relocs    1, #linenums    0, checksum DCA80E4B, selection    2 (pick any)
066 00000000 SECT32 notype       Static       | .text$x
    Section length   4C, #relocs    3, #linenums    0, checksum 1406336D, selection    5 (pick associative Section 0x31)
068 00000000 SECT33 notype       Static       | .text$mn
    Section length   68, #relocs    1, #linenums    0, checksum DE7B07B0, selection    2 (pick any)
06A 00000000 SECT34 notype       Static       | .text$x
    Section length   4C, #relocs    3, #linenums    0, checksum  371E5BD, selection    5 (pick associative Section 0x33)
06C 00000000 SECT35 notype       Static       | .text$mn
    Section length   61, #relocs    3, #linenums    0, checksum 43AFE498, selection    2 (pick any)
06E 00000000 SECT36 notype       Static       | .text$mn
    Section length   AA, #relocs    5, #linenums    0, checksum 974A0B8F, selection    2 (pick any)
070 00000000 SECT37 notype       Static       | .text$x
    Section length   4C, #relocs    3, #linenums    0, checksum 458D471D, selection    5 (pick associative Section 0x36)
072 00000000 SECT38 notype       Static       | .text$mn
    Section length   55, #relocs    3, #linenums    0, checksum EBB001DA, selection    2 (pick any)
074 00000000 SECT39 notype       Static       | .text$mn
    Section length   55, #relocs    3, #linenums    0, checksum EBB001DA, selection    2 (pick any)
076 00000000 SECT3A notype       Static       | .text$mn
    Section length   55, #relocs    3, #linenums    0, checksum EBB001DA, selection    2 (pick any)
078 00000000 SECT3B notype       Static       | .text$mn
    Section length   72, #relocs    5, #linenums    0, checksum A787AFF0, selection    2 (pick any)
07A 00000000 SECT3C notype       Static       | .text$mn
    Section length    8, #relocs    0, #linenums    0, checksum 812302C8, selection    2 (pick any)
07C 00000000 SECT3D notype       Static       | .text$mn
    Section length    8, #relocs    0, #linenums    0, checksum 812302C8, selection    2 (pick any)
07E 00000000 SECT3E notype       Static       | .text$mn
    Section length    8, #relocs    0, #linenums    0, checksum 812302C8, selection    2 (pick any)
080 00000000 SECT3F notype       Static       | .text$mn
    Section length    8, #relocs    0, #linenums    0, checksum 812302C8, selection    2 (pick any)
082 00000000 SECT40 notype       Static       | .text$mn
    Section length    B, #relocs    0, #linenums    0, checksum C455396F, selection    2 (pick any)
084 00000000 SECT41 notype       Static       | .text$mn
    Section length    B, #relocs    0, #linenums    0, checksum C455396F, selection    2 (pick any)
086 00000000 SECT42 notype       Static       | .text$mn
    Section length    B, #relocs    0, #linenums    0, checksum C455396F, selection    2 (pick any)
088 00000000 SECT43 notype       Static       | .text$mn
    Section length   34, #relocs    2, #linenums    0, checksum 9ECFE8E9, selection    2 (pick any)
08A 00000000 SECT44 notype       Static       | .text$mn
    Section length   71, #relocs    2, #linenums    0, checksum C994AC2E, selection    2 (pick any)
08C 00000000 SECT45 notype       Static       | .text$x
    Section length   1C, #relocs    1, #linenums    0, checksum CA5043EE, selection    5 (pick associative Section 0x44)
08E 00000000 SECT46 notype       Static       | .text$mn
    Section length   34, #relocs    2, #linenums    0, checksum 9ECFE8E9, selection    2 (pick any)
090 00000000 SECT47 notype       Static       | .text$mn
    Section length   34, #relocs    2, #linenums    0, checksum 9ECFE8E9, selection    2 (pick any)
092 00000000 SECT48 notype       Static       | .text$mn
    Section length   79, #relocs    2, #linenums    0, checksum ACC70000, selection    2 (pick any)
094 00000000 SECT49 notype       Static       | .text$x
    Section length   1C, #relocs    1, #linenums    0, checksum 3B48060D, selection    5 (pick associative Section 0x48)
096 00000000 SECT4A notype       Static       | .text$mn
    Section length   34, #relocs    2, #linenums    0, checksum 9ECFE8E9, selection    2 (pick any)
098 00000000 SECT4B notype       Static       | .text$mn
    Section length   34, #relocs    2, #linenums    0, checksum 9ECFE8E9, selection    2 (pick any)
09A 00000000 SECT4C notype       Static       | .text$mn
    Section length   79, #relocs    2, #linenums    0, checksum E3EEEC4C, selection    2 (pick any)
09C 00000000 SECT4D notype       Static       | .text$x
    Section length   1C, #relocs    1, #linenums    0, checksum 3B48060D, selection    5 (pick associative Section 0x4C)
09E 00000000 SECT4E notype       Static       | .text$mn
    Section length   34, #relocs    2, #linenums    0, checksum 9ECFE8E9, selection    2 (pick any)
0A0 00000000 SECT4F notype       Static       | .text$mn
    Section length   22, #relocs    1, #linenums    0, checksum 34937416, selection    2 (pick any)
0A2 00000000 SECT50 notype       Static       | .text$mn
    Section length   22, #relocs    1, #linenums    0, checksum 34937416, selection    2 (pick any)
0A4 00000000 SECT51 notype       Static       | .text$mn
    Section length   22, #relocs    1, #linenums    0, checksum 34937416, selection    2 (pick any)
0A6 00000000 SECT52 notype       Static       | .text$mn
    Section length    B, #relocs    0, #linenums    0, checksum 38087020, selection    2 (pick any)
0A8 00000000 SECT53 notype       Static       | .text$mn
    Section length   22, #relocs    1, #linenums    0, checksum 34937416, selection    2 (pick any)
0AA 00000000 SECT54 notype       Static       | .text$mn
    Section length   22, #relocs    1, #linenums    0, checksum 34937416, selection    2 (pick any)
0AC 00000000 SECT55 notype       Static       | .text$mn
    Section length    B, #relocs    0, #linenums    0, checksum 38087020, selection    2 (pick any)
0AE 00000000 SECT56 notype       Static       | .text$mn
    Section length   22, #relocs    1, #linenums    0, checksum 34937416, selection    2 (pick any)
0B0 00000000 SECT57 notype       Static       | .text$mn
    Section length   22, #relocs    1, #linenums    0, checksum 34937416, selection    2 (pick any)
0B2 00000000 SECT58 notype       Static       | .text$mn
    Section length    B, #relocs    0, #linenums    0, checksum 38087020, selection    2 (pick any)
0B4 00000000 SECT59 notype       Static       | .text$mn
    Section length   22, #relocs    1, #linenums    0, checksum 34937416, selection    2 (pick any)
0B6 00000000 SECT5A notype       Static       | .text$mn
    Section length   22, #relocs    1, #linenums    0, checksum 34937416, selection    2 (pick any)
0B8 00000000 SECT5B notype       Static       | .text$mn
    Section length   1F, #relocs    1, #linenums    0, checksum 3DF551A0, selection    2 (pick any)
0BA 00000000 SECT5C notype       Static       | .text$mn
    Section length   22, #relocs    1, #linenums    0, checksum 34937416, selection    2 (pick any)
0BC 00000000 SECT5D notype       Static       | .text$mn
    Section length   22, #relocs    1, #linenums    0, checksum 34937416, selection    2 (pick any)
0BE 00000000 SECT5E notype       Static       | .text$mn
    Section length   1F, #relocs    1, #linenums    0, checksum 3DF551A0, selection    2 (pick any)
0C0 00000000 SECT5F notype       Static       | .text$mn
    Section length   22, #relocs    1, #linenums    0, checksum 34937416, selection    2 (pick any)
0C2 00000000 SECT60 notype       Static       | .text$mn
    Section length    B, #relocs    0, #linenums    0, checksum C455396F, selection    2 (pick any)
0C4 00000000 SECT61 notype       Static       | .text$mn
    Section length    B, #relocs    0, #linenums    0, checksum C455396F, selection    2 (pick any)
0C6 00000000 SECT62 notype       Static       | .text$mn
    Section length    B, #relocs    0, #linenums    0, checksum C455396F, selection    2 (pick any)
0C8 00000000 SECT63 notype       Static       | .text$mn
    Section length    B, #relocs    0, #linenums    0, checksum C455396F, selection    2 (pick any)
0CA 00000000 SECT64 notype       Static       | .text$mn
    Section length    B, #relocs    0, #linenums    0, checksum C455396F, selection    2 (pick any)
0CC 00000000 SECT65 notype       Static       | .text$mn
    Section length    B, #relocs    0, #linenums    0, checksum C455396F, selection    2 (pick any)
0CE 00000000 SECT66 notype       Static       | .text$mn
    Section length    B, #relocs    0, #linenums    0, checksum C455396F, selection    2 (pick any)
0D0 00000000 SECT67 notype       Static       | .text$mn
    Section length    B, #relocs    0, #linenums    0, checksum C455396F, selection    2 (pick any)
0D2 00000000 SECT68 notype       Static       | .text$mn
    Section length    B, #relocs    0, #linenums    0, checksum C455396F, selection    2 (pick any)
0D4 00000000 SECT69 notype       Static       | .text$mn
    Section length    B, #relocs    0, #linenums    0, checksum C455396F, selection    2 (pick any)
0D6 00000000 SECT6A notype       Static       | .text$mn
    Section length    B, #relocs    0, #linenums    0, checksum C455396F, selection    2 (pick any)
0D8 00000000 SECT6B notype       Static       | .text$mn
    Section length   4F, #relocs    3, #linenums    0, checksum 33A81345, selection    2 (pick any)
0DA 00000000 SECT6C notype       Static       | .text$mn
    Section length   4F, #relocs    3, #linenums    0, checksum 33A81345, selection    2 (pick any)
0DC 00000000 SECT6D notype       Static       | .text$mn
    Section length   4F, #relocs    3, #linenums    0, checksum 33A81345, selection    2 (pick any)
0DE 00000000 SECT6E notype       Static       | .text$mn
    Section length   4F, #relocs    3, #linenums    0, checksum 33A81345, selection    2 (pick any)
0E0 00000000 SECT6F notype       Static       | .text$mn
    Section length   48, #relocs    2, #linenums    0, checksum 61A85DA4, selection    2 (pick any)
0E2 00000000 SECT70 notype       Static       | .text$mn
    Section length   24, #relocs    0, #linenums    0, checksum 3907F832, selection    2 (pick any)
0E4 00000000 SECT71 notype       Static       | .text$mn
    Section length   24, #relocs    0, #linenums    0, checksum 3907F832, selection    2 (pick any)
0E6 00000000 SECT72 notype       Static       | .text$mn
    Section length   24, #relocs    0, #linenums    0, checksum 3907F832, selection    2 (pick any)
0E8 00000000 SECT73 notype       Static       | .text$mn
    Section length   48, #relocs    2, #linenums    0, checksum 61A85DA4, selection    2 (pick any)
0EA 00000000 SECT74 notype       Static       | .text$mn
    Section length   24, #relocs    0, #linenums    0, checksum 3907F832, selection    2 (pick any)
0EC 00000000 SECT75 notype       Static       | .text$mn
    Section length   24, #relocs    0, #linenums    0, checksum 3907F832, selection    2 (pick any)
0EE 00000000 SECT76 notype       Static       | .text$mn
    Section length   3F, #relocs    2, #linenums    0, checksum 285DCDBB, selection    2 (pick any)
0F0 00000000 SECT77 notype       Static       | .text$mn
    Section length   37, #relocs    2, #linenums    0, checksum E4A35C9B, selection    2 (pick any)
0F2 00000000 SECT78 notype       Static       | .text$x
    Section length   18, #relocs    1, #linenums    0, checksum 4623BED5, selection    5 (pick associative Section 0x77)
0F4 00000000 SECT79 notype       Static       | .text$mn
    Section length   37, #relocs    1, #linenums    0, checksum  DBA2702, selection    2 (pick any)
0F6 00000000 SECT7A notype       Static       | .text$mn
    Section length   2F, #relocs    1, #linenums    0, checksum B959EF18, selection    2 (pick any)
0F8 00000000 SECT7B notype       Static       | .text$mn
    Section length   37, #relocs    2, #linenums    0, checksum E4A35C9B, selection    2 (pick any)
0FA 00000000 SECT7C notype       Static       | .text$x
    Section length   18, #relocs    1, #linenums    0, checksum 4623BED5, selection    5 (pick associative Section 0x7B)
0FC 00000000 SECT7D notype       Static       | .text$mn
    Section length   37, #relocs    2, #linenums    0, checksum E4A35C9B, selection    2 (pick any)
0FE 00000000 SECT7E notype       Static       | .text$x
    Section length   18, #relocs    1, #linenums    0, checksum 4623BED5, selection    5 (pick associative Section 0x7D)
100 00000000 SECT7F notype       Static       | .text$mn
    Section length   37, #relocs    2, #linenums    0, checksum E4A35C9B, selection    2 (pick any)
102 00000000 SECT80 notype       Static       | .text$x
    Section length   18, #relocs    1, #linenums    0, checksum 4623BED5, selection    5 (pick associative Section 0x7F)
104 00000000 SECT81 notype       Static       | .text$mn
    Section length   37, #relocs    2, #linenums    0, checksum E4A35C9B, selection    2 (pick any)
106 00000000 SECT82 notype       Static       | .text$x
    Section length   18, #relocs    1, #linenums    0, checksum 4623BED5, selection    5 (pick associative Section 0x81)
108 00000000 SECT83 notype       Static       | .text$mn
    Section length   44, #relocs    1, #linenums    0, checksum 427B1920, selection    2 (pick any)
10A 00000000 SECT84 notype       Static       | .text$mn
    Section length   44, #relocs    1, #linenums    0, checksum 427B1920, selection    2 (pick any)
10C 00000000 SECT85 notype       Static       | .text$mn
    Section length   44, #relocs    1, #linenums    0, checksum 427B1920, selection    2 (pick any)
10E 00000000 SECT86 notype       Static       | .text$mn
    Section length   44, #relocs    1, #linenums    0, checksum 427B1920, selection    2 (pick any)
110 00000000 SECT87 notype       Static       | .text$mn
    Section length   27, #relocs    1, #linenums    0, checksum AD3E8FD7, selection    2 (pick any)
112 00000000 SECT88 notype       Static       | .text$mn
    Section length   1D, #relocs    1, #linenums    0, checksum A11E7418, selection    2 (pick any)
114 00000000 SECT89 notype       Static       | .text$mn
    Section length   1D, #relocs    1, #linenums    0, checksum A11E7418, selection    2 (pick any)
116 00000000 SECT8A notype       Static       | .text$mn
    Section length   1D, #relocs    1, #linenums    0, checksum A11E7418, selection    2 (pick any)
118 00000000 SECT8B notype       Static       | .text$mn
    Section length   1D, #relocs    1, #linenums    0, checksum A11E7418, selection    2 (pick any)
11A 00000000 SECT8C notype       Static       | .text$mn
    Section length   1D, #relocs    1, #linenums    0, checksum A11E7418, selection    2 (pick any)
11C 00000000 SECT8D notype       Static       | .text$mn
    Section length   1D, #relocs    1, #linenums    0, checksum A11E7418, selection    2 (pick any)
11E 00000000 SECT8E notype       Static       | .text$mn
    Section length   10, #relocs    0, #linenums    0, checksum E0B53F17, selection    2 (pick any)
120 00000000 SECT8F notype       Static       | .text$mn
    Section length    B, #relocs    0, #linenums    0, checksum C455396F, selection    2 (pick any)
122 00000000 SECT90 notype       Static       | .text$mn
    Section length    B, #relocs    0, #linenums    0, checksum C455396F, selection    2 (pick any)
124 00000000 SECT91 notype       Static       | .text$mn
    Section length    B, #relocs    0, #linenums    0, checksum C455396F, selection    2 (pick any)
126 00000000 SECT92 notype       Static       | .text$mn
    Section length    B, #relocs    0, #linenums    0, checksum C455396F, selection    2 (pick any)
128 00000000 SECT93 notype       Static       | .text$mn
    Section length    B, #relocs    0, #linenums    0, checksum C455396F, selection    2 (pick any)
12A 00000000 SECT94 notype       Static       | .text$mn
    Section length    B, #relocs    0, #linenums    0, checksum C455396F, selection    2 (pick any)
12C 00000000 SECT95 notype       Static       | .text$mn
    Section length   74, #relocs    6, #linenums    0, checksum 82DDBD0E, selection    2 (pick any)
12E 00000000 SECT96 notype       Static       | .text$x
    Section length   18, #relocs    1, #linenums    0, checksum 4623BED5, selection    5 (pick associative Section 0x95)
130 00000000 SECT97 notype       Static       | .text$mn
    Section length   58, #relocs    4, #linenums    0, checksum D6DD6782, selection    2 (pick any)
132 00000000 SECT98 notype       Static       | .text$x
    Section length   18, #relocs    1, #linenums    0, checksum 4623BED5, selection    5 (pick associative Section 0x97)
134 00000000 SECT99 notype       Static       | .text$mn
    Section length    B, #relocs    0, #linenums    0, checksum C455396F, selection    2 (pick any)
136 00000000 SECT9A notype       Static       | .text$mn
    Section length   2F, #relocs    2, #linenums    0, checksum 5D5D9198, selection    2 (pick any)
138 00000000 SECT9B notype       Static       | .text$mn
    Section length   31, #relocs    2, #linenums    0, checksum 5B862D82, selection    2 (pick any)
13A 00000000 SECT9C notype       Static       | .text$mn
    Section length   1D, #relocs    1, #linenums    0, checksum A11E7418, selection    2 (pick any)
13C 00000000 SECT9D notype       Static       | .text$mn
    Section length   31, #relocs    2, #linenums    0, checksum 5B862D82, selection    2 (pick any)
13E 00000000 SECT9E notype       Static       | .text$mn
    Section length   1D, #relocs    1, #linenums    0, checksum A11E7418, selection    2 (pick any)
140 00000000 SECT9F notype       Static       | .text$mn
    Section length   31, #relocs    2, #linenums    0, checksum 5B862D82, selection    2 (pick any)
142 00000000 SECTA0 notype       Static       | .text$mn
    Section length   2F, #relocs    2, #linenums    0, checksum 5D5D9198, selection    2 (pick any)
144 00000000 SECTA1 notype       Static       | .text$mn
    Section length   1D, #relocs    1, #linenums    0, checksum A11E7418, selection    2 (pick any)
146 00000000 SECTA2 notype       Static       | .text$mn
    Section length   27, #relocs    1, #linenums    0, checksum AD3E8FD7, selection    2 (pick any)
148 00000000 SECTA3 notype       Static       | .text$mn
    Section length   1F, #relocs    1, #linenums    0, checksum 90100386, selection    2 (pick any)
14A 00000000 SECTA4 notype       Static       | .text$mn
    Section length   90, #relocs    5, #linenums    0, checksum 37C4E5C9, selection    2 (pick any)
14C 00000000 SECTA5 notype       Static       | .text$x
    Section length   46, #relocs    4, #linenums    0, checksum D654C6CD, selection    5 (pick associative Section 0xA4)
14E 00000000 SECTA6 notype       Static       | .text$mn
    Section length   2A, #relocs    2, #linenums    0, checksum E2FAD6C7, selection    2 (pick any)
150 00000000 SECTA7 notype       Static       | .text$mn
    Section length   91, #relocs    5, #linenums    0, checksum BC8B7BAB, selection    2 (pick any)
152 00000000 SECTA8 notype       Static       | .text$x
    Section length   46, #relocs    4, #linenums    0, checksum D654C6CD, selection    5 (pick associative Section 0xA7)
154 00000000 SECTA9 notype       Static       | .text$mn
    Section length   94, #relocs    5, #linenums    0, checksum 233471AF, selection    2 (pick any)
156 00000000 SECTAA notype       Static       | .text$x
    Section length   46, #relocs    4, #linenums    0, checksum D654C6CD, selection    5 (pick associative Section 0xA9)
158 00000000 SECTAB notype       Static       | .text$mn
    Section length   30, #relocs    0, #linenums    0, checksum 41FA5B34, selection    2 (pick any)
15A 00000000 SECTAC notype       Static       | .text$mn
    Section length   5F, #relocs    0, #linenums    0, checksum 844E297D, selection    2 (pick any)
15C 00000000 SECTAD notype       Static       | .text$mn
    Section length   47, #relocs    0, #linenums    0, checksum A6B7970B, selection    2 (pick any)
15E 00000000 SECTAE notype       Static       | .text$mn
    Section length   F8, #relocs    6, #linenums    0, checksum 19FAD955, selection    2 (pick any)
160 00000000 SECTAF notype       Static       | .text$x
    Section length   5A, #relocs    3, #linenums    0, checksum 5CB24C95, selection    5 (pick associative Section 0xAE)
162 00000000 SECTB0 notype       Static       | .text$mn
    Section length   7C, #relocs    1, #linenums    0, checksum A7670232, selection    2 (pick any)
164 00000000 SECTB1 notype       Static       | .text$mn
    Section length   84, #relocs    5, #linenums    0, checksum 731F593A, selection    2 (pick any)
166 00000000 SECTB2 notype       Static       | .text$x
    Section length   18, #relocs    1, #linenums    0, checksum 4A3B5329, selection    5 (pick associative Section 0xB1)
168 00000000 SECTB3 notype       Static       | .text$mn
    Section length   17, #relocs    0, #linenums    0, checksum 14D30355, selection    2 (pick any)
16A 00000000 SECTB4 notype       Static       | .text$mn
    Section length   24, #relocs    0, #linenums    0, checksum 3907F832, selection    2 (pick any)
16C 00000000 SECTB5 notype       Static       | .text$mn
    Section length   2C, #relocs    2, #linenums    0, checksum 3B1287E9, selection    2 (pick any)
16E 00000000 SECTB6 notype       Static       | .text$mn
    Section length    B, #relocs    0, #linenums    0, checksum C455396F, selection    2 (pick any)
170 00000000 SECTB7 notype       Static       | .text$mn
    Section length   2C, #relocs    2, #linenums    0, checksum 3B1287E9, selection    2 (pick any)
172 00000000 SECTB8 notype       Static       | .text$mn
    Section length   4E, #relocs    3, #linenums    0, checksum C13DADBE, selection    2 (pick any)
174 00000000 SECTB9 notype       Static       | .text$mn
    Section length   2C, #relocs    2, #linenums    0, checksum 3B1287E9, selection    2 (pick any)
176 00000000 SECTBA notype       Static       | .text$mn
    Section length   1A, #relocs    1, #linenums    0, checksum 890E2E7D, selection    2 (pick any)
178 00000000 SECTBB notype       Static       | .text$mn
    Section length   2D, #relocs    0, #linenums    0, checksum 3801AFA1, selection    2 (pick any)
17A 00000000 SECTBC notype       Static       | .text$mn
    Section length   1D, #relocs    0, #linenums    0, checksum C7F75F6F, selection    2 (pick any)
17C 00000000 SECTBD notype       Static       | .text$mn
    Section length   36, #relocs    2, #linenums    0, checksum 7BB6AE8C, selection    2 (pick any)
17E 00000000 SECTBE notype       Static       | .text$mn
    Section length   36, #relocs    2, #linenums    0, checksum 7BB6AE8C, selection    2 (pick any)
180 00000000 SECTBF notype       Static       | .text$mn
    Section length   36, #relocs    2, #linenums    0, checksum 7BB6AE8C, selection    2 (pick any)
182 00000000 SECTC0 notype       Static       | .text$mn
    Section length   36, #relocs    2, #linenums    0, checksum  7F1913B, selection    2 (pick any)
184 00000000 SECTC1 notype       Static       | .text$mn
    Section length   18, #relocs    1, #linenums    0, checksum CC4F429E, selection    2 (pick any)
186 00000000 SECTC2 notype       Static       | .text$mn
    Section length   22, #relocs    2, #linenums    0, checksum 72D15621, selection    2 (pick any)
188 00000000 SECTC3 notype       Static       | .text$mn
    Section length   18, #relocs    1, #linenums    0, checksum CC4F429E, selection    2 (pick any)
18A 00000000 SECTC4 notype       Static       | .text$mn
    Section length   22, #relocs    2, #linenums    0, checksum 72D15621, selection    2 (pick any)
18C 00000000 SECTC5 notype       Static       | .text$mn
    Section length   22, #relocs    2, #linenums    0, checksum 72D15621, selection    2 (pick any)
18E 00000000 SECTC6 notype       Static       | .text$mn
    Section length   22, #relocs    2, #linenums    0, checksum 72D15621, selection    2 (pick any)
190 00000000 SECTC7 notype       Static       | .text$mn
    Section length   22, #relocs    2, #linenums    0, checksum 72D15621, selection    2 (pick any)
192 00000000 SECTC8 notype       Static       | .text$mn
    Section length   18, #relocs    1, #linenums    0, checksum CC4F429E, selection    2 (pick any)
194 00000000 SECTC9 notype       Static       | .text$mn
    Section length   18, #relocs    1, #linenums    0, checksum CC4F429E, selection    2 (pick any)
196 00000000 SECTCA notype       Static       | .text$mn
    Section length   18, #relocs    1, #linenums    0, checksum CC4F429E, selection    2 (pick any)
198 00000000 SECTCB notype       Static       | .text$mn
    Section length   18, #relocs    1, #linenums    0, checksum CC4F429E, selection    2 (pick any)
19A 00000000 SECTCC notype       Static       | .text$mn
    Section length   27, #relocs    2, #linenums    0, checksum B5E61F98, selection    2 (pick any)
19C 00000000 SECTCD notype       Static       | .text$mn
    Section length   18, #relocs    1, #linenums    0, checksum CC4F429E, selection    2 (pick any)
19E 00000000 SECTCE notype       Static       | .text$mn
    Section length   18, #relocs    1, #linenums    0, checksum CC4F429E, selection    2 (pick any)
1A0 00000000 SECTCF notype       Static       | .text$mn
    Section length   18, #relocs    1, #linenums    0, checksum CC4F429E, selection    2 (pick any)
1A2 00000000 SECTD0 notype       Static       | .text$mn
    Section length   18, #relocs    1, #linenums    0, checksum CC4F429E, selection    2 (pick any)
1A4 00000000 SECTD1 notype       Static       | .text$mn
    Section length   33, #relocs    2, #linenums    0, checksum DAE076D8, selection    2 (pick any)
1A6 00000000 SECTD2 notype       Static       | .text$mn
    Section length   22, #relocs    2, #linenums    0, checksum 72D15621, selection    2 (pick any)
1A8 00000000 SECTD3 notype       Static       | .text$mn
    Section length   22, #relocs    2, #linenums    0, checksum 72D15621, selection    2 (pick any)
1AA 00000000 SECTD4 notype       Static       | .text$mn
    Section length   22, #relocs    2, #linenums    0, checksum 72D15621, selection    2 (pick any)
1AC 00000000 SECTD5 notype       Static       | .text$mn
    Section length   22, #relocs    2, #linenums    0, checksum 72D15621, selection    2 (pick any)
1AE 00000000 SECTD6 notype       Static       | .text$mn
    Section length   25, #relocs    1, #linenums    0, checksum DDEAF0CE, selection    2 (pick any)
1B0 00000000 SECTD7 notype       Static       | .text$mn
    Section length   58, #relocs    4, #linenums    0, checksum 273A88B9, selection    2 (pick any)
1B2 00000000 SECTD8 notype       Static       | .text$mn
    Section length   21, #relocs    1, #linenums    0, checksum  47E720E, selection    2 (pick any)
1B4 00000000 SECTD9 notype       Static       | .text$mn
    Section length   1B, #relocs    1, #linenums    0, checksum 9FE3079A, selection    2 (pick any)
1B6 00000000 SECTDA notype       Static       | .text$mn
    Section length   18, #relocs    1, #linenums    0, checksum CC4F429E, selection    2 (pick any)
1B8 00000000 SECTDB notype       Static       | .text$mn
    Section length   18, #relocs    1, #linenums    0, checksum CC4F429E, selection    2 (pick any)
1BA 00000000 SECTDC notype       Static       | .text$mn
    Section length   18, #relocs    1, #linenums    0, checksum CC4F429E, selection    2 (pick any)
1BC 00000000 SECTDD notype       Static       | .text$mn
    Section length   15, #relocs    1, #linenums    0, checksum 4B6EF1AC, selection    2 (pick any)
1BE 00000000 SECTDE notype       Static       | .text$mn
    Section length   18, #relocs    1, #linenums    0, checksum CC4F429E, selection    2 (pick any)
1C0 00000000 SECTDF notype       Static       | .text$mn
    Section length   15, #relocs    1, #linenums    0, checksum 4B6EF1AC, selection    2 (pick any)
1C2 00000000 SECTE0 notype       Static       | .text$mn
    Section length   18, #relocs    1, #linenums    0, checksum CC4F429E, selection    2 (pick any)
1C4 00000000 SECTE1 notype       Static       | .text$mn
    Section length   18, #relocs    1, #linenums    0, checksum CC4F429E, selection    2 (pick any)
1C6 00000000 SECTE2 notype       Static       | .text$mn
    Section length   10, #relocs    0, #linenums    0, checksum 62AEA74E, selection    2 (pick any)
1C8 00000000 SECTE3 notype       Static       | .text$mn
    Section length    B, #relocs    0, #linenums    0, checksum 38087020, selection    2 (pick any)
1CA 00000000 SECTE4 notype       Static       | .text$mn
    Section length   46, #relocs    4, #linenums    0, checksum D4E9B966, selection    2 (pick any)
1CC 00000000 SECTE5 notype       Static       | .text$mn
    Section length   3E, #relocs    3, #linenums    0, checksum 6785F23C, selection    2 (pick any)
1CE 00000000 SECTE6 notype       Static       | .text$mn
    Section length   46, #relocs    4, #linenums    0, checksum D4E9B966, selection    2 (pick any)
1D0 00000000 SECTE7 notype       Static       | .text$mn
    Section length   57, #relocs    5, #linenums    0, checksum 47A0F422, selection    2 (pick any)
1D2 00000000 SECTE8 notype       Static       | .text$mn
    Section length   33, #relocs    0, #linenums    0, checksum CB5D4F24, selection    2 (pick any)
1D4 00000000 SECTE9 notype       Static       | .text$mn
    Section length   7A, #relocs    5, #linenums    0, checksum 24B4FC17, selection    2 (pick any)
1D6 00000000 SECTEA notype       Static       | .text$mn
    Section length   C4, #relocs    D, #linenums    0, checksum AA9AC72F, selection    2 (pick any)
1D8 00000000 SECTEB notype       Static       | .text$mn
    Section length   C5, #relocs    D, #linenums    0, checksum 6DD27238, selection    2 (pick any)
1DA 00000000 SECTEC notype       Static       | .text$mn
    Section length   C5, #relocs    D, #linenums    0, checksum 46CE0995, selection    2 (pick any)
1DC 00000000 SECTED notype       Static       | .text$mn
    Section length   C5, #relocs    D, #linenums    0, checksum 6EFC1F6E, selection    2 (pick any)
1DE 00000000 SECTEE notype       Static       | .text$mn
    Section length   C5, #relocs    D, #linenums    0, checksum 45E064C3, selection    2 (pick any)
1E0 00000000 SECTEF notype       Static       | .text$mn
    Section length   C8, #relocs    D, #linenums    0, checksum 5BF28AD4, selection    2 (pick any)
1E2 00000000 SECTF0 notype       Static       | .text$mn
    Section length   C8, #relocs    D, #linenums    0, checksum 5298B8BE, selection    2 (pick any)
1E4 00000000 SECTF1 notype       Static       | .text$mn
    Section length   34, #relocs    1, #linenums    0, checksum AA152FF4, selection    2 (pick any)
1E6 00000000 SECTF2 notype       Static       | .text$mn
    Section length   34, #relocs    1, #linenums    0, checksum AA152FF4, selection    2 (pick any)
1E8 00000000 SECTF3 notype       Static       | .text$mn
    Section length   34, #relocs    1, #linenums    0, checksum AA152FF4, selection    2 (pick any)
1EA 00000000 SECTF4 notype       Static       | .text$mn
    Section length   34, #relocs    1, #linenums    0, checksum AA152FF4, selection    2 (pick any)
1EC 00000000 SECTF5 notype       Static       | .text$mn
    Section length   34, #relocs    1, #linenums    0, checksum AA152FF4, selection    2 (pick any)
1EE 00000000 SECTF6 notype       Static       | .text$mn
    Section length   2D, #relocs    0, #linenums    0, checksum 64AF43B0, selection    2 (pick any)
1F0 00000000 SECTF7 notype       Static       | .text$mn
    Section length   18, #relocs    1, #linenums    0, checksum CC4F429E, selection    2 (pick any)
1F2 00000000 SECTF8 notype       Static       | .text$mn
    Section length   18, #relocs    1, #linenums    0, checksum CC4F429E, selection    2 (pick any)
1F4 00000000 SECTF9 notype       Static       | .text$mn
    Section length   18, #relocs    1, #linenums    0, checksum CC4F429E, selection    2 (pick any)
1F6 00000000 SECTFA notype       Static       | .text$mn
    Section length   20, #relocs    2, #linenums    0, checksum 906FA384, selection    2 (pick any)
1F8 00000000 SECTFB notype       Static       | .text$mn
    Section length    E, #relocs    0, #linenums    0, checksum 835BF249, selection    2 (pick any)
1FA 00000000 SECTFC notype       Static       | .text$mn
    Section length   4E, #relocs    1, #linenums    0, checksum  13467F9, selection    2 (pick any)
1FC 00000000 SECTFD notype       Static       | .text$mn
    Section length   36, #relocs    2, #linenums    0, checksum A2D70AB0, selection    2 (pick any)
1FE 00000000 SECTFE notype       Static       | .text$mn
    Section length   36, #relocs    2, #linenums    0, checksum A2D70AB0, selection    2 (pick any)
200 00000000 SECTFF notype       Static       | .text$mn
    Section length   36, #relocs    2, #linenums    0, checksum A2D70AB0, selection    2 (pick any)
202 00000000 SECT100 notype       Static      | .text$mn
    Section length   36, #relocs    2, #linenums    0, checksum A2D70AB0, selection    2 (pick any)
204 00000000 SECT101 notype       Static      | .text$mn
    Section length   36, #relocs    2, #linenums    0, checksum A2D70AB0, selection    2 (pick any)
206 00000000 SECT102 notype       Static      | .text$mn
    Section length   36, #relocs    2, #linenums    0, checksum A2D70AB0, selection    2 (pick any)
208 00000000 SECT103 notype       Static      | .text$mn
    Section length   36, #relocs    2, #linenums    0, checksum A2D70AB0, selection    2 (pick any)
20A 00000000 SECT104 notype       Static      | .text$mn
    Section length   36, #relocs    2, #linenums    0, checksum A2D70AB0, selection    2 (pick any)
20C 00000000 SECT105 notype       Static      | .text$mn
    Section length   36, #relocs    2, #linenums    0, checksum A2D70AB0, selection    2 (pick any)
20E 00000000 SECT106 notype       Static      | .text$mn
    Section length   36, #relocs    2, #linenums    0, checksum A2D70AB0, selection    2 (pick any)
210 00000000 SECT107 notype       Static      | .text$mn
    Section length   36, #relocs    2, #linenums    0, checksum A2D70AB0, selection    2 (pick any)
212 00000000 SECT108 notype       Static      | .text$mn
    Section length   36, #relocs    2, #linenums    0, checksum A2D70AB0, selection    2 (pick any)
214 00000000 SECT109 notype       Static      | .text$di
    Section length   21, #relocs    4, #linenums    0, checksum  4187D94, selection    2 (pick any)
216 00000000 SECT10A notype       Static      | .text$di
    Section length   21, #relocs    4, #linenums    0, checksum  4187D94, selection    2 (pick any)
218 00000000 SECT10B notype       Static      | .text$di
    Section length   21, #relocs    4, #linenums    0, checksum  4187D94, selection    2 (pick any)
21A 00000000 SECT10C notype       Static      | .text$di
    Section length   17, #relocs    2, #linenums    0, checksum 53721185, selection    2 (pick any)
21C 00000000 SECT10D notype       Static      | .text$di
    Section length   17, #relocs    2, #linenums    0, checksum 53721185, selection    2 (pick any)
21E 00000000 SECT10E notype       Static      | .text$di
    Section length   17, #relocs    2, #linenums    0, checksum 53721185, selection    2 (pick any)
220 00000000 SECT10F notype       Static      | .text$di
    Section length   17, #relocs    2, #linenums    0, checksum 53721185, selection    2 (pick any)
222 00000000 SECT110 notype       Static      | .text$di
    Section length   1C, #relocs    0, #linenums    0, checksum A6B9D72B, selection    2 (pick any)
224 00000000 SECT111 notype       Static      | .text$di
    Section length   1C, #relocs    0, #linenums    0, checksum A6B9D72B, selection    2 (pick any)
226 00000000 SECT112 notype       Static      | .text$di
    Section length   15, #relocs    2, #linenums    0, checksum 262BBE79, selection    2 (pick any)
228 00000000 SECT113 notype       Static      | .text$di
    Section length   1C, #relocs    0, #linenums    0, checksum A6B9D72B, selection    2 (pick any)
22A 00000000 SECT114 notype       Static      | .text$yd
    Section length   15, #relocs    2, #linenums    0, checksum 262BBE79, selection    2 (pick any)
22C 00000000 SECT115 notype       Static      | .text$yd
    Section length   15, #relocs    2, #linenums    0, checksum 262BBE79, selection    2 (pick any)
22E 00000000 SECT116 notype       Static      | .text$yd
    Section length   15, #relocs    2, #linenums    0, checksum 262BBE79, selection    2 (pick any)
230 00000000 SECT117 notype       Static      | .text$mn
    Section length   5E, #relocs    4, #linenums    0, checksum 96241ADD, selection    2 (pick any)
232 00000000 SECT118 notype       Static      | .text$mn
    Section length   5E, #relocs    4, #linenums    0, checksum 96241ADD, selection    2 (pick any)
234 00000000 SECT119 notype       Static      | .text$mn
    Section length   5E, #relocs    4, #linenums    0, checksum 96241ADD, selection    2 (pick any)
236 00000000 SECT11A notype       Static      | .text$mn
    Section length   5E, #relocs    4, #linenums    0, checksum 96241ADD, selection    2 (pick any)
238 00000000 SECT11B notype       Static      | .text$mn
    Section length   5E, #relocs    4, #linenums    0, checksum 96241ADD, selection    2 (pick any)
23A 00000000 SECT11C notype       Static      | .text$mn
    Section length   2E, #relocs    1, #linenums    0, checksum 6492BB5D, selection    2 (pick any)
23C 00000000 SECT11D notype       Static      | .text$mn
    Section length   2E, #relocs    1, #linenums    0, checksum 6492BB5D, selection    2 (pick any)
23E 00000000 SECT11E notype       Static      | .text$mn
    Section length   B5, #relocs    4, #linenums    0, checksum 308FD00E, selection    2 (pick any)
240 00000000 SECT11F notype       Static      | .text$mn
    Section length   B6, #relocs    4, #linenums    0, checksum 2C4C1123, selection    2 (pick any)
242 00000000 SECT120 notype       Static      | .text$mn
    Section length   B9, #relocs    4, #linenums    0, checksum DA227D0B, selection    2 (pick any)
244 00000000 SECT121 notype       Static      | .text$mn
    Section length   12, #relocs    0, #linenums    0, checksum 52D1F800, selection    2 (pick any)
246 00000000 SECT122 notype       Static      | .text$mn
    Section length  1E7, #relocs    B, #linenums    0, checksum AFB44E94, selection    2 (pick any)
248 00000000 SECT123 notype       Static      | .text$x
    Section length   91, #relocs    6, #linenums    0, checksum CC1782F3, selection    5 (pick associative Section 0x122)
24A 00000000 SECT124 notype       Static      | .text$mn
    Section length   28, #relocs    1, #linenums    0, checksum F5EB9E3B, selection    2 (pick any)
24C 00000000 SECT125 notype       Static      | .text$mn
    Section length   28, #relocs    1, #linenums    0, checksum F5EB9E3B, selection    2 (pick any)
24E 00000000 SECT126 notype       Static      | .text$mn
    Section length   28, #relocs    1, #linenums    0, checksum F5EB9E3B, selection    2 (pick any)
250 00000000 SECT127 notype       Static      | .text$mn
    Section length   28, #relocs    1, #linenums    0, checksum F5EB9E3B, selection    2 (pick any)
252 00000000 SECT128 notype       Static      | .text$mn
    Section length   41, #relocs    1, #linenums    0, checksum F0070B9A, selection    2 (pick any)
254 00000000 SECT129 notype       Static      | .text$mn
    Section length   38, #relocs    0, #linenums    0, checksum E9A76041, selection    2 (pick any)
256 00000000 SECT12A notype       Static      | .text$mn
    Section length   4F, #relocs    0, #linenums    0, checksum 3E49136A, selection    2 (pick any)
258 00000000 SECT12B notype       Static      | .text$mn
    Section length   4D, #relocs    1, #linenums    0, checksum FA51439C, selection    2 (pick any)
25A 00000000 SECT12C notype       Static      | .text$mn
    Section length   3B, #relocs    2, #linenums    0, checksum 9E6DBEE7, selection    2 (pick any)
25C 00000000 SECT12D notype       Static      | .text$mn
    Section length   3B, #relocs    2, #linenums    0, checksum 9E6DBEE7, selection    2 (pick any)
25E 00000000 SECT12E notype       Static      | .text$mn
    Section length   3B, #relocs    2, #linenums    0, checksum 9E6DBEE7, selection    2 (pick any)
260 00000000 SECT12F notype       Static      | .text$mn
    Section length   3B, #relocs    2, #linenums    0, checksum 9E6DBEE7, selection    2 (pick any)
262 00000000 SECT130 notype       Static      | .text$mn
    Section length    B, #relocs    0, #linenums    0, checksum 38087020, selection    2 (pick any)
264 00000000 SECT131 notype       Static      | .text$mn
    Section length   42, #relocs    2, #linenums    0, checksum E09F9D7A, selection    2 (pick any)
266 00000000 SECT132 notype       Static      | .text$mn
    Section length   3E, #relocs    1, #linenums    0, checksum 3780C24D, selection    2 (pick any)
268 00000000 SECT133 notype       Static      | .text$mn
    Section length   58, #relocs    4, #linenums    0, checksum 5DDCAC40, selection    2 (pick any)
26A 00000000 SECT134 notype       Static      | .text$mn
    Section length   58, #relocs    4, #linenums    0, checksum 5DDCAC40, selection    2 (pick any)
26C 00000000 SECT135 notype       Static      | .text$mn
    Section length   58, #relocs    4, #linenums    0, checksum 5DDCAC40, selection    2 (pick any)
26E 00000000 SECT136 notype       Static      | .text$mn
    Section length   58, #relocs    4, #linenums    0, checksum 5DDCAC40, selection    2 (pick any)
270 00000000 SECT137 notype       Static      | .text$mn
    Section length   58, #relocs    4, #linenums    0, checksum 5DDCAC40, selection    2 (pick any)
272 00000000 SECT138 notype       Static      | .text$mn
    Section length    E, #relocs    0, #linenums    0, checksum 835BF249, selection    2 (pick any)
274 00000000 SECT139 notype       Static      | .text$mn
    Section length    E, #relocs    0, #linenums    0, checksum 835BF249, selection    2 (pick any)
276 00000000 SECT13A notype       Static      | .text$mn
    Section length    E, #relocs    0, #linenums    0, checksum 835BF249, selection    2 (pick any)
278 00000000 SECT13B notype       Static      | .text$mn
    Section length    E, #relocs    0, #linenums    0, checksum 835BF249, selection    2 (pick any)
27A 00000000 SECT13C notype       Static      | .text$mn
    Section length    E, #relocs    0, #linenums    0, checksum 835BF249, selection    2 (pick any)
27C 00000000 SECT13D notype       Static      | .text$mn
    Section length    D, #relocs    0, #linenums    0, checksum B9D25A02, selection    2 (pick any)
27E 00000000 SECT13E notype       Static      | .text$mn
    Section length   22, #relocs    1, #linenums    0, checksum 2056DFF8, selection    2 (pick any)
280 00000000 SECT13F notype       Static      | .text$mn
    Section length   22, #relocs    1, #linenums    0, checksum 2056DFF8, selection    2 (pick any)
282 00000000 SECT140 notype       Static      | .text$mn
    Section length   22, #relocs    1, #linenums    0, checksum 2056DFF8, selection    2 (pick any)
284 00000000 SECT141 notype       Static      | .text$mn
    Section length   22, #relocs    1, #linenums    0, checksum 2056DFF8, selection    2 (pick any)
286 00000000 SECT142 notype       Static      | .text$mn
    Section length   22, #relocs    1, #linenums    0, checksum 2056DFF8, selection    2 (pick any)
288 00000000 SECT143 notype       Static      | .text$mn
    Section length   37, #relocs    0, #linenums    0, checksum  C95C2AF, selection    2 (pick any)
28A 00000000 SECT144 notype       Static      | .text$mn
    Section length    F, #relocs    0, #linenums    0, checksum 71FB81E6, selection    2 (pick any)
28C 00000000 SECT145 notype       Static      | .text$mn
    Section length   DE, #relocs    5, #linenums    0, checksum D4BE59DC, selection    2 (pick any)
28E 00000000 SECT146 notype       Static      | .text$mn
    Section length   A1, #relocs    2, #linenums    0, checksum F409AE0B, selection    2 (pick any)
290 00000000 SECT147 notype       Static      | .text$mn
    Section length   12, #relocs    0, #linenums    0, checksum FBF3DE55, selection    2 (pick any)
292 00000000 SECT148 notype       Static      | .text$mn
    Section length   15, #relocs    0, #linenums    0, checksum 829760E4, selection    2 (pick any)
294 00000000 SECT149 notype       Static      | .text$mn
    Section length   4E, #relocs    2, #linenums    0, checksum 16D44D0E, selection    2 (pick any)
296 00000000 SECT14A notype       Static      | .text$mn
    Section length   47, #relocs    0, #linenums    0, checksum 926DCEA9, selection    2 (pick any)
298 00000000 SECT14B notype       Static      | .text$mn
    Section length   42, #relocs    1, #linenums    0, checksum  6E2DAC5, selection    2 (pick any)
29A 00000000 SECT14C notype       Static      | .text$mn
    Section length   42, #relocs    1, #linenums    0, checksum  6E2DAC5, selection    2 (pick any)
29C 00000000 SECT14D notype       Static      | .text$mn
    Section length   85, #relocs    2, #linenums    0, checksum 699017D3, selection    2 (pick any)
29E 00000000 SECT14E notype       Static      | .text$mn
    Section length   BE, #relocs    6, #linenums    0, checksum 594CF254, selection    2 (pick any)
2A0 00000000 SECT14F notype       Static      | .text$x
    Section length   18, #relocs    1, #linenums    0, checksum 96B3996B, selection    5 (pick associative Section 0x14E)
2A2 00000000 SECT150 notype       Static      | .text$mn
    Section length  130, #relocs    8, #linenums    0, checksum  BF7D593, selection    2 (pick any)
2A4 00000000 SECT151 notype       Static      | .text$x
    Section length   42, #relocs    4, #linenums    0, checksum  9F4E61D, selection    5 (pick associative Section 0x150)
2A6 00000000 SECT152 notype       Static      | .text$mn
    Section length   82, #relocs    7, #linenums    0, checksum 7EF7D596, selection    2 (pick any)
2A8 00000000 SECT153 notype       Static      | .text$mn
    Section length   4D, #relocs    1, #linenums    0, checksum 3B0DB341, selection    2 (pick any)
2AA 00000000 SECT154 notype       Static      | .text$mn
    Section length   4D, #relocs    1, #linenums    0, checksum 3B0DB341, selection    2 (pick any)
2AC 00000000 SECT155 notype       Static      | .text$mn
    Section length   4D, #relocs    1, #linenums    0, checksum 3B0DB341, selection    2 (pick any)
2AE 00000000 SECT156 notype       Static      | .text$mn
    Section length   4D, #relocs    1, #linenums    0, checksum 3B0DB341, selection    2 (pick any)
2B0 00000000 SECT157 notype       Static      | .text$mn
    Section length   3E, #relocs    2, #linenums    0, checksum FB547B5D, selection    2 (pick any)
2B2 00000000 SECT158 notype       Static      | .text$mn
    Section length   3E, #relocs    2, #linenums    0, checksum FB547B5D, selection    2 (pick any)
2B4 00000000 SECT159 notype       Static      | .text$mn
    Section length   3E, #relocs    2, #linenums    0, checksum FB547B5D, selection    2 (pick any)
2B6 00000000 SECT15A notype       Static      | .text$mn
    Section length   3E, #relocs    2, #linenums    0, checksum FB547B5D, selection    2 (pick any)
2B8 00000000 SECT15B notype       Static      | .text$mn
    Section length   3F, #relocs    2, #linenums    0, checksum 99E61C86, selection    2 (pick any)
2BA 00000000 SECT15C notype       Static      | .text$mn
    Section length   3F, #relocs    2, #linenums    0, checksum 99E61C86, selection    2 (pick any)
2BC 00000000 SECT15D notype       Static      | .text$mn
    Section length   3F, #relocs    2, #linenums    0, checksum 99E61C86, selection    2 (pick any)
2BE 00000000 SECT15E notype       Static      | .text$mn
    Section length   E9, #relocs    7, #linenums    0, checksum 7EE34D16, selection    2 (pick any)
2C0 00000000 SECT15F notype       Static      | .text$mn
    Section length   AD, #relocs    4, #linenums    0, checksum D3C3DB05, selection    2 (pick any)
2C2 00000000 SECT160 notype       Static      | .text$mn
    Section length   B7, #relocs    4, #linenums    0, checksum 7F5ADE19, selection    2 (pick any)
2C4 00000000 SECT161 notype       Static      | .text$mn
    Section length   B1, #relocs    4, #linenums    0, checksum 5816209F, selection    2 (pick any)
2C6 00000000 SECT162 notype       Static      | .text$mn
    Section length   B1, #relocs    4, #linenums    0, checksum 9C90AE21, selection    2 (pick any)
2C8 00000000 SECT163 notype       Static      | .text$mn
    Section length   25, #relocs    0, #linenums    0, checksum 64B71D69, selection    2 (pick any)
2CA 00000000 SECT164 notype       Static      | .text$mn
    Section length   1A, #relocs    2, #linenums    0, checksum B55F15B3, selection    2 (pick any)
2CC 00000000 SECT165 notype       Static      | .text$mn
    Section length   1A, #relocs    2, #linenums    0, checksum B55F15B3, selection    2 (pick any)
2CE 00000000 SECT166 notype       Static      | .text$mn
    Section length   1A, #relocs    2, #linenums    0, checksum B55F15B3, selection    2 (pick any)
2D0 00000000 SECT167 notype       Static      | .text$mn
    Section length   1A, #relocs    2, #linenums    0, checksum B55F15B3, selection    2 (pick any)
2D2 00000000 SECT168 notype       Static      | .text$mn
    Section length   1A, #relocs    2, #linenums    0, checksum B55F15B3, selection    2 (pick any)
2D4 00000000 SECT169 notype       Static      | .text$mn
    Section length   1A, #relocs    2, #linenums    0, checksum B55F15B3, selection    2 (pick any)
2D6 00000000 SECT16A notype       Static      | .text$mn
    Section length   22, #relocs    1, #linenums    0, checksum 34937416, selection    2 (pick any)
2D8 00000000 SECT16B notype       Static      | .text$mn
    Section length   22, #relocs    1, #linenums    0, checksum 34937416, selection    2 (pick any)
2DA 00000000 SECT16C notype       Static      | .text$mn
    Section length   22, #relocs    1, #linenums    0, checksum 34937416, selection    2 (pick any)
2DC 00000000 SECT16D notype       Static      | .text$mn
    Section length   22, #relocs    1, #linenums    0, checksum 34937416, selection    2 (pick any)
2DE 00000000 SECT16E notype       Static      | .text$mn
    Section length   22, #relocs    1, #linenums    0, checksum 34937416, selection    2 (pick any)
2E0 00000000 SECT16F notype       Static      | .text$mn
    Section length   22, #relocs    1, #linenums    0, checksum 34937416, selection    2 (pick any)
2E2 00000000 SECT170 notype       Static      | .text$mn
    Section length   1F, #relocs    1, #linenums    0, checksum 3DF551A0, selection    2 (pick any)
2E4 00000000 SECT171 notype       Static      | .text$mn
    Section length   1F, #relocs    1, #linenums    0, checksum 3DF551A0, selection    2 (pick any)
2E6 00000000 SECT172 notype       Static      | .text$mn
    Section length   1F, #relocs    1, #linenums    0, checksum 3DF551A0, selection    2 (pick any)
2E8 00000000 SECT173 notype       Static      | .text$mn
    Section length   1F, #relocs    1, #linenums    0, checksum 3DF551A0, selection    2 (pick any)
2EA 00000000 SECT174 notype       Static      | .text$mn
    Section length   1F, #relocs    1, #linenums    0, checksum 3DF551A0, selection    2 (pick any)
2EC 00000000 SECT175 notype       Static      | .text$mn
    Section length   1F, #relocs    1, #linenums    0, checksum 3DF551A0, selection    2 (pick any)
2EE 00000000 SECT176 notype       Static      | .text$mn
    Section length   FE, #relocs    A, #linenums    0, checksum 2000A77E, selection    2 (pick any)
2F0 00000000 SECT177 notype       Static      | .text$mn
    Section length   46, #relocs    4, #linenums    0, checksum 355F0115, selection    2 (pick any)
2F2 00000000 SECT178 notype       Static      | .text$mn
    Section length   C4, #relocs    9, #linenums    0, checksum CC83B6E5, selection    2 (pick any)
2F4 00000000 SECT179 notype       Static      | .text$mn
    Section length   1A, #relocs    0, #linenums    0, checksum F766F8CB, selection    2 (pick any)
2F6 00000000 SECT17A notype       Static      | .text$mn
    Section length   56, #relocs    1, #linenums    0, checksum  6C8575F, selection    2 (pick any)
2F8 00000000 SECT17B notype       Static      | .text$mn
    Section length    F, #relocs    0, #linenums    0, checksum 3B3993B7, selection    2 (pick any)
2FA 00000000 SECT17C notype       Static      | .text$mn
    Section length   25, #relocs    0, #linenums    0, checksum 7E543BE6, selection    2 (pick any)
2FC 00000000 SECT17D notype       Static      | .text$mn
    Section length    F, #relocs    0, #linenums    0, checksum 557AB289, selection    2 (pick any)
2FE 00000000 SECT17E notype       Static      | .text$mn
    Section length    F, #relocs    0, #linenums    0, checksum 557AB289, selection    2 (pick any)
300 00000000 SECT17F notype       Static      | .text$mn
    Section length   22, #relocs    1, #linenums    0, checksum 34937416, selection    2 (pick any)
302 00000000 SECT180 notype       Static      | .text$mn
    Section length   22, #relocs    1, #linenums    0, checksum 34937416, selection    2 (pick any)
304 00000000 SECT181 notype       Static      | .text$mn
    Section length   49, #relocs    2, #linenums    0, checksum 72B1B9B3, selection    2 (pick any)
306 00000000 SECT182 notype       Static      | .text$mn
    Section length   49, #relocs    2, #linenums    0, checksum B2D92A2D, selection    2 (pick any)
308 00000000 SECT183 notype       Static      | .text$mn
    Section length   4A, #relocs    1, #linenums    0, checksum 56634447, selection    2 (pick any)
30A 00000000 SECT184 notype       Static      | .text$mn
    Section length   2C, #relocs    1, #linenums    0, checksum B39E14AB, selection    2 (pick any)
30C 00000000 SECT185 notype       Static      | .text$mn
    Section length   2C, #relocs    1, #linenums    0, checksum B39E14AB, selection    2 (pick any)
30E 00000000 SECT186 notype       Static      | .text$mn
    Section length   2C, #relocs    1, #linenums    0, checksum B39E14AB, selection    2 (pick any)
310 00000000 SECT187 notype       Static      | .text$mn
    Section length   2C, #relocs    1, #linenums    0, checksum B39E14AB, selection    2 (pick any)
312 00000000 SECT188 notype       Static      | .text$mn
    Section length   2C, #relocs    1, #linenums    0, checksum B39E14AB, selection    2 (pick any)
314 00000000 SECT189 notype       Static      | .text$mn
    Section length   2C, #relocs    1, #linenums    0, checksum B39E14AB, selection    2 (pick any)
316 00000000 SECT18A notype       Static      | .text$mn
    Section length   22, #relocs    1, #linenums    0, checksum B1EB2B2D, selection    2 (pick any)
318 00000000 SECT18B notype       Static      | .text$mn
    Section length   22, #relocs    1, #linenums    0, checksum B1EB2B2D, selection    2 (pick any)
31A 00000000 SECT18C notype       Static      | .text$mn
    Section length   22, #relocs    1, #linenums    0, checksum B1EB2B2D, selection    2 (pick any)
31C 00000000 SECT18D notype       Static      | .text$mn
    Section length   22, #relocs    1, #linenums    0, checksum B1EB2B2D, selection    2 (pick any)
31E 00000000 SECT18E notype       Static      | .text$mn
    Section length   22, #relocs    1, #linenums    0, checksum B1EB2B2D, selection    2 (pick any)
320 00000000 SECT18F notype       Static      | .text$mn
    Section length   22, #relocs    1, #linenums    0, checksum B1EB2B2D, selection    2 (pick any)
322 00000000 SECT190 notype       Static      | .text$mn
    Section length   60, #relocs    5, #linenums    0, checksum 26652130, selection    2 (pick any)
324 00000000 SECT191 notype       Static      | .text$mn
    Section length   30, #relocs    1, #linenums    0, checksum AC0F2A1C, selection    2 (pick any)
326 00000000 SECT192 notype       Static      | .text$mn
    Section length   C5, #relocs    3, #linenums    0, checksum 71F46EF5, selection    2 (pick any)
328 00000000 SECT193 notype       Static      | .text$mn
    Section length   5D, #relocs    3, #linenums    0, checksum F2EC74DB, selection    2 (pick any)
32A 00000000 SECT194 notype       Static      | .text$mn
    Section length   3E, #relocs    1, #linenums    0, checksum 9C51CE1C, selection    2 (pick any)
32C 00000000 SECT195 notype       Static      | .text$mn
    Section length   D1, #relocs    5, #linenums    0, checksum 4904DDEE, selection    2 (pick any)
32E 00000000 SECT196 notype       Static      | .text$mn
    Section length   41, #relocs    2, #linenums    0, checksum 572A8416, selection    2 (pick any)
330 00000000 SECT197 notype       Static      | .text$mn
    Section length    8, #relocs    1, #linenums    0, checksum 411950D3, selection    2 (pick any)
332 00000000 SECT198 notype       Static      | .text$mn
    Section length   18, #relocs    1, #linenums    0, checksum CC4F429E, selection    2 (pick any)
334 00000000 SECT199 notype       Static      | .text$mn
    Section length    E, #relocs    0, #linenums    0, checksum 835BF249, selection    2 (pick any)
336 00000000 SECT19A notype       Static      | .text$mn
    Section length    B, #relocs    0, #linenums    0, checksum C455396F, selection    2 (pick any)
338 00000000 SECT19B notype       Static      | .text$mn
    Section length   3F, #relocs    1, #linenums    0, checksum D2EB466F, selection    2 (pick any)
33A 00000000 SECT19C notype       Static      | .text$mn
    Section length  17A, #relocs    9, #linenums    0, checksum 1F29449E, selection    2 (pick any)
33C 00000000 SECT19D notype       Static      | .text$mn
    Section length   2F, #relocs    0, #linenums    0, checksum 5DA5AEF4, selection    2 (pick any)
33E 00000000 SECT19E notype       Static      | .text$mn
    Section length   39, #relocs    1, #linenums    0, checksum 4EC8004A, selection    2 (pick any)
340 00000000 SECT19F notype       Static      | .text$mn
    Section length   18, #relocs    1, #linenums    0, checksum CC4F429E, selection    2 (pick any)
342 00000000 SECT1A0 notype       Static      | .text$mn
    Section length   18, #relocs    1, #linenums    0, checksum CC4F429E, selection    2 (pick any)
344 00000000 SECT1A1 notype       Static      | .text$mn
    Section length   18, #relocs    1, #linenums    0, checksum CC4F429E, selection    2 (pick any)
346 00000000 SECT1A2 notype       Static      | .text$mn
    Section length   18, #relocs    1, #linenums    0, checksum CC4F429E, selection    2 (pick any)
348 00000000 SECT1A3 notype       Static      | .text$mn
    Section length   18, #relocs    1, #linenums    0, checksum CC4F429E, selection    2 (pick any)
34A 00000000 SECT1A4 notype       Static      | .text$mn
    Section length    D, #relocs    0, #linenums    0, checksum E246602C, selection    2 (pick any)
34C 00000000 SECT1A5 notype       Static      | .text$mn
    Section length    D, #relocs    0, #linenums    0, checksum E246602C, selection    2 (pick any)
34E 00000000 SECT1A6 notype       Static      | .text$mn
    Section length   10, #relocs    0, #linenums    0, checksum 95D1E1E1, selection    2 (pick any)
350 00000000 SECT1A7 notype       Static      | .text$mn
    Section length   10, #relocs    0, #linenums    0, checksum BC4F1D43, selection    2 (pick any)
352 00000000 SECT1A8 notype       Static      | .text$mn
    Section length   10, #relocs    0, #linenums    0, checksum F68D0F12, selection    2 (pick any)
354 00000000 SECT1A9 notype       Static      | .text$mn
    Section length   18, #relocs    1, #linenums    0, checksum CC4F429E, selection    2 (pick any)
356 00000000 SECT1AA notype       Static      | .text$mn
    Section length   18, #relocs    1, #linenums    0, checksum CC4F429E, selection    2 (pick any)
358 00000000 SECT1AB notype       Static      | .text$mn
    Section length   18, #relocs    1, #linenums    0, checksum CC4F429E, selection    2 (pick any)
35A 00000000 SECT1AC notype       Static      | .text$mn
    Section length   18, #relocs    1, #linenums    0, checksum CC4F429E, selection    2 (pick any)
35C 00000000 SECT1AD notype       Static      | .text$mn
    Section length   18, #relocs    1, #linenums    0, checksum CC4F429E, selection    2 (pick any)
35E 00000000 SECT1AE notype       Static      | .text$mn
    Section length   4F, #relocs    2, #linenums    0, checksum 86742674, selection    2 (pick any)
360 00000000 SECT1AF notype       Static      | .text$mn
    Section length   25, #relocs    2, #linenums    0, checksum 2BE4DB33, selection    2 (pick any)
362 00000000 SECT1B0 notype       Static      | .text$mn
    Section length   25, #relocs    2, #linenums    0, checksum 2BE4DB33, selection    2 (pick any)
364 00000000 SECT1B1 notype       Static      | .text$mn
    Section length   25, #relocs    2, #linenums    0, checksum 2BE4DB33, selection    2 (pick any)
366 00000000 SECT1B2 notype       Static      | .text$mn
    Section length   25, #relocs    2, #linenums    0, checksum 2BE4DB33, selection    2 (pick any)
368 00000000 SECT1B3 notype       Static      | .text$mn
    Section length   6D, #relocs    3, #linenums    0, checksum A9E4392C, selection    2 (pick any)
36A 00000000 SECT1B4 notype       Static      | .text$mn
    Section length   70, #relocs    3, #linenums    0, checksum D3B219B2, selection    2 (pick any)
36C 00000000 SECT1B5 notype       Static      | .text$mn
    Section length   6D, #relocs    3, #linenums    0, checksum A9E4392C, selection    2 (pick any)
36E 00000000 SECT1B6 notype       Static      | .text$mn
    Section length   4A, #relocs    1, #linenums    0, checksum 56634447, selection    2 (pick any)
370 00000000 SECT1B7 notype       Static      | .text$mn
    Section length    D, #relocs    1, #linenums    0, checksum 7AC5CDFE, selection    2 (pick any)
372 00000000 SECT1B8 notype       Static      | .text$mn
    Section length    D, #relocs    1, #linenums    0, checksum 7AC5CDFE, selection    2 (pick any)
374 00000000 SECT1B9 notype       Static      | .text$mn
    Section length    D, #relocs    1, #linenums    0, checksum 7AC5CDFE, selection    2 (pick any)
376 00000000 SECT1BA notype       Static      | .text$mn
    Section length   18, #relocs    1, #linenums    0, checksum CC4F429E, selection    2 (pick any)
378 00000000 SECT1BB notype       Static      | .text$mn
    Section length  181, #relocs    D, #linenums    0, checksum B4025008, selection    2 (pick any)
37A 00000000 SECT1BC notype       Static      | .text$mn
    Section length   2A, #relocs    0, #linenums    0, checksum 704571D0, selection    2 (pick any)
37C 00000000 SECT1BD notype       Static      | .text$mn
    Section length   2F, #relocs    3, #linenums    0, checksum 27C46E7F, selection    2 (pick any)
37E 00000000 SECT1BE notype       Static      | .text$mn
    Section length   4C, #relocs    2, #linenums    0, checksum 547E95AD, selection    2 (pick any)
380 00000000 SECT1BF notype       Static      | .text$mn
    Section length  172, #relocs    5, #linenums    0, checksum 670EDEE8, selection    2 (pick any)
382 00000000 SECT1C0 notype       Static      | .text$mn
    Section length  192, #relocs    A, #linenums    0, checksum BC58AD91, selection    2 (pick any)
384 00000000 SECT1C1 notype       Static      | .text$mn
    Section length   85, #relocs    0, #linenums    0, checksum 93B9026E, selection    2 (pick any)
386 00000000 SECT1C2 notype       Static      | .text$mn
    Section length   5B, #relocs    0, #linenums    0, checksum C6D9EC5F, selection    2 (pick any)
388 00000000 SECT1C3 notype       Static      | .text$mn
    Section length   34, #relocs    2, #linenums    0, checksum FFF3FA02, selection    2 (pick any)
38A 00000000 SECT1C4 notype       Static      | .text$mn
    Section length   27, #relocs    1, #linenums    0, checksum 178C9B83, selection    2 (pick any)
38C 00000000 SECT1C5 notype       Static      | .text$mn
    Section length   27, #relocs    1, #linenums    0, checksum FBDF19EE, selection    2 (pick any)
38E 00000000 SECT1C6 notype       Static      | .text$mn
    Section length    F, #relocs    0, #linenums    0, checksum 1FB8A0D8, selection    2 (pick any)
390 00000000 SECT1C7 notype       Static      | .text$mn
    Section length   1B, #relocs    0, #linenums    0, checksum 6550639A, selection    2 (pick any)
392 00000000 SECT1C8 notype       Static      | .text$mn
    Section length   25, #relocs    0, #linenums    0, checksum B1DDF761, selection    2 (pick any)
394 00000000 SECT1C9 notype       Static      | .text$mn
    Section length   1F, #relocs    0, #linenums    0, checksum CA1EC0BC, selection    2 (pick any)
396 00000000 SECT1CA notype       Static      | .text$mn
    Section length   1F, #relocs    0, #linenums    0, checksum 855F567B, selection    2 (pick any)
398 00000000 SECT1CB notype       Static      | .text$mn
    Section length    E, #relocs    0, #linenums    0, checksum 42F90F0D, selection    2 (pick any)
39A 00000000 SECT1CC notype       Static      | .text$mn
    Section length   22, #relocs    1, #linenums    0, checksum 34937416, selection    2 (pick any)
39C 00000000 SECT1CD notype       Static      | .text$mn
    Section length   22, #relocs    1, #linenums    0, checksum 34937416, selection    2 (pick any)
39E 00000000 SECT1CE notype       Static      | .text$mn
    Section length   22, #relocs    1, #linenums    0, checksum 34937416, selection    2 (pick any)
3A0 00000000 SECT1CF notype       Static      | .text$mn
    Section length    8, #relocs    1, #linenums    0, checksum 411950D3, selection    2 (pick any)
3A2 00000000 SECT1D0 notype       Static      | .text$mn
    Section length    D, #relocs    0, #linenums    0, checksum C1847447, selection    2 (pick any)
3A4 00000000 SECT1D1 notype       Static      | .text$mn
    Section length    D, #relocs    0, #linenums    0, checksum C1847447, selection    2 (pick any)
3A6 00000000 SECT1D2 notype       Static      | .text$mn
    Section length   26, #relocs    1, #linenums    0, checksum 8C528FD3, selection    2 (pick any)
3A8 00000000 UNDEF  notype ()    External     | _purecall
3A9 00000000 UNDEF  notype ()    External     | ??2@YAPEAX_K@Z (void * __cdecl operator new(unsigned __int64))
3AA 00000000 UNDEF  notype ()    External     | ??3@YAXPEAX@Z (void __cdecl operator delete(void *))
3AB 00000000 UNDEF  notype ()    External     | atexit
3AC 00000000 UNDEF  notype ()    External     | _invalid_parameter
3AD 00000000 UNDEF  notype ()    External     | ??0_Lockit@std@@QEAA@H@Z (public: __cdecl std::_Lockit::_Lockit(int))
3AE 00000000 UNDEF  notype ()    External     | ??1_Lockit@std@@QEAA@XZ (public: __cdecl std::_Lockit::~_Lockit(void))
3AF 00000000 UNDEF  notype ()    External     | _hypot
3B0 00000000 SECT1D2 notype ()    External    | hypot
3B1 00000000 UNDEF  notype ()    External     | memmove
3B2 00000000 UNDEF  notype ()    External     | memcpy
3B3 00000000 UNDEF  notype ()    External     | memset
3B4 00000000 UNDEF  notype ()    External     | strlen
3B5 00000000 UNDEF  notype ()    External     | ??0exception@std@@QEAA@AEBQEBD@Z (public: __cdecl std::exception::exception(char const * const &))
3B6 00000000 UNDEF  notype ()    External     | ??0exception@std@@QEAA@AEBV01@@Z (public: __cdecl std::exception::exception(class std::exception const &))
3B7 00000000 UNDEF  notype ()    External     | ??1exception@std@@UEAA@XZ (public: virtual __cdecl std::exception::~exception(void))
3B8 00000000 UNDEF  notype ()    External     | ?what@exception@std@@UEBAPEBDXZ (public: virtual char const * __cdecl std::exception::what(void)const )
3B9 00000000 SECTE2 notype ()    External     | ??2@YAPEAX_KPEAX@Z (void * __cdecl operator new(unsigned __int64,void *))
3BA 00000000 SECTE3 notype ()    External     | ??3@YAXPEAX0@Z (void __cdecl operator delete(void *,void *))
3BB 00000000 UNDEF  notype ()    External     | _CrtDbgReportW
3BC 00000000 SECT19E notype ()    External    | ?length@?$char_traits@D@std@@SA_KPEBD@Z (public: static unsigned __int64 __cdecl std::char_traits<char>::length(char const *))
3BD 00000000 SECT183 notype ()    External    | ?copy@?$char_traits@D@std@@SAPEADPEADPEBD_K@Z (public: static char * __cdecl std::char_traits<char>::copy(char *,char const *,unsigned __int64))
3BE 00000000 SECT1B6 notype ()    External    | ?move@?$char_traits@D@std@@SAPEADPEADPEBD_K@Z (public: static char * __cdecl std::char_traits<char>::move(char *,char const *,unsigned __int64))
3BF 00000000 SECT179 notype ()    External    | ?assign@?$char_traits@D@std@@SAXAEADAEBD@Z (public: static void __cdecl std::char_traits<char>::assign(char &,char const &))
3C0 00000000 SECT113 notype ()    Static      | ??__Epiecewise_construct@std@@YAXXZ (void __cdecl std::`dynamic initializer for 'piecewise_construct''(void))
3C1 00000000 UNDEF  notype ()    External     | ?_Debug_message@std@@YAXPEB_W0I@Z (void __cdecl std::_Debug_message(wchar_t const *,wchar_t const *,unsigned int))
3C2 00000000 SECTB4 notype ()    External     | ??0_Container_proxy@std@@QEAA@XZ (public: __cdecl std::_Container_proxy::_Container_proxy(void))
3C3 00000000 SECTB3 notype ()    External     | ??0_Container_base12@std@@QEAA@XZ (public: __cdecl std::_Container_base12::_Container_base12(void))
3C4 00000000 SECTDA notype ()    External     | ??1_Container_base12@std@@QEAA@XZ (public: __cdecl std::_Container_base12::~_Container_base12(void))
3C5 00000000 SECT143 notype ()    External    | ?_Getpfirst@_Container_base12@std@@QEBAPEAPEAU_Iterator_base12@2@XZ (public: struct std::_Iterator_base12 * * __cdecl std::_Container_base12::_Getpfirst(void)const )
3C6 00000000 SECT14D notype ()    External    | ?_Orphan_all@_Container_base12@std@@QEAAXXZ (public: void __cdecl std::_Container_base12::_Orphan_all(void))
3C7 00000000 SECT121 notype ()    External    | ?_Clrcont@_Iterator_base12@std@@QEAAXXZ (public: void __cdecl std::_Iterator_base12::_Clrcont(void))
3C8 00000000 SECT144 notype ()    External    | ?_Getpnext@_Iterator_base12@std@@QEAAPEAPEAU12@XZ (public: struct std::_Iterator_base12 * * __cdecl std::_Iterator_base12::_Getpnext(void))
3C9 00000000 SECT132 notype ()    External    | ?_Fill_n@std@@YAPEAEPEAE_KE@Z (unsigned char * __cdecl std::_Fill_n(unsigned char *,unsigned __int64,unsigned char))
3CA 00000000 SECT111 notype ()    Static      | ??__Eallocator_arg@std@@YAXXZ (void __cdecl std::`dynamic initializer for 'allocator_arg''(void))
3CB 00000000 UNDEF  notype ()    External     | ?_Xbad_alloc@std@@YAXXZ (void __cdecl std::_Xbad_alloc(void))
3CC 00000000 UNDEF  notype ()    External     | ?_Xlength_error@std@@YAXPEBD@Z (void __cdecl std::_Xlength_error(char const *))
3CD 00000000 UNDEF  notype ()    External     | ?_Xout_of_range@std@@YAXPEBD@Z (void __cdecl std::_Xout_of_range(char const *))
3CE 00000000 SECT148 notype ()    External    | ?_Init_atomic_counter@std@@YAXAEAKK@Z (void __cdecl std::_Init_atomic_counter(unsigned long &,unsigned long))
3CF 00000000 SECTC0 notype ()    External     | ??0logic_error@std@@QEAA@PEBD@Z (public: __cdecl std::logic_error::logic_error(char const *))
3D0 00000000 SECTE1 notype ()    External     | ??1logic_error@std@@UEAA@XZ (public: virtual __cdecl std::logic_error::~logic_error(void))
3D1 00000000 SECTBF notype ()    External     | ??0logic_error@std@@QEAA@AEBV01@@Z (public: __cdecl std::logic_error::logic_error(class std::logic_error const &))
3D2 00000000 SECT108 notype ()    External    | ??_Glogic_error@std@@UEAAPEAXI@Z (public: virtual void * __cdecl std::logic_error::`scalar deleting destructor'(unsigned int))
3D3 00000000 UNDEF  notype ()    WeakExternal | ??_Elogic_error@std@@UEAAPEAXI@Z (public: virtual void * __cdecl std::logic_error::`vector deleting destructor'(unsigned int))
    Default index      3D2 library search
3D5 00000000 SECT1C4 notype ()    External    | ?select_on_container_copy_construction@?$allocator@D@std@@QEBA?AV12@XZ (public: class std::allocator<char> __cdecl std::allocator<char>::select_on_container_copy_construction(void)const )
3D6 00000000 SECT8F notype ()    External     | ??0?$allocator@D@std@@QEAA@XZ (public: __cdecl std::allocator<char>::allocator<char>(void))
3D7 00000000 SECT8E notype ()    External     | ??0?$allocator@D@std@@QEAA@AEBV01@@Z (public: __cdecl std::allocator<char>::allocator<char>(class std::allocator<char> const &))
3D8 00000000 SECT18A notype ()    External    | ?deallocate@?$allocator@D@std@@QEAAXPEAD_K@Z (public: void __cdecl std::allocator<char>::deallocate(char *,unsigned __int64))
3D9 00000000 SECT170 notype ()    External    | ?allocate@?$allocator@D@std@@QEAAPEAD_K@Z (public: char * __cdecl std::allocator<char>::allocate(unsigned __int64))
3DA 00000000 SECT1A4 notype ()    External    | ?max_size@?$allocator@D@std@@QEBA_KXZ (public: unsigned __int64 __cdecl std::allocator<char>::max_size(void)const )
3DB 00000000 SECT1A9 notype ()    External    | ?max_size@?$allocator_traits@V?$allocator@D@std@@@std@@SA_KAEBV?$allocator@D@2@@Z (public: static unsigned __int64 __cdecl std::allocator_traits<class std::allocator<char> >::max_size(class std::allocator<char> const &))
3DC 00000000 SECT1C5 notype ()    External    | ?select_on_container_copy_construction@?$allocator_traits@V?$allocator@D@std@@@std@@SA?AV?$allocator@D@2@AEBV32@@Z (public: static class std::allocator<char> __cdecl std::allocator_traits<class std::allocator<char> >::select_on_container_copy_construction(class std::allocator<char> const &))
3DD 00000000 SECT1C3 notype ()    External    | ?select_on_container_copy_construction@?$_Wrap_alloc@V?$allocator@D@std@@@std@@QEBA?AU12@XZ (public: struct std::_Wrap_alloc<class std::allocator<char> > __cdecl std::_Wrap_alloc<class std::allocator<char> >::select_on_container_copy_construction(void)const )
3DE 00000000 SECT88 notype ()    External     | ??0?$_Wrap_alloc@V?$allocator@D@std@@@std@@QEAA@XZ (public: __cdecl std::_Wrap_alloc<class std::allocator<char> >::_Wrap_alloc<class std::allocator<char> >(void))
3DF 00000000 SECT87 notype ()    External     | ??0?$_Wrap_alloc@V?$allocator@D@std@@@std@@QEAA@AEBV?$allocator@D@1@@Z (public: __cdecl std::_Wrap_alloc<class std::allocator<char> >::_Wrap_alloc<class std::allocator<char> >(class std::allocator<char> const &))
3E0 00000000 SECT16A notype ()    External    | ?allocate@?$_Wrap_alloc@V?$allocator@D@std@@@std@@QEAAPEAD_K@Z (public: char * __cdecl std::_Wrap_alloc<class std::allocator<char> >::allocate(unsigned __int64))
3E1 00000000 SECT184 notype ()    External    | ?deallocate@?$_Wrap_alloc@V?$allocator@D@std@@@std@@QEAAXPEAD_K@Z (public: void __cdecl std::_Wrap_alloc<class std::allocator<char> >::deallocate(char *,unsigned __int64))
3E2 00000000 SECT19F notype ()    External    | ?max_size@?$_Wrap_alloc@V?$allocator@D@std@@@std@@QEBA_KXZ (public: unsigned __int64 __cdecl std::_Wrap_alloc<class std::allocator<char> >::max_size(void)const )
3E3 00000000 SECT79 notype ()    External     | ??0?$_String_val@U?$_Simple_types@D@std@@@std@@QEAA@XZ (public: __cdecl std::_String_val<struct std::_Simple_types<char> >::_String_val<struct std::_Simple_types<char> >(void))
3E4 00000000 SECT14B notype ()    External    | ?_Myptr@?$_String_val@U?$_Simple_types@D@std@@@std@@QEAAPEADXZ (public: char * __cdecl std::_String_val<struct std::_Simple_types<char> >::_Myptr(void))
3E5 00000000 SECT14C notype ()    External    | ?_Myptr@?$_String_val@U?$_Simple_types@D@std@@@std@@QEBAPEBDXZ (public: char const * __cdecl std::_String_val<struct std::_Simple_types<char> >::_Myptr(void)const )
3E6 00000000 SECTC3 notype ()    External     | ??1?$_String_val@U?$_Simple_types@D@std@@@std@@QEAA@XZ (public: __cdecl std::_String_val<struct std::_Simple_types<char> >::~_String_val<struct std::_Simple_types<char> >(void))
3E7 00000000 SECT77 notype ()    External     | ??0?$_String_alloc@$0A@U?$_String_base_types@DV?$allocator@D@std@@@std@@@std@@QEAA@AEBV?$allocator@D@1@@Z (public: __cdecl std::_String_alloc<0,struct std::_String_base_types<char,class std::allocator<char> > >::_String_alloc<0,struct std::_String_base_types<char,class std::allocator<char> > >(class std::allocator<char> const &))
3E8 00000000 SECTC2 notype ()    External     | ??1?$_String_alloc@$0A@U?$_String_base_types@DV?$allocator@D@std@@@std@@@std@@QEAA@XZ (public: __cdecl std::_String_alloc<0,struct std::_String_base_types<char,class std::allocator<char> > >::~_String_alloc<0,struct std::_String_base_types<char,class std::allocator<char> > >(void))
3E9 00000000 SECT117 notype ()    External    | ?_Alloc_proxy@?$_String_alloc@$0A@U?$_String_base_types@DV?$allocator@D@std@@@std@@@std@@QEAAXXZ (public: void __cdecl std::_String_alloc<0,struct std::_String_base_types<char,class std::allocator<char> > >::_Alloc_proxy(void))
3EA 00000000 SECT133 notype ()    External    | ?_Free_proxy@?$_String_alloc@$0A@U?$_String_base_types@DV?$allocator@D@std@@@std@@@std@@QEAAXXZ (public: void __cdecl std::_String_alloc<0,struct std::_String_base_types<char,class std::allocator<char> > >::_Free_proxy(void))
3EB 00000000 SECT13E notype ()    External    | ?_Getal@?$_String_alloc@$0A@U?$_String_base_types@DV?$allocator@D@std@@@std@@@std@@QEBA?AU?$_Wrap_alloc@V?$allocator@D@std@@@2@XZ (public: struct std::_Wrap_alloc<class std::allocator<char> > __cdecl std::_String_alloc<0,struct std::_String_base_types<char,class std::allocator<char> > >::_Getal(void)const )
3EC 00000000 SECT95 notype ()    External     | ??0?$basic_string@DU?$char_traits@D@std@@V?$allocator@D@2@@std@@QEAA@AEBV01@@Z (public: __cdecl std::basic_string<char,struct std::char_traits<char>,class std::allocator<char> >::basic_string<char,struct std::char_traits<char>,class std::allocator<char> >(class std::basic_string<char,struct std::char_traits<char>,class std::allocator<char> > const &))
3ED 00000000 SECT97 notype ()    External     | ??0?$basic_string@DU?$char_traits@D@std@@V?$allocator@D@2@@std@@QEAA@PEBD@Z (public: __cdecl std::basic_string<char,struct std::char_traits<char>,class std::allocator<char> >::basic_string<char,struct std::char_traits<char>,class std::allocator<char> >(char const *))
3EE 00000000 SECTCC notype ()    External     | ??1?$basic_string@DU?$char_traits@D@std@@V?$allocator@D@2@@std@@QEAA@XZ (public: __cdecl std::basic_string<char,struct std::char_traits<char>,class std::allocator<char> >::~basic_string<char,struct std::char_traits<char>,class std::allocator<char> >(void))
3EF 00000000 SECT176 notype ()    External    | ?assign@?$basic_string@DU?$char_traits@D@std@@V?$allocator@D@2@@std@@QEAAAEAV12@AEBV12@_K1@Z (public: class std::basic_string<char,struct std::char_traits<char>,class std::allocator<char> > & __cdecl std::basic_string<char,struct std::char_traits<char>,class std::allocator<char> >::assign(class std::basic_string<char,struct std::char_traits<char>,class std::allocator<char> > const &,unsigned __int64,unsigned __int64))
3F0 00000000 SECT178 notype ()    External    | ?assign@?$basic_string@DU?$char_traits@D@std@@V?$allocator@D@2@@std@@QEAAAEAV12@PEBD_K@Z (public: class std::basic_string<char,struct std::char_traits<char>,class std::allocator<char> > & __cdecl std::basic_string<char,struct std::char_traits<char>,class std::allocator<char> >::assign(char const *,unsigned __int64))
3F1 00000000 SECT177 notype ()    External    | ?assign@?$basic_string@DU?$char_traits@D@std@@V?$allocator@D@2@@std@@QEAAAEAV12@PEBD@Z (public: class std::basic_string<char,struct std::char_traits<char>,class std::allocator<char> > & __cdecl std::basic_string<char,struct std::char_traits<char>,class std::allocator<char> >::assign(char const *))
3F2 00000000 SECT196 notype ()    External    | ?erase@?$basic_string@DU?$char_traits@D@std@@V?$allocator@D@2@@std@@QEAAAEAV12@_K@Z (public: class std::basic_string<char,struct std::char_traits<char>,class std::allocator<char> > & __cdecl std::basic_string<char,struct std::char_traits<char>,class std::allocator<char> >::erase(unsigned __int64))
3F3 00000000 SECT195 notype ()    External    | ?erase@?$basic_string@DU?$char_traits@D@std@@V?$allocator@D@2@@std@@QEAAAEAV12@_K0@Z (public: class std::basic_string<char,struct std::char_traits<char>,class std::allocator<char> > & __cdecl std::basic_string<char,struct std::char_traits<char>,class std::allocator<char> >::erase(unsigned __int64,unsigned __int64))
3F4 00000000 SECT1C6 notype ()    External    | ?size@?$basic_string@DU?$char_traits@D@std@@V?$allocator@D@2@@std@@QEBA_KXZ (public: unsigned __int64 __cdecl std::basic_string<char,struct std::char_traits<char>,class std::allocator<char> >::size(void)const )
3F5 00000000 SECT1AE notype ()    External    | ?max_size@?$basic_string@DU?$char_traits@D@std@@V?$allocator@D@2@@std@@QEBA_KXZ (public: unsigned __int64 __cdecl std::basic_string<char,struct std::char_traits<char>,class std::allocator<char> >::max_size(void)const )
3F6 00000000 SECT122 notype ()    External    | ?_Copy@?$basic_string@DU?$char_traits@D@std@@V?$allocator@D@2@@std@@QEAAX_K0@Z (public: void __cdecl std::basic_string<char,struct std::char_traits<char>,class std::allocator<char> >::_Copy(unsigned __int64,unsigned __int64))
3F7 00000000 SECT131 notype ()    External    | ?_Eos@?$basic_string@DU?$char_traits@D@std@@V?$allocator@D@2@@std@@QEAAX_K@Z (public: void __cdecl std::basic_string<char,struct std::char_traits<char>,class std::allocator<char> >::_Eos(unsigned __int64))
3F8 00000000 SECT145 notype ()    External    | ?_Grow@?$basic_string@DU?$char_traits@D@std@@V?$allocator@D@2@@std@@QEAA_N_K_N@Z (public: bool __cdecl std::basic_string<char,struct std::char_traits<char>,class std::allocator<char> >::_Grow(unsigned __int64,bool))
3F9 00000000 SECT149 notype ()    External    | ?_Inside@?$basic_string@DU?$char_traits@D@std@@V?$allocator@D@2@@std@@QEAA_NPEBD@Z (public: bool __cdecl std::basic_string<char,struct std::char_traits<char>,class std::allocator<char> >::_Inside(char const *))
3FA 00000000 SECT15E notype ()    External    | ?_Tidy@?$basic_string@DU?$char_traits@D@std@@V?$allocator@D@2@@std@@QEAAX_N_K@Z (public: void __cdecl std::basic_string<char,struct std::char_traits<char>,class std::allocator<char> >::_Tidy(bool,unsigned __int64))
3FB 00000000 SECT164 notype ()    External    | ?_Xlen@?$basic_string@DU?$char_traits@D@std@@V?$allocator@D@2@@std@@QEBAXXZ (public: void __cdecl std::basic_string<char,struct std::char_traits<char>,class std::allocator<char> >::_Xlen(void)const )
3FC 00000000 SECT169 notype ()    External    | ?_Xran@?$basic_string@DU?$char_traits@D@std@@V?$allocator@D@2@@std@@QEBAXXZ (public: void __cdecl std::basic_string<char,struct std::char_traits<char>,class std::allocator<char> >::_Xran(void)const )
3FD 00000000 SECTBE notype ()    External     | ??0invalid_argument@std@@QEAA@PEBD@Z (public: __cdecl std::invalid_argument::invalid_argument(char const *))
3FE 00000000 SECTE0 notype ()    External     | ??1invalid_argument@std@@UEAA@XZ (public: virtual __cdecl std::invalid_argument::~invalid_argument(void))
3FF 00000000 SECTBD notype ()    External     | ??0invalid_argument@std@@QEAA@AEBV01@@Z (public: __cdecl std::invalid_argument::invalid_argument(class std::invalid_argument const &))
400 00000000 SECT107 notype ()    External    | ??_Ginvalid_argument@std@@UEAAPEAXI@Z (public: virtual void * __cdecl std::invalid_argument::`scalar deleting destructor'(unsigned int))
401 00000000 UNDEF  notype ()    WeakExternal | ??_Einvalid_argument@std@@UEAAPEAXI@Z (public: virtual void * __cdecl std::invalid_argument::`vector deleting destructor'(unsigned int))
    Default index      400 library search
403 00000000 SECTB6 notype ()    External     | ??0_Ignore@std@@QEAA@XZ (public: __cdecl std::_Ignore::_Ignore(void))
404 00000000 SECT112 notype ()    Static      | ??__Eignore@std@@YAXXZ (void __cdecl std::`dynamic initializer for 'ignore''(void))
405 00000000 SECT110 notype ()    Static      | ??__E_Tuple_alloc@std@@YAXXZ (void __cdecl std::`dynamic initializer for '_Tuple_alloc''(void))
406 00000000 UNDEF  notype ()    External     | ?registerSessionFiles@Coordinator@MilesCoordinator@@QEAA?AW4Error@2@_K0@Z (public: enum MilesCoordinator::Error __cdecl MilesCoordinator::Coordinator::registerSessionFiles(unsigned __int64,unsigned __int64))
407 00000000 UNDEF  notype ()    External     | ?admitCallback@Coordinator@MilesCoordinator@@QEAA?AW4Error@2@_K0W4CallbackKind@2@0AEAUCallbackId@2@@Z (public: enum MilesCoordinator::Error __cdecl MilesCoordinator::Coordinator::admitCallback(unsigned __int64,unsigned __int64,enum MilesCoordinator::CallbackKind,unsigned __int64,struct MilesCoordinator::CallbackId &))
408 00000000 UNDEF  notype ()    External     | ?acknowledge@Coordinator@MilesCoordinator@@QEAA?AW4Error@2@_KAEBUCallbackId@2@@Z (public: enum MilesCoordinator::Error __cdecl MilesCoordinator::Coordinator::acknowledge(unsigned __int64,struct MilesCoordinator::CallbackId const &))
409 00000000 UNDEF  notype ()    External     | ?fail@Coordinator@MilesCoordinator@@QEAA?AW4Error@2@_K@Z (public: enum MilesCoordinator::Error __cdecl MilesCoordinator::Coordinator::fail(unsigned __int64))
40A 00000000 SECT1CB notype ()    External    | ?state@Coordinator@MilesCoordinator@@QEBA?AW4State@2@XZ (public: enum MilesCoordinator::State __cdecl MilesCoordinator::Coordinator::state(void)const )
40B 00000000 SECT19D notype ()    External    | ?knownResource@MilesTransport@@YA_NI@Z (bool __cdecl MilesTransport::knownResource(unsigned int))
40C 00000000 SECTAC notype ()    External     | ??0Entry@ResourceRegistry@MilesTransport@@QEAA@XZ (public: __cdecl MilesTransport::ResourceRegistry::Entry::Entry(void))
40D 00000000 SECT91 notype ()    External     | ??0?$allocator@UEntry@ResourceRegistry@MilesTransport@@@std@@QEAA@XZ (public: __cdecl std::allocator<struct MilesTransport::ResourceRegistry::Entry>::allocator<struct MilesTransport::ResourceRegistry::Entry>(void))
40E 00000000 SECT18C notype ()    External    | ?deallocate@?$allocator@UEntry@ResourceRegistry@MilesTransport@@@std@@QEAAXPEAUEntry@ResourceRegistry@MilesTransport@@_K@Z (public: void __cdecl std::allocator<struct MilesTransport::ResourceRegistry::Entry>::deallocate(struct MilesTransport::ResourceRegistry::Entry *,unsigned __int64))
40F 00000000 SECT172 notype ()    External    | ?allocate@?$allocator@UEntry@ResourceRegistry@MilesTransport@@@std@@QEAAPEAUEntry@ResourceRegistry@MilesTransport@@_K@Z (public: struct MilesTransport::ResourceRegistry::Entry * __cdecl std::allocator<struct MilesTransport::ResourceRegistry::Entry>::allocate(unsigned __int64))
410 00000000 SECT1A6 notype ()    External    | ?max_size@?$allocator@UEntry@ResourceRegistry@MilesTransport@@@std@@QEBA_KXZ (public: unsigned __int64 __cdecl std::allocator<struct MilesTransport::ResourceRegistry::Entry>::max_size(void)const )
411 00000000 SECT1AB notype ()    External    | ?max_size@?$allocator_traits@V?$allocator@UEntry@ResourceRegistry@MilesTransport@@@std@@@std@@SA_KAEBV?$allocator@UEntry@ResourceRegistry@MilesTransport@@@2@@Z (public: static unsigned __int64 __cdecl std::allocator_traits<class std::allocator<struct MilesTransport::ResourceRegistry::Entry> >::max_size(class std::allocator<struct MilesTransport::ResourceRegistry::Entry> const &))
412 00000000 SECT8A notype ()    External     | ??0?$_Wrap_alloc@V?$allocator@UEntry@ResourceRegistry@MilesTransport@@@std@@@std@@QEAA@XZ (public: __cdecl std::_Wrap_alloc<class std::allocator<struct MilesTransport::ResourceRegistry::Entry> >::_Wrap_alloc<class std::allocator<struct MilesTransport::ResourceRegistry::Entry> >(void))
413 00000000 SECT16C notype ()    External    | ?allocate@?$_Wrap_alloc@V?$allocator@UEntry@ResourceRegistry@MilesTransport@@@std@@@std@@QEAAPEAUEntry@ResourceRegistry@MilesTransport@@_K@Z (public: struct MilesTransport::ResourceRegistry::Entry * __cdecl std::_Wrap_alloc<class std::allocator<struct MilesTransport::ResourceRegistry::Entry> >::allocate(unsigned __int64))
414 00000000 SECT186 notype ()    External    | ?deallocate@?$_Wrap_alloc@V?$allocator@UEntry@ResourceRegistry@MilesTransport@@@std@@@std@@QEAAXPEAUEntry@ResourceRegistry@MilesTransport@@_K@Z (public: void __cdecl std::_Wrap_alloc<class std::allocator<struct MilesTransport::ResourceRegistry::Entry> >::deallocate(struct MilesTransport::ResourceRegistry::Entry *,unsigned __int64))
415 00000000 SECT1A1 notype ()    External    | ?max_size@?$_Wrap_alloc@V?$allocator@UEntry@ResourceRegistry@MilesTransport@@@std@@@std@@QEBA_KXZ (public: unsigned __int64 __cdecl std::_Wrap_alloc<class std::allocator<struct MilesTransport::ResourceRegistry::Entry> >::max_size(void)const )
416 00000000 SECT84 notype ()    External     | ??0?$_Vector_val@U?$_Simple_types@UEntry@ResourceRegistry@MilesTransport@@@std@@@std@@QEAA@XZ (public: __cdecl std::_Vector_val<struct std::_Simple_types<struct MilesTransport::ResourceRegistry::Entry> >::_Vector_val<struct std::_Simple_types<struct MilesTransport::ResourceRegistry::Entry> >(void))
417 00000000 SECTC9 notype ()    External     | ??1?$_Vector_val@U?$_Simple_types@UEntry@ResourceRegistry@MilesTransport@@@std@@@std@@QEAA@XZ (public: __cdecl std::_Vector_val<struct std::_Simple_types<struct MilesTransport::ResourceRegistry::Entry> >::~_Vector_val<struct std::_Simple_types<struct MilesTransport::ResourceRegistry::Entry> >(void))
418 00000000 SECT7D notype ()    External     | ??0?$_Vector_alloc@$0A@U?$_Vec_base_types@UEntry@ResourceRegistry@MilesTransport@@V?$allocator@UEntry@ResourceRegistry@MilesTransport@@@std@@@std@@@std@@QEAA@AEBV?$allocator@UEntry@ResourceRegistry@MilesTransport@@@1@@Z (public: __cdecl std::_Vector_alloc<0,struct std::_Vec_base_types<struct MilesTransport::ResourceRegistry::Entry,class std::allocator<struct MilesTransport::ResourceRegistry::Entry> > >::_Vector_alloc<0,struct std::_Vec_base_types<struct MilesTransport::ResourceRegistry::Entry,class std::allocator<struct MilesTransport::ResourceRegistry::Entry> > >(class std::allocator<struct MilesTransport::ResourceRegistry::Entry> const &))
419 00000000 SECTC5 notype ()    External     | ??1?$_Vector_alloc@$0A@U?$_Vec_base_types@UEntry@ResourceRegistry@MilesTransport@@V?$allocator@UEntry@ResourceRegistry@MilesTransport@@@std@@@std@@@std@@QEAA@XZ (public: __cdecl std::_Vector_alloc<0,struct std::_Vec_base_types<struct MilesTransport::ResourceRegistry::Entry,class std::allocator<struct MilesTransport::ResourceRegistry::Entry> > >::~_Vector_alloc<0,struct std::_Vec_base_types<struct MilesTransport::ResourceRegistry::Entry,class std::allocator<struct MilesTransport::ResourceRegistry::Entry> > >(void))
41A 00000000 SECT119 notype ()    External    | ?_Alloc_proxy@?$_Vector_alloc@$0A@U?$_Vec_base_types@UEntry@ResourceRegistry@MilesTransport@@V?$allocator@UEntry@ResourceRegistry@MilesTransport@@@std@@@std@@@std@@QEAAXXZ (public: void __cdecl std::_Vector_alloc<0,struct std::_Vec_base_types<struct MilesTransport::ResourceRegistry::Entry,class std::allocator<struct MilesTransport::ResourceRegistry::Entry> > >::_Alloc_proxy(void))
41B 00000000 SECT135 notype ()    External    | ?_Free_proxy@?$_Vector_alloc@$0A@U?$_Vec_base_types@UEntry@ResourceRegistry@MilesTransport@@V?$allocator@UEntry@ResourceRegistry@MilesTransport@@@std@@@std@@@std@@QEAAXXZ (public: void __cdecl std::_Vector_alloc<0,struct std::_Vec_base_types<struct MilesTransport::ResourceRegistry::Entry,class std::allocator<struct MilesTransport::ResourceRegistry::Entry> > >::_Free_proxy(void))
41C 00000000 SECT140 notype ()    External    | ?_Getal@?$_Vector_alloc@$0A@U?$_Vec_base_types@UEntry@ResourceRegistry@MilesTransport@@V?$allocator@UEntry@ResourceRegistry@MilesTransport@@@std@@@std@@@std@@QEBA?AU?$_Wrap_alloc@V?$allocator@UEntry@ResourceRegistry@MilesTransport@@@std@@@2@XZ (public: struct std::_Wrap_alloc<class std::allocator<struct MilesTransport::ResourceRegistry::Entry> > __cdecl std::_Vector_alloc<0,struct std::_Vec_base_types<struct MilesTransport::ResourceRegistry::Entry,class std::allocator<struct MilesTransport::ResourceRegistry::Entry> > >::_Getal(void)const )
41D 00000000 SECTA6 notype ()    External     | ??0?$vector@UEntry@ResourceRegistry@MilesTransport@@V?$allocator@UEntry@ResourceRegistry@MilesTransport@@@std@@@std@@QEAA@XZ (public: __cdecl std::vector<struct MilesTransport::ResourceRegistry::Entry,class std::allocator<struct MilesTransport::ResourceRegistry::Entry> >::vector<struct MilesTransport::ResourceRegistry::Entry,class std::allocator<struct MilesTransport::ResourceRegistry::Entry> >(void))
41E 00000000 SECT1BB notype ()    External    | ?push_back@?$vector@UEntry@ResourceRegistry@MilesTransport@@V?$allocator@UEntry@ResourceRegistry@MilesTransport@@@std@@@std@@QEAAX$$QEAUEntry@ResourceRegistry@MilesTransport@@@Z (public: void __cdecl std::vector<struct MilesTransport::ResourceRegistry::Entry,class std::allocator<struct MilesTransport::ResourceRegistry::Entry> >::push_back(struct MilesTransport::ResourceRegistry::Entry &&))
41F 00000000 SECTD3 notype ()    External     | ??1?$vector@UEntry@ResourceRegistry@MilesTransport@@V?$allocator@UEntry@ResourceRegistry@MilesTransport@@@std@@@std@@QEAA@XZ (public: __cdecl std::vector<struct MilesTransport::ResourceRegistry::Entry,class std::allocator<struct MilesTransport::ResourceRegistry::Entry> >::~vector<struct MilesTransport::ResourceRegistry::Entry,class std::allocator<struct MilesTransport::ResourceRegistry::Entry> >(void))
420 00000000 SECT17C notype ()    External    | ?capacity@?$vector@UEntry@ResourceRegistry@MilesTransport@@V?$allocator@UEntry@ResourceRegistry@MilesTransport@@@std@@@std@@QEBA_KXZ (public: unsigned __int64 __cdecl std::vector<struct MilesTransport::ResourceRegistry::Entry,class std::allocator<struct MilesTransport::ResourceRegistry::Entry> >::capacity(void)const )
421 00000000 SECT163 notype ()    External    | ?_Unused_capacity@?$vector@UEntry@ResourceRegistry@MilesTransport@@V?$allocator@UEntry@ResourceRegistry@MilesTransport@@@std@@@std@@QEBA_KXZ (public: unsigned __int64 __cdecl std::vector<struct MilesTransport::ResourceRegistry::Entry,class std::allocator<struct MilesTransport::ResourceRegistry::Entry> >::_Unused_capacity(void)const )
422 00000000 SECT1C8 notype ()    External    | ?size@?$vector@UEntry@ResourceRegistry@MilesTransport@@V?$allocator@UEntry@ResourceRegistry@MilesTransport@@@std@@@std@@QEBA_KXZ (public: unsigned __int64 __cdecl std::vector<struct MilesTransport::ResourceRegistry::Entry,class std::allocator<struct MilesTransport::ResourceRegistry::Entry> >::size(void)const )
423 00000000 SECT1B0 notype ()    External    | ?max_size@?$vector@UEntry@ResourceRegistry@MilesTransport@@V?$allocator@UEntry@ResourceRegistry@MilesTransport@@@std@@@std@@QEBA_KXZ (public: unsigned __int64 __cdecl std::vector<struct MilesTransport::ResourceRegistry::Entry,class std::allocator<struct MilesTransport::ResourceRegistry::Entry> >::max_size(void)const )
424 00000000 SECTEC notype ()    External     | ??A?$vector@UEntry@ResourceRegistry@MilesTransport@@V?$allocator@UEntry@ResourceRegistry@MilesTransport@@@std@@@std@@QEBAAEBUEntry@ResourceRegistry@MilesTransport@@_K@Z (public: struct MilesTransport::ResourceRegistry::Entry const & __cdecl std::vector<struct MilesTransport::ResourceRegistry::Entry,class std::allocator<struct MilesTransport::ResourceRegistry::Entry> >::operator[](unsigned __int64)const )
425 00000000 SECTEB notype ()    External     | ??A?$vector@UEntry@ResourceRegistry@MilesTransport@@V?$allocator@UEntry@ResourceRegistry@MilesTransport@@@std@@@std@@QEAAAEAUEntry@ResourceRegistry@MilesTransport@@_K@Z (public: struct MilesTransport::ResourceRegistry::Entry & __cdecl std::vector<struct MilesTransport::ResourceRegistry::Entry,class std::allocator<struct MilesTransport::ResourceRegistry::Entry> >::operator[](unsigned __int64))
426 00000000 SECT12D notype ()    External    | ?_Destroy@?$vector@UEntry@ResourceRegistry@MilesTransport@@V?$allocator@UEntry@ResourceRegistry@MilesTransport@@@std@@@std@@IEAAXPEAUEntry@ResourceRegistry@MilesTransport@@0@Z (protected: void __cdecl std::vector<struct MilesTransport::ResourceRegistry::Entry,class std::allocator<struct MilesTransport::ResourceRegistry::Entry> >::_Destroy(struct MilesTransport::ResourceRegistry::Entry *,struct MilesTransport::ResourceRegistry::Entry *))
427 00000000 SECT146 notype ()    External    | ?_Grow_to@?$vector@UEntry@ResourceRegistry@MilesTransport@@V?$allocator@UEntry@ResourceRegistry@MilesTransport@@@std@@@std@@IEBA_K_K@Z (protected: unsigned __int64 __cdecl std::vector<struct MilesTransport::ResourceRegistry::Entry,class std::allocator<struct MilesTransport::ResourceRegistry::Entry> >::_Grow_to(unsigned __int64)const )
428 00000000 SECT14A notype ()    External    | ?_Inside@?$vector@UEntry@ResourceRegistry@MilesTransport@@V?$allocator@UEntry@ResourceRegistry@MilesTransport@@@std@@@std@@IEBA_NPEBUEntry@ResourceRegistry@MilesTransport@@@Z (protected: bool __cdecl std::vector<struct MilesTransport::ResourceRegistry::Entry,class std::allocator<struct MilesTransport::ResourceRegistry::Entry> >::_Inside(struct MilesTransport::ResourceRegistry::Entry const *)const )
429 00000000 SECT150 notype ()    External    | ?_Reallocate@?$vector@UEntry@ResourceRegistry@MilesTransport@@V?$allocator@UEntry@ResourceRegistry@MilesTransport@@@std@@@std@@IEAAX_K@Z (protected: void __cdecl std::vector<struct MilesTransport::ResourceRegistry::Entry,class std::allocator<struct MilesTransport::ResourceRegistry::Entry> >::_Reallocate(unsigned __int64))
42A 00000000 SECT152 notype ()    External    | ?_Reserve@?$vector@UEntry@ResourceRegistry@MilesTransport@@V?$allocator@UEntry@ResourceRegistry@MilesTransport@@@std@@@std@@IEAAX_K@Z (protected: void __cdecl std::vector<struct MilesTransport::ResourceRegistry::Entry,class std::allocator<struct MilesTransport::ResourceRegistry::Entry> >::_Reserve(unsigned __int64))
42B 00000000 SECT160 notype ()    External    | ?_Tidy@?$vector@UEntry@ResourceRegistry@MilesTransport@@V?$allocator@UEntry@ResourceRegistry@MilesTransport@@@std@@@std@@IEAAXXZ (protected: void __cdecl std::vector<struct MilesTransport::ResourceRegistry::Entry,class std::allocator<struct MilesTransport::ResourceRegistry::Entry> >::_Tidy(void))
42C 00000000 SECT166 notype ()    External    | ?_Xlen@?$vector@UEntry@ResourceRegistry@MilesTransport@@V?$allocator@UEntry@ResourceRegistry@MilesTransport@@@std@@@std@@IEBAXXZ (protected: void __cdecl std::vector<struct MilesTransport::ResourceRegistry::Entry,class std::allocator<struct MilesTransport::ResourceRegistry::Entry> >::_Xlen(void)const )
42D 00000000 SECT14E notype ()    External    | ?_Orphan_range@?$vector@UEntry@ResourceRegistry@MilesTransport@@V?$allocator@UEntry@ResourceRegistry@MilesTransport@@@std@@@std@@IEBAXPEAUEntry@ResourceRegistry@MilesTransport@@0@Z (protected: void __cdecl std::vector<struct MilesTransport::ResourceRegistry::Entry,class std::allocator<struct MilesTransport::ResourceRegistry::Entry> >::_Orphan_range(struct MilesTransport::ResourceRegistry::Entry *,struct MilesTransport::ResourceRegistry::Entry *)const )
42E 00000000 SECT192 notype ()    External    | ?entry@ResourceRegistry@MilesTransport@@AEAAPEAUEntry@12@AEBUHandle@MilesWire@@@Z (private: struct MilesTransport::ResourceRegistry::Entry * __cdecl MilesTransport::ResourceRegistry::entry(struct MilesWire::Handle const &))
42F 00000000 SECT19C notype ()    External    | ?insertEntry@ResourceRegistry@MilesTransport@@AEAA_NW4ResourceKind@MilesWire@@PEAXAEAUHandle@4@@Z (private: bool __cdecl MilesTransport::ResourceRegistry::insertEntry(enum MilesWire::ResourceKind,void *,struct MilesWire::Handle &))
430 00000000 SECT1C2 notype ()    External    | ?same@ResourceRegistry@MilesTransport@@CA_NAEBUHandle@MilesWire@@0@Z (private: static bool __cdecl MilesTransport::ResourceRegistry::same(struct MilesWire::Handle const &,struct MilesWire::Handle const &))
431 00000000 SECT1C1 notype ()    External    | ?retireEntry@ResourceRegistry@MilesTransport@@AEAAXAEAUEntry@12@@Z (private: void __cdecl MilesTransport::ResourceRegistry::retireEntry(struct MilesTransport::ResourceRegistry::Entry &))
432 00000000 SECTB1 notype ()    External     | ??0ResourceRegistry@MilesTransport@@QEAA@II@Z (public: __cdecl MilesTransport::ResourceRegistry::ResourceRegistry(unsigned int,unsigned int))
433 00000000 SECT19B notype ()    External    | ?insert@ResourceRegistry@MilesTransport@@QEAA_NW4ResourceKind@MilesWire@@PEAXAEAUHandle@4@@Z (public: bool __cdecl MilesTransport::ResourceRegistry::insert(enum MilesWire::ResourceKind,void *,struct MilesWire::Handle &))
434 00000000 SECT1BF notype ()    External    | ?resolve@ResourceRegistry@MilesTransport@@QEBA_NAEBUHandle@MilesWire@@W4ResourceKind@4@AEAPEAX@Z (public: bool __cdecl MilesTransport::ResourceRegistry::resolve(struct MilesWire::Handle const &,enum MilesWire::ResourceKind,void * &)const )
435 00000000 SECT17A notype ()    External    | ?beginClose@ResourceRegistry@MilesTransport@@QEAA_NAEBUHandle@MilesWire@@@Z (public: bool __cdecl MilesTransport::ResourceRegistry::beginClose(struct MilesWire::Handle const &))
436 00000000 SECT1C0 notype ()    External    | ?retire@ResourceRegistry@MilesTransport@@QEAA_NAEBUHandle@MilesWire@@@Z (public: bool __cdecl MilesTransport::ResourceRegistry::retire(struct MilesWire::Handle const &))
437 00000000 SECTD9 notype ()    External     | ??1ResourceRegistry@MilesTransport@@QEAA@XZ (public: __cdecl MilesTransport::ResourceRegistry::~ResourceRegistry(void))
438 00000000 SECTAB notype ()    External     | ??0Bytes@MilesTransport@@QEAA@PEBX_K@Z (public: __cdecl MilesTransport::Bytes::Bytes(void const *,unsigned __int64))
439 00000000 SECTB8 notype ()    External     | ??0_Ref_count_base@std@@IEAA@XZ (protected: __cdecl std::_Ref_count_base::_Ref_count_base(void))
43A 00000000 SECTDD notype ()    External     | ??1_Ref_count_base@std@@UEAA@XZ (public: virtual __cdecl std::_Ref_count_base::~_Ref_count_base(void))
43B 00000000 SECT147 notype ()    External    | ?_Incref@_Ref_count_base@std@@QEAAXXZ (public: void __cdecl std::_Ref_count_base::_Incref(void))
43C 00000000 SECT128 notype ()    External    | ?_Decref@_Ref_count_base@std@@QEAAXXZ (public: void __cdecl std::_Ref_count_base::_Decref(void))
43D 00000000 SECT129 notype ()    External    | ?_Decwref@_Ref_count_base@std@@QEAAXXZ (public: void __cdecl std::_Ref_count_base::_Decwref(void))
43E 00000000 SECT13D notype ()    External    | ?_Get_deleter@_Ref_count_base@std@@UEBAPEAXAEBVtype_info@@@Z (public: virtual void * __cdecl std::_Ref_count_base::_Get_deleter(class type_info const &)const )
43F 00000000 SECT104 notype ()    External    | ??_G_Ref_count_base@std@@UEAAPEAXI@Z (public: virtual void * __cdecl std::_Ref_count_base::`scalar deleting destructor'(unsigned int))
440 00000000 UNDEF  notype ()    WeakExternal | ??_E_Ref_count_base@std@@UEAAPEAXI@Z (public: virtual void * __cdecl std::_Ref_count_base::`vector deleting destructor'(unsigned int))
    Default index      43F library search
442 00000000 SECT130 notype ()    External    | ?_Enable_shared@std@@YAXPEDX0@Z (void __cdecl std::_Enable_shared(void const volatile *,void const volatile *))
443 00000000 SECTBC notype ()    External     | ??0id@locale@std@@QEAA@_K@Z (public: __cdecl std::locale::id::id(unsigned __int64))
444 00000000 SECT10 notype ()    External     | ??$_Debug_pointer@D@std@@YAXPEBDPEB_WI@Z (void __cdecl std::_Debug_pointer<char>(char const *,wchar_t const *,unsigned int))
445 00000000 SECT197 notype ()    External    | ?generic_category@std@@YAAEBVerror_category@1@XZ (class std::error_category const & __cdecl std::generic_category(void))
446 00000000 SECT1CF notype ()    External    | ?system_category@std@@YAAEBVerror_category@1@XZ (class std::error_category const & __cdecl std::system_category(void))
447 00000000 SECTBA notype ()    External     | ??0error_category@std@@QEAA@XZ (public: __cdecl std::error_category::error_category(void))
448 00000000 SECTDF notype ()    External     | ??1error_category@std@@UEAA@XZ (public: virtual __cdecl std::error_category::~error_category(void))
449 00000000 SECT191 notype ()    External    | ?default_error_condition@error_category@std@@UEBA?AVerror_condition@2@H@Z (public: virtual class std::error_condition __cdecl std::error_category::default_error_condition(int)const )
44A 00000000 SECT194 notype ()    External    | ?equivalent@error_category@std@@UEBA_NHAEBVerror_condition@2@@Z (public: virtual bool __cdecl std::error_category::equivalent(int,class std::error_condition const &)const )
44B 00000000 SECT193 notype ()    External    | ?equivalent@error_category@std@@UEBA_NAEBVerror_code@2@H@Z (public: virtual bool __cdecl std::error_category::equivalent(class std::error_code const &,int)const )
44C 00000000 SECTE8 notype ()    External     | ??8error_category@std@@QEBA_NAEBV01@@Z (public: bool __cdecl std::error_category::operator==(class std::error_category const &)const )
44D 00000000 SECT106 notype ()    External    | ??_Gerror_category@std@@UEAAPEAXI@Z (public: virtual void * __cdecl std::error_category::`scalar deleting destructor'(unsigned int))
44E 00000000 UNDEF  notype ()    WeakExternal | ??_Eerror_category@std@@UEAAPEAXI@Z (public: virtual void * __cdecl std::error_category::`vector deleting destructor'(unsigned int))
    Default index      44D library search
450 00000000 SECT1D0 notype ()    External    | ?value@error_code@std@@QEBAHXZ (public: int __cdecl std::error_code::value(void)const )
451 00000000 SECT17D notype ()    External    | ?category@error_code@std@@QEBAAEBVerror_category@2@XZ (public: class std::error_category const & __cdecl std::error_code::category(void)const )
452 00000000 SECTBB notype ()    External     | ??0error_condition@std@@QEAA@HAEBVerror_category@1@@Z (public: __cdecl std::error_condition::error_condition(int,class std::error_category const &))
453 00000000 SECT1D1 notype ()    External    | ?value@error_condition@std@@QEBAHXZ (public: int __cdecl std::error_condition::value(void)const )
454 00000000 SECT17E notype ()    External    | ?category@error_condition@std@@QEBAAEBVerror_category@2@XZ (public: class std::error_category const & __cdecl std::error_condition::category(void)const )
455 00000000 SECTE9 notype ()    External     | ??8error_condition@std@@QEBA_NAEBV01@@Z (public: bool __cdecl std::error_condition::operator==(class std::error_condition const &)const )
456 00000000 UNDEF  notype ()    External     | ?_Syserror_map@std@@YAPEBDH@Z (char const * __cdecl std::_Syserror_map(int))
457 00000000 UNDEF  notype ()    External     | ?_Winerror_map@std@@YAPEBDH@Z (char const * __cdecl std::_Winerror_map(int))
458 00000000 SECTB5 notype ()    External     | ??0_Generic_error_category@std@@QEAA@XZ (public: __cdecl std::_Generic_error_category::_Generic_error_category(void))
459 00000000 SECT1B7 notype ()    External    | ?name@_Generic_error_category@std@@UEBAPEBDXZ (public: virtual char const * __cdecl std::_Generic_error_category::name(void)const )
45A 00000000 SECT1B3 notype ()    External    | ?message@_Generic_error_category@std@@UEBA?AV?$basic_string@DU?$char_traits@D@std@@V?$allocator@D@2@@2@H@Z (public: virtual class std::basic_string<char,struct std::char_traits<char>,class std::allocator<char> > __cdecl std::_Generic_error_category::message(int)const )
45B 00000000 SECTDB notype ()    External     | ??1_Generic_error_category@std@@UEAA@XZ (public: virtual __cdecl std::_Generic_error_category::~_Generic_error_category(void))
45C 00000000 SECT102 notype ()    External    | ??_G_Generic_error_category@std@@UEAAPEAXI@Z (public: virtual void * __cdecl std::_Generic_error_category::`scalar deleting destructor'(unsigned int))
45D 00000000 UNDEF  notype ()    WeakExternal | ??_E_Generic_error_category@std@@UEAAPEAXI@Z (public: virtual void * __cdecl std::_Generic_error_category::`vector deleting destructor'(unsigned int))
    Default index      45C library search
45F 00000000 SECTB7 notype ()    External     | ??0_Iostream_error_category@std@@QEAA@XZ (public: __cdecl std::_Iostream_error_category::_Iostream_error_category(void))
460 00000000 SECT1B8 notype ()    External    | ?name@_Iostream_error_category@std@@UEBAPEBDXZ (public: virtual char const * __cdecl std::_Iostream_error_category::name(void)const )
461 00000000 SECT1B4 notype ()    External    | ?message@_Iostream_error_category@std@@UEBA?AV?$basic_string@DU?$char_traits@D@std@@V?$allocator@D@2@@2@H@Z (public: virtual class std::basic_string<char,struct std::char_traits<char>,class std::allocator<char> > __cdecl std::_Iostream_error_category::message(int)const )
462 00000000 SECTDC notype ()    External     | ??1_Iostream_error_category@std@@UEAA@XZ (public: virtual __cdecl std::_Iostream_error_category::~_Iostream_error_category(void))
463 00000000 SECT103 notype ()    External    | ??_G_Iostream_error_category@std@@UEAAPEAXI@Z (public: virtual void * __cdecl std::_Iostream_error_category::`scalar deleting destructor'(unsigned int))
464 00000000 UNDEF  notype ()    WeakExternal | ??_E_Iostream_error_category@std@@UEAAPEAXI@Z (public: virtual void * __cdecl std::_Iostream_error_category::`vector deleting destructor'(unsigned int))
    Default index      463 library search
466 00000000 SECTB9 notype ()    External     | ??0_System_error_category@std@@QEAA@XZ (public: __cdecl std::_System_error_category::_System_error_category(void))
467 00000000 SECT1B9 notype ()    External    | ?name@_System_error_category@std@@UEBAPEBDXZ (public: virtual char const * __cdecl std::_System_error_category::name(void)const )
468 00000000 SECT1B5 notype ()    External    | ?message@_System_error_category@std@@UEBA?AV?$basic_string@DU?$char_traits@D@std@@V?$allocator@D@2@@2@H@Z (public: virtual class std::basic_string<char,struct std::char_traits<char>,class std::allocator<char> > __cdecl std::_System_error_category::message(int)const )
469 00000000 SECT190 notype ()    External    | ?default_error_condition@_System_error_category@std@@UEBA?AVerror_condition@2@H@Z (public: virtual class std::error_condition __cdecl std::_System_error_category::default_error_condition(int)const )
46A 00000000 SECTDE notype ()    External     | ??1_System_error_category@std@@UEAA@XZ (public: virtual __cdecl std::_System_error_category::~_System_error_category(void))
46B 00000000 SECT105 notype ()    External    | ??_G_System_error_category@std@@UEAAPEAXI@Z (public: virtual void * __cdecl std::_System_error_category::`scalar deleting destructor'(unsigned int))
46C 00000000 UNDEF  notype ()    WeakExternal | ??_E_System_error_category@std@@UEAAPEAXI@Z (public: virtual void * __cdecl std::_System_error_category::`vector deleting destructor'(unsigned int))
    Default index      46B library search
46E 00000000 UNDEF  notype ()    External     | ??0Request@MilesFileChannel26@@QEAA@XZ (public: __cdecl MilesFileChannel26::Request::Request(void))
46F 00000000 UNDEF  notype ()    External     | ?opcode@Request@MilesFileChannel26@@QEBAIXZ (public: unsigned int __cdecl MilesFileChannel26::Request::opcode(void)const )
470 00000000 UNDEF  notype ()    External     | ?target@Request@MilesFileChannel26@@QEBA?AUHandle@MilesWire@@XZ (public: struct MilesWire::Handle __cdecl MilesFileChannel26::Request::target(void)const )
471 00000000 UNDEF  notype ()    External     | ?count@Request@MilesFileChannel26@@QEBAIXZ (public: unsigned int __cdecl MilesFileChannel26::Request::count(void)const )
472 00000000 UNDEF  notype ()    External     | ?decodeRequest@MilesFileChannel26@@YA?AW4Validation@1@UBytes@MilesTransport@@AEBUAssociation@1@AEAVRequest@1@@Z (enum MilesFileChannel26::Validation __cdecl MilesFileChannel26::decodeRequest(struct MilesTransport::Bytes,struct MilesFileChannel26::Association const &,class MilesFileChannel26::Request &))
473 00000000 SECTD8 notype ()    External     | ??1Request@MilesFileChannel26@@QEAA@XZ (public: __cdecl MilesFileChannel26::Request::~Request(void))
474 00000000 SECTB0 notype ()    External     | ??0Request@MilesFileChannel26@@QEAA@AEBV01@@Z (public: __cdecl MilesFileChannel26::Request::Request(class MilesFileChannel26::Request const &))
475 00000000 SECT138 notype ()    External    | ?_Get@?$_Ptr_base@$$CBX@std@@QEBAPEBXXZ (public: void const * __cdecl std::_Ptr_base<void const >::_Get(void)const )
476 00000000 SECTF1 notype ()    External     | ??B?$shared_ptr@$$CBX@std@@QEBA_NXZ (public: __cdecl std::shared_ptr<void const >::operator bool(void)const )
477 00000000 UNDEF  notype ()    External     | ??0Binding@MilesFileChannel26@@QEAA@UHandle@MilesWire@@ULocalFileHandle@ClientAudioFileCallbacks@@@Z (public: __cdecl MilesFileChannel26::Binding::Binding(struct MilesWire::Handle,struct ClientAudioFileCallbacks::LocalFileHandle))
478 00000000 SECT90 notype ()    External     | ??0?$allocator@E@std@@QEAA@XZ (public: __cdecl std::allocator<unsigned char>::allocator<unsigned char>(void))
479 00000000 SECT18B notype ()    External    | ?deallocate@?$allocator@E@std@@QEAAXPEAE_K@Z (public: void __cdecl std::allocator<unsigned char>::deallocate(unsigned char *,unsigned __int64))
47A 00000000 SECT171 notype ()    External    | ?allocate@?$allocator@E@std@@QEAAPEAE_K@Z (public: unsigned char * __cdecl std::allocator<unsigned char>::allocate(unsigned __int64))
47B 00000000 SECT1A5 notype ()    External    | ?max_size@?$allocator@E@std@@QEBA_KXZ (public: unsigned __int64 __cdecl std::allocator<unsigned char>::max_size(void)const )
47C 00000000 SECT1AA notype ()    External    | ?max_size@?$allocator_traits@V?$allocator@E@std@@@std@@SA_KAEBV?$allocator@E@2@@Z (public: static unsigned __int64 __cdecl std::allocator_traits<class std::allocator<unsigned char> >::max_size(class std::allocator<unsigned char> const &))
47D 00000000 SECT89 notype ()    External     | ??0?$_Wrap_alloc@V?$allocator@E@std@@@std@@QEAA@XZ (public: __cdecl std::_Wrap_alloc<class std::allocator<unsigned char> >::_Wrap_alloc<class std::allocator<unsigned char> >(void))
47E 00000000 SECT16B notype ()    External    | ?allocate@?$_Wrap_alloc@V?$allocator@E@std@@@std@@QEAAPEAE_K@Z (public: unsigned char * __cdecl std::_Wrap_alloc<class std::allocator<unsigned char> >::allocate(unsigned __int64))
47F 00000000 SECT185 notype ()    External    | ?deallocate@?$_Wrap_alloc@V?$allocator@E@std@@@std@@QEAAXPEAE_K@Z (public: void __cdecl std::_Wrap_alloc<class std::allocator<unsigned char> >::deallocate(unsigned char *,unsigned __int64))
480 00000000 SECT1A0 notype ()    External    | ?max_size@?$_Wrap_alloc@V?$allocator@E@std@@@std@@QEBA_KXZ (public: unsigned __int64 __cdecl std::_Wrap_alloc<class std::allocator<unsigned char> >::max_size(void)const )
481 00000000 SECT83 notype ()    External     | ??0?$_Vector_val@U?$_Simple_types@E@std@@@std@@QEAA@XZ (public: __cdecl std::_Vector_val<struct std::_Simple_types<unsigned char> >::_Vector_val<struct std::_Simple_types<unsigned char> >(void))
482 00000000 SECTC8 notype ()    External     | ??1?$_Vector_val@U?$_Simple_types@E@std@@@std@@QEAA@XZ (public: __cdecl std::_Vector_val<struct std::_Simple_types<unsigned char> >::~_Vector_val<struct std::_Simple_types<unsigned char> >(void))
483 00000000 SECT7B notype ()    External     | ??0?$_Vector_alloc@$0A@U?$_Vec_base_types@EV?$allocator@E@std@@@std@@@std@@QEAA@AEBV?$allocator@E@1@@Z (public: __cdecl std::_Vector_alloc<0,struct std::_Vec_base_types<unsigned char,class std::allocator<unsigned char> > >::_Vector_alloc<0,struct std::_Vec_base_types<unsigned char,class std::allocator<unsigned char> > >(class std::allocator<unsigned char> const &))
484 00000000 SECTC4 notype ()    External     | ??1?$_Vector_alloc@$0A@U?$_Vec_base_types@EV?$allocator@E@std@@@std@@@std@@QEAA@XZ (public: __cdecl std::_Vector_alloc<0,struct std::_Vec_base_types<unsigned char,class std::allocator<unsigned char> > >::~_Vector_alloc<0,struct std::_Vec_base_types<unsigned char,class std::allocator<unsigned char> > >(void))
485 00000000 SECT118 notype ()    External    | ?_Alloc_proxy@?$_Vector_alloc@$0A@U?$_Vec_base_types@EV?$allocator@E@std@@@std@@@std@@QEAAXXZ (public: void __cdecl std::_Vector_alloc<0,struct std::_Vec_base_types<unsigned char,class std::allocator<unsigned char> > >::_Alloc_proxy(void))
486 00000000 SECT134 notype ()    External    | ?_Free_proxy@?$_Vector_alloc@$0A@U?$_Vec_base_types@EV?$allocator@E@std@@@std@@@std@@QEAAXXZ (public: void __cdecl std::_Vector_alloc<0,struct std::_Vec_base_types<unsigned char,class std::allocator<unsigned char> > >::_Free_proxy(void))
487 00000000 SECT13F notype ()    External    | ?_Getal@?$_Vector_alloc@$0A@U?$_Vec_base_types@EV?$allocator@E@std@@@std@@@std@@QEBA?AU?$_Wrap_alloc@V?$allocator@E@std@@@2@XZ (public: struct std::_Wrap_alloc<class std::allocator<unsigned char> > __cdecl std::_Vector_alloc<0,struct std::_Vec_base_types<unsigned char,class std::allocator<unsigned char> > >::_Getal(void)const )
488 00000000 SECTA4 notype ()    External     | ??0?$vector@EV?$allocator@E@std@@@std@@QEAA@_K@Z (public: __cdecl std::vector<unsigned char,class std::allocator<unsigned char> >::vector<unsigned char,class std::allocator<unsigned char> >(unsigned __int64))
489 00000000 SECTD2 notype ()    External     | ??1?$vector@EV?$allocator@E@std@@@std@@QEAA@XZ (public: __cdecl std::vector<unsigned char,class std::allocator<unsigned char> >::~vector<unsigned char,class std::allocator<unsigned char> >(void))
48A 00000000 SECT1C7 notype ()    External    | ?size@?$vector@EV?$allocator@E@std@@@std@@QEBA_KXZ (public: unsigned __int64 __cdecl std::vector<unsigned char,class std::allocator<unsigned char> >::size(void)const )
48B 00000000 SECT1AF notype ()    External    | ?max_size@?$vector@EV?$allocator@E@std@@@std@@QEBA_KXZ (public: unsigned __int64 __cdecl std::vector<unsigned char,class std::allocator<unsigned char> >::max_size(void)const )
48C 00000000 SECTEA notype ()    External     | ??A?$vector@EV?$allocator@E@std@@@std@@QEAAAEAE_K@Z (public: unsigned char & __cdecl std::vector<unsigned char,class std::allocator<unsigned char> >::operator[](unsigned __int64))
48D 00000000 SECT11E notype ()    External    | ?_Buy@?$vector@EV?$allocator@E@std@@@std@@IEAA_N_K@Z (protected: bool __cdecl std::vector<unsigned char,class std::allocator<unsigned char> >::_Buy(unsigned __int64))
48E 00000000 SECT12C notype ()    External    | ?_Destroy@?$vector@EV?$allocator@E@std@@@std@@IEAAXPEAE0@Z (protected: void __cdecl std::vector<unsigned char,class std::allocator<unsigned char> >::_Destroy(unsigned char *,unsigned char *))
48F 00000000 SECT15F notype ()    External    | ?_Tidy@?$vector@EV?$allocator@E@std@@@std@@IEAAXXZ (protected: void __cdecl std::vector<unsigned char,class std::allocator<unsigned char> >::_Tidy(void))
490 00000000 SECT165 notype ()    External    | ?_Xlen@?$vector@EV?$allocator@E@std@@@std@@IEBAXXZ (protected: void __cdecl std::vector<unsigned char,class std::allocator<unsigned char> >::_Xlen(void)const )
491 00000000 UNDEF  notype ()    External     | ?completion@Invocation@MilesFileChannel26@@QEBAAEBUCompletion@2@XZ (public: struct MilesFileChannel26::Completion const & __cdecl MilesFileChannel26::Invocation::completion(void)const )
492 00000000 SECT70 notype ()    External     | ??0?$_Ptr_base@$$CBUBinding@MilesFileChannel26@@@std@@QEAA@XZ (public: __cdecl std::_Ptr_base<struct MilesFileChannel26::Binding const >::_Ptr_base<struct MilesFileChannel26::Binding const >(void))
493 00000000 SECT6F notype ()    External     | ??0?$_Ptr_base@$$CBUBinding@MilesFileChannel26@@@std@@QEAA@$$QEAV01@@Z (public: __cdecl std::_Ptr_base<struct MilesFileChannel26::Binding const >::_Ptr_base<struct MilesFileChannel26::Binding const >(class std::_Ptr_base<struct MilesFileChannel26::Binding const > &&))
494 00000000 SECT11C notype ()    External    | ?_Assign_rv@?$_Ptr_base@$$CBUBinding@MilesFileChannel26@@@std@@QEAAX$$QEAV12@@Z (public: void __cdecl std::_Ptr_base<struct MilesFileChannel26::Binding const >::_Assign_rv(class std::_Ptr_base<struct MilesFileChannel26::Binding const > &&))
495 00000000 SECT15B notype ()    External    | ?_Swap@?$_Ptr_base@$$CBUBinding@MilesFileChannel26@@@std@@QEAAXAEAV12@@Z (public: void __cdecl std::_Ptr_base<struct MilesFileChannel26::Binding const >::_Swap(class std::_Ptr_base<struct MilesFileChannel26::Binding const > &))
496 00000000 SECT124 notype ()    External    | ?_Decref@?$_Ptr_base@$$CBUBinding@MilesFileChannel26@@@std@@QEAAXXZ (public: void __cdecl std::_Ptr_base<struct MilesFileChannel26::Binding const >::_Decref(void))
497 00000000 SECT157 notype ()    External    | ?_Reset@?$_Ptr_base@$$CBUBinding@MilesFileChannel26@@@std@@QEAAXPEBUBinding@MilesFileChannel26@@PEAV_Ref_count_base@2@@Z (public: void __cdecl std::_Ptr_base<struct MilesFileChannel26::Binding const >::_Reset(struct MilesFileChannel26::Binding const *,class std::_Ref_count_base *))
498 00000000 SECT153 notype ()    External    | ?_Reset0@?$_Ptr_base@$$CBUBinding@MilesFileChannel26@@@std@@QEAAXPEBUBinding@MilesFileChannel26@@PEAV_Ref_count_base@2@@Z (public: void __cdecl std::_Ptr_base<struct MilesFileChannel26::Binding const >::_Reset0(struct MilesFileChannel26::Binding const *,class std::_Ref_count_base *))
499 00000000 SECT9C notype ()    External     | ??0?$shared_ptr@$$CBUBinding@MilesFileChannel26@@@std@@QEAA@XZ (public: __cdecl std::shared_ptr<struct MilesFileChannel26::Binding const >::shared_ptr<struct MilesFileChannel26::Binding const >(void))
49A 00000000 SECT9B notype ()    External     | ??0?$shared_ptr@$$CBUBinding@MilesFileChannel26@@@std@@QEAA@AEBV01@@Z (public: __cdecl std::shared_ptr<struct MilesFileChannel26::Binding const >::shared_ptr<struct MilesFileChannel26::Binding const >(class std::shared_ptr<struct MilesFileChannel26::Binding const > const &))
49B 00000000 SECT9A notype ()    External     | ??0?$shared_ptr@$$CBUBinding@MilesFileChannel26@@@std@@QEAA@$$QEAV01@@Z (public: __cdecl std::shared_ptr<struct MilesFileChannel26::Binding const >::shared_ptr<struct MilesFileChannel26::Binding const >(class std::shared_ptr<struct MilesFileChannel26::Binding const > &&))
49C 00000000 SECTE4 notype ()    External     | ??4?$shared_ptr@$$CBUBinding@MilesFileChannel26@@@std@@QEAAAEAV01@$$QEAV01@@Z (public: class std::shared_ptr<struct MilesFileChannel26::Binding const > & __cdecl std::shared_ptr<struct MilesFileChannel26::Binding const >::operator=(class std::shared_ptr<struct MilesFileChannel26::Binding const > &&))
49D 00000000 SECTCD notype ()    External     | ??1?$shared_ptr@$$CBUBinding@MilesFileChannel26@@@std@@QEAA@XZ (public: __cdecl std::shared_ptr<struct MilesFileChannel26::Binding const >::~shared_ptr<struct MilesFileChannel26::Binding const >(void))
49E 00000000 SECT1CC notype ()    External    | ?swap@?$shared_ptr@$$CBUBinding@MilesFileChannel26@@@std@@QEAAXAEAV12@@Z (public: void __cdecl std::shared_ptr<struct MilesFileChannel26::Binding const >::swap(class std::shared_ptr<struct MilesFileChannel26::Binding const > &))
49F 00000000 SECT75 notype ()    External     | ??0?$_Ptr_base@X@std@@QEAA@XZ (public: __cdecl std::_Ptr_base<void>::_Ptr_base<void>(void))
4A0 00000000 SECT13C notype ()    External    | ?_Get@?$_Ptr_base@X@std@@QEBAPEAXXZ (public: void * __cdecl std::_Ptr_base<void>::_Get(void)const )
4A1 00000000 SECT15A notype ()    External    | ?_Reset@?$_Ptr_base@X@std@@QEAAXPEAXPEAV_Ref_count_base@2@@Z (public: void __cdecl std::_Ptr_base<void>::_Reset(void *,class std::_Ref_count_base *))
4A2 00000000 SECT156 notype ()    External    | ?_Reset0@?$_Ptr_base@X@std@@QEAAXPEAXPEAV_Ref_count_base@2@@Z (public: void __cdecl std::_Ptr_base<void>::_Reset0(void *,class std::_Ref_count_base *))
4A3 00000000 SECTF5 notype ()    External     | ??B?$shared_ptr@X@std@@QEBA_NXZ (public: __cdecl std::shared_ptr<void>::operator bool(void)const )
4A4 00000000 UNDEF  notype ()    External     | ?encodeCompletionInto@MilesFileChannel26@@YA?AW4Validation@1@AEBVInvocation@1@UHandle@MilesWire@@PEAE_KAEA_K@Z (enum MilesFileChannel26::Validation __cdecl MilesFileChannel26::encodeCompletionInto(class MilesFileChannel26::Invocation const &,struct MilesWire::Handle,unsigned char *,unsigned __int64,unsigned __int64 &))
4A5 00000000 UNDEF  notype ()    External     | ?enqueueAdmitted@FileInvocationJob@MilesFileExecutor30@@SA?AV?$shared_ptr@VFileInvocationJob@MilesFileExecutor30@@@std@@AEAVEngineFileWorker@2@AEBVRequest@MilesFileChannel26@@AEBUFileServices@7@V?$shared_ptr@$$CBUBinding@MilesFileChannel26@@@4@V?$shared_ptr@X@4@@Z (public: static class std::shared_ptr<class MilesFileExecutor30::FileInvocationJob> __cdecl MilesFileExecutor30::FileInvocationJob::enqueueAdmitted(class MilesFileExecutor30::EngineFileWorker &,class MilesFileChannel26::Request const &,struct MilesFileChannel26::FileServices const &,class std::shared_ptr<struct MilesFileChannel26::Binding const >,class std::shared_ptr<void>))
4A6 00000000 UNDEF  notype ()    External     | ?status@FileInvocationJob@MilesFileExecutor30@@QEBA?AW4Status@12@XZ (public: enum MilesFileExecutor30::FileInvocationJob::Status __cdecl MilesFileExecutor30::FileInvocationJob::status(void)const )
4A7 00000000 UNDEF  notype ()    External     | ?completedInvocation@FileInvocationJob@MilesFileExecutor30@@QEBAPEBVInvocation@MilesFileChannel26@@XZ (public: class MilesFileChannel26::Invocation const * __cdecl MilesFileExecutor30::FileInvocationJob::completedInvocation(void)const )
4A8 00000000 SECT4  notype ()    External     | ??0SessionFileOwner@MilesFileOwner36@@QEAA@AEAVCoordinator@MilesCoordinator@@_K1V?$shared_ptr@UFileSessionContext@MilesFileOwner36@@@std@@11@Z (public: __cdecl MilesFileOwner36::SessionFileOwner::SessionFileOwner(class MilesCoordinator::Coordinator &,unsigned __int64,unsigned __int64,class std::shared_ptr<struct MilesFileOwner36::FileSessionContext>,unsigned __int64,unsigned __int64))
4A9 00000230 SECT4  notype ()    External     | ??1SessionFileOwner@MilesFileOwner36@@QEAA@XZ (public: __cdecl MilesFileOwner36::SessionFileOwner::~SessionFileOwner(void))
4AA 00000290 SECT4  notype ()    External     | ?receive@SessionFileOwner@MilesFileOwner36@@QEAA?AW4Intake@12@AEBVTrustedAssociation@2@UBytes@MilesTransport@@@Z (public: enum MilesFileOwner36::SessionFileOwner::Intake __cdecl MilesFileOwner36::SessionFileOwner::receive(class MilesFileOwner36::TrustedAssociation const &,struct MilesTransport::Bytes))
4AB 00000FC0 SECT4  notype ()    External     | ?poll@SessionFileOwner@MilesFileOwner36@@QEAAXXZ (public: void __cdecl MilesFileOwner36::SessionFileOwner::poll(void))
4AC 00001440 SECT4  notype ()    External     | ?reply@SessionFileOwner@MilesFileOwner36@@QEBA?AUBytes@MilesTransport@@_K@Z (public: struct MilesTransport::Bytes __cdecl MilesFileOwner36::SessionFileOwner::reply(unsigned __int64)const )
4AD 00001510 SECT4  notype ()    External     | ?acknowledge@SessionFileOwner@MilesFileOwner36@@QEAA_N_K0@Z (public: bool __cdecl MilesFileOwner36::SessionFileOwner::acknowledge(unsigned __int64,unsigned __int64))
4AE 00001780 SECT4  notype ()    External     | ?fileState@SessionFileOwner@MilesFileOwner36@@QEBA_NUHandle@MilesWire@@AEAW4FileState@12@@Z (public: bool __cdecl MilesFileOwner36::SessionFileOwner::fileState(struct MilesWire::Handle,enum MilesFileOwner36::SessionFileOwner::FileState &)const )
4AF 000018C0 SECT4  notype ()    External     | ?retainedOperations@SessionFileOwner@MilesFileOwner36@@QEBA_KXZ (public: unsigned __int64 __cdecl MilesFileOwner36::SessionFileOwner::retainedOperations(void)const )
4B0 00000000 SECT72 notype ()    External     | ??0?$_Ptr_base@UFileSessionContext@MilesFileOwner36@@@std@@QEAA@XZ (public: __cdecl std::_Ptr_base<struct MilesFileOwner36::FileSessionContext>::_Ptr_base<struct MilesFileOwner36::FileSessionContext>(void))
4B1 00000000 SECT13A notype ()    External    | ?_Get@?$_Ptr_base@UFileSessionContext@MilesFileOwner36@@@std@@QEBAPEAUFileSessionContext@MilesFileOwner36@@XZ (public: struct MilesFileOwner36::FileSessionContext * __cdecl std::_Ptr_base<struct MilesFileOwner36::FileSessionContext>::_Get(void)const )
4B2 00000000 SECT126 notype ()    External    | ?_Decref@?$_Ptr_base@UFileSessionContext@MilesFileOwner36@@@std@@QEAAXXZ (public: void __cdecl std::_Ptr_base<struct MilesFileOwner36::FileSessionContext>::_Decref(void))
4B3 00000000 SECT159 notype ()    External    | ?_Reset@?$_Ptr_base@UFileSessionContext@MilesFileOwner36@@@std@@QEAAXPEAUFileSessionContext@MilesFileOwner36@@PEAV_Ref_count_base@2@@Z (public: void __cdecl std::_Ptr_base<struct MilesFileOwner36::FileSessionContext>::_Reset(struct MilesFileOwner36::FileSessionContext *,class std::_Ref_count_base *))
4B4 00000000 SECT155 notype ()    External    | ?_Reset0@?$_Ptr_base@UFileSessionContext@MilesFileOwner36@@@std@@QEAAXPEAUFileSessionContext@MilesFileOwner36@@PEAV_Ref_count_base@2@@Z (public: void __cdecl std::_Ptr_base<struct MilesFileOwner36::FileSessionContext>::_Reset0(struct MilesFileOwner36::FileSessionContext *,class std::_Ref_count_base *))
4B5 00000000 SECT9F notype ()    External     | ??0?$shared_ptr@UFileSessionContext@MilesFileOwner36@@@std@@QEAA@AEBV01@@Z (public: __cdecl std::shared_ptr<struct MilesFileOwner36::FileSessionContext>::shared_ptr<struct MilesFileOwner36::FileSessionContext>(class std::shared_ptr<struct MilesFileOwner36::FileSessionContext> const &))
4B6 00000000 SECTCF notype ()    External     | ??1?$shared_ptr@UFileSessionContext@MilesFileOwner36@@@std@@QEAA@XZ (public: __cdecl std::shared_ptr<struct MilesFileOwner36::FileSessionContext>::~shared_ptr<struct MilesFileOwner36::FileSessionContext>(void))
4B7 00000000 SECTF8 notype ()    External     | ??C?$shared_ptr@UFileSessionContext@MilesFileOwner36@@@std@@QEBAPEAUFileSessionContext@MilesFileOwner36@@XZ (public: struct MilesFileOwner36::FileSessionContext * __cdecl std::shared_ptr<struct MilesFileOwner36::FileSessionContext>::operator->(void)const )
4B8 00000000 SECTF3 notype ()    External     | ??B?$shared_ptr@UFileSessionContext@MilesFileOwner36@@@std@@QEBA_NXZ (public: __cdecl std::shared_ptr<struct MilesFileOwner36::FileSessionContext>::operator bool(void)const )
4B9 00000000 SECT93 notype ()    External     | ??0?$allocator@V?$shared_ptr@UFileRecord@SessionFileOwner@MilesFileOwner36@@@std@@@std@@QEAA@XZ (public: __cdecl std::allocator<class std::shared_ptr<struct MilesFileOwner36::SessionFileOwner::FileRecord> >::allocator<class std::shared_ptr<struct MilesFileOwner36::SessionFileOwner::FileRecord> >(void))
4BA 00000000 SECT18E notype ()    External    | ?deallocate@?$allocator@V?$shared_ptr@UFileRecord@SessionFileOwner@MilesFileOwner36@@@std@@@std@@QEAAXPEAV?$shared_ptr@UFileRecord@SessionFileOwner@MilesFileOwner36@@@2@_K@Z (public: void __cdecl std::allocator<class std::shared_ptr<struct MilesFileOwner36::SessionFileOwner::FileRecord> >::deallocate(class std::shared_ptr<struct MilesFileOwner36::SessionFileOwner::FileRecord> *,unsigned __int64))
4BB 00000000 SECT174 notype ()    External    | ?allocate@?$allocator@V?$shared_ptr@UFileRecord@SessionFileOwner@MilesFileOwner36@@@std@@@std@@QEAAPEAV?$shared_ptr@UFileRecord@SessionFileOwner@MilesFileOwner36@@@2@_K@Z (public: class std::shared_ptr<struct MilesFileOwner36::SessionFileOwner::FileRecord> * __cdecl std::allocator<class std::shared_ptr<struct MilesFileOwner36::SessionFileOwner::FileRecord> >::allocate(unsigned __int64))
4BC 00000000 SECT181 notype ()    External    | ?construct@?$allocator@V?$shared_ptr@UFileRecord@SessionFileOwner@MilesFileOwner36@@@std@@@std@@QEAAXPEAV?$shared_ptr@UFileRecord@SessionFileOwner@MilesFileOwner36@@@2@@Z (public: void __cdecl std::allocator<class std::shared_ptr<struct MilesFileOwner36::SessionFileOwner::FileRecord> >::construct(class std::shared_ptr<struct MilesFileOwner36::SessionFileOwner::FileRecord> *))
4BD 00000000 SECT1A7 notype ()    External    | ?max_size@?$allocator@V?$shared_ptr@UFileRecord@SessionFileOwner@MilesFileOwner36@@@std@@@std@@QEBA_KXZ (public: unsigned __int64 __cdecl std::allocator<class std::shared_ptr<struct MilesFileOwner36::SessionFileOwner::FileRecord> >::max_size(void)const )
4BE 00000000 SECT1AC notype ()    External    | ?max_size@?$allocator_traits@V?$allocator@V?$shared_ptr@UFileRecord@SessionFileOwner@MilesFileOwner36@@@std@@@std@@@std@@SA_KAEBV?$allocator@V?$shared_ptr@UFileRecord@SessionFileOwner@MilesFileOwner36@@@std@@@2@@Z (public: static unsigned __int64 __cdecl std::allocator_traits<class std::allocator<class std::shared_ptr<struct MilesFileOwner36::SessionFileOwner::FileRecord> > >::max_size(class std::allocator<class std::shared_ptr<struct MilesFileOwner36::SessionFileOwner::FileRecord> > const &))
4BF 00000000 SECT8C notype ()    External     | ??0?$_Wrap_alloc@V?$allocator@V?$shared_ptr@UFileRecord@SessionFileOwner@MilesFileOwner36@@@std@@@std@@@std@@QEAA@XZ (public: __cdecl std::_Wrap_alloc<class std::allocator<class std::shared_ptr<struct MilesFileOwner36::SessionFileOwner::FileRecord> > >::_Wrap_alloc<class std::allocator<class std::shared_ptr<struct MilesFileOwner36::SessionFileOwner::FileRecord> > >(void))
4C0 00000000 SECT16E notype ()    External    | ?allocate@?$_Wrap_alloc@V?$allocator@V?$shared_ptr@UFileRecord@SessionFileOwner@MilesFileOwner36@@@std@@@std@@@std@@QEAAPEAV?$shared_ptr@UFileRecord@SessionFileOwner@MilesFileOwner36@@@2@_K@Z (public: class std::shared_ptr<struct MilesFileOwner36::SessionFileOwner::FileRecord> * __cdecl std::_Wrap_alloc<class std::allocator<class std::shared_ptr<struct MilesFileOwner36::SessionFileOwner::FileRecord> > >::allocate(unsigned __int64))
4C1 00000000 SECT188 notype ()    External    | ?deallocate@?$_Wrap_alloc@V?$allocator@V?$shared_ptr@UFileRecord@SessionFileOwner@MilesFileOwner36@@@std@@@std@@@std@@QEAAXPEAV?$shared_ptr@UFileRecord@SessionFileOwner@MilesFileOwner36@@@2@_K@Z (public: void __cdecl std::_Wrap_alloc<class std::allocator<class std::shared_ptr<struct MilesFileOwner36::SessionFileOwner::FileRecord> > >::deallocate(class std::shared_ptr<struct MilesFileOwner36::SessionFileOwner::FileRecord> *,unsigned __int64))
4C2 00000000 SECT17F notype ()    External    | ?construct@?$_Wrap_alloc@V?$allocator@V?$shared_ptr@UFileRecord@SessionFileOwner@MilesFileOwner36@@@std@@@std@@@std@@QEAAXPEAV?$shared_ptr@UFileRecord@SessionFileOwner@MilesFileOwner36@@@2@@Z (public: void __cdecl std::_Wrap_alloc<class std::allocator<class std::shared_ptr<struct MilesFileOwner36::SessionFileOwner::FileRecord> > >::construct(class std::shared_ptr<struct MilesFileOwner36::SessionFileOwner::FileRecord> *))
4C3 00000000 SECT1A2 notype ()    External    | ?max_size@?$_Wrap_alloc@V?$allocator@V?$shared_ptr@UFileRecord@SessionFileOwner@MilesFileOwner36@@@std@@@std@@@std@@QEBA_KXZ (public: unsigned __int64 __cdecl std::_Wrap_alloc<class std::allocator<class std::shared_ptr<struct MilesFileOwner36::SessionFileOwner::FileRecord> > >::max_size(void)const )
4C4 00000000 SECT85 notype ()    External     | ??0?$_Vector_val@U?$_Simple_types@V?$shared_ptr@UFileRecord@SessionFileOwner@MilesFileOwner36@@@std@@@std@@@std@@QEAA@XZ (public: __cdecl std::_Vector_val<struct std::_Simple_types<class std::shared_ptr<struct MilesFileOwner36::SessionFileOwner::FileRecord> > >::_Vector_val<struct std::_Simple_types<class std::shared_ptr<struct MilesFileOwner36::SessionFileOwner::FileRecord> > >(void))
4C5 00000000 SECTCA notype ()    External     | ??1?$_Vector_val@U?$_Simple_types@V?$shared_ptr@UFileRecord@SessionFileOwner@MilesFileOwner36@@@std@@@std@@@std@@QEAA@XZ (public: __cdecl std::_Vector_val<struct std::_Simple_types<class std::shared_ptr<struct MilesFileOwner36::SessionFileOwner::FileRecord> > >::~_Vector_val<struct std::_Simple_types<class std::shared_ptr<struct MilesFileOwner36::SessionFileOwner::FileRecord> > >(void))
4C6 00000000 SECT7F notype ()    External     | ??0?$_Vector_alloc@$0A@U?$_Vec_base_types@V?$shared_ptr@UFileRecord@SessionFileOwner@MilesFileOwner36@@@std@@V?$allocator@V?$shared_ptr@UFileRecord@SessionFileOwner@MilesFileOwner36@@@std@@@2@@std@@@std@@QEAA@AEBV?$allocator@V?$shared_ptr@UFileRecord@SessionFileOwner@MilesFileOwner36@@@std@@@1@@Z (public: __cdecl std::_Vector_alloc<0,struct std::_Vec_base_types<class std::shared_ptr<struct MilesFileOwner36::SessionFileOwner::FileRecord>,class std::allocator<class std::shared_ptr<struct MilesFileOwner36::SessionFileOwner::FileRecord> > > >::_Vector_alloc<0,struct std::_Vec_base_types<class std::shared_ptr<struct MilesFileOwner36::SessionFileOwner::FileRecord>,class std::allocator<class std::shared_ptr<struct MilesFileOwner36::SessionFileOwner::FileRecord> > > >(class std::allocator<class std::shared_ptr<struct MilesFileOwner36::SessionFileOwner::FileRecord> > const &))
4C7 00000000 SECTC6 notype ()    External     | ??1?$_Vector_alloc@$0A@U?$_Vec_base_types@V?$shared_ptr@UFileRecord@SessionFileOwner@MilesFileOwner36@@@std@@V?$allocator@V?$shared_ptr@UFileRecord@SessionFileOwner@MilesFileOwner36@@@std@@@2@@std@@@std@@QEAA@XZ (public: __cdecl std::_Vector_alloc<0,struct std::_Vec_base_types<class std::shared_ptr<struct MilesFileOwner36::SessionFileOwner::FileRecord>,class std::allocator<class std::shared_ptr<struct MilesFileOwner36::SessionFileOwner::FileRecord> > > >::~_Vector_alloc<0,struct std::_Vec_base_types<class std::shared_ptr<struct MilesFileOwner36::SessionFileOwner::FileRecord>,class std::allocator<class std::shared_ptr<struct MilesFileOwner36::SessionFileOwner::FileRecord> > > >(void))
4C8 00000000 SECT11A notype ()    External    | ?_Alloc_proxy@?$_Vector_alloc@$0A@U?$_Vec_base_types@V?$shared_ptr@UFileRecord@SessionFileOwner@MilesFileOwner36@@@std@@V?$allocator@V?$shared_ptr@UFileRecord@SessionFileOwner@MilesFileOwner36@@@std@@@2@@std@@@std@@QEAAXXZ (public: void __cdecl std::_Vector_alloc<0,struct std::_Vec_base_types<class std::shared_ptr<struct MilesFileOwner36::SessionFileOwner::FileRecord>,class std::allocator<class std::shared_ptr<struct MilesFileOwner36::SessionFileOwner::FileRecord> > > >::_Alloc_proxy(void))
4C9 00000000 SECT136 notype ()    External    | ?_Free_proxy@?$_Vector_alloc@$0A@U?$_Vec_base_types@V?$shared_ptr@UFileRecord@SessionFileOwner@MilesFileOwner36@@@std@@V?$allocator@V?$shared_ptr@UFileRecord@SessionFileOwner@MilesFileOwner36@@@std@@@2@@std@@@std@@QEAAXXZ (public: void __cdecl std::_Vector_alloc<0,struct std::_Vec_base_types<class std::shared_ptr<struct MilesFileOwner36::SessionFileOwner::FileRecord>,class std::allocator<class std::shared_ptr<struct MilesFileOwner36::SessionFileOwner::FileRecord> > > >::_Free_proxy(void))
4CA 00000000 SECT141 notype ()    External    | ?_Getal@?$_Vector_alloc@$0A@U?$_Vec_base_types@V?$shared_ptr@UFileRecord@SessionFileOwner@MilesFileOwner36@@@std@@V?$allocator@V?$shared_ptr@UFileRecord@SessionFileOwner@MilesFileOwner36@@@std@@@2@@std@@@std@@QEBA?AU?$_Wrap_alloc@V?$allocator@V?$shared_ptr@UFileRecord@SessionFileOwner@MilesFileOwner36@@@std@@@std@@@2@XZ (public: struct std::_Wrap_alloc<class std::allocator<class std::shared_ptr<struct MilesFileOwner36::SessionFileOwner::FileRecord> > > __cdecl std::_Vector_alloc<0,struct std::_Vec_base_types<class std::shared_ptr<struct MilesFileOwner36::SessionFileOwner::FileRecord>,class std::allocator<class std::shared_ptr<struct MilesFileOwner36::SessionFileOwner::FileRecord> > > >::_Getal(void)const )
4CB 00000000 SECTA7 notype ()    External     | ??0?$vector@V?$shared_ptr@UFileRecord@SessionFileOwner@MilesFileOwner36@@@std@@V?$allocator@V?$shared_ptr@UFileRecord@SessionFileOwner@MilesFileOwner36@@@std@@@2@@std@@QEAA@_K@Z (public: __cdecl std::vector<class std::shared_ptr<struct MilesFileOwner36::SessionFileOwner::FileRecord>,class std::allocator<class std::shared_ptr<struct MilesFileOwner36::SessionFileOwner::FileRecord> > >::vector<class std::shared_ptr<struct MilesFileOwner36::SessionFileOwner::FileRecord>,class std::allocator<class std::shared_ptr<struct MilesFileOwner36::SessionFileOwner::FileRecord> > >(unsigned __int64))
4CC 00000000 SECTD4 notype ()    External     | ??1?$vector@V?$shared_ptr@UFileRecord@SessionFileOwner@MilesFileOwner36@@@std@@V?$allocator@V?$shared_ptr@UFileRecord@SessionFileOwner@MilesFileOwner36@@@std@@@2@@std@@QEAA@XZ (public: __cdecl std::vector<class std::shared_ptr<struct MilesFileOwner36::SessionFileOwner::FileRecord>,class std::allocator<class std::shared_ptr<struct MilesFileOwner36::SessionFileOwner::FileRecord> > >::~vector<class std::shared_ptr<struct MilesFileOwner36::SessionFileOwner::FileRecord>,class std::allocator<class std::shared_ptr<struct MilesFileOwner36::SessionFileOwner::FileRecord> > >(void))
4CD 00000000 SECT1C9 notype ()    External    | ?size@?$vector@V?$shared_ptr@UFileRecord@SessionFileOwner@MilesFileOwner36@@@std@@V?$allocator@V?$shared_ptr@UFileRecord@SessionFileOwner@MilesFileOwner36@@@std@@@2@@std@@QEBA_KXZ (public: unsigned __int64 __cdecl std::vector<class std::shared_ptr<struct MilesFileOwner36::SessionFileOwner::FileRecord>,class std::allocator<class std::shared_ptr<struct MilesFileOwner36::SessionFileOwner::FileRecord> > >::size(void)const )
4CE 00000000 SECT1B1 notype ()    External    | ?max_size@?$vector@V?$shared_ptr@UFileRecord@SessionFileOwner@MilesFileOwner36@@@std@@V?$allocator@V?$shared_ptr@UFileRecord@SessionFileOwner@MilesFileOwner36@@@std@@@2@@std@@QEBA_KXZ (public: unsigned __int64 __cdecl std::vector<class std::shared_ptr<struct MilesFileOwner36::SessionFileOwner::FileRecord>,class std::allocator<class std::shared_ptr<struct MilesFileOwner36::SessionFileOwner::FileRecord> > >::max_size(void)const )
4CF 00000000 SECTEE notype ()    External     | ??A?$vector@V?$shared_ptr@UFileRecord@SessionFileOwner@MilesFileOwner36@@@std@@V?$allocator@V?$shared_ptr@UFileRecord@SessionFileOwner@MilesFileOwner36@@@std@@@2@@std@@QEBAAEBV?$shared_ptr@UFileRecord@SessionFileOwner@MilesFileOwner36@@@1@_K@Z (public: class std::shared_ptr<struct MilesFileOwner36::SessionFileOwner::FileRecord> const & __cdecl std::vector<class std::shared_ptr<struct MilesFileOwner36::SessionFileOwner::FileRecord>,class std::allocator<class std::shared_ptr<struct MilesFileOwner36::SessionFileOwner::FileRecord> > >::operator[](unsigned __int64)const )
4D0 00000000 SECTED notype ()    External     | ??A?$vector@V?$shared_ptr@UFileRecord@SessionFileOwner@MilesFileOwner36@@@std@@V?$allocator@V?$shared_ptr@UFileRecord@SessionFileOwner@MilesFileOwner36@@@std@@@2@@std@@QEAAAEAV?$shared_ptr@UFileRecord@SessionFileOwner@MilesFileOwner36@@@1@_K@Z (public: class std::shared_ptr<struct MilesFileOwner36::SessionFileOwner::FileRecord> & __cdecl std::vector<class std::shared_ptr<struct MilesFileOwner36::SessionFileOwner::FileRecord>,class std::allocator<class std::shared_ptr<struct MilesFileOwner36::SessionFileOwner::FileRecord> > >::operator[](unsigned __int64))
4D1 00000000 SECT11F notype ()    External    | ?_Buy@?$vector@V?$shared_ptr@UFileRecord@SessionFileOwner@MilesFileOwner36@@@std@@V?$allocator@V?$shared_ptr@UFileRecord@SessionFileOwner@MilesFileOwner36@@@std@@@2@@std@@IEAA_N_K@Z (protected: bool __cdecl std::vector<class std::shared_ptr<struct MilesFileOwner36::SessionFileOwner::FileRecord>,class std::allocator<class std::shared_ptr<struct MilesFileOwner36::SessionFileOwner::FileRecord> > >::_Buy(unsigned __int64))
4D2 00000000 SECT12E notype ()    External    | ?_Destroy@?$vector@V?$shared_ptr@UFileRecord@SessionFileOwner@MilesFileOwner36@@@std@@V?$allocator@V?$shared_ptr@UFileRecord@SessionFileOwner@MilesFileOwner36@@@std@@@2@@std@@IEAAXPEAV?$shared_ptr@UFileRecord@SessionFileOwner@MilesFileOwner36@@@2@0@Z (protected: void __cdecl std::vector<class std::shared_ptr<struct MilesFileOwner36::SessionFileOwner::FileRecord>,class std::allocator<class std::shared_ptr<struct MilesFileOwner36::SessionFileOwner::FileRecord> > >::_Destroy(class std::shared_ptr<struct MilesFileOwner36::SessionFileOwner::FileRecord> *,class std::shared_ptr<struct MilesFileOwner36::SessionFileOwner::FileRecord> *))
4D3 00000000 SECT161 notype ()    External    | ?_Tidy@?$vector@V?$shared_ptr@UFileRecord@SessionFileOwner@MilesFileOwner36@@@std@@V?$allocator@V?$shared_ptr@UFileRecord@SessionFileOwner@MilesFileOwner36@@@std@@@2@@std@@IEAAXXZ (protected: void __cdecl std::vector<class std::shared_ptr<struct MilesFileOwner36::SessionFileOwner::FileRecord>,class std::allocator<class std::shared_ptr<struct MilesFileOwner36::SessionFileOwner::FileRecord> > >::_Tidy(void))
4D4 00000000 SECT167 notype ()    External    | ?_Xlen@?$vector@V?$shared_ptr@UFileRecord@SessionFileOwner@MilesFileOwner36@@@std@@V?$allocator@V?$shared_ptr@UFileRecord@SessionFileOwner@MilesFileOwner36@@@std@@@2@@std@@IEBAXXZ (protected: void __cdecl std::vector<class std::shared_ptr<struct MilesFileOwner36::SessionFileOwner::FileRecord>,class std::allocator<class std::shared_ptr<struct MilesFileOwner36::SessionFileOwner::FileRecord> > >::_Xlen(void)const )
4D5 00000000 SECT94 notype ()    External     | ??0?$allocator@V?$unique_ptr@UOperation@SessionFileOwner@MilesFileOwner36@@U?$default_delete@UOperation@SessionFileOwner@MilesFileOwner36@@@std@@@std@@@std@@QEAA@XZ (public: __cdecl std::allocator<class std::unique_ptr<struct MilesFileOwner36::SessionFileOwner::Operation,struct std::default_delete<struct MilesFileOwner36::SessionFileOwner::Operation> > >::allocator<class std::unique_ptr<struct MilesFileOwner36::SessionFileOwner::Operation,struct std::default_delete<struct MilesFileOwner36::SessionFileOwner::Operation> > >(void))
4D6 00000000 SECT18F notype ()    External    | ?deallocate@?$allocator@V?$unique_ptr@UOperation@SessionFileOwner@MilesFileOwner36@@U?$default_delete@UOperation@SessionFileOwner@MilesFileOwner36@@@std@@@std@@@std@@QEAAXPEAV?$unique_ptr@UOperation@SessionFileOwner@MilesFileOwner36@@U?$default_delete@UOperation@SessionFileOwner@MilesFileOwner36@@@std@@@2@_K@Z (public: void __cdecl std::allocator<class std::unique_ptr<struct MilesFileOwner36::SessionFileOwner::Operation,struct std::default_delete<struct MilesFileOwner36::SessionFileOwner::Operation> > >::deallocate(class std::unique_ptr<struct MilesFileOwner36::SessionFileOwner::Operation,struct std::default_delete<struct MilesFileOwner36::SessionFileOwner::Operation> > *,unsigned __int64))
4D7 00000000 SECT175 notype ()    External    | ?allocate@?$allocator@V?$unique_ptr@UOperation@SessionFileOwner@MilesFileOwner36@@U?$default_delete@UOperation@SessionFileOwner@MilesFileOwner36@@@std@@@std@@@std@@QEAAPEAV?$unique_ptr@UOperation@SessionFileOwner@MilesFileOwner36@@U?$default_delete@UOperation@SessionFileOwner@MilesFileOwner36@@@std@@@2@_K@Z (public: class std::unique_ptr<struct MilesFileOwner36::SessionFileOwner::Operation,struct std::default_delete<struct MilesFileOwner36::SessionFileOwner::Operation> > * __cdecl std::allocator<class std::unique_ptr<struct MilesFileOwner36::SessionFileOwner::Operation,struct std::default_delete<struct MilesFileOwner36::SessionFileOwner::Operation> > >::allocate(unsigned __int64))
4D8 00000000 SECT182 notype ()    External    | ?construct@?$allocator@V?$unique_ptr@UOperation@SessionFileOwner@MilesFileOwner36@@U?$default_delete@UOperation@SessionFileOwner@MilesFileOwner36@@@std@@@std@@@std@@QEAAXPEAV?$unique_ptr@UOperation@SessionFileOwner@MilesFileOwner36@@U?$default_delete@UOperation@SessionFileOwner@MilesFileOwner36@@@std@@@2@@Z (public: void __cdecl std::allocator<class std::unique_ptr<struct MilesFileOwner36::SessionFileOwner::Operation,struct std::default_delete<struct MilesFileOwner36::SessionFileOwner::Operation> > >::construct(class std::unique_ptr<struct MilesFileOwner36::SessionFileOwner::Operation,struct std::default_delete<struct MilesFileOwner36::SessionFileOwner::Operation> > *))
4D9 00000000 SECT1A8 notype ()    External    | ?max_size@?$allocator@V?$unique_ptr@UOperation@SessionFileOwner@MilesFileOwner36@@U?$default_delete@UOperation@SessionFileOwner@MilesFileOwner36@@@std@@@std@@@std@@QEBA_KXZ (public: unsigned __int64 __cdecl std::allocator<class std::unique_ptr<struct MilesFileOwner36::SessionFileOwner::Operation,struct std::default_delete<struct MilesFileOwner36::SessionFileOwner::Operation> > >::max_size(void)const )
4DA 00000000 SECT1AD notype ()    External    | ?max_size@?$allocator_traits@V?$allocator@V?$unique_ptr@UOperation@SessionFileOwner@MilesFileOwner36@@U?$default_delete@UOperation@SessionFileOwner@MilesFileOwner36@@@std@@@std@@@std@@@std@@SA_KAEBV?$allocator@V?$unique_ptr@UOperation@SessionFileOwner@MilesFileOwner36@@U?$default_delete@UOperation@SessionFileOwner@MilesFileOwner36@@@std@@@std@@@2@@Z (public: static unsigned __int64 __cdecl std::allocator_traits<class std::allocator<class std::unique_ptr<struct MilesFileOwner36::SessionFileOwner::Operation,struct std::default_delete<struct MilesFileOwner36::SessionFileOwner::Operation> > > >::max_size(class std::allocator<class std::unique_ptr<struct MilesFileOwner36::SessionFileOwner::Operation,struct std::default_delete<struct MilesFileOwner36::SessionFileOwner::Operation> > > const &))
4DB 00000000 SECT8D notype ()    External     | ??0?$_Wrap_alloc@V?$allocator@V?$unique_ptr@UOperation@SessionFileOwner@MilesFileOwner36@@U?$default_delete@UOperation@SessionFileOwner@MilesFileOwner36@@@std@@@std@@@std@@@std@@QEAA@XZ (public: __cdecl std::_Wrap_alloc<class std::allocator<class std::unique_ptr<struct MilesFileOwner36::SessionFileOwner::Operation,struct std::default_delete<struct MilesFileOwner36::SessionFileOwner::Operation> > > >::_Wrap_alloc<class std::allocator<class std::unique_ptr<struct MilesFileOwner36::SessionFileOwner::Operation,struct std::default_delete<struct MilesFileOwner36::SessionFileOwner::Operation> > > >(void))
4DC 00000000 SECT16F notype ()    External    | ?allocate@?$_Wrap_alloc@V?$allocator@V?$unique_ptr@UOperation@SessionFileOwner@MilesFileOwner36@@U?$default_delete@UOperation@SessionFileOwner@MilesFileOwner36@@@std@@@std@@@std@@@std@@QEAAPEAV?$unique_ptr@UOperation@SessionFileOwner@MilesFileOwner36@@U?$default_delete@UOperation@SessionFileOwner@MilesFileOwner36@@@std@@@2@_K@Z (public: class std::unique_ptr<struct MilesFileOwner36::SessionFileOwner::Operation,struct std::default_delete<struct MilesFileOwner36::SessionFileOwner::Operation> > * __cdecl std::_Wrap_alloc<class std::allocator<class std::unique_ptr<struct MilesFileOwner36::SessionFileOwner::Operation,struct std::default_delete<struct MilesFileOwner36::SessionFileOwner::Operation> > > >::allocate(unsigned __int64))
4DD 00000000 SECT189 notype ()    External    | ?deallocate@?$_Wrap_alloc@V?$allocator@V?$unique_ptr@UOperation@SessionFileOwner@MilesFileOwner36@@U?$default_delete@UOperation@SessionFileOwner@MilesFileOwner36@@@std@@@std@@@std@@@std@@QEAAXPEAV?$unique_ptr@UOperation@SessionFileOwner@MilesFileOwner36@@U?$default_delete@UOperation@SessionFileOwner@MilesFileOwner36@@@std@@@2@_K@Z (public: void __cdecl std::_Wrap_alloc<class std::allocator<class std::unique_ptr<struct MilesFileOwner36::SessionFileOwner::Operation,struct std::default_delete<struct MilesFileOwner36::SessionFileOwner::Operation> > > >::deallocate(class std::unique_ptr<struct MilesFileOwner36::SessionFileOwner::Operation,struct std::default_delete<struct MilesFileOwner36::SessionFileOwner::Operation> > *,unsigned __int64))
4DE 00000000 SECT180 notype ()    External    | ?construct@?$_Wrap_alloc@V?$allocator@V?$unique_ptr@UOperation@SessionFileOwner@MilesFileOwner36@@U?$default_delete@UOperation@SessionFileOwner@MilesFileOwner36@@@std@@@std@@@std@@@std@@QEAAXPEAV?$unique_ptr@UOperation@SessionFileOwner@MilesFileOwner36@@U?$default_delete@UOperation@SessionFileOwner@MilesFileOwner36@@@std@@@2@@Z (public: void __cdecl std::_Wrap_alloc<class std::allocator<class std::unique_ptr<struct MilesFileOwner36::SessionFileOwner::Operation,struct std::default_delete<struct MilesFileOwner36::SessionFileOwner::Operation> > > >::construct(class std::unique_ptr<struct MilesFileOwner36::SessionFileOwner::Operation,struct std::default_delete<struct MilesFileOwner36::SessionFileOwner::Operation> > *))
4DF 00000000 SECT1A3 notype ()    External    | ?max_size@?$_Wrap_alloc@V?$allocator@V?$unique_ptr@UOperation@SessionFileOwner@MilesFileOwner36@@U?$default_delete@UOperation@SessionFileOwner@MilesFileOwner36@@@std@@@std@@@std@@@std@@QEBA_KXZ (public: unsigned __int64 __cdecl std::_Wrap_alloc<class std::allocator<class std::unique_ptr<struct MilesFileOwner36::SessionFileOwner::Operation,struct std::default_delete<struct MilesFileOwner36::SessionFileOwner::Operation> > > >::max_size(void)const )
4E0 00000000 SECT86 notype ()    External     | ??0?$_Vector_val@U?$_Simple_types@V?$unique_ptr@UOperation@SessionFileOwner@MilesFileOwner36@@U?$default_delete@UOperation@SessionFileOwner@MilesFileOwner36@@@std@@@std@@@std@@@std@@QEAA@XZ (public: __cdecl std::_Vector_val<struct std::_Simple_types<class std::unique_ptr<struct MilesFileOwner36::SessionFileOwner::Operation,struct std::default_delete<struct MilesFileOwner36::SessionFileOwner::Operation> > > >::_Vector_val<struct std::_Simple_types<class std::unique_ptr<struct MilesFileOwner36::SessionFileOwner::Operation,struct std::default_delete<struct MilesFileOwner36::SessionFileOwner::Operation> > > >(void))
4E1 00000000 SECTCB notype ()    External     | ??1?$_Vector_val@U?$_Simple_types@V?$unique_ptr@UOperation@SessionFileOwner@MilesFileOwner36@@U?$default_delete@UOperation@SessionFileOwner@MilesFileOwner36@@@std@@@std@@@std@@@std@@QEAA@XZ (public: __cdecl std::_Vector_val<struct std::_Simple_types<class std::unique_ptr<struct MilesFileOwner36::SessionFileOwner::Operation,struct std::default_delete<struct MilesFileOwner36::SessionFileOwner::Operation> > > >::~_Vector_val<struct std::_Simple_types<class std::unique_ptr<struct MilesFileOwner36::SessionFileOwner::Operation,struct std::default_delete<struct MilesFileOwner36::SessionFileOwner::Operation> > > >(void))
4E2 00000000 SECT81 notype ()    External     | ??0?$_Vector_alloc@$0A@U?$_Vec_base_types@V?$unique_ptr@UOperation@SessionFileOwner@MilesFileOwner36@@U?$default_delete@UOperation@SessionFileOwner@MilesFileOwner36@@@std@@@std@@V?$allocator@V?$unique_ptr@UOperation@SessionFileOwner@MilesFileOwner36@@U?$default_delete@UOperation@SessionFileOwner@MilesFileOwner36@@@std@@@std@@@2@@std@@@std@@QEAA@AEBV?$allocator@V?$unique_ptr@UOperation@SessionFileOwner@MilesFileOwner36@@U?$default_delete@UOperation@SessionFileOwner@MilesFileOwner36@@@std@@@std@@@1@@Z (public: __cdecl std::_Vector_alloc<0,struct std::_Vec_base_types<class std::unique_ptr<struct MilesFileOwner36::SessionFileOwner::Operation,struct std::default_delete<struct MilesFileOwner36::SessionFileOwner::Operation> >,class std::allocator<class std::unique_ptr<struct MilesFileOwner36::SessionFileOwner::Operation,struct std::default_delete<struct MilesFileOwner36::SessionFileOwner::Operation> > > > >::_Vector_alloc<0,struct std::_Vec_base_types<class std::unique_ptr<struct MilesFileOwner36::SessionFileOwner::Operation,struct std::default_delete<struct MilesFileOwner36::SessionFileOwner::Operation> >,class std::allocator<class std::unique_ptr<struct MilesFileOwner36::SessionFileOwner::Operation,struct std::default_delete<struct MilesFileOwner36::SessionFileOwner::Operation> > > > >(class std::allocator<class std::unique_ptr<struct MilesFileOwner36::SessionFileOwner::Operation,struct std::default_delete<struct MilesFileOwner36::SessionFileOwner::Operation> > > const &))
4E3 00000000 SECTC7 notype ()    External     | ??1?$_Vector_alloc@$0A@U?$_Vec_base_types@V?$unique_ptr@UOperation@SessionFileOwner@MilesFileOwner36@@U?$default_delete@UOperation@SessionFileOwner@MilesFileOwner36@@@std@@@std@@V?$allocator@V?$unique_ptr@UOperation@SessionFileOwner@MilesFileOwner36@@U?$default_delete@UOperation@SessionFileOwner@MilesFileOwner36@@@std@@@std@@@2@@std@@@std@@QEAA@XZ (public: __cdecl std::_Vector_alloc<0,struct std::_Vec_base_types<class std::unique_ptr<struct MilesFileOwner36::SessionFileOwner::Operation,struct std::default_delete<struct MilesFileOwner36::SessionFileOwner::Operation> >,class std::allocator<class std::unique_ptr<struct MilesFileOwner36::SessionFileOwner::Operation,struct std::default_delete<struct MilesFileOwner36::SessionFileOwner::Operation> > > > >::~_Vector_alloc<0,struct std::_Vec_base_types<class std::unique_ptr<struct MilesFileOwner36::SessionFileOwner::Operation,struct std::default_delete<struct MilesFileOwner36::SessionFileOwner::Operation> >,class std::allocator<class std::unique_ptr<struct MilesFileOwner36::SessionFileOwner::Operation,struct std::default_delete<struct MilesFileOwner36::SessionFileOwner::Operation> > > > >(void))
4E4 00000000 SECT11B notype ()    External    | ?_Alloc_proxy@?$_Vector_alloc@$0A@U?$_Vec_base_types@V?$unique_ptr@UOperation@SessionFileOwner@MilesFileOwner36@@U?$default_delete@UOperation@SessionFileOwner@MilesFileOwner36@@@std@@@std@@V?$allocator@V?$unique_ptr@UOperation@SessionFileOwner@MilesFileOwner36@@U?$default_delete@UOperation@SessionFileOwner@MilesFileOwner36@@@std@@@std@@@2@@std@@@std@@QEAAXXZ (public: void __cdecl std::_Vector_alloc<0,struct std::_Vec_base_types<class std::unique_ptr<struct MilesFileOwner36::SessionFileOwner::Operation,struct std::default_delete<struct MilesFileOwner36::SessionFileOwner::Operation> >,class std::allocator<class std::unique_ptr<struct MilesFileOwner36::SessionFileOwner::Operation,struct std::default_delete<struct MilesFileOwner36::SessionFileOwner::Operation> > > > >::_Alloc_proxy(void))
4E5 00000000 SECT137 notype ()    External    | ?_Free_proxy@?$_Vector_alloc@$0A@U?$_Vec_base_types@V?$unique_ptr@UOperation@SessionFileOwner@MilesFileOwner36@@U?$default_delete@UOperation@SessionFileOwner@MilesFileOwner36@@@std@@@std@@V?$allocator@V?$unique_ptr@UOperation@SessionFileOwner@MilesFileOwner36@@U?$default_delete@UOperation@SessionFileOwner@MilesFileOwner36@@@std@@@std@@@2@@std@@@std@@QEAAXXZ (public: void __cdecl std::_Vector_alloc<0,struct std::_Vec_base_types<class std::unique_ptr<struct MilesFileOwner36::SessionFileOwner::Operation,struct std::default_delete<struct MilesFileOwner36::SessionFileOwner::Operation> >,class std::allocator<class std::unique_ptr<struct MilesFileOwner36::SessionFileOwner::Operation,struct std::default_delete<struct MilesFileOwner36::SessionFileOwner::Operation> > > > >::_Free_proxy(void))
4E6 00000000 SECT142 notype ()    External    | ?_Getal@?$_Vector_alloc@$0A@U?$_Vec_base_types@V?$unique_ptr@UOperation@SessionFileOwner@MilesFileOwner36@@U?$default_delete@UOperation@SessionFileOwner@MilesFileOwner36@@@std@@@std@@V?$allocator@V?$unique_ptr@UOperation@SessionFileOwner@MilesFileOwner36@@U?$default_delete@UOperation@SessionFileOwner@MilesFileOwner36@@@std@@@std@@@2@@std@@@std@@QEBA?AU?$_Wrap_alloc@V?$allocator@V?$unique_ptr@UOperation@SessionFileOwner@MilesFileOwner36@@U?$default_delete@UOperation@SessionFileOwner@MilesFileOwner36@@@std@@@std@@@std@@@2@XZ (public: struct std::_Wrap_alloc<class std::allocator<class std::unique_ptr<struct MilesFileOwner36::SessionFileOwner::Operation,struct std::default_delete<struct MilesFileOwner36::SessionFileOwner::Operation> > > > __cdecl std::_Vector_alloc<0,struct std::_Vec_base_types<class std::unique_ptr<struct MilesFileOwner36::SessionFileOwner::Operation,struct std::default_delete<struct MilesFileOwner36::SessionFileOwner::Operation> >,class std::allocator<class std::unique_ptr<struct MilesFileOwner36::SessionFileOwner::Operation,struct std::default_delete<struct MilesFileOwner36::SessionFileOwner::Operation> > > > >::_Getal(void)const )
4E7 00000000 SECTA9 notype ()    External     | ??0?$vector@V?$unique_ptr@UOperation@SessionFileOwner@MilesFileOwner36@@U?$default_delete@UOperation@SessionFileOwner@MilesFileOwner36@@@std@@@std@@V?$allocator@V?$unique_ptr@UOperation@SessionFileOwner@MilesFileOwner36@@U?$default_delete@UOperation@SessionFileOwner@MilesFileOwner36@@@std@@@std@@@2@@std@@QEAA@_K@Z (public: __cdecl std::vector<class std::unique_ptr<struct MilesFileOwner36::SessionFileOwner::Operation,struct std::default_delete<struct MilesFileOwner36::SessionFileOwner::Operation> >,class std::allocator<class std::unique_ptr<struct MilesFileOwner36::SessionFileOwner::Operation,struct std::default_delete<struct MilesFileOwner36::SessionFileOwner::Operation> > > >::vector<class std::unique_ptr<struct MilesFileOwner36::SessionFileOwner::Operation,struct std::default_delete<struct MilesFileOwner36::SessionFileOwner::Operation> >,class std::allocator<class std::unique_ptr<struct MilesFileOwner36::SessionFileOwner::Operation,struct std::default_delete<struct MilesFileOwner36::SessionFileOwner::Operation> > > >(unsigned __int64))
4E8 00000000 SECTD5 notype ()    External     | ??1?$vector@V?$unique_ptr@UOperation@SessionFileOwner@MilesFileOwner36@@U?$default_delete@UOperation@SessionFileOwner@MilesFileOwner36@@@std@@@std@@V?$allocator@V?$unique_ptr@UOperation@SessionFileOwner@MilesFileOwner36@@U?$default_delete@UOperation@SessionFileOwner@MilesFileOwner36@@@std@@@std@@@2@@std@@QEAA@XZ (public: __cdecl std::vector<class std::unique_ptr<struct MilesFileOwner36::SessionFileOwner::Operation,struct std::default_delete<struct MilesFileOwner36::SessionFileOwner::Operation> >,class std::allocator<class std::unique_ptr<struct MilesFileOwner36::SessionFileOwner::Operation,struct std::default_delete<struct MilesFileOwner36::SessionFileOwner::Operation> > > >::~vector<class std::unique_ptr<struct MilesFileOwner36::SessionFileOwner::Operation,struct std::default_delete<struct MilesFileOwner36::SessionFileOwner::Operation> >,class std::allocator<class std::unique_ptr<struct MilesFileOwner36::SessionFileOwner::Operation,struct std::default_delete<struct MilesFileOwner36::SessionFileOwner::Operation> > > >(void))
4E9 00000000 SECT1CA notype ()    External    | ?size@?$vector@V?$unique_ptr@UOperation@SessionFileOwner@MilesFileOwner36@@U?$default_delete@UOperation@SessionFileOwner@MilesFileOwner36@@@std@@@std@@V?$allocator@V?$unique_ptr@UOperation@SessionFileOwner@MilesFileOwner36@@U?$default_delete@UOperation@SessionFileOwner@MilesFileOwner36@@@std@@@std@@@2@@std@@QEBA_KXZ (public: unsigned __int64 __cdecl std::vector<class std::unique_ptr<struct MilesFileOwner36::SessionFileOwner::Operation,struct std::default_delete<struct MilesFileOwner36::SessionFileOwner::Operation> >,class std::allocator<class std::unique_ptr<struct MilesFileOwner36::SessionFileOwner::Operation,struct std::default_delete<struct MilesFileOwner36::SessionFileOwner::Operation> > > >::size(void)const )
4EA 00000000 SECT1B2 notype ()    External    | ?max_size@?$vector@V?$unique_ptr@UOperation@SessionFileOwner@MilesFileOwner36@@U?$default_delete@UOperation@SessionFileOwner@MilesFileOwner36@@@std@@@std@@V?$allocator@V?$unique_ptr@UOperation@SessionFileOwner@MilesFileOwner36@@U?$default_delete@UOperation@SessionFileOwner@MilesFileOwner36@@@std@@@std@@@2@@std@@QEBA_KXZ (public: unsigned __int64 __cdecl std::vector<class std::unique_ptr<struct MilesFileOwner36::SessionFileOwner::Operation,struct std::default_delete<struct MilesFileOwner36::SessionFileOwner::Operation> >,class std::allocator<class std::unique_ptr<struct MilesFileOwner36::SessionFileOwner::Operation,struct std::default_delete<struct MilesFileOwner36::SessionFileOwner::Operation> > > >::max_size(void)const )
4EB 00000000 SECTF0 notype ()    External     | ??A?$vector@V?$unique_ptr@UOperation@SessionFileOwner@MilesFileOwner36@@U?$default_delete@UOperation@SessionFileOwner@MilesFileOwner36@@@std@@@std@@V?$allocator@V?$unique_ptr@UOperation@SessionFileOwner@MilesFileOwner36@@U?$default_delete@UOperation@SessionFileOwner@MilesFileOwner36@@@std@@@std@@@2@@std@@QEBAAEBV?$unique_ptr@UOperation@SessionFileOwner@MilesFileOwner36@@U?$default_delete@UOperation@SessionFileOwner@MilesFileOwner36@@@std@@@1@_K@Z (public: class std::unique_ptr<struct MilesFileOwner36::SessionFileOwner::Operation,struct std::default_delete<struct MilesFileOwner36::SessionFileOwner::Operation> > const & __cdecl std::vector<class std::unique_ptr<struct MilesFileOwner36::SessionFileOwner::Operation,struct std::default_delete<struct MilesFileOwner36::SessionFileOwner::Operation> >,class std::allocator<class std::unique_ptr<struct MilesFileOwner36::SessionFileOwner::Operation,struct std::default_delete<struct MilesFileOwner36::SessionFileOwner::Operation> > > >::operator[](unsigned __int64)const )
4EC 00000000 SECTEF notype ()    External     | ??A?$vector@V?$unique_ptr@UOperation@SessionFileOwner@MilesFileOwner36@@U?$default_delete@UOperation@SessionFileOwner@MilesFileOwner36@@@std@@@std@@V?$allocator@V?$unique_ptr@UOperation@SessionFileOwner@MilesFileOwner36@@U?$default_delete@UOperation@SessionFileOwner@MilesFileOwner36@@@std@@@std@@@2@@std@@QEAAAEAV?$unique_ptr@UOperation@SessionFileOwner@MilesFileOwner36@@U?$default_delete@UOperation@SessionFileOwner@MilesFileOwner36@@@std@@@1@_K@Z (public: class std::unique_ptr<struct MilesFileOwner36::SessionFileOwner::Operation,struct std::default_delete<struct MilesFileOwner36::SessionFileOwner::Operation> > & __cdecl std::vector<class std::unique_ptr<struct MilesFileOwner36::SessionFileOwner::Operation,struct std::default_delete<struct MilesFileOwner36::SessionFileOwner::Operation> >,class std::allocator<class std::unique_ptr<struct MilesFileOwner36::SessionFileOwner::Operation,struct std::default_delete<struct MilesFileOwner36::SessionFileOwner::Operation> > > >::operator[](unsigned __int64))
4ED 00000000 SECT120 notype ()    External    | ?_Buy@?$vector@V?$unique_ptr@UOperation@SessionFileOwner@MilesFileOwner36@@U?$default_delete@UOperation@SessionFileOwner@MilesFileOwner36@@@std@@@std@@V?$allocator@V?$unique_ptr@UOperation@SessionFileOwner@MilesFileOwner36@@U?$default_delete@UOperation@SessionFileOwner@MilesFileOwner36@@@std@@@std@@@2@@std@@IEAA_N_K@Z (protected: bool __cdecl std::vector<class std::unique_ptr<struct MilesFileOwner36::SessionFileOwner::Operation,struct std::default_delete<struct MilesFileOwner36::SessionFileOwner::Operation> >,class std::allocator<class std::unique_ptr<struct MilesFileOwner36::SessionFileOwner::Operation,struct std::default_delete<struct MilesFileOwner36::SessionFileOwner::Operation> > > >::_Buy(unsigned __int64))
4EE 00000000 SECT12F notype ()    External    | ?_Destroy@?$vector@V?$unique_ptr@UOperation@SessionFileOwner@MilesFileOwner36@@U?$default_delete@UOperation@SessionFileOwner@MilesFileOwner36@@@std@@@std@@V?$allocator@V?$unique_ptr@UOperation@SessionFileOwner@MilesFileOwner36@@U?$default_delete@UOperation@SessionFileOwner@MilesFileOwner36@@@std@@@std@@@2@@std@@IEAAXPEAV?$unique_ptr@UOperation@SessionFileOwner@MilesFileOwner36@@U?$default_delete@UOperation@SessionFileOwner@MilesFileOwner36@@@std@@@2@0@Z (protected: void __cdecl std::vector<class std::unique_ptr<struct MilesFileOwner36::SessionFileOwner::Operation,struct std::default_delete<struct MilesFileOwner36::SessionFileOwner::Operation> >,class std::allocator<class std::unique_ptr<struct MilesFileOwner36::SessionFileOwner::Operation,struct std::default_delete<struct MilesFileOwner36::SessionFileOwner::Operation> > > >::_Destroy(class std::unique_ptr<struct MilesFileOwner36::SessionFileOwner::Operation,struct std::default_delete<struct MilesFileOwner36::SessionFileOwner::Operation> > *,class std::unique_ptr<struct MilesFileOwner36::SessionFileOwner::Operation,struct std::default_delete<struct MilesFileOwner36::SessionFileOwner::Operation> > *))
4EF 00000000 SECT162 notype ()    External    | ?_Tidy@?$vector@V?$unique_ptr@UOperation@SessionFileOwner@MilesFileOwner36@@U?$default_delete@UOperation@SessionFileOwner@MilesFileOwner36@@@std@@@std@@V?$allocator@V?$unique_ptr@UOperation@SessionFileOwner@MilesFileOwner36@@U?$default_delete@UOperation@SessionFileOwner@MilesFileOwner36@@@std@@@std@@@2@@std@@IEAAXXZ (protected: void __cdecl std::vector<class std::unique_ptr<struct MilesFileOwner36::SessionFileOwner::Operation,struct std::default_delete<struct MilesFileOwner36::SessionFileOwner::Operation> >,class std::allocator<class std::unique_ptr<struct MilesFileOwner36::SessionFileOwner::Operation,struct std::default_delete<struct MilesFileOwner36::SessionFileOwner::Operation> > > >::_Tidy(void))
4F0 00000000 SECT168 notype ()    External    | ?_Xlen@?$vector@V?$unique_ptr@UOperation@SessionFileOwner@MilesFileOwner36@@U?$default_delete@UOperation@SessionFileOwner@MilesFileOwner36@@@std@@@std@@V?$allocator@V?$unique_ptr@UOperation@SessionFileOwner@MilesFileOwner36@@U?$default_delete@UOperation@SessionFileOwner@MilesFileOwner36@@@std@@@std@@@2@@std@@IEBAXXZ (protected: void __cdecl std::vector<class std::unique_ptr<struct MilesFileOwner36::SessionFileOwner::Operation,struct std::default_delete<struct MilesFileOwner36::SessionFileOwner::Operation> >,class std::allocator<class std::unique_ptr<struct MilesFileOwner36::SessionFileOwner::Operation,struct std::default_delete<struct MilesFileOwner36::SessionFileOwner::Operation> > > >::_Xlen(void)const )
4F1 00001950 SECT4  notype ()    External     | ?failure@SessionFileOwner@MilesFileOwner36@@AEAAXXZ (private: void __cdecl MilesFileOwner36::SessionFileOwner::failure(void))
4F2 00001980 SECT4  notype ()    External     | ?releaseFile@SessionFileOwner@MilesFileOwner36@@AEAAXAEBV?$shared_ptr@UFileRecord@SessionFileOwner@MilesFileOwner36@@@std@@@Z (private: void __cdecl MilesFileOwner36::SessionFileOwner::releaseFile(class std::shared_ptr<struct MilesFileOwner36::SessionFileOwner::FileRecord> const &))
4F3 00001A30 SECT4  notype ()    External     | ?find@SessionFileOwner@MilesFileOwner36@@AEBAPEAUOperation@12@_K@Z (private: struct MilesFileOwner36::SessionFileOwner::Operation * __cdecl MilesFileOwner36::SessionFileOwner::find(unsigned __int64)const )
4F4 00000000 SECTAD notype ()    External     | ??0FileRecord@SessionFileOwner@MilesFileOwner36@@QEAA@XZ (public: __cdecl MilesFileOwner36::SessionFileOwner::FileRecord::FileRecord(void))
4F5 00000000 SECT17B notype ()    External    | ?binding@FileRecord@SessionFileOwner@MilesFileOwner36@@QEAAPEAUBinding@MilesFileChannel26@@XZ (public: struct MilesFileChannel26::Binding * __cdecl MilesFileOwner36::SessionFileOwner::FileRecord::binding(void))
4F6 00000000 SECTD6 notype ()    External     | ??1FileRecord@SessionFileOwner@MilesFileOwner36@@QEAA@XZ (public: __cdecl MilesFileOwner36::SessionFileOwner::FileRecord::~FileRecord(void))
4F7 00000000 SECT100 notype ()    External    | ??_GFileRecord@SessionFileOwner@MilesFileOwner36@@QEAAPEAXI@Z (public: void * __cdecl MilesFileOwner36::SessionFileOwner::FileRecord::`scalar deleting destructor'(unsigned int))
4F8 00000000 SECT71 notype ()    External     | ??0?$_Ptr_base@UFileRecord@SessionFileOwner@MilesFileOwner36@@@std@@QEAA@XZ (public: __cdecl std::_Ptr_base<struct MilesFileOwner36::SessionFileOwner::FileRecord>::_Ptr_base<struct MilesFileOwner36::SessionFileOwner::FileRecord>(void))
4F9 00000000 SECT15C notype ()    External    | ?_Swap@?$_Ptr_base@UFileRecord@SessionFileOwner@MilesFileOwner36@@@std@@QEAAXAEAV12@@Z (public: void __cdecl std::_Ptr_base<struct MilesFileOwner36::SessionFileOwner::FileRecord>::_Swap(class std::_Ptr_base<struct MilesFileOwner36::SessionFileOwner::FileRecord> &))
4FA 00000000 SECT139 notype ()    External    | ?_Get@?$_Ptr_base@UFileRecord@SessionFileOwner@MilesFileOwner36@@@std@@QEBAPEAUFileRecord@SessionFileOwner@MilesFileOwner36@@XZ (public: struct MilesFileOwner36::SessionFileOwner::FileRecord * __cdecl std::_Ptr_base<struct MilesFileOwner36::SessionFileOwner::FileRecord>::_Get(void)const )
4FB 00000000 SECT125 notype ()    External    | ?_Decref@?$_Ptr_base@UFileRecord@SessionFileOwner@MilesFileOwner36@@@std@@QEAAXXZ (public: void __cdecl std::_Ptr_base<struct MilesFileOwner36::SessionFileOwner::FileRecord>::_Decref(void))
4FC 00000000 SECT158 notype ()    External    | ?_Reset@?$_Ptr_base@UFileRecord@SessionFileOwner@MilesFileOwner36@@@std@@QEAAXPEAUFileRecord@SessionFileOwner@MilesFileOwner36@@PEAV_Ref_count_base@2@@Z (public: void __cdecl std::_Ptr_base<struct MilesFileOwner36::SessionFileOwner::FileRecord>::_Reset(struct MilesFileOwner36::SessionFileOwner::FileRecord *,class std::_Ref_count_base *))
4FD 00000000 SECT154 notype ()    External    | ?_Reset0@?$_Ptr_base@UFileRecord@SessionFileOwner@MilesFileOwner36@@@std@@QEAAXPEAUFileRecord@SessionFileOwner@MilesFileOwner36@@PEAV_Ref_count_base@2@@Z (public: void __cdecl std::_Ptr_base<struct MilesFileOwner36::SessionFileOwner::FileRecord>::_Reset0(struct MilesFileOwner36::SessionFileOwner::FileRecord *,class std::_Ref_count_base *))
4FE 00000000 SECT9E notype ()    External     | ??0?$shared_ptr@UFileRecord@SessionFileOwner@MilesFileOwner36@@@std@@QEAA@XZ (public: __cdecl std::shared_ptr<struct MilesFileOwner36::SessionFileOwner::FileRecord>::shared_ptr<struct MilesFileOwner36::SessionFileOwner::FileRecord>(void))
4FF 00000000 SECT9D notype ()    External     | ??0?$shared_ptr@UFileRecord@SessionFileOwner@MilesFileOwner36@@@std@@QEAA@AEBV01@@Z (public: __cdecl std::shared_ptr<struct MilesFileOwner36::SessionFileOwner::FileRecord>::shared_ptr<struct MilesFileOwner36::SessionFileOwner::FileRecord>(class std::shared_ptr<struct MilesFileOwner36::SessionFileOwner::FileRecord> const &))
500 00000000 SECTCE notype ()    External     | ??1?$shared_ptr@UFileRecord@SessionFileOwner@MilesFileOwner36@@@std@@QEAA@XZ (public: __cdecl std::shared_ptr<struct MilesFileOwner36::SessionFileOwner::FileRecord>::~shared_ptr<struct MilesFileOwner36::SessionFileOwner::FileRecord>(void))
501 00000000 SECTE5 notype ()    External     | ??4?$shared_ptr@UFileRecord@SessionFileOwner@MilesFileOwner36@@@std@@QEAAAEAV01@AEBV01@@Z (public: class std::shared_ptr<struct MilesFileOwner36::SessionFileOwner::FileRecord> & __cdecl std::shared_ptr<struct MilesFileOwner36::SessionFileOwner::FileRecord>::operator=(class std::shared_ptr<struct MilesFileOwner36::SessionFileOwner::FileRecord> const &))
502 00000000 SECT1BD notype ()    External    | ?reset@?$shared_ptr@UFileRecord@SessionFileOwner@MilesFileOwner36@@@std@@QEAAXXZ (public: void __cdecl std::shared_ptr<struct MilesFileOwner36::SessionFileOwner::FileRecord>::reset(void))
503 00000000 SECT1CD notype ()    External    | ?swap@?$shared_ptr@UFileRecord@SessionFileOwner@MilesFileOwner36@@@std@@QEAAXAEAV12@@Z (public: void __cdecl std::shared_ptr<struct MilesFileOwner36::SessionFileOwner::FileRecord>::swap(class std::shared_ptr<struct MilesFileOwner36::SessionFileOwner::FileRecord> &))
504 00000000 SECT198 notype ()    External    | ?get@?$shared_ptr@UFileRecord@SessionFileOwner@MilesFileOwner36@@@std@@QEBAPEAUFileRecord@SessionFileOwner@MilesFileOwner36@@XZ (public: struct MilesFileOwner36::SessionFileOwner::FileRecord * __cdecl std::shared_ptr<struct MilesFileOwner36::SessionFileOwner::FileRecord>::get(void)const )
505 00000000 SECTF7 notype ()    External     | ??C?$shared_ptr@UFileRecord@SessionFileOwner@MilesFileOwner36@@@std@@QEBAPEAUFileRecord@SessionFileOwner@MilesFileOwner36@@XZ (public: struct MilesFileOwner36::SessionFileOwner::FileRecord * __cdecl std::shared_ptr<struct MilesFileOwner36::SessionFileOwner::FileRecord>::operator->(void)const )
506 00000000 SECTF2 notype ()    External     | ??B?$shared_ptr@UFileRecord@SessionFileOwner@MilesFileOwner36@@@std@@QEBA_NXZ (public: __cdecl std::shared_ptr<struct MilesFileOwner36::SessionFileOwner::FileRecord>::operator bool(void)const )
507 00000000 SECTFE notype ()    External     | ??_G?$shared_ptr@UFileRecord@SessionFileOwner@MilesFileOwner36@@@std@@QEAAPEAXI@Z (public: void * __cdecl std::shared_ptr<struct MilesFileOwner36::SessionFileOwner::FileRecord>::`scalar deleting destructor'(unsigned int))
508 00000000 SECT74 notype ()    External     | ??0?$_Ptr_base@VFileInvocationJob@MilesFileExecutor30@@@std@@QEAA@XZ (public: __cdecl std::_Ptr_base<class MilesFileExecutor30::FileInvocationJob>::_Ptr_base<class MilesFileExecutor30::FileInvocationJob>(void))
509 00000000 SECT73 notype ()    External     | ??0?$_Ptr_base@VFileInvocationJob@MilesFileExecutor30@@@std@@QEAA@$$QEAV01@@Z (public: __cdecl std::_Ptr_base<class MilesFileExecutor30::FileInvocationJob>::_Ptr_base<class MilesFileExecutor30::FileInvocationJob>(class std::_Ptr_base<class MilesFileExecutor30::FileInvocationJob> &&))
50A 00000000 SECT11D notype ()    External    | ?_Assign_rv@?$_Ptr_base@VFileInvocationJob@MilesFileExecutor30@@@std@@QEAAX$$QEAV12@@Z (public: void __cdecl std::_Ptr_base<class MilesFileExecutor30::FileInvocationJob>::_Assign_rv(class std::_Ptr_base<class MilesFileExecutor30::FileInvocationJob> &&))
50B 00000000 SECT15D notype ()    External    | ?_Swap@?$_Ptr_base@VFileInvocationJob@MilesFileExecutor30@@@std@@QEAAXAEAV12@@Z (public: void __cdecl std::_Ptr_base<class MilesFileExecutor30::FileInvocationJob>::_Swap(class std::_Ptr_base<class MilesFileExecutor30::FileInvocationJob> &))
50C 00000000 SECT13B notype ()    External    | ?_Get@?$_Ptr_base@VFileInvocationJob@MilesFileExecutor30@@@std@@QEBAPEAVFileInvocationJob@MilesFileExecutor30@@XZ (public: class MilesFileExecutor30::FileInvocationJob * __cdecl std::_Ptr_base<class MilesFileExecutor30::FileInvocationJob>::_Get(void)const )
50D 00000000 SECT127 notype ()    External    | ?_Decref@?$_Ptr_base@VFileInvocationJob@MilesFileExecutor30@@@std@@QEAAXXZ (public: void __cdecl std::_Ptr_base<class MilesFileExecutor30::FileInvocationJob>::_Decref(void))
50E 00000000 SECTA1 notype ()    External     | ??0?$shared_ptr@VFileInvocationJob@MilesFileExecutor30@@@std@@QEAA@XZ (public: __cdecl std::shared_ptr<class MilesFileExecutor30::FileInvocationJob>::shared_ptr<class MilesFileExecutor30::FileInvocationJob>(void))
50F 00000000 SECTA0 notype ()    External     | ??0?$shared_ptr@VFileInvocationJob@MilesFileExecutor30@@@std@@QEAA@$$QEAV01@@Z (public: __cdecl std::shared_ptr<class MilesFileExecutor30::FileInvocationJob>::shared_ptr<class MilesFileExecutor30::FileInvocationJob>(class std::shared_ptr<class MilesFileExecutor30::FileInvocationJob> &&))
510 00000000 SECTE6 notype ()    External     | ??4?$shared_ptr@VFileInvocationJob@MilesFileExecutor30@@@std@@QEAAAEAV01@$$QEAV01@@Z (public: class std::shared_ptr<class MilesFileExecutor30::FileInvocationJob> & __cdecl std::shared_ptr<class MilesFileExecutor30::FileInvocationJob>::operator=(class std::shared_ptr<class MilesFileExecutor30::FileInvocationJob> &&))
511 00000000 SECTD0 notype ()    External     | ??1?$shared_ptr@VFileInvocationJob@MilesFileExecutor30@@@std@@QEAA@XZ (public: __cdecl std::shared_ptr<class MilesFileExecutor30::FileInvocationJob>::~shared_ptr<class MilesFileExecutor30::FileInvocationJob>(void))
512 00000000 SECT1CE notype ()    External    | ?swap@?$shared_ptr@VFileInvocationJob@MilesFileExecutor30@@@std@@QEAAXAEAV12@@Z (public: void __cdecl std::shared_ptr<class MilesFileExecutor30::FileInvocationJob>::swap(class std::shared_ptr<class MilesFileExecutor30::FileInvocationJob> &))
513 00000000 SECTF9 notype ()    External     | ??C?$shared_ptr@VFileInvocationJob@MilesFileExecutor30@@@std@@QEBAPEAVFileInvocationJob@MilesFileExecutor30@@XZ (public: class MilesFileExecutor30::FileInvocationJob * __cdecl std::shared_ptr<class MilesFileExecutor30::FileInvocationJob>::operator->(void)const )
514 00000000 SECTF4 notype ()    External     | ??B?$shared_ptr@VFileInvocationJob@MilesFileExecutor30@@@std@@QEBA_NXZ (public: __cdecl std::shared_ptr<class MilesFileExecutor30::FileInvocationJob>::operator bool(void)const )
515 00000000 SECTAE notype ()    External     | ??0Operation@SessionFileOwner@MilesFileOwner36@@QEAA@_KAEBVRequest@MilesFileChannel26@@@Z (public: __cdecl MilesFileOwner36::SessionFileOwner::Operation::Operation(unsigned __int64,class MilesFileChannel26::Request const &))
516 00000000 SECTD7 notype ()    External     | ??1Operation@SessionFileOwner@MilesFileOwner36@@QEAA@XZ (public: __cdecl MilesFileOwner36::SessionFileOwner::Operation::~Operation(void))
517 00000000 SECT101 notype ()    External    | ??_GOperation@SessionFileOwner@MilesFileOwner36@@QEAAPEAXI@Z (public: void * __cdecl MilesFileOwner36::SessionFileOwner::Operation::`scalar deleting destructor'(unsigned int))
518 00000000 SECT9  notype ()    External     | ??$?8UFileRecord@SessionFileOwner@MilesFileOwner36@@U012@@std@@YA_NAEBV?$shared_ptr@UFileRecord@SessionFileOwner@MilesFileOwner36@@@0@0@Z (bool __cdecl std::operator==<struct MilesFileOwner36::SessionFileOwner::FileRecord,struct MilesFileOwner36::SessionFileOwner::FileRecord>(class std::shared_ptr<struct MilesFileOwner36::SessionFileOwner::FileRecord> const &,class std::shared_ptr<struct MilesFileOwner36::SessionFileOwner::FileRecord> const &))
519 00000000 SECT99 notype ()    External     | ??0?$default_delete@UOperation@SessionFileOwner@MilesFileOwner36@@@std@@QEAA@XZ (public: __cdecl std::default_delete<struct MilesFileOwner36::SessionFileOwner::Operation>::default_delete<struct MilesFileOwner36::SessionFileOwner::Operation>(void))
51A 00000000 SECTFC notype ()    External     | ??R?$default_delete@UOperation@SessionFileOwner@MilesFileOwner36@@@std@@QEBAXPEAUOperation@SessionFileOwner@MilesFileOwner36@@@Z (public: void __cdecl std::default_delete<struct MilesFileOwner36::SessionFileOwner::Operation>::operator()(struct MilesFileOwner36::SessionFileOwner::Operation *)const )
51B 00000000 SECT7A notype ()    External     | ??0?$_Unique_ptr_base@UOperation@SessionFileOwner@MilesFileOwner36@@U?$default_delete@UOperation@SessionFileOwner@MilesFileOwner36@@@std@@$00@std@@QEAA@PEAUOperation@SessionFileOwner@MilesFileOwner36@@@Z (public: __cdecl std::_Unique_ptr_base<struct MilesFileOwner36::SessionFileOwner::Operation,struct std::default_delete<struct MilesFileOwner36::SessionFileOwner::Operation>,1>::_Unique_ptr_base<struct MilesFileOwner36::SessionFileOwner::Operation,struct std::default_delete<struct MilesFileOwner36::SessionFileOwner::Operation>,1>(struct MilesFileOwner36::SessionFileOwner::Operation *))
51C 00000000 SECT19A notype ()    External    | ?get_deleter@?$_Unique_ptr_base@UOperation@SessionFileOwner@MilesFileOwner36@@U?$default_delete@UOperation@SessionFileOwner@MilesFileOwner36@@@std@@$00@std@@QEAAAEAU?$default_delete@UOperation@SessionFileOwner@MilesFileOwner36@@@2@XZ (public: struct std::default_delete<struct MilesFileOwner36::SessionFileOwner::Operation> & __cdecl std::_Unique_ptr_base<struct MilesFileOwner36::SessionFileOwner::Operation,struct std::default_delete<struct MilesFileOwner36::SessionFileOwner::Operation>,1>::get_deleter(void))
51D 00000000 SECTA3 notype ()    External     | ??0?$unique_ptr@UOperation@SessionFileOwner@MilesFileOwner36@@U?$default_delete@UOperation@SessionFileOwner@MilesFileOwner36@@@std@@@std@@QEAA@XZ (public: __cdecl std::unique_ptr<struct MilesFileOwner36::SessionFileOwner::Operation,struct std::default_delete<struct MilesFileOwner36::SessionFileOwner::Operation> >::unique_ptr<struct MilesFileOwner36::SessionFileOwner::Operation,struct std::default_delete<struct MilesFileOwner36::SessionFileOwner::Operation> >(void))
51E 00000000 SECTA2 notype ()    External     | ??0?$unique_ptr@UOperation@SessionFileOwner@MilesFileOwner36@@U?$default_delete@UOperation@SessionFileOwner@MilesFileOwner36@@@std@@@std@@QEAA@PEAUOperation@SessionFileOwner@MilesFileOwner36@@@Z (public: __cdecl std::unique_ptr<struct MilesFileOwner36::SessionFileOwner::Operation,struct std::default_delete<struct MilesFileOwner36::SessionFileOwner::Operation> >::unique_ptr<struct MilesFileOwner36::SessionFileOwner::Operation,struct std::default_delete<struct MilesFileOwner36::SessionFileOwner::Operation> >(struct MilesFileOwner36::SessionFileOwner::Operation *))
51F 00000000 SECTE7 notype ()    External     | ??4?$unique_ptr@UOperation@SessionFileOwner@MilesFileOwner36@@U?$default_delete@UOperation@SessionFileOwner@MilesFileOwner36@@@std@@@std@@QEAAAEAV01@$$QEAV01@@Z (public: class std::unique_ptr<struct MilesFileOwner36::SessionFileOwner::Operation,struct std::default_delete<struct MilesFileOwner36::SessionFileOwner::Operation> > & __cdecl std::unique_ptr<struct MilesFileOwner36::SessionFileOwner::Operation,struct std::default_delete<struct MilesFileOwner36::SessionFileOwner::Operation> >::operator=(class std::unique_ptr<struct MilesFileOwner36::SessionFileOwner::Operation,struct std::default_delete<struct MilesFileOwner36::SessionFileOwner::Operation> > &&))
520 00000000 SECTD1 notype ()    External     | ??1?$unique_ptr@UOperation@SessionFileOwner@MilesFileOwner36@@U?$default_delete@UOperation@SessionFileOwner@MilesFileOwner36@@@std@@@std@@QEAA@XZ (public: __cdecl std::unique_ptr<struct MilesFileOwner36::SessionFileOwner::Operation,struct std::default_delete<struct MilesFileOwner36::SessionFileOwner::Operation> >::~unique_ptr<struct MilesFileOwner36::SessionFileOwner::Operation,struct std::default_delete<struct MilesFileOwner36::SessionFileOwner::Operation> >(void))
521 00000000 SECTFB notype ()    External     | ??D?$unique_ptr@UOperation@SessionFileOwner@MilesFileOwner36@@U?$default_delete@UOperation@SessionFileOwner@MilesFileOwner36@@@std@@@std@@QEBAAEAUOperation@SessionFileOwner@MilesFileOwner36@@XZ (public: struct MilesFileOwner36::SessionFileOwner::Operation & __cdecl std::unique_ptr<struct MilesFileOwner36::SessionFileOwner::Operation,struct std::default_delete<struct MilesFileOwner36::SessionFileOwner::Operation> >::operator*(void)const )
522 00000000 SECTFA notype ()    External     | ??C?$unique_ptr@UOperation@SessionFileOwner@MilesFileOwner36@@U?$default_delete@UOperation@SessionFileOwner@MilesFileOwner36@@@std@@@std@@QEBAPEAUOperation@SessionFileOwner@MilesFileOwner36@@XZ (public: struct MilesFileOwner36::SessionFileOwner::Operation * __cdecl std::unique_ptr<struct MilesFileOwner36::SessionFileOwner::Operation,struct std::default_delete<struct MilesFileOwner36::SessionFileOwner::Operation> >::operator->(void)const )
523 00000000 SECT199 notype ()    External    | ?get@?$unique_ptr@UOperation@SessionFileOwner@MilesFileOwner36@@U?$default_delete@UOperation@SessionFileOwner@MilesFileOwner36@@@std@@@std@@QEBAPEAUOperation@SessionFileOwner@MilesFileOwner36@@XZ (public: struct MilesFileOwner36::SessionFileOwner::Operation * __cdecl std::unique_ptr<struct MilesFileOwner36::SessionFileOwner::Operation,struct std::default_delete<struct MilesFileOwner36::SessionFileOwner::Operation> >::get(void)const )
524 00000000 SECTF6 notype ()    External     | ??B?$unique_ptr@UOperation@SessionFileOwner@MilesFileOwner36@@U?$default_delete@UOperation@SessionFileOwner@MilesFileOwner36@@@std@@@std@@QEBA_NXZ (public: __cdecl std::unique_ptr<struct MilesFileOwner36::SessionFileOwner::Operation,struct std::default_delete<struct MilesFileOwner36::SessionFileOwner::Operation> >::operator bool(void)const )
525 00000000 SECT1BC notype ()    External    | ?release@?$unique_ptr@UOperation@SessionFileOwner@MilesFileOwner36@@U?$default_delete@UOperation@SessionFileOwner@MilesFileOwner36@@@std@@@std@@QEAAPEAUOperation@SessionFileOwner@MilesFileOwner36@@XZ (public: struct MilesFileOwner36::SessionFileOwner::Operation * __cdecl std::unique_ptr<struct MilesFileOwner36::SessionFileOwner::Operation,struct std::default_delete<struct MilesFileOwner36::SessionFileOwner::Operation> >::release(void))
526 00000000 SECT1BE notype ()    External    | ?reset@?$unique_ptr@UOperation@SessionFileOwner@MilesFileOwner36@@U?$default_delete@UOperation@SessionFileOwner@MilesFileOwner36@@@std@@@std@@QEAAXPEAUOperation@SessionFileOwner@MilesFileOwner36@@@Z (public: void __cdecl std::unique_ptr<struct MilesFileOwner36::SessionFileOwner::Operation,struct std::default_delete<struct MilesFileOwner36::SessionFileOwner::Operation> >::reset(struct MilesFileOwner36::SessionFileOwner::Operation *))
527 00000000 SECTFF notype ()    External     | ??_G?$unique_ptr@UOperation@SessionFileOwner@MilesFileOwner36@@U?$default_delete@UOperation@SessionFileOwner@MilesFileOwner36@@@std@@@std@@QEAAPEAXI@Z (public: void * __cdecl std::unique_ptr<struct MilesFileOwner36::SessionFileOwner::Operation,struct std::default_delete<struct MilesFileOwner36::SessionFileOwner::Operation> >::`scalar deleting destructor'(unsigned int))
528 00000000 SECT7  notype ()    External     | ??$?0UFileRecord@SessionFileOwner@MilesFileOwner36@@@?$shared_ptr@UFileRecord@SessionFileOwner@MilesFileOwner36@@@std@@QEAA@PEAUFileRecord@SessionFileOwner@MilesFileOwner36@@@Z (public: __cdecl std::shared_ptr<struct MilesFileOwner36::SessionFileOwner::FileRecord>::shared_ptr<struct MilesFileOwner36::SessionFileOwner::FileRecord><struct MilesFileOwner36::SessionFileOwner::FileRecord>(struct MilesFileOwner36::SessionFileOwner::FileRecord *))
529 00000000 SECT6A notype ()    External     | ??$move@AEAV?$unique_ptr@UOperation@SessionFileOwner@MilesFileOwner36@@U?$default_delete@UOperation@SessionFileOwner@MilesFileOwner36@@@std@@@std@@@std@@YA$$QEAV?$unique_ptr@UOperation@SessionFileOwner@MilesFileOwner36@@U?$default_delete@UOperation@SessionFileOwner@MilesFileOwner36@@@std@@@0@AEAV10@@Z (class std::unique_ptr<struct MilesFileOwner36::SessionFileOwner::Operation,struct std::default_delete<struct MilesFileOwner36::SessionFileOwner::Operation> > && __cdecl std::move<class std::unique_ptr<struct MilesFileOwner36::SessionFileOwner::Operation,struct std::default_delete<struct MilesFileOwner36::SessionFileOwner::Operation> > &>(class std::unique_ptr<struct MilesFileOwner36::SessionFileOwner::Operation,struct std::default_delete<struct MilesFileOwner36::SessionFileOwner::Operation> > &))
52A 00000000 SECT6  notype ()    External     | ??$?0UFileRecord@SessionFileOwner@MilesFileOwner36@@@?$shared_ptr@$$CBUBinding@MilesFileChannel26@@@std@@QEAA@AEBV?$shared_ptr@UFileRecord@SessionFileOwner@MilesFileOwner36@@@1@PEBUBinding@MilesFileChannel26@@@Z (public: __cdecl std::shared_ptr<struct MilesFileChannel26::Binding const >::shared_ptr<struct MilesFileChannel26::Binding const ><struct MilesFileOwner36::SessionFileOwner::FileRecord>(class std::shared_ptr<struct MilesFileOwner36::SessionFileOwner::FileRecord> const &,struct MilesFileChannel26::Binding const *))
52B 00000000 SECT8  notype ()    External     | ??$?0UFileSessionContext@MilesFileOwner36@@X@?$shared_ptr@X@std@@QEAA@AEBV?$shared_ptr@UFileSessionContext@MilesFileOwner36@@@1@@Z (public: __cdecl std::shared_ptr<void>::shared_ptr<void><struct MilesFileOwner36::FileSessionContext,void>(class std::shared_ptr<struct MilesFileOwner36::FileSessionContext> const &))
52C 00000000 SECT41 notype ()    External     | ??$addressof@UEntry@ResourceRegistry@MilesTransport@@@std@@YAPEAUEntry@ResourceRegistry@MilesTransport@@AEAU123@@Z (struct MilesTransport::ResourceRegistry::Entry * __cdecl std::addressof<struct MilesTransport::ResourceRegistry::Entry>(struct MilesTransport::ResourceRegistry::Entry &))
52D 00000000 SECT62 notype ()    External     | ??$forward@UEntry@ResourceRegistry@MilesTransport@@@std@@YA$$QEAUEntry@ResourceRegistry@MilesTransport@@AEAU123@@Z (struct MilesTransport::ResourceRegistry::Entry && __cdecl std::forward<struct MilesTransport::ResourceRegistry::Entry>(struct MilesTransport::ResourceRegistry::Entry &))
52E 00000000 SECT47 notype ()    External     | ??$construct@UEntry@ResourceRegistry@MilesTransport@@U123@@?$_Wrap_alloc@V?$allocator@UEntry@ResourceRegistry@MilesTransport@@@std@@@std@@QEAAXPEAUEntry@ResourceRegistry@MilesTransport@@$$QEAU234@@Z (public: void __cdecl std::_Wrap_alloc<class std::allocator<struct MilesTransport::ResourceRegistry::Entry> >::construct<struct MilesTransport::ResourceRegistry::Entry,struct MilesTransport::ResourceRegistry::Entry>(struct MilesTransport::ResourceRegistry::Entry *,struct MilesTransport::ResourceRegistry::Entry &&))
52F 00000000 SECT38 notype ()    External     | ??$_Uninitialized_default_fill_n@PEAE_KU?$_Wrap_alloc@V?$allocator@E@std@@@std@@@std@@YAXPEAE_KAEAU?$_Wrap_alloc@V?$allocator@E@std@@@0@@Z (void __cdecl std::_Uninitialized_default_fill_n<unsigned char *,unsigned __int64,struct std::_Wrap_alloc<class std::allocator<unsigned char> > >(unsigned char *,unsigned __int64,struct std::_Wrap_alloc<class std::allocator<unsigned char> > &))
530 00000000 SECT26 notype ()    External     | ??$_Reset@$$CBUBinding@MilesFileChannel26@@@?$_Ptr_base@$$CBUBinding@MilesFileChannel26@@@std@@QEAAXAEBV01@@Z (public: void __cdecl std::_Ptr_base<struct MilesFileChannel26::Binding const >::_Reset<struct MilesFileChannel26::Binding const >(class std::_Ptr_base<struct MilesFileChannel26::Binding const > const &))
531 00000000 SECT68 notype ()    External     | ??$move@AEAV?$shared_ptr@$$CBUBinding@MilesFileChannel26@@@std@@@std@@YA$$QEAV?$shared_ptr@$$CBUBinding@MilesFileChannel26@@@0@AEAV10@@Z (class std::shared_ptr<struct MilesFileChannel26::Binding const > && __cdecl std::move<class std::shared_ptr<struct MilesFileChannel26::Binding const > &>(class std::shared_ptr<struct MilesFileChannel26::Binding const > &))
532 00000000 SECT29 notype ()    External     | ??$_Reset@UFileSessionContext@MilesFileOwner36@@@?$_Ptr_base@UFileSessionContext@MilesFileOwner36@@@std@@QEAAXAEBV01@@Z (public: void __cdecl std::_Ptr_base<struct MilesFileOwner36::FileSessionContext>::_Reset<struct MilesFileOwner36::FileSessionContext>(class std::_Ptr_base<struct MilesFileOwner36::FileSessionContext> const &))
533 00000000 SECT39 notype ()    External     | ??$_Uninitialized_default_fill_n@PEAV?$shared_ptr@UFileRecord@SessionFileOwner@MilesFileOwner36@@@std@@_KU?$_Wrap_alloc@V?$allocator@V?$shared_ptr@UFileRecord@SessionFileOwner@MilesFileOwner36@@@std@@@std@@@2@@std@@YAXPEAV?$shared_ptr@UFileRecord@SessionFileOwner@MilesFileOwner36@@@0@_KAEAU?$_Wrap_alloc@V?$allocator@V?$shared_ptr@UFileRecord@SessionFileOwner@MilesFileOwner36@@@std@@@std@@@0@@Z (void __cdecl std::_Uninitialized_default_fill_n<class std::shared_ptr<struct MilesFileOwner36::SessionFileOwner::FileRecord> *,unsigned __int64,struct std::_Wrap_alloc<class std::allocator<class std::shared_ptr<struct MilesFileOwner36::SessionFileOwner::FileRecord> > > >(class std::shared_ptr<struct MilesFileOwner36::SessionFileOwner::FileRecord> *,unsigned __int64,struct std::_Wrap_alloc<class std::allocator<class std::shared_ptr<struct MilesFileOwner36::SessionFileOwner::FileRecord> > > &))
534 00000000 SECT3A notype ()    External     | ??$_Uninitialized_default_fill_n@PEAV?$unique_ptr@UOperation@SessionFileOwner@MilesFileOwner36@@U?$default_delete@UOperation@SessionFileOwner@MilesFileOwner36@@@std@@@std@@_KU?$_Wrap_alloc@V?$allocator@V?$unique_ptr@UOperation@SessionFileOwner@MilesFileOwner36@@U?$default_delete@UOperation@SessionFileOwner@MilesFileOwner36@@@std@@@std@@@std@@@2@@std@@YAXPEAV?$unique_ptr@UOperation@SessionFileOwner@MilesFileOwner36@@U?$default_delete@UOperation@SessionFileOwner@MilesFileOwner36@@@std@@@0@_KAEAU?$_Wrap_alloc@V?$allocator@V?$unique_ptr@UOperation@SessionFileOwner@MilesFileOwner36@@U?$default_delete@UOperation@SessionFileOwner@MilesFileOwner36@@@std@@@std@@@std@@@0@@Z (void __cdecl std::_Uninitialized_default_fill_n<class std::unique_ptr<struct MilesFileOwner36::SessionFileOwner::Operation,struct std::default_delete<struct MilesFileOwner36::SessionFileOwner::Operation> > *,unsigned __int64,struct std::_Wrap_alloc<class std::allocator<class std::unique_ptr<struct MilesFileOwner36::SessionFileOwner::Operation,struct std::default_delete<struct MilesFileOwner36::SessionFileOwner::Operation> > > > >(class std::unique_ptr<struct MilesFileOwner36::SessionFileOwner::Operation,struct std::default_delete<struct MilesFileOwner36::SessionFileOwner::Operation> > *,unsigned __int64,struct std::_Wrap_alloc<class std::allocator<class std::unique_ptr<struct MilesFileOwner36::SessionFileOwner::Operation,struct std::default_delete<struct MilesFileOwner36::SessionFileOwner::Operation> > > > &))
535 00000000 SECT28 notype ()    External     | ??$_Reset@UFileRecord@SessionFileOwner@MilesFileOwner36@@@?$_Ptr_base@UFileRecord@SessionFileOwner@MilesFileOwner36@@@std@@QEAAXAEBV01@@Z (public: void __cdecl std::_Ptr_base<struct MilesFileOwner36::SessionFileOwner::FileRecord>::_Reset<struct MilesFileOwner36::SessionFileOwner::FileRecord>(class std::_Ptr_base<struct MilesFileOwner36::SessionFileOwner::FileRecord> const &))
536 00000000 SECT69 notype ()    External     | ??$move@AEAV?$shared_ptr@VFileInvocationJob@MilesFileExecutor30@@@std@@@std@@YA$$QEAV?$shared_ptr@VFileInvocationJob@MilesFileExecutor30@@@0@AEAV10@@Z (class std::shared_ptr<class MilesFileExecutor30::FileInvocationJob> && __cdecl std::move<class std::shared_ptr<class MilesFileExecutor30::FileInvocationJob> &>(class std::shared_ptr<class MilesFileExecutor30::FileInvocationJob> &))
537 00000000 SECT61 notype ()    External     | ??$forward@U?$default_delete@UOperation@SessionFileOwner@MilesFileOwner36@@@std@@@std@@YA$$QEAU?$default_delete@UOperation@SessionFileOwner@MilesFileOwner36@@@0@AEAU10@@Z (struct std::default_delete<struct MilesFileOwner36::SessionFileOwner::Operation> && __cdecl std::forward<struct std::default_delete<struct MilesFileOwner36::SessionFileOwner::Operation> >(struct std::default_delete<struct MilesFileOwner36::SessionFileOwner::Operation> &))
538 00000000 SECT1BA notype ()    External    | ?pointer_to@?$pointer_traits@PEAUOperation@SessionFileOwner@MilesFileOwner36@@@std@@SAPEAUOperation@SessionFileOwner@MilesFileOwner36@@AEAU345@@Z (public: static struct MilesFileOwner36::SessionFileOwner::Operation * __cdecl std::pointer_traits<struct MilesFileOwner36::SessionFileOwner::Operation *>::pointer_to(struct MilesFileOwner36::SessionFileOwner::Operation &))
539 00000000 SECT43 notype ()    External     | ??$construct@PEADAEAPEAD@?$_Wrap_alloc@V?$allocator@D@std@@@std@@QEAAXPEAPEADAEAPEAD@Z (public: void __cdecl std::_Wrap_alloc<class std::allocator<char> >::construct<char *,char * &>(char * *,char * &))
53A 00000000 SECT51 notype ()    External     | ??$destroy@PEAD@?$_Wrap_alloc@V?$allocator@D@std@@@std@@QEAAXPEAPEAD@Z (public: void __cdecl std::_Wrap_alloc<class std::allocator<char> >::destroy<char *>(char * *))
53B 00000000 SECT40 notype ()    External     | ??$addressof@D@std@@YAPEADAEAD@Z (char * __cdecl std::addressof<char>(char &))
53C 00000000 SECT66 notype ()    External     | ??$forward@V?$shared_ptr@$$CBUBinding@MilesFileChannel26@@@std@@@std@@YA$$QEAV?$shared_ptr@$$CBUBinding@MilesFileChannel26@@@0@AEAV10@@Z (class std::shared_ptr<struct MilesFileChannel26::Binding const > && __cdecl std::forward<class std::shared_ptr<struct MilesFileChannel26::Binding const > >(class std::shared_ptr<struct MilesFileChannel26::Binding const > &))
53D 00000000 SECT67 notype ()    External     | ??$forward@V?$shared_ptr@VFileInvocationJob@MilesFileExecutor30@@@std@@@std@@YA$$QEAV?$shared_ptr@VFileInvocationJob@MilesFileExecutor30@@@0@AEAV10@@Z (class std::shared_ptr<class MilesFileExecutor30::FileInvocationJob> && __cdecl std::forward<class std::shared_ptr<class MilesFileExecutor30::FileInvocationJob> >(class std::shared_ptr<class MilesFileExecutor30::FileInvocationJob> &))
53E 00000000 SECT42 notype ()    External     | ??$addressof@UOperation@SessionFileOwner@MilesFileOwner36@@@std@@YAPEAUOperation@SessionFileOwner@MilesFileOwner36@@AEAU123@@Z (struct MilesFileOwner36::SessionFileOwner::Operation * __cdecl std::addressof<struct MilesFileOwner36::SessionFileOwner::Operation>(struct MilesFileOwner36::SessionFileOwner::Operation &))
53F 00000000 SECT92 notype ()    External     | ??0?$allocator@U_Container_proxy@std@@@std@@QEAA@XZ (public: __cdecl std::allocator<struct std::_Container_proxy>::allocator<struct std::_Container_proxy>(void))
540 00000000 SECT18D notype ()    External    | ?deallocate@?$allocator@U_Container_proxy@std@@@std@@QEAAXPEAU_Container_proxy@2@_K@Z (public: void __cdecl std::allocator<struct std::_Container_proxy>::deallocate(struct std::_Container_proxy *,unsigned __int64))
541 00000000 SECT173 notype ()    External    | ?allocate@?$allocator@U_Container_proxy@std@@@std@@QEAAPEAU_Container_proxy@2@_K@Z (public: struct std::_Container_proxy * __cdecl std::allocator<struct std::_Container_proxy>::allocate(unsigned __int64))
542 00000000 SECT4C notype ()    External     | ??$construct@U_Container_proxy@std@@U12@@?$allocator@U_Container_proxy@std@@@std@@QEAAXPEAU_Container_proxy@1@$$QEAU21@@Z (public: void __cdecl std::allocator<struct std::_Container_proxy>::construct<struct std::_Container_proxy,struct std::_Container_proxy>(struct std::_Container_proxy *,struct std::_Container_proxy &&))
543 00000000 SECT58 notype ()    External     | ??$destroy@U_Container_proxy@std@@@?$allocator@U_Container_proxy@std@@@std@@QEAAXPEAU_Container_proxy@1@@Z (public: void __cdecl std::allocator<struct std::_Container_proxy>::destroy<struct std::_Container_proxy>(struct std::_Container_proxy *))
544 00000000 SECT8B notype ()    External     | ??0?$_Wrap_alloc@V?$allocator@U_Container_proxy@std@@@std@@@std@@QEAA@XZ (public: __cdecl std::_Wrap_alloc<class std::allocator<struct std::_Container_proxy> >::_Wrap_alloc<class std::allocator<struct std::_Container_proxy> >(void))
545 00000000 SECT16D notype ()    External    | ?allocate@?$_Wrap_alloc@V?$allocator@U_Container_proxy@std@@@std@@@std@@QEAAPEAU_Container_proxy@2@_K@Z (public: struct std::_Container_proxy * __cdecl std::_Wrap_alloc<class std::allocator<struct std::_Container_proxy> >::allocate(unsigned __int64))
546 00000000 SECT187 notype ()    External    | ?deallocate@?$_Wrap_alloc@V?$allocator@U_Container_proxy@std@@@std@@@std@@QEAAXPEAU_Container_proxy@2@_K@Z (public: void __cdecl std::_Wrap_alloc<class std::allocator<struct std::_Container_proxy> >::deallocate(struct std::_Container_proxy *,unsigned __int64))
547 00000000 SECT57 notype ()    External     | ??$destroy@U_Container_proxy@std@@@?$_Wrap_alloc@V?$allocator@U_Container_proxy@std@@@std@@@std@@QEAAXPEAU_Container_proxy@1@@Z (public: void __cdecl std::_Wrap_alloc<class std::allocator<struct std::_Container_proxy> >::destroy<struct std::_Container_proxy>(struct std::_Container_proxy *))
548 00000000 SECT16 notype ()    External     | ??$_Destroy_range@U?$_Wrap_alloc@V?$allocator@UEntry@ResourceRegistry@MilesTransport@@@std@@@std@@@std@@YAXPEAUEntry@ResourceRegistry@MilesTransport@@0AEAU?$_Wrap_alloc@V?$allocator@UEntry@ResourceRegistry@MilesTransport@@@std@@@0@@Z (void __cdecl std::_Destroy_range<struct std::_Wrap_alloc<class std::allocator<struct MilesTransport::ResourceRegistry::Entry> > >(struct MilesTransport::ResourceRegistry::Entry *,struct MilesTransport::ResourceRegistry::Entry *,struct std::_Wrap_alloc<class std::allocator<struct MilesTransport::ResourceRegistry::Entry> > &))
549 00000000 SECT2E notype ()    External     | ??$_Umove@PEAUEntry@ResourceRegistry@MilesTransport@@@?$vector@UEntry@ResourceRegistry@MilesTransport@@V?$allocator@UEntry@ResourceRegistry@MilesTransport@@@std@@@std@@IEAAPEAUEntry@ResourceRegistry@MilesTransport@@PEAU234@00@Z (protected: struct MilesTransport::ResourceRegistry::Entry * __cdecl std::vector<struct MilesTransport::ResourceRegistry::Entry,class std::allocator<struct MilesTransport::ResourceRegistry::Entry> >::_Umove<struct MilesTransport::ResourceRegistry::Entry *>(struct MilesTransport::ResourceRegistry::Entry *,struct MilesTransport::ResourceRegistry::Entry *,struct MilesTransport::ResourceRegistry::Entry *))
54A 00000000 SECT4B notype ()    External     | ??$construct@U_Container_proxy@std@@U12@@?$_Wrap_alloc@V?$allocator@U_Container_proxy@std@@@std@@@std@@QEAAXPEAU_Container_proxy@1@$$QEAU21@@Z (public: void __cdecl std::_Wrap_alloc<class std::allocator<struct std::_Container_proxy> >::construct<struct std::_Container_proxy,struct std::_Container_proxy>(struct std::_Container_proxy *,struct std::_Container_proxy &&))
54B 00000000 SECT14 notype ()    External     | ??$_Destroy_range@U?$_Wrap_alloc@V?$allocator@E@std@@@std@@@std@@YAXPEAE0AEAU?$_Wrap_alloc@V?$allocator@E@std@@@0@@Z (void __cdecl std::_Destroy_range<struct std::_Wrap_alloc<class std::allocator<unsigned char> > >(unsigned char *,unsigned char *,struct std::_Wrap_alloc<class std::allocator<unsigned char> > &))
54C 00000000 SECT64 notype ()    External     | ??$forward@V?$_Ptr_base@$$CBUBinding@MilesFileChannel26@@@std@@@std@@YA$$QEAV?$_Ptr_base@$$CBUBinding@MilesFileChannel26@@@0@AEAV10@@Z (class std::_Ptr_base<struct MilesFileChannel26::Binding const > && __cdecl std::forward<class std::_Ptr_base<struct MilesFileChannel26::Binding const > >(class std::_Ptr_base<struct MilesFileChannel26::Binding const > &))
54D 00000000 SECT6D notype ()    External     | ??$swap@PEAV_Ref_count_base@std@@@std@@YAXAEAPEAV_Ref_count_base@0@0@Z (void __cdecl std::swap<class std::_Ref_count_base *>(class std::_Ref_count_base * &,class std::_Ref_count_base * &))
54E 00000000 SECT6E notype ()    External     | ??$swap@PEBUBinding@MilesFileChannel26@@@std@@YAXAEAPEBUBinding@MilesFileChannel26@@0@Z (void __cdecl std::swap<struct MilesFileChannel26::Binding const *>(struct MilesFileChannel26::Binding const * &,struct MilesFileChannel26::Binding const * &))
54F 00000000 SECT18 notype ()    External     | ??$_Destroy_range@U?$_Wrap_alloc@V?$allocator@V?$shared_ptr@UFileRecord@SessionFileOwner@MilesFileOwner36@@@std@@@std@@@std@@@std@@YAXPEAV?$shared_ptr@UFileRecord@SessionFileOwner@MilesFileOwner36@@@0@0AEAU?$_Wrap_alloc@V?$allocator@V?$shared_ptr@UFileRecord@SessionFileOwner@MilesFileOwner36@@@std@@@std@@@0@@Z (void __cdecl std::_Destroy_range<struct std::_Wrap_alloc<class std::allocator<class std::shared_ptr<struct MilesFileOwner36::SessionFileOwner::FileRecord> > > >(class std::shared_ptr<struct MilesFileOwner36::SessionFileOwner::FileRecord> *,class std::shared_ptr<struct MilesFileOwner36::SessionFileOwner::FileRecord> *,struct std::_Wrap_alloc<class std::allocator<class std::shared_ptr<struct MilesFileOwner36::SessionFileOwner::FileRecord> > > &))
550 00000000 SECT1A notype ()    External     | ??$_Destroy_range@U?$_Wrap_alloc@V?$allocator@V?$unique_ptr@UOperation@SessionFileOwner@MilesFileOwner36@@U?$default_delete@UOperation@SessionFileOwner@MilesFileOwner36@@@std@@@std@@@std@@@std@@@std@@YAXPEAV?$unique_ptr@UOperation@SessionFileOwner@MilesFileOwner36@@U?$default_delete@UOperation@SessionFileOwner@MilesFileOwner36@@@std@@@0@0AEAU?$_Wrap_alloc@V?$allocator@V?$unique_ptr@UOperation@SessionFileOwner@MilesFileOwner36@@U?$default_delete@UOperation@SessionFileOwner@MilesFileOwner36@@@std@@@std@@@std@@@0@@Z (void __cdecl std::_Destroy_range<struct std::_Wrap_alloc<class std::allocator<class std::unique_ptr<struct MilesFileOwner36::SessionFileOwner::Operation,struct std::default_delete<struct MilesFileOwner36::SessionFileOwner::Operation> > > > >(class std::unique_ptr<struct MilesFileOwner36::SessionFileOwner::Operation,struct std::default_delete<struct MilesFileOwner36::SessionFileOwner::Operation> > *,class std::unique_ptr<struct MilesFileOwner36::SessionFileOwner::Operation,struct std::default_delete<struct MilesFileOwner36::SessionFileOwner::Operation> > *,struct std::_Wrap_alloc<class std::allocator<class std::unique_ptr<struct MilesFileOwner36::SessionFileOwner::Operation,struct std::default_delete<struct MilesFileOwner36::SessionFileOwner::Operation> > > > &))
551 00000000 SECT6B notype ()    External     | ??$swap@PEAUFileRecord@SessionFileOwner@MilesFileOwner36@@@std@@YAXAEAPEAUFileRecord@SessionFileOwner@MilesFileOwner36@@0@Z (void __cdecl std::swap<struct MilesFileOwner36::SessionFileOwner::FileRecord *>(struct MilesFileOwner36::SessionFileOwner::FileRecord * &,struct MilesFileOwner36::SessionFileOwner::FileRecord * &))
552 00000000 SECT65 notype ()    External     | ??$forward@V?$_Ptr_base@VFileInvocationJob@MilesFileExecutor30@@@std@@@std@@YA$$QEAV?$_Ptr_base@VFileInvocationJob@MilesFileExecutor30@@@0@AEAV10@@Z (class std::_Ptr_base<class MilesFileExecutor30::FileInvocationJob> && __cdecl std::forward<class std::_Ptr_base<class MilesFileExecutor30::FileInvocationJob> >(class std::_Ptr_base<class MilesFileExecutor30::FileInvocationJob> &))
553 00000000 SECT6C notype ()    External     | ??$swap@PEAVFileInvocationJob@MilesFileExecutor30@@@std@@YAXAEAPEAVFileInvocationJob@MilesFileExecutor30@@0@Z (void __cdecl std::swap<class MilesFileExecutor30::FileInvocationJob *>(class MilesFileExecutor30::FileInvocationJob * &,class MilesFileExecutor30::FileInvocationJob * &))
554 00000000 SECTB  notype ()    External     | ??$_Allocate@E@std@@YAPEAE_KPEAE@Z (unsigned char * __cdecl std::_Allocate<unsigned char>(unsigned __int64,unsigned char *))
555 00000000 SECTE  notype ()    External     | ??$_Allocate@V?$shared_ptr@UFileRecord@SessionFileOwner@MilesFileOwner36@@@std@@@std@@YAPEAV?$shared_ptr@UFileRecord@SessionFileOwner@MilesFileOwner36@@@0@_KPEAV10@@Z (class std::shared_ptr<struct MilesFileOwner36::SessionFileOwner::FileRecord> * __cdecl std::_Allocate<class std::shared_ptr<struct MilesFileOwner36::SessionFileOwner::FileRecord> >(unsigned __int64,class std::shared_ptr<struct MilesFileOwner36::SessionFileOwner::FileRecord> *))
556 00000000 SECTF  notype ()    External     | ??$_Allocate@V?$unique_ptr@UOperation@SessionFileOwner@MilesFileOwner36@@U?$default_delete@UOperation@SessionFileOwner@MilesFileOwner36@@@std@@@std@@@std@@YAPEAV?$unique_ptr@UOperation@SessionFileOwner@MilesFileOwner36@@U?$default_delete@UOperation@SessionFileOwner@MilesFileOwner36@@@std@@@0@_KPEAV10@@Z (class std::unique_ptr<struct MilesFileOwner36::SessionFileOwner::Operation,struct std::default_delete<struct MilesFileOwner36::SessionFileOwner::Operation> > * __cdecl std::_Allocate<class std::unique_ptr<struct MilesFileOwner36::SessionFileOwner::Operation,struct std::default_delete<struct MilesFileOwner36::SessionFileOwner::Operation> > >(unsigned __int64,class std::unique_ptr<struct MilesFileOwner36::SessionFileOwner::Operation,struct std::default_delete<struct MilesFileOwner36::SessionFileOwner::Operation> > *))
557 00000000 SECTD  notype ()    External     | ??$_Allocate@U_Container_proxy@std@@@std@@YAPEAU_Container_proxy@0@_KPEAU10@@Z (struct std::_Container_proxy * __cdecl std::_Allocate<struct std::_Container_proxy>(unsigned __int64,struct std::_Container_proxy *))
558 00000000 SECTC  notype ()    External     | ??$_Allocate@UEntry@ResourceRegistry@MilesTransport@@@std@@YAPEAUEntry@ResourceRegistry@MilesTransport@@_KPEAU123@@Z (struct MilesTransport::ResourceRegistry::Entry * __cdecl std::_Allocate<struct MilesTransport::ResourceRegistry::Entry>(unsigned __int64,struct MilesTransport::ResourceRegistry::Entry *))
559 00000000 SECTA  notype ()    External     | ??$_Allocate@D@std@@YAPEAD_KPEAD@Z (char * __cdecl std::_Allocate<char>(unsigned __int64,char *))
55A 00000000 SECT109 notype ()    Static      | ??__E?_Generic_object@?$_Error_objects@H@std@@2V_Generic_error_category@2@A@@YAXXZ (void __cdecl `dynamic initializer for 'public: static class std::_Generic_error_category std::_Error_objects<int>::_Generic_object''(void))
55B 00000000 SECT114 notype ()    Static      | ??__F?_Generic_object@?$_Error_objects@H@std@@2V_Generic_error_category@2@A@@YAXXZ (void __cdecl `dynamic atexit destructor for 'public: static class std::_Generic_error_category std::_Error_objects<int>::_Generic_object''(void))
55C 00000000 SECT10A notype ()    Static      | ??__E?_Iostream_object@?$_Error_objects@H@std@@2V_Iostream_error_category@2@A@@YAXXZ (void __cdecl `dynamic initializer for 'public: static class std::_Iostream_error_category std::_Error_objects<int>::_Iostream_object''(void))
55D 00000000 SECT115 notype ()    Static      | ??__F?_Iostream_object@?$_Error_objects@H@std@@2V_Iostream_error_category@2@A@@YAXXZ (void __cdecl `dynamic atexit destructor for 'public: static class std::_Iostream_error_category std::_Error_objects<int>::_Iostream_object''(void))
55E 00000000 SECT10B notype ()    Static      | ??__E?_System_object@?$_Error_objects@H@std@@2V_System_error_category@2@A@@YAXXZ (void __cdecl `dynamic initializer for 'public: static class std::_System_error_category std::_Error_objects<int>::_System_object''(void))
55F 00000000 SECT116 notype ()    Static      | ??__F?_System_object@?$_Error_objects@H@std@@2V_System_error_category@2@A@@YAXXZ (void __cdecl `dynamic atexit destructor for 'public: static class std::_System_error_category std::_Error_objects<int>::_System_object''(void))
560 00000000 SECT2C notype ()    External     | ??$_Resetp@UFileRecord@SessionFileOwner@MilesFileOwner36@@@?$shared_ptr@UFileRecord@SessionFileOwner@MilesFileOwner36@@@std@@AEAAXPEAUFileRecord@SessionFileOwner@MilesFileOwner36@@@Z (private: void __cdecl std::shared_ptr<struct MilesFileOwner36::SessionFileOwner::FileRecord>::_Resetp<struct MilesFileOwner36::SessionFileOwner::FileRecord>(struct MilesFileOwner36::SessionFileOwner::FileRecord *))
561 00000000 SECT27 notype ()    External     | ??$_Reset@UFileRecord@SessionFileOwner@MilesFileOwner36@@@?$_Ptr_base@$$CBUBinding@MilesFileChannel26@@@std@@QEAAXPEBUBinding@MilesFileChannel26@@AEBV?$_Ptr_base@UFileRecord@SessionFileOwner@MilesFileOwner36@@@1@@Z (public: void __cdecl std::_Ptr_base<struct MilesFileChannel26::Binding const >::_Reset<struct MilesFileOwner36::SessionFileOwner::FileRecord>(struct MilesFileChannel26::Binding const *,class std::_Ptr_base<struct MilesFileOwner36::SessionFileOwner::FileRecord> const &))
562 00000000 SECT2A notype ()    External     | ??$_Reset@UFileSessionContext@MilesFileOwner36@@@?$_Ptr_base@X@std@@QEAAXAEBV?$_Ptr_base@UFileSessionContext@MilesFileOwner36@@@1@@Z (public: void __cdecl std::_Ptr_base<void>::_Reset<struct MilesFileOwner36::FileSessionContext>(class std::_Ptr_base<struct MilesFileOwner36::FileSessionContext> const &))
563 00000000 SECT4A notype ()    External     | ??$construct@UEntry@ResourceRegistry@MilesTransport@@U123@@?$allocator_traits@V?$allocator@UEntry@ResourceRegistry@MilesTransport@@@std@@@std@@SAXAEAV?$allocator@UEntry@ResourceRegistry@MilesTransport@@@1@PEAUEntry@ResourceRegistry@MilesTransport@@$$QEAU345@@Z (public: static void __cdecl std::allocator_traits<class std::allocator<struct MilesTransport::ResourceRegistry::Entry> >::construct<struct MilesTransport::ResourceRegistry::Entry,struct MilesTransport::ResourceRegistry::Entry>(class std::allocator<struct MilesTransport::ResourceRegistry::Entry> &,struct MilesTransport::ResourceRegistry::Entry *,struct MilesTransport::ResourceRegistry::Entry &&))
564 00000000 SECT3C notype ()    External     | ??$_Val_type@PEAE@std@@YAPEAEPEAE@Z (unsigned char * __cdecl std::_Val_type<unsigned char *>(unsigned char *))
565 00000000 SECT21 notype ()    External     | ??$_Ptr_cat@EE@std@@YA?AU_Scalar_ptr_iterator_tag@0@PEAE0@Z (struct std::_Scalar_ptr_iterator_tag __cdecl std::_Ptr_cat<unsigned char,unsigned char>(unsigned char *,unsigned char *))
566 00000000 SECT30 notype ()    External     | ??$_Uninit_def_fill_n@E_KE@std@@YAXPEAE_KAEAU?$_Wrap_alloc@V?$allocator@E@std@@@0@0U_Scalar_ptr_iterator_tag@0@@Z (void __cdecl std::_Uninit_def_fill_n<unsigned char,unsigned __int64,unsigned char>(unsigned char *,unsigned __int64,struct std::_Wrap_alloc<class std::allocator<unsigned char> > &,unsigned char *,struct std::_Scalar_ptr_iterator_tag))
567 00000000 SECT3E notype ()    External     | ??$_Val_type@PEAV?$shared_ptr@UFileRecord@SessionFileOwner@MilesFileOwner36@@@std@@@std@@YAPEAV?$shared_ptr@UFileRecord@SessionFileOwner@MilesFileOwner36@@@0@PEAV10@@Z (class std::shared_ptr<struct MilesFileOwner36::SessionFileOwner::FileRecord> * __cdecl std::_Val_type<class std::shared_ptr<struct MilesFileOwner36::SessionFileOwner::FileRecord> *>(class std::shared_ptr<struct MilesFileOwner36::SessionFileOwner::FileRecord> *))
568 00000000 SECT23 notype ()    External     | ??$_Ptr_cat@V?$shared_ptr@UFileRecord@SessionFileOwner@MilesFileOwner36@@@std@@V12@@std@@YA?AU_Nonscalar_ptr_iterator_tag@0@PEAV?$shared_ptr@UFileRecord@SessionFileOwner@MilesFileOwner36@@@0@0@Z (struct std::_Nonscalar_ptr_iterator_tag __cdecl std::_Ptr_cat<class std::shared_ptr<struct MilesFileOwner36::SessionFileOwner::FileRecord>,class std::shared_ptr<struct MilesFileOwner36::SessionFileOwner::FileRecord> >(class std::shared_ptr<struct MilesFileOwner36::SessionFileOwner::FileRecord> *,class std::shared_ptr<struct MilesFileOwner36::SessionFileOwner::FileRecord> *))
569 00000000 SECT31 notype ()    External     | ??$_Uninit_def_fill_n@PEAV?$shared_ptr@UFileRecord@SessionFileOwner@MilesFileOwner36@@@std@@_KV?$allocator@V?$shared_ptr@UFileRecord@SessionFileOwner@MilesFileOwner36@@@std@@@2@V12@@std@@YAXPEAV?$shared_ptr@UFileRecord@SessionFileOwner@MilesFileOwner36@@@0@_KAEAU?$_Wrap_alloc@V?$allocator@V?$shared_ptr@UFileRecord@SessionFileOwner@MilesFileOwner36@@@std@@@std@@@0@0U_Nonscalar_ptr_iterator_tag@0@@Z (void __cdecl std::_Uninit_def_fill_n<class std::shared_ptr<struct MilesFileOwner36::SessionFileOwner::FileRecord> *,unsigned __int64,class std::allocator<class std::shared_ptr<struct MilesFileOwner36::SessionFileOwner::FileRecord> >,class std::shared_ptr<struct MilesFileOwner36::SessionFileOwner::FileRecord> >(class std::shared_ptr<struct MilesFileOwner36::SessionFileOwner::FileRecord> *,unsigned __int64,struct std::_Wrap_alloc<class std::allocator<class std::shared_ptr<struct MilesFileOwner36::SessionFileOwner::FileRecord> > > &,class std::shared_ptr<struct MilesFileOwner36::SessionFileOwner::FileRecord> *,struct std::_Nonscalar_ptr_iterator_tag))
56A 00000000 SECT3F notype ()    External     | ??$_Val_type@PEAV?$unique_ptr@UOperation@SessionFileOwner@MilesFileOwner36@@U?$default_delete@UOperation@SessionFileOwner@MilesFileOwner36@@@std@@@std@@@std@@YAPEAV?$unique_ptr@UOperation@SessionFileOwner@MilesFileOwner36@@U?$default_delete@UOperation@SessionFileOwner@MilesFileOwner36@@@std@@@0@PEAV10@@Z (class std::unique_ptr<struct MilesFileOwner36::SessionFileOwner::Operation,struct std::default_delete<struct MilesFileOwner36::SessionFileOwner::Operation> > * __cdecl std::_Val_type<class std::unique_ptr<struct MilesFileOwner36::SessionFileOwner::Operation,struct std::default_delete<struct MilesFileOwner36::SessionFileOwner::Operation> > *>(class std::unique_ptr<struct MilesFileOwner36::SessionFileOwner::Operation,struct std::default_delete<struct MilesFileOwner36::SessionFileOwner::Operation> > *))
56B 00000000 SECT24 notype ()    External     | ??$_Ptr_cat@V?$unique_ptr@UOperation@SessionFileOwner@MilesFileOwner36@@U?$default_delete@UOperation@SessionFileOwner@MilesFileOwner36@@@std@@@std@@V12@@std@@YA?AU_Nonscalar_ptr_iterator_tag@0@PEAV?$unique_ptr@UOperation@SessionFileOwner@MilesFileOwner36@@U?$default_delete@UOperation@SessionFileOwner@MilesFileOwner36@@@std@@@0@0@Z (struct std::_Nonscalar_ptr_iterator_tag __cdecl std::_Ptr_cat<class std::unique_ptr<struct MilesFileOwner36::SessionFileOwner::Operation,struct std::default_delete<struct MilesFileOwner36::SessionFileOwner::Operation> >,class std::unique_ptr<struct MilesFileOwner36::SessionFileOwner::Operation,struct std::default_delete<struct MilesFileOwner36::SessionFileOwner::Operation> > >(class std::unique_ptr<struct MilesFileOwner36::SessionFileOwner::Operation,struct std::default_delete<struct MilesFileOwner36::SessionFileOwner::Operation> > *,class std::unique_ptr<struct MilesFileOwner36::SessionFileOwner::Operation,struct std::default_delete<struct MilesFileOwner36::SessionFileOwner::Operation> > *))
56C 00000000 SECT33 notype ()    External     | ??$_Uninit_def_fill_n@PEAV?$unique_ptr@UOperation@SessionFileOwner@MilesFileOwner36@@U?$default_delete@UOperation@SessionFileOwner@MilesFileOwner36@@@std@@@std@@_KV?$allocator@V?$unique_ptr@UOperation@SessionFileOwner@MilesFileOwner36@@U?$default_delete@UOperation@SessionFileOwner@MilesFileOwner36@@@std@@@std@@@2@V12@@std@@YAXPEAV?$unique_ptr@UOperation@SessionFileOwner@MilesFileOwner36@@U?$default_delete@UOperation@SessionFileOwner@MilesFileOwner36@@@std@@@0@_KAEAU?$_Wrap_alloc@V?$allocator@V?$unique_ptr@UOperation@SessionFileOwner@MilesFileOwner36@@U?$default_delete@UOperation@SessionFileOwner@MilesFileOwner36@@@std@@@std@@@std@@@0@0U_Nonscalar_ptr_iterator_tag@0@@Z (void __cdecl std::_Uninit_def_fill_n<class std::unique_ptr<struct MilesFileOwner36::SessionFileOwner::Operation,struct std::default_delete<struct MilesFileOwner36::SessionFileOwner::Operation> > *,unsigned __int64,class std::allocator<class std::unique_ptr<struct MilesFileOwner36::SessionFileOwner::Operation,struct std::default_delete<struct MilesFileOwner36::SessionFileOwner::Operation> > >,class std::unique_ptr<struct MilesFileOwner36::SessionFileOwner::Operation,struct std::default_delete<struct MilesFileOwner36::SessionFileOwner::Operation> > >(class std::unique_ptr<struct MilesFileOwner36::SessionFileOwner::Operation,struct std::default_delete<struct MilesFileOwner36::SessionFileOwner::Operation> > *,unsigned __int64,struct std::_Wrap_alloc<class std::allocator<class std::unique_ptr<struct MilesFileOwner36::SessionFileOwner::Operation,struct std::default_delete<struct MilesFileOwner36::SessionFileOwner::Operation> > > > &,class std::unique_ptr<struct MilesFileOwner36::SessionFileOwner::Operation,struct std::default_delete<struct MilesFileOwner36::SessionFileOwner::Operation> > *,struct std::_Nonscalar_ptr_iterator_tag))
56D 00000000 SECT60 notype ()    External     | ??$forward@AEAPEAD@std@@YAAEAPEADAEAPEAD@Z (char * & __cdecl std::forward<char * &>(char * &))
56E 00000000 SECT46 notype ()    External     | ??$construct@PEADAEAPEAD@?$allocator_traits@V?$allocator@D@std@@@std@@SAXAEAV?$allocator@D@1@PEAPEADAEAPEAD@Z (public: static void __cdecl std::allocator_traits<class std::allocator<char> >::construct<char *,char * &>(class std::allocator<char> &,char * *,char * &))
56F 00000000 SECT53 notype ()    External     | ??$destroy@PEAD@?$allocator_traits@V?$allocator@D@std@@@std@@SAXAEAV?$allocator@D@1@PEAPEAD@Z (public: static void __cdecl std::allocator_traits<class std::allocator<char> >::destroy<char *>(class std::allocator<char> &,char * *))
570 00000000 SECT63 notype ()    External     | ??$forward@U_Container_proxy@std@@@std@@YA$$QEAU_Container_proxy@0@AEAU10@@Z (struct std::_Container_proxy && __cdecl std::forward<struct std::_Container_proxy>(struct std::_Container_proxy &))
571 00000000 SECT59 notype ()    External     | ??$destroy@U_Container_proxy@std@@@?$allocator_traits@V?$allocator@U_Container_proxy@std@@@std@@@std@@SAXAEAV?$allocator@U_Container_proxy@std@@@1@PEAU_Container_proxy@1@@Z (public: static void __cdecl std::allocator_traits<class std::allocator<struct std::_Container_proxy> >::destroy<struct std::_Container_proxy>(class std::allocator<struct std::_Container_proxy> &,struct std::_Container_proxy *))
572 00000000 SECT22 notype ()    External     | ??$_Ptr_cat@UEntry@ResourceRegistry@MilesTransport@@U123@@std@@YA?AU_Nonscalar_ptr_iterator_tag@0@PEAUEntry@ResourceRegistry@MilesTransport@@0@Z (struct std::_Nonscalar_ptr_iterator_tag __cdecl std::_Ptr_cat<struct MilesTransport::ResourceRegistry::Entry,struct MilesTransport::ResourceRegistry::Entry>(struct MilesTransport::ResourceRegistry::Entry *,struct MilesTransport::ResourceRegistry::Entry *))
573 00000000 SECT17 notype ()    External     | ??$_Destroy_range@U?$_Wrap_alloc@V?$allocator@UEntry@ResourceRegistry@MilesTransport@@@std@@@std@@@std@@YAXPEAUEntry@ResourceRegistry@MilesTransport@@0AEAU?$_Wrap_alloc@V?$allocator@UEntry@ResourceRegistry@MilesTransport@@@std@@@0@U_Nonscalar_ptr_iterator_tag@0@@Z (void __cdecl std::_Destroy_range<struct std::_Wrap_alloc<class std::allocator<struct MilesTransport::ResourceRegistry::Entry> > >(struct MilesTransport::ResourceRegistry::Entry *,struct MilesTransport::ResourceRegistry::Entry *,struct std::_Wrap_alloc<class std::allocator<struct MilesTransport::ResourceRegistry::Entry> > &,struct std::_Nonscalar_ptr_iterator_tag))
574 00000000 SECT3B notype ()    External     | ??$_Uninitialized_move@PEAUEntry@ResourceRegistry@MilesTransport@@PEAU123@U?$_Wrap_alloc@V?$allocator@UEntry@ResourceRegistry@MilesTransport@@@std@@@std@@@std@@YAPEAUEntry@ResourceRegistry@MilesTransport@@PEAU123@00AEAU?$_Wrap_alloc@V?$allocator@UEntry@ResourceRegistry@MilesTransport@@@std@@@0@@Z (struct MilesTransport::ResourceRegistry::Entry * __cdecl std::_Uninitialized_move<struct MilesTransport::ResourceRegistry::Entry *,struct MilesTransport::ResourceRegistry::Entry *,struct std::_Wrap_alloc<class std::allocator<struct MilesTransport::ResourceRegistry::Entry> > >(struct MilesTransport::ResourceRegistry::Entry *,struct MilesTransport::ResourceRegistry::Entry *,struct MilesTransport::ResourceRegistry::Entry *,struct std::_Wrap_alloc<class std::allocator<struct MilesTransport::ResourceRegistry::Entry> > &))
575 00000000 SECT4E notype ()    External     | ??$construct@U_Container_proxy@std@@U12@@?$allocator_traits@V?$allocator@U_Container_proxy@std@@@std@@@std@@SAXAEAV?$allocator@U_Container_proxy@std@@@1@PEAU_Container_proxy@1@$$QEAU31@@Z (public: static void __cdecl std::allocator_traits<class std::allocator<struct std::_Container_proxy> >::construct<struct std::_Container_proxy,struct std::_Container_proxy>(class std::allocator<struct std::_Container_proxy> &,struct std::_Container_proxy *,struct std::_Container_proxy &&))
576 00000000 SECT15 notype ()    External     | ??$_Destroy_range@U?$_Wrap_alloc@V?$allocator@E@std@@@std@@@std@@YAXPEAE0AEAU?$_Wrap_alloc@V?$allocator@E@std@@@0@U_Scalar_ptr_iterator_tag@0@@Z (void __cdecl std::_Destroy_range<struct std::_Wrap_alloc<class std::allocator<unsigned char> > >(unsigned char *,unsigned char *,struct std::_Wrap_alloc<class std::allocator<unsigned char> > &,struct std::_Scalar_ptr_iterator_tag))
577 00000000 SECT1F notype ()    External     | ??$_Move@AEAPEAV_Ref_count_base@std@@@std@@YA$$QEAPEAV_Ref_count_base@0@AEAPEAV10@@Z (class std::_Ref_count_base * && __cdecl std::_Move<class std::_Ref_count_base * &>(class std::_Ref_count_base * &))
578 00000000 SECT20 notype ()    External     | ??$_Move@AEAPEBUBinding@MilesFileChannel26@@@std@@YA$$QEAPEBUBinding@MilesFileChannel26@@AEAPEBU12@@Z (struct MilesFileChannel26::Binding const * && __cdecl std::_Move<struct MilesFileChannel26::Binding const * &>(struct MilesFileChannel26::Binding const * &))
579 00000000 SECT19 notype ()    External     | ??$_Destroy_range@U?$_Wrap_alloc@V?$allocator@V?$shared_ptr@UFileRecord@SessionFileOwner@MilesFileOwner36@@@std@@@std@@@std@@@std@@YAXPEAV?$shared_ptr@UFileRecord@SessionFileOwner@MilesFileOwner36@@@0@0AEAU?$_Wrap_alloc@V?$allocator@V?$shared_ptr@UFileRecord@SessionFileOwner@MilesFileOwner36@@@std@@@std@@@0@U_Nonscalar_ptr_iterator_tag@0@@Z (void __cdecl std::_Destroy_range<struct std::_Wrap_alloc<class std::allocator<class std::shared_ptr<struct MilesFileOwner36::SessionFileOwner::FileRecord> > > >(class std::shared_ptr<struct MilesFileOwner36::SessionFileOwner::FileRecord> *,class std::shared_ptr<struct MilesFileOwner36::SessionFileOwner::FileRecord> *,struct std::_Wrap_alloc<class std::allocator<class std::shared_ptr<struct MilesFileOwner36::SessionFileOwner::FileRecord> > > &,struct std::_Nonscalar_ptr_iterator_tag))
57A 00000000 SECT1B notype ()    External     | ??$_Destroy_range@U?$_Wrap_alloc@V?$allocator@V?$unique_ptr@UOperation@SessionFileOwner@MilesFileOwner36@@U?$default_delete@UOperation@SessionFileOwner@MilesFileOwner36@@@std@@@std@@@std@@@std@@@std@@YAXPEAV?$unique_ptr@UOperation@SessionFileOwner@MilesFileOwner36@@U?$default_delete@UOperation@SessionFileOwner@MilesFileOwner36@@@std@@@0@0AEAU?$_Wrap_alloc@V?$allocator@V?$unique_ptr@UOperation@SessionFileOwner@MilesFileOwner36@@U?$default_delete@UOperation@SessionFileOwner@MilesFileOwner36@@@std@@@std@@@std@@@0@U_Nonscalar_ptr_iterator_tag@0@@Z (void __cdecl std::_Destroy_range<struct std::_Wrap_alloc<class std::allocator<class std::unique_ptr<struct MilesFileOwner36::SessionFileOwner::Operation,struct std::default_delete<struct MilesFileOwner36::SessionFileOwner::Operation> > > > >(class std::unique_ptr<struct MilesFileOwner36::SessionFileOwner::Operation,struct std::default_delete<struct MilesFileOwner36::SessionFileOwner::Operation> > *,class std::unique_ptr<struct MilesFileOwner36::SessionFileOwner::Operation,struct std::default_delete<struct MilesFileOwner36::SessionFileOwner::Operation> > *,struct std::_Wrap_alloc<class std::allocator<class std::unique_ptr<struct MilesFileOwner36::SessionFileOwner::Operation,struct std::default_delete<struct MilesFileOwner36::SessionFileOwner::Operation> > > > &,struct std::_Nonscalar_ptr_iterator_tag))
57B 00000000 SECT1D notype ()    External     | ??$_Move@AEAPEAUFileRecord@SessionFileOwner@MilesFileOwner36@@@std@@YA$$QEAPEAUFileRecord@SessionFileOwner@MilesFileOwner36@@AEAPEAU123@@Z (struct MilesFileOwner36::SessionFileOwner::FileRecord * && __cdecl std::_Move<struct MilesFileOwner36::SessionFileOwner::FileRecord * &>(struct MilesFileOwner36::SessionFileOwner::FileRecord * &))
57C 00000000 SECT1E notype ()    External     | ??$_Move@AEAPEAVFileInvocationJob@MilesFileExecutor30@@@std@@YA$$QEAPEAVFileInvocationJob@MilesFileExecutor30@@AEAPEAV12@@Z (class MilesFileExecutor30::FileInvocationJob * && __cdecl std::_Move<class MilesFileExecutor30::FileInvocationJob * &>(class MilesFileExecutor30::FileInvocationJob * &))
57D 00000000 SECT10C notype ()    Static      | ??__E?id@?$num_put@DV?$back_insert_iterator@V?$basic_string@DU?$char_traits@D@std@@V?$allocator@D@2@@std@@@std@@@std@@2V0locale@2@A@@YAXXZ (void __cdecl `dynamic initializer for 'public: static class std::locale::id std::num_put<char,class std::back_insert_iterator<class std::basic_string<char,struct std::char_traits<char>,class std::allocator<char> > > >::id''(void))
57E 00000000 SECT10D notype ()    Static      | ??__E?id@?$num_put@_WV?$back_insert_iterator@V?$basic_string@_WU?$char_traits@_W@std@@V?$allocator@_W@2@@std@@@std@@@std@@2V0locale@2@A@@YAXXZ (void __cdecl `dynamic initializer for 'public: static class std::locale::id std::num_put<wchar_t,class std::back_insert_iterator<class std::basic_string<wchar_t,struct std::char_traits<wchar_t>,class std::allocator<wchar_t> > > >::id''(void))
57F 00000000 SECT76 notype ()    External     | ??0?$_Ref_count@UFileRecord@SessionFileOwner@MilesFileOwner36@@@std@@QEAA@PEAUFileRecord@SessionFileOwner@MilesFileOwner36@@@Z (public: __cdecl std::_Ref_count<struct MilesFileOwner36::SessionFileOwner::FileRecord>::_Ref_count<struct MilesFileOwner36::SessionFileOwner::FileRecord>(struct MilesFileOwner36::SessionFileOwner::FileRecord *))
580 00000000 SECT12B notype ()    External    | ?_Destroy@?$_Ref_count@UFileRecord@SessionFileOwner@MilesFileOwner36@@@std@@EEAAXXZ (private: virtual void __cdecl std::_Ref_count<struct MilesFileOwner36::SessionFileOwner::FileRecord>::_Destroy(void))
581 00000000 SECT12A notype ()    External    | ?_Delete_this@?$_Ref_count@UFileRecord@SessionFileOwner@MilesFileOwner36@@@std@@EEAAXXZ (private: virtual void __cdecl std::_Ref_count<struct MilesFileOwner36::SessionFileOwner::FileRecord>::_Delete_this(void))
582 00000000 SECTC1 notype ()    External     | ??1?$_Ref_count@UFileRecord@SessionFileOwner@MilesFileOwner36@@@std@@UEAA@XZ (public: virtual __cdecl std::_Ref_count<struct MilesFileOwner36::SessionFileOwner::FileRecord>::~_Ref_count<struct MilesFileOwner36::SessionFileOwner::FileRecord>(void))
583 00000000 SECTFD notype ()    External     | ??_G?$_Ref_count@UFileRecord@SessionFileOwner@MilesFileOwner36@@@std@@UEAAPEAXI@Z (public: virtual void * __cdecl std::_Ref_count<struct MilesFileOwner36::SessionFileOwner::FileRecord>::`scalar deleting destructor'(unsigned int))
584 00000000 UNDEF  notype ()    WeakExternal | ??_E?$_Ref_count@UFileRecord@SessionFileOwner@MilesFileOwner36@@@std@@UEAAPEAXI@Z (public: virtual void * __cdecl std::_Ref_count<struct MilesFileOwner36::SessionFileOwner::FileRecord>::`vector deleting destructor'(unsigned int))
    Default index      583 library search
586 00000000 SECT2B notype ()    External     | ??$_Resetp0@UFileRecord@SessionFileOwner@MilesFileOwner36@@@?$shared_ptr@UFileRecord@SessionFileOwner@MilesFileOwner36@@@std@@QEAAXPEAUFileRecord@SessionFileOwner@MilesFileOwner36@@PEAV_Ref_count_base@1@@Z (public: void __cdecl std::shared_ptr<struct MilesFileOwner36::SessionFileOwner::FileRecord>::_Resetp0<struct MilesFileOwner36::SessionFileOwner::FileRecord>(struct MilesFileOwner36::SessionFileOwner::FileRecord *,class std::_Ref_count_base *))
587 00000000 SECT48 notype ()    External     | ??$construct@UEntry@ResourceRegistry@MilesTransport@@U123@@?$allocator@UEntry@ResourceRegistry@MilesTransport@@@std@@QEAAXPEAUEntry@ResourceRegistry@MilesTransport@@$$QEAU234@@Z (public: void __cdecl std::allocator<struct MilesTransport::ResourceRegistry::Entry>::construct<struct MilesTransport::ResourceRegistry::Entry,struct MilesTransport::ResourceRegistry::Entry>(struct MilesTransport::ResourceRegistry::Entry *,struct MilesTransport::ResourceRegistry::Entry &&))
588 00000000 SECT10E notype ()    Static      | ??__E?id@?$numpunct@D@std@@2V0locale@2@A@@YAXXZ (void __cdecl `dynamic initializer for 'public: static class std::locale::id std::numpunct<char>::id''(void))
589 00000000 SECT10F notype ()    Static      | ??__E?id@?$numpunct@_W@std@@2V0locale@2@A@@YAXXZ (void __cdecl `dynamic initializer for 'public: static class std::locale::id std::numpunct<wchar_t>::id''(void))
58A 00000000 SECT5A notype ()    External     | ??$destroy@V?$shared_ptr@UFileRecord@SessionFileOwner@MilesFileOwner36@@@std@@@?$_Wrap_alloc@V?$allocator@V?$shared_ptr@UFileRecord@SessionFileOwner@MilesFileOwner36@@@std@@@std@@@std@@QEAAXPEAV?$shared_ptr@UFileRecord@SessionFileOwner@MilesFileOwner36@@@1@@Z (public: void __cdecl std::_Wrap_alloc<class std::allocator<class std::shared_ptr<struct MilesFileOwner36::SessionFileOwner::FileRecord> > >::destroy<class std::shared_ptr<struct MilesFileOwner36::SessionFileOwner::FileRecord> >(class std::shared_ptr<struct MilesFileOwner36::SessionFileOwner::FileRecord> *))
58B 00000000 SECT5D notype ()    External     | ??$destroy@V?$unique_ptr@UOperation@SessionFileOwner@MilesFileOwner36@@U?$default_delete@UOperation@SessionFileOwner@MilesFileOwner36@@@std@@@std@@@?$_Wrap_alloc@V?$allocator@V?$unique_ptr@UOperation@SessionFileOwner@MilesFileOwner36@@U?$default_delete@UOperation@SessionFileOwner@MilesFileOwner36@@@std@@@std@@@std@@@std@@QEAAXPEAV?$unique_ptr@UOperation@SessionFileOwner@MilesFileOwner36@@U?$default_delete@UOperation@SessionFileOwner@MilesFileOwner36@@@std@@@1@@Z (public: void __cdecl std::_Wrap_alloc<class std::allocator<class std::unique_ptr<struct MilesFileOwner36::SessionFileOwner::Operation,struct std::default_delete<struct MilesFileOwner36::SessionFileOwner::Operation> > > >::destroy<class std::unique_ptr<struct MilesFileOwner36::SessionFileOwner::Operation,struct std::default_delete<struct MilesFileOwner36::SessionFileOwner::Operation> > >(class std::unique_ptr<struct MilesFileOwner36::SessionFileOwner::Operation,struct std::default_delete<struct MilesFileOwner36::SessionFileOwner::Operation> > *))
58C 00000000 SECT44 notype ()    External     | ??$construct@PEADAEAPEAD@?$allocator@D@std@@QEAAXPEAPEADAEAPEAD@Z (public: void __cdecl std::allocator<char>::construct<char *,char * &>(char * *,char * &))
58D 00000000 SECT52 notype ()    External     | ??$destroy@PEAD@?$allocator@D@std@@QEAAXPEAPEAD@Z (public: void __cdecl std::allocator<char>::destroy<char *>(char * *))
58E 00000000 SECT54 notype ()    External     | ??$destroy@UEntry@ResourceRegistry@MilesTransport@@@?$_Wrap_alloc@V?$allocator@UEntry@ResourceRegistry@MilesTransport@@@std@@@std@@QEAAXPEAUEntry@ResourceRegistry@MilesTransport@@@Z (public: void __cdecl std::_Wrap_alloc<class std::allocator<struct MilesTransport::ResourceRegistry::Entry> >::destroy<struct MilesTransport::ResourceRegistry::Entry>(struct MilesTransport::ResourceRegistry::Entry *))
58F 00000000 SECT2F notype ()    External     | ??$_Unchecked@PEAUEntry@ResourceRegistry@MilesTransport@@@std@@YAPEAUEntry@ResourceRegistry@MilesTransport@@PEAU123@@Z (struct MilesTransport::ResourceRegistry::Entry * __cdecl std::_Unchecked<struct MilesTransport::ResourceRegistry::Entry *>(struct MilesTransport::ResourceRegistry::Entry *))
590 00000000 SECT35 notype ()    External     | ??$_Uninit_move@PEAUEntry@ResourceRegistry@MilesTransport@@PEAU123@U?$_Wrap_alloc@V?$allocator@UEntry@ResourceRegistry@MilesTransport@@@std@@@std@@@std@@YAPEAUEntry@ResourceRegistry@MilesTransport@@PEAU123@00AEAU?$_Wrap_alloc@V?$allocator@UEntry@ResourceRegistry@MilesTransport@@@std@@@0@@Z (struct MilesTransport::ResourceRegistry::Entry * __cdecl std::_Uninit_move<struct MilesTransport::ResourceRegistry::Entry *,struct MilesTransport::ResourceRegistry::Entry *,struct std::_Wrap_alloc<class std::allocator<struct MilesTransport::ResourceRegistry::Entry> > >(struct MilesTransport::ResourceRegistry::Entry *,struct MilesTransport::ResourceRegistry::Entry *,struct MilesTransport::ResourceRegistry::Entry *,struct std::_Wrap_alloc<class std::allocator<struct MilesTransport::ResourceRegistry::Entry> > &))
591 00000000 SECT25 notype ()    External     | ??$_Rechecked@PEAUEntry@ResourceRegistry@MilesTransport@@PEAU123@@std@@YAAEAPEAUEntry@ResourceRegistry@MilesTransport@@AEAPEAU123@PEAU123@@Z (struct MilesTransport::ResourceRegistry::Entry * & __cdecl std::_Rechecked<struct MilesTransport::ResourceRegistry::Entry *,struct MilesTransport::ResourceRegistry::Entry *>(struct MilesTransport::ResourceRegistry::Entry * &,struct MilesTransport::ResourceRegistry::Entry *))
592 00000000 SECT4F notype ()    External     | ??$construct@V?$shared_ptr@UFileRecord@SessionFileOwner@MilesFileOwner36@@@std@@$$$V@?$allocator_traits@V?$allocator@V?$shared_ptr@UFileRecord@SessionFileOwner@MilesFileOwner36@@@std@@@std@@@std@@SAXAEAV?$allocator@V?$shared_ptr@UFileRecord@SessionFileOwner@MilesFileOwner36@@@std@@@1@PEAV?$shared_ptr@UFileRecord@SessionFileOwner@MilesFileOwner36@@@1@@Z (public: static void __cdecl std::allocator_traits<class std::allocator<class std::shared_ptr<struct MilesFileOwner36::SessionFileOwner::FileRecord> > >::construct<class std::shared_ptr<struct MilesFileOwner36::SessionFileOwner::FileRecord> >(class std::allocator<class std::shared_ptr<struct MilesFileOwner36::SessionFileOwner::FileRecord> > &,class std::shared_ptr<struct MilesFileOwner36::SessionFileOwner::FileRecord> *))
593 00000000 SECT50 notype ()    External     | ??$construct@V?$unique_ptr@UOperation@SessionFileOwner@MilesFileOwner36@@U?$default_delete@UOperation@SessionFileOwner@MilesFileOwner36@@@std@@@std@@$$$V@?$allocator_traits@V?$allocator@V?$unique_ptr@UOperation@SessionFileOwner@MilesFileOwner36@@U?$default_delete@UOperation@SessionFileOwner@MilesFileOwner36@@@std@@@std@@@std@@@std@@SAXAEAV?$allocator@V?$unique_ptr@UOperation@SessionFileOwner@MilesFileOwner36@@U?$default_delete@UOperation@SessionFileOwner@MilesFileOwner36@@@std@@@std@@@1@PEAV?$unique_ptr@UOperation@SessionFileOwner@MilesFileOwner36@@U?$default_delete@UOperation@SessionFileOwner@MilesFileOwner36@@@std@@@1@@Z (public: static void __cdecl std::allocator_traits<class std::allocator<class std::unique_ptr<struct MilesFileOwner36::SessionFileOwner::Operation,struct std::default_delete<struct MilesFileOwner36::SessionFileOwner::Operation> > > >::construct<class std::unique_ptr<struct MilesFileOwner36::SessionFileOwner::Operation,struct std::default_delete<struct MilesFileOwner36::SessionFileOwner::Operation> > >(class std::allocator<class std::unique_ptr<struct MilesFileOwner36::SessionFileOwner::Operation,struct std::default_delete<struct MilesFileOwner36::SessionFileOwner::Operation> > > &,class std::unique_ptr<struct MilesFileOwner36::SessionFileOwner::Operation,struct std::default_delete<struct MilesFileOwner36::SessionFileOwner::Operation> > *))
594 00000000 SECT5C notype ()    External     | ??$destroy@V?$shared_ptr@UFileRecord@SessionFileOwner@MilesFileOwner36@@@std@@@?$allocator_traits@V?$allocator@V?$shared_ptr@UFileRecord@SessionFileOwner@MilesFileOwner36@@@std@@@std@@@std@@SAXAEAV?$allocator@V?$shared_ptr@UFileRecord@SessionFileOwner@MilesFileOwner36@@@std@@@1@PEAV?$shared_ptr@UFileRecord@SessionFileOwner@MilesFileOwner36@@@1@@Z (public: static void __cdecl std::allocator_traits<class std::allocator<class std::shared_ptr<struct MilesFileOwner36::SessionFileOwner::FileRecord> > >::destroy<class std::shared_ptr<struct MilesFileOwner36::SessionFileOwner::FileRecord> >(class std::allocator<class std::shared_ptr<struct MilesFileOwner36::SessionFileOwner::FileRecord> > &,class std::shared_ptr<struct MilesFileOwner36::SessionFileOwner::FileRecord> *))
595 00000000 SECT5F notype ()    External     | ??$destroy@V?$unique_ptr@UOperation@SessionFileOwner@MilesFileOwner36@@U?$default_delete@UOperation@SessionFileOwner@MilesFileOwner36@@@std@@@std@@@?$allocator_traits@V?$allocator@V?$unique_ptr@UOperation@SessionFileOwner@MilesFileOwner36@@U?$default_delete@UOperation@SessionFileOwner@MilesFileOwner36@@@std@@@std@@@std@@@std@@SAXAEAV?$allocator@V?$unique_ptr@UOperation@SessionFileOwner@MilesFileOwner36@@U?$default_delete@UOperation@SessionFileOwner@MilesFileOwner36@@@std@@@std@@@1@PEAV?$unique_ptr@UOperation@SessionFileOwner@MilesFileOwner36@@U?$default_delete@UOperation@SessionFileOwner@MilesFileOwner36@@@std@@@1@@Z (public: static void __cdecl std::allocator_traits<class std::allocator<class std::unique_ptr<struct MilesFileOwner36::SessionFileOwner::Operation,struct std::default_delete<struct MilesFileOwner36::SessionFileOwner::Operation> > > >::destroy<class std::unique_ptr<struct MilesFileOwner36::SessionFileOwner::Operation,struct std::default_delete<struct MilesFileOwner36::SessionFileOwner::Operation> > >(class std::allocator<class std::unique_ptr<struct MilesFileOwner36::SessionFileOwner::Operation,struct std::default_delete<struct MilesFileOwner36::SessionFileOwner::Operation> > > &,class std::unique_ptr<struct MilesFileOwner36::SessionFileOwner::Operation,struct std::default_delete<struct MilesFileOwner36::SessionFileOwner::Operation> > *))
596 00000000 SECT56 notype ()    External     | ??$destroy@UEntry@ResourceRegistry@MilesTransport@@@?$allocator_traits@V?$allocator@UEntry@ResourceRegistry@MilesTransport@@@std@@@std@@SAXAEAV?$allocator@UEntry@ResourceRegistry@MilesTransport@@@1@PEAUEntry@ResourceRegistry@MilesTransport@@@Z (public: static void __cdecl std::allocator_traits<class std::allocator<struct MilesTransport::ResourceRegistry::Entry> >::destroy<struct MilesTransport::ResourceRegistry::Entry>(class std::allocator<struct MilesTransport::ResourceRegistry::Entry> &,struct MilesTransport::ResourceRegistry::Entry *))
597 00000000 SECT3D notype ()    External     | ??$_Val_type@PEAUEntry@ResourceRegistry@MilesTransport@@@std@@YAPEAUEntry@ResourceRegistry@MilesTransport@@PEAU123@@Z (struct MilesTransport::ResourceRegistry::Entry * __cdecl std::_Val_type<struct MilesTransport::ResourceRegistry::Entry *>(struct MilesTransport::ResourceRegistry::Entry *))
598 00000000 SECT36 notype ()    External     | ??$_Uninit_move@PEAUEntry@ResourceRegistry@MilesTransport@@PEAU123@V?$allocator@UEntry@ResourceRegistry@MilesTransport@@@std@@U123@@std@@YAPEAUEntry@ResourceRegistry@MilesTransport@@PEAU123@00AEAU?$_Wrap_alloc@V?$allocator@UEntry@ResourceRegistry@MilesTransport@@@std@@@0@0U_Nonscalar_ptr_iterator_tag@0@@Z (struct MilesTransport::ResourceRegistry::Entry * __cdecl std::_Uninit_move<struct MilesTransport::ResourceRegistry::Entry *,struct MilesTransport::ResourceRegistry::Entry *,class std::allocator<struct MilesTransport::ResourceRegistry::Entry>,struct MilesTransport::ResourceRegistry::Entry>(struct MilesTransport::ResourceRegistry::Entry *,struct MilesTransport::ResourceRegistry::Entry *,struct MilesTransport::ResourceRegistry::Entry *,struct std::_Wrap_alloc<class std::allocator<struct MilesTransport::ResourceRegistry::Entry> > &,struct MilesTransport::ResourceRegistry::Entry *,struct std::_Nonscalar_ptr_iterator_tag))
599 00000000 SECT5B notype ()    External     | ??$destroy@V?$shared_ptr@UFileRecord@SessionFileOwner@MilesFileOwner36@@@std@@@?$allocator@V?$shared_ptr@UFileRecord@SessionFileOwner@MilesFileOwner36@@@std@@@std@@QEAAXPEAV?$shared_ptr@UFileRecord@SessionFileOwner@MilesFileOwner36@@@1@@Z (public: void __cdecl std::allocator<class std::shared_ptr<struct MilesFileOwner36::SessionFileOwner::FileRecord> >::destroy<class std::shared_ptr<struct MilesFileOwner36::SessionFileOwner::FileRecord> >(class std::shared_ptr<struct MilesFileOwner36::SessionFileOwner::FileRecord> *))
59A 00000000 SECT5E notype ()    External     | ??$destroy@V?$unique_ptr@UOperation@SessionFileOwner@MilesFileOwner36@@U?$default_delete@UOperation@SessionFileOwner@MilesFileOwner36@@@std@@@std@@@?$allocator@V?$unique_ptr@UOperation@SessionFileOwner@MilesFileOwner36@@U?$default_delete@UOperation@SessionFileOwner@MilesFileOwner36@@@std@@@std@@@std@@QEAAXPEAV?$unique_ptr@UOperation@SessionFileOwner@MilesFileOwner36@@U?$default_delete@UOperation@SessionFileOwner@MilesFileOwner36@@@std@@@1@@Z (public: void __cdecl std::allocator<class std::unique_ptr<struct MilesFileOwner36::SessionFileOwner::Operation,struct std::default_delete<struct MilesFileOwner36::SessionFileOwner::Operation> > >::destroy<class std::unique_ptr<struct MilesFileOwner36::SessionFileOwner::Operation,struct std::default_delete<struct MilesFileOwner36::SessionFileOwner::Operation> > >(class std::unique_ptr<struct MilesFileOwner36::SessionFileOwner::Operation,struct std::default_delete<struct MilesFileOwner36::SessionFileOwner::Operation> > *))
59B 00000000 SECT55 notype ()    External     | ??$destroy@UEntry@ResourceRegistry@MilesTransport@@@?$allocator@UEntry@ResourceRegistry@MilesTransport@@@std@@QEAAXPEAUEntry@ResourceRegistry@MilesTransport@@@Z (public: void __cdecl std::allocator<struct MilesTransport::ResourceRegistry::Entry>::destroy<struct MilesTransport::ResourceRegistry::Entry>(struct MilesTransport::ResourceRegistry::Entry *))
59C 00000000 SECT13 notype ()    External     | ??$_Debug_range@PEAUEntry@ResourceRegistry@MilesTransport@@@std@@YAXPEAUEntry@ResourceRegistry@MilesTransport@@0PEB_WI@Z (void __cdecl std::_Debug_range<struct MilesTransport::ResourceRegistry::Entry *>(struct MilesTransport::ResourceRegistry::Entry *,struct MilesTransport::ResourceRegistry::Entry *,wchar_t const *,unsigned int))
59D 00000000 SECT11 notype ()    External     | ??$_Debug_pointer@UEntry@ResourceRegistry@MilesTransport@@@std@@YAXPEAUEntry@ResourceRegistry@MilesTransport@@PEB_WI@Z (void __cdecl std::_Debug_pointer<struct MilesTransport::ResourceRegistry::Entry>(struct MilesTransport::ResourceRegistry::Entry *,wchar_t const *,unsigned int))
59E 00000000 SECT1C notype ()    External     | ??$_Iter_cat@PEAUEntry@ResourceRegistry@MilesTransport@@@std@@YA?AUrandom_access_iterator_tag@0@AEBQEAUEntry@ResourceRegistry@MilesTransport@@@Z (struct std::random_access_iterator_tag __cdecl std::_Iter_cat<struct MilesTransport::ResourceRegistry::Entry *>(struct MilesTransport::ResourceRegistry::Entry * const &))
59F 00000000 SECT12 notype ()    External     | ??$_Debug_range2@PEAUEntry@ResourceRegistry@MilesTransport@@@std@@YAXPEAUEntry@ResourceRegistry@MilesTransport@@0PEB_WIUrandom_access_iterator_tag@0@@Z (void __cdecl std::_Debug_range2<struct MilesTransport::ResourceRegistry::Entry *>(struct MilesTransport::ResourceRegistry::Entry *,struct MilesTransport::ResourceRegistry::Entry *,wchar_t const *,unsigned int,struct std::random_access_iterator_tag))
5A0 00000018 SECT2D notype ()    Static       | ?catch$0@?0???$_Resetp@UFileRecord@SessionFileOwner@MilesFileOwner36@@@?$shared_ptr@UFileRecord@SessionFileOwner@MilesFileOwner36@@@std@@AEAAXPEAUFileRecord@SessionFileOwner@MilesFileOwner36@@@Z@4HA (int `private: void __cdecl std::shared_ptr<struct MilesFileOwner36::SessionFileOwner::FileRecord>::_Resetp<struct MilesFileOwner36::SessionFileOwner::FileRecord>(struct MilesFileOwner36::SessionFileOwner::FileRecord *)'::`1'::catch$0)
5A1 00000000 SECT32 notype ()    Static       | ?catch$0@?0???$_Uninit_def_fill_n@PEAV?$shared_ptr@UFileRecord@SessionFileOwner@MilesFileOwner36@@@std@@_KV?$allocator@V?$shared_ptr@UFileRecord@SessionFileOwner@MilesFileOwner36@@@std@@@2@V12@@std@@YAXPEAV?$shared_ptr@UFileRecord@SessionFileOwner@MilesFileOwner36@@@0@_KAEAU?$_Wrap_alloc@V?$allocator@V?$shared_ptr@UFileRecord@SessionFileOwner@MilesFileOwner36@@@std@@@std@@@0@0U_Nonscalar_ptr_iterator_tag@0@@Z@4HA (int `void __cdecl std::_Uninit_def_fill_n<class std::shared_ptr<struct MilesFileOwner36::SessionFileOwner::FileRecord> *,unsigned __int64,class std::allocator<class std::shared_ptr<struct MilesFileOwner36::SessionFileOwner::FileRecord> >,class std::shared_ptr<struct MilesFileOwner36::SessionFileOwner::FileRecord> >(class catch$0::shared_ptr<struct MilesFileOwner36::SessionFileOwner::FileRecord> *,unsigned __int64,struct catch$0::_Wrap_alloc<class std::allocator<class std::shared_ptr<struct MilesFileOwner36::SessionFileOwner::FileRecord> > > &,class catch$0::shared_ptr<struct MilesFileOwner36::SessionFileOwner::FileRecord> *,struct catch$0::_Nonscalar_ptr_iterator_tag)'::`1'::catch$0)
5A2 00000000 SECT34 notype ()    Static       | ?catch$0@?0???$_Uninit_def_fill_n@PEAV?$unique_ptr@UOperation@SessionFileOwner@MilesFileOwner36@@U?$default_delete@UOperation@SessionFileOwner@MilesFileOwner36@@@std@@@std@@_KV?$allocator@V?$unique_ptr@UOperation@SessionFileOwner@MilesFileOwner36@@U?$default_delete@UOperation@SessionFileOwner@MilesFileOwner36@@@std@@@std@@@2@V12@@std@@YAXPEAV?$unique_ptr@UOperation@SessionFileOwner@MilesFileOwner36@@U?$default_delete@UOperation@SessionFileOwner@MilesFileOwner36@@@std@@@0@_KAEAU?$_Wrap_alloc@V?$allocator@V?$unique_ptr@UOperation@SessionFileOwner@MilesFileOwner36@@U?$default_delete@UOperation@SessionFileOwner@MilesFileOwner36@@@std@@@std@@@std@@@0@0U_Nonscalar_ptr_iterator_tag@0@@Z@4HA (int `void __cdecl std::_Uninit_def_fill_n<class std::unique_ptr<struct MilesFileOwner36::SessionFileOwner::Operation,struct std::default_delete<struct MilesFileOwner36::SessionFileOwner::Operation> > *,unsigned __int64,class std::allocator<class std::unique_ptr<struct MilesFileOwner36::SessionFileOwner::Operation,struct std::default_delete<struct MilesFileOwner36::SessionFileOwner::Operation> > >,class std::unique_ptr<struct MilesFileOwner36::SessionFileOwner::Operation,struct std::default_delete<struct MilesFileOwner36::SessionFileOwner::Operation> > >(class catch$0::unique_ptr<struct MilesFileOwner36::SessionFileOwner::Operation,struct std::default_delete<struct MilesFileOwner36::SessionFileOwner::Operation> > *,unsigned __int64,struct catch$0::_Wrap_alloc<class std::allocator<class std::unique_ptr<struct MilesFileOwner36::SessionFileOwner::Operation,struct std::default_delete<struct MilesFileOwner36::SessionFileOwner::Operation> > > > &,class catch$0::unique_ptr<struct MilesFileOwner36::SessionFileOwner::Operation,struct std::default_delete<struct MilesFileOwner36::SessionFileOwner::Operation> > *,struct catch$0::_Nonscalar_ptr_iterator_tag)'::`1'::catch$0)
5A3 00000000 SECT37 notype ()    Static       | ?catch$0@?0???$_Uninit_move@PEAUEntry@ResourceRegistry@MilesTransport@@PEAU123@V?$allocator@UEntry@ResourceRegistry@MilesTransport@@@std@@U123@@std@@YAPEAUEntry@ResourceRegistry@MilesTransport@@PEAU123@00AEAU?$_Wrap_alloc@V?$allocator@UEntry@ResourceRegistry@MilesTransport@@@std@@@0@0U_Nonscalar_ptr_iterator_tag@0@@Z@4HA (int `struct MilesTransport::ResourceRegistry::Entry * __cdecl std::_Uninit_move<struct MilesTransport::ResourceRegistry::Entry *,struct MilesTransport::ResourceRegistry::Entry *,class std::allocator<struct MilesTransport::ResourceRegistry::Entry>,struct MilesTransport::ResourceRegistry::Entry>(struct ResourceRegistry::Entry::std *,struct ResourceRegistry::Entry::std *,struct ResourceRegistry::Entry::std *,struct catch$0::_Wrap_alloc<class std::allocator<struct MilesTransport::ResourceRegistry::Entry> > &,struct ResourceRegistry::Entry::std *,struct catch$0::_Nonscalar_ptr_iterator_tag)'::`1'::catch$0)
5A4 00000018 SECTA5 notype ()    Static       | ?catch$0@?0???0?$vector@EV?$allocator@E@std@@@std@@QEAA@_K@Z@4HA (int `public: __cdecl std::vector<unsigned char,class std::allocator<unsigned char> >::vector<unsigned char,class std::allocator<unsigned char> >(unsigned __int64)'::`1'::catch$0)
5A5 00000018 SECTA8 notype ()    Static       | ?catch$0@?0???0?$vector@V?$shared_ptr@UFileRecord@SessionFileOwner@MilesFileOwner36@@@std@@V?$allocator@V?$shared_ptr@UFileRecord@SessionFileOwner@MilesFileOwner36@@@std@@@2@@std@@QEAA@_K@Z@4HA (int `public: __cdecl std::vector<class std::shared_ptr<struct MilesFileOwner36::SessionFileOwner::FileRecord>,class std::allocator<class std::shared_ptr<struct MilesFileOwner36::SessionFileOwner::FileRecord> > >::vector<class std::shared_ptr<struct MilesFileOwner36::SessionFileOwner::FileRecord>,class std::allocator<class std::shared_ptr<struct MilesFileOwner36::SessionFileOwner::FileRecord> > >(unsigned __int64)'::`1'::catch$0)
5A6 00000018 SECTAA notype ()    Static       | ?catch$0@?0???0?$vector@V?$unique_ptr@UOperation@SessionFileOwner@MilesFileOwner36@@U?$default_delete@UOperation@SessionFileOwner@MilesFileOwner36@@@std@@@std@@V?$allocator@V?$unique_ptr@UOperation@SessionFileOwner@MilesFileOwner36@@U?$default_delete@UOperation@SessionFileOwner@MilesFileOwner36@@@std@@@std@@@2@@std@@QEAA@_K@Z@4HA (int `public: __cdecl std::vector<class std::unique_ptr<struct MilesFileOwner36::SessionFileOwner::Operation,struct std::default_delete<struct MilesFileOwner36::SessionFileOwner::Operation> >,class std::allocator<class std::unique_ptr<struct MilesFileOwner36::SessionFileOwner::Operation,struct std::default_delete<struct MilesFileOwner36::SessionFileOwner::Operation> > > >::vector<class std::unique_ptr<struct MilesFileOwner36::SessionFileOwner::Operation,struct std::default_delete<struct MilesFileOwner36::SessionFileOwner::Operation> >,class std::allocator<class std::unique_ptr<struct MilesFileOwner36::SessionFileOwner::Operation,struct std::default_delete<struct MilesFileOwner36::SessionFileOwner::Operation> > > >(unsigned __int64)'::`1'::catch$0)
5A7 0000005B SECT123 notype ()    Static      | ?catch$0@?0??_Copy@?$basic_string@DU?$char_traits@D@std@@V?$allocator@D@2@@std@@QEAAX_K0@Z@4HA (int `public: void __cdecl std::basic_string<char,struct std::char_traits<char>,class std::allocator<char> >::_Copy(unsigned __int64,unsigned __int64)'::`1'::catch$0)
5A8 00000000 SECT151 notype ()    Static      | ?catch$0@?0??_Reallocate@?$vector@UEntry@ResourceRegistry@MilesTransport@@V?$allocator@UEntry@ResourceRegistry@MilesTransport@@@std@@@std@@IEAAX_K@Z@4HA (int `protected: void __cdecl std::vector<struct MilesTransport::ResourceRegistry::Entry,class std::allocator<struct MilesTransport::ResourceRegistry::Entry> >::_Reallocate(unsigned __int64)'::`1'::catch$0)
5A9 00000142 SECT5  notype ()    Static       | ?catch$0@?0??receive@SessionFileOwner@MilesFileOwner36@@QEAA?AW4Intake@12@AEBVTrustedAssociation@2@UBytes@MilesTransport@@@Z@4HA (int `public: enum SessionFileOwner::receive::Intake __cdecl MilesFileOwner36::SessionFileOwner::receive(class SessionFileOwner::TrustedAssociation const &,struct MilesTransport::Bytes)'::`1'::catch$0)
5AA 00000000 SECT123 notype ()    Static      | ?catch$1@?0??_Copy@?$basic_string@DU?$char_traits@D@std@@V?$allocator@D@2@@std@@QEAAX_K0@Z@4HA (int `public: void __cdecl std::basic_string<char,struct std::char_traits<char>,class std::allocator<char> >::_Copy(unsigned __int64,unsigned __int64)'::`1'::catch$1)
5AB 000001CA SECT5  notype ()    Static       | ?catch$1@?0??receive@SessionFileOwner@MilesFileOwner36@@QEAA?AW4Intake@12@AEBVTrustedAssociation@2@UBytes@MilesTransport@@@Z@4HA (int `public: enum SessionFileOwner::receive::Intake __cdecl MilesFileOwner36::SessionFileOwner::receive(class SessionFileOwner::TrustedAssociation const &,struct MilesTransport::Bytes)'::`1'::catch$1)
5AC 00000000 SECT2D notype ()    Static       | ?dtor$0@?0???$_Resetp@UFileRecord@SessionFileOwner@MilesFileOwner36@@@?$shared_ptr@UFileRecord@SessionFileOwner@MilesFileOwner36@@@std@@AEAAXPEAUFileRecord@SessionFileOwner@MilesFileOwner36@@@Z@4HA (int `private: void __cdecl std::shared_ptr<struct MilesFileOwner36::SessionFileOwner::FileRecord>::_Resetp<struct MilesFileOwner36::SessionFileOwner::FileRecord>(struct MilesFileOwner36::SessionFileOwner::FileRecord *)'::`1'::dtor$0)
5AD 00000000 SECT45 notype ()    Static       | ?dtor$0@?0???$construct@PEADAEAPEAD@?$allocator@D@std@@QEAAXPEAPEADAEAPEAD@Z@4HA (int `public: void __cdecl std::allocator<char>::construct<char *,char * &>(char * *,char * &)'::`1'::dtor$0)
5AE 00000000 SECT49 notype ()    Static       | ?dtor$0@?0???$construct@UEntry@ResourceRegistry@MilesTransport@@U123@@?$allocator@UEntry@ResourceRegistry@MilesTransport@@@std@@QEAAXPEAUEntry@ResourceRegistry@MilesTransport@@$$QEAU234@@Z@4HA (int `public: void __cdecl std::allocator<struct MilesTransport::ResourceRegistry::Entry>::construct<struct MilesTransport::ResourceRegistry::Entry,struct MilesTransport::ResourceRegistry::Entry>(struct MilesTransport::ResourceRegistry::Entry *,struct ResourceRegistry::Entry::std &&)'::`1'::dtor$0)
5AF 00000000 SECT4D notype ()    Static       | ?dtor$0@?0???$construct@U_Container_proxy@std@@U12@@?$allocator@U_Container_proxy@std@@@std@@QEAAXPEAU_Container_proxy@1@$$QEAU21@@Z@4HA (int `public: void __cdecl std::allocator<struct std::_Container_proxy>::construct<struct std::_Container_proxy,struct std::_Container_proxy>(struct allocator<struct std::_Container_proxy>::_Container_proxy *,struct allocator<struct std::_Container_proxy>::std &&)'::`1'::dtor$0)
5B0 00000000 SECT78 notype ()    Static       | ?dtor$0@?0???0?$_String_alloc@$0A@U?$_String_base_types@DV?$allocator@D@std@@@std@@@std@@QEAA@AEBV?$allocator@D@1@@Z@4HA (int `public: __cdecl std::_String_alloc<0,struct std::_String_base_types<char,class std::allocator<char> > >::_String_alloc<0,struct std::_String_base_types<char,class std::allocator<char> > >(class _String_alloc<0,struct std::_String_base_types<char,class std::allocator<char> > >::allocator<char> const &)'::`1'::dtor$0)
5B1 00000000 SECT7C notype ()    Static       | ?dtor$0@?0???0?$_Vector_alloc@$0A@U?$_Vec_base_types@EV?$allocator@E@std@@@std@@@std@@QEAA@AEBV?$allocator@E@1@@Z@4HA (int `public: __cdecl std::_Vector_alloc<0,struct std::_Vec_base_types<unsigned char,class std::allocator<unsigned char> > >::_Vector_alloc<0,struct std::_Vec_base_types<unsigned char,class std::allocator<unsigned char> > >(class _Vector_alloc<0,struct std::_Vec_base_types<unsigned char,class std::allocator<unsigned char> > >::allocator<unsigned char> const &)'::`1'::dtor$0)
5B2 00000000 SECT7E notype ()    Static       | ?dtor$0@?0???0?$_Vector_alloc@$0A@U?$_Vec_base_types@UEntry@ResourceRegistry@MilesTransport@@V?$allocator@UEntry@ResourceRegistry@MilesTransport@@@std@@@std@@@std@@QEAA@AEBV?$allocator@UEntry@ResourceRegistry@MilesTransport@@@1@@Z@4HA (int `public: __cdecl std::_Vector_alloc<0,struct std::_Vec_base_types<struct MilesTransport::ResourceRegistry::Entry,class std::allocator<struct MilesTransport::ResourceRegistry::Entry> > >::_Vector_alloc<0,struct std::_Vec_base_types<struct MilesTransport::ResourceRegistry::Entry,class std::allocator<struct MilesTransport::ResourceRegistry::Entry> > >(class _Vector_alloc<0,struct std::_Vec_base_types<struct MilesTransport::ResourceRegistry::Entry,class std::allocator<struct MilesTransport::ResourceRegistry::Entry> > >::allocator<struct MilesTransport::ResourceRegistry::Entry> const &)'::`1'::dtor$0)
5B3 00000000 SECT80 notype ()    Static       | ?dtor$0@?0???0?$_Vector_alloc@$0A@U?$_Vec_base_types@V?$shared_ptr@UFileRecord@SessionFileOwner@MilesFileOwner36@@@std@@V?$allocator@V?$shared_ptr@UFileRecord@SessionFileOwner@MilesFileOwner36@@@std@@@2@@std@@@std@@QEAA@AEBV?$allocator@V?$shared_ptr@UFileRecord@SessionFileOwner@MilesFileOwner36@@@std@@@1@@Z@4HA (int `public: __cdecl std::_Vector_alloc<0,struct std::_Vec_base_types<class std::shared_ptr<struct MilesFileOwner36::SessionFileOwner::FileRecord>,class std::allocator<class std::shared_ptr<struct MilesFileOwner36::SessionFileOwner::FileRecord> > > >::_Vector_alloc<0,struct std::_Vec_base_types<class std::shared_ptr<struct MilesFileOwner36::SessionFileOwner::FileRecord>,class std::allocator<class std::shared_ptr<struct MilesFileOwner36::SessionFileOwner::FileRecord> > > >(class _Vector_alloc<0,struct std::_Vec_base_types<class std::shared_ptr<struct MilesFileOwner36::SessionFileOwner::FileRecord>,class std::allocator<class std::shared_ptr<struct MilesFileOwner36::SessionFileOwner::FileRecord> > > >::allocator<class std::shared_ptr<struct MilesFileOwner36::SessionFileOwner::FileRecord> > const &)'::`1'::dtor$0)
5B4 00000000 SECT82 notype ()    Static       | ?dtor$0@?0???0?$_Vector_alloc@$0A@U?$_Vec_base_types@V?$unique_ptr@UOperation@SessionFileOwner@MilesFileOwner36@@U?$default_delete@UOperation@SessionFileOwner@MilesFileOwner36@@@std@@@std@@V?$allocator@V?$unique_ptr@UOperation@SessionFileOwner@MilesFileOwner36@@U?$default_delete@UOperation@SessionFileOwner@MilesFileOwner36@@@std@@@std@@@2@@std@@@std@@QEAA@AEBV?$allocator@V?$unique_ptr@UOperation@SessionFileOwner@MilesFileOwner36@@U?$default_delete@UOperation@SessionFileOwner@MilesFileOwner36@@@std@@@std@@@1@@Z@4HA (int `public: __cdecl std::_Vector_alloc<0,struct std::_Vec_base_types<class std::unique_ptr<struct MilesFileOwner36::SessionFileOwner::Operation,struct std::default_delete<struct MilesFileOwner36::SessionFileOwner::Operation> >,class std::allocator<class std::unique_ptr<struct MilesFileOwner36::SessionFileOwner::Operation,struct std::default_delete<struct MilesFileOwner36::SessionFileOwner::Operation> > > > >::_Vector_alloc<0,struct std::_Vec_base_types<class std::unique_ptr<struct MilesFileOwner36::SessionFileOwner::Operation,struct std::default_delete<struct MilesFileOwner36::SessionFileOwner::Operation> >,class std::allocator<class std::unique_ptr<struct MilesFileOwner36::SessionFileOwner::Operation,struct std::default_delete<struct MilesFileOwner36::SessionFileOwner::Operation> > > > >(class _Vector_alloc<0,struct std::_Vec_base_types<class std::unique_ptr<struct MilesFileOwner36::SessionFileOwner::Operation,struct std::default_delete<struct MilesFileOwner36::SessionFileOwner::Operation> >,class std::allocator<class std::unique_ptr<struct MilesFileOwner36::SessionFileOwner::Operation,struct std::default_delete<struct MilesFileOwner36::SessionFileOwner::Operation> > > > >::allocator<class std::unique_ptr<struct MilesFileOwner36::SessionFileOwner::Operation,struct std::default_delete<struct MilesFileOwner36::SessionFileOwner::Operation> > > const &)'::`1'::dtor$0)
5B5 00000000 SECT96 notype ()    Static       | ?dtor$0@?0???0?$basic_string@DU?$char_traits@D@std@@V?$allocator@D@2@@std@@QEAA@AEBV01@@Z@4HA (int `public: __cdecl std::basic_string<char,struct std::char_traits<char>,class std::allocator<char> >::basic_string<char,struct std::char_traits<char>,class std::allocator<char> >(class basic_string<char,struct std::char_traits<char>,class std::allocator<char> >::dtor$0 const &)'::`1'::dtor$0)
5B6 00000000 SECT98 notype ()    Static       | ?dtor$0@?0???0?$basic_string@DU?$char_traits@D@std@@V?$allocator@D@2@@std@@QEAA@PEBD@Z@4HA (int `public: __cdecl std::basic_string<char,struct std::char_traits<char>,class std::allocator<char> >::basic_string<char,struct std::char_traits<char>,class std::allocator<char> >(char const *)'::`1'::dtor$0)
5B7 00000000 SECTA5 notype ()    Static       | ?dtor$0@?0???0?$vector@EV?$allocator@E@std@@@std@@QEAA@_K@Z@4HA (int `public: __cdecl std::vector<unsigned char,class std::allocator<unsigned char> >::vector<unsigned char,class std::allocator<unsigned char> >(unsigned __int64)'::`1'::dtor$0)
5B8 00000000 SECTA8 notype ()    Static       | ?dtor$0@?0???0?$vector@V?$shared_ptr@UFileRecord@SessionFileOwner@MilesFileOwner36@@@std@@V?$allocator@V?$shared_ptr@UFileRecord@SessionFileOwner@MilesFileOwner36@@@std@@@2@@std@@QEAA@_K@Z@4HA (int `public: __cdecl std::vector<class std::shared_ptr<struct MilesFileOwner36::SessionFileOwner::FileRecord>,class std::allocator<class std::shared_ptr<struct MilesFileOwner36::SessionFileOwner::FileRecord> > >::vector<class std::shared_ptr<struct MilesFileOwner36::SessionFileOwner::FileRecord>,class std::allocator<class std::shared_ptr<struct MilesFileOwner36::SessionFileOwner::FileRecord> > >(unsigned __int64)'::`1'::dtor$0)
5B9 00000000 SECTAA notype ()    Static       | ?dtor$0@?0???0?$vector@V?$unique_ptr@UOperation@SessionFileOwner@MilesFileOwner36@@U?$default_delete@UOperation@SessionFileOwner@MilesFileOwner36@@@std@@@std@@V?$allocator@V?$unique_ptr@UOperation@SessionFileOwner@MilesFileOwner36@@U?$default_delete@UOperation@SessionFileOwner@MilesFileOwner36@@@std@@@std@@@2@@std@@QEAA@_K@Z@4HA (int `public: __cdecl std::vector<class std::unique_ptr<struct MilesFileOwner36::SessionFileOwner::Operation,struct std::default_delete<struct MilesFileOwner36::SessionFileOwner::Operation> >,class std::allocator<class std::unique_ptr<struct MilesFileOwner36::SessionFileOwner::Operation,struct std::default_delete<struct MilesFileOwner36::SessionFileOwner::Operation> > > >::vector<class std::unique_ptr<struct MilesFileOwner36::SessionFileOwner::Operation,struct std::default_delete<struct MilesFileOwner36::SessionFileOwner::Operation> >,class std::allocator<class std::unique_ptr<struct MilesFileOwner36::SessionFileOwner::Operation,struct std::default_delete<struct MilesFileOwner36::SessionFileOwner::Operation> > > >(unsigned __int64)'::`1'::dtor$0)
5BA 00000000 SECTAF notype ()    Static       | ?dtor$0@?0???0Operation@SessionFileOwner@MilesFileOwner36@@QEAA@_KAEBVRequest@MilesFileChannel26@@@Z@4HA (int `public: __cdecl MilesFileOwner36::SessionFileOwner::Operation::Operation(unsigned __int64,class MilesFileChannel26::Request const &)'::`1'::dtor$0)
5BB 00000000 SECTB2 notype ()    Static       | ?dtor$0@?0???0ResourceRegistry@MilesTransport@@QEAA@II@Z@4HA (int `public: __cdecl MilesTransport::ResourceRegistry::ResourceRegistry(unsigned int,unsigned int)'::`1'::dtor$0)
5BC 00000000 SECT5  notype ()    Static       | ?dtor$0@?0???0SessionFileOwner@MilesFileOwner36@@QEAA@AEAVCoordinator@MilesCoordinator@@_K1V?$shared_ptr@UFileSessionContext@MilesFileOwner36@@@std@@11@Z@4HA (int `public: __cdecl MilesFileOwner36::SessionFileOwner::SessionFileOwner(class MilesCoordinator::Coordinator &,unsigned __int64,unsigned __int64,class std::shared_ptr<struct MilesFileOwner36::FileSessionContext>,unsigned __int64,unsigned __int64)'::`1'::dtor$0)
5BD 00000000 SECT14F notype ()    Static      | ?dtor$0@?0??_Orphan_range@?$vector@UEntry@ResourceRegistry@MilesTransport@@V?$allocator@UEntry@ResourceRegistry@MilesTransport@@@std@@@std@@IEBAXPEAUEntry@ResourceRegistry@MilesTransport@@0@Z@4HA (int `protected: void __cdecl std::vector<struct MilesTransport::ResourceRegistry::Entry,class std::allocator<struct MilesTransport::ResourceRegistry::Entry> >::_Orphan_range(struct MilesTransport::ResourceRegistry::Entry *,struct MilesTransport::ResourceRegistry::Entry *)const '::`1'::dtor$0)
5BE 0000023D SECT5  notype ()    Static       | ?dtor$0@?0??acknowledge@SessionFileOwner@MilesFileOwner36@@QEAA_N_K0@Z@4HA (int `public: bool __cdecl MilesFileOwner36::SessionFileOwner::acknowledge(unsigned __int64,unsigned __int64)'::`1'::dtor$0)
5BF 00000221 SECT5  notype ()    Static       | ?dtor$0@?0??poll@SessionFileOwner@MilesFileOwner36@@QEAAXXZ@4HA (int `public: void __cdecl MilesFileOwner36::SessionFileOwner::poll(void)'::`1'::dtor$0)
5C0 0000008B SECT5  notype ()    Static       | ?dtor$0@?0??receive@SessionFileOwner@MilesFileOwner36@@QEAA?AW4Intake@12@AEBVTrustedAssociation@2@UBytes@MilesTransport@@@Z@4HA (int `public: enum SessionFileOwner::receive::Intake __cdecl MilesFileOwner36::SessionFileOwner::receive(class SessionFileOwner::TrustedAssociation const &,struct MilesTransport::Bytes)'::`1'::dtor$0)
5C1 0000001C SECTAF notype ()    Static       | ?dtor$1@?0???0Operation@SessionFileOwner@MilesFileOwner36@@QEAA@_KAEBVRequest@MilesFileChannel26@@@Z@4HA (int `public: __cdecl MilesFileOwner36::SessionFileOwner::Operation::Operation(unsigned __int64,class MilesFileChannel26::Request const &)'::`1'::dtor$1)
5C2 0000001B SECT5  notype ()    Static       | ?dtor$1@?0???0SessionFileOwner@MilesFileOwner36@@QEAA@AEAVCoordinator@MilesCoordinator@@_K1V?$shared_ptr@UFileSessionContext@MilesFileOwner36@@@std@@11@Z@4HA (int `public: __cdecl MilesFileOwner36::SessionFileOwner::SessionFileOwner(class MilesCoordinator::Coordinator &,unsigned __int64,unsigned __int64,class std::shared_ptr<struct MilesFileOwner36::FileSessionContext>,unsigned __int64,unsigned __int64)'::`1'::dtor$1)
5C3 000000A6 SECT5  notype ()    Static       | ?dtor$1@?0??receive@SessionFileOwner@MilesFileOwner36@@QEAA?AW4Intake@12@AEBVTrustedAssociation@2@UBytes@MilesTransport@@@Z@4HA (int `public: enum SessionFileOwner::receive::Intake __cdecl MilesFileOwner36::SessionFileOwner::receive(class SessionFileOwner::TrustedAssociation const &,struct MilesTransport::Bytes)'::`1'::dtor$1)
5C4 0000003B SECTAF notype ()    Static       | ?dtor$2@?0???0Operation@SessionFileOwner@MilesFileOwner36@@QEAA@_KAEBVRequest@MilesFileChannel26@@@Z@4HA (int `public: __cdecl MilesFileOwner36::SessionFileOwner::Operation::Operation(unsigned __int64,class MilesFileChannel26::Request const &)'::`1'::dtor$2)
5C5 00000037 SECT5  notype ()    Static       | ?dtor$2@?0???0SessionFileOwner@MilesFileOwner36@@QEAA@AEAVCoordinator@MilesCoordinator@@_K1V?$shared_ptr@UFileSessionContext@MilesFileOwner36@@@std@@11@Z@4HA (int `public: __cdecl MilesFileOwner36::SessionFileOwner::SessionFileOwner(class MilesCoordinator::Coordinator &,unsigned __int64,unsigned __int64,class std::shared_ptr<struct MilesFileOwner36::FileSessionContext>,unsigned __int64,unsigned __int64)'::`1'::dtor$2)
5C6 000000BE SECT5  notype ()    Static       | ?dtor$2@?0??receive@SessionFileOwner@MilesFileOwner36@@QEAA?AW4Intake@12@AEBVTrustedAssociation@2@UBytes@MilesTransport@@@Z@4HA (int `public: enum SessionFileOwner::receive::Intake __cdecl MilesFileOwner36::SessionFileOwner::receive(class SessionFileOwner::TrustedAssociation const &,struct MilesTransport::Bytes)'::`1'::dtor$2)
5C7 00000053 SECT5  notype ()    Static       | ?dtor$3@?0???0SessionFileOwner@MilesFileOwner36@@QEAA@AEAVCoordinator@MilesCoordinator@@_K1V?$shared_ptr@UFileSessionContext@MilesFileOwner36@@@std@@11@Z@4HA (int `public: __cdecl MilesFileOwner36::SessionFileOwner::SessionFileOwner(class MilesCoordinator::Coordinator &,unsigned __int64,unsigned __int64,class std::shared_ptr<struct MilesFileOwner36::FileSessionContext>,unsigned __int64,unsigned __int64)'::`1'::dtor$3)
5C8 000000D9 SECT5  notype ()    Static       | ?dtor$3@?0??receive@SessionFileOwner@MilesFileOwner36@@QEAA?AW4Intake@12@AEBVTrustedAssociation@2@UBytes@MilesTransport@@@Z@4HA (int `public: enum SessionFileOwner::receive::Intake __cdecl MilesFileOwner36::SessionFileOwner::receive(class SessionFileOwner::TrustedAssociation const &,struct MilesTransport::Bytes)'::`1'::dtor$3)
5C9 0000006F SECT5  notype ()    Static       | ?dtor$4@?0???0SessionFileOwner@MilesFileOwner36@@QEAA@AEAVCoordinator@MilesCoordinator@@_K1V?$shared_ptr@UFileSessionContext@MilesFileOwner36@@@std@@11@Z@4HA (int `public: __cdecl MilesFileOwner36::SessionFileOwner::SessionFileOwner(class MilesCoordinator::Coordinator &,unsigned __int64,unsigned __int64,class std::shared_ptr<struct MilesFileOwner36::FileSessionContext>,unsigned __int64,unsigned __int64)'::`1'::dtor$4)
5CA 000000F1 SECT5  notype ()    Static       | ?dtor$4@?0??receive@SessionFileOwner@MilesFileOwner36@@QEAA?AW4Intake@12@AEBVTrustedAssociation@2@UBytes@MilesTransport@@@Z@4HA (int `public: enum SessionFileOwner::receive::Intake __cdecl MilesFileOwner36::SessionFileOwner::receive(class SessionFileOwner::TrustedAssociation const &,struct MilesTransport::Bytes)'::`1'::dtor$4)
5CB 0000010C SECT5  notype ()    Static       | ?dtor$5@?0??receive@SessionFileOwner@MilesFileOwner36@@QEAA?AW4Intake@12@AEBVTrustedAssociation@2@UBytes@MilesTransport@@@Z@4HA (int `public: enum SessionFileOwner::receive::Intake __cdecl MilesFileOwner36::SessionFileOwner::receive(class SessionFileOwner::TrustedAssociation const &,struct MilesTransport::Bytes)'::`1'::dtor$5)
5CC 00000127 SECT5  notype ()    Static       | ?dtor$6@?0??receive@SessionFileOwner@MilesFileOwner36@@QEAA?AW4Intake@12@AEBVTrustedAssociation@2@UBytes@MilesTransport@@@Z@4HA (int `public: enum SessionFileOwner::receive::Intake __cdecl MilesFileOwner36::SessionFileOwner::receive(class SessionFileOwner::TrustedAssociation const &,struct MilesTransport::Bytes)'::`1'::dtor$6)
5CD 00000000 UNDEF  notype ()    External     | _CxxThrowException
5CE 00000000 UNDEF  notype ()    External     | __CxxFrameHandler3
5CF 00000000 UNDEF  notype ()    External     | __GSHandlerCheck
5D0 00000000 UNDEF  notype ()    External     | __GSHandlerCheck_EH
5D1 00000000 UNDEF  notype ()    External     | __security_check_cookie
5D2 00000000 SECT1D2 notype       Label       | $LN3
5D3 00000000 SECT19E notype       Label       | $LN5
5D4 00000000 SECT183 notype       Label       | $LN5
5D5 00000000 SECT1B6 notype       Label       | $LN5
5D6 00000000 SECTDA notype       Label        | $LN3
5D7 00000000 SECT143 notype       Label       | $LN5
5D8 00000000 SECT14D notype       Label       | $LN8
5D9 00000000 SECT132 notype       Label       | $LN3
5DA 00000000 SECTC0 notype       Label        | $LN4
5DB 00000000 SECTE1 notype       Label        | $LN3
5DC 00000000 SECTBF notype       Label        | $LN4
5DD 00000000 SECT108 notype       Label       | $LN4
5DE 00000000 SECT1C4 notype       Label       | $LN3
5DF 00000000 SECT18A notype       Label       | $LN3
5E0 00000000 SECT170 notype       Label       | $LN3
5E1 00000000 SECT1A9 notype       Label       | $LN3
5E2 00000000 SECT1C5 notype       Label       | $LN3
5E3 00000000 SECT1C3 notype       Label       | $LN3
5E4 00000000 SECT88 notype       Label        | $LN3
5E5 00000000 SECT87 notype       Label        | $LN3
5E6 00000000 SECT16A notype       Label       | $LN3
5E7 00000000 SECT184 notype       Label       | $LN3
5E8 00000000 SECT19F notype       Label       | $LN3
5E9 00000000 SECT79 notype       Label        | $LN4
5EA 00000000 SECT14B notype       Label       | $LN5
5EB 00000000 SECT14C notype       Label       | $LN5
5EC 00000000 SECTC3 notype       Label        | $LN3
5ED 00000000 SECT77 notype       Label        | $LN4
5EE 00000000 SECTC2 notype       Label        | $LN3
5EF 00000000 SECT117 notype       Label       | $LN3
5F0 00000000 SECT133 notype       Label       | $LN3
5F1 00000000 SECT13E notype       Label       | $LN3
5F2 00000000 SECT95 notype       Label        | $LN4
5F3 00000000 SECT97 notype       Label        | $LN4
5F4 00000000 SECTCC notype       Label        | $LN3
5F5 00000000 SECT176 notype       Label       | $LN8
5F6 00000000 SECT178 notype       Label       | $LN6
5F7 00000000 SECT177 notype       Label       | $LN3
5F8 00000000 SECT196 notype       Label       | $LN4
5F9 00000000 SECT195 notype       Label       | $LN7
5FA 00000000 SECT1AE notype       Label       | $LN5
5FB 00000142 SECT122 notype       Label       | $LN19
5FC 000001E7 SECT122 notype       Label       | $LN20
5FD 0000000D SECT123 notype ()    Static      | __catch$?_Copy@?$basic_string@DU?$char_traits@D@std@@V?$allocator@D@2@@std@@QEAAX_K0@Z$0
5FE 0000004D SECT123 notype       Label       | $LN17
5FF 00000068 SECT123 notype ()    Static      | __catch$?_Copy@?$basic_string@DU?$char_traits@D@std@@V?$allocator@D@2@@std@@QEAAX_K0@Z$1
600 00000000 SECT122 notype       Label       | $LN23
601 00000000 SECT131 notype       Label       | $LN3
602 00000000 SECT145 notype       Label       | $LN13
603 00000000 SECT149 notype       Label       | $LN6
604 00000000 SECT15E notype       Label       | $LN7
605 00000000 SECT164 notype       Label       | $LN3
606 00000000 SECT169 notype       Label       | $LN3
607 00000000 SECTBE notype       Label        | $LN4
608 00000000 SECTE0 notype       Label        | $LN3
609 00000000 SECTBD notype       Label        | $LN4
60A 00000000 SECT107 notype       Label       | $LN4
60B 00000000 SECT19D notype       Label       | $LN5
60C 00000000 SECT18C notype       Label       | $LN3
60D 00000000 SECT172 notype       Label       | $LN3
60E 00000000 SECT1AB notype       Label       | $LN3
60F 00000000 SECT8A notype       Label        | $LN3
610 00000000 SECT16C notype       Label       | $LN3
611 00000000 SECT186 notype       Label       | $LN3
612 00000000 SECT1A1 notype       Label       | $LN3
613 00000000 SECT84 notype       Label        | $LN4
614 00000000 SECTC9 notype       Label        | $LN3
615 00000000 SECT7D notype       Label        | $LN4
616 00000000 SECTC5 notype       Label        | $LN3
617 00000000 SECT119 notype       Label       | $LN3
618 00000000 SECT135 notype       Label       | $LN3
619 00000000 SECT140 notype       Label       | $LN3
61A 00000000 SECTA6 notype       Label        | $LN4
61B 00000000 SECT1BB notype       Label       | $LN7
61C 00000000 SECTD3 notype       Label        | $LN3
61D 00000000 SECT1B0 notype       Label       | $LN3
61E 00000000 SECTEC notype       Label        | $LN6
61F 00000000 SECTEB notype       Label        | $LN6
620 00000000 SECT12D notype       Label       | $LN3
621 00000000 SECT146 notype       Label       | $LN6
622 00000000 SECT14A notype       Label       | $LN5
623 0000005C SECT150 notype       Label       | $LN8
624 00000130 SECT150 notype       Label       | $LN9
625 0000000D SECT151 notype ()    Static      | __catch$?_Reallocate@?$vector@UEntry@ResourceRegistry@MilesTransport@@V?$allocator@UEntry@ResourceRegistry@MilesTransport@@@std@@@std@@IEAAX_K@Z$0
626 00000000 SECT150 notype       Label       | $LN11
627 00000000 SECT152 notype       Label       | $LN5
628 00000000 SECT160 notype       Label       | $LN4
629 00000000 SECT166 notype       Label       | $LN3
62A 00000000 SECT14E notype       Label       | $LN10
62B 00000000 SECT192 notype       Label       | $LN8
62C 00000000 SECT19C notype       Label       | $LN11
62D 00000000 SECT1C2 notype       Label       | $LN5
62E 00000084 SECTB1 notype       Label        | $LN6
62F 00000000 SECTB1 notype       Label        | $LN7
630 00000000 SECT19B notype       Label       | $LN4
631 00000000 SECT1BF notype       Label       | $LN11
632 00000000 SECT17A notype       Label       | $LN5
633 00000000 SECT1C0 notype       Label       | $LN16
634 00000000 SECTD9 notype       Label        | $LN3
635 00000000 SECTB8 notype       Label        | $LN3
636 00000000 SECT128 notype       Label       | $LN4
637 00000000 SECT129 notype       Label       | $LN4
638 00000000 SECT104 notype       Label       | $LN4
639 00000000 SECT10 notype       Label        | $LN4
63A 00000000 SECT191 notype       Label       | $LN3
63B 00000000 SECT194 notype       Label       | $LN3
63C 00000000 SECT193 notype       Label       | $LN5
63D 00000000 SECTE8 notype       Label        | $LN5
63E 00000000 SECT106 notype       Label       | $LN4
63F 00000000 SECTE9 notype       Label        | $LN5
640 00000000 SECTB5 notype       Label        | $LN4
641 00000000 SECT1B3 notype       Label       | $LN7
642 00000000 SECTDB notype       Label        | $LN3
643 00000000 SECT102 notype       Label       | $LN4
644 00000000 SECTB7 notype       Label        | $LN4
645 00000000 SECT1B4 notype       Label       | $LN7
646 00000000 SECTDC notype       Label        | $LN3
647 00000000 SECT103 notype       Label       | $LN4
648 00000000 SECTB9 notype       Label        | $LN4
649 00000000 SECT1B5 notype       Label       | $LN7
64A 00000000 SECT190 notype       Label       | $LN5
64B 00000000 SECTDE notype       Label        | $LN3
64C 00000000 SECT105 notype       Label       | $LN4
64D 00000000 SECTD8 notype       Label        | $LN3
64E 00000000 SECTB0 notype       Label        | $LN4
64F 00000000 SECTF1 notype       Label        | $LN5
650 00000000 SECT18B notype       Label       | $LN3
651 00000000 SECT171 notype       Label       | $LN3
652 00000000 SECT1AA notype       Label       | $LN3
653 00000000 SECT89 notype       Label        | $LN3
654 00000000 SECT16B notype       Label       | $LN3
655 00000000 SECT185 notype       Label       | $LN3
656 00000000 SECT1A0 notype       Label       | $LN3
657 00000000 SECT83 notype       Label        | $LN4
658 00000000 SECTC8 notype       Label        | $LN3
659 00000000 SECT7B notype       Label        | $LN4
65A 00000000 SECTC4 notype       Label        | $LN3
65B 00000000 SECT118 notype       Label       | $LN3
65C 00000000 SECT134 notype       Label       | $LN3
65D 00000000 SECT13F notype       Label       | $LN3
65E 00000086 SECTA4 notype       Label        | $LN9
65F 00000090 SECTA4 notype       Label        | $LN10
660 00000025 SECTA5 notype ()    Static       | __catch$??0?$vector@EV?$allocator@E@std@@@std@@QEAA@_K@Z$0
661 00000000 SECTA4 notype       Label        | $LN12
662 00000000 SECTD2 notype       Label        | $LN3
663 00000000 SECT1AF notype       Label       | $LN3
664 00000000 SECTEA notype       Label        | $LN6
665 00000000 SECT11E notype       Label       | $LN7
666 00000000 SECT12C notype       Label       | $LN3
667 00000000 SECT15F notype       Label       | $LN4
668 00000000 SECT165 notype       Label       | $LN3
669 00000000 SECT6F notype       Label        | $LN3
66A 00000000 SECT11C notype       Label       | $LN4
66B 00000000 SECT15B notype       Label       | $LN3
66C 00000000 SECT124 notype       Label       | $LN4
66D 00000000 SECT157 notype       Label       | $LN4
66E 00000000 SECT153 notype       Label       | $LN4
66F 00000000 SECT9C notype       Label        | $LN3
670 00000000 SECT9B notype       Label        | $LN3
671 00000000 SECT9A notype       Label        | $LN3
672 00000000 SECTE4 notype       Label        | $LN3
673 00000000 SECTCD notype       Label        | $LN3
674 00000000 SECT1CC notype       Label       | $LN3
675 00000000 SECT15A notype       Label       | $LN4
676 00000000 SECT156 notype       Label       | $LN4
677 00000000 SECTF5 notype       Label        | $LN5
678 00000220 SECT4  notype       Label        | $LN11
679 00000000 SECT4  notype       Label        | $LN12
67A 00000230 SECT4  notype       Label        | $LN7
67B 00000E19 SECT4  notype       Label        | __tryend$?receive@SessionFileOwner@MilesFileOwner36@@QEAA?AW4Intake@12@AEBVTrustedAssociation@2@UBytes@MilesTransport@@@Z$1
67C 00000E1B SECT4  notype       Label        | $LN62
67D 00000F62 SECT4  notype       Label        | __tryend$?receive@SessionFileOwner@MilesFileOwner36@@QEAA?AW4Intake@12@AEBVTrustedAssociation@2@UBytes@MilesTransport@@@Z$3
67E 00000F64 SECT4  notype       Label        | $LN64
67F 0000014F SECT5  notype ()    Static       | __catch$?receive@SessionFileOwner@MilesFileOwner36@@QEAA?AW4Intake@12@AEBVTrustedAssociation@2@UBytes@MilesTransport@@@Z$0
680 000001D7 SECT5  notype ()    Static       | __catch$?receive@SessionFileOwner@MilesFileOwner36@@QEAA?AW4Intake@12@AEBVTrustedAssociation@2@UBytes@MilesTransport@@@Z$2
681 00000290 SECT4  notype       Label        | $LN87
682 00000FC0 SECT4  notype       Label        | $LN23
683 00001440 SECT4  notype       Label        | $LN5
684 00001510 SECT4  notype       Label        | $LN18
685 00001780 SECT4  notype       Label        | $LN7
686 000018C0 SECT4  notype       Label        | $LN7
687 00000000 SECT126 notype       Label       | $LN4
688 00000000 SECT159 notype       Label       | $LN4
689 00000000 SECT155 notype       Label       | $LN4
68A 00000000 SECT9F notype       Label        | $LN3
68B 00000000 SECTCF notype       Label        | $LN3
68C 00000000 SECTF8 notype       Label        | $LN3
68D 00000000 SECTF3 notype       Label        | $LN5
68E 00000000 SECT18E notype       Label       | $LN3
68F 00000000 SECT174 notype       Label       | $LN3
690 00000000 SECT181 notype       Label       | $LN5
691 00000000 SECT1AC notype       Label       | $LN3
692 00000000 SECT8C notype       Label        | $LN3
693 00000000 SECT16E notype       Label       | $LN3
694 00000000 SECT188 notype       Label       | $LN3
695 00000000 SECT17F notype       Label       | $LN3
696 00000000 SECT1A2 notype       Label       | $LN3
697 00000000 SECT85 notype       Label        | $LN4
698 00000000 SECTCA notype       Label        | $LN3
699 00000000 SECT7F notype       Label        | $LN4
69A 00000000 SECTC6 notype       Label        | $LN3
69B 00000000 SECT11A notype       Label       | $LN3
69C 00000000 SECT136 notype       Label       | $LN3
69D 00000000 SECT141 notype       Label       | $LN3
69E 00000087 SECTA7 notype       Label        | $LN9
69F 00000091 SECTA7 notype       Label        | $LN10
6A0 00000025 SECTA8 notype ()    Static       | __catch$??0?$vector@V?$shared_ptr@UFileRecord@SessionFileOwner@MilesFileOwner36@@@std@@V?$allocator@V?$shared_ptr@UFileRecord@SessionFileOwner@MilesFileOwner36@@@std@@@2@@std@@QEAA@_K@Z$0
6A1 00000000 SECTA7 notype       Label        | $LN12
6A2 00000000 SECTD4 notype       Label        | $LN3
6A3 00000000 SECT1B1 notype       Label       | $LN3
6A4 00000000 SECTEE notype       Label        | $LN6
6A5 00000000 SECTED notype       Label        | $LN6
6A6 00000000 SECT11F notype       Label       | $LN7
6A7 00000000 SECT12E notype       Label       | $LN3
6A8 00000000 SECT161 notype       Label       | $LN4
6A9 00000000 SECT167 notype       Label       | $LN3
6AA 00000000 SECT18F notype       Label       | $LN3
6AB 00000000 SECT175 notype       Label       | $LN3
6AC 00000000 SECT182 notype       Label       | $LN5
6AD 00000000 SECT1AD notype       Label       | $LN3
6AE 00000000 SECT8D notype       Label        | $LN3
6AF 00000000 SECT16F notype       Label       | $LN3
6B0 00000000 SECT189 notype       Label       | $LN3
6B1 00000000 SECT180 notype       Label       | $LN3
6B2 00000000 SECT1A3 notype       Label       | $LN3
6B3 00000000 SECT86 notype       Label        | $LN4
6B4 00000000 SECTCB notype       Label        | $LN3
6B5 00000000 SECT81 notype       Label        | $LN4
6B6 00000000 SECTC7 notype       Label        | $LN3
6B7 00000000 SECT11B notype       Label       | $LN3
6B8 00000000 SECT137 notype       Label       | $LN3
6B9 00000000 SECT142 notype       Label       | $LN3
6BA 0000008A SECTA9 notype       Label        | $LN9
6BB 00000094 SECTA9 notype       Label        | $LN10
6BC 00000025 SECTAA notype ()    Static       | __catch$??0?$vector@V?$unique_ptr@UOperation@SessionFileOwner@MilesFileOwner36@@U?$default_delete@UOperation@SessionFileOwner@MilesFileOwner36@@@std@@@std@@V?$allocator@V?$unique_ptr@UOperation@SessionFileOwner@MilesFileOwner36@@U?$default_delete@UOperation@SessionFileOwner@MilesFileOwner36@@@std@@@std@@@2@@std@@QEAA@_K@Z$0
6BD 00000000 SECTA9 notype       Label        | $LN12
6BE 00000000 SECTD5 notype       Label        | $LN3
6BF 00000000 SECT1B2 notype       Label       | $LN3
6C0 00000000 SECTF0 notype       Label        | $LN6
6C1 00000000 SECTEF notype       Label        | $LN6
6C2 00000000 SECT120 notype       Label       | $LN7
6C3 00000000 SECT12F notype       Label       | $LN3
6C4 00000000 SECT162 notype       Label       | $LN4
6C5 00000000 SECT168 notype       Label       | $LN3
6C6 00001950 SECT4  notype       Label        | $LN3
6C7 00001980 SECT4  notype       Label        | $LN7
6C8 00001A30 SECT4  notype       Label        | $LN7
6C9 00000000 SECTAD notype       Label        | $LN3
6CA 00000000 SECTD6 notype       Label        | $LN4
6CB 00000000 SECT100 notype       Label       | $LN4
6CC 00000000 SECT15C notype       Label       | $LN3
6CD 00000000 SECT125 notype       Label       | $LN4
6CE 00000000 SECT158 notype       Label       | $LN4
6CF 00000000 SECT154 notype       Label       | $LN4
6D0 00000000 SECT9E notype       Label        | $LN3
6D1 00000000 SECT9D notype       Label        | $LN3
6D2 00000000 SECTCE notype       Label        | $LN3
6D3 00000000 SECTE5 notype       Label        | $LN3
6D4 00000000 SECT1BD notype       Label       | $LN3
6D5 00000000 SECT1CD notype       Label       | $LN3
6D6 00000000 SECT198 notype       Label       | $LN3
6D7 00000000 SECTF7 notype       Label        | $LN3
6D8 00000000 SECTF2 notype       Label        | $LN5
6D9 00000000 SECTFE notype       Label        | $LN4
6DA 00000000 SECT73 notype       Label        | $LN3
6DB 00000000 SECT11D notype       Label       | $LN4
6DC 00000000 SECT15D notype       Label       | $LN3
6DD 00000000 SECT127 notype       Label       | $LN4
6DE 00000000 SECTA1 notype       Label        | $LN3
6DF 00000000 SECTA0 notype       Label        | $LN3
6E0 00000000 SECTE6 notype       Label        | $LN3
6E1 00000000 SECTD0 notype       Label        | $LN3
6E2 00000000 SECT1CE notype       Label       | $LN3
6E3 00000000 SECTF9 notype       Label        | $LN3
6E4 00000000 SECTF4 notype       Label        | $LN5
6E5 00000000 SECTAE notype       Label        | $LN9
6E6 00000000 SECTD7 notype       Label        | $LN3
6E7 00000000 SECT101 notype       Label       | $LN4
6E8 00000000 SECT9  notype       Label        | $LN5
6E9 00000000 SECTFC notype       Label        | $LN5
6EA 00000000 SECT7A notype       Label        | $LN3
6EB 00000000 SECTA3 notype       Label        | $LN3
6EC 00000000 SECTA2 notype       Label        | $LN3
6ED 00000000 SECTE7 notype       Label        | $LN4
6EE 00000000 SECTD1 notype       Label        | $LN4
6EF 00000000 SECTFA notype       Label        | $LN3
6F0 00000000 SECTF6 notype       Label        | $LN5
6F1 00000000 SECT1BC notype       Label       | $LN3
6F2 00000000 SECT1BE notype       Label       | $LN4
6F3 00000000 SECTFF notype       Label        | $LN4
6F4 00000000 SECT7  notype       Label        | $LN3
6F5 00000000 SECT6  notype       Label        | $LN3
6F6 00000000 SECT8  notype       Label        | $LN3
6F7 00000000 SECT47 notype       Label        | $LN3
6F8 00000000 SECT38 notype       Label        | $LN3
6F9 00000000 SECT26 notype       Label        | $LN3
6FA 00000000 SECT29 notype       Label        | $LN3
6FB 00000000 SECT39 notype       Label        | $LN3
6FC 00000000 SECT3A notype       Label        | $LN3
6FD 00000000 SECT28 notype       Label        | $LN3
6FE 00000000 SECT1BA notype       Label       | $LN3
6FF 00000000 SECT43 notype       Label        | $LN3
700 00000000 SECT51 notype       Label        | $LN3
701 00000000 SECT18D notype       Label       | $LN3
702 00000000 SECT173 notype       Label       | $LN3
703 00000000 SECT4C notype       Label        | $LN6
704 00000000 SECT8B notype       Label        | $LN3
705 00000000 SECT16D notype       Label       | $LN3
706 00000000 SECT187 notype       Label       | $LN3
707 00000000 SECT57 notype       Label        | $LN3
708 00000000 SECT16 notype       Label        | $LN3
709 00000000 SECT2E notype       Label        | $LN3
70A 00000000 SECT4B notype       Label        | $LN3
70B 00000000 SECT14 notype       Label        | $LN3
70C 00000000 SECT6D notype       Label        | $LN3
70D 00000000 SECT6E notype       Label        | $LN3
70E 00000000 SECT18 notype       Label        | $LN3
70F 00000000 SECT1A notype       Label        | $LN3
710 00000000 SECT6B notype       Label        | $LN3
711 00000000 SECT6C notype       Label        | $LN3
712 00000000 SECTB  notype       Label        | $LN7
713 00000000 SECTE  notype       Label        | $LN7
714 00000000 SECTF  notype       Label        | $LN7
715 00000000 SECTD  notype       Label        | $LN7
716 00000000 SECTC  notype       Label        | $LN7
717 00000000 SECTA  notype       Label        | $LN7
718 0000008B SECT2C notype       Label        | $LN12
719 00000090 SECT2C notype       Label        | $LN13
71A 00000025 SECT2D notype ()    Static       | __catch$??$_Resetp@UFileRecord@SessionFileOwner@MilesFileOwner36@@@?$shared_ptr@UFileRecord@SessionFileOwner@MilesFileOwner36@@@std@@AEAAXPEAUFileRecord@SessionFileOwner@MilesFileOwner36@@@Z$0
71B 00000000 SECT2C notype       Label        | $LN15
71C 00000000 SECT27 notype       Label        | $LN3
71D 00000000 SECT2A notype       Label        | $LN3
71E 00000000 SECT4A notype       Label        | $LN3
71F 00000000 SECT21 notype       Label        | $LN3
720 00000000 SECT30 notype       Label        | $LN3
721 00000000 SECT23 notype       Label        | $LN3
722 00000063 SECT31 notype       Label        | $LN13
723 00000068 SECT31 notype       Label        | $LN14
724 0000000D SECT32 notype ()    Static       | __catch$??$_Uninit_def_fill_n@PEAV?$shared_ptr@UFileRecord@SessionFileOwner@MilesFileOwner36@@@std@@_KV?$allocator@V?$shared_ptr@UFileRecord@SessionFileOwner@MilesFileOwner36@@@std@@@2@V12@@std@@YAXPEAV?$shared_ptr@UFileRecord@SessionFileOwner@MilesFileOwner36@@@0@_KAEAU?$_Wrap_alloc@V?$allocator@V?$shared_ptr@UFileRecord@SessionFileOwner@MilesFileOwner36@@@std@@@std@@@0@0U_Nonscalar_ptr_iterator_tag@0@@Z$0
725 00000000 SECT31 notype       Label        | $LN16
726 00000000 SECT24 notype       Label        | $LN3
727 00000063 SECT33 notype       Label        | $LN13
728 00000068 SECT33 notype       Label        | $LN14
729 0000000D SECT34 notype ()    Static       | __catch$??$_Uninit_def_fill_n@PEAV?$unique_ptr@UOperation@SessionFileOwner@MilesFileOwner36@@U?$default_delete@UOperation@SessionFileOwner@MilesFileOwner36@@@std@@@std@@_KV?$allocator@V?$unique_ptr@UOperation@SessionFileOwner@MilesFileOwner36@@U?$default_delete@UOperation@SessionFileOwner@MilesFileOwner36@@@std@@@std@@@2@V12@@std@@YAXPEAV?$unique_ptr@UOperation@SessionFileOwner@MilesFileOwner36@@U?$default_delete@UOperation@SessionFileOwner@MilesFileOwner36@@@std@@@0@_KAEAU?$_Wrap_alloc@V?$allocator@V?$unique_ptr@UOperation@SessionFileOwner@MilesFileOwner36@@U?$default_delete@UOperation@SessionFileOwner@MilesFileOwner36@@@std@@@std@@@std@@@0@0U_Nonscalar_ptr_iterator_tag@0@@Z$0
72A 00000000 SECT33 notype       Label        | $LN16
72B 00000000 SECT46 notype       Label        | $LN3
72C 00000000 SECT53 notype       Label        | $LN3
72D 00000000 SECT59 notype       Label        | $LN3
72E 00000000 SECT22 notype       Label        | $LN3
72F 00000000 SECT17 notype       Label        | $LN6
730 00000000 SECT3B notype       Label        | $LN3
731 00000000 SECT4E notype       Label        | $LN3
732 00000000 SECT19 notype       Label        | $LN6
733 00000000 SECT1B notype       Label        | $LN6
734 00000000 SECT76 notype       Label        | $LN4
735 00000000 SECT12B notype       Label       | $LN5
736 00000000 SECT12A notype       Label       | $LN5
737 00000000 SECTC1 notype       Label        | $LN3
738 00000000 SECTFD notype       Label        | $LN4
739 00000000 SECT2B notype       Label        | $LN3
73A 00000000 SECT48 notype       Label        | $LN6
73B 00000000 SECT5A notype       Label        | $LN3
73C 00000000 SECT5D notype       Label        | $LN3
73D 00000000 SECT44 notype       Label        | $LN6
73E 00000000 SECT54 notype       Label        | $LN3
73F 00000000 SECT35 notype       Label        | $LN3
740 00000000 SECT4F notype       Label        | $LN3
741 00000000 SECT50 notype       Label        | $LN3
742 00000000 SECT5C notype       Label        | $LN3
743 00000000 SECT5F notype       Label        | $LN3
744 00000000 SECT56 notype       Label        | $LN3
745 000000A0 SECT36 notype       Label        | $LN13
746 000000AA SECT36 notype       Label        | $LN14
747 0000000D SECT37 notype ()    Static       | __catch$??$_Uninit_move@PEAUEntry@ResourceRegistry@MilesTransport@@PEAU123@V?$allocator@UEntry@ResourceRegistry@MilesTransport@@@std@@U123@@std@@YAPEAUEntry@ResourceRegistry@MilesTransport@@PEAU123@00AEAU?$_Wrap_alloc@V?$allocator@UEntry@ResourceRegistry@MilesTransport@@@std@@@0@0U_Nonscalar_ptr_iterator_tag@0@@Z$0
748 00000000 SECT36 notype       Label        | $LN16
749 00000000 SECT5B notype       Label        | $LN3
74A 00000000 SECT5E notype       Label        | $LN3
74B 00000000 SECT13 notype       Label        | $LN3
74C 00000000 SECT11 notype       Label        | $LN4
74D 00000000 SECT1C notype       Label        | $LN3
74E 00000000 SECT12 notype       Label        | $LN5
74F 00000000 SECT1D3 notype       Static      | .xdata
    Section length    8, #relocs    0, #linenums    0, checksum 432F41C4, selection    5 (pick associative Section 0x1D2)
751 00000000 SECT1D3 notype       Static      | $unwind$hypot
752 00000000 SECT1D4 notype       Static      | .pdata
    Section length    C, #relocs    3, #linenums    0, checksum 3F196BD1, selection    5 (pick associative Section 0x1D2)
754 00000000 SECT1D4 notype       Static      | $pdata$hypot
755 00000000 SECT1D5 notype       Static      | .xdata
    Section length    8, #relocs    0, #linenums    0, checksum A435C62C, selection    5 (pick associative Section 0x19E)
757 00000000 SECT1D5 notype       Static      | $unwind$?length@?$char_traits@D@std@@SA_KPEBD@Z
758 00000000 SECT1D6 notype       Static      | .pdata
    Section length    C, #relocs    3, #linenums    0, checksum 9A824856, selection    5 (pick associative Section 0x19E)
75A 00000000 SECT1D6 notype       Static      | $pdata$?length@?$char_traits@D@std@@SA_KPEBD@Z
75B 00000000 SECT1D7 notype       Static      | .xdata
    Section length    8, #relocs    0, #linenums    0, checksum 583FB257, selection    5 (pick associative Section 0x183)
75D 00000000 SECT1D7 notype       Static      | $unwind$?copy@?$char_traits@D@std@@SAPEADPEADPEBD_K@Z
75E 00000000 SECT1D8 notype       Static      | .pdata
    Section length    C, #relocs    3, #linenums    0, checksum B85DDE25, selection    5 (pick associative Section 0x183)
760 00000000 SECT1D8 notype       Static      | $pdata$?copy@?$char_traits@D@std@@SAPEADPEADPEBD_K@Z
761 00000000 SECT1D9 notype       Static      | .xdata
    Section length    8, #relocs    0, #linenums    0, checksum 583FB257, selection    5 (pick associative Section 0x1B6)
763 00000000 SECT1D9 notype       Static      | $unwind$?move@?$char_traits@D@std@@SAPEADPEADPEBD_K@Z
764 00000000 SECT1DA notype       Static      | .pdata
    Section length    C, #relocs    3, #linenums    0, checksum B85DDE25, selection    5 (pick associative Section 0x1B6)
766 00000000 SECT1DA notype       Static      | $pdata$?move@?$char_traits@D@std@@SAPEADPEADPEBD_K@Z
767 00000000 SECT1DB notype       Static      | .xdata
    Section length    8, #relocs    0, #linenums    0, checksum BA48AFD3, selection    5 (pick associative Section 0x113)
769 00000000 SECT1DB notype       Static      | $unwind$??__Epiecewise_construct@std@@YAXXZ
76A 00000000 SECT1DC notype       Static      | .pdata
    Section length    C, #relocs    3, #linenums    0, checksum 2B142464, selection    5 (pick associative Section 0x113)
76C 00000000 SECT1DC notype       Static      | $pdata$??__Epiecewise_construct@std@@YAXXZ
76D 00000000 SECT1DD notype       Static      | .xdata
    Section length    8, #relocs    0, #linenums    0, checksum 9C7880CC, selection    5 (pick associative Section 0xDA)
76F 00000000 SECT1DD notype       Static      | $unwind$??1_Container_base12@std@@QEAA@XZ
770 00000000 SECT1DE notype       Static      | .pdata
    Section length    C, #relocs    3, #linenums    0, checksum AF5E2A9E, selection    5 (pick associative Section 0xDA)
772 00000000 SECT1DE notype       Static      | $pdata$??1_Container_base12@std@@QEAA@XZ
773 00000000 SECT1DF notype       Static      | .xdata
    Section length    8, #relocs    0, #linenums    0, checksum D4AF4BEC, selection    5 (pick associative Section 0x143)
775 00000000 SECT1DF notype       Static      | $unwind$?_Getpfirst@_Container_base12@std@@QEBAPEAPEAU_Iterator_base12@2@XZ
776 00000000 SECT1E0 notype       Static      | .pdata
    Section length    C, #relocs    3, #linenums    0, checksum 8F085A64, selection    5 (pick associative Section 0x143)
778 00000000 SECT1E0 notype       Static      | $pdata$?_Getpfirst@_Container_base12@std@@QEBAPEAPEAU_Iterator_base12@2@XZ
779 00000000 SECT1E1 notype       Static      | .xdata
    Section length    8, #relocs    0, #linenums    0, checksum A435C62C, selection    5 (pick associative Section 0x14D)
77B 00000000 SECT1E1 notype       Static      | $unwind$?_Orphan_all@_Container_base12@std@@QEAAXXZ
77C 00000000 SECT1E2 notype       Static      | .pdata
    Section length    C, #relocs    3, #linenums    0, checksum 1BDB8BBE, selection    5 (pick associative Section 0x14D)
77E 00000000 SECT1E2 notype       Static      | $pdata$?_Orphan_all@_Container_base12@std@@QEAAXXZ
77F 00000000 SECT1E3 notype       Static      | .xdata
    Section length    8, #relocs    0, #linenums    0, checksum 6072F4B7, selection    5 (pick associative Section 0x132)
781 00000000 SECT1E3 notype       Static      | $unwind$?_Fill_n@std@@YAPEAEPEAE_KE@Z
782 00000000 SECT1E4 notype       Static      | .pdata
    Section length    C, #relocs    3, #linenums    0, checksum 9047414F, selection    5 (pick associative Section 0x132)
784 00000000 SECT1E4 notype       Static      | $pdata$?_Fill_n@std@@YAPEAEPEAE_KE@Z
785 00000000 SECT1E5 notype       Static      | .xdata
    Section length    8, #relocs    0, #linenums    0, checksum BA48AFD3, selection    5 (pick associative Section 0x111)
787 00000000 SECT1E5 notype       Static      | $unwind$??__Eallocator_arg@std@@YAXXZ
788 00000000 SECT1E6 notype       Static      | .pdata
    Section length    C, #relocs    3, #linenums    0, checksum 2B142464, selection    5 (pick associative Section 0x111)
78A 00000000 SECT1E6 notype       Static      | $pdata$??__Eallocator_arg@std@@YAXXZ
78B 00000000 SECT1E7 notype       Static      | .xdata
    Section length    8, #relocs    0, #linenums    0, checksum C40886FB, selection    5 (pick associative Section 0xC0)
78D 00000000 SECT1E7 notype       Static      | $unwind$??0logic_error@std@@QEAA@PEBD@Z
78E 00000000 SECT1E8 notype       Static      | .pdata
    Section length    C, #relocs    3, #linenums    0, checksum 43A25AFA, selection    5 (pick associative Section 0xC0)
790 00000000 SECT1E8 notype       Static      | $pdata$??0logic_error@std@@QEAA@PEBD@Z
791 00000000 SECT1E9 notype       Static      | .xdata
    Section length    8, #relocs    0, #linenums    0, checksum 9C7880CC, selection    5 (pick associative Section 0xE1)
793 00000000 SECT1E9 notype       Static      | $unwind$??1logic_error@std@@UEAA@XZ
794 00000000 SECT1EA notype       Static      | .pdata
    Section length    C, #relocs    3, #linenums    0, checksum AF5E2A9E, selection    5 (pick associative Section 0xE1)
796 00000000 SECT1EA notype       Static      | $pdata$??1logic_error@std@@UEAA@XZ
797 00000000 SECT1EB notype       Static      | .xdata
    Section length    8, #relocs    0, #linenums    0, checksum C40886FB, selection    5 (pick associative Section 0xBF)
799 00000000 SECT1EB notype       Static      | $unwind$??0logic_error@std@@QEAA@AEBV01@@Z
79A 00000000 SECT1EC notype       Static      | .pdata
    Section length    C, #relocs    3, #linenums    0, checksum 43A25AFA, selection    5 (pick associative Section 0xBF)
79C 00000000 SECT1EC notype       Static      | $pdata$??0logic_error@std@@QEAA@AEBV01@@Z
79D 00000000 SECT1ED notype       Static      | .xdata
    Section length    8, #relocs    0, #linenums    0, checksum E7553388, selection    5 (pick associative Section 0x108)
79F 00000000 SECT1ED notype       Static      | $unwind$??_Glogic_error@std@@UEAAPEAXI@Z
7A0 00000000 SECT1EE notype       Static      | .pdata
    Section length    C, #relocs    3, #linenums    0, checksum 43A25AFA, selection    5 (pick associative Section 0x108)
7A2 00000000 SECT1EE notype       Static      | $pdata$??_Glogic_error@std@@UEAAPEAXI@Z
7A3 00000000 SECT1EF notype       Static      | .xdata
    Section length    8, #relocs    0, #linenums    0, checksum C40886FB, selection    5 (pick associative Section 0x1C4)
7A5 00000000 SECT1EF notype       Static      | $unwind$?select_on_container_copy_construction@?$allocator@D@std@@QEBA?AV12@XZ
7A6 00000000 SECT1F0 notype       Static      | .pdata
    Section length    C, #relocs    3, #linenums    0, checksum F3B36B4F, selection    5 (pick associative Section 0x1C4)
7A8 00000000 SECT1F0 notype       Static      | $pdata$?select_on_container_copy_construction@?$allocator@D@std@@QEBA?AV12@XZ
7A9 00000000 SECT1F1 notype       Static      | .xdata
    Section length    8, #relocs    0, #linenums    0, checksum 6072F4B7, selection    5 (pick associative Section 0x18A)
7AB 00000000 SECT1F1 notype       Static      | $unwind$?deallocate@?$allocator@D@std@@QEAAXPEAD_K@Z
7AC 00000000 SECT1F2 notype       Static      | .pdata
    Section length    C, #relocs    3, #linenums    0, checksum BB53652B, selection    5 (pick associative Section 0x18A)
7AE 00000000 SECT1F2 notype       Static      | $pdata$?deallocate@?$allocator@D@std@@QEAAXPEAD_K@Z
7AF 00000000 SECT1F3 notype       Static      | .xdata
    Section length    8, #relocs    0, #linenums    0, checksum C40886FB, selection    5 (pick associative Section 0x170)
7B1 00000000 SECT1F3 notype       Static      | $unwind$?allocate@?$allocator@D@std@@QEAAPEAD_K@Z
7B2 00000000 SECT1F4 notype       Static      | .pdata
    Section length    C, #relocs    3, #linenums    0, checksum A59B2387, selection    5 (pick associative Section 0x170)
7B4 00000000 SECT1F4 notype       Static      | $pdata$?allocate@?$allocator@D@std@@QEAAPEAD_K@Z
7B5 00000000 SECT1F5 notype       Static      | .xdata
    Section length    8, #relocs    0, #linenums    0, checksum 9C7880CC, selection    5 (pick associative Section 0x1A9)
7B7 00000000 SECT1F5 notype       Static      | $unwind$?max_size@?$allocator_traits@V?$allocator@D@std@@@std@@SA_KAEBV?$allocator@D@2@@Z
7B8 00000000 SECT1F6 notype       Static      | .pdata
    Section length    C, #relocs    3, #linenums    0, checksum AF5E2A9E, selection    5 (pick associative Section 0x1A9)
7BA 00000000 SECT1F6 notype       Static      | $pdata$?max_size@?$allocator_traits@V?$allocator@D@std@@@std@@SA_KAEBV?$allocator@D@2@@Z
7BB 00000000 SECT1F7 notype       Static      | .xdata
    Section length    8, #relocs    0, #linenums    0, checksum C40886FB, selection    5 (pick associative Section 0x1C5)
7BD 00000000 SECT1F7 notype       Static      | $unwind$?select_on_container_copy_construction@?$allocator_traits@V?$allocator@D@std@@@std@@SA?AV?$allocator@D@2@AEBV32@@Z
7BE 00000000 SECT1F8 notype       Static      | .pdata
    Section length    C, #relocs    3, #linenums    0, checksum F3B36B4F, selection    5 (pick associative Section 0x1C5)
7C0 00000000 SECT1F8 notype       Static      | $pdata$?select_on_container_copy_construction@?$allocator_traits@V?$allocator@D@std@@@std@@SA?AV?$allocator@D@2@AEBV32@@Z
7C1 00000000 SECT1F9 notype       Static      | .xdata
    Section length    8, #relocs    0, #linenums    0, checksum FC45C01B, selection    5 (pick associative Section 0x1C3)
7C3 00000000 SECT1F9 notype       Static      | $unwind$?select_on_container_copy_construction@?$_Wrap_alloc@V?$allocator@D@std@@@std@@QEBA?AU12@XZ
7C4 00000000 SECT1FA notype       Static      | .pdata
    Section length    C, #relocs    3, #linenums    0, checksum  1875D87, selection    5 (pick associative Section 0x1C3)
7C6 00000000 SECT1FA notype       Static      | $pdata$?select_on_container_copy_construction@?$_Wrap_alloc@V?$allocator@D@std@@@std@@QEBA?AU12@XZ
7C7 00000000 SECT1FB notype       Static      | .xdata
    Section length    8, #relocs    0, #linenums    0, checksum 9C7880CC, selection    5 (pick associative Section 0x88)
7C9 00000000 SECT1FB notype       Static      | $unwind$??0?$_Wrap_alloc@V?$allocator@D@std@@@std@@QEAA@XZ
7CA 00000000 SECT1FC notype       Static      | .pdata
    Section length    C, #relocs    3, #linenums    0, checksum E7BE24FA, selection    5 (pick associative Section 0x88)
7CC 00000000 SECT1FC notype       Static      | $pdata$??0?$_Wrap_alloc@V?$allocator@D@std@@@std@@QEAA@XZ
7CD 00000000 SECT1FD notype       Static      | .xdata
    Section length    8, #relocs    0, #linenums    0, checksum C40886FB, selection    5 (pick associative Section 0x87)
7CF 00000000 SECT1FD notype       Static      | $unwind$??0?$_Wrap_alloc@V?$allocator@D@std@@@std@@QEAA@AEBV?$allocator@D@1@@Z
7D0 00000000 SECT1FE notype       Static      | .pdata
    Section length    C, #relocs    3, #linenums    0, checksum F3B36B4F, selection    5 (pick associative Section 0x87)
7D2 00000000 SECT1FE notype       Static      | $pdata$??0?$_Wrap_alloc@V?$allocator@D@std@@@std@@QEAA@AEBV?$allocator@D@1@@Z
7D3 00000000 SECT1FF notype       Static      | .xdata
    Section length    8, #relocs    0, #linenums    0, checksum C40886FB, selection    5 (pick associative Section 0x16A)
7D5 00000000 SECT1FF notype       Static      | $unwind$?allocate@?$_Wrap_alloc@V?$allocator@D@std@@@std@@QEAAPEAD_K@Z
7D6 00000000 SECT200 notype       Static      | .pdata
    Section length    C, #relocs    3, #linenums    0, checksum BB53652B, selection    5 (pick associative Section 0x16A)
7D8 00000000 SECT200 notype       Static      | $pdata$?allocate@?$_Wrap_alloc@V?$allocator@D@std@@@std@@QEAAPEAD_K@Z
7D9 00000000 SECT201 notype       Static      | .xdata
    Section length    8, #relocs    0, #linenums    0, checksum 6072F4B7, selection    5 (pick associative Section 0x184)
7DB 00000000 SECT201 notype       Static      | $unwind$?deallocate@?$_Wrap_alloc@V?$allocator@D@std@@@std@@QEAAXPEAD_K@Z
7DC 00000000 SECT202 notype       Static      | .pdata
    Section length    C, #relocs    3, #linenums    0, checksum AED97719, selection    5 (pick associative Section 0x184)
7DE 00000000 SECT202 notype       Static      | $pdata$?deallocate@?$_Wrap_alloc@V?$allocator@D@std@@@std@@QEAAXPEAD_K@Z
7DF 00000000 SECT203 notype       Static      | .xdata
    Section length    8, #relocs    0, #linenums    0, checksum 9C7880CC, selection    5 (pick associative Section 0x19F)
7E1 00000000 SECT203 notype       Static      | $unwind$?max_size@?$_Wrap_alloc@V?$allocator@D@std@@@std@@QEBA_KXZ
7E2 00000000 SECT204 notype       Static      | .pdata
    Section length    C, #relocs    3, #linenums    0, checksum AF5E2A9E, selection    5 (pick associative Section 0x19F)
7E4 00000000 SECT204 notype       Static      | $pdata$?max_size@?$_Wrap_alloc@V?$allocator@D@std@@@std@@QEBA_KXZ
7E5 00000000 SECT205 notype       Static      | .xdata
    Section length    8, #relocs    0, #linenums    0, checksum 9C7880CC, selection    5 (pick associative Section 0x79)
7E7 00000000 SECT205 notype       Static      | $unwind$??0?$_String_val@U?$_Simple_types@D@std@@@std@@QEAA@XZ
7E8 00000000 SECT206 notype       Static      | .pdata
    Section length    C, #relocs    3, #linenums    0, checksum 8F085A64, selection    5 (pick associative Section 0x79)
7EA 00000000 SECT206 notype       Static      | $pdata$??0?$_String_val@U?$_Simple_types@D@std@@@std@@QEAA@XZ
7EB 00000000 SECT207 notype       Static      | .xdata
    Section length    8, #relocs    0, #linenums    0, checksum A435C62C, selection    5 (pick associative Section 0x14B)
7ED 00000000 SECT207 notype       Static      | $unwind$?_Myptr@?$_String_val@U?$_Simple_types@D@std@@@std@@QEAAPEADXZ
7EE 00000000 SECT208 notype       Static      | .pdata
    Section length    C, #relocs    3, #linenums    0, checksum 6BB8C590, selection    5 (pick associative Section 0x14B)
7F0 00000000 SECT208 notype       Static      | $pdata$?_Myptr@?$_String_val@U?$_Simple_types@D@std@@@std@@QEAAPEADXZ
7F1 00000000 SECT209 notype       Static      | .xdata
    Section length    8, #relocs    0, #linenums    0, checksum A435C62C, selection    5 (pick associative Section 0x14C)
7F3 00000000 SECT209 notype       Static      | $unwind$?_Myptr@?$_String_val@U?$_Simple_types@D@std@@@std@@QEBAPEBDXZ
7F4 00000000 SECT20A notype       Static      | .pdata
    Section length    C, #relocs    3, #linenums    0, checksum 6BB8C590, selection    5 (pick associative Section 0x14C)
7F6 00000000 SECT20A notype       Static      | $pdata$?_Myptr@?$_String_val@U?$_Simple_types@D@std@@@std@@QEBAPEBDXZ
7F7 00000000 SECT20B notype       Static      | .xdata
    Section length    8, #relocs    0, #linenums    0, checksum 9C7880CC, selection    5 (pick associative Section 0xC3)
7F9 00000000 SECT20B notype       Static      | $unwind$??1?$_String_val@U?$_Simple_types@D@std@@@std@@QEAA@XZ
7FA 00000000 SECT20C notype       Static      | .pdata
    Section length    C, #relocs    3, #linenums    0, checksum AF5E2A9E, selection    5 (pick associative Section 0xC3)
7FC 00000000 SECT20C notype       Static      | $pdata$??1?$_String_val@U?$_Simple_types@D@std@@@std@@QEAA@XZ
7FD 00000000 SECT20D notype       Static      | .xdata
    Section length   10, #relocs    2, #linenums    0, checksum EBAA22CB, selection    5 (pick associative Section 0x77)
7FF 00000000 SECT20D notype       Static      | $unwind$??0?$_String_alloc@$0A@U?$_String_base_types@DV?$allocator@D@std@@@std@@@std@@QEAA@AEBV?$allocator@D@1@@Z
800 00000000 SECT20E notype       Static      | .pdata
    Section length    C, #relocs    3, #linenums    0, checksum 8F085A64, selection    5 (pick associative Section 0x77)
802 00000000 SECT20E notype       Static      | $pdata$??0?$_String_alloc@$0A@U?$_String_base_types@DV?$allocator@D@std@@@std@@@std@@QEAA@AEBV?$allocator@D@1@@Z
803 00000000 SECT20F notype       Static      | .rdata
    Section length   28, #relocs    2, #linenums    0, checksum E93FB885, selection    5 (pick associative Section 0x77)
805 00000000 SECT20F notype       Static      | $cppxdata$??0?$_String_alloc@$0A@U?$_String_base_types@DV?$allocator@D@std@@@std@@@std@@QEAA@AEBV?$allocator@D@1@@Z
806 00000000 SECT210 notype       Static      | .xdata
    Section length    8, #relocs    1, #linenums    0, checksum 9ADD2096, selection    5 (pick associative Section 0x77)
808 00000000 SECT210 notype       Static      | $stateUnwindMap$??0?$_String_alloc@$0A@U?$_String_base_types@DV?$allocator@D@std@@@std@@@std@@QEAA@AEBV?$allocator@D@1@@Z
809 00000000 SECT211 notype       Static      | .xdata
    Section length   18, #relocs    3, #linenums    0, checksum DC7D6D08, selection    5 (pick associative Section 0x77)
80B 00000000 SECT211 notype       Static      | $ip2state$??0?$_String_alloc@$0A@U?$_String_base_types@DV?$allocator@D@std@@@std@@@std@@QEAA@AEBV?$allocator@D@1@@Z
80C 00000000 SECT212 notype       Static      | .xdata
    Section length    8, #relocs    0, #linenums    0, checksum B96BC9FB, selection    5 (pick associative Section 0x77)
80E 00000000 SECT212 notype       Static      | $unwind$?dtor$0@?0???0?$_String_alloc@$0A@U?$_String_base_types@DV?$allocator@D@std@@@std@@@std@@QEAA@AEBV?$allocator@D@1@@Z@4HA
80F 00000000 SECT213 notype       Static      | .pdata
    Section length    C, #relocs    3, #linenums    0, checksum AF5E2A9E, selection    5 (pick associative Section 0x77)
811 00000000 SECT213 notype       Static      | $pdata$?dtor$0@?0???0?$_String_alloc@$0A@U?$_String_base_types@DV?$allocator@D@std@@@std@@@std@@QEAA@AEBV?$allocator@D@1@@Z@4HA
812 00000000 SECT214 notype       Static      | .xdata
    Section length    8, #relocs    0, #linenums    0, checksum 9C7880CC, selection    5 (pick associative Section 0xC2)
814 00000000 SECT214 notype       Static      | $unwind$??1?$_String_alloc@$0A@U?$_String_base_types@DV?$allocator@D@std@@@std@@@std@@QEAA@XZ
815 00000000 SECT215 notype       Static      | .pdata
    Section length    C, #relocs    3, #linenums    0, checksum BB53652B, selection    5 (pick associative Section 0xC2)
817 00000000 SECT215 notype       Static      | $pdata$??1?$_String_alloc@$0A@U?$_String_base_types@DV?$allocator@D@std@@@std@@@std@@QEAA@XZ
818 00000000 SECT216 notype       Static      | .xdata
    Section length    8, #relocs    0, #linenums    0, checksum  DD7168C, selection    5 (pick associative Section 0x117)
81A 00000000 SECT216 notype       Static      | $unwind$?_Alloc_proxy@?$_String_alloc@$0A@U?$_String_base_types@DV?$allocator@D@std@@@std@@@std@@QEAAXXZ
81B 00000000 SECT217 notype       Static      | .pdata
    Section length    C, #relocs    3, #linenums    0, checksum 40ACE1F4, selection    5 (pick associative Section 0x117)
81D 00000000 SECT217 notype       Static      | $pdata$?_Alloc_proxy@?$_String_alloc@$0A@U?$_String_base_types@DV?$allocator@D@std@@@std@@@std@@QEAAXXZ
81E 00000000 SECT218 notype       Static      | .xdata
    Section length    8, #relocs    0, #linenums    0, checksum A435C62C, selection    5 (pick associative Section 0x133)
820 00000000 SECT218 notype       Static      | $unwind$?_Free_proxy@?$_String_alloc@$0A@U?$_String_base_types@DV?$allocator@D@std@@@std@@@std@@QEAAXXZ
821 00000000 SECT219 notype       Static      | .pdata
    Section length    C, #relocs    3, #linenums    0, checksum 86C3E873, selection    5 (pick associative Section 0x133)
823 00000000 SECT219 notype       Static      | $pdata$?_Free_proxy@?$_String_alloc@$0A@U?$_String_base_types@DV?$allocator@D@std@@@std@@@std@@QEAAXXZ
824 00000000 SECT21A notype       Static      | .xdata
    Section length    8, #relocs    0, #linenums    0, checksum C40886FB, selection    5 (pick associative Section 0x13E)
826 00000000 SECT21A notype       Static      | $unwind$?_Getal@?$_String_alloc@$0A@U?$_String_base_types@DV?$allocator@D@std@@@std@@@std@@QEBA?AU?$_Wrap_alloc@V?$allocator@D@std@@@2@XZ
827 00000000 SECT21B notype       Static      | .pdata
    Section length    C, #relocs    3, #linenums    0, checksum BB53652B, selection    5 (pick associative Section 0x13E)
829 00000000 SECT21B notype       Static      | $pdata$?_Getal@?$_String_alloc@$0A@U?$_String_base_types@DV?$allocator@D@std@@@std@@@std@@QEBA?AU?$_Wrap_alloc@V?$allocator@D@std@@@2@XZ
82A 00000000 SECT21C notype       Static      | .xdata
    Section length   10, #relocs    2, #linenums    0, checksum EBAA22CB, selection    5 (pick associative Section 0x95)
82C 00000000 SECT21C notype       Static      | $unwind$??0?$basic_string@DU?$char_traits@D@std@@V?$allocator@D@2@@std@@QEAA@AEBV01@@Z
82D 00000000 SECT21D notype       Static      | .pdata
    Section length    C, #relocs    3, #linenums    0, checksum 281A9F6A, selection    5 (pick associative Section 0x95)
82F 00000000 SECT21D notype       Static      | $pdata$??0?$basic_string@DU?$char_traits@D@std@@V?$allocator@D@2@@std@@QEAA@AEBV01@@Z
830 00000000 SECT21E notype       Static      | .rdata
    Section length   28, #relocs    2, #linenums    0, checksum EF33CE7B, selection    5 (pick associative Section 0x95)
832 00000000 SECT21E notype       Static      | $cppxdata$??0?$basic_string@DU?$char_traits@D@std@@V?$allocator@D@2@@std@@QEAA@AEBV01@@Z
833 00000000 SECT21F notype       Static      | .xdata
    Section length    8, #relocs    1, #linenums    0, checksum 9ADD2096, selection    5 (pick associative Section 0x95)
835 00000000 SECT21F notype       Static      | $stateUnwindMap$??0?$basic_string@DU?$char_traits@D@std@@V?$allocator@D@2@@std@@QEAA@AEBV01@@Z
836 00000000 SECT220 notype       Static      | .xdata
    Section length   18, #relocs    3, #linenums    0, checksum EFAC9F89, selection    5 (pick associative Section 0x95)
838 00000000 SECT220 notype       Static      | $ip2state$??0?$basic_string@DU?$char_traits@D@std@@V?$allocator@D@2@@std@@QEAA@AEBV01@@Z
839 00000000 SECT221 notype       Static      | .xdata
    Section length    8, #relocs    0, #linenums    0, checksum B96BC9FB, selection    5 (pick associative Section 0x95)
83B 00000000 SECT221 notype       Static      | $unwind$?dtor$0@?0???0?$basic_string@DU?$char_traits@D@std@@V?$allocator@D@2@@std@@QEAA@AEBV01@@Z@4HA
83C 00000000 SECT222 notype       Static      | .pdata
    Section length    C, #relocs    3, #linenums    0, checksum AF5E2A9E, selection    5 (pick associative Section 0x95)
83E 00000000 SECT222 notype       Static      | $pdata$?dtor$0@?0???0?$basic_string@DU?$char_traits@D@std@@V?$allocator@D@2@@std@@QEAA@AEBV01@@Z@4HA
83F 00000000 SECT223 notype       Static      | .xdata
    Section length   10, #relocs    2, #linenums    0, checksum EBAA22CB, selection    5 (pick associative Section 0x97)
841 00000000 SECT223 notype       Static      | $unwind$??0?$basic_string@DU?$char_traits@D@std@@V?$allocator@D@2@@std@@QEAA@PEBD@Z
842 00000000 SECT224 notype       Static      | .pdata
    Section length    C, #relocs    3, #linenums    0, checksum 86C3E873, selection    5 (pick associative Section 0x97)
844 00000000 SECT224 notype       Static      | $pdata$??0?$basic_string@DU?$char_traits@D@std@@V?$allocator@D@2@@std@@QEAA@PEBD@Z
845 00000000 SECT225 notype       Static      | .rdata
    Section length   28, #relocs    2, #linenums    0, checksum EF33CE7B, selection    5 (pick associative Section 0x97)
847 00000000 SECT225 notype       Static      | $cppxdata$??0?$basic_string@DU?$char_traits@D@std@@V?$allocator@D@2@@std@@QEAA@PEBD@Z
848 00000000 SECT226 notype       Static      | .xdata
    Section length    8, #relocs    1, #linenums    0, checksum 9ADD2096, selection    5 (pick associative Section 0x97)
84A 00000000 SECT226 notype       Static      | $stateUnwindMap$??0?$basic_string@DU?$char_traits@D@std@@V?$allocator@D@2@@std@@QEAA@PEBD@Z
84B 00000000 SECT227 notype       Static      | .xdata
    Section length   18, #relocs    3, #linenums    0, checksum 8B538809, selection    5 (pick associative Section 0x97)
84D 00000000 SECT227 notype       Static      | $ip2state$??0?$basic_string@DU?$char_traits@D@std@@V?$allocator@D@2@@std@@QEAA@PEBD@Z
84E 00000000 SECT228 notype       Static      | .xdata
    Section length    8, #relocs    0, #linenums    0, checksum B96BC9FB, selection    5 (pick associative Section 0x97)
850 00000000 SECT228 notype       Static      | $unwind$?dtor$0@?0???0?$basic_string@DU?$char_traits@D@std@@V?$allocator@D@2@@std@@QEAA@PEBD@Z@4HA
851 00000000 SECT229 notype       Static      | .pdata
    Section length    C, #relocs    3, #linenums    0, checksum AF5E2A9E, selection    5 (pick associative Section 0x97)
853 00000000 SECT229 notype       Static      | $pdata$?dtor$0@?0???0?$basic_string@DU?$char_traits@D@std@@V?$allocator@D@2@@std@@QEAA@PEBD@Z@4HA
854 00000000 SECT22A notype       Static      | .xdata
    Section length    8, #relocs    0, #linenums    0, checksum 9C7880CC, selection    5 (pick associative Section 0xCC)
856 00000000 SECT22A notype       Static      | $unwind$??1?$basic_string@DU?$char_traits@D@std@@V?$allocator@D@2@@std@@QEAA@XZ
857 00000000 SECT22B notype       Static      | .pdata
    Section length    C, #relocs    3, #linenums    0, checksum F3B36B4F, selection    5 (pick associative Section 0xCC)
859 00000000 SECT22B notype       Static      | $pdata$??1?$basic_string@DU?$char_traits@D@std@@V?$allocator@D@2@@std@@QEAA@XZ
85A 00000000 SECT22C notype       Static      | .xdata
    Section length    8, #relocs    0, #linenums    0, checksum 8D3961AC, selection    5 (pick associative Section 0x176)
85C 00000000 SECT22C notype       Static      | $unwind$?assign@?$basic_string@DU?$char_traits@D@std@@V?$allocator@D@2@@std@@QEAAAEAV12@AEBV12@_K1@Z
85D 00000000 SECT22D notype       Static      | .pdata
    Section length    C, #relocs    3, #linenums    0, checksum EAE10678, selection    5 (pick associative Section 0x176)
85F 00000000 SECT22D notype       Static      | $pdata$?assign@?$basic_string@DU?$char_traits@D@std@@V?$allocator@D@2@@std@@QEAAAEAV12@AEBV12@_K1@Z
860 00000000 SECT22E notype       Static      | .xdata
    Section length    8, #relocs    0, #linenums    0, checksum 6072F4B7, selection    5 (pick associative Section 0x178)
862 00000000 SECT22E notype       Static      | $unwind$?assign@?$basic_string@DU?$char_traits@D@std@@V?$allocator@D@2@@std@@QEAAAEAV12@PEBD_K@Z
863 00000000 SECT22F notype       Static      | .pdata
    Section length    C, #relocs    3, #linenums    0, checksum FEEC49CD, selection    5 (pick associative Section 0x178)
865 00000000 SECT22F notype       Static      | $pdata$?assign@?$basic_string@DU?$char_traits@D@std@@V?$allocator@D@2@@std@@QEAAAEAV12@PEBD_K@Z
866 00000000 SECT230 notype       Static      | .xdata
    Section length    8, #relocs    0, #linenums    0, checksum C40886FB, selection    5 (pick associative Section 0x177)
868 00000000 SECT230 notype       Static      | $unwind$?assign@?$basic_string@DU?$char_traits@D@std@@V?$allocator@D@2@@std@@QEAAAEAV12@PEBD@Z
869 00000000 SECT231 notype       Static      | .pdata
    Section length    C, #relocs    3, #linenums    0, checksum EFF2CB6A, selection    5 (pick associative Section 0x177)
86B 00000000 SECT231 notype       Static      | $pdata$?assign@?$basic_string@DU?$char_traits@D@std@@V?$allocator@D@2@@std@@QEAAAEAV12@PEBD@Z
86C 00000000 SECT232 notype       Static      | .xdata
    Section length    8, #relocs    0, #linenums    0, checksum C40886FB, selection    5 (pick associative Section 0x196)
86E 00000000 SECT232 notype       Static      | $unwind$?erase@?$basic_string@DU?$char_traits@D@std@@V?$allocator@D@2@@std@@QEAAAEAV12@_K@Z
86F 00000000 SECT233 notype       Static      | .pdata
    Section length    C, #relocs    3, #linenums    0, checksum E537C273, selection    5 (pick associative Section 0x196)
871 00000000 SECT233 notype       Static      | $pdata$?erase@?$basic_string@DU?$char_traits@D@std@@V?$allocator@D@2@@std@@QEAAAEAV12@_K@Z
872 00000000 SECT234 notype       Static      | .xdata
    Section length    8, #relocs    0, #linenums    0, checksum 583FB257, selection    5 (pick associative Section 0x195)
874 00000000 SECT234 notype       Static      | $unwind$?erase@?$basic_string@DU?$char_traits@D@std@@V?$allocator@D@2@@std@@QEAAAEAV12@_K0@Z
875 00000000 SECT235 notype       Static      | .pdata
    Section length    C, #relocs    3, #linenums    0, checksum CAB77682, selection    5 (pick associative Section 0x195)
877 00000000 SECT235 notype       Static      | $pdata$?erase@?$basic_string@DU?$char_traits@D@std@@V?$allocator@D@2@@std@@QEAAAEAV12@_K0@Z
878 00000000 SECT236 notype       Static      | .xdata
    Section length    8, #relocs    0, #linenums    0, checksum  DD7168C, selection    5 (pick associative Section 0x1AE)
87A 00000000 SECT236 notype       Static      | $unwind$?max_size@?$basic_string@DU?$char_traits@D@std@@V?$allocator@D@2@@std@@QEBA_KXZ
87B 00000000 SECT237 notype       Static      | .pdata
    Section length    C, #relocs    3, #linenums    0, checksum F0BDD041, selection    5 (pick associative Section 0x1AE)
87D 00000000 SECT237 notype       Static      | $pdata$?max_size@?$basic_string@DU?$char_traits@D@std@@V?$allocator@D@2@@std@@QEBA_KXZ
87E 00000000 SECT238 notype       Static      | .xdata
    Section length   10, #relocs    2, #linenums    0, checksum 201FD535, selection    5 (pick associative Section 0x122)
880 00000000 SECT238 notype       Static      | $unwind$?_Copy@?$basic_string@DU?$char_traits@D@std@@V?$allocator@D@2@@std@@QEAAX_K0@Z
881 00000000 SECT239 notype       Static      | .pdata
    Section length    C, #relocs    3, #linenums    0, checksum 2F6227CC, selection    5 (pick associative Section 0x122)
883 00000000 SECT239 notype       Static      | $pdata$?_Copy@?$basic_string@DU?$char_traits@D@std@@V?$allocator@D@2@@std@@QEAAX_K0@Z
884 00000000 SECT23A notype       Static      | .rdata
    Section length   28, #relocs    3, #linenums    0, checksum 83B37945, selection    5 (pick associative Section 0x122)
886 00000000 SECT23A notype       Static      | $cppxdata$?_Copy@?$basic_string@DU?$char_traits@D@std@@V?$allocator@D@2@@std@@QEAAX_K0@Z
887 00000000 SECT23B notype       Static      | .xdata
    Section length   20, #relocs    0, #linenums    0, checksum D8090E82, selection    5 (pick associative Section 0x122)
889 00000000 SECT23B notype       Static      | $stateUnwindMap$?_Copy@?$basic_string@DU?$char_traits@D@std@@V?$allocator@D@2@@std@@QEAAX_K0@Z
88A 00000000 SECT23C notype       Static      | .xdata
    Section length   28, #relocs    2, #linenums    0, checksum 3EF07423, selection    5 (pick associative Section 0x122)
88C 00000000 SECT23C notype       Static      | $tryMap$?_Copy@?$basic_string@DU?$char_traits@D@std@@V?$allocator@D@2@@std@@QEAAX_K0@Z
88D 00000000 SECT23D notype       Static      | .xdata
    Section length   14, #relocs    1, #linenums    0, checksum   677058, selection    5 (pick associative Section 0x122)
88F 00000000 SECT23D notype       Static      | $handlerMap$0$?_Copy@?$basic_string@DU?$char_traits@D@std@@V?$allocator@D@2@@std@@QEAAX_K0@Z
890 00000000 SECT23E notype       Static      | .xdata
    Section length   14, #relocs    1, #linenums    0, checksum   677058, selection    5 (pick associative Section 0x122)
892 00000000 SECT23E notype       Static      | $handlerMap$1$?_Copy@?$basic_string@DU?$char_traits@D@std@@V?$allocator@D@2@@std@@QEAAX_K0@Z
893 00000000 SECT23F notype       Static      | .xdata
    Section length   50, #relocs    A, #linenums    0, checksum BFF3D57B, selection    5 (pick associative Section 0x122)
895 00000000 SECT23F notype       Static      | $ip2state$?_Copy@?$basic_string@DU?$char_traits@D@std@@V?$allocator@D@2@@std@@QEAAX_K0@Z
896 00000000 SECT240 notype       Static      | .xdata
    Section length   10, #relocs    2, #linenums    0, checksum 5840A276, selection    5 (pick associative Section 0x122)
898 00000000 SECT240 notype       Static      | $unwind$?catch$1@?0??_Copy@?$basic_string@DU?$char_traits@D@std@@V?$allocator@D@2@@std@@QEAAX_K0@Z@4HA
899 00000000 SECT241 notype       Static      | .pdata
    Section length    C, #relocs    3, #linenums    0, checksum  84CEF90, selection    5 (pick associative Section 0x122)
89B 00000000 SECT241 notype       Static      | $pdata$?catch$1@?0??_Copy@?$basic_string@DU?$char_traits@D@std@@V?$allocator@D@2@@std@@QEAAX_K0@Z@4HA
89C 00000000 SECT242 notype       Static      | .xdata
    Section length   10, #relocs    2, #linenums    0, checksum 5840A276, selection    5 (pick associative Section 0x122)
89E 00000000 SECT242 notype       Static      | $unwind$?catch$0@?0??_Copy@?$basic_string@DU?$char_traits@D@std@@V?$allocator@D@2@@std@@QEAAX_K0@Z@4HA
89F 00000000 SECT243 notype       Static      | .pdata
    Section length    C, #relocs    3, #linenums    0, checksum 43A25AFA, selection    5 (pick associative Section 0x122)
8A1 00000000 SECT243 notype       Static      | $pdata$?catch$0@?0??_Copy@?$basic_string@DU?$char_traits@D@std@@V?$allocator@D@2@@std@@QEAAX_K0@Z@4HA
8A2 00000000 SECT244 notype       Static      | .xdata
    Section length    8, #relocs    0, #linenums    0, checksum FC45C01B, selection    5 (pick associative Section 0x131)
8A4 00000000 SECT244 notype       Static      | $unwind$?_Eos@?$basic_string@DU?$char_traits@D@std@@V?$allocator@D@2@@std@@QEAAX_K@Z
8A5 00000000 SECT245 notype       Static      | .pdata
    Section length    C, #relocs    3, #linenums    0, checksum 6BB8C590, selection    5 (pick associative Section 0x131)
8A7 00000000 SECT245 notype       Static      | $pdata$?_Eos@?$basic_string@DU?$char_traits@D@std@@V?$allocator@D@2@@std@@QEAAX_K@Z
8A8 00000000 SECT246 notype       Static      | .xdata
    Section length    8, #relocs    0, #linenums    0, checksum 583FB257, selection    5 (pick associative Section 0x145)
8AA 00000000 SECT246 notype       Static      | $unwind$?_Grow@?$basic_string@DU?$char_traits@D@std@@V?$allocator@D@2@@std@@QEAA_N_K_N@Z
8AB 00000000 SECT247 notype       Static      | .pdata
    Section length    C, #relocs    3, #linenums    0, checksum 1397642E, selection    5 (pick associative Section 0x145)
8AD 00000000 SECT247 notype       Static      | $pdata$?_Grow@?$basic_string@DU?$char_traits@D@std@@V?$allocator@D@2@@std@@QEAA_N_K_N@Z
8AE 00000000 SECT248 notype       Static      | .xdata
    Section length    8, #relocs    0, #linenums    0, checksum C40886FB, selection    5 (pick associative Section 0x149)
8B0 00000000 SECT248 notype       Static      | $unwind$?_Inside@?$basic_string@DU?$char_traits@D@std@@V?$allocator@D@2@@std@@QEAA_NPEBD@Z
8B1 00000000 SECT249 notype       Static      | .pdata
    Section length    C, #relocs    3, #linenums    0, checksum 3C17D0DF, selection    5 (pick associative Section 0x149)
8B3 00000000 SECT249 notype       Static      | $pdata$?_Inside@?$basic_string@DU?$char_traits@D@std@@V?$allocator@D@2@@std@@QEAA_NPEBD@Z
8B4 00000000 SECT24A notype       Static      | .xdata
    Section length    8, #relocs    0, #linenums    0, checksum EF160E26, selection    5 (pick associative Section 0x15E)
8B6 00000000 SECT24A notype       Static      | $unwind$?_Tidy@?$basic_string@DU?$char_traits@D@std@@V?$allocator@D@2@@std@@QEAAX_N_K@Z
8B7 00000000 SECT24B notype       Static      | .pdata
    Section length    C, #relocs    3, #linenums    0, checksum 9C9F3E4A, selection    5 (pick associative Section 0x15E)
8B9 00000000 SECT24B notype       Static      | $pdata$?_Tidy@?$basic_string@DU?$char_traits@D@std@@V?$allocator@D@2@@std@@QEAAX_N_K@Z
8BA 00000000 SECT24C notype       Static      | .xdata
    Section length    8, #relocs    0, #linenums    0, checksum 9C7880CC, selection    5 (pick associative Section 0x164)
8BC 00000000 SECT24C notype       Static      | $unwind$?_Xlen@?$basic_string@DU?$char_traits@D@std@@V?$allocator@D@2@@std@@QEBAXXZ
8BD 00000000 SECT24D notype       Static      | .pdata
    Section length    C, #relocs    3, #linenums    0, checksum ED7B2DE3, selection    5 (pick associative Section 0x164)
8BF 00000000 SECT24D notype       Static      | $pdata$?_Xlen@?$basic_string@DU?$char_traits@D@std@@V?$allocator@D@2@@std@@QEBAXXZ
8C0 00000000 SECT24E notype       Static      | .xdata
    Section length    8, #relocs    0, #linenums    0, checksum 9C7880CC, selection    5 (pick associative Section 0x169)
8C2 00000000 SECT24E notype       Static      | $unwind$?_Xran@?$basic_string@DU?$char_traits@D@std@@V?$allocator@D@2@@std@@QEBAXXZ
8C3 00000000 SECT24F notype       Static      | .pdata
    Section length    C, #relocs    3, #linenums    0, checksum ED7B2DE3, selection    5 (pick associative Section 0x169)
8C5 00000000 SECT24F notype       Static      | $pdata$?_Xran@?$basic_string@DU?$char_traits@D@std@@V?$allocator@D@2@@std@@QEBAXXZ
8C6 00000000 SECT250 notype       Static      | .xdata
    Section length    8, #relocs    0, #linenums    0, checksum C40886FB, selection    5 (pick associative Section 0xBE)
8C8 00000000 SECT250 notype       Static      | $unwind$??0invalid_argument@std@@QEAA@PEBD@Z
8C9 00000000 SECT251 notype       Static      | .pdata
    Section length    C, #relocs    3, #linenums    0, checksum 43A25AFA, selection    5 (pick associative Section 0xBE)
8CB 00000000 SECT251 notype       Static      | $pdata$??0invalid_argument@std@@QEAA@PEBD@Z
8CC 00000000 SECT252 notype       Static      | .xdata
    Section length    8, #relocs    0, #linenums    0, checksum 9C7880CC, selection    5 (pick associative Section 0xE0)
8CE 00000000 SECT252 notype       Static      | $unwind$??1invalid_argument@std@@UEAA@XZ
8CF 00000000 SECT253 notype       Static      | .pdata
    Section length    C, #relocs    3, #linenums    0, checksum AF5E2A9E, selection    5 (pick associative Section 0xE0)
8D1 00000000 SECT253 notype       Static      | $pdata$??1invalid_argument@std@@UEAA@XZ
8D2 00000000 SECT254 notype       Static      | .xdata
    Section length    8, #relocs    0, #linenums    0, checksum C40886FB, selection    5 (pick associative Section 0xBD)
8D4 00000000 SECT254 notype       Static      | $unwind$??0invalid_argument@std@@QEAA@AEBV01@@Z
8D5 00000000 SECT255 notype       Static      | .pdata
    Section length    C, #relocs    3, #linenums    0, checksum 43A25AFA, selection    5 (pick associative Section 0xBD)
8D7 00000000 SECT255 notype       Static      | $pdata$??0invalid_argument@std@@QEAA@AEBV01@@Z
8D8 00000000 SECT256 notype       Static      | .xdata
    Section length    8, #relocs    0, #linenums    0, checksum E7553388, selection    5 (pick associative Section 0x107)
8DA 00000000 SECT256 notype       Static      | $unwind$??_Ginvalid_argument@std@@UEAAPEAXI@Z
8DB 00000000 SECT257 notype       Static      | .pdata
    Section length    C, #relocs    3, #linenums    0, checksum 43A25AFA, selection    5 (pick associative Section 0x107)
8DD 00000000 SECT257 notype       Static      | $pdata$??_Ginvalid_argument@std@@UEAAPEAXI@Z
8DE 00000000 SECT258 notype       Static      | .xdata
    Section length    8, #relocs    0, #linenums    0, checksum  FC539D1, selection    5 (pick associative Section 0x112)
8E0 00000000 SECT258 notype       Static      | $unwind$??__Eignore@std@@YAXXZ
8E1 00000000 SECT259 notype       Static      | .pdata
    Section length    C, #relocs    3, #linenums    0, checksum 345B3F4F, selection    5 (pick associative Section 0x112)
8E3 00000000 SECT259 notype       Static      | $pdata$??__Eignore@std@@YAXXZ
8E4 00000000 SECT25A notype       Static      | .xdata
    Section length    8, #relocs    0, #linenums    0, checksum BA48AFD3, selection    5 (pick associative Section 0x110)
8E6 00000000 SECT25A notype       Static      | $unwind$??__E_Tuple_alloc@std@@YAXXZ
8E7 00000000 SECT25B notype       Static      | .pdata
    Section length    C, #relocs    3, #linenums    0, checksum 2B142464, selection    5 (pick associative Section 0x110)
8E9 00000000 SECT25B notype       Static      | $pdata$??__E_Tuple_alloc@std@@YAXXZ
8EA 00000000 SECT25C notype       Static      | .xdata
    Section length    8, #relocs    0, #linenums    0, checksum CA64273D, selection    5 (pick associative Section 0x19D)
8EC 00000000 SECT25C notype       Static      | $unwind$?knownResource@MilesTransport@@YA_NI@Z
8ED 00000000 SECT25D notype       Static      | .pdata
    Section length    C, #relocs    3, #linenums    0, checksum 205670FA, selection    5 (pick associative Section 0x19D)
8EF 00000000 SECT25D notype       Static      | $pdata$?knownResource@MilesTransport@@YA_NI@Z
8F0 00000000 SECT25E notype       Static      | .xdata
    Section length    8, #relocs    0, #linenums    0, checksum 6072F4B7, selection    5 (pick associative Section 0x18C)
8F2 00000000 SECT25E notype       Static      | $unwind$?deallocate@?$allocator@UEntry@ResourceRegistry@MilesTransport@@@std@@QEAAXPEAUEntry@ResourceRegistry@MilesTransport@@_K@Z
8F3 00000000 SECT25F notype       Static      | .pdata
    Section length    C, #relocs    3, #linenums    0, checksum BB53652B, selection    5 (pick associative Section 0x18C)
8F5 00000000 SECT25F notype       Static      | $pdata$?deallocate@?$allocator@UEntry@ResourceRegistry@MilesTransport@@@std@@QEAAXPEAUEntry@ResourceRegistry@MilesTransport@@_K@Z
8F6 00000000 SECT260 notype       Static      | .xdata
    Section length    8, #relocs    0, #linenums    0, checksum C40886FB, selection    5 (pick associative Section 0x172)
8F8 00000000 SECT260 notype       Static      | $unwind$?allocate@?$allocator@UEntry@ResourceRegistry@MilesTransport@@@std@@QEAAPEAUEntry@ResourceRegistry@MilesTransport@@_K@Z
8F9 00000000 SECT261 notype       Static      | .pdata
    Section length    C, #relocs    3, #linenums    0, checksum A59B2387, selection    5 (pick associative Section 0x172)
8FB 00000000 SECT261 notype       Static      | $pdata$?allocate@?$allocator@UEntry@ResourceRegistry@MilesTransport@@@std@@QEAAPEAUEntry@ResourceRegistry@MilesTransport@@_K@Z
8FC 00000000 SECT262 notype       Static      | .xdata
    Section length    8, #relocs    0, #linenums    0, checksum 9C7880CC, selection    5 (pick associative Section 0x1AB)
8FE 00000000 SECT262 notype       Static      | $unwind$?max_size@?$allocator_traits@V?$allocator@UEntry@ResourceRegistry@MilesTransport@@@std@@@std@@SA_KAEBV?$allocator@UEntry@ResourceRegistry@MilesTransport@@@2@@Z
8FF 00000000 SECT263 notype       Static      | .pdata
    Section length    C, #relocs    3, #linenums    0, checksum AF5E2A9E, selection    5 (pick associative Section 0x1AB)
901 00000000 SECT263 notype       Static      | $pdata$?max_size@?$allocator_traits@V?$allocator@UEntry@ResourceRegistry@MilesTransport@@@std@@@std@@SA_KAEBV?$allocator@UEntry@ResourceRegistry@MilesTransport@@@2@@Z
902 00000000 SECT264 notype       Static      | .xdata
    Section length    8, #relocs    0, #linenums    0, checksum 9C7880CC, selection    5 (pick associative Section 0x8A)
904 00000000 SECT264 notype       Static      | $unwind$??0?$_Wrap_alloc@V?$allocator@UEntry@ResourceRegistry@MilesTransport@@@std@@@std@@QEAA@XZ
905 00000000 SECT265 notype       Static      | .pdata
    Section length    C, #relocs    3, #linenums    0, checksum E7BE24FA, selection    5 (pick associative Section 0x8A)
907 00000000 SECT265 notype       Static      | $pdata$??0?$_Wrap_alloc@V?$allocator@UEntry@ResourceRegistry@MilesTransport@@@std@@@std@@QEAA@XZ
908 00000000 SECT266 notype       Static      | .xdata
    Section length    8, #relocs    0, #linenums    0, checksum C40886FB, selection    5 (pick associative Section 0x16C)
90A 00000000 SECT266 notype       Static      | $unwind$?allocate@?$_Wrap_alloc@V?$allocator@UEntry@ResourceRegistry@MilesTransport@@@std@@@std@@QEAAPEAUEntry@ResourceRegistry@MilesTransport@@_K@Z
90B 00000000 SECT267 notype       Static      | .pdata
    Section length    C, #relocs    3, #linenums    0, checksum BB53652B, selection    5 (pick associative Section 0x16C)
90D 00000000 SECT267 notype       Static      | $pdata$?allocate@?$_Wrap_alloc@V?$allocator@UEntry@ResourceRegistry@MilesTransport@@@std@@@std@@QEAAPEAUEntry@ResourceRegistry@MilesTransport@@_K@Z
90E 00000000 SECT268 notype       Static      | .xdata
    Section length    8, #relocs    0, #linenums    0, checksum 6072F4B7, selection    5 (pick associative Section 0x186)
910 00000000 SECT268 notype       Static      | $unwind$?deallocate@?$_Wrap_alloc@V?$allocator@UEntry@ResourceRegistry@MilesTransport@@@std@@@std@@QEAAXPEAUEntry@ResourceRegistry@MilesTransport@@_K@Z
911 00000000 SECT269 notype       Static      | .pdata
    Section length    C, #relocs    3, #linenums    0, checksum AED97719, selection    5 (pick associative Section 0x186)
913 00000000 SECT269 notype       Static      | $pdata$?deallocate@?$_Wrap_alloc@V?$allocator@UEntry@ResourceRegistry@MilesTransport@@@std@@@std@@QEAAXPEAUEntry@ResourceRegistry@MilesTransport@@_K@Z
914 00000000 SECT26A notype       Static      | .xdata
    Section length    8, #relocs    0, #linenums    0, checksum 9C7880CC, selection    5 (pick associative Section 0x1A1)
916 00000000 SECT26A notype       Static      | $unwind$?max_size@?$_Wrap_alloc@V?$allocator@UEntry@ResourceRegistry@MilesTransport@@@std@@@std@@QEBA_KXZ
917 00000000 SECT26B notype       Static      | .pdata
    Section length    C, #relocs    3, #linenums    0, checksum AF5E2A9E, selection    5 (pick associative Section 0x1A1)
919 00000000 SECT26B notype       Static      | $pdata$?max_size@?$_Wrap_alloc@V?$allocator@UEntry@ResourceRegistry@MilesTransport@@@std@@@std@@QEBA_KXZ
91A 00000000 SECT26C notype       Static      | .xdata
    Section length    8, #relocs    0, #linenums    0, checksum 9C7880CC, selection    5 (pick associative Section 0x84)
91C 00000000 SECT26C notype       Static      | $unwind$??0?$_Vector_val@U?$_Simple_types@UEntry@ResourceRegistry@MilesTransport@@@std@@@std@@QEAA@XZ
91D 00000000 SECT26D notype       Static      | .pdata
    Section length    C, #relocs    3, #linenums    0, checksum ADD7CC17, selection    5 (pick associative Section 0x84)
91F 00000000 SECT26D notype       Static      | $pdata$??0?$_Vector_val@U?$_Simple_types@UEntry@ResourceRegistry@MilesTransport@@@std@@@std@@QEAA@XZ
920 00000000 SECT26E notype       Static      | .xdata
    Section length    8, #relocs    0, #linenums    0, checksum 9C7880CC, selection    5 (pick associative Section 0xC9)
922 00000000 SECT26E notype       Static      | $unwind$??1?$_Vector_val@U?$_Simple_types@UEntry@ResourceRegistry@MilesTransport@@@std@@@std@@QEAA@XZ
923 00000000 SECT26F notype       Static      | .pdata
    Section length    C, #relocs    3, #linenums    0, checksum AF5E2A9E, selection    5 (pick associative Section 0xC9)
925 00000000 SECT26F notype       Static      | $pdata$??1?$_Vector_val@U?$_Simple_types@UEntry@ResourceRegistry@MilesTransport@@@std@@@std@@QEAA@XZ
926 00000000 SECT270 notype       Static      | .xdata
    Section length   10, #relocs    2, #linenums    0, checksum EBAA22CB, selection    5 (pick associative Section 0x7D)
928 00000000 SECT270 notype       Static      | $unwind$??0?$_Vector_alloc@$0A@U?$_Vec_base_types@UEntry@ResourceRegistry@MilesTransport@@V?$allocator@UEntry@ResourceRegistry@MilesTransport@@@std@@@std@@@std@@QEAA@AEBV?$allocator@UEntry@ResourceRegistry@MilesTransport@@@1@@Z
929 00000000 SECT271 notype       Static      | .pdata
    Section length    C, #relocs    3, #linenums    0, checksum 8F085A64, selection    5 (pick associative Section 0x7D)
92B 00000000 SECT271 notype       Static      | $pdata$??0?$_Vector_alloc@$0A@U?$_Vec_base_types@UEntry@ResourceRegistry@MilesTransport@@V?$allocator@UEntry@ResourceRegistry@MilesTransport@@@std@@@std@@@std@@QEAA@AEBV?$allocator@UEntry@ResourceRegistry@MilesTransport@@@1@@Z
92C 00000000 SECT272 notype       Static      | .rdata
    Section length   28, #relocs    2, #linenums    0, checksum E93FB885, selection    5 (pick associative Section 0x7D)
92E 00000000 SECT272 notype       Static      | $cppxdata$??0?$_Vector_alloc@$0A@U?$_Vec_base_types@UEntry@ResourceRegistry@MilesTransport@@V?$allocator@UEntry@ResourceRegistry@MilesTransport@@@std@@@std@@@std@@QEAA@AEBV?$allocator@UEntry@ResourceRegistry@MilesTransport@@@1@@Z
92F 00000000 SECT273 notype       Static      | .xdata
    Section length    8, #relocs    1, #linenums    0, checksum 9ADD2096, selection    5 (pick associative Section 0x7D)
931 00000000 SECT273 notype       Static      | $stateUnwindMap$??0?$_Vector_alloc@$0A@U?$_Vec_base_types@UEntry@ResourceRegistry@MilesTransport@@V?$allocator@UEntry@ResourceRegistry@MilesTransport@@@std@@@std@@@std@@QEAA@AEBV?$allocator@UEntry@ResourceRegistry@MilesTransport@@@1@@Z
932 00000000 SECT274 notype       Static      | .xdata
    Section length   18, #relocs    3, #linenums    0, checksum DC7D6D08, selection    5 (pick associative Section 0x7D)
934 00000000 SECT274 notype       Static      | $ip2state$??0?$_Vector_alloc@$0A@U?$_Vec_base_types@UEntry@ResourceRegistry@MilesTransport@@V?$allocator@UEntry@ResourceRegistry@MilesTransport@@@std@@@std@@@std@@QEAA@AEBV?$allocator@UEntry@ResourceRegistry@MilesTransport@@@1@@Z
935 00000000 SECT275 notype       Static      | .xdata
    Section length    8, #relocs    0, #linenums    0, checksum B96BC9FB, selection    5 (pick associative Section 0x7D)
937 00000000 SECT275 notype       Static      | $unwind$?dtor$0@?0???0?$_Vector_alloc@$0A@U?$_Vec_base_types@UEntry@ResourceRegistry@MilesTransport@@V?$allocator@UEntry@ResourceRegistry@MilesTransport@@@std@@@std@@@std@@QEAA@AEBV?$allocator@UEntry@ResourceRegistry@MilesTransport@@@1@@Z@4HA
938 00000000 SECT276 notype       Static      | .pdata
    Section length    C, #relocs    3, #linenums    0, checksum AF5E2A9E, selection    5 (pick associative Section 0x7D)
93A 00000000 SECT276 notype       Static      | $pdata$?dtor$0@?0???0?$_Vector_alloc@$0A@U?$_Vec_base_types@UEntry@ResourceRegistry@MilesTransport@@V?$allocator@UEntry@ResourceRegistry@MilesTransport@@@std@@@std@@@std@@QEAA@AEBV?$allocator@UEntry@ResourceRegistry@MilesTransport@@@1@@Z@4HA
93B 00000000 SECT277 notype       Static      | .xdata
    Section length    8, #relocs    0, #linenums    0, checksum 9C7880CC, selection    5 (pick associative Section 0xC5)
93D 00000000 SECT277 notype       Static      | $unwind$??1?$_Vector_alloc@$0A@U?$_Vec_base_types@UEntry@ResourceRegistry@MilesTransport@@V?$allocator@UEntry@ResourceRegistry@MilesTransport@@@std@@@std@@@std@@QEAA@XZ
93E 00000000 SECT278 notype       Static      | .pdata
    Section length    C, #relocs    3, #linenums    0, checksum BB53652B, selection    5 (pick associative Section 0xC5)
940 00000000 SECT278 notype       Static      | $pdata$??1?$_Vector_alloc@$0A@U?$_Vec_base_types@UEntry@ResourceRegistry@MilesTransport@@V?$allocator@UEntry@ResourceRegistry@MilesTransport@@@std@@@std@@@std@@QEAA@XZ
941 00000000 SECT279 notype       Static      | .xdata
    Section length    8, #relocs    0, #linenums    0, checksum  DD7168C, selection    5 (pick associative Section 0x119)
943 00000000 SECT279 notype       Static      | $unwind$?_Alloc_proxy@?$_Vector_alloc@$0A@U?$_Vec_base_types@UEntry@ResourceRegistry@MilesTransport@@V?$allocator@UEntry@ResourceRegistry@MilesTransport@@@std@@@std@@@std@@QEAAXXZ
944 00000000 SECT27A notype       Static      | .pdata
    Section length    C, #relocs    3, #linenums    0, checksum 40ACE1F4, selection    5 (pick associative Section 0x119)
946 00000000 SECT27A notype       Static      | $pdata$?_Alloc_proxy@?$_Vector_alloc@$0A@U?$_Vec_base_types@UEntry@ResourceRegistry@MilesTransport@@V?$allocator@UEntry@ResourceRegistry@MilesTransport@@@std@@@std@@@std@@QEAAXXZ
947 00000000 SECT27B notype       Static      | .xdata
    Section length    8, #relocs    0, #linenums    0, checksum A435C62C, selection    5 (pick associative Section 0x135)
949 00000000 SECT27B notype       Static      | $unwind$?_Free_proxy@?$_Vector_alloc@$0A@U?$_Vec_base_types@UEntry@ResourceRegistry@MilesTransport@@V?$allocator@UEntry@ResourceRegistry@MilesTransport@@@std@@@std@@@std@@QEAAXXZ
94A 00000000 SECT27C notype       Static      | .pdata
    Section length    C, #relocs    3, #linenums    0, checksum 86C3E873, selection    5 (pick associative Section 0x135)
94C 00000000 SECT27C notype       Static      | $pdata$?_Free_proxy@?$_Vector_alloc@$0A@U?$_Vec_base_types@UEntry@ResourceRegistry@MilesTransport@@V?$allocator@UEntry@ResourceRegistry@MilesTransport@@@std@@@std@@@std@@QEAAXXZ
94D 00000000 SECT27D notype       Static      | .xdata
    Section length    8, #relocs    0, #linenums    0, checksum C40886FB, selection    5 (pick associative Section 0x140)
94F 00000000 SECT27D notype       Static      | $unwind$?_Getal@?$_Vector_alloc@$0A@U?$_Vec_base_types@UEntry@ResourceRegistry@MilesTransport@@V?$allocator@UEntry@ResourceRegistry@MilesTransport@@@std@@@std@@@std@@QEBA?AU?$_Wrap_alloc@V?$allocator@UEntry@ResourceRegistry@MilesTransport@@@std@@@2@XZ
950 00000000 SECT27E notype       Static      | .pdata
    Section length    C, #relocs    3, #linenums    0, checksum BB53652B, selection    5 (pick associative Section 0x140)
952 00000000 SECT27E notype       Static      | $pdata$?_Getal@?$_Vector_alloc@$0A@U?$_Vec_base_types@UEntry@ResourceRegistry@MilesTransport@@V?$allocator@UEntry@ResourceRegistry@MilesTransport@@@std@@@std@@@std@@QEBA?AU?$_Wrap_alloc@V?$allocator@UEntry@ResourceRegistry@MilesTransport@@@std@@@2@XZ
953 00000000 SECT27F notype       Static      | .xdata
    Section length    8, #relocs    0, #linenums    0, checksum A435C62C, selection    5 (pick associative Section 0xA6)
955 00000000 SECT27F notype       Static      | $unwind$??0?$vector@UEntry@ResourceRegistry@MilesTransport@@V?$allocator@UEntry@ResourceRegistry@MilesTransport@@@std@@@std@@QEAA@XZ
956 00000000 SECT280 notype       Static      | .pdata
    Section length    C, #relocs    3, #linenums    0, checksum 68B67E9E, selection    5 (pick associative Section 0xA6)
958 00000000 SECT280 notype       Static      | $pdata$??0?$vector@UEntry@ResourceRegistry@MilesTransport@@V?$allocator@UEntry@ResourceRegistry@MilesTransport@@@std@@@std@@QEAA@XZ
959 00000000 SECT281 notype       Static      | .xdata
    Section length    8, #relocs    0, #linenums    0, checksum 55A710BB, selection    5 (pick associative Section 0x1BB)
95B 00000000 SECT281 notype       Static      | $unwind$?push_back@?$vector@UEntry@ResourceRegistry@MilesTransport@@V?$allocator@UEntry@ResourceRegistry@MilesTransport@@@std@@@std@@QEAAX$$QEAUEntry@ResourceRegistry@MilesTransport@@@Z
95C 00000000 SECT282 notype       Static      | .pdata
    Section length    C, #relocs    3, #linenums    0, checksum 39E68EF0, selection    5 (pick associative Section 0x1BB)
95E 00000000 SECT282 notype       Static      | $pdata$?push_back@?$vector@UEntry@ResourceRegistry@MilesTransport@@V?$allocator@UEntry@ResourceRegistry@MilesTransport@@@std@@@std@@QEAAX$$QEAUEntry@ResourceRegistry@MilesTransport@@@Z
95F 00000000 SECT283 notype       Static      | .xdata
    Section length    8, #relocs    0, #linenums    0, checksum 9C7880CC, selection    5 (pick associative Section 0xD3)
961 00000000 SECT283 notype       Static      | $unwind$??1?$vector@UEntry@ResourceRegistry@MilesTransport@@V?$allocator@UEntry@ResourceRegistry@MilesTransport@@@std@@@std@@QEAA@XZ
962 00000000 SECT284 notype       Static      | .pdata
    Section length    C, #relocs    3, #linenums    0, checksum BB53652B, selection    5 (pick associative Section 0xD3)
964 00000000 SECT284 notype       Static      | $pdata$??1?$vector@UEntry@ResourceRegistry@MilesTransport@@V?$allocator@UEntry@ResourceRegistry@MilesTransport@@@std@@@std@@QEAA@XZ
965 00000000 SECT285 notype       Static      | .xdata
    Section length    8, #relocs    0, #linenums    0, checksum A435C62C, selection    5 (pick associative Section 0x1B0)
967 00000000 SECT285 notype       Static      | $unwind$?max_size@?$vector@UEntry@ResourceRegistry@MilesTransport@@V?$allocator@UEntry@ResourceRegistry@MilesTransport@@@std@@@std@@QEBA_KXZ
968 00000000 SECT286 notype       Static      | .pdata
    Section length    C, #relocs    3, #linenums    0, checksum B1966C32, selection    5 (pick associative Section 0x1B0)
96A 00000000 SECT286 notype       Static      | $pdata$?max_size@?$vector@UEntry@ResourceRegistry@MilesTransport@@V?$allocator@UEntry@ResourceRegistry@MilesTransport@@@std@@@std@@QEBA_KXZ
96B 00000000 SECT287 notype       Static      | .xdata
    Section length    8, #relocs    0, #linenums    0, checksum FC45C01B, selection    5 (pick associative Section 0xEC)
96D 00000000 SECT287 notype       Static      | $unwind$??A?$vector@UEntry@ResourceRegistry@MilesTransport@@V?$allocator@UEntry@ResourceRegistry@MilesTransport@@@std@@@std@@QEBAAEBUEntry@ResourceRegistry@MilesTransport@@_K@Z
96E 00000000 SECT288 notype       Static      | .pdata
    Section length    C, #relocs    3, #linenums    0, checksum 32464953, selection    5 (pick associative Section 0xEC)
970 00000000 SECT288 notype       Static      | $pdata$??A?$vector@UEntry@ResourceRegistry@MilesTransport@@V?$allocator@UEntry@ResourceRegistry@MilesTransport@@@std@@@std@@QEBAAEBUEntry@ResourceRegistry@MilesTransport@@_K@Z
971 00000000 SECT289 notype       Static      | .xdata
    Section length    8, #relocs    0, #linenums    0, checksum FC45C01B, selection    5 (pick associative Section 0xEB)
973 00000000 SECT289 notype       Static      | $unwind$??A?$vector@UEntry@ResourceRegistry@MilesTransport@@V?$allocator@UEntry@ResourceRegistry@MilesTransport@@@std@@@std@@QEAAAEAUEntry@ResourceRegistry@MilesTransport@@_K@Z
974 00000000 SECT28A notype       Static      | .pdata
    Section length    C, #relocs    3, #linenums    0, checksum 32464953, selection    5 (pick associative Section 0xEB)
976 00000000 SECT28A notype       Static      | $pdata$??A?$vector@UEntry@ResourceRegistry@MilesTransport@@V?$allocator@UEntry@ResourceRegistry@MilesTransport@@@std@@@std@@QEAAAEAUEntry@ResourceRegistry@MilesTransport@@_K@Z
977 00000000 SECT28B notype       Static      | .xdata
    Section length    8, #relocs    0, #linenums    0, checksum 583FB257, selection    5 (pick associative Section 0x12D)
979 00000000 SECT28B notype       Static      | $unwind$?_Destroy@?$vector@UEntry@ResourceRegistry@MilesTransport@@V?$allocator@UEntry@ResourceRegistry@MilesTransport@@@std@@@std@@IEAAXPEAUEntry@ResourceRegistry@MilesTransport@@0@Z
97A 00000000 SECT28C notype       Static      | .pdata
    Section length    C, #relocs    3, #linenums    0, checksum D8A74F2B, selection    5 (pick associative Section 0x12D)
97C 00000000 SECT28C notype       Static      | $pdata$?_Destroy@?$vector@UEntry@ResourceRegistry@MilesTransport@@V?$allocator@UEntry@ResourceRegistry@MilesTransport@@@std@@@std@@IEAAXPEAUEntry@ResourceRegistry@MilesTransport@@0@Z
97D 00000000 SECT28D notype       Static      | .xdata
    Section length    8, #relocs    0, #linenums    0, checksum 55A710BB, selection    5 (pick associative Section 0x146)
97F 00000000 SECT28D notype       Static      | $unwind$?_Grow_to@?$vector@UEntry@ResourceRegistry@MilesTransport@@V?$allocator@UEntry@ResourceRegistry@MilesTransport@@@std@@@std@@IEBA_K_K@Z
980 00000000 SECT28E notype       Static      | .pdata
    Section length    C, #relocs    3, #linenums    0, checksum 66E7E712, selection    5 (pick associative Section 0x146)
982 00000000 SECT28E notype       Static      | $pdata$?_Grow_to@?$vector@UEntry@ResourceRegistry@MilesTransport@@V?$allocator@UEntry@ResourceRegistry@MilesTransport@@@std@@@std@@IEBA_K_K@Z
983 00000000 SECT28F notype       Static      | .xdata
    Section length    8, #relocs    0, #linenums    0, checksum 8CDF4DDB, selection    5 (pick associative Section 0x14A)
985 00000000 SECT28F notype       Static      | $unwind$?_Inside@?$vector@UEntry@ResourceRegistry@MilesTransport@@V?$allocator@UEntry@ResourceRegistry@MilesTransport@@@std@@@std@@IEBA_NPEBUEntry@ResourceRegistry@MilesTransport@@@Z
986 00000000 SECT290 notype       Static      | .pdata
    Section length    C, #relocs    3, #linenums    0, checksum 2358CBF4, selection    5 (pick associative Section 0x14A)
988 00000000 SECT290 notype       Static      | $pdata$?_Inside@?$vector@UEntry@ResourceRegistry@MilesTransport@@V?$allocator@UEntry@ResourceRegistry@MilesTransport@@@std@@@std@@IEBA_NPEBUEntry@ResourceRegistry@MilesTransport@@@Z
989 00000000 SECT291 notype       Static      | .xdata
    Section length   10, #relocs    2, #linenums    0, checksum 391091F4, selection    5 (pick associative Section 0x150)
98B 00000000 SECT291 notype       Static      | $unwind$?_Reallocate@?$vector@UEntry@ResourceRegistry@MilesTransport@@V?$allocator@UEntry@ResourceRegistry@MilesTransport@@@std@@@std@@IEAAX_K@Z
98C 00000000 SECT292 notype       Static      | .pdata
    Section length    C, #relocs    3, #linenums    0, checksum 23BA58C9, selection    5 (pick associative Section 0x150)
98E 00000000 SECT292 notype       Static      | $pdata$?_Reallocate@?$vector@UEntry@ResourceRegistry@MilesTransport@@V?$allocator@UEntry@ResourceRegistry@MilesTransport@@@std@@@std@@IEAAX_K@Z
98F 00000000 SECT293 notype       Static      | .rdata
    Section length   28, #relocs    3, #linenums    0, checksum 8FB28271, selection    5 (pick associative Section 0x150)
991 00000000 SECT293 notype       Static      | $cppxdata$?_Reallocate@?$vector@UEntry@ResourceRegistry@MilesTransport@@V?$allocator@UEntry@ResourceRegistry@MilesTransport@@@std@@@std@@IEAAX_K@Z
992 00000000 SECT294 notype       Static      | .xdata
    Section length   10, #relocs    0, #linenums    0, checksum 8999943C, selection    5 (pick associative Section 0x150)
994 00000000 SECT294 notype       Static      | $stateUnwindMap$?_Reallocate@?$vector@UEntry@ResourceRegistry@MilesTransport@@V?$allocator@UEntry@ResourceRegistry@MilesTransport@@@std@@@std@@IEAAX_K@Z
995 00000000 SECT295 notype       Static      | .xdata
    Section length   14, #relocs    1, #linenums    0, checksum 570F4CF1, selection    5 (pick associative Section 0x150)
997 00000000 SECT295 notype       Static      | $tryMap$?_Reallocate@?$vector@UEntry@ResourceRegistry@MilesTransport@@V?$allocator@UEntry@ResourceRegistry@MilesTransport@@@std@@@std@@IEAAX_K@Z
998 00000000 SECT296 notype       Static      | .xdata
    Section length   14, #relocs    1, #linenums    0, checksum   677058, selection    5 (pick associative Section 0x150)
99A 00000000 SECT296 notype       Static      | $handlerMap$0$?_Reallocate@?$vector@UEntry@ResourceRegistry@MilesTransport@@V?$allocator@UEntry@ResourceRegistry@MilesTransport@@@std@@@std@@IEAAX_K@Z
99B 00000000 SECT297 notype       Static      | .xdata
    Section length   30, #relocs    6, #linenums    0, checksum 9FFA2DF4, selection    5 (pick associative Section 0x150)
99D 00000000 SECT297 notype       Static      | $ip2state$?_Reallocate@?$vector@UEntry@ResourceRegistry@MilesTransport@@V?$allocator@UEntry@ResourceRegistry@MilesTransport@@@std@@@std@@IEAAX_K@Z
99E 00000000 SECT298 notype       Static      | .xdata
    Section length   10, #relocs    2, #linenums    0, checksum 5840A276, selection    5 (pick associative Section 0x150)
9A0 00000000 SECT298 notype       Static      | $unwind$?catch$0@?0??_Reallocate@?$vector@UEntry@ResourceRegistry@MilesTransport@@V?$allocator@UEntry@ResourceRegistry@MilesTransport@@@std@@@std@@IEAAX_K@Z@4HA
9A1 00000000 SECT299 notype       Static      | .pdata
    Section length    C, #relocs    3, #linenums    0, checksum 6BB8C590, selection    5 (pick associative Section 0x150)
9A3 00000000 SECT299 notype       Static      | $pdata$?catch$0@?0??_Reallocate@?$vector@UEntry@ResourceRegistry@MilesTransport@@V?$allocator@UEntry@ResourceRegistry@MilesTransport@@@std@@@std@@IEAAX_K@Z@4HA
9A4 00000000 SECT29A notype       Static      | .xdata
    Section length    8, #relocs    0, #linenums    0, checksum FC45C01B, selection    5 (pick associative Section 0x152)
9A6 00000000 SECT29A notype       Static      | $unwind$?_Reserve@?$vector@UEntry@ResourceRegistry@MilesTransport@@V?$allocator@UEntry@ResourceRegistry@MilesTransport@@@std@@@std@@IEAAX_K@Z
9A7 00000000 SECT29B notype       Static      | .pdata
    Section length    C, #relocs    3, #linenums    0, checksum 111E82A7, selection    5 (pick associative Section 0x152)
9A9 00000000 SECT29B notype       Static      | $pdata$?_Reserve@?$vector@UEntry@ResourceRegistry@MilesTransport@@V?$allocator@UEntry@ResourceRegistry@MilesTransport@@@std@@@std@@IEAAX_K@Z
9AA 00000000 SECT29C notype       Static      | .xdata
    Section length    8, #relocs    0, #linenums    0, checksum A435C62C, selection    5 (pick associative Section 0x160)
9AC 00000000 SECT29C notype       Static      | $unwind$?_Tidy@?$vector@UEntry@ResourceRegistry@MilesTransport@@V?$allocator@UEntry@ResourceRegistry@MilesTransport@@@std@@@std@@IEAAXXZ
9AD 00000000 SECT29D notype       Static      | .pdata
    Section length    C, #relocs    3, #linenums    0, checksum DC33DFBE, selection    5 (pick associative Section 0x160)
9AF 00000000 SECT29D notype       Static      | $pdata$?_Tidy@?$vector@UEntry@ResourceRegistry@MilesTransport@@V?$allocator@UEntry@ResourceRegistry@MilesTransport@@@std@@@std@@IEAAXXZ
9B0 00000000 SECT29E notype       Static      | .xdata
    Section length    8, #relocs    0, #linenums    0, checksum 9C7880CC, selection    5 (pick associative Section 0x166)
9B2 00000000 SECT29E notype       Static      | $unwind$?_Xlen@?$vector@UEntry@ResourceRegistry@MilesTransport@@V?$allocator@UEntry@ResourceRegistry@MilesTransport@@@std@@@std@@IEBAXXZ
9B3 00000000 SECT29F notype       Static      | .pdata
    Section length    C, #relocs    3, #linenums    0, checksum ED7B2DE3, selection    5 (pick associative Section 0x166)
9B5 00000000 SECT29F notype       Static      | $pdata$?_Xlen@?$vector@UEntry@ResourceRegistry@MilesTransport@@V?$allocator@UEntry@ResourceRegistry@MilesTransport@@@std@@@std@@IEBAXXZ
9B6 00000000 SECT2A0 notype       Static      | .xdata
    Section length   10, #relocs    2, #linenums    0, checksum 80DCCB80, selection    5 (pick associative Section 0x14E)
9B8 00000000 SECT2A0 notype       Static      | $unwind$?_Orphan_range@?$vector@UEntry@ResourceRegistry@MilesTransport@@V?$allocator@UEntry@ResourceRegistry@MilesTransport@@@std@@@std@@IEBAXPEAUEntry@ResourceRegistry@MilesTransport@@0@Z
9B9 00000000 SECT2A1 notype       Static      | .pdata
    Section length    C, #relocs    3, #linenums    0, checksum C37CC495, selection    5 (pick associative Section 0x14E)
9BB 00000000 SECT2A1 notype       Static      | $pdata$?_Orphan_range@?$vector@UEntry@ResourceRegistry@MilesTransport@@V?$allocator@UEntry@ResourceRegistry@MilesTransport@@@std@@@std@@IEBAXPEAUEntry@ResourceRegistry@MilesTransport@@0@Z
9BC 00000000 SECT2A2 notype       Static      | .rdata
    Section length   28, #relocs    2, #linenums    0, checksum E5275579, selection    5 (pick associative Section 0x14E)
9BE 00000000 SECT2A2 notype       Static      | $cppxdata$?_Orphan_range@?$vector@UEntry@ResourceRegistry@MilesTransport@@V?$allocator@UEntry@ResourceRegistry@MilesTransport@@@std@@@std@@IEBAXPEAUEntry@ResourceRegistry@MilesTransport@@0@Z
9BF 00000000 SECT2A3 notype       Static      | .xdata
    Section length    8, #relocs    1, #linenums    0, checksum 9ADD2096, selection    5 (pick associative Section 0x14E)
9C1 00000000 SECT2A3 notype       Static      | $stateUnwindMap$?_Orphan_range@?$vector@UEntry@ResourceRegistry@MilesTransport@@V?$allocator@UEntry@ResourceRegistry@MilesTransport@@@std@@@std@@IEBAXPEAUEntry@ResourceRegistry@MilesTransport@@0@Z
9C2 00000000 SECT2A4 notype       Static      | .xdata
    Section length   18, #relocs    3, #linenums    0, checksum EDE11904, selection    5 (pick associative Section 0x14E)
9C4 00000000 SECT2A4 notype       Static      | $ip2state$?_Orphan_range@?$vector@UEntry@ResourceRegistry@MilesTransport@@V?$allocator@UEntry@ResourceRegistry@MilesTransport@@@std@@@std@@IEBAXPEAUEntry@ResourceRegistry@MilesTransport@@0@Z
9C5 00000000 SECT2A5 notype       Static      | .xdata
    Section length    8, #relocs    0, #linenums    0, checksum B96BC9FB, selection    5 (pick associative Section 0x14E)
9C7 00000000 SECT2A5 notype       Static      | $unwind$?dtor$0@?0??_Orphan_range@?$vector@UEntry@ResourceRegistry@MilesTransport@@V?$allocator@UEntry@ResourceRegistry@MilesTransport@@@std@@@std@@IEBAXPEAUEntry@ResourceRegistry@MilesTransport@@0@Z@4HA
9C8 00000000 SECT2A6 notype       Static      | .pdata
    Section length    C, #relocs    3, #linenums    0, checksum AF5E2A9E, selection    5 (pick associative Section 0x14E)
9CA 00000000 SECT2A6 notype       Static      | $pdata$?dtor$0@?0??_Orphan_range@?$vector@UEntry@ResourceRegistry@MilesTransport@@V?$allocator@UEntry@ResourceRegistry@MilesTransport@@@std@@@std@@IEBAXPEAUEntry@ResourceRegistry@MilesTransport@@0@Z@4HA
9CB 00000000 SECT2A7 notype       Static      | .xdata
    Section length    8, #relocs    0, #linenums    0, checksum 55A710BB, selection    5 (pick associative Section 0x192)
9CD 00000000 SECT2A7 notype       Static      | $unwind$?entry@ResourceRegistry@MilesTransport@@AEAAPEAUEntry@12@AEBUHandle@MilesWire@@@Z
9CE 00000000 SECT2A8 notype       Static      | .pdata
    Section length    C, #relocs    3, #linenums    0, checksum 32464953, selection    5 (pick associative Section 0x192)
9D0 00000000 SECT2A8 notype       Static      | $pdata$?entry@ResourceRegistry@MilesTransport@@AEAAPEAUEntry@12@AEBUHandle@MilesWire@@@Z
9D1 00000000 SECT2A9 notype       Static      | .xdata
    Section length   14, #relocs    1, #linenums    0, checksum BB077579, selection    5 (pick associative Section 0x19C)
9D3 00000000 SECT2A9 notype       Static      | $unwind$?insertEntry@ResourceRegistry@MilesTransport@@AEAA_NW4ResourceKind@MilesWire@@PEAXAEAUHandle@4@@Z
9D4 00000000 SECT2AA notype       Static      | .pdata
    Section length    C, #relocs    3, #linenums    0, checksum 9BE786EC, selection    5 (pick associative Section 0x19C)
9D6 00000000 SECT2AA notype       Static      | $pdata$?insertEntry@ResourceRegistry@MilesTransport@@AEAA_NW4ResourceKind@MilesWire@@PEAXAEAUHandle@4@@Z
9D7 00000000 SECT2AB notype       Static      | .xdata
    Section length    8, #relocs    0, #linenums    0, checksum 8CDF4DDB, selection    5 (pick associative Section 0x1C2)
9D9 00000000 SECT2AB notype       Static      | $unwind$?same@ResourceRegistry@MilesTransport@@CA_NAEBUHandle@MilesWire@@0@Z
9DA 00000000 SECT2AC notype       Static      | .pdata
    Section length    C, #relocs    3, #linenums    0, checksum  84CEF90, selection    5 (pick associative Section 0x1C2)
9DC 00000000 SECT2AC notype       Static      | $pdata$?same@ResourceRegistry@MilesTransport@@CA_NAEBUHandle@MilesWire@@0@Z
9DD 00000000 SECT2AD notype       Static      | .xdata
    Section length   10, #relocs    2, #linenums    0, checksum 807888F5, selection    5 (pick associative Section 0xB1)
9DF 00000000 SECT2AD notype       Static      | $unwind$??0ResourceRegistry@MilesTransport@@QEAA@II@Z
9E0 00000000 SECT2AE notype       Static      | .pdata
    Section length    C, #relocs    3, #linenums    0, checksum D7718B20, selection    5 (pick associative Section 0xB1)
9E2 00000000 SECT2AE notype       Static      | $pdata$??0ResourceRegistry@MilesTransport@@QEAA@II@Z
9E3 00000000 SECT2AF notype       Static      | .rdata
    Section length   28, #relocs    2, #linenums    0, checksum E93FB885, selection    5 (pick associative Section 0xB1)
9E5 00000000 SECT2AF notype       Static      | $cppxdata$??0ResourceRegistry@MilesTransport@@QEAA@II@Z
9E6 00000000 SECT2B0 notype       Static      | .xdata
    Section length    8, #relocs    1, #linenums    0, checksum 9ADD2096, selection    5 (pick associative Section 0xB1)
9E8 00000000 SECT2B0 notype       Static      | $stateUnwindMap$??0ResourceRegistry@MilesTransport@@QEAA@II@Z
9E9 00000000 SECT2B1 notype       Static      | .xdata
    Section length   18, #relocs    3, #linenums    0, checksum D945BC6A, selection    5 (pick associative Section 0xB1)
9EB 00000000 SECT2B1 notype       Static      | $ip2state$??0ResourceRegistry@MilesTransport@@QEAA@II@Z
9EC 00000000 SECT2B2 notype       Static      | .xdata
    Section length    8, #relocs    0, #linenums    0, checksum B96BC9FB, selection    5 (pick associative Section 0xB1)
9EE 00000000 SECT2B2 notype       Static      | $unwind$?dtor$0@?0???0ResourceRegistry@MilesTransport@@QEAA@II@Z@4HA
9EF 00000000 SECT2B3 notype       Static      | .pdata
    Section length    C, #relocs    3, #linenums    0, checksum AF5E2A9E, selection    5 (pick associative Section 0xB1)
9F1 00000000 SECT2B3 notype       Static      | $pdata$?dtor$0@?0???0ResourceRegistry@MilesTransport@@QEAA@II@Z@4HA
9F2 00000000 SECT2B4 notype       Static      | .xdata
    Section length    8, #relocs    0, #linenums    0, checksum 1B5F47F3, selection    5 (pick associative Section 0x19B)
9F4 00000000 SECT2B4 notype       Static      | $unwind$?insert@ResourceRegistry@MilesTransport@@QEAA_NW4ResourceKind@MilesWire@@PEAXAEAUHandle@4@@Z
9F5 00000000 SECT2B5 notype       Static      | .pdata
    Section length    C, #relocs    3, #linenums    0, checksum 5CED41D1, selection    5 (pick associative Section 0x19B)
9F7 00000000 SECT2B5 notype       Static      | $pdata$?insert@ResourceRegistry@MilesTransport@@QEAA_NW4ResourceKind@MilesWire@@PEAXAEAUHandle@4@@Z
9F8 00000000 SECT2B6 notype       Static      | .xdata
    Section length    8, #relocs    0, #linenums    0, checksum 24DBB10C, selection    5 (pick associative Section 0x1BF)
9FA 00000000 SECT2B6 notype       Static      | $unwind$?resolve@ResourceRegistry@MilesTransport@@QEBA_NAEBUHandle@MilesWire@@W4ResourceKind@4@AEAPEAX@Z
9FB 00000000 SECT2B7 notype       Static      | .pdata
    Section length    C, #relocs    3, #linenums    0, checksum 48029D59, selection    5 (pick associative Section 0x1BF)
9FD 00000000 SECT2B7 notype       Static      | $pdata$?resolve@ResourceRegistry@MilesTransport@@QEBA_NAEBUHandle@MilesWire@@W4ResourceKind@4@AEAPEAX@Z
9FE 00000000 SECT2B8 notype       Static      | .xdata
    Section length    8, #relocs    0, #linenums    0, checksum FC45C01B, selection    5 (pick associative Section 0x17A)
A00 00000000 SECT2B8 notype       Static      | $unwind$?beginClose@ResourceRegistry@MilesTransport@@QEAA_NAEBUHandle@MilesWire@@@Z
A01 00000000 SECT2B9 notype       Static      | .pdata
    Section length    C, #relocs    3, #linenums    0, checksum 9349FA41, selection    5 (pick associative Section 0x17A)
A03 00000000 SECT2B9 notype       Static      | $pdata$?beginClose@ResourceRegistry@MilesTransport@@QEAA_NAEBUHandle@MilesWire@@@Z
A04 00000000 SECT2BA notype       Static      | .xdata
    Section length    8, #relocs    0, #linenums    0, checksum 6DEA565B, selection    5 (pick associative Section 0x1C0)
A06 00000000 SECT2BA notype       Static      | $unwind$?retire@ResourceRegistry@MilesTransport@@QEAA_NAEBUHandle@MilesWire@@@Z
A07 00000000 SECT2BB notype       Static      | .pdata
    Section length    C, #relocs    3, #linenums    0, checksum CBD2B838, selection    5 (pick associative Section 0x1C0)
A09 00000000 SECT2BB notype       Static      | $pdata$?retire@ResourceRegistry@MilesTransport@@QEAA_NAEBUHandle@MilesWire@@@Z
A0A 00000000 SECT2BC notype       Static      | .xdata
    Section length    8, #relocs    0, #linenums    0, checksum 9C7880CC, selection    5 (pick associative Section 0xD9)
A0C 00000000 SECT2BC notype       Static      | $unwind$??1ResourceRegistry@MilesTransport@@QEAA@XZ
A0D 00000000 SECT2BD notype       Static      | .pdata
    Section length    C, #relocs    3, #linenums    0, checksum 21D12D7D, selection    5 (pick associative Section 0xD9)
A0F 00000000 SECT2BD notype       Static      | $pdata$??1ResourceRegistry@MilesTransport@@QEAA@XZ
A10 00000000 SECT2BE notype       Static      | .xdata
    Section length    8, #relocs    0, #linenums    0, checksum 9C7880CC, selection    5 (pick associative Section 0xB8)
A12 00000000 SECT2BE notype       Static      | $unwind$??0_Ref_count_base@std@@IEAA@XZ
A13 00000000 SECT2BF notype       Static      | .pdata
    Section length    C, #relocs    3, #linenums    0, checksum 3C17D0DF, selection    5 (pick associative Section 0xB8)
A15 00000000 SECT2BF notype       Static      | $pdata$??0_Ref_count_base@std@@IEAA@XZ
A16 00000000 SECT2C0 notype       Static      | .xdata
    Section length    8, #relocs    0, #linenums    0, checksum 9C7880CC, selection    5 (pick associative Section 0x128)
A18 00000000 SECT2C0 notype       Static      | $unwind$?_Decref@_Ref_count_base@std@@QEAAXXZ
A19 00000000 SECT2C1 notype       Static      | .pdata
    Section length    C, #relocs    3, #linenums    0, checksum E537C273, selection    5 (pick associative Section 0x128)
A1B 00000000 SECT2C1 notype       Static      | $pdata$?_Decref@_Ref_count_base@std@@QEAAXXZ
A1C 00000000 SECT2C2 notype       Static      | .xdata
    Section length    8, #relocs    0, #linenums    0, checksum 9C7880CC, selection    5 (pick associative Section 0x129)
A1E 00000000 SECT2C2 notype       Static      | $unwind$?_Decwref@_Ref_count_base@std@@QEAAXXZ
A1F 00000000 SECT2C3 notype       Static      | .pdata
    Section length    C, #relocs    3, #linenums    0, checksum 562848C8, selection    5 (pick associative Section 0x129)
A21 00000000 SECT2C3 notype       Static      | $pdata$?_Decwref@_Ref_count_base@std@@QEAAXXZ
A22 00000000 SECT2C4 notype       Static      | .xdata
    Section length    8, #relocs    0, #linenums    0, checksum E7553388, selection    5 (pick associative Section 0x104)
A24 00000000 SECT2C4 notype       Static      | $unwind$??_G_Ref_count_base@std@@UEAAPEAXI@Z
A25 00000000 SECT2C5 notype       Static      | .pdata
    Section length    C, #relocs    3, #linenums    0, checksum 43A25AFA, selection    5 (pick associative Section 0x104)
A27 00000000 SECT2C5 notype       Static      | $pdata$??_G_Ref_count_base@std@@UEAAPEAXI@Z
A28 00000000 SECT2C6 notype       Static      | .xdata
    Section length    8, #relocs    0, #linenums    0, checksum 6072F4B7, selection    5 (pick associative Section 0x10)
A2A 00000000 SECT2C6 notype       Static      | $unwind$??$_Debug_pointer@D@std@@YAXPEBDPEB_WI@Z
A2B 00000000 SECT2C7 notype       Static      | .pdata
    Section length    C, #relocs    3, #linenums    0, checksum 43A25AFA, selection    5 (pick associative Section 0x10)
A2D 00000000 SECT2C7 notype       Static      | $pdata$??$_Debug_pointer@D@std@@YAXPEBDPEB_WI@Z
A2E 00000000 SECT2C8 notype       Static      | .xdata
    Section length    8, #relocs    0, #linenums    0, checksum 6072F4B7, selection    5 (pick associative Section 0x191)
A30 00000000 SECT2C8 notype       Static      | $unwind$?default_error_condition@error_category@std@@UEBA?AVerror_condition@2@H@Z
A31 00000000 SECT2C9 notype       Static      | .pdata
    Section length    C, #relocs    3, #linenums    0, checksum 85CD537D, selection    5 (pick associative Section 0x191)
A33 00000000 SECT2C9 notype       Static      | $pdata$?default_error_condition@error_category@std@@UEBA?AVerror_condition@2@H@Z
A34 00000000 SECT2CA notype       Static      | .xdata
    Section length    8, #relocs    0, #linenums    0, checksum 46F4DE86, selection    5 (pick associative Section 0x194)
A36 00000000 SECT2CA notype       Static      | $unwind$?equivalent@error_category@std@@UEBA_NHAEBVerror_condition@2@@Z
A37 00000000 SECT2CB notype       Static      | .pdata
    Section length    C, #relocs    3, #linenums    0, checksum 9047414F, selection    5 (pick associative Section 0x194)
A39 00000000 SECT2CB notype       Static      | $pdata$?equivalent@error_category@std@@UEBA_NHAEBVerror_condition@2@@Z
A3A 00000000 SECT2CC notype       Static      | .xdata
    Section length    8, #relocs    0, #linenums    0, checksum 583FB257, selection    5 (pick associative Section 0x193)
A3C 00000000 SECT2CC notype       Static      | $unwind$?equivalent@error_category@std@@UEBA_NAEBVerror_code@2@H@Z
A3D 00000000 SECT2CD notype       Static      | .pdata
    Section length    C, #relocs    3, #linenums    0, checksum CE23E617, selection    5 (pick associative Section 0x193)
A3F 00000000 SECT2CD notype       Static      | $pdata$?equivalent@error_category@std@@UEBA_NAEBVerror_code@2@H@Z
A40 00000000 SECT2CE notype       Static      | .xdata
    Section length    8, #relocs    0, #linenums    0, checksum 8CDF4DDB, selection    5 (pick associative Section 0xE8)
A42 00000000 SECT2CE notype       Static      | $unwind$??8error_category@std@@QEBA_NAEBV01@@Z
A43 00000000 SECT2CF notype       Static      | .pdata
    Section length    C, #relocs    3, #linenums    0, checksum  B42549E, selection    5 (pick associative Section 0xE8)
A45 00000000 SECT2CF notype       Static      | $pdata$??8error_category@std@@QEBA_NAEBV01@@Z
A46 00000000 SECT2D0 notype       Static      | .xdata
    Section length    8, #relocs    0, #linenums    0, checksum E7553388, selection    5 (pick associative Section 0x106)
A48 00000000 SECT2D0 notype       Static      | $unwind$??_Gerror_category@std@@UEAAPEAXI@Z
A49 00000000 SECT2D1 notype       Static      | .pdata
    Section length    C, #relocs    3, #linenums    0, checksum 43A25AFA, selection    5 (pick associative Section 0x106)
A4B 00000000 SECT2D1 notype       Static      | $pdata$??_Gerror_category@std@@UEAAPEAXI@Z
A4C 00000000 SECT2D2 notype       Static      | .xdata
    Section length    8, #relocs    0, #linenums    0, checksum FC45C01B, selection    5 (pick associative Section 0xE9)
A4E 00000000 SECT2D2 notype       Static      | $unwind$??8error_condition@std@@QEBA_NAEBV01@@Z
A4F 00000000 SECT2D3 notype       Static      | .pdata
    Section length    C, #relocs    3, #linenums    0, checksum 3D908D58, selection    5 (pick associative Section 0xE9)
A51 00000000 SECT2D3 notype       Static      | $pdata$??8error_condition@std@@QEBA_NAEBV01@@Z
A52 00000000 SECT2D4 notype       Static      | .xdata
    Section length    8, #relocs    0, #linenums    0, checksum 9C7880CC, selection    5 (pick associative Section 0xB5)
A54 00000000 SECT2D4 notype       Static      | $unwind$??0_Generic_error_category@std@@QEAA@XZ
A55 00000000 SECT2D5 notype       Static      | .pdata
    Section length    C, #relocs    3, #linenums    0, checksum AED97719, selection    5 (pick associative Section 0xB5)
A57 00000000 SECT2D5 notype       Static      | $pdata$??0_Generic_error_category@std@@QEAA@XZ
A58 00000000 SECT2D6 notype       Static      | .xdata
    Section length    8, #relocs    0, #linenums    0, checksum F1DD62F7, selection    5 (pick associative Section 0x1B3)
A5A 00000000 SECT2D6 notype       Static      | $unwind$?message@_Generic_error_category@std@@UEBA?AV?$basic_string@DU?$char_traits@D@std@@V?$allocator@D@2@@2@H@Z
A5B 00000000 SECT2D7 notype       Static      | .pdata
    Section length    C, #relocs    3, #linenums    0, checksum 4BEEB56A, selection    5 (pick associative Section 0x1B3)
A5D 00000000 SECT2D7 notype       Static      | $pdata$?message@_Generic_error_category@std@@UEBA?AV?$basic_string@DU?$char_traits@D@std@@V?$allocator@D@2@@2@H@Z
A5E 00000000 SECT2D8 notype       Static      | .xdata
    Section length    8, #relocs    0, #linenums    0, checksum 9C7880CC, selection    5 (pick associative Section 0xDB)
A60 00000000 SECT2D8 notype       Static      | $unwind$??1_Generic_error_category@std@@UEAA@XZ
A61 00000000 SECT2D9 notype       Static      | .pdata
    Section length    C, #relocs    3, #linenums    0, checksum AF5E2A9E, selection    5 (pick associative Section 0xDB)
A63 00000000 SECT2D9 notype       Static      | $pdata$??1_Generic_error_category@std@@UEAA@XZ
A64 00000000 SECT2DA notype       Static      | .xdata
    Section length    8, #relocs    0, #linenums    0, checksum E7553388, selection    5 (pick associative Section 0x102)
A66 00000000 SECT2DA notype       Static      | $unwind$??_G_Generic_error_category@std@@UEAAPEAXI@Z
A67 00000000 SECT2DB notype       Static      | .pdata
    Section length    C, #relocs    3, #linenums    0, checksum 43A25AFA, selection    5 (pick associative Section 0x102)
A69 00000000 SECT2DB notype       Static      | $pdata$??_G_Generic_error_category@std@@UEAAPEAXI@Z
A6A 00000000 SECT2DC notype       Static      | .xdata
    Section length    8, #relocs    0, #linenums    0, checksum 9C7880CC, selection    5 (pick associative Section 0xB7)
A6C 00000000 SECT2DC notype       Static      | $unwind$??0_Iostream_error_category@std@@QEAA@XZ
A6D 00000000 SECT2DD notype       Static      | .pdata
    Section length    C, #relocs    3, #linenums    0, checksum AED97719, selection    5 (pick associative Section 0xB7)
A6F 00000000 SECT2DD notype       Static      | $pdata$??0_Iostream_error_category@std@@QEAA@XZ
A70 00000000 SECT2DE notype       Static      | .xdata
    Section length    8, #relocs    0, #linenums    0, checksum 583FB257, selection    5 (pick associative Section 0x1B4)
A72 00000000 SECT2DE notype       Static      | $unwind$?message@_Iostream_error_category@std@@UEBA?AV?$basic_string@DU?$char_traits@D@std@@V?$allocator@D@2@@2@H@Z
A73 00000000 SECT2DF notype       Static      | .pdata
    Section length    C, #relocs    3, #linenums    0, checksum AC509190, selection    5 (pick associative Section 0x1B4)
A75 00000000 SECT2DF notype       Static      | $pdata$?message@_Iostream_error_category@std@@UEBA?AV?$basic_string@DU?$char_traits@D@std@@V?$allocator@D@2@@2@H@Z
A76 00000000 SECT2E0 notype       Static      | .xdata
    Section length    8, #relocs    0, #linenums    0, checksum 9C7880CC, selection    5 (pick associative Section 0xDC)
A78 00000000 SECT2E0 notype       Static      | $unwind$??1_Iostream_error_category@std@@UEAA@XZ
A79 00000000 SECT2E1 notype       Static      | .pdata
    Section length    C, #relocs    3, #linenums    0, checksum AF5E2A9E, selection    5 (pick associative Section 0xDC)
A7B 00000000 SECT2E1 notype       Static      | $pdata$??1_Iostream_error_category@std@@UEAA@XZ
A7C 00000000 SECT2E2 notype       Static      | .xdata
    Section length    8, #relocs    0, #linenums    0, checksum E7553388, selection    5 (pick associative Section 0x103)
A7E 00000000 SECT2E2 notype       Static      | $unwind$??_G_Iostream_error_category@std@@UEAAPEAXI@Z
A7F 00000000 SECT2E3 notype       Static      | .pdata
    Section length    C, #relocs    3, #linenums    0, checksum 43A25AFA, selection    5 (pick associative Section 0x103)
A81 00000000 SECT2E3 notype       Static      | $pdata$??_G_Iostream_error_category@std@@UEAAPEAXI@Z
A82 00000000 SECT2E4 notype       Static      | .xdata
    Section length    8, #relocs    0, #linenums    0, checksum 9C7880CC, selection    5 (pick associative Section 0xB9)
A84 00000000 SECT2E4 notype       Static      | $unwind$??0_System_error_category@std@@QEAA@XZ
A85 00000000 SECT2E5 notype       Static      | .pdata
    Section length    C, #relocs    3, #linenums    0, checksum AED97719, selection    5 (pick associative Section 0xB9)
A87 00000000 SECT2E5 notype       Static      | $pdata$??0_System_error_category@std@@QEAA@XZ
A88 00000000 SECT2E6 notype       Static      | .xdata
    Section length    8, #relocs    0, #linenums    0, checksum F1DD62F7, selection    5 (pick associative Section 0x1B5)
A8A 00000000 SECT2E6 notype       Static      | $unwind$?message@_System_error_category@std@@UEBA?AV?$basic_string@DU?$char_traits@D@std@@V?$allocator@D@2@@2@H@Z
A8B 00000000 SECT2E7 notype       Static      | .pdata
    Section length    C, #relocs    3, #linenums    0, checksum 4BEEB56A, selection    5 (pick associative Section 0x1B5)
A8D 00000000 SECT2E7 notype       Static      | $pdata$?message@_System_error_category@std@@UEBA?AV?$basic_string@DU?$char_traits@D@std@@V?$allocator@D@2@@2@H@Z
A8E 00000000 SECT2E8 notype       Static      | .xdata
    Section length    8, #relocs    0, #linenums    0, checksum 6072F4B7, selection    5 (pick associative Section 0x190)
A90 00000000 SECT2E8 notype       Static      | $unwind$?default_error_condition@_System_error_category@std@@UEBA?AVerror_condition@2@H@Z
A91 00000000 SECT2E9 notype       Static      | .pdata
    Section length    C, #relocs    3, #linenums    0, checksum D0EBA0BB, selection    5 (pick associative Section 0x190)
A93 00000000 SECT2E9 notype       Static      | $pdata$?default_error_condition@_System_error_category@std@@UEBA?AVerror_condition@2@H@Z
A94 00000000 SECT2EA notype       Static      | .xdata
    Section length    8, #relocs    0, #linenums    0, checksum 9C7880CC, selection    5 (pick associative Section 0xDE)
A96 00000000 SECT2EA notype       Static      | $unwind$??1_System_error_category@std@@UEAA@XZ
A97 00000000 SECT2EB notype       Static      | .pdata
    Section length    C, #relocs    3, #linenums    0, checksum AF5E2A9E, selection    5 (pick associative Section 0xDE)
A99 00000000 SECT2EB notype       Static      | $pdata$??1_System_error_category@std@@UEAA@XZ
A9A 00000000 SECT2EC notype       Static      | .xdata
    Section length    8, #relocs    0, #linenums    0, checksum E7553388, selection    5 (pick associative Section 0x105)
A9C 00000000 SECT2EC notype       Static      | $unwind$??_G_System_error_category@std@@UEAAPEAXI@Z
A9D 00000000 SECT2ED notype       Static      | .pdata
    Section length    C, #relocs    3, #linenums    0, checksum 43A25AFA, selection    5 (pick associative Section 0x105)
A9F 00000000 SECT2ED notype       Static      | $pdata$??_G_System_error_category@std@@UEAAPEAXI@Z
AA0 00000000 SECT2EE notype       Static      | .xdata
    Section length    8, #relocs    0, #linenums    0, checksum 9C7880CC, selection    5 (pick associative Section 0xD8)
AA2 00000000 SECT2EE notype       Static      | $unwind$??1Request@MilesFileChannel26@@QEAA@XZ
AA3 00000000 SECT2EF notype       Static      | .pdata
    Section length    C, #relocs    3, #linenums    0, checksum 35DC62C8, selection    5 (pick associative Section 0xD8)
AA5 00000000 SECT2EF notype       Static      | $pdata$??1Request@MilesFileChannel26@@QEAA@XZ
AA6 00000000 SECT2F0 notype       Static      | .xdata
    Section length    C, #relocs    0, #linenums    0, checksum 608D0A49, selection    5 (pick associative Section 0xB0)
AA8 00000000 SECT2F0 notype       Static      | $unwind$??0Request@MilesFileChannel26@@QEAA@AEBV01@@Z
AA9 00000000 SECT2F1 notype       Static      | .pdata
    Section length    C, #relocs    3, #linenums    0, checksum FBFF84DF, selection    5 (pick associative Section 0xB0)
AAB 00000000 SECT2F1 notype       Static      | $pdata$??0Request@MilesFileChannel26@@QEAA@AEBV01@@Z
AAC 00000000 SECT2F2 notype       Static      | .xdata
    Section length    8, #relocs    0, #linenums    0, checksum A435C62C, selection    5 (pick associative Section 0xF1)
AAE 00000000 SECT2F2 notype       Static      | $unwind$??B?$shared_ptr@$$CBX@std@@QEBA_NXZ
AAF 00000000 SECT2F3 notype       Static      | .pdata
    Section length    C, #relocs    3, #linenums    0, checksum  1875D87, selection    5 (pick associative Section 0xF1)
AB1 00000000 SECT2F3 notype       Static      | $pdata$??B?$shared_ptr@$$CBX@std@@QEBA_NXZ
AB2 00000000 SECT2F4 notype       Static      | .xdata
    Section length    8, #relocs    0, #linenums    0, checksum 6072F4B7, selection    5 (pick associative Section 0x18B)
AB4 00000000 SECT2F4 notype       Static      | $unwind$?deallocate@?$allocator@E@std@@QEAAXPEAE_K@Z
AB5 00000000 SECT2F5 notype       Static      | .pdata
    Section length    C, #relocs    3, #linenums    0, checksum BB53652B, selection    5 (pick associative Section 0x18B)
AB7 00000000 SECT2F5 notype       Static      | $pdata$?deallocate@?$allocator@E@std@@QEAAXPEAE_K@Z
AB8 00000000 SECT2F6 notype       Static      | .xdata
    Section length    8, #relocs    0, #linenums    0, checksum C40886FB, selection    5 (pick associative Section 0x171)
ABA 00000000 SECT2F6 notype       Static      | $unwind$?allocate@?$allocator@E@std@@QEAAPEAE_K@Z
ABB 00000000 SECT2F7 notype       Static      | .pdata
    Section length    C, #relocs    3, #linenums    0, checksum A59B2387, selection    5 (pick associative Section 0x171)
ABD 00000000 SECT2F7 notype       Static      | $pdata$?allocate@?$allocator@E@std@@QEAAPEAE_K@Z
ABE 00000000 SECT2F8 notype       Static      | .xdata
    Section length    8, #relocs    0, #linenums    0, checksum 9C7880CC, selection    5 (pick associative Section 0x1AA)
AC0 00000000 SECT2F8 notype       Static      | $unwind$?max_size@?$allocator_traits@V?$allocator@E@std@@@std@@SA_KAEBV?$allocator@E@2@@Z
AC1 00000000 SECT2F9 notype       Static      | .pdata
    Section length    C, #relocs    3, #linenums    0, checksum AF5E2A9E, selection    5 (pick associative Section 0x1AA)
AC3 00000000 SECT2F9 notype       Static      | $pdata$?max_size@?$allocator_traits@V?$allocator@E@std@@@std@@SA_KAEBV?$allocator@E@2@@Z
AC4 00000000 SECT2FA notype       Static      | .xdata
    Section length    8, #relocs    0, #linenums    0, checksum 9C7880CC, selection    5 (pick associative Section 0x89)
AC6 00000000 SECT2FA notype       Static      | $unwind$??0?$_Wrap_alloc@V?$allocator@E@std@@@std@@QEAA@XZ
AC7 00000000 SECT2FB notype       Static      | .pdata
    Section length    C, #relocs    3, #linenums    0, checksum E7BE24FA, selection    5 (pick associative Section 0x89)
AC9 00000000 SECT2FB notype       Static      | $pdata$??0?$_Wrap_alloc@V?$allocator@E@std@@@std@@QEAA@XZ
ACA 00000000 SECT2FC notype       Static      | .xdata
    Section length    8, #relocs    0, #linenums    0, checksum C40886FB, selection    5 (pick associative Section 0x16B)
ACC 00000000 SECT2FC notype       Static      | $unwind$?allocate@?$_Wrap_alloc@V?$allocator@E@std@@@std@@QEAAPEAE_K@Z
ACD 00000000 SECT2FD notype       Static      | .pdata
    Section length    C, #relocs    3, #linenums    0, checksum BB53652B, selection    5 (pick associative Section 0x16B)
ACF 00000000 SECT2FD notype       Static      | $pdata$?allocate@?$_Wrap_alloc@V?$allocator@E@std@@@std@@QEAAPEAE_K@Z
AD0 00000000 SECT2FE notype       Static      | .xdata
    Section length    8, #relocs    0, #linenums    0, checksum 6072F4B7, selection    5 (pick associative Section 0x185)
AD2 00000000 SECT2FE notype       Static      | $unwind$?deallocate@?$_Wrap_alloc@V?$allocator@E@std@@@std@@QEAAXPEAE_K@Z
AD3 00000000 SECT2FF notype       Static      | .pdata
    Section length    C, #relocs    3, #linenums    0, checksum AED97719, selection    5 (pick associative Section 0x185)
AD5 00000000 SECT2FF notype       Static      | $pdata$?deallocate@?$_Wrap_alloc@V?$allocator@E@std@@@std@@QEAAXPEAE_K@Z
AD6 00000000 SECT300 notype       Static      | .xdata
    Section length    8, #relocs    0, #linenums    0, checksum 9C7880CC, selection    5 (pick associative Section 0x1A0)
AD8 00000000 SECT300 notype       Static      | $unwind$?max_size@?$_Wrap_alloc@V?$allocator@E@std@@@std@@QEBA_KXZ
AD9 00000000 SECT301 notype       Static      | .pdata
    Section length    C, #relocs    3, #linenums    0, checksum AF5E2A9E, selection    5 (pick associative Section 0x1A0)
ADB 00000000 SECT301 notype       Static      | $pdata$?max_size@?$_Wrap_alloc@V?$allocator@E@std@@@std@@QEBA_KXZ
ADC 00000000 SECT302 notype       Static      | .xdata
    Section length    8, #relocs    0, #linenums    0, checksum 9C7880CC, selection    5 (pick associative Section 0x83)
ADE 00000000 SECT302 notype       Static      | $unwind$??0?$_Vector_val@U?$_Simple_types@E@std@@@std@@QEAA@XZ
ADF 00000000 SECT303 notype       Static      | .pdata
    Section length    C, #relocs    3, #linenums    0, checksum ADD7CC17, selection    5 (pick associative Section 0x83)
AE1 00000000 SECT303 notype       Static      | $pdata$??0?$_Vector_val@U?$_Simple_types@E@std@@@std@@QEAA@XZ
AE2 00000000 SECT304 notype       Static      | .xdata
    Section length    8, #relocs    0, #linenums    0, checksum 9C7880CC, selection    5 (pick associative Section 0xC8)
AE4 00000000 SECT304 notype       Static      | $unwind$??1?$_Vector_val@U?$_Simple_types@E@std@@@std@@QEAA@XZ
AE5 00000000 SECT305 notype       Static      | .pdata
    Section length    C, #relocs    3, #linenums    0, checksum AF5E2A9E, selection    5 (pick associative Section 0xC8)
AE7 00000000 SECT305 notype       Static      | $pdata$??1?$_Vector_val@U?$_Simple_types@E@std@@@std@@QEAA@XZ
AE8 00000000 SECT306 notype       Static      | .xdata
    Section length   10, #relocs    2, #linenums    0, checksum EBAA22CB, selection    5 (pick associative Section 0x7B)
AEA 00000000 SECT306 notype       Static      | $unwind$??0?$_Vector_alloc@$0A@U?$_Vec_base_types@EV?$allocator@E@std@@@std@@@std@@QEAA@AEBV?$allocator@E@1@@Z
AEB 00000000 SECT307 notype       Static      | .pdata
    Section length    C, #relocs    3, #linenums    0, checksum 8F085A64, selection    5 (pick associative Section 0x7B)
AED 00000000 SECT307 notype       Static      | $pdata$??0?$_Vector_alloc@$0A@U?$_Vec_base_types@EV?$allocator@E@std@@@std@@@std@@QEAA@AEBV?$allocator@E@1@@Z
AEE 00000000 SECT308 notype       Static      | .rdata
    Section length   28, #relocs    2, #linenums    0, checksum E93FB885, selection    5 (pick associative Section 0x7B)
AF0 00000000 SECT308 notype       Static      | $cppxdata$??0?$_Vector_alloc@$0A@U?$_Vec_base_types@EV?$allocator@E@std@@@std@@@std@@QEAA@AEBV?$allocator@E@1@@Z
AF1 00000000 SECT309 notype       Static      | .xdata
    Section length    8, #relocs    1, #linenums    0, checksum 9ADD2096, selection    5 (pick associative Section 0x7B)
AF3 00000000 SECT309 notype       Static      | $stateUnwindMap$??0?$_Vector_alloc@$0A@U?$_Vec_base_types@EV?$allocator@E@std@@@std@@@std@@QEAA@AEBV?$allocator@E@1@@Z
AF4 00000000 SECT30A notype       Static      | .xdata
    Section length   18, #relocs    3, #linenums    0, checksum DC7D6D08, selection    5 (pick associative Section 0x7B)
AF6 00000000 SECT30A notype       Static      | $ip2state$??0?$_Vector_alloc@$0A@U?$_Vec_base_types@EV?$allocator@E@std@@@std@@@std@@QEAA@AEBV?$allocator@E@1@@Z
AF7 00000000 SECT30B notype       Static      | .xdata
    Section length    8, #relocs    0, #linenums    0, checksum B96BC9FB, selection    5 (pick associative Section 0x7B)
AF9 00000000 SECT30B notype       Static      | $unwind$?dtor$0@?0???0?$_Vector_alloc@$0A@U?$_Vec_base_types@EV?$allocator@E@std@@@std@@@std@@QEAA@AEBV?$allocator@E@1@@Z@4HA
AFA 00000000 SECT30C notype       Static      | .pdata
    Section length    C, #relocs    3, #linenums    0, checksum AF5E2A9E, selection    5 (pick associative Section 0x7B)
AFC 00000000 SECT30C notype       Static      | $pdata$?dtor$0@?0???0?$_Vector_alloc@$0A@U?$_Vec_base_types@EV?$allocator@E@std@@@std@@@std@@QEAA@AEBV?$allocator@E@1@@Z@4HA
AFD 00000000 SECT30D notype       Static      | .xdata
    Section length    8, #relocs    0, #linenums    0, checksum 9C7880CC, selection    5 (pick associative Section 0xC4)
AFF 00000000 SECT30D notype       Static      | $unwind$??1?$_Vector_alloc@$0A@U?$_Vec_base_types@EV?$allocator@E@std@@@std@@@std@@QEAA@XZ
B00 00000000 SECT30E notype       Static      | .pdata
    Section length    C, #relocs    3, #linenums    0, checksum BB53652B, selection    5 (pick associative Section 0xC4)
B02 00000000 SECT30E notype       Static      | $pdata$??1?$_Vector_alloc@$0A@U?$_Vec_base_types@EV?$allocator@E@std@@@std@@@std@@QEAA@XZ
B03 00000000 SECT30F notype       Static      | .xdata
    Section length    8, #relocs    0, #linenums    0, checksum  DD7168C, selection    5 (pick associative Section 0x118)
B05 00000000 SECT30F notype       Static      | $unwind$?_Alloc_proxy@?$_Vector_alloc@$0A@U?$_Vec_base_types@EV?$allocator@E@std@@@std@@@std@@QEAAXXZ
B06 00000000 SECT310 notype       Static      | .pdata
    Section length    C, #relocs    3, #linenums    0, checksum 40ACE1F4, selection    5 (pick associative Section 0x118)
B08 00000000 SECT310 notype       Static      | $pdata$?_Alloc_proxy@?$_Vector_alloc@$0A@U?$_Vec_base_types@EV?$allocator@E@std@@@std@@@std@@QEAAXXZ
B09 00000000 SECT311 notype       Static      | .xdata
    Section length    8, #relocs    0, #linenums    0, checksum A435C62C, selection    5 (pick associative Section 0x134)
B0B 00000000 SECT311 notype       Static      | $unwind$?_Free_proxy@?$_Vector_alloc@$0A@U?$_Vec_base_types@EV?$allocator@E@std@@@std@@@std@@QEAAXXZ
B0C 00000000 SECT312 notype       Static      | .pdata
    Section length    C, #relocs    3, #linenums    0, checksum 86C3E873, selection    5 (pick associative Section 0x134)
B0E 00000000 SECT312 notype       Static      | $pdata$?_Free_proxy@?$_Vector_alloc@$0A@U?$_Vec_base_types@EV?$allocator@E@std@@@std@@@std@@QEAAXXZ
B0F 00000000 SECT313 notype       Static      | .xdata
    Section length    8, #relocs    0, #linenums    0, checksum C40886FB, selection    5 (pick associative Section 0x13F)
B11 00000000 SECT313 notype       Static      | $unwind$?_Getal@?$_Vector_alloc@$0A@U?$_Vec_base_types@EV?$allocator@E@std@@@std@@@std@@QEBA?AU?$_Wrap_alloc@V?$allocator@E@std@@@2@XZ
B12 00000000 SECT314 notype       Static      | .pdata
    Section length    C, #relocs    3, #linenums    0, checksum BB53652B, selection    5 (pick associative Section 0x13F)
B14 00000000 SECT314 notype       Static      | $pdata$?_Getal@?$_Vector_alloc@$0A@U?$_Vec_base_types@EV?$allocator@E@std@@@std@@@std@@QEBA?AU?$_Wrap_alloc@V?$allocator@E@std@@@2@XZ
B15 00000000 SECT315 notype       Static      | .xdata
    Section length   10, #relocs    2, #linenums    0, checksum 98B9BD84, selection    5 (pick associative Section 0xA4)
B17 00000000 SECT315 notype       Static      | $unwind$??0?$vector@EV?$allocator@E@std@@@std@@QEAA@_K@Z
B18 00000000 SECT316 notype       Static      | .pdata
    Section length    C, #relocs    3, #linenums    0, checksum 2F80B4F1, selection    5 (pick associative Section 0xA4)
B1A 00000000 SECT316 notype       Static      | $pdata$??0?$vector@EV?$allocator@E@std@@@std@@QEAA@_K@Z
B1B 00000000 SECT317 notype       Static      | .rdata
    Section length   28, #relocs    3, #linenums    0, checksum 2D640775, selection    5 (pick associative Section 0xA4)
B1D 00000000 SECT317 notype       Static      | $cppxdata$??0?$vector@EV?$allocator@E@std@@@std@@QEAA@_K@Z
B1E 00000000 SECT318 notype       Static      | .xdata
    Section length   18, #relocs    1, #linenums    0, checksum 5C3E35DF, selection    5 (pick associative Section 0xA4)
B20 00000000 SECT318 notype       Static      | $stateUnwindMap$??0?$vector@EV?$allocator@E@std@@@std@@QEAA@_K@Z
B21 00000000 SECT319 notype       Static      | .xdata
    Section length   14, #relocs    1, #linenums    0, checksum EB9E34D6, selection    5 (pick associative Section 0xA4)
B23 00000000 SECT319 notype       Static      | $tryMap$??0?$vector@EV?$allocator@E@std@@@std@@QEAA@_K@Z
B24 00000000 SECT31A notype       Static      | .xdata
    Section length   14, #relocs    1, #linenums    0, checksum   677058, selection    5 (pick associative Section 0xA4)
B26 00000000 SECT31A notype       Static      | $handlerMap$0$??0?$vector@EV?$allocator@E@std@@@std@@QEAA@_K@Z
B27 00000000 SECT31B notype       Static      | .xdata
    Section length   40, #relocs    8, #linenums    0, checksum 79BF5317, selection    5 (pick associative Section 0xA4)
B29 00000000 SECT31B notype       Static      | $ip2state$??0?$vector@EV?$allocator@E@std@@@std@@QEAA@_K@Z
B2A 00000000 SECT31C notype       Static      | .xdata
    Section length    8, #relocs    0, #linenums    0, checksum B96BC9FB, selection    5 (pick associative Section 0xA4)
B2C 00000000 SECT31C notype       Static      | $unwind$?dtor$0@?0???0?$vector@EV?$allocator@E@std@@@std@@QEAA@_K@Z@4HA
B2D 00000000 SECT31D notype       Static      | .pdata
    Section length    C, #relocs    3, #linenums    0, checksum AF5E2A9E, selection    5 (pick associative Section 0xA4)
B2F 00000000 SECT31D notype       Static      | $pdata$?dtor$0@?0???0?$vector@EV?$allocator@E@std@@@std@@QEAA@_K@Z@4HA
B30 00000000 SECT31E notype       Static      | .xdata
    Section length   10, #relocs    2, #linenums    0, checksum 5840A276, selection    5 (pick associative Section 0xA4)
B32 00000000 SECT31E notype       Static      | $unwind$?catch$0@?0???0?$vector@EV?$allocator@E@std@@@std@@QEAA@_K@Z@4HA
B33 00000000 SECT31F notype       Static      | .pdata
    Section length    C, #relocs    3, #linenums    0, checksum ECFC7064, selection    5 (pick associative Section 0xA4)
B35 00000000 SECT31F notype       Static      | $pdata$?catch$0@?0???0?$vector@EV?$allocator@E@std@@@std@@QEAA@_K@Z@4HA
B36 00000000 SECT320 notype       Static      | .xdata
    Section length    8, #relocs    0, #linenums    0, checksum 9C7880CC, selection    5 (pick associative Section 0xD2)
B38 00000000 SECT320 notype       Static      | $unwind$??1?$vector@EV?$allocator@E@std@@@std@@QEAA@XZ
B39 00000000 SECT321 notype       Static      | .pdata
    Section length    C, #relocs    3, #linenums    0, checksum BB53652B, selection    5 (pick associative Section 0xD2)
B3B 00000000 SECT321 notype       Static      | $pdata$??1?$vector@EV?$allocator@E@std@@@std@@QEAA@XZ
B3C 00000000 SECT322 notype       Static      | .xdata
    Section length    8, #relocs    0, #linenums    0, checksum A435C62C, selection    5 (pick associative Section 0x1AF)
B3E 00000000 SECT322 notype       Static      | $unwind$?max_size@?$vector@EV?$allocator@E@std@@@std@@QEBA_KXZ
B3F 00000000 SECT323 notype       Static      | .pdata
    Section length    C, #relocs    3, #linenums    0, checksum B1966C32, selection    5 (pick associative Section 0x1AF)
B41 00000000 SECT323 notype       Static      | $pdata$?max_size@?$vector@EV?$allocator@E@std@@@std@@QEBA_KXZ
B42 00000000 SECT324 notype       Static      | .xdata
    Section length    8, #relocs    0, #linenums    0, checksum FC45C01B, selection    5 (pick associative Section 0xEA)
B44 00000000 SECT324 notype       Static      | $unwind$??A?$vector@EV?$allocator@E@std@@@std@@QEAAAEAE_K@Z
B45 00000000 SECT325 notype       Static      | .pdata
    Section length    C, #relocs    3, #linenums    0, checksum FEEC49CD, selection    5 (pick associative Section 0xEA)
B47 00000000 SECT325 notype       Static      | $pdata$??A?$vector@EV?$allocator@E@std@@@std@@QEAAAEAE_K@Z
B48 00000000 SECT326 notype       Static      | .xdata
    Section length    8, #relocs    0, #linenums    0, checksum FC45C01B, selection    5 (pick associative Section 0x11E)
B4A 00000000 SECT326 notype       Static      | $unwind$?_Buy@?$vector@EV?$allocator@E@std@@@std@@IEAA_N_K@Z
B4B 00000000 SECT327 notype       Static      | .pdata
    Section length    C, #relocs    3, #linenums    0, checksum 9E16D8C3, selection    5 (pick associative Section 0x11E)
B4D 00000000 SECT327 notype       Static      | $pdata$?_Buy@?$vector@EV?$allocator@E@std@@@std@@IEAA_N_K@Z
B4E 00000000 SECT328 notype       Static      | .xdata
    Section length    8, #relocs    0, #linenums    0, checksum 583FB257, selection    5 (pick associative Section 0x12C)
B50 00000000 SECT328 notype       Static      | $unwind$?_Destroy@?$vector@EV?$allocator@E@std@@@std@@IEAAXPEAE0@Z
B51 00000000 SECT329 notype       Static      | .pdata
    Section length    C, #relocs    3, #linenums    0, checksum D8A74F2B, selection    5 (pick associative Section 0x12C)
B53 00000000 SECT329 notype       Static      | $pdata$?_Destroy@?$vector@EV?$allocator@E@std@@@std@@IEAAXPEAE0@Z
B54 00000000 SECT32A notype       Static      | .xdata
    Section length    8, #relocs    0, #linenums    0, checksum A435C62C, selection    5 (pick associative Section 0x15F)
B56 00000000 SECT32A notype       Static      | $unwind$?_Tidy@?$vector@EV?$allocator@E@std@@@std@@IEAAXXZ
B57 00000000 SECT32B notype       Static      | .pdata
    Section length    C, #relocs    3, #linenums    0, checksum 3148F25D, selection    5 (pick associative Section 0x15F)
B59 00000000 SECT32B notype       Static      | $pdata$?_Tidy@?$vector@EV?$allocator@E@std@@@std@@IEAAXXZ
B5A 00000000 SECT32C notype       Static      | .xdata
    Section length    8, #relocs    0, #linenums    0, checksum 9C7880CC, selection    5 (pick associative Section 0x165)
B5C 00000000 SECT32C notype       Static      | $unwind$?_Xlen@?$vector@EV?$allocator@E@std@@@std@@IEBAXXZ
B5D 00000000 SECT32D notype       Static      | .pdata
    Section length    C, #relocs    3, #linenums    0, checksum ED7B2DE3, selection    5 (pick associative Section 0x165)
B5F 00000000 SECT32D notype       Static      | $pdata$?_Xlen@?$vector@EV?$allocator@E@std@@@std@@IEBAXXZ
B60 00000000 SECT32E notype       Static      | .xdata
    Section length    8, #relocs    0, #linenums    0, checksum C40886FB, selection    5 (pick associative Section 0x6F)
B62 00000000 SECT32E notype       Static      | $unwind$??0?$_Ptr_base@$$CBUBinding@MilesFileChannel26@@@std@@QEAA@$$QEAV01@@Z
B63 00000000 SECT32F notype       Static      | .pdata
    Section length    C, #relocs    3, #linenums    0, checksum FA78D958, selection    5 (pick associative Section 0x6F)
B65 00000000 SECT32F notype       Static      | $pdata$??0?$_Ptr_base@$$CBUBinding@MilesFileChannel26@@@std@@QEAA@$$QEAV01@@Z
B66 00000000 SECT330 notype       Static      | .xdata
    Section length    8, #relocs    0, #linenums    0, checksum C40886FB, selection    5 (pick associative Section 0x11C)
B68 00000000 SECT330 notype       Static      | $unwind$?_Assign_rv@?$_Ptr_base@$$CBUBinding@MilesFileChannel26@@@std@@QEAAX$$QEAV12@@Z
B69 00000000 SECT331 notype       Static      | .pdata
    Section length    C, #relocs    3, #linenums    0, checksum ECFC7064, selection    5 (pick associative Section 0x11C)
B6B 00000000 SECT331 notype       Static      | $pdata$?_Assign_rv@?$_Ptr_base@$$CBUBinding@MilesFileChannel26@@@std@@QEAAX$$QEAV12@@Z
B6C 00000000 SECT332 notype       Static      | .xdata
    Section length    8, #relocs    0, #linenums    0, checksum C40886FB, selection    5 (pick associative Section 0x15B)
B6E 00000000 SECT332 notype       Static      | $unwind$?_Swap@?$_Ptr_base@$$CBUBinding@MilesFileChannel26@@@std@@QEAAXAEAV12@@Z
B6F 00000000 SECT333 notype       Static      | .pdata
    Section length    C, #relocs    3, #linenums    0, checksum 5CED41D1, selection    5 (pick associative Section 0x15B)
B71 00000000 SECT333 notype       Static      | $pdata$?_Swap@?$_Ptr_base@$$CBUBinding@MilesFileChannel26@@@std@@QEAAXAEAV12@@Z
B72 00000000 SECT334 notype       Static      | .xdata
    Section length    8, #relocs    0, #linenums    0, checksum 9C7880CC, selection    5 (pick associative Section 0x124)
B74 00000000 SECT334 notype       Static      | $unwind$?_Decref@?$_Ptr_base@$$CBUBinding@MilesFileChannel26@@@std@@QEAAXXZ
B75 00000000 SECT335 notype       Static      | .pdata
    Section length    C, #relocs    3, #linenums    0, checksum 2A9379E3, selection    5 (pick associative Section 0x124)
B77 00000000 SECT335 notype       Static      | $pdata$?_Decref@?$_Ptr_base@$$CBUBinding@MilesFileChannel26@@@std@@QEAAXXZ
B78 00000000 SECT336 notype       Static      | .xdata
    Section length    8, #relocs    0, #linenums    0, checksum 6072F4B7, selection    5 (pick associative Section 0x157)
B7A 00000000 SECT336 notype       Static      | $unwind$?_Reset@?$_Ptr_base@$$CBUBinding@MilesFileChannel26@@@std@@QEAAXPEBUBinding@MilesFileChannel26@@PEAV_Ref_count_base@2@@Z
B7B 00000000 SECT337 notype       Static      | .pdata
    Section length    C, #relocs    3, #linenums    0, checksum 9047414F, selection    5 (pick associative Section 0x157)
B7D 00000000 SECT337 notype       Static      | $pdata$?_Reset@?$_Ptr_base@$$CBUBinding@MilesFileChannel26@@@std@@QEAAXPEBUBinding@MilesFileChannel26@@PEAV_Ref_count_base@2@@Z
B7E 00000000 SECT338 notype       Static      | .xdata
    Section length    8, #relocs    0, #linenums    0, checksum 6072F4B7, selection    5 (pick associative Section 0x153)
B80 00000000 SECT338 notype       Static      | $unwind$?_Reset0@?$_Ptr_base@$$CBUBinding@MilesFileChannel26@@@std@@QEAAXPEBUBinding@MilesFileChannel26@@PEAV_Ref_count_base@2@@Z
B81 00000000 SECT339 notype       Static      | .pdata
    Section length    C, #relocs    3, #linenums    0, checksum B298D73C, selection    5 (pick associative Section 0x153)
B83 00000000 SECT339 notype       Static      | $pdata$?_Reset0@?$_Ptr_base@$$CBUBinding@MilesFileChannel26@@@std@@QEAAXPEBUBinding@MilesFileChannel26@@PEAV_Ref_count_base@2@@Z
B84 00000000 SECT33A notype       Static      | .xdata
    Section length    8, #relocs    0, #linenums    0, checksum 9C7880CC, selection    5 (pick associative Section 0x9C)
B86 00000000 SECT33A notype       Static      | $unwind$??0?$shared_ptr@$$CBUBinding@MilesFileChannel26@@@std@@QEAA@XZ
B87 00000000 SECT33B notype       Static      | .pdata
    Section length    C, #relocs    3, #linenums    0, checksum E7BE24FA, selection    5 (pick associative Section 0x9C)
B89 00000000 SECT33B notype       Static      | $pdata$??0?$shared_ptr@$$CBUBinding@MilesFileChannel26@@@std@@QEAA@XZ
B8A 00000000 SECT33C notype       Static      | .xdata
    Section length    8, #relocs    0, #linenums    0, checksum C40886FB, selection    5 (pick associative Section 0x9B)
B8C 00000000 SECT33C notype       Static      | $unwind$??0?$shared_ptr@$$CBUBinding@MilesFileChannel26@@@std@@QEAA@AEBV01@@Z
B8D 00000000 SECT33D notype       Static      | .pdata
    Section length    C, #relocs    3, #linenums    0, checksum 496753E3, selection    5 (pick associative Section 0x9B)
B8F 00000000 SECT33D notype       Static      | $pdata$??0?$shared_ptr@$$CBUBinding@MilesFileChannel26@@@std@@QEAA@AEBV01@@Z
B90 00000000 SECT33E notype       Static      | .xdata
    Section length    8, #relocs    0, #linenums    0, checksum C40886FB, selection    5 (pick associative Section 0x9A)
B92 00000000 SECT33E notype       Static      | $unwind$??0?$shared_ptr@$$CBUBinding@MilesFileChannel26@@@std@@QEAA@$$QEAV01@@Z
B93 00000000 SECT33F notype       Static      | .pdata
    Section length    C, #relocs    3, #linenums    0, checksum 205670FA, selection    5 (pick associative Section 0x9A)
B95 00000000 SECT33F notype       Static      | $pdata$??0?$shared_ptr@$$CBUBinding@MilesFileChannel26@@@std@@QEAA@$$QEAV01@@Z
B96 00000000 SECT340 notype       Static      | .xdata
    Section length    8, #relocs    0, #linenums    0, checksum FC45C01B, selection    5 (pick associative Section 0xE4)
B98 00000000 SECT340 notype       Static      | $unwind$??4?$shared_ptr@$$CBUBinding@MilesFileChannel26@@@std@@QEAAAEAV01@$$QEAV01@@Z
B99 00000000 SECT341 notype       Static      | .pdata
    Section length    C, #relocs    3, #linenums    0, checksum EFF2CB6A, selection    5 (pick associative Section 0xE4)
B9B 00000000 SECT341 notype       Static      | $pdata$??4?$shared_ptr@$$CBUBinding@MilesFileChannel26@@@std@@QEAAAEAV01@$$QEAV01@@Z
B9C 00000000 SECT342 notype       Static      | .xdata
    Section length    8, #relocs    0, #linenums    0, checksum 9C7880CC, selection    5 (pick associative Section 0xCD)
B9E 00000000 SECT342 notype       Static      | $unwind$??1?$shared_ptr@$$CBUBinding@MilesFileChannel26@@@std@@QEAA@XZ
B9F 00000000 SECT343 notype       Static      | .pdata
    Section length    C, #relocs    3, #linenums    0, checksum AF5E2A9E, selection    5 (pick associative Section 0xCD)
BA1 00000000 SECT343 notype       Static      | $pdata$??1?$shared_ptr@$$CBUBinding@MilesFileChannel26@@@std@@QEAA@XZ
BA2 00000000 SECT344 notype       Static      | .xdata
    Section length    8, #relocs    0, #linenums    0, checksum C40886FB, selection    5 (pick associative Section 0x1CC)
BA4 00000000 SECT344 notype       Static      | $unwind$?swap@?$shared_ptr@$$CBUBinding@MilesFileChannel26@@@std@@QEAAXAEAV12@@Z
BA5 00000000 SECT345 notype       Static      | .pdata
    Section length    C, #relocs    3, #linenums    0, checksum BB53652B, selection    5 (pick associative Section 0x1CC)
BA7 00000000 SECT345 notype       Static      | $pdata$?swap@?$shared_ptr@$$CBUBinding@MilesFileChannel26@@@std@@QEAAXAEAV12@@Z
BA8 00000000 SECT346 notype       Static      | .xdata
    Section length    8, #relocs    0, #linenums    0, checksum 6072F4B7, selection    5 (pick associative Section 0x15A)
BAA 00000000 SECT346 notype       Static      | $unwind$?_Reset@?$_Ptr_base@X@std@@QEAAXPEAXPEAV_Ref_count_base@2@@Z
BAB 00000000 SECT347 notype       Static      | .pdata
    Section length    C, #relocs    3, #linenums    0, checksum 9047414F, selection    5 (pick associative Section 0x15A)
BAD 00000000 SECT347 notype       Static      | $pdata$?_Reset@?$_Ptr_base@X@std@@QEAAXPEAXPEAV_Ref_count_base@2@@Z
BAE 00000000 SECT348 notype       Static      | .xdata
    Section length    8, #relocs    0, #linenums    0, checksum 6072F4B7, selection    5 (pick associative Section 0x156)
BB0 00000000 SECT348 notype       Static      | $unwind$?_Reset0@?$_Ptr_base@X@std@@QEAAXPEAXPEAV_Ref_count_base@2@@Z
BB1 00000000 SECT349 notype       Static      | .pdata
    Section length    C, #relocs    3, #linenums    0, checksum B298D73C, selection    5 (pick associative Section 0x156)
BB3 00000000 SECT349 notype       Static      | $pdata$?_Reset0@?$_Ptr_base@X@std@@QEAAXPEAXPEAV_Ref_count_base@2@@Z
BB4 00000000 SECT34A notype       Static      | .xdata
    Section length    8, #relocs    0, #linenums    0, checksum A435C62C, selection    5 (pick associative Section 0xF5)
BB6 00000000 SECT34A notype       Static      | $unwind$??B?$shared_ptr@X@std@@QEBA_NXZ
BB7 00000000 SECT34B notype       Static      | .pdata
    Section length    C, #relocs    3, #linenums    0, checksum  1875D87, selection    5 (pick associative Section 0xF5)
BB9 00000000 SECT34B notype       Static      | $pdata$??B?$shared_ptr@X@std@@QEBA_NXZ
BBA 00000000 SECT34C notype       Static      | .xdata
    Section length  464, #relocs   6B, #linenums    0, checksum EC2F1F9A
BBC 00000000 SECT34C notype       Static      | $unwind$??0SessionFileOwner@MilesFileOwner36@@QEAA@AEAVCoordinator@MilesCoordinator@@_K1V?$shared_ptr@UFileSessionContext@MilesFileOwner36@@@std@@11@Z
BBD 00000000 SECT34D notype       Static      | .pdata
    Section length   84, #relocs   21, #linenums    0, checksum E12792CB
BBF 00000000 SECT34D notype       Static      | $pdata$??0SessionFileOwner@MilesFileOwner36@@QEAA@AEAVCoordinator@MilesCoordinator@@_K1V?$shared_ptr@UFileSessionContext@MilesFileOwner36@@@std@@11@Z
BC0 00000068 SECT3  notype       Static       | $cppxdata$??0SessionFileOwner@MilesFileOwner36@@QEAA@AEAVCoordinator@MilesCoordinator@@_K1V?$shared_ptr@UFileSessionContext@MilesFileOwner36@@@std@@11@Z
BC1 00000010 SECT34C notype       Static      | $stateUnwindMap$??0SessionFileOwner@MilesFileOwner36@@QEAA@AEAVCoordinator@MilesCoordinator@@_K1V?$shared_ptr@UFileSessionContext@MilesFileOwner36@@@std@@11@Z
BC2 00000038 SECT34C notype       Static      | $ip2state$??0SessionFileOwner@MilesFileOwner36@@QEAA@AEAVCoordinator@MilesCoordinator@@_K1V?$shared_ptr@UFileSessionContext@MilesFileOwner36@@@std@@11@Z
BC3 00000070 SECT34C notype       Static      | $unwind$?dtor$0@?0???0SessionFileOwner@MilesFileOwner36@@QEAA@AEAVCoordinator@MilesCoordinator@@_K1V?$shared_ptr@UFileSessionContext@MilesFileOwner36@@@std@@11@Z@4HA
BC4 00000000 SECT34E notype       Static      | .pdata
    Section length   C0, #relocs   30, #linenums    0, checksum 16C3CD8D
BC6 00000000 SECT34E notype       Static      | $pdata$?dtor$0@?0???0SessionFileOwner@MilesFileOwner36@@QEAA@AEAVCoordinator@MilesCoordinator@@_K1V?$shared_ptr@UFileSessionContext@MilesFileOwner36@@@std@@11@Z@4HA
BC7 00000078 SECT34C notype       Static      | $unwind$?dtor$1@?0???0SessionFileOwner@MilesFileOwner36@@QEAA@AEAVCoordinator@MilesCoordinator@@_K1V?$shared_ptr@UFileSessionContext@MilesFileOwner36@@@std@@11@Z@4HA
BC8 0000000C SECT34E notype       Static      | $pdata$?dtor$1@?0???0SessionFileOwner@MilesFileOwner36@@QEAA@AEAVCoordinator@MilesCoordinator@@_K1V?$shared_ptr@UFileSessionContext@MilesFileOwner36@@@std@@11@Z@4HA
BC9 00000080 SECT34C notype       Static      | $unwind$?dtor$2@?0???0SessionFileOwner@MilesFileOwner36@@QEAA@AEAVCoordinator@MilesCoordinator@@_K1V?$shared_ptr@UFileSessionContext@MilesFileOwner36@@@std@@11@Z@4HA
BCA 00000018 SECT34E notype       Static      | $pdata$?dtor$2@?0???0SessionFileOwner@MilesFileOwner36@@QEAA@AEAVCoordinator@MilesCoordinator@@_K1V?$shared_ptr@UFileSessionContext@MilesFileOwner36@@@std@@11@Z@4HA
BCB 00000088 SECT34C notype       Static      | $unwind$?dtor$3@?0???0SessionFileOwner@MilesFileOwner36@@QEAA@AEAVCoordinator@MilesCoordinator@@_K1V?$shared_ptr@UFileSessionContext@MilesFileOwner36@@@std@@11@Z@4HA
BCC 00000024 SECT34E notype       Static      | $pdata$?dtor$3@?0???0SessionFileOwner@MilesFileOwner36@@QEAA@AEAVCoordinator@MilesCoordinator@@_K1V?$shared_ptr@UFileSessionContext@MilesFileOwner36@@@std@@11@Z@4HA
BCD 00000090 SECT34C notype       Static      | $unwind$?dtor$4@?0???0SessionFileOwner@MilesFileOwner36@@QEAA@AEAVCoordinator@MilesCoordinator@@_K1V?$shared_ptr@UFileSessionContext@MilesFileOwner36@@@std@@11@Z@4HA
BCE 00000030 SECT34E notype       Static      | $pdata$?dtor$4@?0???0SessionFileOwner@MilesFileOwner36@@QEAA@AEAVCoordinator@MilesCoordinator@@_K1V?$shared_ptr@UFileSessionContext@MilesFileOwner36@@@std@@11@Z@4HA
BCF 00000098 SECT34C notype       Static      | $unwind$??1SessionFileOwner@MilesFileOwner36@@QEAA@XZ
BD0 0000000C SECT34D notype       Static      | $pdata$??1SessionFileOwner@MilesFileOwner36@@QEAA@XZ
BD1 000000A0 SECT34C notype       Static      | $unwind$?receive@SessionFileOwner@MilesFileOwner36@@QEAA?AW4Intake@12@AEBVTrustedAssociation@2@UBytes@MilesTransport@@@Z
BD2 00000018 SECT34D notype       Static      | $pdata$?receive@SessionFileOwner@MilesFileOwner36@@QEAA?AW4Intake@12@AEBVTrustedAssociation@2@UBytes@MilesTransport@@@Z
BD3 00000090 SECT3  notype       Static       | $cppxdata$?receive@SessionFileOwner@MilesFileOwner36@@QEAA?AW4Intake@12@AEBVTrustedAssociation@2@UBytes@MilesTransport@@@Z
BD4 000000B8 SECT34C notype       Static      | $stateUnwindMap$?receive@SessionFileOwner@MilesFileOwner36@@QEAA?AW4Intake@12@AEBVTrustedAssociation@2@UBytes@MilesTransport@@@Z
BD5 00000110 SECT34C notype       Static      | $tryMap$?receive@SessionFileOwner@MilesFileOwner36@@QEAA?AW4Intake@12@AEBVTrustedAssociation@2@UBytes@MilesTransport@@@Z
BD6 00000138 SECT34C notype       Static      | $handlerMap$0$?receive@SessionFileOwner@MilesFileOwner36@@QEAA?AW4Intake@12@AEBVTrustedAssociation@2@UBytes@MilesTransport@@@Z
BD7 0000014C SECT34C notype       Static      | $handlerMap$1$?receive@SessionFileOwner@MilesFileOwner36@@QEAA?AW4Intake@12@AEBVTrustedAssociation@2@UBytes@MilesTransport@@@Z
BD8 00000160 SECT34C notype       Static      | $ip2state$?receive@SessionFileOwner@MilesFileOwner36@@QEAA?AW4Intake@12@AEBVTrustedAssociation@2@UBytes@MilesTransport@@@Z
BD9 00000360 SECT34C notype       Static      | $unwind$?dtor$0@?0??receive@SessionFileOwner@MilesFileOwner36@@QEAA?AW4Intake@12@AEBVTrustedAssociation@2@UBytes@MilesTransport@@@Z@4HA
BDA 0000003C SECT34E notype       Static      | $pdata$?dtor$0@?0??receive@SessionFileOwner@MilesFileOwner36@@QEAA?AW4Intake@12@AEBVTrustedAssociation@2@UBytes@MilesTransport@@@Z@4HA
BDB 00000368 SECT34C notype       Static      | $unwind$?dtor$1@?0??receive@SessionFileOwner@MilesFileOwner36@@QEAA?AW4Intake@12@AEBVTrustedAssociation@2@UBytes@MilesTransport@@@Z@4HA
BDC 00000048 SECT34E notype       Static      | $pdata$?dtor$1@?0??receive@SessionFileOwner@MilesFileOwner36@@QEAA?AW4Intake@12@AEBVTrustedAssociation@2@UBytes@MilesTransport@@@Z@4HA
BDD 00000370 SECT34C notype       Static      | $unwind$?dtor$2@?0??receive@SessionFileOwner@MilesFileOwner36@@QEAA?AW4Intake@12@AEBVTrustedAssociation@2@UBytes@MilesTransport@@@Z@4HA
BDE 00000054 SECT34E notype       Static      | $pdata$?dtor$2@?0??receive@SessionFileOwner@MilesFileOwner36@@QEAA?AW4Intake@12@AEBVTrustedAssociation@2@UBytes@MilesTransport@@@Z@4HA
BDF 00000378 SECT34C notype       Static      | $unwind$?dtor$3@?0??receive@SessionFileOwner@MilesFileOwner36@@QEAA?AW4Intake@12@AEBVTrustedAssociation@2@UBytes@MilesTransport@@@Z@4HA
BE0 00000060 SECT34E notype       Static      | $pdata$?dtor$3@?0??receive@SessionFileOwner@MilesFileOwner36@@QEAA?AW4Intake@12@AEBVTrustedAssociation@2@UBytes@MilesTransport@@@Z@4HA
BE1 00000380 SECT34C notype       Static      | $unwind$?dtor$4@?0??receive@SessionFileOwner@MilesFileOwner36@@QEAA?AW4Intake@12@AEBVTrustedAssociation@2@UBytes@MilesTransport@@@Z@4HA
BE2 0000006C SECT34E notype       Static      | $pdata$?dtor$4@?0??receive@SessionFileOwner@MilesFileOwner36@@QEAA?AW4Intake@12@AEBVTrustedAssociation@2@UBytes@MilesTransport@@@Z@4HA
BE3 00000388 SECT34C notype       Static      | $unwind$?dtor$5@?0??receive@SessionFileOwner@MilesFileOwner36@@QEAA?AW4Intake@12@AEBVTrustedAssociation@2@UBytes@MilesTransport@@@Z@4HA
BE4 00000078 SECT34E notype       Static      | $pdata$?dtor$5@?0??receive@SessionFileOwner@MilesFileOwner36@@QEAA?AW4Intake@12@AEBVTrustedAssociation@2@UBytes@MilesTransport@@@Z@4HA
BE5 00000390 SECT34C notype       Static      | $unwind$?dtor$6@?0??receive@SessionFileOwner@MilesFileOwner36@@QEAA?AW4Intake@12@AEBVTrustedAssociation@2@UBytes@MilesTransport@@@Z@4HA
BE6 00000084 SECT34E notype       Static      | $pdata$?dtor$6@?0??receive@SessionFileOwner@MilesFileOwner36@@QEAA?AW4Intake@12@AEBVTrustedAssociation@2@UBytes@MilesTransport@@@Z@4HA
BE7 00000398 SECT34C notype       Static      | $unwind$?catch$0@?0??receive@SessionFileOwner@MilesFileOwner36@@QEAA?AW4Intake@12@AEBVTrustedAssociation@2@UBytes@MilesTransport@@@Z@4HA
BE8 00000090 SECT34E notype       Static      | $pdata$?catch$0@?0??receive@SessionFileOwner@MilesFileOwner36@@QEAA?AW4Intake@12@AEBVTrustedAssociation@2@UBytes@MilesTransport@@@Z@4HA
BE9 000003A8 SECT34C notype       Static      | $unwind$?catch$1@?0??receive@SessionFileOwner@MilesFileOwner36@@QEAA?AW4Intake@12@AEBVTrustedAssociation@2@UBytes@MilesTransport@@@Z@4HA
BEA 0000009C SECT34E notype       Static      | $pdata$?catch$1@?0??receive@SessionFileOwner@MilesFileOwner36@@QEAA?AW4Intake@12@AEBVTrustedAssociation@2@UBytes@MilesTransport@@@Z@4HA
BEB 000003B8 SECT34C notype       Static      | $unwind$?poll@SessionFileOwner@MilesFileOwner36@@QEAAXXZ
BEC 00000024 SECT34D notype       Static      | $pdata$?poll@SessionFileOwner@MilesFileOwner36@@QEAAXXZ
BED 000000B8 SECT3  notype       Static       | $cppxdata$?poll@SessionFileOwner@MilesFileOwner36@@QEAAXXZ
BEE 000003D0 SECT34C notype       Static      | $stateUnwindMap$?poll@SessionFileOwner@MilesFileOwner36@@QEAAXXZ
BEF 000003D8 SECT34C notype       Static      | $ip2state$?poll@SessionFileOwner@MilesFileOwner36@@QEAAXXZ
BF0 000003F0 SECT34C notype       Static      | $unwind$?dtor$0@?0??poll@SessionFileOwner@MilesFileOwner36@@QEAAXXZ@4HA
BF1 000000A8 SECT34E notype       Static      | $pdata$?dtor$0@?0??poll@SessionFileOwner@MilesFileOwner36@@QEAAXXZ@4HA
BF2 000003F8 SECT34C notype       Static      | $unwind$?reply@SessionFileOwner@MilesFileOwner36@@QEBA?AUBytes@MilesTransport@@_K@Z
BF3 00000030 SECT34D notype       Static      | $pdata$?reply@SessionFileOwner@MilesFileOwner36@@QEBA?AUBytes@MilesTransport@@_K@Z
BF4 00000404 SECT34C notype       Static      | $unwind$?acknowledge@SessionFileOwner@MilesFileOwner36@@QEAA_N_K0@Z
BF5 0000003C SECT34D notype       Static      | $pdata$?acknowledge@SessionFileOwner@MilesFileOwner36@@QEAA_N_K0@Z
BF6 000000E0 SECT3  notype       Static       | $cppxdata$?acknowledge@SessionFileOwner@MilesFileOwner36@@QEAA_N_K0@Z
BF7 00000414 SECT34C notype       Static      | $stateUnwindMap$?acknowledge@SessionFileOwner@MilesFileOwner36@@QEAA_N_K0@Z
BF8 0000041C SECT34C notype       Static      | $ip2state$?acknowledge@SessionFileOwner@MilesFileOwner36@@QEAA_N_K0@Z
BF9 00000434 SECT34C notype       Static      | $unwind$?dtor$0@?0??acknowledge@SessionFileOwner@MilesFileOwner36@@QEAA_N_K0@Z@4HA
BFA 000000B4 SECT34E notype       Static      | $pdata$?dtor$0@?0??acknowledge@SessionFileOwner@MilesFileOwner36@@QEAA_N_K0@Z@4HA
BFB 0000043C SECT34C notype       Static      | $unwind$?fileState@SessionFileOwner@MilesFileOwner36@@QEBA_NUHandle@MilesWire@@AEAW4FileState@12@@Z
BFC 00000048 SECT34D notype       Static      | $pdata$?fileState@SessionFileOwner@MilesFileOwner36@@QEBA_NUHandle@MilesWire@@AEAW4FileState@12@@Z
BFD 00000444 SECT34C notype       Static      | $unwind$?retainedOperations@SessionFileOwner@MilesFileOwner36@@QEBA_KXZ
BFE 00000054 SECT34D notype       Static      | $pdata$?retainedOperations@SessionFileOwner@MilesFileOwner36@@QEBA_KXZ
BFF 00000000 SECT34F notype       Static      | .xdata
    Section length    8, #relocs    0, #linenums    0, checksum 9C7880CC, selection    5 (pick associative Section 0x126)
C01 00000000 SECT34F notype       Static      | $unwind$?_Decref@?$_Ptr_base@UFileSessionContext@MilesFileOwner36@@@std@@QEAAXXZ
C02 00000000 SECT350 notype       Static      | .pdata
    Section length    C, #relocs    3, #linenums    0, checksum 2A9379E3, selection    5 (pick associative Section 0x126)
C04 00000000 SECT350 notype       Static      | $pdata$?_Decref@?$_Ptr_base@UFileSessionContext@MilesFileOwner36@@@std@@QEAAXXZ
C05 00000000 SECT351 notype       Static      | .xdata
    Section length    8, #relocs    0, #linenums    0, checksum 6072F4B7, selection    5 (pick associative Section 0x159)
C07 00000000 SECT351 notype       Static      | $unwind$?_Reset@?$_Ptr_base@UFileSessionContext@MilesFileOwner36@@@std@@QEAAXPEAUFileSessionContext@MilesFileOwner36@@PEAV_Ref_count_base@2@@Z
C08 00000000 SECT352 notype       Static      | .pdata
    Section length    C, #relocs    3, #linenums    0, checksum 9047414F, selection    5 (pick associative Section 0x159)
C0A 00000000 SECT352 notype       Static      | $pdata$?_Reset@?$_Ptr_base@UFileSessionContext@MilesFileOwner36@@@std@@QEAAXPEAUFileSessionContext@MilesFileOwner36@@PEAV_Ref_count_base@2@@Z
C0B 00000000 SECT353 notype       Static      | .xdata
    Section length    8, #relocs    0, #linenums    0, checksum 6072F4B7, selection    5 (pick associative Section 0x155)
C0D 00000000 SECT353 notype       Static      | $unwind$?_Reset0@?$_Ptr_base@UFileSessionContext@MilesFileOwner36@@@std@@QEAAXPEAUFileSessionContext@MilesFileOwner36@@PEAV_Ref_count_base@2@@Z
C0E 00000000 SECT354 notype       Static      | .pdata
    Section length    C, #relocs    3, #linenums    0, checksum B298D73C, selection    5 (pick associative Section 0x155)
C10 00000000 SECT354 notype       Static      | $pdata$?_Reset0@?$_Ptr_base@UFileSessionContext@MilesFileOwner36@@@std@@QEAAXPEAUFileSessionContext@MilesFileOwner36@@PEAV_Ref_count_base@2@@Z
C11 00000000 SECT355 notype       Static      | .xdata
    Section length    8, #relocs    0, #linenums    0, checksum C40886FB, selection    5 (pick associative Section 0x9F)
C13 00000000 SECT355 notype       Static      | $unwind$??0?$shared_ptr@UFileSessionContext@MilesFileOwner36@@@std@@QEAA@AEBV01@@Z
C14 00000000 SECT356 notype       Static      | .pdata
    Section length    C, #relocs    3, #linenums    0, checksum 496753E3, selection    5 (pick associative Section 0x9F)
C16 00000000 SECT356 notype       Static      | $pdata$??0?$shared_ptr@UFileSessionContext@MilesFileOwner36@@@std@@QEAA@AEBV01@@Z
C17 00000000 SECT357 notype       Static      | .xdata
    Section length    8, #relocs    0, #linenums    0, checksum 9C7880CC, selection    5 (pick associative Section 0xCF)
C19 00000000 SECT357 notype       Static      | $unwind$??1?$shared_ptr@UFileSessionContext@MilesFileOwner36@@@std@@QEAA@XZ
C1A 00000000 SECT358 notype       Static      | .pdata
    Section length    C, #relocs    3, #linenums    0, checksum AF5E2A9E, selection    5 (pick associative Section 0xCF)
C1C 00000000 SECT358 notype       Static      | $pdata$??1?$shared_ptr@UFileSessionContext@MilesFileOwner36@@@std@@QEAA@XZ
C1D 00000000 SECT359 notype       Static      | .xdata
    Section length    8, #relocs    0, #linenums    0, checksum 9C7880CC, selection    5 (pick associative Section 0xF8)
C1F 00000000 SECT359 notype       Static      | $unwind$??C?$shared_ptr@UFileSessionContext@MilesFileOwner36@@@std@@QEBAPEAUFileSessionContext@MilesFileOwner36@@XZ
C20 00000000 SECT35A notype       Static      | .pdata
    Section length    C, #relocs    3, #linenums    0, checksum AF5E2A9E, selection    5 (pick associative Section 0xF8)
C22 00000000 SECT35A notype       Static      | $pdata$??C?$shared_ptr@UFileSessionContext@MilesFileOwner36@@@std@@QEBAPEAUFileSessionContext@MilesFileOwner36@@XZ
C23 00000000 SECT35B notype       Static      | .xdata
    Section length    8, #relocs    0, #linenums    0, checksum A435C62C, selection    5 (pick associative Section 0xF3)
C25 00000000 SECT35B notype       Static      | $unwind$??B?$shared_ptr@UFileSessionContext@MilesFileOwner36@@@std@@QEBA_NXZ
C26 00000000 SECT35C notype       Static      | .pdata
    Section length    C, #relocs    3, #linenums    0, checksum  1875D87, selection    5 (pick associative Section 0xF3)
C28 00000000 SECT35C notype       Static      | $pdata$??B?$shared_ptr@UFileSessionContext@MilesFileOwner36@@@std@@QEBA_NXZ
C29 00000000 SECT35D notype       Static      | .xdata
    Section length    8, #relocs    0, #linenums    0, checksum 6072F4B7, selection    5 (pick associative Section 0x18E)
C2B 00000000 SECT35D notype       Static      | $unwind$?deallocate@?$allocator@V?$shared_ptr@UFileRecord@SessionFileOwner@MilesFileOwner36@@@std@@@std@@QEAAXPEAV?$shared_ptr@UFileRecord@SessionFileOwner@MilesFileOwner36@@@2@_K@Z
C2C 00000000 SECT35E notype       Static      | .pdata
    Section length    C, #relocs    3, #linenums    0, checksum BB53652B, selection    5 (pick associative Section 0x18E)
C2E 00000000 SECT35E notype       Static      | $pdata$?deallocate@?$allocator@V?$shared_ptr@UFileRecord@SessionFileOwner@MilesFileOwner36@@@std@@@std@@QEAAXPEAV?$shared_ptr@UFileRecord@SessionFileOwner@MilesFileOwner36@@@2@_K@Z
C2F 00000000 SECT35F notype       Static      | .xdata
    Section length    8, #relocs    0, #linenums    0, checksum C40886FB, selection    5 (pick associative Section 0x174)
C31 00000000 SECT35F notype       Static      | $unwind$?allocate@?$allocator@V?$shared_ptr@UFileRecord@SessionFileOwner@MilesFileOwner36@@@std@@@std@@QEAAPEAV?$shared_ptr@UFileRecord@SessionFileOwner@MilesFileOwner36@@@2@_K@Z
C32 00000000 SECT360 notype       Static      | .pdata
    Section length    C, #relocs    3, #linenums    0, checksum A59B2387, selection    5 (pick associative Section 0x174)
C34 00000000 SECT360 notype       Static      | $pdata$?allocate@?$allocator@V?$shared_ptr@UFileRecord@SessionFileOwner@MilesFileOwner36@@@std@@@std@@QEAAPEAV?$shared_ptr@UFileRecord@SessionFileOwner@MilesFileOwner36@@@2@_K@Z
C35 00000000 SECT361 notype       Static      | .xdata
    Section length    8, #relocs    0, #linenums    0, checksum FC45C01B, selection    5 (pick associative Section 0x181)
C37 00000000 SECT361 notype       Static      | $unwind$?construct@?$allocator@V?$shared_ptr@UFileRecord@SessionFileOwner@MilesFileOwner36@@@std@@@std@@QEAAXPEAV?$shared_ptr@UFileRecord@SessionFileOwner@MilesFileOwner36@@@2@@Z
C38 00000000 SECT362 notype       Static      | .pdata
    Section length    C, #relocs    3, #linenums    0, checksum 36D2D9C6, selection    5 (pick associative Section 0x181)
C3A 00000000 SECT362 notype       Static      | $pdata$?construct@?$allocator@V?$shared_ptr@UFileRecord@SessionFileOwner@MilesFileOwner36@@@std@@@std@@QEAAXPEAV?$shared_ptr@UFileRecord@SessionFileOwner@MilesFileOwner36@@@2@@Z
C3B 00000000 SECT363 notype       Static      | .xdata
    Section length    8, #relocs    0, #linenums    0, checksum 9C7880CC, selection    5 (pick associative Section 0x1AC)
C3D 00000000 SECT363 notype       Static      | $unwind$?max_size@?$allocator_traits@V?$allocator@V?$shared_ptr@UFileRecord@SessionFileOwner@MilesFileOwner36@@@std@@@std@@@std@@SA_KAEBV?$allocator@V?$shared_ptr@UFileRecord@SessionFileOwner@MilesFileOwner36@@@std@@@2@@Z
C3E 00000000 SECT364 notype       Static      | .pdata
    Section length    C, #relocs    3, #linenums    0, checksum AF5E2A9E, selection    5 (pick associative Section 0x1AC)
C40 00000000 SECT364 notype       Static      | $pdata$?max_size@?$allocator_traits@V?$allocator@V?$shared_ptr@UFileRecord@SessionFileOwner@MilesFileOwner36@@@std@@@std@@@std@@SA_KAEBV?$allocator@V?$shared_ptr@UFileRecord@SessionFileOwner@MilesFileOwner36@@@std@@@2@@Z
C41 00000000 SECT365 notype       Static      | .xdata
    Section length    8, #relocs    0, #linenums    0, checksum 9C7880CC, selection    5 (pick associative Section 0x8C)
C43 00000000 SECT365 notype       Static      | $unwind$??0?$_Wrap_alloc@V?$allocator@V?$shared_ptr@UFileRecord@SessionFileOwner@MilesFileOwner36@@@std@@@std@@@std@@QEAA@XZ
C44 00000000 SECT366 notype       Static      | .pdata
    Section length    C, #relocs    3, #linenums    0, checksum E7BE24FA, selection    5 (pick associative Section 0x8C)
C46 00000000 SECT366 notype       Static      | $pdata$??0?$_Wrap_alloc@V?$allocator@V?$shared_ptr@UFileRecord@SessionFileOwner@MilesFileOwner36@@@std@@@std@@@std@@QEAA@XZ
C47 00000000 SECT367 notype       Static      | .xdata
    Section length    8, #relocs    0, #linenums    0, checksum C40886FB, selection    5 (pick associative Section 0x16E)
C49 00000000 SECT367 notype       Static      | $unwind$?allocate@?$_Wrap_alloc@V?$allocator@V?$shared_ptr@UFileRecord@SessionFileOwner@MilesFileOwner36@@@std@@@std@@@std@@QEAAPEAV?$shared_ptr@UFileRecord@SessionFileOwner@MilesFileOwner36@@@2@_K@Z
C4A 00000000 SECT368 notype       Static      | .pdata
    Section length    C, #relocs    3, #linenums    0, checksum BB53652B, selection    5 (pick associative Section 0x16E)
C4C 00000000 SECT368 notype       Static      | $pdata$?allocate@?$_Wrap_alloc@V?$allocator@V?$shared_ptr@UFileRecord@SessionFileOwner@MilesFileOwner36@@@std@@@std@@@std@@QEAAPEAV?$shared_ptr@UFileRecord@SessionFileOwner@MilesFileOwner36@@@2@_K@Z
C4D 00000000 SECT369 notype       Static      | .xdata
    Section length    8, #relocs    0, #linenums    0, checksum 6072F4B7, selection    5 (pick associative Section 0x188)
C4F 00000000 SECT369 notype       Static      | $unwind$?deallocate@?$_Wrap_alloc@V?$allocator@V?$shared_ptr@UFileRecord@SessionFileOwner@MilesFileOwner36@@@std@@@std@@@std@@QEAAXPEAV?$shared_ptr@UFileRecord@SessionFileOwner@MilesFileOwner36@@@2@_K@Z
C50 00000000 SECT36A notype       Static      | .pdata
    Section length    C, #relocs    3, #linenums    0, checksum AED97719, selection    5 (pick associative Section 0x188)
C52 00000000 SECT36A notype       Static      | $pdata$?deallocate@?$_Wrap_alloc@V?$allocator@V?$shared_ptr@UFileRecord@SessionFileOwner@MilesFileOwner36@@@std@@@std@@@std@@QEAAXPEAV?$shared_ptr@UFileRecord@SessionFileOwner@MilesFileOwner36@@@2@_K@Z
C53 00000000 SECT36B notype       Static      | .xdata
    Section length    8, #relocs    0, #linenums    0, checksum C40886FB, selection    5 (pick associative Section 0x17F)
C55 00000000 SECT36B notype       Static      | $unwind$?construct@?$_Wrap_alloc@V?$allocator@V?$shared_ptr@UFileRecord@SessionFileOwner@MilesFileOwner36@@@std@@@std@@@std@@QEAAXPEAV?$shared_ptr@UFileRecord@SessionFileOwner@MilesFileOwner36@@@2@@Z
C56 00000000 SECT36C notype       Static      | .pdata
    Section length    C, #relocs    3, #linenums    0, checksum BB53652B, selection    5 (pick associative Section 0x17F)
C58 00000000 SECT36C notype       Static      | $pdata$?construct@?$_Wrap_alloc@V?$allocator@V?$shared_ptr@UFileRecord@SessionFileOwner@MilesFileOwner36@@@std@@@std@@@std@@QEAAXPEAV?$shared_ptr@UFileRecord@SessionFileOwner@MilesFileOwner36@@@2@@Z
C59 00000000 SECT36D notype       Static      | .xdata
    Section length    8, #relocs    0, #linenums    0, checksum 9C7880CC, selection    5 (pick associative Section 0x1A2)
C5B 00000000 SECT36D notype       Static      | $unwind$?max_size@?$_Wrap_alloc@V?$allocator@V?$shared_ptr@UFileRecord@SessionFileOwner@MilesFileOwner36@@@std@@@std@@@std@@QEBA_KXZ
C5C 00000000 SECT36E notype       Static      | .pdata
    Section length    C, #relocs    3, #linenums    0, checksum AF5E2A9E, selection    5 (pick associative Section 0x1A2)
C5E 00000000 SECT36E notype       Static      | $pdata$?max_size@?$_Wrap_alloc@V?$allocator@V?$shared_ptr@UFileRecord@SessionFileOwner@MilesFileOwner36@@@std@@@std@@@std@@QEBA_KXZ
C5F 00000000 SECT36F notype       Static      | .xdata
    Section length    8, #relocs    0, #linenums    0, checksum 9C7880CC, selection    5 (pick associative Section 0x85)
C61 00000000 SECT36F notype       Static      | $unwind$??0?$_Vector_val@U?$_Simple_types@V?$shared_ptr@UFileRecord@SessionFileOwner@MilesFileOwner36@@@std@@@std@@@std@@QEAA@XZ
C62 00000000 SECT370 notype       Static      | .pdata
    Section length    C, #relocs    3, #linenums    0, checksum ADD7CC17, selection    5 (pick associative Section 0x85)
C64 00000000 SECT370 notype       Static      | $pdata$??0?$_Vector_val@U?$_Simple_types@V?$shared_ptr@UFileRecord@SessionFileOwner@MilesFileOwner36@@@std@@@std@@@std@@QEAA@XZ
C65 00000000 SECT371 notype       Static      | .xdata
    Section length    8, #relocs    0, #linenums    0, checksum 9C7880CC, selection    5 (pick associative Section 0xCA)
C67 00000000 SECT371 notype       Static      | $unwind$??1?$_Vector_val@U?$_Simple_types@V?$shared_ptr@UFileRecord@SessionFileOwner@MilesFileOwner36@@@std@@@std@@@std@@QEAA@XZ
C68 00000000 SECT372 notype       Static      | .pdata
    Section length    C, #relocs    3, #linenums    0, checksum AF5E2A9E, selection    5 (pick associative Section 0xCA)
C6A 00000000 SECT372 notype       Static      | $pdata$??1?$_Vector_val@U?$_Simple_types@V?$shared_ptr@UFileRecord@SessionFileOwner@MilesFileOwner36@@@std@@@std@@@std@@QEAA@XZ
C6B 00000000 SECT373 notype       Static      | .xdata
    Section length   10, #relocs    2, #linenums    0, checksum EBAA22CB, selection    5 (pick associative Section 0x7F)
C6D 00000000 SECT373 notype       Static      | $unwind$??0?$_Vector_alloc@$0A@U?$_Vec_base_types@V?$shared_ptr@UFileRecord@SessionFileOwner@MilesFileOwner36@@@std@@V?$allocator@V?$shared_ptr@UFileRecord@SessionFileOwner@MilesFileOwner36@@@std@@@2@@std@@@std@@QEAA@AEBV?$allocator@V?$shared_ptr@UFileRecord@SessionFileOwner@MilesFileOwner36@@@std@@@1@@Z
C6E 00000000 SECT374 notype       Static      | .pdata
    Section length    C, #relocs    3, #linenums    0, checksum 8F085A64, selection    5 (pick associative Section 0x7F)
C70 00000000 SECT374 notype       Static      | $pdata$??0?$_Vector_alloc@$0A@U?$_Vec_base_types@V?$shared_ptr@UFileRecord@SessionFileOwner@MilesFileOwner36@@@std@@V?$allocator@V?$shared_ptr@UFileRecord@SessionFileOwner@MilesFileOwner36@@@std@@@2@@std@@@std@@QEAA@AEBV?$allocator@V?$shared_ptr@UFileRecord@SessionFileOwner@MilesFileOwner36@@@std@@@1@@Z
C71 00000000 SECT375 notype       Static      | .rdata
    Section length   28, #relocs    2, #linenums    0, checksum E93FB885, selection    5 (pick associative Section 0x7F)
C73 00000000 SECT375 notype       Static      | $cppxdata$??0?$_Vector_alloc@$0A@U?$_Vec_base_types@V?$shared_ptr@UFileRecord@SessionFileOwner@MilesFileOwner36@@@std@@V?$allocator@V?$shared_ptr@UFileRecord@SessionFileOwner@MilesFileOwner36@@@std@@@2@@std@@@std@@QEAA@AEBV?$allocator@V?$shared_ptr@UFileRecord@SessionFileOwner@MilesFileOwner36@@@std@@@1@@Z
C74 00000000 SECT376 notype       Static      | .xdata
    Section length    8, #relocs    1, #linenums    0, checksum 9ADD2096, selection    5 (pick associative Section 0x7F)
C76 00000000 SECT376 notype       Static      | $stateUnwindMap$??0?$_Vector_alloc@$0A@U?$_Vec_base_types@V?$shared_ptr@UFileRecord@SessionFileOwner@MilesFileOwner36@@@std@@V?$allocator@V?$shared_ptr@UFileRecord@SessionFileOwner@MilesFileOwner36@@@std@@@2@@std@@@std@@QEAA@AEBV?$allocator@V?$shared_ptr@UFileRecord@SessionFileOwner@MilesFileOwner36@@@std@@@1@@Z
C77 00000000 SECT377 notype       Static      | .xdata
    Section length   18, #relocs    3, #linenums    0, checksum DC7D6D08, selection    5 (pick associative Section 0x7F)
C79 00000000 SECT377 notype       Static      | $ip2state$??0?$_Vector_alloc@$0A@U?$_Vec_base_types@V?$shared_ptr@UFileRecord@SessionFileOwner@MilesFileOwner36@@@std@@V?$allocator@V?$shared_ptr@UFileRecord@SessionFileOwner@MilesFileOwner36@@@std@@@2@@std@@@std@@QEAA@AEBV?$allocator@V?$shared_ptr@UFileRecord@SessionFileOwner@MilesFileOwner36@@@std@@@1@@Z
C7A 00000000 SECT378 notype       Static      | .xdata
    Section length    8, #relocs    0, #linenums    0, checksum B96BC9FB, selection    5 (pick associative Section 0x7F)
C7C 00000000 SECT378 notype       Static      | $unwind$?dtor$0@?0???0?$_Vector_alloc@$0A@U?$_Vec_base_types@V?$shared_ptr@UFileRecord@SessionFileOwner@MilesFileOwner36@@@std@@V?$allocator@V?$shared_ptr@UFileRecord@SessionFileOwner@MilesFileOwner36@@@std@@@2@@std@@@std@@QEAA@AEBV?$allocator@V?$shared_ptr@UFileRecord@SessionFileOwner@MilesFileOwner36@@@std@@@1@@Z@4HA
C7D 00000000 SECT379 notype       Static      | .pdata
    Section length    C, #relocs    3, #linenums    0, checksum AF5E2A9E, selection    5 (pick associative Section 0x7F)
C7F 00000000 SECT379 notype       Static      | $pdata$?dtor$0@?0???0?$_Vector_alloc@$0A@U?$_Vec_base_types@V?$shared_ptr@UFileRecord@SessionFileOwner@MilesFileOwner36@@@std@@V?$allocator@V?$shared_ptr@UFileRecord@SessionFileOwner@MilesFileOwner36@@@std@@@2@@std@@@std@@QEAA@AEBV?$allocator@V?$shared_ptr@UFileRecord@SessionFileOwner@MilesFileOwner36@@@std@@@1@@Z@4HA
C80 00000000 SECT37A notype       Static      | .xdata
    Section length    8, #relocs    0, #linenums    0, checksum 9C7880CC, selection    5 (pick associative Section 0xC6)
C82 00000000 SECT37A notype       Static      | $unwind$??1?$_Vector_alloc@$0A@U?$_Vec_base_types@V?$shared_ptr@UFileRecord@SessionFileOwner@MilesFileOwner36@@@std@@V?$allocator@V?$shared_ptr@UFileRecord@SessionFileOwner@MilesFileOwner36@@@std@@@2@@std@@@std@@QEAA@XZ
C83 00000000 SECT37B notype       Static      | .pdata
    Section length    C, #relocs    3, #linenums    0, checksum BB53652B, selection    5 (pick associative Section 0xC6)
C85 00000000 SECT37B notype       Static      | $pdata$??1?$_Vector_alloc@$0A@U?$_Vec_base_types@V?$shared_ptr@UFileRecord@SessionFileOwner@MilesFileOwner36@@@std@@V?$allocator@V?$shared_ptr@UFileRecord@SessionFileOwner@MilesFileOwner36@@@std@@@2@@std@@@std@@QEAA@XZ
C86 00000000 SECT37C notype       Static      | .xdata
    Section length    8, #relocs    0, #linenums    0, checksum  DD7168C, selection    5 (pick associative Section 0x11A)
C88 00000000 SECT37C notype       Static      | $unwind$?_Alloc_proxy@?$_Vector_alloc@$0A@U?$_Vec_base_types@V?$shared_ptr@UFileRecord@SessionFileOwner@MilesFileOwner36@@@std@@V?$allocator@V?$shared_ptr@UFileRecord@SessionFileOwner@MilesFileOwner36@@@std@@@2@@std@@@std@@QEAAXXZ
C89 00000000 SECT37D notype       Static      | .pdata
    Section length    C, #relocs    3, #linenums    0, checksum 40ACE1F4, selection    5 (pick associative Section 0x11A)
C8B 00000000 SECT37D notype       Static      | $pdata$?_Alloc_proxy@?$_Vector_alloc@$0A@U?$_Vec_base_types@V?$shared_ptr@UFileRecord@SessionFileOwner@MilesFileOwner36@@@std@@V?$allocator@V?$shared_ptr@UFileRecord@SessionFileOwner@MilesFileOwner36@@@std@@@2@@std@@@std@@QEAAXXZ
C8C 00000000 SECT37E notype       Static      | .xdata
    Section length    8, #relocs    0, #linenums    0, checksum A435C62C, selection    5 (pick associative Section 0x136)
C8E 00000000 SECT37E notype       Static      | $unwind$?_Free_proxy@?$_Vector_alloc@$0A@U?$_Vec_base_types@V?$shared_ptr@UFileRecord@SessionFileOwner@MilesFileOwner36@@@std@@V?$allocator@V?$shared_ptr@UFileRecord@SessionFileOwner@MilesFileOwner36@@@std@@@2@@std@@@std@@QEAAXXZ
C8F 00000000 SECT37F notype       Static      | .pdata
    Section length    C, #relocs    3, #linenums    0, checksum 86C3E873, selection    5 (pick associative Section 0x136)
C91 00000000 SECT37F notype       Static      | $pdata$?_Free_proxy@?$_Vector_alloc@$0A@U?$_Vec_base_types@V?$shared_ptr@UFileRecord@SessionFileOwner@MilesFileOwner36@@@std@@V?$allocator@V?$shared_ptr@UFileRecord@SessionFileOwner@MilesFileOwner36@@@std@@@2@@std@@@std@@QEAAXXZ
C92 00000000 SECT380 notype       Static      | .xdata
    Section length    8, #relocs    0, #linenums    0, checksum C40886FB, selection    5 (pick associative Section 0x141)
C94 00000000 SECT380 notype       Static      | $unwind$?_Getal@?$_Vector_alloc@$0A@U?$_Vec_base_types@V?$shared_ptr@UFileRecord@SessionFileOwner@MilesFileOwner36@@@std@@V?$allocator@V?$shared_ptr@UFileRecord@SessionFileOwner@MilesFileOwner36@@@std@@@2@@std@@@std@@QEBA?AU?$_Wrap_alloc@V?$allocator@V?$shared_ptr@UFileRecord@SessionFileOwner@MilesFileOwner36@@@std@@@std@@@2@XZ
C95 00000000 SECT381 notype       Static      | .pdata
    Section length    C, #relocs    3, #linenums    0, checksum BB53652B, selection    5 (pick associative Section 0x141)
C97 00000000 SECT381 notype       Static      | $pdata$?_Getal@?$_Vector_alloc@$0A@U?$_Vec_base_types@V?$shared_ptr@UFileRecord@SessionFileOwner@MilesFileOwner36@@@std@@V?$allocator@V?$shared_ptr@UFileRecord@SessionFileOwner@MilesFileOwner36@@@std@@@2@@std@@@std@@QEBA?AU?$_Wrap_alloc@V?$allocator@V?$shared_ptr@UFileRecord@SessionFileOwner@MilesFileOwner36@@@std@@@std@@@2@XZ
C98 00000000 SECT382 notype       Static      | .xdata
    Section length   10, #relocs    2, #linenums    0, checksum 98B9BD84, selection    5 (pick associative Section 0xA7)
C9A 00000000 SECT382 notype       Static      | $unwind$??0?$vector@V?$shared_ptr@UFileRecord@SessionFileOwner@MilesFileOwner36@@@std@@V?$allocator@V?$shared_ptr@UFileRecord@SessionFileOwner@MilesFileOwner36@@@std@@@2@@std@@QEAA@_K@Z
C9B 00000000 SECT383 notype       Static      | .pdata
    Section length    C, #relocs    3, #linenums    0, checksum E32AB46F, selection    5 (pick associative Section 0xA7)
C9D 00000000 SECT383 notype       Static      | $pdata$??0?$vector@V?$shared_ptr@UFileRecord@SessionFileOwner@MilesFileOwner36@@@std@@V?$allocator@V?$shared_ptr@UFileRecord@SessionFileOwner@MilesFileOwner36@@@std@@@2@@std@@QEAA@_K@Z
C9E 00000000 SECT384 notype       Static      | .rdata
    Section length   28, #relocs    3, #linenums    0, checksum 2D640775, selection    5 (pick associative Section 0xA7)
CA0 00000000 SECT384 notype       Static      | $cppxdata$??0?$vector@V?$shared_ptr@UFileRecord@SessionFileOwner@MilesFileOwner36@@@std@@V?$allocator@V?$shared_ptr@UFileRecord@SessionFileOwner@MilesFileOwner36@@@std@@@2@@std@@QEAA@_K@Z
CA1 00000000 SECT385 notype       Static      | .xdata
    Section length   18, #relocs    1, #linenums    0, checksum 5C3E35DF, selection    5 (pick associative Section 0xA7)
CA3 00000000 SECT385 notype       Static      | $stateUnwindMap$??0?$vector@V?$shared_ptr@UFileRecord@SessionFileOwner@MilesFileOwner36@@@std@@V?$allocator@V?$shared_ptr@UFileRecord@SessionFileOwner@MilesFileOwner36@@@std@@@2@@std@@QEAA@_K@Z
CA4 00000000 SECT386 notype       Static      | .xdata
    Section length   14, #relocs    1, #linenums    0, checksum EB9E34D6, selection    5 (pick associative Section 0xA7)
CA6 00000000 SECT386 notype       Static      | $tryMap$??0?$vector@V?$shared_ptr@UFileRecord@SessionFileOwner@MilesFileOwner36@@@std@@V?$allocator@V?$shared_ptr@UFileRecord@SessionFileOwner@MilesFileOwner36@@@std@@@2@@std@@QEAA@_K@Z
CA7 00000000 SECT387 notype       Static      | .xdata
    Section length   14, #relocs    1, #linenums    0, checksum   677058, selection    5 (pick associative Section 0xA7)
CA9 00000000 SECT387 notype       Static      | $handlerMap$0$??0?$vector@V?$shared_ptr@UFileRecord@SessionFileOwner@MilesFileOwner36@@@std@@V?$allocator@V?$shared_ptr@UFileRecord@SessionFileOwner@MilesFileOwner36@@@std@@@2@@std@@QEAA@_K@Z
CAA 00000000 SECT388 notype       Static      | .xdata
    Section length   40, #relocs    8, #linenums    0, checksum 2721C4FA, selection    5 (pick associative Section 0xA7)
CAC 00000000 SECT388 notype       Static      | $ip2state$??0?$vector@V?$shared_ptr@UFileRecord@SessionFileOwner@MilesFileOwner36@@@std@@V?$allocator@V?$shared_ptr@UFileRecord@SessionFileOwner@MilesFileOwner36@@@std@@@2@@std@@QEAA@_K@Z
CAD 00000000 SECT389 notype       Static      | .xdata
    Section length    8, #relocs    0, #linenums    0, checksum B96BC9FB, selection    5 (pick associative Section 0xA7)
CAF 00000000 SECT389 notype       Static      | $unwind$?dtor$0@?0???0?$vector@V?$shared_ptr@UFileRecord@SessionFileOwner@MilesFileOwner36@@@std@@V?$allocator@V?$shared_ptr@UFileRecord@SessionFileOwner@MilesFileOwner36@@@std@@@2@@std@@QEAA@_K@Z@4HA
CB0 00000000 SECT38A notype       Static      | .pdata
    Section length    C, #relocs    3, #linenums    0, checksum AF5E2A9E, selection    5 (pick associative Section 0xA7)
CB2 00000000 SECT38A notype       Static      | $pdata$?dtor$0@?0???0?$vector@V?$shared_ptr@UFileRecord@SessionFileOwner@MilesFileOwner36@@@std@@V?$allocator@V?$shared_ptr@UFileRecord@SessionFileOwner@MilesFileOwner36@@@std@@@2@@std@@QEAA@_K@Z@4HA
CB3 00000000 SECT38B notype       Static      | .xdata
    Section length   10, #relocs    2, #linenums    0, checksum 5840A276, selection    5 (pick associative Section 0xA7)
CB5 00000000 SECT38B notype       Static      | $unwind$?catch$0@?0???0?$vector@V?$shared_ptr@UFileRecord@SessionFileOwner@MilesFileOwner36@@@std@@V?$allocator@V?$shared_ptr@UFileRecord@SessionFileOwner@MilesFileOwner36@@@std@@@2@@std@@QEAA@_K@Z@4HA
CB6 00000000 SECT38C notype       Static      | .pdata
    Section length    C, #relocs    3, #linenums    0, checksum ECFC7064, selection    5 (pick associative Section 0xA7)
CB8 00000000 SECT38C notype       Static      | $pdata$?catch$0@?0???0?$vector@V?$shared_ptr@UFileRecord@SessionFileOwner@MilesFileOwner36@@@std@@V?$allocator@V?$shared_ptr@UFileRecord@SessionFileOwner@MilesFileOwner36@@@std@@@2@@std@@QEAA@_K@Z@4HA
CB9 00000000 SECT38D notype       Static      | .xdata
    Section length    8, #relocs    0, #linenums    0, checksum 9C7880CC, selection    5 (pick associative Section 0xD4)
CBB 00000000 SECT38D notype       Static      | $unwind$??1?$vector@V?$shared_ptr@UFileRecord@SessionFileOwner@MilesFileOwner36@@@std@@V?$allocator@V?$shared_ptr@UFileRecord@SessionFileOwner@MilesFileOwner36@@@std@@@2@@std@@QEAA@XZ
CBC 00000000 SECT38E notype       Static      | .pdata
    Section length    C, #relocs    3, #linenums    0, checksum BB53652B, selection    5 (pick associative Section 0xD4)
CBE 00000000 SECT38E notype       Static      | $pdata$??1?$vector@V?$shared_ptr@UFileRecord@SessionFileOwner@MilesFileOwner36@@@std@@V?$allocator@V?$shared_ptr@UFileRecord@SessionFileOwner@MilesFileOwner36@@@std@@@2@@std@@QEAA@XZ
CBF 00000000 SECT38F notype       Static      | .xdata
    Section length    8, #relocs    0, #linenums    0, checksum A435C62C, selection    5 (pick associative Section 0x1B1)
CC1 00000000 SECT38F notype       Static      | $unwind$?max_size@?$vector@V?$shared_ptr@UFileRecord@SessionFileOwner@MilesFileOwner36@@@std@@V?$allocator@V?$shared_ptr@UFileRecord@SessionFileOwner@MilesFileOwner36@@@std@@@2@@std@@QEBA_KXZ
CC2 00000000 SECT390 notype       Static      | .pdata
    Section length    C, #relocs    3, #linenums    0, checksum B1966C32, selection    5 (pick associative Section 0x1B1)
CC4 00000000 SECT390 notype       Static      | $pdata$?max_size@?$vector@V?$shared_ptr@UFileRecord@SessionFileOwner@MilesFileOwner36@@@std@@V?$allocator@V?$shared_ptr@UFileRecord@SessionFileOwner@MilesFileOwner36@@@std@@@2@@std@@QEBA_KXZ
CC5 00000000 SECT391 notype       Static      | .xdata
    Section length    8, #relocs    0, #linenums    0, checksum FC45C01B, selection    5 (pick associative Section 0xEE)
CC7 00000000 SECT391 notype       Static      | $unwind$??A?$vector@V?$shared_ptr@UFileRecord@SessionFileOwner@MilesFileOwner36@@@std@@V?$allocator@V?$shared_ptr@UFileRecord@SessionFileOwner@MilesFileOwner36@@@std@@@2@@std@@QEBAAEBV?$shared_ptr@UFileRecord@SessionFileOwner@MilesFileOwner36@@@1@_K@Z
CC8 00000000 SECT392 notype       Static      | .pdata
    Section length    C, #relocs    3, #linenums    0, checksum 32464953, selection    5 (pick associative Section 0xEE)
CCA 00000000 SECT392 notype       Static      | $pdata$??A?$vector@V?$shared_ptr@UFileRecord@SessionFileOwner@MilesFileOwner36@@@std@@V?$allocator@V?$shared_ptr@UFileRecord@SessionFileOwner@MilesFileOwner36@@@std@@@2@@std@@QEBAAEBV?$shared_ptr@UFileRecord@SessionFileOwner@MilesFileOwner36@@@1@_K@Z
CCB 00000000 SECT393 notype       Static      | .xdata
    Section length    8, #relocs    0, #linenums    0, checksum FC45C01B, selection    5 (pick associative Section 0xED)
CCD 00000000 SECT393 notype       Static      | $unwind$??A?$vector@V?$shared_ptr@UFileRecord@SessionFileOwner@MilesFileOwner36@@@std@@V?$allocator@V?$shared_ptr@UFileRecord@SessionFileOwner@MilesFileOwner36@@@std@@@2@@std@@QEAAAEAV?$shared_ptr@UFileRecord@SessionFileOwner@MilesFileOwner36@@@1@_K@Z
CCE 00000000 SECT394 notype       Static      | .pdata
    Section length    C, #relocs    3, #linenums    0, checksum 32464953, selection    5 (pick associative Section 0xED)
CD0 00000000 SECT394 notype       Static      | $pdata$??A?$vector@V?$shared_ptr@UFileRecord@SessionFileOwner@MilesFileOwner36@@@std@@V?$allocator@V?$shared_ptr@UFileRecord@SessionFileOwner@MilesFileOwner36@@@std@@@2@@std@@QEAAAEAV?$shared_ptr@UFileRecord@SessionFileOwner@MilesFileOwner36@@@1@_K@Z
CD1 00000000 SECT395 notype       Static      | .xdata
    Section length    8, #relocs    0, #linenums    0, checksum FC45C01B, selection    5 (pick associative Section 0x11F)
CD3 00000000 SECT395 notype       Static      | $unwind$?_Buy@?$vector@V?$shared_ptr@UFileRecord@SessionFileOwner@MilesFileOwner36@@@std@@V?$allocator@V?$shared_ptr@UFileRecord@SessionFileOwner@MilesFileOwner36@@@std@@@2@@std@@IEAA_N_K@Z
CD4 00000000 SECT396 notype       Static      | .pdata
    Section length    C, #relocs    3, #linenums    0, checksum 1099DF20, selection    5 (pick associative Section 0x11F)
CD6 00000000 SECT396 notype       Static      | $pdata$?_Buy@?$vector@V?$shared_ptr@UFileRecord@SessionFileOwner@MilesFileOwner36@@@std@@V?$allocator@V?$shared_ptr@UFileRecord@SessionFileOwner@MilesFileOwner36@@@std@@@2@@std@@IEAA_N_K@Z
CD7 00000000 SECT397 notype       Static      | .xdata
    Section length    8, #relocs    0, #linenums    0, checksum 583FB257, selection    5 (pick associative Section 0x12E)
CD9 00000000 SECT397 notype       Static      | $unwind$?_Destroy@?$vector@V?$shared_ptr@UFileRecord@SessionFileOwner@MilesFileOwner36@@@std@@V?$allocator@V?$shared_ptr@UFileRecord@SessionFileOwner@MilesFileOwner36@@@std@@@2@@std@@IEAAXPEAV?$shared_ptr@UFileRecord@SessionFileOwner@MilesFileOwner36@@@2@0@Z
CDA 00000000 SECT398 notype       Static      | .pdata
    Section length    C, #relocs    3, #linenums    0, checksum D8A74F2B, selection    5 (pick associative Section 0x12E)
CDC 00000000 SECT398 notype       Static      | $pdata$?_Destroy@?$vector@V?$shared_ptr@UFileRecord@SessionFileOwner@MilesFileOwner36@@@std@@V?$allocator@V?$shared_ptr@UFileRecord@SessionFileOwner@MilesFileOwner36@@@std@@@2@@std@@IEAAXPEAV?$shared_ptr@UFileRecord@SessionFileOwner@MilesFileOwner36@@@2@0@Z
CDD 00000000 SECT399 notype       Static      | .xdata
    Section length    8, #relocs    0, #linenums    0, checksum A435C62C, selection    5 (pick associative Section 0x161)
CDF 00000000 SECT399 notype       Static      | $unwind$?_Tidy@?$vector@V?$shared_ptr@UFileRecord@SessionFileOwner@MilesFileOwner36@@@std@@V?$allocator@V?$shared_ptr@UFileRecord@SessionFileOwner@MilesFileOwner36@@@std@@@2@@std@@IEAAXXZ
CE0 00000000 SECT39A notype       Static      | .pdata
    Section length    C, #relocs    3, #linenums    0, checksum 1A5CD639, selection    5 (pick associative Section 0x161)
CE2 00000000 SECT39A notype       Static      | $pdata$?_Tidy@?$vector@V?$shared_ptr@UFileRecord@SessionFileOwner@MilesFileOwner36@@@std@@V?$allocator@V?$shared_ptr@UFileRecord@SessionFileOwner@MilesFileOwner36@@@std@@@2@@std@@IEAAXXZ
CE3 00000000 SECT39B notype       Static      | .xdata
    Section length    8, #relocs    0, #linenums    0, checksum 9C7880CC, selection    5 (pick associative Section 0x167)
CE5 00000000 SECT39B notype       Static      | $unwind$?_Xlen@?$vector@V?$shared_ptr@UFileRecord@SessionFileOwner@MilesFileOwner36@@@std@@V?$allocator@V?$shared_ptr@UFileRecord@SessionFileOwner@MilesFileOwner36@@@std@@@2@@std@@IEBAXXZ
CE6 00000000 SECT39C notype       Static      | .pdata
    Section length    C, #relocs    3, #linenums    0, checksum ED7B2DE3, selection    5 (pick associative Section 0x167)
CE8 00000000 SECT39C notype       Static      | $pdata$?_Xlen@?$vector@V?$shared_ptr@UFileRecord@SessionFileOwner@MilesFileOwner36@@@std@@V?$allocator@V?$shared_ptr@UFileRecord@SessionFileOwner@MilesFileOwner36@@@std@@@2@@std@@IEBAXXZ
CE9 00000000 SECT39D notype       Static      | .xdata
    Section length    8, #relocs    0, #linenums    0, checksum 6072F4B7, selection    5 (pick associative Section 0x18F)
CEB 00000000 SECT39D notype       Static      | $unwind$?deallocate@?$allocator@V?$unique_ptr@UOperation@SessionFileOwner@MilesFileOwner36@@U?$default_delete@UOperation@SessionFileOwner@MilesFileOwner36@@@std@@@std@@@std@@QEAAXPEAV?$unique_ptr@UOperation@SessionFileOwner@MilesFileOwner36@@U?$default_delete@UOperation@SessionFileOwner@MilesFileOwner36@@@std@@@2@_K@Z
CEC 00000000 SECT39E notype       Static      | .pdata
    Section length    C, #relocs    3, #linenums    0, checksum BB53652B, selection    5 (pick associative Section 0x18F)
CEE 00000000 SECT39E notype       Static      | $pdata$?deallocate@?$allocator@V?$unique_ptr@UOperation@SessionFileOwner@MilesFileOwner36@@U?$default_delete@UOperation@SessionFileOwner@MilesFileOwner36@@@std@@@std@@@std@@QEAAXPEAV?$unique_ptr@UOperation@SessionFileOwner@MilesFileOwner36@@U?$default_delete@UOperation@SessionFileOwner@MilesFileOwner36@@@std@@@2@_K@Z
CEF 00000000 SECT39F notype       Static      | .xdata
    Section length    8, #relocs    0, #linenums    0, checksum C40886FB, selection    5 (pick associative Section 0x175)
CF1 00000000 SECT39F notype       Static      | $unwind$?allocate@?$allocator@V?$unique_ptr@UOperation@SessionFileOwner@MilesFileOwner36@@U?$default_delete@UOperation@SessionFileOwner@MilesFileOwner36@@@std@@@std@@@std@@QEAAPEAV?$unique_ptr@UOperation@SessionFileOwner@MilesFileOwner36@@U?$default_delete@UOperation@SessionFileOwner@MilesFileOwner36@@@std@@@2@_K@Z
CF2 00000000 SECT3A0 notype       Static      | .pdata
    Section length    C, #relocs    3, #linenums    0, checksum A59B2387, selection    5 (pick associative Section 0x175)
CF4 00000000 SECT3A0 notype       Static      | $pdata$?allocate@?$allocator@V?$unique_ptr@UOperation@SessionFileOwner@MilesFileOwner36@@U?$default_delete@UOperation@SessionFileOwner@MilesFileOwner36@@@std@@@std@@@std@@QEAAPEAV?$unique_ptr@UOperation@SessionFileOwner@MilesFileOwner36@@U?$default_delete@UOperation@SessionFileOwner@MilesFileOwner36@@@std@@@2@_K@Z
CF5 00000000 SECT3A1 notype       Static      | .xdata
    Section length    8, #relocs    0, #linenums    0, checksum FC45C01B, selection    5 (pick associative Section 0x182)
CF7 00000000 SECT3A1 notype       Static      | $unwind$?construct@?$allocator@V?$unique_ptr@UOperation@SessionFileOwner@MilesFileOwner36@@U?$default_delete@UOperation@SessionFileOwner@MilesFileOwner36@@@std@@@std@@@std@@QEAAXPEAV?$unique_ptr@UOperation@SessionFileOwner@MilesFileOwner36@@U?$default_delete@UOperation@SessionFileOwner@MilesFileOwner36@@@std@@@2@@Z
CF8 00000000 SECT3A2 notype       Static      | .pdata
    Section length    C, #relocs    3, #linenums    0, checksum 36D2D9C6, selection    5 (pick associative Section 0x182)
CFA 00000000 SECT3A2 notype       Static      | $pdata$?construct@?$allocator@V?$unique_ptr@UOperation@SessionFileOwner@MilesFileOwner36@@U?$default_delete@UOperation@SessionFileOwner@MilesFileOwner36@@@std@@@std@@@std@@QEAAXPEAV?$unique_ptr@UOperation@SessionFileOwner@MilesFileOwner36@@U?$default_delete@UOperation@SessionFileOwner@MilesFileOwner36@@@std@@@2@@Z
CFB 00000000 SECT3A3 notype       Static      | .xdata
    Section length    8, #relocs    0, #linenums    0, checksum 9C7880CC, selection    5 (pick associative Section 0x1AD)
CFD 00000000 SECT3A3 notype       Static      | $unwind$?max_size@?$allocator_traits@V?$allocator@V?$unique_ptr@UOperation@SessionFileOwner@MilesFileOwner36@@U?$default_delete@UOperation@SessionFileOwner@MilesFileOwner36@@@std@@@std@@@std@@@std@@SA_KAEBV?$allocator@V?$unique_ptr@UOperation@SessionFileOwner@MilesFileOwner36@@U?$default_delete@UOperation@SessionFileOwner@MilesFileOwner36@@@std@@@std@@@2@@Z
CFE 00000000 SECT3A4 notype       Static      | .pdata
    Section length    C, #relocs    3, #linenums    0, checksum AF5E2A9E, selection    5 (pick associative Section 0x1AD)
D00 00000000 SECT3A4 notype       Static      | $pdata$?max_size@?$allocator_traits@V?$allocator@V?$unique_ptr@UOperation@SessionFileOwner@MilesFileOwner36@@U?$default_delete@UOperation@SessionFileOwner@MilesFileOwner36@@@std@@@std@@@std@@@std@@SA_KAEBV?$allocator@V?$unique_ptr@UOperation@SessionFileOwner@MilesFileOwner36@@U?$default_delete@UOperation@SessionFileOwner@MilesFileOwner36@@@std@@@std@@@2@@Z
D01 00000000 SECT3A5 notype       Static      | .xdata
    Section length    8, #relocs    0, #linenums    0, checksum 9C7880CC, selection    5 (pick associative Section 0x8D)
D03 00000000 SECT3A5 notype       Static      | $unwind$??0?$_Wrap_alloc@V?$allocator@V?$unique_ptr@UOperation@SessionFileOwner@MilesFileOwner36@@U?$default_delete@UOperation@SessionFileOwner@MilesFileOwner36@@@std@@@std@@@std@@@std@@QEAA@XZ
D04 00000000 SECT3A6 notype       Static      | .pdata
    Section length    C, #relocs    3, #linenums    0, checksum E7BE24FA, selection    5 (pick associative Section 0x8D)
D06 00000000 SECT3A6 notype       Static      | $pdata$??0?$_Wrap_alloc@V?$allocator@V?$unique_ptr@UOperation@SessionFileOwner@MilesFileOwner36@@U?$default_delete@UOperation@SessionFileOwner@MilesFileOwner36@@@std@@@std@@@std@@@std@@QEAA@XZ
D07 00000000 SECT3A7 notype       Static      | .xdata
    Section length    8, #relocs    0, #linenums    0, checksum C40886FB, selection    5 (pick associative Section 0x16F)
D09 00000000 SECT3A7 notype       Static      | $unwind$?allocate@?$_Wrap_alloc@V?$allocator@V?$unique_ptr@UOperation@SessionFileOwner@MilesFileOwner36@@U?$default_delete@UOperation@SessionFileOwner@MilesFileOwner36@@@std@@@std@@@std@@@std@@QEAAPEAV?$unique_ptr@UOperation@SessionFileOwner@MilesFileOwner36@@U?$default_delete@UOperation@SessionFileOwner@MilesFileOwner36@@@std@@@2@_K@Z
D0A 00000000 SECT3A8 notype       Static      | .pdata
    Section length    C, #relocs    3, #linenums    0, checksum BB53652B, selection    5 (pick associative Section 0x16F)
D0C 00000000 SECT3A8 notype       Static      | $pdata$?allocate@?$_Wrap_alloc@V?$allocator@V?$unique_ptr@UOperation@SessionFileOwner@MilesFileOwner36@@U?$default_delete@UOperation@SessionFileOwner@MilesFileOwner36@@@std@@@std@@@std@@@std@@QEAAPEAV?$unique_ptr@UOperation@SessionFileOwner@MilesFileOwner36@@U?$default_delete@UOperation@SessionFileOwner@MilesFileOwner36@@@std@@@2@_K@Z
D0D 00000000 SECT3A9 notype       Static      | .xdata
    Section length    8, #relocs    0, #linenums    0, checksum 6072F4B7, selection    5 (pick associative Section 0x189)
D0F 00000000 SECT3A9 notype       Static      | $unwind$?deallocate@?$_Wrap_alloc@V?$allocator@V?$unique_ptr@UOperation@SessionFileOwner@MilesFileOwner36@@U?$default_delete@UOperation@SessionFileOwner@MilesFileOwner36@@@std@@@std@@@std@@@std@@QEAAXPEAV?$unique_ptr@UOperation@SessionFileOwner@MilesFileOwner36@@U?$default_delete@UOperation@SessionFileOwner@MilesFileOwner36@@@std@@@2@_K@Z
D10 00000000 SECT3AA notype       Static      | .pdata
    Section length    C, #relocs    3, #linenums    0, checksum AED97719, selection    5 (pick associative Section 0x189)
D12 00000000 SECT3AA notype       Static      | $pdata$?deallocate@?$_Wrap_alloc@V?$allocator@V?$unique_ptr@UOperation@SessionFileOwner@MilesFileOwner36@@U?$default_delete@UOperation@SessionFileOwner@MilesFileOwner36@@@std@@@std@@@std@@@std@@QEAAXPEAV?$unique_ptr@UOperation@SessionFileOwner@MilesFileOwner36@@U?$default_delete@UOperation@SessionFileOwner@MilesFileOwner36@@@std@@@2@_K@Z
D13 00000000 SECT3AB notype       Static      | .xdata
    Section length    8, #relocs    0, #linenums    0, checksum C40886FB, selection    5 (pick associative Section 0x180)
D15 00000000 SECT3AB notype       Static      | $unwind$?construct@?$_Wrap_alloc@V?$allocator@V?$unique_ptr@UOperation@SessionFileOwner@MilesFileOwner36@@U?$default_delete@UOperation@SessionFileOwner@MilesFileOwner36@@@std@@@std@@@std@@@std@@QEAAXPEAV?$unique_ptr@UOperation@SessionFileOwner@MilesFileOwner36@@U?$default_delete@UOperation@SessionFileOwner@MilesFileOwner36@@@std@@@2@@Z
D16 00000000 SECT3AC notype       Static      | .pdata
    Section length    C, #relocs    3, #linenums    0, checksum BB53652B, selection    5 (pick associative Section 0x180)
D18 00000000 SECT3AC notype       Static      | $pdata$?construct@?$_Wrap_alloc@V?$allocator@V?$unique_ptr@UOperation@SessionFileOwner@MilesFileOwner36@@U?$default_delete@UOperation@SessionFileOwner@MilesFileOwner36@@@std@@@std@@@std@@@std@@QEAAXPEAV?$unique_ptr@UOperation@SessionFileOwner@MilesFileOwner36@@U?$default_delete@UOperation@SessionFileOwner@MilesFileOwner36@@@std@@@2@@Z
D19 00000000 SECT3AD notype       Static      | .xdata
    Section length    8, #relocs    0, #linenums    0, checksum 9C7880CC, selection    5 (pick associative Section 0x1A3)
D1B 00000000 SECT3AD notype       Static      | $unwind$?max_size@?$_Wrap_alloc@V?$allocator@V?$unique_ptr@UOperation@SessionFileOwner@MilesFileOwner36@@U?$default_delete@UOperation@SessionFileOwner@MilesFileOwner36@@@std@@@std@@@std@@@std@@QEBA_KXZ
D1C 00000000 SECT3AE notype       Static      | .pdata
    Section length    C, #relocs    3, #linenums    0, checksum AF5E2A9E, selection    5 (pick associative Section 0x1A3)
D1E 00000000 SECT3AE notype       Static      | $pdata$?max_size@?$_Wrap_alloc@V?$allocator@V?$unique_ptr@UOperation@SessionFileOwner@MilesFileOwner36@@U?$default_delete@UOperation@SessionFileOwner@MilesFileOwner36@@@std@@@std@@@std@@@std@@QEBA_KXZ
D1F 00000000 SECT3AF notype       Static      | .xdata
    Section length    8, #relocs    0, #linenums    0, checksum 9C7880CC, selection    5 (pick associative Section 0x86)
D21 00000000 SECT3AF notype       Static      | $unwind$??0?$_Vector_val@U?$_Simple_types@V?$unique_ptr@UOperation@SessionFileOwner@MilesFileOwner36@@U?$default_delete@UOperation@SessionFileOwner@MilesFileOwner36@@@std@@@std@@@std@@@std@@QEAA@XZ
D22 00000000 SECT3B0 notype       Static      | .pdata
    Section length    C, #relocs    3, #linenums    0, checksum ADD7CC17, selection    5 (pick associative Section 0x86)
D24 00000000 SECT3B0 notype       Static      | $pdata$??0?$_Vector_val@U?$_Simple_types@V?$unique_ptr@UOperation@SessionFileOwner@MilesFileOwner36@@U?$default_delete@UOperation@SessionFileOwner@MilesFileOwner36@@@std@@@std@@@std@@@std@@QEAA@XZ
D25 00000000 SECT3B1 notype       Static      | .xdata
    Section length    8, #relocs    0, #linenums    0, checksum 9C7880CC, selection    5 (pick associative Section 0xCB)
D27 00000000 SECT3B1 notype       Static      | $unwind$??1?$_Vector_val@U?$_Simple_types@V?$unique_ptr@UOperation@SessionFileOwner@MilesFileOwner36@@U?$default_delete@UOperation@SessionFileOwner@MilesFileOwner36@@@std@@@std@@@std@@@std@@QEAA@XZ
D28 00000000 SECT3B2 notype       Static      | .pdata
    Section length    C, #relocs    3, #linenums    0, checksum AF5E2A9E, selection    5 (pick associative Section 0xCB)
D2A 00000000 SECT3B2 notype       Static      | $pdata$??1?$_Vector_val@U?$_Simple_types@V?$unique_ptr@UOperation@SessionFileOwner@MilesFileOwner36@@U?$default_delete@UOperation@SessionFileOwner@MilesFileOwner36@@@std@@@std@@@std@@@std@@QEAA@XZ
D2B 00000000 SECT3B3 notype       Static      | .xdata
    Section length   10, #relocs    2, #linenums    0, checksum EBAA22CB, selection    5 (pick associative Section 0x81)
D2D 00000000 SECT3B3 notype       Static      | $unwind$??0?$_Vector_alloc@$0A@U?$_Vec_base_types@V?$unique_ptr@UOperation@SessionFileOwner@MilesFileOwner36@@U?$default_delete@UOperation@SessionFileOwner@MilesFileOwner36@@@std@@@std@@V?$allocator@V?$unique_ptr@UOperation@SessionFileOwner@MilesFileOwner36@@U?$default_delete@UOperation@SessionFileOwner@MilesFileOwner36@@@std@@@std@@@2@@std@@@std@@QEAA@AEBV?$allocator@V?$unique_ptr@UOperation@SessionFileOwner@MilesFileOwner36@@U?$default_delete@UOperation@SessionFileOwner@MilesFileOwner36@@@std@@@std@@@1@@Z
D2E 00000000 SECT3B4 notype       Static      | .pdata
    Section length    C, #relocs    3, #linenums    0, checksum 8F085A64, selection    5 (pick associative Section 0x81)
D30 00000000 SECT3B4 notype       Static      | $pdata$??0?$_Vector_alloc@$0A@U?$_Vec_base_types@V?$unique_ptr@UOperation@SessionFileOwner@MilesFileOwner36@@U?$default_delete@UOperation@SessionFileOwner@MilesFileOwner36@@@std@@@std@@V?$allocator@V?$unique_ptr@UOperation@SessionFileOwner@MilesFileOwner36@@U?$default_delete@UOperation@SessionFileOwner@MilesFileOwner36@@@std@@@std@@@2@@std@@@std@@QEAA@AEBV?$allocator@V?$unique_ptr@UOperation@SessionFileOwner@MilesFileOwner36@@U?$default_delete@UOperation@SessionFileOwner@MilesFileOwner36@@@std@@@std@@@1@@Z
D31 00000000 SECT3B5 notype       Static      | .rdata
    Section length   28, #relocs    2, #linenums    0, checksum E93FB885, selection    5 (pick associative Section 0x81)
D33 00000000 SECT3B5 notype       Static      | $cppxdata$??0?$_Vector_alloc@$0A@U?$_Vec_base_types@V?$unique_ptr@UOperation@SessionFileOwner@MilesFileOwner36@@U?$default_delete@UOperation@SessionFileOwner@MilesFileOwner36@@@std@@@std@@V?$allocator@V?$unique_ptr@UOperation@SessionFileOwner@MilesFileOwner36@@U?$default_delete@UOperation@SessionFileOwner@MilesFileOwner36@@@std@@@std@@@2@@std@@@std@@QEAA@AEBV?$allocator@V?$unique_ptr@UOperation@SessionFileOwner@MilesFileOwner36@@U?$default_delete@UOperation@SessionFileOwner@MilesFileOwner36@@@std@@@std@@@1@@Z
D34 00000000 SECT3B6 notype       Static      | .xdata
    Section length    8, #relocs    1, #linenums    0, checksum 9ADD2096, selection    5 (pick associative Section 0x81)
D36 00000000 SECT3B6 notype       Static      | $stateUnwindMap$??0?$_Vector_alloc@$0A@U?$_Vec_base_types@V?$unique_ptr@UOperation@SessionFileOwner@MilesFileOwner36@@U?$default_delete@UOperation@SessionFileOwner@MilesFileOwner36@@@std@@@std@@V?$allocator@V?$unique_ptr@UOperation@SessionFileOwner@MilesFileOwner36@@U?$default_delete@UOperation@SessionFileOwner@MilesFileOwner36@@@std@@@std@@@2@@std@@@std@@QEAA@AEBV?$allocator@V?$unique_ptr@UOperation@SessionFileOwner@MilesFileOwner36@@U?$default_delete@UOperation@SessionFileOwner@MilesFileOwner36@@@std@@@std@@@1@@Z
D37 00000000 SECT3B7 notype       Static      | .xdata
    Section length   18, #relocs    3, #linenums    0, checksum DC7D6D08, selection    5 (pick associative Section 0x81)
D39 00000000 SECT3B7 notype       Static      | $ip2state$??0?$_Vector_alloc@$0A@U?$_Vec_base_types@V?$unique_ptr@UOperation@SessionFileOwner@MilesFileOwner36@@U?$default_delete@UOperation@SessionFileOwner@MilesFileOwner36@@@std@@@std@@V?$allocator@V?$unique_ptr@UOperation@SessionFileOwner@MilesFileOwner36@@U?$default_delete@UOperation@SessionFileOwner@MilesFileOwner36@@@std@@@std@@@2@@std@@@std@@QEAA@AEBV?$allocator@V?$unique_ptr@UOperation@SessionFileOwner@MilesFileOwner36@@U?$default_delete@UOperation@SessionFileOwner@MilesFileOwner36@@@std@@@std@@@1@@Z
D3A 00000000 SECT3B8 notype       Static      | .xdata
    Section length    8, #relocs    0, #linenums    0, checksum B96BC9FB, selection    5 (pick associative Section 0x81)
D3C 00000000 SECT3B8 notype       Static      | $unwind$?dtor$0@?0???0?$_Vector_alloc@$0A@U?$_Vec_base_types@V?$unique_ptr@UOperation@SessionFileOwner@MilesFileOwner36@@U?$default_delete@UOperation@SessionFileOwner@MilesFileOwner36@@@std@@@std@@V?$allocator@V?$unique_ptr@UOperation@SessionFileOwner@MilesFileOwner36@@U?$default_delete@UOperation@SessionFileOwner@MilesFileOwner36@@@std@@@std@@@2@@std@@@std@@QEAA@AEBV?$allocator@V?$unique_ptr@UOperation@SessionFileOwner@MilesFileOwner36@@U?$default_delete@UOperation@SessionFileOwner@MilesFileOwner36@@@std@@@std@@@1@@Z@4HA
D3D 00000000 SECT3B9 notype       Static      | .pdata
    Section length    C, #relocs    3, #linenums    0, checksum AF5E2A9E, selection    5 (pick associative Section 0x81)
D3F 00000000 SECT3B9 notype       Static      | $pdata$?dtor$0@?0???0?$_Vector_alloc@$0A@U?$_Vec_base_types@V?$unique_ptr@UOperation@SessionFileOwner@MilesFileOwner36@@U?$default_delete@UOperation@SessionFileOwner@MilesFileOwner36@@@std@@@std@@V?$allocator@V?$unique_ptr@UOperation@SessionFileOwner@MilesFileOwner36@@U?$default_delete@UOperation@SessionFileOwner@MilesFileOwner36@@@std@@@std@@@2@@std@@@std@@QEAA@AEBV?$allocator@V?$unique_ptr@UOperation@SessionFileOwner@MilesFileOwner36@@U?$default_delete@UOperation@SessionFileOwner@MilesFileOwner36@@@std@@@std@@@1@@Z@4HA
D40 00000000 SECT3BA notype       Static      | .xdata
    Section length    8, #relocs    0, #linenums    0, checksum 9C7880CC, selection    5 (pick associative Section 0xC7)
D42 00000000 SECT3BA notype       Static      | $unwind$??1?$_Vector_alloc@$0A@U?$_Vec_base_types@V?$unique_ptr@UOperation@SessionFileOwner@MilesFileOwner36@@U?$default_delete@UOperation@SessionFileOwner@MilesFileOwner36@@@std@@@std@@V?$allocator@V?$unique_ptr@UOperation@SessionFileOwner@MilesFileOwner36@@U?$default_delete@UOperation@SessionFileOwner@MilesFileOwner36@@@std@@@std@@@2@@std@@@std@@QEAA@XZ
D43 00000000 SECT3BB notype       Static      | .pdata
    Section length    C, #relocs    3, #linenums    0, checksum BB53652B, selection    5 (pick associative Section 0xC7)
D45 00000000 SECT3BB notype       Static      | $pdata$??1?$_Vector_alloc@$0A@U?$_Vec_base_types@V?$unique_ptr@UOperation@SessionFileOwner@MilesFileOwner36@@U?$default_delete@UOperation@SessionFileOwner@MilesFileOwner36@@@std@@@std@@V?$allocator@V?$unique_ptr@UOperation@SessionFileOwner@MilesFileOwner36@@U?$default_delete@UOperation@SessionFileOwner@MilesFileOwner36@@@std@@@std@@@2@@std@@@std@@QEAA@XZ
D46 00000000 SECT3BC notype       Static      | .xdata
    Section length    8, #relocs    0, #linenums    0, checksum  DD7168C, selection    5 (pick associative Section 0x11B)
D48 00000000 SECT3BC notype       Static      | $unwind$?_Alloc_proxy@?$_Vector_alloc@$0A@U?$_Vec_base_types@V?$unique_ptr@UOperation@SessionFileOwner@MilesFileOwner36@@U?$default_delete@UOperation@SessionFileOwner@MilesFileOwner36@@@std@@@std@@V?$allocator@V?$unique_ptr@UOperation@SessionFileOwner@MilesFileOwner36@@U?$default_delete@UOperation@SessionFileOwner@MilesFileOwner36@@@std@@@std@@@2@@std@@@std@@QEAAXXZ
D49 00000000 SECT3BD notype       Static      | .pdata
    Section length    C, #relocs    3, #linenums    0, checksum 40ACE1F4, selection    5 (pick associative Section 0x11B)
D4B 00000000 SECT3BD notype       Static      | $pdata$?_Alloc_proxy@?$_Vector_alloc@$0A@U?$_Vec_base_types@V?$unique_ptr@UOperation@SessionFileOwner@MilesFileOwner36@@U?$default_delete@UOperation@SessionFileOwner@MilesFileOwner36@@@std@@@std@@V?$allocator@V?$unique_ptr@UOperation@SessionFileOwner@MilesFileOwner36@@U?$default_delete@UOperation@SessionFileOwner@MilesFileOwner36@@@std@@@std@@@2@@std@@@std@@QEAAXXZ
D4C 00000000 SECT3BE notype       Static      | .xdata
    Section length    8, #relocs    0, #linenums    0, checksum A435C62C, selection    5 (pick associative Section 0x137)
D4E 00000000 SECT3BE notype       Static      | $unwind$?_Free_proxy@?$_Vector_alloc@$0A@U?$_Vec_base_types@V?$unique_ptr@UOperation@SessionFileOwner@MilesFileOwner36@@U?$default_delete@UOperation@SessionFileOwner@MilesFileOwner36@@@std@@@std@@V?$allocator@V?$unique_ptr@UOperation@SessionFileOwner@MilesFileOwner36@@U?$default_delete@UOperation@SessionFileOwner@MilesFileOwner36@@@std@@@std@@@2@@std@@@std@@QEAAXXZ
D4F 00000000 SECT3BF notype       Static      | .pdata
    Section length    C, #relocs    3, #linenums    0, checksum 86C3E873, selection    5 (pick associative Section 0x137)
D51 00000000 SECT3BF notype       Static      | $pdata$?_Free_proxy@?$_Vector_alloc@$0A@U?$_Vec_base_types@V?$unique_ptr@UOperation@SessionFileOwner@MilesFileOwner36@@U?$default_delete@UOperation@SessionFileOwner@MilesFileOwner36@@@std@@@std@@V?$allocator@V?$unique_ptr@UOperation@SessionFileOwner@MilesFileOwner36@@U?$default_delete@UOperation@SessionFileOwner@MilesFileOwner36@@@std@@@std@@@2@@std@@@std@@QEAAXXZ
D52 00000000 SECT3C0 notype       Static      | .xdata
    Section length    8, #relocs    0, #linenums    0, checksum C40886FB, selection    5 (pick associative Section 0x142)
D54 00000000 SECT3C0 notype       Static      | $unwind$?_Getal@?$_Vector_alloc@$0A@U?$_Vec_base_types@V?$unique_ptr@UOperation@SessionFileOwner@MilesFileOwner36@@U?$default_delete@UOperation@SessionFileOwner@MilesFileOwner36@@@std@@@std@@V?$allocator@V?$unique_ptr@UOperation@SessionFileOwner@MilesFileOwner36@@U?$default_delete@UOperation@SessionFileOwner@MilesFileOwner36@@@std@@@std@@@2@@std@@@std@@QEBA?AU?$_Wrap_alloc@V?$allocator@V?$unique_ptr@UOperation@SessionFileOwner@MilesFileOwner36@@U?$default_delete@UOperation@SessionFileOwner@MilesFileOwner36@@@std@@@std@@@std@@@2@XZ
D55 00000000 SECT3C1 notype       Static      | .pdata
    Section length    C, #relocs    3, #linenums    0, checksum BB53652B, selection    5 (pick associative Section 0x142)
D57 00000000 SECT3C1 notype       Static      | $pdata$?_Getal@?$_Vector_alloc@$0A@U?$_Vec_base_types@V?$unique_ptr@UOperation@SessionFileOwner@MilesFileOwner36@@U?$default_delete@UOperation@SessionFileOwner@MilesFileOwner36@@@std@@@std@@V?$allocator@V?$unique_ptr@UOperation@SessionFileOwner@MilesFileOwner36@@U?$default_delete@UOperation@SessionFileOwner@MilesFileOwner36@@@std@@@std@@@2@@std@@@std@@QEBA?AU?$_Wrap_alloc@V?$allocator@V?$unique_ptr@UOperation@SessionFileOwner@MilesFileOwner36@@U?$default_delete@UOperation@SessionFileOwner@MilesFileOwner36@@@std@@@std@@@std@@@2@XZ
D58 00000000 SECT3C2 notype       Static      | .xdata
    Section length   10, #relocs    2, #linenums    0, checksum 98B9BD84, selection    5 (pick associative Section 0xA9)
D5A 00000000 SECT3C2 notype       Static      | $unwind$??0?$vector@V?$unique_ptr@UOperation@SessionFileOwner@MilesFileOwner36@@U?$default_delete@UOperation@SessionFileOwner@MilesFileOwner36@@@std@@@std@@V?$allocator@V?$unique_ptr@UOperation@SessionFileOwner@MilesFileOwner36@@U?$default_delete@UOperation@SessionFileOwner@MilesFileOwner36@@@std@@@std@@@2@@std@@QEAA@_K@Z
D5B 00000000 SECT3C3 notype       Static      | .pdata
    Section length    C, #relocs    3, #linenums    0, checksum ABCABA0B, selection    5 (pick associative Section 0xA9)
D5D 00000000 SECT3C3 notype       Static      | $pdata$??0?$vector@V?$unique_ptr@UOperation@SessionFileOwner@MilesFileOwner36@@U?$default_delete@UOperation@SessionFileOwner@MilesFileOwner36@@@std@@@std@@V?$allocator@V?$unique_ptr@UOperation@SessionFileOwner@MilesFileOwner36@@U?$default_delete@UOperation@SessionFileOwner@MilesFileOwner36@@@std@@@std@@@2@@std@@QEAA@_K@Z
D5E 00000000 SECT3C4 notype       Static      | .rdata
    Section length   28, #relocs    3, #linenums    0, checksum 2D640775, selection    5 (pick associative Section 0xA9)
D60 00000000 SECT3C4 notype       Static      | $cppxdata$??0?$vector@V?$unique_ptr@UOperation@SessionFileOwner@MilesFileOwner36@@U?$default_delete@UOperation@SessionFileOwner@MilesFileOwner36@@@std@@@std@@V?$allocator@V?$unique_ptr@UOperation@SessionFileOwner@MilesFileOwner36@@U?$default_delete@UOperation@SessionFileOwner@MilesFileOwner36@@@std@@@std@@@2@@std@@QEAA@_K@Z
D61 00000000 SECT3C5 notype       Static      | .xdata
    Section length   18, #relocs    1, #linenums    0, checksum 5C3E35DF, selection    5 (pick associative Section 0xA9)
D63 00000000 SECT3C5 notype       Static      | $stateUnwindMap$??0?$vector@V?$unique_ptr@UOperation@SessionFileOwner@MilesFileOwner36@@U?$default_delete@UOperation@SessionFileOwner@MilesFileOwner36@@@std@@@std@@V?$allocator@V?$unique_ptr@UOperation@SessionFileOwner@MilesFileOwner36@@U?$default_delete@UOperation@SessionFileOwner@MilesFileOwner36@@@std@@@std@@@2@@std@@QEAA@_K@Z
D64 00000000 SECT3C6 notype       Static      | .xdata
    Section length   14, #relocs    1, #linenums    0, checksum EB9E34D6, selection    5 (pick associative Section 0xA9)
D66 00000000 SECT3C6 notype       Static      | $tryMap$??0?$vector@V?$unique_ptr@UOperation@SessionFileOwner@MilesFileOwner36@@U?$default_delete@UOperation@SessionFileOwner@MilesFileOwner36@@@std@@@std@@V?$allocator@V?$unique_ptr@UOperation@SessionFileOwner@MilesFileOwner36@@U?$default_delete@UOperation@SessionFileOwner@MilesFileOwner36@@@std@@@std@@@2@@std@@QEAA@_K@Z
D67 00000000 SECT3C7 notype       Static      | .xdata
    Section length   14, #relocs    1, #linenums    0, checksum   677058, selection    5 (pick associative Section 0xA9)
D69 00000000 SECT3C7 notype       Static      | $handlerMap$0$??0?$vector@V?$unique_ptr@UOperation@SessionFileOwner@MilesFileOwner36@@U?$default_delete@UOperation@SessionFileOwner@MilesFileOwner36@@@std@@@std@@V?$allocator@V?$unique_ptr@UOperation@SessionFileOwner@MilesFileOwner36@@U?$default_delete@UOperation@SessionFileOwner@MilesFileOwner36@@@std@@@std@@@2@@std@@QEAA@_K@Z
D6A 00000000 SECT3C8 notype       Static      | .xdata
    Section length   40, #relocs    8, #linenums    0, checksum 41D3BF49, selection    5 (pick associative Section 0xA9)
D6C 00000000 SECT3C8 notype       Static      | $ip2state$??0?$vector@V?$unique_ptr@UOperation@SessionFileOwner@MilesFileOwner36@@U?$default_delete@UOperation@SessionFileOwner@MilesFileOwner36@@@std@@@std@@V?$allocator@V?$unique_ptr@UOperation@SessionFileOwner@MilesFileOwner36@@U?$default_delete@UOperation@SessionFileOwner@MilesFileOwner36@@@std@@@std@@@2@@std@@QEAA@_K@Z
D6D 00000000 SECT3C9 notype       Static      | .xdata
    Section length    8, #relocs    0, #linenums    0, checksum B96BC9FB, selection    5 (pick associative Section 0xA9)
D6F 00000000 SECT3C9 notype       Static      | $unwind$?dtor$0@?0???0?$vector@V?$unique_ptr@UOperation@SessionFileOwner@MilesFileOwner36@@U?$default_delete@UOperation@SessionFileOwner@MilesFileOwner36@@@std@@@std@@V?$allocator@V?$unique_ptr@UOperation@SessionFileOwner@MilesFileOwner36@@U?$default_delete@UOperation@SessionFileOwner@MilesFileOwner36@@@std@@@std@@@2@@std@@QEAA@_K@Z@4HA
D70 00000000 SECT3CA notype       Static      | .pdata
    Section length    C, #relocs    3, #linenums    0, checksum AF5E2A9E, selection    5 (pick associative Section 0xA9)
D72 00000000 SECT3CA notype       Static      | $pdata$?dtor$0@?0???0?$vector@V?$unique_ptr@UOperation@SessionFileOwner@MilesFileOwner36@@U?$default_delete@UOperation@SessionFileOwner@MilesFileOwner36@@@std@@@std@@V?$allocator@V?$unique_ptr@UOperation@SessionFileOwner@MilesFileOwner36@@U?$default_delete@UOperation@SessionFileOwner@MilesFileOwner36@@@std@@@std@@@2@@std@@QEAA@_K@Z@4HA
D73 00000000 SECT3CB notype       Static      | .xdata
    Section length   10, #relocs    2, #linenums    0, checksum 5840A276, selection    5 (pick associative Section 0xA9)
D75 00000000 SECT3CB notype       Static      | $unwind$?catch$0@?0???0?$vector@V?$unique_ptr@UOperation@SessionFileOwner@MilesFileOwner36@@U?$default_delete@UOperation@SessionFileOwner@MilesFileOwner36@@@std@@@std@@V?$allocator@V?$unique_ptr@UOperation@SessionFileOwner@MilesFileOwner36@@U?$default_delete@UOperation@SessionFileOwner@MilesFileOwner36@@@std@@@std@@@2@@std@@QEAA@_K@Z@4HA
D76 00000000 SECT3CC notype       Static      | .pdata
    Section length    C, #relocs    3, #linenums    0, checksum ECFC7064, selection    5 (pick associative Section 0xA9)
D78 00000000 SECT3CC notype       Static      | $pdata$?catch$0@?0???0?$vector@V?$unique_ptr@UOperation@SessionFileOwner@MilesFileOwner36@@U?$default_delete@UOperation@SessionFileOwner@MilesFileOwner36@@@std@@@std@@V?$allocator@V?$unique_ptr@UOperation@SessionFileOwner@MilesFileOwner36@@U?$default_delete@UOperation@SessionFileOwner@MilesFileOwner36@@@std@@@std@@@2@@std@@QEAA@_K@Z@4HA
D79 00000000 SECT3CD notype       Static      | .xdata
    Section length    8, #relocs    0, #linenums    0, checksum 9C7880CC, selection    5 (pick associative Section 0xD5)
D7B 00000000 SECT3CD notype       Static      | $unwind$??1?$vector@V?$unique_ptr@UOperation@SessionFileOwner@MilesFileOwner36@@U?$default_delete@UOperation@SessionFileOwner@MilesFileOwner36@@@std@@@std@@V?$allocator@V?$unique_ptr@UOperation@SessionFileOwner@MilesFileOwner36@@U?$default_delete@UOperation@SessionFileOwner@MilesFileOwner36@@@std@@@std@@@2@@std@@QEAA@XZ
D7C 00000000 SECT3CE notype       Static      | .pdata
    Section length    C, #relocs    3, #linenums    0, checksum BB53652B, selection    5 (pick associative Section 0xD5)
D7E 00000000 SECT3CE notype       Static      | $pdata$??1?$vector@V?$unique_ptr@UOperation@SessionFileOwner@MilesFileOwner36@@U?$default_delete@UOperation@SessionFileOwner@MilesFileOwner36@@@std@@@std@@V?$allocator@V?$unique_ptr@UOperation@SessionFileOwner@MilesFileOwner36@@U?$default_delete@UOperation@SessionFileOwner@MilesFileOwner36@@@std@@@std@@@2@@std@@QEAA@XZ
D7F 00000000 SECT3CF notype       Static      | .xdata
    Section length    8, #relocs    0, #linenums    0, checksum A435C62C, selection    5 (pick associative Section 0x1B2)
D81 00000000 SECT3CF notype       Static      | $unwind$?max_size@?$vector@V?$unique_ptr@UOperation@SessionFileOwner@MilesFileOwner36@@U?$default_delete@UOperation@SessionFileOwner@MilesFileOwner36@@@std@@@std@@V?$allocator@V?$unique_ptr@UOperation@SessionFileOwner@MilesFileOwner36@@U?$default_delete@UOperation@SessionFileOwner@MilesFileOwner36@@@std@@@std@@@2@@std@@QEBA_KXZ
D82 00000000 SECT3D0 notype       Static      | .pdata
    Section length    C, #relocs    3, #linenums    0, checksum B1966C32, selection    5 (pick associative Section 0x1B2)
D84 00000000 SECT3D0 notype       Static      | $pdata$?max_size@?$vector@V?$unique_ptr@UOperation@SessionFileOwner@MilesFileOwner36@@U?$default_delete@UOperation@SessionFileOwner@MilesFileOwner36@@@std@@@std@@V?$allocator@V?$unique_ptr@UOperation@SessionFileOwner@MilesFileOwner36@@U?$default_delete@UOperation@SessionFileOwner@MilesFileOwner36@@@std@@@std@@@2@@std@@QEBA_KXZ
D85 00000000 SECT3D1 notype       Static      | .xdata
    Section length    8, #relocs    0, #linenums    0, checksum FC45C01B, selection    5 (pick associative Section 0xF0)
D87 00000000 SECT3D1 notype       Static      | $unwind$??A?$vector@V?$unique_ptr@UOperation@SessionFileOwner@MilesFileOwner36@@U?$default_delete@UOperation@SessionFileOwner@MilesFileOwner36@@@std@@@std@@V?$allocator@V?$unique_ptr@UOperation@SessionFileOwner@MilesFileOwner36@@U?$default_delete@UOperation@SessionFileOwner@MilesFileOwner36@@@std@@@std@@@2@@std@@QEBAAEBV?$unique_ptr@UOperation@SessionFileOwner@MilesFileOwner36@@U?$default_delete@UOperation@SessionFileOwner@MilesFileOwner36@@@std@@@1@_K@Z
D88 00000000 SECT3D2 notype       Static      | .pdata
    Section length    C, #relocs    3, #linenums    0, checksum A9435C82, selection    5 (pick associative Section 0xF0)
D8A 00000000 SECT3D2 notype       Static      | $pdata$??A?$vector@V?$unique_ptr@UOperation@SessionFileOwner@MilesFileOwner36@@U?$default_delete@UOperation@SessionFileOwner@MilesFileOwner36@@@std@@@std@@V?$allocator@V?$unique_ptr@UOperation@SessionFileOwner@MilesFileOwner36@@U?$default_delete@UOperation@SessionFileOwner@MilesFileOwner36@@@std@@@std@@@2@@std@@QEBAAEBV?$unique_ptr@UOperation@SessionFileOwner@MilesFileOwner36@@U?$default_delete@UOperation@SessionFileOwner@MilesFileOwner36@@@std@@@1@_K@Z
D8B 00000000 SECT3D3 notype       Static      | .xdata
    Section length    8, #relocs    0, #linenums    0, checksum FC45C01B, selection    5 (pick associative Section 0xEF)
D8D 00000000 SECT3D3 notype       Static      | $unwind$??A?$vector@V?$unique_ptr@UOperation@SessionFileOwner@MilesFileOwner36@@U?$default_delete@UOperation@SessionFileOwner@MilesFileOwner36@@@std@@@std@@V?$allocator@V?$unique_ptr@UOperation@SessionFileOwner@MilesFileOwner36@@U?$default_delete@UOperation@SessionFileOwner@MilesFileOwner36@@@std@@@std@@@2@@std@@QEAAAEAV?$unique_ptr@UOperation@SessionFileOwner@MilesFileOwner36@@U?$default_delete@UOperation@SessionFileOwner@MilesFileOwner36@@@std@@@1@_K@Z
D8E 00000000 SECT3D4 notype       Static      | .pdata
    Section length    C, #relocs    3, #linenums    0, checksum A9435C82, selection    5 (pick associative Section 0xEF)
D90 00000000 SECT3D4 notype       Static      | $pdata$??A?$vector@V?$unique_ptr@UOperation@SessionFileOwner@MilesFileOwner36@@U?$default_delete@UOperation@SessionFileOwner@MilesFileOwner36@@@std@@@std@@V?$allocator@V?$unique_ptr@UOperation@SessionFileOwner@MilesFileOwner36@@U?$default_delete@UOperation@SessionFileOwner@MilesFileOwner36@@@std@@@std@@@2@@std@@QEAAAEAV?$unique_ptr@UOperation@SessionFileOwner@MilesFileOwner36@@U?$default_delete@UOperation@SessionFileOwner@MilesFileOwner36@@@std@@@1@_K@Z
D91 00000000 SECT3D5 notype       Static      | .xdata
    Section length    8, #relocs    0, #linenums    0, checksum FC45C01B, selection    5 (pick associative Section 0x120)
D93 00000000 SECT3D5 notype       Static      | $unwind$?_Buy@?$vector@V?$unique_ptr@UOperation@SessionFileOwner@MilesFileOwner36@@U?$default_delete@UOperation@SessionFileOwner@MilesFileOwner36@@@std@@@std@@V?$allocator@V?$unique_ptr@UOperation@SessionFileOwner@MilesFileOwner36@@U?$default_delete@UOperation@SessionFileOwner@MilesFileOwner36@@@std@@@std@@@2@@std@@IEAA_N_K@Z
D94 00000000 SECT3D6 notype       Static      | .pdata
    Section length    C, #relocs    3, #linenums    0, checksum C9B9CD8C, selection    5 (pick associative Section 0x120)
D96 00000000 SECT3D6 notype       Static      | $pdata$?_Buy@?$vector@V?$unique_ptr@UOperation@SessionFileOwner@MilesFileOwner36@@U?$default_delete@UOperation@SessionFileOwner@MilesFileOwner36@@@std@@@std@@V?$allocator@V?$unique_ptr@UOperation@SessionFileOwner@MilesFileOwner36@@U?$default_delete@UOperation@SessionFileOwner@MilesFileOwner36@@@std@@@std@@@2@@std@@IEAA_N_K@Z
D97 00000000 SECT3D7 notype       Static      | .xdata
    Section length    8, #relocs    0, #linenums    0, checksum 583FB257, selection    5 (pick associative Section 0x12F)
D99 00000000 SECT3D7 notype       Static      | $unwind$?_Destroy@?$vector@V?$unique_ptr@UOperation@SessionFileOwner@MilesFileOwner36@@U?$default_delete@UOperation@SessionFileOwner@MilesFileOwner36@@@std@@@std@@V?$allocator@V?$unique_ptr@UOperation@SessionFileOwner@MilesFileOwner36@@U?$default_delete@UOperation@SessionFileOwner@MilesFileOwner36@@@std@@@std@@@2@@std@@IEAAXPEAV?$unique_ptr@UOperation@SessionFileOwner@MilesFileOwner36@@U?$default_delete@UOperation@SessionFileOwner@MilesFileOwner36@@@std@@@2@0@Z
D9A 00000000 SECT3D8 notype       Static      | .pdata
    Section length    C, #relocs    3, #linenums    0, checksum D8A74F2B, selection    5 (pick associative Section 0x12F)
D9C 00000000 SECT3D8 notype       Static      | $pdata$?_Destroy@?$vector@V?$unique_ptr@UOperation@SessionFileOwner@MilesFileOwner36@@U?$default_delete@UOperation@SessionFileOwner@MilesFileOwner36@@@std@@@std@@V?$allocator@V?$unique_ptr@UOperation@SessionFileOwner@MilesFileOwner36@@U?$default_delete@UOperation@SessionFileOwner@MilesFileOwner36@@@std@@@std@@@2@@std@@IEAAXPEAV?$unique_ptr@UOperation@SessionFileOwner@MilesFileOwner36@@U?$default_delete@UOperation@SessionFileOwner@MilesFileOwner36@@@std@@@2@0@Z
D9D 00000000 SECT3D9 notype       Static      | .xdata
    Section length    8, #relocs    0, #linenums    0, checksum A435C62C, selection    5 (pick associative Section 0x162)
D9F 00000000 SECT3D9 notype       Static      | $unwind$?_Tidy@?$vector@V?$unique_ptr@UOperation@SessionFileOwner@MilesFileOwner36@@U?$default_delete@UOperation@SessionFileOwner@MilesFileOwner36@@@std@@@std@@V?$allocator@V?$unique_ptr@UOperation@SessionFileOwner@MilesFileOwner36@@U?$default_delete@UOperation@SessionFileOwner@MilesFileOwner36@@@std@@@std@@@2@@std@@IEAAXXZ
DA0 00000000 SECT3DA notype       Static      | .pdata
    Section length    C, #relocs    3, #linenums    0, checksum 1A5CD639, selection    5 (pick associative Section 0x162)
DA2 00000000 SECT3DA notype       Static      | $pdata$?_Tidy@?$vector@V?$unique_ptr@UOperation@SessionFileOwner@MilesFileOwner36@@U?$default_delete@UOperation@SessionFileOwner@MilesFileOwner36@@@std@@@std@@V?$allocator@V?$unique_ptr@UOperation@SessionFileOwner@MilesFileOwner36@@U?$default_delete@UOperation@SessionFileOwner@MilesFileOwner36@@@std@@@std@@@2@@std@@IEAAXXZ
DA3 00000000 SECT3DB notype       Static      | .xdata
    Section length    8, #relocs    0, #linenums    0, checksum 9C7880CC, selection    5 (pick associative Section 0x168)
DA5 00000000 SECT3DB notype       Static      | $unwind$?_Xlen@?$vector@V?$unique_ptr@UOperation@SessionFileOwner@MilesFileOwner36@@U?$default_delete@UOperation@SessionFileOwner@MilesFileOwner36@@@std@@@std@@V?$allocator@V?$unique_ptr@UOperation@SessionFileOwner@MilesFileOwner36@@U?$default_delete@UOperation@SessionFileOwner@MilesFileOwner36@@@std@@@std@@@2@@std@@IEBAXXZ
DA6 00000000 SECT3DC notype       Static      | .pdata
    Section length    C, #relocs    3, #linenums    0, checksum ED7B2DE3, selection    5 (pick associative Section 0x168)
DA8 00000000 SECT3DC notype       Static      | $pdata$?_Xlen@?$vector@V?$unique_ptr@UOperation@SessionFileOwner@MilesFileOwner36@@U?$default_delete@UOperation@SessionFileOwner@MilesFileOwner36@@@std@@@std@@V?$allocator@V?$unique_ptr@UOperation@SessionFileOwner@MilesFileOwner36@@U?$default_delete@UOperation@SessionFileOwner@MilesFileOwner36@@@std@@@std@@@2@@std@@IEBAXXZ
DA9 0000044C SECT34C notype       Static      | $unwind$?failure@SessionFileOwner@MilesFileOwner36@@AEAAXXZ
DAA 00000060 SECT34D notype       Static      | $pdata$?failure@SessionFileOwner@MilesFileOwner36@@AEAAXXZ
DAB 00000454 SECT34C notype       Static      | $unwind$?releaseFile@SessionFileOwner@MilesFileOwner36@@AEAAXAEBV?$shared_ptr@UFileRecord@SessionFileOwner@MilesFileOwner36@@@std@@@Z
DAC 0000006C SECT34D notype       Static      | $pdata$?releaseFile@SessionFileOwner@MilesFileOwner36@@AEAAXAEBV?$shared_ptr@UFileRecord@SessionFileOwner@MilesFileOwner36@@@std@@@Z
DAD 0000045C SECT34C notype       Static      | $unwind$?find@SessionFileOwner@MilesFileOwner36@@AEBAPEAUOperation@12@_K@Z
DAE 00000078 SECT34D notype       Static      | $pdata$?find@SessionFileOwner@MilesFileOwner36@@AEBAPEAUOperation@12@_K@Z
DAF 00000000 SECT3DD notype       Static      | .xdata
    Section length    8, #relocs    0, #linenums    0, checksum 15BCD18D, selection    5 (pick associative Section 0xAD)
DB1 00000000 SECT3DD notype       Static      | $unwind$??0FileRecord@SessionFileOwner@MilesFileOwner36@@QEAA@XZ
DB2 00000000 SECT3DE notype       Static      | .pdata
    Section length    C, #relocs    3, #linenums    0, checksum 2358CBF4, selection    5 (pick associative Section 0xAD)
DB4 00000000 SECT3DE notype       Static      | $pdata$??0FileRecord@SessionFileOwner@MilesFileOwner36@@QEAA@XZ
DB5 00000000 SECT3DF notype       Static      | .xdata
    Section length    8, #relocs    0, #linenums    0, checksum 9C7880CC, selection    5 (pick associative Section 0xD6)
DB7 00000000 SECT3DF notype       Static      | $unwind$??1FileRecord@SessionFileOwner@MilesFileOwner36@@QEAA@XZ
DB8 00000000 SECT3E0 notype       Static      | .pdata
    Section length    C, #relocs    3, #linenums    0, checksum B1966C32, selection    5 (pick associative Section 0xD6)
DBA 00000000 SECT3E0 notype       Static      | $pdata$??1FileRecord@SessionFileOwner@MilesFileOwner36@@QEAA@XZ
DBB 00000000 SECT3E1 notype       Static      | .xdata
    Section length    8, #relocs    0, #linenums    0, checksum E7553388, selection    5 (pick associative Section 0x100)
DBD 00000000 SECT3E1 notype       Static      | $unwind$??_GFileRecord@SessionFileOwner@MilesFileOwner36@@QEAAPEAXI@Z
DBE 00000000 SECT3E2 notype       Static      | .pdata
    Section length    C, #relocs    3, #linenums    0, checksum 43A25AFA, selection    5 (pick associative Section 0x100)
DC0 00000000 SECT3E2 notype       Static      | $pdata$??_GFileRecord@SessionFileOwner@MilesFileOwner36@@QEAAPEAXI@Z
DC1 00000000 SECT3E3 notype       Static      | .xdata
    Section length    8, #relocs    0, #linenums    0, checksum C40886FB, selection    5 (pick associative Section 0x15C)
DC3 00000000 SECT3E3 notype       Static      | $unwind$?_Swap@?$_Ptr_base@UFileRecord@SessionFileOwner@MilesFileOwner36@@@std@@QEAAXAEAV12@@Z
DC4 00000000 SECT3E4 notype       Static      | .pdata
    Section length    C, #relocs    3, #linenums    0, checksum 5CED41D1, selection    5 (pick associative Section 0x15C)
DC6 00000000 SECT3E4 notype       Static      | $pdata$?_Swap@?$_Ptr_base@UFileRecord@SessionFileOwner@MilesFileOwner36@@@std@@QEAAXAEAV12@@Z
DC7 00000000 SECT3E5 notype       Static      | .xdata
    Section length    8, #relocs    0, #linenums    0, checksum 9C7880CC, selection    5 (pick associative Section 0x125)
DC9 00000000 SECT3E5 notype       Static      | $unwind$?_Decref@?$_Ptr_base@UFileRecord@SessionFileOwner@MilesFileOwner36@@@std@@QEAAXXZ
DCA 00000000 SECT3E6 notype       Static      | .pdata
    Section length    C, #relocs    3, #linenums    0, checksum 2A9379E3, selection    5 (pick associative Section 0x125)
DCC 00000000 SECT3E6 notype       Static      | $pdata$?_Decref@?$_Ptr_base@UFileRecord@SessionFileOwner@MilesFileOwner36@@@std@@QEAAXXZ
DCD 00000000 SECT3E7 notype       Static      | .xdata
    Section length    8, #relocs    0, #linenums    0, checksum 6072F4B7, selection    5 (pick associative Section 0x158)
DCF 00000000 SECT3E7 notype       Static      | $unwind$?_Reset@?$_Ptr_base@UFileRecord@SessionFileOwner@MilesFileOwner36@@@std@@QEAAXPEAUFileRecord@SessionFileOwner@MilesFileOwner36@@PEAV_Ref_count_base@2@@Z
DD0 00000000 SECT3E8 notype       Static      | .pdata
    Section length    C, #relocs    3, #linenums    0, checksum 9047414F, selection    5 (pick associative Section 0x158)
DD2 00000000 SECT3E8 notype       Static      | $pdata$?_Reset@?$_Ptr_base@UFileRecord@SessionFileOwner@MilesFileOwner36@@@std@@QEAAXPEAUFileRecord@SessionFileOwner@MilesFileOwner36@@PEAV_Ref_count_base@2@@Z
DD3 00000000 SECT3E9 notype       Static      | .xdata
    Section length    8, #relocs    0, #linenums    0, checksum 6072F4B7, selection    5 (pick associative Section 0x154)
DD5 00000000 SECT3E9 notype       Static      | $unwind$?_Reset0@?$_Ptr_base@UFileRecord@SessionFileOwner@MilesFileOwner36@@@std@@QEAAXPEAUFileRecord@SessionFileOwner@MilesFileOwner36@@PEAV_Ref_count_base@2@@Z
DD6 00000000 SECT3EA notype       Static      | .pdata
    Section length    C, #relocs    3, #linenums    0, checksum B298D73C, selection    5 (pick associative Section 0x154)
DD8 00000000 SECT3EA notype       Static      | $pdata$?_Reset0@?$_Ptr_base@UFileRecord@SessionFileOwner@MilesFileOwner36@@@std@@QEAAXPEAUFileRecord@SessionFileOwner@MilesFileOwner36@@PEAV_Ref_count_base@2@@Z
DD9 00000000 SECT3EB notype       Static      | .xdata
    Section length    8, #relocs    0, #linenums    0, checksum 9C7880CC, selection    5 (pick associative Section 0x9E)
DDB 00000000 SECT3EB notype       Static      | $unwind$??0?$shared_ptr@UFileRecord@SessionFileOwner@MilesFileOwner36@@@std@@QEAA@XZ
DDC 00000000 SECT3EC notype       Static      | .pdata
    Section length    C, #relocs    3, #linenums    0, checksum E7BE24FA, selection    5 (pick associative Section 0x9E)
DDE 00000000 SECT3EC notype       Static      | $pdata$??0?$shared_ptr@UFileRecord@SessionFileOwner@MilesFileOwner36@@@std@@QEAA@XZ
DDF 00000000 SECT3ED notype       Static      | .xdata
    Section length    8, #relocs    0, #linenums    0, checksum C40886FB, selection    5 (pick associative Section 0x9D)
DE1 00000000 SECT3ED notype       Static      | $unwind$??0?$shared_ptr@UFileRecord@SessionFileOwner@MilesFileOwner36@@@std@@QEAA@AEBV01@@Z
DE2 00000000 SECT3EE notype       Static      | .pdata
    Section length    C, #relocs    3, #linenums    0, checksum 496753E3, selection    5 (pick associative Section 0x9D)
DE4 00000000 SECT3EE notype       Static      | $pdata$??0?$shared_ptr@UFileRecord@SessionFileOwner@MilesFileOwner36@@@std@@QEAA@AEBV01@@Z
DE5 00000000 SECT3EF notype       Static      | .xdata
    Section length    8, #relocs    0, #linenums    0, checksum 9C7880CC, selection    5 (pick associative Section 0xCE)
DE7 00000000 SECT3EF notype       Static      | $unwind$??1?$shared_ptr@UFileRecord@SessionFileOwner@MilesFileOwner36@@@std@@QEAA@XZ
DE8 00000000 SECT3F0 notype       Static      | .pdata
    Section length    C, #relocs    3, #linenums    0, checksum AF5E2A9E, selection    5 (pick associative Section 0xCE)
DEA 00000000 SECT3F0 notype       Static      | $pdata$??1?$shared_ptr@UFileRecord@SessionFileOwner@MilesFileOwner36@@@std@@QEAA@XZ
DEB 00000000 SECT3F1 notype       Static      | .xdata
    Section length    8, #relocs    0, #linenums    0, checksum FC45C01B, selection    5 (pick associative Section 0xE5)
DED 00000000 SECT3F1 notype       Static      | $unwind$??4?$shared_ptr@UFileRecord@SessionFileOwner@MilesFileOwner36@@@std@@QEAAAEAV01@AEBV01@@Z
DEE 00000000 SECT3F2 notype       Static      | .pdata
    Section length    C, #relocs    3, #linenums    0, checksum 9047414F, selection    5 (pick associative Section 0xE5)
DF0 00000000 SECT3F2 notype       Static      | $pdata$??4?$shared_ptr@UFileRecord@SessionFileOwner@MilesFileOwner36@@@std@@QEAAAEAV01@AEBV01@@Z
DF1 00000000 SECT3F3 notype       Static      | .xdata
    Section length    8, #relocs    0, #linenums    0, checksum A435C62C, selection    5 (pick associative Section 0x1BD)
DF3 00000000 SECT3F3 notype       Static      | $unwind$?reset@?$shared_ptr@UFileRecord@SessionFileOwner@MilesFileOwner36@@@std@@QEAAXXZ
DF4 00000000 SECT3F4 notype       Static      | .pdata
    Section length    C, #relocs    3, #linenums    0, checksum 205670FA, selection    5 (pick associative Section 0x1BD)
DF6 00000000 SECT3F4 notype       Static      | $pdata$?reset@?$shared_ptr@UFileRecord@SessionFileOwner@MilesFileOwner36@@@std@@QEAAXXZ
DF7 00000000 SECT3F5 notype       Static      | .xdata
    Section length    8, #relocs    0, #linenums    0, checksum C40886FB, selection    5 (pick associative Section 0x1CD)
DF9 00000000 SECT3F5 notype       Static      | $unwind$?swap@?$shared_ptr@UFileRecord@SessionFileOwner@MilesFileOwner36@@@std@@QEAAXAEAV12@@Z
DFA 00000000 SECT3F6 notype       Static      | .pdata
    Section length    C, #relocs    3, #linenums    0, checksum BB53652B, selection    5 (pick associative Section 0x1CD)
DFC 00000000 SECT3F6 notype       Static      | $pdata$?swap@?$shared_ptr@UFileRecord@SessionFileOwner@MilesFileOwner36@@@std@@QEAAXAEAV12@@Z
DFD 00000000 SECT3F7 notype       Static      | .xdata
    Section length    8, #relocs    0, #linenums    0, checksum 9C7880CC, selection    5 (pick associative Section 0x198)
DFF 00000000 SECT3F7 notype       Static      | $unwind$?get@?$shared_ptr@UFileRecord@SessionFileOwner@MilesFileOwner36@@@std@@QEBAPEAUFileRecord@SessionFileOwner@MilesFileOwner36@@XZ
E00 00000000 SECT3F8 notype       Static      | .pdata
    Section length    C, #relocs    3, #linenums    0, checksum AF5E2A9E, selection    5 (pick associative Section 0x198)
E02 00000000 SECT3F8 notype       Static      | $pdata$?get@?$shared_ptr@UFileRecord@SessionFileOwner@MilesFileOwner36@@@std@@QEBAPEAUFileRecord@SessionFileOwner@MilesFileOwner36@@XZ
E03 00000000 SECT3F9 notype       Static      | .xdata
    Section length    8, #relocs    0, #linenums    0, checksum 9C7880CC, selection    5 (pick associative Section 0xF7)
E05 00000000 SECT3F9 notype       Static      | $unwind$??C?$shared_ptr@UFileRecord@SessionFileOwner@MilesFileOwner36@@@std@@QEBAPEAUFileRecord@SessionFileOwner@MilesFileOwner36@@XZ
E06 00000000 SECT3FA notype       Static      | .pdata
    Section length    C, #relocs    3, #linenums    0, checksum AF5E2A9E, selection    5 (pick associative Section 0xF7)
E08 00000000 SECT3FA notype       Static      | $pdata$??C?$shared_ptr@UFileRecord@SessionFileOwner@MilesFileOwner36@@@std@@QEBAPEAUFileRecord@SessionFileOwner@MilesFileOwner36@@XZ
E09 00000000 SECT3FB notype       Static      | .xdata
    Section length    8, #relocs    0, #linenums    0, checksum A435C62C, selection    5 (pick associative Section 0xF2)
E0B 00000000 SECT3FB notype       Static      | $unwind$??B?$shared_ptr@UFileRecord@SessionFileOwner@MilesFileOwner36@@@std@@QEBA_NXZ
E0C 00000000 SECT3FC notype       Static      | .pdata
    Section length    C, #relocs    3, #linenums    0, checksum  1875D87, selection    5 (pick associative Section 0xF2)
E0E 00000000 SECT3FC notype       Static      | $pdata$??B?$shared_ptr@UFileRecord@SessionFileOwner@MilesFileOwner36@@@std@@QEBA_NXZ
E0F 00000000 SECT3FD notype       Static      | .xdata
    Section length    8, #relocs    0, #linenums    0, checksum E7553388, selection    5 (pick associative Section 0xFE)
E11 00000000 SECT3FD notype       Static      | $unwind$??_G?$shared_ptr@UFileRecord@SessionFileOwner@MilesFileOwner36@@@std@@QEAAPEAXI@Z
E12 00000000 SECT3FE notype       Static      | .pdata
    Section length    C, #relocs    3, #linenums    0, checksum 43A25AFA, selection    5 (pick associative Section 0xFE)
E14 00000000 SECT3FE notype       Static      | $pdata$??_G?$shared_ptr@UFileRecord@SessionFileOwner@MilesFileOwner36@@@std@@QEAAPEAXI@Z
E15 00000000 SECT3FF notype       Static      | .xdata
    Section length    8, #relocs    0, #linenums    0, checksum C40886FB, selection    5 (pick associative Section 0x73)
E17 00000000 SECT3FF notype       Static      | $unwind$??0?$_Ptr_base@VFileInvocationJob@MilesFileExecutor30@@@std@@QEAA@$$QEAV01@@Z
E18 00000000 SECT400 notype       Static      | .pdata
    Section length    C, #relocs    3, #linenums    0, checksum FA78D958, selection    5 (pick associative Section 0x73)
E1A 00000000 SECT400 notype       Static      | $pdata$??0?$_Ptr_base@VFileInvocationJob@MilesFileExecutor30@@@std@@QEAA@$$QEAV01@@Z
E1B 00000000 SECT401 notype       Static      | .xdata
    Section length    8, #relocs    0, #linenums    0, checksum C40886FB, selection    5 (pick associative Section 0x11D)
E1D 00000000 SECT401 notype       Static      | $unwind$?_Assign_rv@?$_Ptr_base@VFileInvocationJob@MilesFileExecutor30@@@std@@QEAAX$$QEAV12@@Z
E1E 00000000 SECT402 notype       Static      | .pdata
    Section length    C, #relocs    3, #linenums    0, checksum ECFC7064, selection    5 (pick associative Section 0x11D)
E20 00000000 SECT402 notype       Static      | $pdata$?_Assign_rv@?$_Ptr_base@VFileInvocationJob@MilesFileExecutor30@@@std@@QEAAX$$QEAV12@@Z
E21 00000000 SECT403 notype       Static      | .xdata
    Section length    8, #relocs    0, #linenums    0, checksum C40886FB, selection    5 (pick associative Section 0x15D)
E23 00000000 SECT403 notype       Static      | $unwind$?_Swap@?$_Ptr_base@VFileInvocationJob@MilesFileExecutor30@@@std@@QEAAXAEAV12@@Z
E24 00000000 SECT404 notype       Static      | .pdata
    Section length    C, #relocs    3, #linenums    0, checksum 5CED41D1, selection    5 (pick associative Section 0x15D)
E26 00000000 SECT404 notype       Static      | $pdata$?_Swap@?$_Ptr_base@VFileInvocationJob@MilesFileExecutor30@@@std@@QEAAXAEAV12@@Z
E27 00000000 SECT405 notype       Static      | .xdata
    Section length    8, #relocs    0, #linenums    0, checksum 9C7880CC, selection    5 (pick associative Section 0x127)
E29 00000000 SECT405 notype       Static      | $unwind$?_Decref@?$_Ptr_base@VFileInvocationJob@MilesFileExecutor30@@@std@@QEAAXXZ
E2A 00000000 SECT406 notype       Static      | .pdata
    Section length    C, #relocs    3, #linenums    0, checksum 2A9379E3, selection    5 (pick associative Section 0x127)
E2C 00000000 SECT406 notype       Static      | $pdata$?_Decref@?$_Ptr_base@VFileInvocationJob@MilesFileExecutor30@@@std@@QEAAXXZ
E2D 00000000 SECT407 notype       Static      | .xdata
    Section length    8, #relocs    0, #linenums    0, checksum 9C7880CC, selection    5 (pick associative Section 0xA1)
E2F 00000000 SECT407 notype       Static      | $unwind$??0?$shared_ptr@VFileInvocationJob@MilesFileExecutor30@@@std@@QEAA@XZ
E30 00000000 SECT408 notype       Static      | .pdata
    Section length    C, #relocs    3, #linenums    0, checksum E7BE24FA, selection    5 (pick associative Section 0xA1)
E32 00000000 SECT408 notype       Static      | $pdata$??0?$shared_ptr@VFileInvocationJob@MilesFileExecutor30@@@std@@QEAA@XZ
E33 00000000 SECT409 notype       Static      | .xdata
    Section length    8, #relocs    0, #linenums    0, checksum C40886FB, selection    5 (pick associative Section 0xA0)
E35 00000000 SECT409 notype       Static      | $unwind$??0?$shared_ptr@VFileInvocationJob@MilesFileExecutor30@@@std@@QEAA@$$QEAV01@@Z
E36 00000000 SECT40A notype       Static      | .pdata
    Section length    C, #relocs    3, #linenums    0, checksum 205670FA, selection    5 (pick associative Section 0xA0)
E38 00000000 SECT40A notype       Static      | $pdata$??0?$shared_ptr@VFileInvocationJob@MilesFileExecutor30@@@std@@QEAA@$$QEAV01@@Z
E39 00000000 SECT40B notype       Static      | .xdata
    Section length    8, #relocs    0, #linenums    0, checksum FC45C01B, selection    5 (pick associative Section 0xE6)
E3B 00000000 SECT40B notype       Static      | $unwind$??4?$shared_ptr@VFileInvocationJob@MilesFileExecutor30@@@std@@QEAAAEAV01@$$QEAV01@@Z
E3C 00000000 SECT40C notype       Static      | .pdata
    Section length    C, #relocs    3, #linenums    0, checksum EFF2CB6A, selection    5 (pick associative Section 0xE6)
E3E 00000000 SECT40C notype       Static      | $pdata$??4?$shared_ptr@VFileInvocationJob@MilesFileExecutor30@@@std@@QEAAAEAV01@$$QEAV01@@Z
E3F 00000000 SECT40D notype       Static      | .xdata
    Section length    8, #relocs    0, #linenums    0, checksum 9C7880CC, selection    5 (pick associative Section 0xD0)
E41 00000000 SECT40D notype       Static      | $unwind$??1?$shared_ptr@VFileInvocationJob@MilesFileExecutor30@@@std@@QEAA@XZ
E42 00000000 SECT40E notype       Static      | .pdata
    Section length    C, #relocs    3, #linenums    0, checksum AF5E2A9E, selection    5 (pick associative Section 0xD0)
E44 00000000 SECT40E notype       Static      | $pdata$??1?$shared_ptr@VFileInvocationJob@MilesFileExecutor30@@@std@@QEAA@XZ
E45 00000000 SECT40F notype       Static      | .xdata
    Section length    8, #relocs    0, #linenums    0, checksum C40886FB, selection    5 (pick associative Section 0x1CE)
E47 00000000 SECT40F notype       Static      | $unwind$?swap@?$shared_ptr@VFileInvocationJob@MilesFileExecutor30@@@std@@QEAAXAEAV12@@Z
E48 00000000 SECT410 notype       Static      | .pdata
    Section length    C, #relocs    3, #linenums    0, checksum BB53652B, selection    5 (pick associative Section 0x1CE)
E4A 00000000 SECT410 notype       Static      | $pdata$?swap@?$shared_ptr@VFileInvocationJob@MilesFileExecutor30@@@std@@QEAAXAEAV12@@Z
E4B 00000000 SECT411 notype       Static      | .xdata
    Section length    8, #relocs    0, #linenums    0, checksum 9C7880CC, selection    5 (pick associative Section 0xF9)
E4D 00000000 SECT411 notype       Static      | $unwind$??C?$shared_ptr@VFileInvocationJob@MilesFileExecutor30@@@std@@QEBAPEAVFileInvocationJob@MilesFileExecutor30@@XZ
E4E 00000000 SECT412 notype       Static      | .pdata
    Section length    C, #relocs    3, #linenums    0, checksum AF5E2A9E, selection    5 (pick associative Section 0xF9)
E50 00000000 SECT412 notype       Static      | $pdata$??C?$shared_ptr@VFileInvocationJob@MilesFileExecutor30@@@std@@QEBAPEAVFileInvocationJob@MilesFileExecutor30@@XZ
E51 00000000 SECT413 notype       Static      | .xdata
    Section length    8, #relocs    0, #linenums    0, checksum A435C62C, selection    5 (pick associative Section 0xF4)
E53 00000000 SECT413 notype       Static      | $unwind$??B?$shared_ptr@VFileInvocationJob@MilesFileExecutor30@@@std@@QEBA_NXZ
E54 00000000 SECT414 notype       Static      | .pdata
    Section length    C, #relocs    3, #linenums    0, checksum  1875D87, selection    5 (pick associative Section 0xF4)
E56 00000000 SECT414 notype       Static      | $pdata$??B?$shared_ptr@VFileInvocationJob@MilesFileExecutor30@@@std@@QEBA_NXZ
E57 00000000 SECT415 notype       Static      | .xdata
    Section length   10, #relocs    2, #linenums    0, checksum E98C76BA, selection    5 (pick associative Section 0xAE)
E59 00000000 SECT415 notype       Static      | $unwind$??0Operation@SessionFileOwner@MilesFileOwner36@@QEAA@_KAEBVRequest@MilesFileChannel26@@@Z
E5A 00000000 SECT416 notype       Static      | .pdata
    Section length    C, #relocs    3, #linenums    0, checksum 2C8E0FFF, selection    5 (pick associative Section 0xAE)
E5C 00000000 SECT416 notype       Static      | $pdata$??0Operation@SessionFileOwner@MilesFileOwner36@@QEAA@_KAEBVRequest@MilesFileChannel26@@@Z
E5D 00000000 SECT417 notype       Static      | .rdata
    Section length   28, #relocs    2, #linenums    0, checksum 9A80FCC5, selection    5 (pick associative Section 0xAE)
E5F 00000000 SECT417 notype       Static      | $cppxdata$??0Operation@SessionFileOwner@MilesFileOwner36@@QEAA@_KAEBVRequest@MilesFileChannel26@@@Z
E60 00000000 SECT418 notype       Static      | .xdata
    Section length   18, #relocs    3, #linenums    0, checksum 90943541, selection    5 (pick associative Section 0xAE)
E62 00000000 SECT418 notype       Static      | $stateUnwindMap$??0Operation@SessionFileOwner@MilesFileOwner36@@QEAA@_KAEBVRequest@MilesFileChannel26@@@Z
E63 00000000 SECT419 notype       Static      | .xdata
    Section length   28, #relocs    5, #linenums    0, checksum D7D08B1E, selection    5 (pick associative Section 0xAE)
E65 00000000 SECT419 notype       Static      | $ip2state$??0Operation@SessionFileOwner@MilesFileOwner36@@QEAA@_KAEBVRequest@MilesFileChannel26@@@Z
E66 00000000 SECT41A notype       Static      | .xdata
    Section length    8, #relocs    0, #linenums    0, checksum B96BC9FB, selection    5 (pick associative Section 0xAE)
E68 00000000 SECT41A notype       Static      | $unwind$?dtor$0@?0???0Operation@SessionFileOwner@MilesFileOwner36@@QEAA@_KAEBVRequest@MilesFileChannel26@@@Z@4HA
E69 00000000 SECT41B notype       Static      | .pdata
    Section length    C, #relocs    3, #linenums    0, checksum 2B142464, selection    5 (pick associative Section 0xAE)
E6B 00000000 SECT41B notype       Static      | $pdata$?dtor$0@?0???0Operation@SessionFileOwner@MilesFileOwner36@@QEAA@_KAEBVRequest@MilesFileChannel26@@@Z@4HA
E6C 00000000 SECT41C notype       Static      | .xdata
    Section length    8, #relocs    0, #linenums    0, checksum B96BC9FB, selection    5 (pick associative Section 0xAE)
E6E 00000000 SECT41C notype       Static      | $unwind$?dtor$1@?0???0Operation@SessionFileOwner@MilesFileOwner36@@QEAA@_KAEBVRequest@MilesFileChannel26@@@Z@4HA
E6F 00000000 SECT41D notype       Static      | .pdata
    Section length    C, #relocs    3, #linenums    0, checksum A59B2387, selection    5 (pick associative Section 0xAE)
E71 00000000 SECT41D notype       Static      | $pdata$?dtor$1@?0???0Operation@SessionFileOwner@MilesFileOwner36@@QEAA@_KAEBVRequest@MilesFileChannel26@@@Z@4HA
E72 00000000 SECT41E notype       Static      | .xdata
    Section length    8, #relocs    0, #linenums    0, checksum B96BC9FB, selection    5 (pick associative Section 0xAE)
E74 00000000 SECT41E notype       Static      | $unwind$?dtor$2@?0???0Operation@SessionFileOwner@MilesFileOwner36@@QEAA@_KAEBVRequest@MilesFileChannel26@@@Z@4HA
E75 00000000 SECT41F notype       Static      | .pdata
    Section length    C, #relocs    3, #linenums    0, checksum A59B2387, selection    5 (pick associative Section 0xAE)
E77 00000000 SECT41F notype       Static      | $pdata$?dtor$2@?0???0Operation@SessionFileOwner@MilesFileOwner36@@QEAA@_KAEBVRequest@MilesFileChannel26@@@Z@4HA
E78 00000000 SECT420 notype       Static      | .xdata
    Section length    8, #relocs    0, #linenums    0, checksum 9C7880CC, selection    5 (pick associative Section 0xD7)
E7A 00000000 SECT420 notype       Static      | $unwind$??1Operation@SessionFileOwner@MilesFileOwner36@@QEAA@XZ
E7B 00000000 SECT421 notype       Static      | .pdata
    Section length    C, #relocs    3, #linenums    0, checksum 86C3E873, selection    5 (pick associative Section 0xD7)
E7D 00000000 SECT421 notype       Static      | $pdata$??1Operation@SessionFileOwner@MilesFileOwner36@@QEAA@XZ
E7E 00000000 SECT422 notype       Static      | .xdata
    Section length    8, #relocs    0, #linenums    0, checksum E7553388, selection    5 (pick associative Section 0x101)
E80 00000000 SECT422 notype       Static      | $unwind$??_GOperation@SessionFileOwner@MilesFileOwner36@@QEAAPEAXI@Z
E81 00000000 SECT423 notype       Static      | .pdata
    Section length    C, #relocs    3, #linenums    0, checksum 43A25AFA, selection    5 (pick associative Section 0x101)
E83 00000000 SECT423 notype       Static      | $pdata$??_GOperation@SessionFileOwner@MilesFileOwner36@@QEAAPEAXI@Z
E84 00000000 SECT424 notype       Static      | .xdata
    Section length    8, #relocs    0, #linenums    0, checksum FC45C01B, selection    5 (pick associative Section 0x9)
E86 00000000 SECT424 notype       Static      | $unwind$??$?8UFileRecord@SessionFileOwner@MilesFileOwner36@@U012@@std@@YA_NAEBV?$shared_ptr@UFileRecord@SessionFileOwner@MilesFileOwner36@@@0@0@Z
E87 00000000 SECT425 notype       Static      | .pdata
    Section length    C, #relocs    3, #linenums    0, checksum B298D73C, selection    5 (pick associative Section 0x9)
E89 00000000 SECT425 notype       Static      | $pdata$??$?8UFileRecord@SessionFileOwner@MilesFileOwner36@@U012@@std@@YA_NAEBV?$shared_ptr@UFileRecord@SessionFileOwner@MilesFileOwner36@@@0@0@Z
E8A 00000000 SECT426 notype       Static      | .xdata
    Section length    8, #relocs    0, #linenums    0, checksum 55A710BB, selection    5 (pick associative Section 0xFC)
E8C 00000000 SECT426 notype       Static      | $unwind$??R?$default_delete@UOperation@SessionFileOwner@MilesFileOwner36@@@std@@QEBAXPEAUOperation@SessionFileOwner@MilesFileOwner36@@@Z
E8D 00000000 SECT427 notype       Static      | .pdata
    Section length    C, #relocs    3, #linenums    0, checksum 3C17D0DF, selection    5 (pick associative Section 0xFC)
E8F 00000000 SECT427 notype       Static      | $pdata$??R?$default_delete@UOperation@SessionFileOwner@MilesFileOwner36@@@std@@QEBAXPEAUOperation@SessionFileOwner@MilesFileOwner36@@@Z
E90 00000000 SECT428 notype       Static      | .xdata
    Section length    8, #relocs    0, #linenums    0, checksum C40886FB, selection    5 (pick associative Section 0x7A)
E92 00000000 SECT428 notype       Static      | $unwind$??0?$_Unique_ptr_base@UOperation@SessionFileOwner@MilesFileOwner36@@U?$default_delete@UOperation@SessionFileOwner@MilesFileOwner36@@@std@@$00@std@@QEAA@PEAUOperation@SessionFileOwner@MilesFileOwner36@@@Z
E93 00000000 SECT429 notype       Static      | .pdata
    Section length    C, #relocs    3, #linenums    0, checksum 205670FA, selection    5 (pick associative Section 0x7A)
E95 00000000 SECT429 notype       Static      | $pdata$??0?$_Unique_ptr_base@UOperation@SessionFileOwner@MilesFileOwner36@@U?$default_delete@UOperation@SessionFileOwner@MilesFileOwner36@@@std@@$00@std@@QEAA@PEAUOperation@SessionFileOwner@MilesFileOwner36@@@Z
E96 00000000 SECT42A notype       Static      | .xdata
    Section length    8, #relocs    0, #linenums    0, checksum 9C7880CC, selection    5 (pick associative Section 0xA3)
E98 00000000 SECT42A notype       Static      | $unwind$??0?$unique_ptr@UOperation@SessionFileOwner@MilesFileOwner36@@U?$default_delete@UOperation@SessionFileOwner@MilesFileOwner36@@@std@@@std@@QEAA@XZ
E99 00000000 SECT42B notype       Static      | .pdata
    Section length    C, #relocs    3, #linenums    0, checksum A59B2387, selection    5 (pick associative Section 0xA3)
E9B 00000000 SECT42B notype       Static      | $pdata$??0?$unique_ptr@UOperation@SessionFileOwner@MilesFileOwner36@@U?$default_delete@UOperation@SessionFileOwner@MilesFileOwner36@@@std@@@std@@QEAA@XZ
E9C 00000000 SECT42C notype       Static      | .xdata
    Section length    8, #relocs    0, #linenums    0, checksum C40886FB, selection    5 (pick associative Section 0xA2)
E9E 00000000 SECT42C notype       Static      | $unwind$??0?$unique_ptr@UOperation@SessionFileOwner@MilesFileOwner36@@U?$default_delete@UOperation@SessionFileOwner@MilesFileOwner36@@@std@@@std@@QEAA@PEAUOperation@SessionFileOwner@MilesFileOwner36@@@Z
E9F 00000000 SECT42D notype       Static      | .pdata
    Section length    C, #relocs    3, #linenums    0, checksum F3B36B4F, selection    5 (pick associative Section 0xA2)
EA1 00000000 SECT42D notype       Static      | $pdata$??0?$unique_ptr@UOperation@SessionFileOwner@MilesFileOwner36@@U?$default_delete@UOperation@SessionFileOwner@MilesFileOwner36@@@std@@@std@@QEAA@PEAUOperation@SessionFileOwner@MilesFileOwner36@@@Z
EA2 00000000 SECT42E notype       Static      | .xdata
    Section length    8, #relocs    0, #linenums    0, checksum C40886FB, selection    5 (pick associative Section 0xE7)
EA4 00000000 SECT42E notype       Static      | $unwind$??4?$unique_ptr@UOperation@SessionFileOwner@MilesFileOwner36@@U?$default_delete@UOperation@SessionFileOwner@MilesFileOwner36@@@std@@@std@@QEAAAEAV01@$$QEAV01@@Z
EA5 00000000 SECT42F notype       Static      | .pdata
    Section length    C, #relocs    3, #linenums    0, checksum 5FE3FADF, selection    5 (pick associative Section 0xE7)
EA7 00000000 SECT42F notype       Static      | $pdata$??4?$unique_ptr@UOperation@SessionFileOwner@MilesFileOwner36@@U?$default_delete@UOperation@SessionFileOwner@MilesFileOwner36@@@std@@@std@@QEAAAEAV01@$$QEAV01@@Z
EA8 00000000 SECT430 notype       Static      | .xdata
    Section length    8, #relocs    0, #linenums    0, checksum 9C7880CC, selection    5 (pick associative Section 0xD1)
EAA 00000000 SECT430 notype       Static      | $unwind$??1?$unique_ptr@UOperation@SessionFileOwner@MilesFileOwner36@@U?$default_delete@UOperation@SessionFileOwner@MilesFileOwner36@@@std@@@std@@QEAA@XZ
EAB 00000000 SECT431 notype       Static      | .pdata
    Section length    C, #relocs    3, #linenums    0, checksum  B42549E, selection    5 (pick associative Section 0xD1)
EAD 00000000 SECT431 notype       Static      | $pdata$??1?$unique_ptr@UOperation@SessionFileOwner@MilesFileOwner36@@U?$default_delete@UOperation@SessionFileOwner@MilesFileOwner36@@@std@@@std@@QEAA@XZ
EAE 00000000 SECT432 notype       Static      | .xdata
    Section length    8, #relocs    0, #linenums    0, checksum 9C7880CC, selection    5 (pick associative Section 0xFA)
EB0 00000000 SECT432 notype       Static      | $unwind$??C?$unique_ptr@UOperation@SessionFileOwner@MilesFileOwner36@@U?$default_delete@UOperation@SessionFileOwner@MilesFileOwner36@@@std@@@std@@QEBAPEAUOperation@SessionFileOwner@MilesFileOwner36@@XZ
EB1 00000000 SECT433 notype       Static      | .pdata
    Section length    C, #relocs    3, #linenums    0, checksum F9766256, selection    5 (pick associative Section 0xFA)
EB3 00000000 SECT433 notype       Static      | $pdata$??C?$unique_ptr@UOperation@SessionFileOwner@MilesFileOwner36@@U?$default_delete@UOperation@SessionFileOwner@MilesFileOwner36@@@std@@@std@@QEBAPEAUOperation@SessionFileOwner@MilesFileOwner36@@XZ
EB4 00000000 SECT434 notype       Static      | .xdata
    Section length    8, #relocs    0, #linenums    0, checksum D4AF4BEC, selection    5 (pick associative Section 0xF6)
EB6 00000000 SECT434 notype       Static      | $unwind$??B?$unique_ptr@UOperation@SessionFileOwner@MilesFileOwner36@@U?$default_delete@UOperation@SessionFileOwner@MilesFileOwner36@@@std@@@std@@QEBA_NXZ
EB7 00000000 SECT435 notype       Static      | .pdata
    Section length    C, #relocs    3, #linenums    0, checksum 62737787, selection    5 (pick associative Section 0xF6)
EB9 00000000 SECT435 notype       Static      | $pdata$??B?$unique_ptr@UOperation@SessionFileOwner@MilesFileOwner36@@U?$default_delete@UOperation@SessionFileOwner@MilesFileOwner36@@@std@@@std@@QEBA_NXZ
EBA 00000000 SECT436 notype       Static      | .xdata
    Section length    8, #relocs    0, #linenums    0, checksum D4AF4BEC, selection    5 (pick associative Section 0x1BC)
EBC 00000000 SECT436 notype       Static      | $unwind$?release@?$unique_ptr@UOperation@SessionFileOwner@MilesFileOwner36@@U?$default_delete@UOperation@SessionFileOwner@MilesFileOwner36@@@std@@@std@@QEAAPEAUOperation@SessionFileOwner@MilesFileOwner36@@XZ
EBD 00000000 SECT437 notype       Static      | .pdata
    Section length    C, #relocs    3, #linenums    0, checksum 68B67E9E, selection    5 (pick associative Section 0x1BC)
EBF 00000000 SECT437 notype       Static      | $pdata$?release@?$unique_ptr@UOperation@SessionFileOwner@MilesFileOwner36@@U?$default_delete@UOperation@SessionFileOwner@MilesFileOwner36@@@std@@@std@@QEAAPEAUOperation@SessionFileOwner@MilesFileOwner36@@XZ
EC0 00000000 SECT438 notype       Static      | .xdata
    Section length    8, #relocs    0, #linenums    0, checksum FC45C01B, selection    5 (pick associative Section 0x1BE)
EC2 00000000 SECT438 notype       Static      | $unwind$?reset@?$unique_ptr@UOperation@SessionFileOwner@MilesFileOwner36@@U?$default_delete@UOperation@SessionFileOwner@MilesFileOwner36@@@std@@@std@@QEAAXPEAUOperation@SessionFileOwner@MilesFileOwner36@@@Z
EC3 00000000 SECT439 notype       Static      | .pdata
    Section length    C, #relocs    3, #linenums    0, checksum 7E32D7A2, selection    5 (pick associative Section 0x1BE)
EC5 00000000 SECT439 notype       Static      | $pdata$?reset@?$unique_ptr@UOperation@SessionFileOwner@MilesFileOwner36@@U?$default_delete@UOperation@SessionFileOwner@MilesFileOwner36@@@std@@@std@@QEAAXPEAUOperation@SessionFileOwner@MilesFileOwner36@@@Z
EC6 00000000 SECT43A notype       Static      | .xdata
    Section length    8, #relocs    0, #linenums    0, checksum E7553388, selection    5 (pick associative Section 0xFF)
EC8 00000000 SECT43A notype       Static      | $unwind$??_G?$unique_ptr@UOperation@SessionFileOwner@MilesFileOwner36@@U?$default_delete@UOperation@SessionFileOwner@MilesFileOwner36@@@std@@@std@@QEAAPEAXI@Z
EC9 00000000 SECT43B notype       Static      | .pdata
    Section length    C, #relocs    3, #linenums    0, checksum 43A25AFA, selection    5 (pick associative Section 0xFF)
ECB 00000000 SECT43B notype       Static      | $pdata$??_G?$unique_ptr@UOperation@SessionFileOwner@MilesFileOwner36@@U?$default_delete@UOperation@SessionFileOwner@MilesFileOwner36@@@std@@@std@@QEAAPEAXI@Z
ECC 00000000 SECT43C notype       Static      | .xdata
    Section length    8, #relocs    0, #linenums    0, checksum C40886FB, selection    5 (pick associative Section 0x7)
ECE 00000000 SECT43C notype       Static      | $unwind$??$?0UFileRecord@SessionFileOwner@MilesFileOwner36@@@?$shared_ptr@UFileRecord@SessionFileOwner@MilesFileOwner36@@@std@@QEAA@PEAUFileRecord@SessionFileOwner@MilesFileOwner36@@@Z
ECF 00000000 SECT43D notype       Static      | .pdata
    Section length    C, #relocs    3, #linenums    0, checksum 496753E3, selection    5 (pick associative Section 0x7)
ED1 00000000 SECT43D notype       Static      | $pdata$??$?0UFileRecord@SessionFileOwner@MilesFileOwner36@@@?$shared_ptr@UFileRecord@SessionFileOwner@MilesFileOwner36@@@std@@QEAA@PEAUFileRecord@SessionFileOwner@MilesFileOwner36@@@Z
ED2 00000000 SECT43E notype       Static      | .xdata
    Section length    8, #relocs    0, #linenums    0, checksum 6072F4B7, selection    5 (pick associative Section 0x6)
ED4 00000000 SECT43E notype       Static      | $unwind$??$?0UFileRecord@SessionFileOwner@MilesFileOwner36@@@?$shared_ptr@$$CBUBinding@MilesFileChannel26@@@std@@QEAA@AEBV?$shared_ptr@UFileRecord@SessionFileOwner@MilesFileOwner36@@@1@PEBUBinding@MilesFileChannel26@@@Z
ED5 00000000 SECT43F notype       Static      | .pdata
    Section length    C, #relocs    3, #linenums    0, checksum D8A74F2B, selection    5 (pick associative Section 0x6)
ED7 00000000 SECT43F notype       Static      | $pdata$??$?0UFileRecord@SessionFileOwner@MilesFileOwner36@@@?$shared_ptr@$$CBUBinding@MilesFileChannel26@@@std@@QEAA@AEBV?$shared_ptr@UFileRecord@SessionFileOwner@MilesFileOwner36@@@1@PEBUBinding@MilesFileChannel26@@@Z
ED8 00000000 SECT440 notype       Static      | .xdata
    Section length    8, #relocs    0, #linenums    0, checksum C40886FB, selection    5 (pick associative Section 0x8)
EDA 00000000 SECT440 notype       Static      | $unwind$??$?0UFileSessionContext@MilesFileOwner36@@X@?$shared_ptr@X@std@@QEAA@AEBV?$shared_ptr@UFileSessionContext@MilesFileOwner36@@@1@@Z
EDB 00000000 SECT441 notype       Static      | .pdata
    Section length    C, #relocs    3, #linenums    0, checksum 496753E3, selection    5 (pick associative Section 0x8)
EDD 00000000 SECT441 notype       Static      | $pdata$??$?0UFileSessionContext@MilesFileOwner36@@X@?$shared_ptr@X@std@@QEAA@AEBV?$shared_ptr@UFileSessionContext@MilesFileOwner36@@@1@@Z
EDE 00000000 SECT442 notype       Static      | .xdata
    Section length    8, #relocs    0, #linenums    0, checksum 6072F4B7, selection    5 (pick associative Section 0x47)
EE0 00000000 SECT442 notype       Static      | $unwind$??$construct@UEntry@ResourceRegistry@MilesTransport@@U123@@?$_Wrap_alloc@V?$allocator@UEntry@ResourceRegistry@MilesTransport@@@std@@@std@@QEAAXPEAUEntry@ResourceRegistry@MilesTransport@@$$QEAU234@@Z
EE1 00000000 SECT443 notype       Static      | .pdata
    Section length    C, #relocs    3, #linenums    0, checksum  1875D87, selection    5 (pick associative Section 0x47)
EE3 00000000 SECT443 notype       Static      | $pdata$??$construct@UEntry@ResourceRegistry@MilesTransport@@U123@@?$_Wrap_alloc@V?$allocator@UEntry@ResourceRegistry@MilesTransport@@@std@@@std@@QEAAXPEAUEntry@ResourceRegistry@MilesTransport@@$$QEAU234@@Z
EE4 00000000 SECT444 notype       Static      | .xdata
    Section length    8, #relocs    0, #linenums    0, checksum F1DD62F7, selection    5 (pick associative Section 0x38)
EE6 00000000 SECT444 notype       Static      | $unwind$??$_Uninitialized_default_fill_n@PEAE_KU?$_Wrap_alloc@V?$allocator@E@std@@@std@@@std@@YAXPEAE_KAEAU?$_Wrap_alloc@V?$allocator@E@std@@@0@@Z
EE7 00000000 SECT445 notype       Static      | .pdata
    Section length    C, #relocs    3, #linenums    0, checksum 1DC6FDA2, selection    5 (pick associative Section 0x38)
EE9 00000000 SECT445 notype       Static      | $pdata$??$_Uninitialized_default_fill_n@PEAE_KU?$_Wrap_alloc@V?$allocator@E@std@@@std@@@std@@YAXPEAE_KAEAU?$_Wrap_alloc@V?$allocator@E@std@@@0@@Z
EEA 00000000 SECT446 notype       Static      | .xdata
    Section length    8, #relocs    0, #linenums    0, checksum C40886FB, selection    5 (pick associative Section 0x26)
EEC 00000000 SECT446 notype       Static      | $unwind$??$_Reset@$$CBUBinding@MilesFileChannel26@@@?$_Ptr_base@$$CBUBinding@MilesFileChannel26@@@std@@QEAAXAEBV01@@Z
EED 00000000 SECT447 notype       Static      | .pdata
    Section length    C, #relocs    3, #linenums    0, checksum ECFC7064, selection    5 (pick associative Section 0x26)
EEF 00000000 SECT447 notype       Static      | $pdata$??$_Reset@$$CBUBinding@MilesFileChannel26@@@?$_Ptr_base@$$CBUBinding@MilesFileChannel26@@@std@@QEAAXAEBV01@@Z
EF0 00000000 SECT448 notype       Static      | .xdata
    Section length    8, #relocs    0, #linenums    0, checksum C40886FB, selection    5 (pick associative Section 0x29)
EF2 00000000 SECT448 notype       Static      | $unwind$??$_Reset@UFileSessionContext@MilesFileOwner36@@@?$_Ptr_base@UFileSessionContext@MilesFileOwner36@@@std@@QEAAXAEBV01@@Z
EF3 00000000 SECT449 notype       Static      | .pdata
    Section length    C, #relocs    3, #linenums    0, checksum ECFC7064, selection    5 (pick associative Section 0x29)
EF5 00000000 SECT449 notype       Static      | $pdata$??$_Reset@UFileSessionContext@MilesFileOwner36@@@?$_Ptr_base@UFileSessionContext@MilesFileOwner36@@@std@@QEAAXAEBV01@@Z
EF6 00000000 SECT44A notype       Static      | .xdata
    Section length    8, #relocs    0, #linenums    0, checksum F1DD62F7, selection    5 (pick associative Section 0x39)
EF8 00000000 SECT44A notype       Static      | $unwind$??$_Uninitialized_default_fill_n@PEAV?$shared_ptr@UFileRecord@SessionFileOwner@MilesFileOwner36@@@std@@_KU?$_Wrap_alloc@V?$allocator@V?$shared_ptr@UFileRecord@SessionFileOwner@MilesFileOwner36@@@std@@@std@@@2@@std@@YAXPEAV?$shared_ptr@UFileRecord@SessionFileOwner@MilesFileOwner36@@@0@_KAEAU?$_Wrap_alloc@V?$allocator@V?$shared_ptr@UFileRecord@SessionFileOwner@MilesFileOwner36@@@std@@@std@@@0@@Z
EF9 00000000 SECT44B notype       Static      | .pdata
    Section length    C, #relocs    3, #linenums    0, checksum 1DC6FDA2, selection    5 (pick associative Section 0x39)
EFB 00000000 SECT44B notype       Static      | $pdata$??$_Uninitialized_default_fill_n@PEAV?$shared_ptr@UFileRecord@SessionFileOwner@MilesFileOwner36@@@std@@_KU?$_Wrap_alloc@V?$allocator@V?$shared_ptr@UFileRecord@SessionFileOwner@MilesFileOwner36@@@std@@@std@@@2@@std@@YAXPEAV?$shared_ptr@UFileRecord@SessionFileOwner@MilesFileOwner36@@@0@_KAEAU?$_Wrap_alloc@V?$allocator@V?$shared_ptr@UFileRecord@SessionFileOwner@MilesFileOwner36@@@std@@@std@@@0@@Z
EFC 00000000 SECT44C notype       Static      | .xdata
    Section length    8, #relocs    0, #linenums    0, checksum F1DD62F7, selection    5 (pick associative Section 0x3A)
EFE 00000000 SECT44C notype       Static      | $unwind$??$_Uninitialized_default_fill_n@PEAV?$unique_ptr@UOperation@SessionFileOwner@MilesFileOwner36@@U?$default_delete@UOperation@SessionFileOwner@MilesFileOwner36@@@std@@@std@@_KU?$_Wrap_alloc@V?$allocator@V?$unique_ptr@UOperation@SessionFileOwner@MilesFileOwner36@@U?$default_delete@UOperation@SessionFileOwner@MilesFileOwner36@@@std@@@std@@@std@@@2@@std@@YAXPEAV?$unique_ptr@UOperation@SessionFileOwner@MilesFileOwner36@@U?$default_delete@UOperation@SessionFileOwner@MilesFileOwner36@@@std@@@0@_KAEAU?$_Wrap_alloc@V?$allocator@V?$unique_ptr@UOperation@SessionFileOwner@MilesFileOwner36@@U?$default_delete@UOperation@SessionFileOwner@MilesFileOwner36@@@std@@@std@@@std@@@0@@Z
EFF 00000000 SECT44D notype       Static      | .pdata
    Section length    C, #relocs    3, #linenums    0, checksum 1DC6FDA2, selection    5 (pick associative Section 0x3A)
F01 00000000 SECT44D notype       Static      | $pdata$??$_Uninitialized_default_fill_n@PEAV?$unique_ptr@UOperation@SessionFileOwner@MilesFileOwner36@@U?$default_delete@UOperation@SessionFileOwner@MilesFileOwner36@@@std@@@std@@_KU?$_Wrap_alloc@V?$allocator@V?$unique_ptr@UOperation@SessionFileOwner@MilesFileOwner36@@U?$default_delete@UOperation@SessionFileOwner@MilesFileOwner36@@@std@@@std@@@std@@@2@@std@@YAXPEAV?$unique_ptr@UOperation@SessionFileOwner@MilesFileOwner36@@U?$default_delete@UOperation@SessionFileOwner@MilesFileOwner36@@@std@@@0@_KAEAU?$_Wrap_alloc@V?$allocator@V?$unique_ptr@UOperation@SessionFileOwner@MilesFileOwner36@@U?$default_delete@UOperation@SessionFileOwner@MilesFileOwner36@@@std@@@std@@@std@@@0@@Z
F02 00000000 SECT44E notype       Static      | .xdata
    Section length    8, #relocs    0, #linenums    0, checksum C40886FB, selection    5 (pick associative Section 0x28)
F04 00000000 SECT44E notype       Static      | $unwind$??$_Reset@UFileRecord@SessionFileOwner@MilesFileOwner36@@@?$_Ptr_base@UFileRecord@SessionFileOwner@MilesFileOwner36@@@std@@QEAAXAEBV01@@Z
F05 00000000 SECT44F notype       Static      | .pdata
    Section length    C, #relocs    3, #linenums    0, checksum ECFC7064, selection    5 (pick associative Section 0x28)
F07 00000000 SECT44F notype       Static      | $pdata$??$_Reset@UFileRecord@SessionFileOwner@MilesFileOwner36@@@?$_Ptr_base@UFileRecord@SessionFileOwner@MilesFileOwner36@@@std@@QEAAXAEBV01@@Z
F08 00000000 SECT450 notype       Static      | .xdata
    Section length    8, #relocs    0, #linenums    0, checksum 9C7880CC, selection    5 (pick associative Section 0x1BA)
F0A 00000000 SECT450 notype       Static      | $unwind$?pointer_to@?$pointer_traits@PEAUOperation@SessionFileOwner@MilesFileOwner36@@@std@@SAPEAUOperation@SessionFileOwner@MilesFileOwner36@@AEAU345@@Z
F0B 00000000 SECT451 notype       Static      | .pdata
    Section length    C, #relocs    3, #linenums    0, checksum AF5E2A9E, selection    5 (pick associative Section 0x1BA)
F0D 00000000 SECT451 notype       Static      | $pdata$?pointer_to@?$pointer_traits@PEAUOperation@SessionFileOwner@MilesFileOwner36@@@std@@SAPEAUOperation@SessionFileOwner@MilesFileOwner36@@AEAU345@@Z
F0E 00000000 SECT452 notype       Static      | .xdata
    Section length    8, #relocs    0, #linenums    0, checksum 6072F4B7, selection    5 (pick associative Section 0x43)
F10 00000000 SECT452 notype       Static      | $unwind$??$construct@PEADAEAPEAD@?$_Wrap_alloc@V?$allocator@D@std@@@std@@QEAAXPEAPEADAEAPEAD@Z
F11 00000000 SECT453 notype       Static      | .pdata
    Section length    C, #relocs    3, #linenums    0, checksum  1875D87, selection    5 (pick associative Section 0x43)
F13 00000000 SECT453 notype       Static      | $pdata$??$construct@PEADAEAPEAD@?$_Wrap_alloc@V?$allocator@D@std@@@std@@QEAAXPEAPEADAEAPEAD@Z
F14 00000000 SECT454 notype       Static      | .xdata
    Section length    8, #relocs    0, #linenums    0, checksum C40886FB, selection    5 (pick associative Section 0x51)
F16 00000000 SECT454 notype       Static      | $unwind$??$destroy@PEAD@?$_Wrap_alloc@V?$allocator@D@std@@@std@@QEAAXPEAPEAD@Z
F17 00000000 SECT455 notype       Static      | .pdata
    Section length    C, #relocs    3, #linenums    0, checksum BB53652B, selection    5 (pick associative Section 0x51)
F19 00000000 SECT455 notype       Static      | $pdata$??$destroy@PEAD@?$_Wrap_alloc@V?$allocator@D@std@@@std@@QEAAXPEAPEAD@Z
F1A 00000000 SECT456 notype       Static      | .xdata
    Section length    8, #relocs    0, #linenums    0, checksum 6072F4B7, selection    5 (pick associative Section 0x18D)
F1C 00000000 SECT456 notype       Static      | $unwind$?deallocate@?$allocator@U_Container_proxy@std@@@std@@QEAAXPEAU_Container_proxy@2@_K@Z
F1D 00000000 SECT457 notype       Static      | .pdata
    Section length    C, #relocs    3, #linenums    0, checksum BB53652B, selection    5 (pick associative Section 0x18D)
F1F 00000000 SECT457 notype       Static      | $pdata$?deallocate@?$allocator@U_Container_proxy@std@@@std@@QEAAXPEAU_Container_proxy@2@_K@Z
F20 00000000 SECT458 notype       Static      | .xdata
    Section length    8, #relocs    0, #linenums    0, checksum C40886FB, selection    5 (pick associative Section 0x173)
F22 00000000 SECT458 notype       Static      | $unwind$?allocate@?$allocator@U_Container_proxy@std@@@std@@QEAAPEAU_Container_proxy@2@_K@Z
F23 00000000 SECT459 notype       Static      | .pdata
    Section length    C, #relocs    3, #linenums    0, checksum A59B2387, selection    5 (pick associative Section 0x173)
F25 00000000 SECT459 notype       Static      | $pdata$?allocate@?$allocator@U_Container_proxy@std@@@std@@QEAAPEAU_Container_proxy@2@_K@Z
F26 00000000 SECT45A notype       Static      | .xdata
    Section length   14, #relocs    2, #linenums    0, checksum 8FE21865, selection    5 (pick associative Section 0x4C)
F28 00000000 SECT45A notype       Static      | $unwind$??$construct@U_Container_proxy@std@@U12@@?$allocator@U_Container_proxy@std@@@std@@QEAAXPEAU_Container_proxy@1@$$QEAU21@@Z
F29 00000000 SECT45B notype       Static      | .pdata
    Section length    C, #relocs    3, #linenums    0, checksum B31F8ABB, selection    5 (pick associative Section 0x4C)
F2B 00000000 SECT45B notype       Static      | $pdata$??$construct@U_Container_proxy@std@@U12@@?$allocator@U_Container_proxy@std@@@std@@QEAAXPEAU_Container_proxy@1@$$QEAU21@@Z
F2C 00000000 SECT45C notype       Static      | .rdata
    Section length   28, #relocs    2, #linenums    0, checksum E5275579, selection    5 (pick associative Section 0x4C)
F2E 00000000 SECT45C notype       Static      | $cppxdata$??$construct@U_Container_proxy@std@@U12@@?$allocator@U_Container_proxy@std@@@std@@QEAAXPEAU_Container_proxy@1@$$QEAU21@@Z
F2F 00000000 SECT45D notype       Static      | .xdata
    Section length    8, #relocs    1, #linenums    0, checksum 9ADD2096, selection    5 (pick associative Section 0x4C)
F31 00000000 SECT45D notype       Static      | $stateUnwindMap$??$construct@U_Container_proxy@std@@U12@@?$allocator@U_Container_proxy@std@@@std@@QEAAXPEAU_Container_proxy@1@$$QEAU21@@Z
F32 00000000 SECT45E notype       Static      | .xdata
    Section length   18, #relocs    3, #linenums    0, checksum B65CB2FC, selection    5 (pick associative Section 0x4C)
F34 00000000 SECT45E notype       Static      | $ip2state$??$construct@U_Container_proxy@std@@U12@@?$allocator@U_Container_proxy@std@@@std@@QEAAXPEAU_Container_proxy@1@$$QEAU21@@Z
F35 00000000 SECT45F notype       Static      | .xdata
    Section length    8, #relocs    0, #linenums    0, checksum B96BC9FB, selection    5 (pick associative Section 0x4C)
F37 00000000 SECT45F notype       Static      | $unwind$?dtor$0@?0???$construct@U_Container_proxy@std@@U12@@?$allocator@U_Container_proxy@std@@@std@@QEAAXPEAU_Container_proxy@1@$$QEAU21@@Z@4HA
F38 00000000 SECT460 notype       Static      | .pdata
    Section length    C, #relocs    3, #linenums    0, checksum 2B142464, selection    5 (pick associative Section 0x4C)
F3A 00000000 SECT460 notype       Static      | $pdata$?dtor$0@?0???$construct@U_Container_proxy@std@@U12@@?$allocator@U_Container_proxy@std@@@std@@QEAAXPEAU_Container_proxy@1@$$QEAU21@@Z@4HA
F3B 00000000 SECT461 notype       Static      | .xdata
    Section length    8, #relocs    0, #linenums    0, checksum 9C7880CC, selection    5 (pick associative Section 0x8B)
F3D 00000000 SECT461 notype       Static      | $unwind$??0?$_Wrap_alloc@V?$allocator@U_Container_proxy@std@@@std@@@std@@QEAA@XZ
F3E 00000000 SECT462 notype       Static      | .pdata
    Section length    C, #relocs    3, #linenums    0, checksum E7BE24FA, selection    5 (pick associative Section 0x8B)
F40 00000000 SECT462 notype       Static      | $pdata$??0?$_Wrap_alloc@V?$allocator@U_Container_proxy@std@@@std@@@std@@QEAA@XZ
F41 00000000 SECT463 notype       Static      | .xdata
    Section length    8, #relocs    0, #linenums    0, checksum C40886FB, selection    5 (pick associative Section 0x16D)
F43 00000000 SECT463 notype       Static      | $unwind$?allocate@?$_Wrap_alloc@V?$allocator@U_Container_proxy@std@@@std@@@std@@QEAAPEAU_Container_proxy@2@_K@Z
F44 00000000 SECT464 notype       Static      | .pdata
    Section length    C, #relocs    3, #linenums    0, checksum BB53652B, selection    5 (pick associative Section 0x16D)
F46 00000000 SECT464 notype       Static      | $pdata$?allocate@?$_Wrap_alloc@V?$allocator@U_Container_proxy@std@@@std@@@std@@QEAAPEAU_Container_proxy@2@_K@Z
F47 00000000 SECT465 notype       Static      | .xdata
    Section length    8, #relocs    0, #linenums    0, checksum 6072F4B7, selection    5 (pick associative Section 0x187)
F49 00000000 SECT465 notype       Static      | $unwind$?deallocate@?$_Wrap_alloc@V?$allocator@U_Container_proxy@std@@@std@@@std@@QEAAXPEAU_Container_proxy@2@_K@Z
F4A 00000000 SECT466 notype       Static      | .pdata
    Section length    C, #relocs    3, #linenums    0, checksum AED97719, selection    5 (pick associative Section 0x187)
F4C 00000000 SECT466 notype       Static      | $pdata$?deallocate@?$_Wrap_alloc@V?$allocator@U_Container_proxy@std@@@std@@@std@@QEAAXPEAU_Container_proxy@2@_K@Z
F4D 00000000 SECT467 notype       Static      | .xdata
    Section length    8, #relocs    0, #linenums    0, checksum C40886FB, selection    5 (pick associative Section 0x57)
F4F 00000000 SECT467 notype       Static      | $unwind$??$destroy@U_Container_proxy@std@@@?$_Wrap_alloc@V?$allocator@U_Container_proxy@std@@@std@@@std@@QEAAXPEAU_Container_proxy@1@@Z
F50 00000000 SECT468 notype       Static      | .pdata
    Section length    C, #relocs    3, #linenums    0, checksum BB53652B, selection    5 (pick associative Section 0x57)
F52 00000000 SECT468 notype       Static      | $pdata$??$destroy@U_Container_proxy@std@@@?$_Wrap_alloc@V?$allocator@U_Container_proxy@std@@@std@@@std@@QEAAXPEAU_Container_proxy@1@@Z
F53 00000000 SECT469 notype       Static      | .xdata
    Section length    8, #relocs    0, #linenums    0, checksum 583FB257, selection    5 (pick associative Section 0x16)
F55 00000000 SECT469 notype       Static      | $unwind$??$_Destroy_range@U?$_Wrap_alloc@V?$allocator@UEntry@ResourceRegistry@MilesTransport@@@std@@@std@@@std@@YAXPEAUEntry@ResourceRegistry@MilesTransport@@0AEAU?$_Wrap_alloc@V?$allocator@UEntry@ResourceRegistry@MilesTransport@@@std@@@0@@Z
F56 00000000 SECT46A notype       Static      | .pdata
    Section length    C, #relocs    3, #linenums    0, checksum 617DCC89, selection    5 (pick associative Section 0x16)
F58 00000000 SECT46A notype       Static      | $pdata$??$_Destroy_range@U?$_Wrap_alloc@V?$allocator@UEntry@ResourceRegistry@MilesTransport@@@std@@@std@@@std@@YAXPEAUEntry@ResourceRegistry@MilesTransport@@0AEAU?$_Wrap_alloc@V?$allocator@UEntry@ResourceRegistry@MilesTransport@@@std@@@0@@Z
F59 00000000 SECT46B notype       Static      | .xdata
    Section length    8, #relocs    0, #linenums    0, checksum 8D3961AC, selection    5 (pick associative Section 0x2E)
F5B 00000000 SECT46B notype       Static      | $unwind$??$_Umove@PEAUEntry@ResourceRegistry@MilesTransport@@@?$vector@UEntry@ResourceRegistry@MilesTransport@@V?$allocator@UEntry@ResourceRegistry@MilesTransport@@@std@@@std@@IEAAPEAUEntry@ResourceRegistry@MilesTransport@@PEAU234@00@Z
F5C 00000000 SECT46C notype       Static      | .pdata
    Section length    C, #relocs    3, #linenums    0, checksum 617DCC89, selection    5 (pick associative Section 0x2E)
F5E 00000000 SECT46C notype       Static      | $pdata$??$_Umove@PEAUEntry@ResourceRegistry@MilesTransport@@@?$vector@UEntry@ResourceRegistry@MilesTransport@@V?$allocator@UEntry@ResourceRegistry@MilesTransport@@@std@@@std@@IEAAPEAUEntry@ResourceRegistry@MilesTransport@@PEAU234@00@Z
F5F 00000000 SECT46D notype       Static      | .xdata
    Section length    8, #relocs    0, #linenums    0, checksum 6072F4B7, selection    5 (pick associative Section 0x4B)
F61 00000000 SECT46D notype       Static      | $unwind$??$construct@U_Container_proxy@std@@U12@@?$_Wrap_alloc@V?$allocator@U_Container_proxy@std@@@std@@@std@@QEAAXPEAU_Container_proxy@1@$$QEAU21@@Z
F62 00000000 SECT46E notype       Static      | .pdata
    Section length    C, #relocs    3, #linenums    0, checksum  1875D87, selection    5 (pick associative Section 0x4B)
F64 00000000 SECT46E notype       Static      | $pdata$??$construct@U_Container_proxy@std@@U12@@?$_Wrap_alloc@V?$allocator@U_Container_proxy@std@@@std@@@std@@QEAAXPEAU_Container_proxy@1@$$QEAU21@@Z
F65 00000000 SECT46F notype       Static      | .xdata
    Section length    8, #relocs    0, #linenums    0, checksum 583FB257, selection    5 (pick associative Section 0x14)
F67 00000000 SECT46F notype       Static      | $unwind$??$_Destroy_range@U?$_Wrap_alloc@V?$allocator@E@std@@@std@@@std@@YAXPEAE0AEAU?$_Wrap_alloc@V?$allocator@E@std@@@0@@Z
F68 00000000 SECT470 notype       Static      | .pdata
    Section length    C, #relocs    3, #linenums    0, checksum 617DCC89, selection    5 (pick associative Section 0x14)
F6A 00000000 SECT470 notype       Static      | $pdata$??$_Destroy_range@U?$_Wrap_alloc@V?$allocator@E@std@@@std@@@std@@YAXPEAE0AEAU?$_Wrap_alloc@V?$allocator@E@std@@@0@@Z
F6B 00000000 SECT471 notype       Static      | .xdata
    Section length    8, #relocs    0, #linenums    0, checksum FC45C01B, selection    5 (pick associative Section 0x6D)
F6D 00000000 SECT471 notype       Static      | $unwind$??$swap@PEAV_Ref_count_base@std@@@std@@YAXAEAPEAV_Ref_count_base@0@0@Z
F6E 00000000 SECT472 notype       Static      | .pdata
    Section length    C, #relocs    3, #linenums    0, checksum F0BDD041, selection    5 (pick associative Section 0x6D)
F70 00000000 SECT472 notype       Static      | $pdata$??$swap@PEAV_Ref_count_base@std@@@std@@YAXAEAPEAV_Ref_count_base@0@0@Z
F71 00000000 SECT473 notype       Static      | .xdata
    Section length    8, #relocs    0, #linenums    0, checksum FC45C01B, selection    5 (pick associative Section 0x6E)
F73 00000000 SECT473 notype       Static      | $unwind$??$swap@PEBUBinding@MilesFileChannel26@@@std@@YAXAEAPEBUBinding@MilesFileChannel26@@0@Z
F74 00000000 SECT474 notype       Static      | .pdata
    Section length    C, #relocs    3, #linenums    0, checksum F0BDD041, selection    5 (pick associative Section 0x6E)
F76 00000000 SECT474 notype       Static      | $pdata$??$swap@PEBUBinding@MilesFileChannel26@@@std@@YAXAEAPEBUBinding@MilesFileChannel26@@0@Z
F77 00000000 SECT475 notype       Static      | .xdata
    Section length    8, #relocs    0, #linenums    0, checksum 583FB257, selection    5 (pick associative Section 0x18)
F79 00000000 SECT475 notype       Static      | $unwind$??$_Destroy_range@U?$_Wrap_alloc@V?$allocator@V?$shared_ptr@UFileRecord@SessionFileOwner@MilesFileOwner36@@@std@@@std@@@std@@@std@@YAXPEAV?$shared_ptr@UFileRecord@SessionFileOwner@MilesFileOwner36@@@0@0AEAU?$_Wrap_alloc@V?$allocator@V?$shared_ptr@UFileRecord@SessionFileOwner@MilesFileOwner36@@@std@@@std@@@0@@Z
F7A 00000000 SECT476 notype       Static      | .pdata
    Section length    C, #relocs    3, #linenums    0, checksum 617DCC89, selection    5 (pick associative Section 0x18)
F7C 00000000 SECT476 notype       Static      | $pdata$??$_Destroy_range@U?$_Wrap_alloc@V?$allocator@V?$shared_ptr@UFileRecord@SessionFileOwner@MilesFileOwner36@@@std@@@std@@@std@@@std@@YAXPEAV?$shared_ptr@UFileRecord@SessionFileOwner@MilesFileOwner36@@@0@0AEAU?$_Wrap_alloc@V?$allocator@V?$shared_ptr@UFileRecord@SessionFileOwner@MilesFileOwner36@@@std@@@std@@@0@@Z
F7D 00000000 SECT477 notype       Static      | .xdata
    Section length    8, #relocs    0, #linenums    0, checksum 583FB257, selection    5 (pick associative Section 0x1A)
F7F 00000000 SECT477 notype       Static      | $unwind$??$_Destroy_range@U?$_Wrap_alloc@V?$allocator@V?$unique_ptr@UOperation@SessionFileOwner@MilesFileOwner36@@U?$default_delete@UOperation@SessionFileOwner@MilesFileOwner36@@@std@@@std@@@std@@@std@@@std@@YAXPEAV?$unique_ptr@UOperation@SessionFileOwner@MilesFileOwner36@@U?$default_delete@UOperation@SessionFileOwner@MilesFileOwner36@@@std@@@0@0AEAU?$_Wrap_alloc@V?$allocator@V?$unique_ptr@UOperation@SessionFileOwner@MilesFileOwner36@@U?$default_delete@UOperation@SessionFileOwner@MilesFileOwner36@@@std@@@std@@@std@@@0@@Z
F80 00000000 SECT478 notype       Static      | .pdata
    Section length    C, #relocs    3, #linenums    0, checksum 617DCC89, selection    5 (pick associative Section 0x1A)
F82 00000000 SECT478 notype       Static      | $pdata$??$_Destroy_range@U?$_Wrap_alloc@V?$allocator@V?$unique_ptr@UOperation@SessionFileOwner@MilesFileOwner36@@U?$default_delete@UOperation@SessionFileOwner@MilesFileOwner36@@@std@@@std@@@std@@@std@@@std@@YAXPEAV?$unique_ptr@UOperation@SessionFileOwner@MilesFileOwner36@@U?$default_delete@UOperation@SessionFileOwner@MilesFileOwner36@@@std@@@0@0AEAU?$_Wrap_alloc@V?$allocator@V?$unique_ptr@UOperation@SessionFileOwner@MilesFileOwner36@@U?$default_delete@UOperation@SessionFileOwner@MilesFileOwner36@@@std@@@std@@@std@@@0@@Z
F83 00000000 SECT479 notype       Static      | .xdata
    Section length    8, #relocs    0, #linenums    0, checksum FC45C01B, selection    5 (pick associative Section 0x6B)
F85 00000000 SECT479 notype       Static      | $unwind$??$swap@PEAUFileRecord@SessionFileOwner@MilesFileOwner36@@@std@@YAXAEAPEAUFileRecord@SessionFileOwner@MilesFileOwner36@@0@Z
F86 00000000 SECT47A notype       Static      | .pdata
    Section length    C, #relocs    3, #linenums    0, checksum F0BDD041, selection    5 (pick associative Section 0x6B)
F88 00000000 SECT47A notype       Static      | $pdata$??$swap@PEAUFileRecord@SessionFileOwner@MilesFileOwner36@@@std@@YAXAEAPEAUFileRecord@SessionFileOwner@MilesFileOwner36@@0@Z
F89 00000000 SECT47B notype       Static      | .xdata
    Section length    8, #relocs    0, #linenums    0, checksum FC45C01B, selection    5 (pick associative Section 0x6C)
F8B 00000000 SECT47B notype       Static      | $unwind$??$swap@PEAVFileInvocationJob@MilesFileExecutor30@@@std@@YAXAEAPEAVFileInvocationJob@MilesFileExecutor30@@0@Z
F8C 00000000 SECT47C notype       Static      | .pdata
    Section length    C, #relocs    3, #linenums    0, checksum F0BDD041, selection    5 (pick associative Section 0x6C)
F8E 00000000 SECT47C notype       Static      | $pdata$??$swap@PEAVFileInvocationJob@MilesFileExecutor30@@@std@@YAXAEAPEAVFileInvocationJob@MilesFileExecutor30@@0@Z
F8F 00000000 SECT47D notype       Static      | .xdata
    Section length    8, #relocs    0, #linenums    0, checksum FC45C01B, selection    5 (pick associative Section 0xB)
F91 00000000 SECT47D notype       Static      | $unwind$??$_Allocate@E@std@@YAPEAE_KPEAE@Z
F92 00000000 SECT47E notype       Static      | .pdata
    Section length    C, #relocs    3, #linenums    0, checksum F0BDD041, selection    5 (pick associative Section 0xB)
F94 00000000 SECT47E notype       Static      | $pdata$??$_Allocate@E@std@@YAPEAE_KPEAE@Z
F95 00000000 SECT47F notype       Static      | .xdata
    Section length    8, #relocs    0, #linenums    0, checksum FC45C01B, selection    5 (pick associative Section 0xE)
F97 00000000 SECT47F notype       Static      | $unwind$??$_Allocate@V?$shared_ptr@UFileRecord@SessionFileOwner@MilesFileOwner36@@@std@@@std@@YAPEAV?$shared_ptr@UFileRecord@SessionFileOwner@MilesFileOwner36@@@0@_KPEAV10@@Z
F98 00000000 SECT480 notype       Static      | .pdata
    Section length    C, #relocs    3, #linenums    0, checksum  289E689, selection    5 (pick associative Section 0xE)
F9A 00000000 SECT480 notype       Static      | $pdata$??$_Allocate@V?$shared_ptr@UFileRecord@SessionFileOwner@MilesFileOwner36@@@std@@@std@@YAPEAV?$shared_ptr@UFileRecord@SessionFileOwner@MilesFileOwner36@@@0@_KPEAV10@@Z
F9B 00000000 SECT481 notype       Static      | .xdata
    Section length    8, #relocs    0, #linenums    0, checksum FC45C01B, selection    5 (pick associative Section 0xF)
F9D 00000000 SECT481 notype       Static      | $unwind$??$_Allocate@V?$unique_ptr@UOperation@SessionFileOwner@MilesFileOwner36@@U?$default_delete@UOperation@SessionFileOwner@MilesFileOwner36@@@std@@@std@@@std@@YAPEAV?$unique_ptr@UOperation@SessionFileOwner@MilesFileOwner36@@U?$default_delete@UOperation@SessionFileOwner@MilesFileOwner36@@@std@@@0@_KPEAV10@@Z
F9E 00000000 SECT482 notype       Static      | .pdata
    Section length    C, #relocs    3, #linenums    0, checksum 8C06E16A, selection    5 (pick associative Section 0xF)
FA0 00000000 SECT482 notype       Static      | $pdata$??$_Allocate@V?$unique_ptr@UOperation@SessionFileOwner@MilesFileOwner36@@U?$default_delete@UOperation@SessionFileOwner@MilesFileOwner36@@@std@@@std@@@std@@YAPEAV?$unique_ptr@UOperation@SessionFileOwner@MilesFileOwner36@@U?$default_delete@UOperation@SessionFileOwner@MilesFileOwner36@@@std@@@0@_KPEAV10@@Z
FA1 00000000 SECT483 notype       Static      | .xdata
    Section length    8, #relocs    0, #linenums    0, checksum FC45C01B, selection    5 (pick associative Section 0xD)
FA3 00000000 SECT483 notype       Static      | $unwind$??$_Allocate@U_Container_proxy@std@@@std@@YAPEAU_Container_proxy@0@_KPEAU10@@Z
FA4 00000000 SECT484 notype       Static      | .pdata
    Section length    C, #relocs    3, #linenums    0, checksum  289E689, selection    5 (pick associative Section 0xD)
FA6 00000000 SECT484 notype       Static      | $pdata$??$_Allocate@U_Container_proxy@std@@@std@@YAPEAU_Container_proxy@0@_KPEAU10@@Z
FA7 00000000 SECT485 notype       Static      | .xdata
    Section length    8, #relocs    0, #linenums    0, checksum FC45C01B, selection    5 (pick associative Section 0xC)
FA9 00000000 SECT485 notype       Static      | $unwind$??$_Allocate@UEntry@ResourceRegistry@MilesTransport@@@std@@YAPEAUEntry@ResourceRegistry@MilesTransport@@_KPEAU123@@Z
FAA 00000000 SECT486 notype       Static      | .pdata
    Section length    C, #relocs    3, #linenums    0, checksum  289E689, selection    5 (pick associative Section 0xC)
FAC 00000000 SECT486 notype       Static      | $pdata$??$_Allocate@UEntry@ResourceRegistry@MilesTransport@@@std@@YAPEAUEntry@ResourceRegistry@MilesTransport@@_KPEAU123@@Z
FAD 00000000 SECT487 notype       Static      | .xdata
    Section length    8, #relocs    0, #linenums    0, checksum FC45C01B, selection    5 (pick associative Section 0xA)
FAF 00000000 SECT487 notype       Static      | $unwind$??$_Allocate@D@std@@YAPEAD_KPEAD@Z
FB0 00000000 SECT488 notype       Static      | .pdata
    Section length    C, #relocs    3, #linenums    0, checksum F0BDD041, selection    5 (pick associative Section 0xA)
FB2 00000000 SECT488 notype       Static      | $pdata$??$_Allocate@D@std@@YAPEAD_KPEAD@Z
FB3 00000000 SECT489 notype       Static      | .xdata
    Section length    8, #relocs    0, #linenums    0, checksum  FC539D1, selection    5 (pick associative Section 0x109)
FB5 00000000 SECT489 notype       Static      | $unwind$??__E?_Generic_object@?$_Error_objects@H@std@@2V_Generic_error_category@2@A@@YAXXZ
FB6 00000000 SECT48A notype       Static      | .pdata
    Section length    C, #relocs    3, #linenums    0, checksum 35DC62C8, selection    5 (pick associative Section 0x109)
FB8 00000000 SECT48A notype       Static      | $pdata$??__E?_Generic_object@?$_Error_objects@H@std@@2V_Generic_error_category@2@A@@YAXXZ
FB9 00000000 SECT48B notype       Static      | .xdata
    Section length    8, #relocs    0, #linenums    0, checksum  FC539D1, selection    5 (pick associative Section 0x114)
FBB 00000000 SECT48B notype       Static      | $unwind$??__F?_Generic_object@?$_Error_objects@H@std@@2V_Generic_error_category@2@A@@YAXXZ
FBC 00000000 SECT48C notype       Static      | .pdata
    Section length    C, #relocs    3, #linenums    0, checksum 345B3F4F, selection    5 (pick associative Section 0x114)
FBE 00000000 SECT48C notype       Static      | $pdata$??__F?_Generic_object@?$_Error_objects@H@std@@2V_Generic_error_category@2@A@@YAXXZ
FBF 00000000 SECT48D notype       Static      | .xdata
    Section length    8, #relocs    0, #linenums    0, checksum  FC539D1, selection    5 (pick associative Section 0x10A)
FC1 00000000 SECT48D notype       Static      | $unwind$??__E?_Iostream_object@?$_Error_objects@H@std@@2V_Iostream_error_category@2@A@@YAXXZ
FC2 00000000 SECT48E notype       Static      | .pdata
    Section length    C, #relocs    3, #linenums    0, checksum 35DC62C8, selection    5 (pick associative Section 0x10A)
FC4 00000000 SECT48E notype       Static      | $pdata$??__E?_Iostream_object@?$_Error_objects@H@std@@2V_Iostream_error_category@2@A@@YAXXZ
FC5 00000000 SECT48F notype       Static      | .xdata
    Section length    8, #relocs    0, #linenums    0, checksum  FC539D1, selection    5 (pick associative Section 0x115)
FC7 00000000 SECT48F notype       Static      | $unwind$??__F?_Iostream_object@?$_Error_objects@H@std@@2V_Iostream_error_category@2@A@@YAXXZ
FC8 00000000 SECT490 notype       Static      | .pdata
    Section length    C, #relocs    3, #linenums    0, checksum 345B3F4F, selection    5 (pick associative Section 0x115)
FCA 00000000 SECT490 notype       Static      | $pdata$??__F?_Iostream_object@?$_Error_objects@H@std@@2V_Iostream_error_category@2@A@@YAXXZ
FCB 00000000 SECT491 notype       Static      | .xdata
    Section length    8, #relocs    0, #linenums    0, checksum  FC539D1, selection    5 (pick associative Section 0x10B)
FCD 00000000 SECT491 notype       Static      | $unwind$??__E?_System_object@?$_Error_objects@H@std@@2V_System_error_category@2@A@@YAXXZ
FCE 00000000 SECT492 notype       Static      | .pdata
    Section length    C, #relocs    3, #linenums    0, checksum 35DC62C8, selection    5 (pick associative Section 0x10B)
FD0 00000000 SECT492 notype       Static      | $pdata$??__E?_System_object@?$_Error_objects@H@std@@2V_System_error_category@2@A@@YAXXZ
FD1 00000000 SECT493 notype       Static      | .xdata
    Section length    8, #relocs    0, #linenums    0, checksum  FC539D1, selection    5 (pick associative Section 0x116)
FD3 00000000 SECT493 notype       Static      | $unwind$??__F?_System_object@?$_Error_objects@H@std@@2V_System_error_category@2@A@@YAXXZ
FD4 00000000 SECT494 notype       Static      | .pdata
    Section length    C, #relocs    3, #linenums    0, checksum 345B3F4F, selection    5 (pick associative Section 0x116)
FD6 00000000 SECT494 notype       Static      | $pdata$??__F?_System_object@?$_Error_objects@H@std@@2V_System_error_category@2@A@@YAXXZ
FD7 00000000 SECT495 notype       Static      | .xdata
    Section length   10, #relocs    2, #linenums    0, checksum EF58881B, selection    5 (pick associative Section 0x2C)
FD9 00000000 SECT495 notype       Static      | $unwind$??$_Resetp@UFileRecord@SessionFileOwner@MilesFileOwner36@@@?$shared_ptr@UFileRecord@SessionFileOwner@MilesFileOwner36@@@std@@AEAAXPEAUFileRecord@SessionFileOwner@MilesFileOwner36@@@Z
FDA 00000000 SECT496 notype       Static      | .pdata
    Section length    C, #relocs    3, #linenums    0, checksum 2F80B4F1, selection    5 (pick associative Section 0x2C)
FDC 00000000 SECT496 notype       Static      | $pdata$??$_Resetp@UFileRecord@SessionFileOwner@MilesFileOwner36@@@?$shared_ptr@UFileRecord@SessionFileOwner@MilesFileOwner36@@@std@@AEAAXPEAUFileRecord@SessionFileOwner@MilesFileOwner36@@@Z
FDD 00000000 SECT497 notype       Static      | .rdata
    Section length   28, #relocs    3, #linenums    0, checksum 1B0BC67B, selection    5 (pick associative Section 0x2C)
FDF 00000000 SECT497 notype       Static      | $cppxdata$??$_Resetp@UFileRecord@SessionFileOwner@MilesFileOwner36@@@?$shared_ptr@UFileRecord@SessionFileOwner@MilesFileOwner36@@@std@@AEAAXPEAUFileRecord@SessionFileOwner@MilesFileOwner36@@@Z
FE0 00000000 SECT498 notype       Static      | .xdata
    Section length   18, #relocs    1, #linenums    0, checksum C6E31549, selection    5 (pick associative Section 0x2C)
FE2 00000000 SECT498 notype       Static      | $stateUnwindMap$??$_Resetp@UFileRecord@SessionFileOwner@MilesFileOwner36@@@?$shared_ptr@UFileRecord@SessionFileOwner@MilesFileOwner36@@@std@@AEAAXPEAUFileRecord@SessionFileOwner@MilesFileOwner36@@@Z
FE3 00000000 SECT499 notype       Static      | .xdata
    Section length   14, #relocs    1, #linenums    0, checksum 8EF90F90, selection    5 (pick associative Section 0x2C)
FE5 00000000 SECT499 notype       Static      | $tryMap$??$_Resetp@UFileRecord@SessionFileOwner@MilesFileOwner36@@@?$shared_ptr@UFileRecord@SessionFileOwner@MilesFileOwner36@@@std@@AEAAXPEAUFileRecord@SessionFileOwner@MilesFileOwner36@@@Z
FE6 00000000 SECT49A notype       Static      | .xdata
    Section length   14, #relocs    1, #linenums    0, checksum   677058, selection    5 (pick associative Section 0x2C)
FE8 00000000 SECT49A notype       Static      | $handlerMap$0$??$_Resetp@UFileRecord@SessionFileOwner@MilesFileOwner36@@@?$shared_ptr@UFileRecord@SessionFileOwner@MilesFileOwner36@@@std@@AEAAXPEAUFileRecord@SessionFileOwner@MilesFileOwner36@@@Z
FE9 00000000 SECT49B notype       Static      | .xdata
    Section length   40, #relocs    8, #linenums    0, checksum 9DA36A35, selection    5 (pick associative Section 0x2C)
FEB 00000000 SECT49B notype       Static      | $ip2state$??$_Resetp@UFileRecord@SessionFileOwner@MilesFileOwner36@@@?$shared_ptr@UFileRecord@SessionFileOwner@MilesFileOwner36@@@std@@AEAAXPEAUFileRecord@SessionFileOwner@MilesFileOwner36@@@Z
FEC 00000000 SECT49C notype       Static      | .xdata
    Section length    8, #relocs    0, #linenums    0, checksum B96BC9FB, selection    5 (pick associative Section 0x2C)
FEE 00000000 SECT49C notype       Static      | $unwind$?dtor$0@?0???$_Resetp@UFileRecord@SessionFileOwner@MilesFileOwner36@@@?$shared_ptr@UFileRecord@SessionFileOwner@MilesFileOwner36@@@std@@AEAAXPEAUFileRecord@SessionFileOwner@MilesFileOwner36@@@Z@4HA
FEF 00000000 SECT49D notype       Static      | .pdata
    Section length    C, #relocs    3, #linenums    0, checksum AF5E2A9E, selection    5 (pick associative Section 0x2C)
FF1 00000000 SECT49D notype       Static      | $pdata$?dtor$0@?0???$_Resetp@UFileRecord@SessionFileOwner@MilesFileOwner36@@@?$shared_ptr@UFileRecord@SessionFileOwner@MilesFileOwner36@@@std@@AEAAXPEAUFileRecord@SessionFileOwner@MilesFileOwner36@@@Z@4HA
FF2 00000000 SECT49E notype       Static      | .xdata
    Section length   10, #relocs    2, #linenums    0, checksum 5840A276, selection    5 (pick associative Section 0x2C)
FF4 00000000 SECT49E notype       Static      | $unwind$?catch$0@?0???$_Resetp@UFileRecord@SessionFileOwner@MilesFileOwner36@@@?$shared_ptr@UFileRecord@SessionFileOwner@MilesFileOwner36@@@std@@AEAAXPEAUFileRecord@SessionFileOwner@MilesFileOwner36@@@Z@4HA
FF5 00000000 SECT49F notype       Static      | .pdata
    Section length    C, #relocs    3, #linenums    0, checksum  84CEF90, selection    5 (pick associative Section 0x2C)
FF7 00000000 SECT49F notype       Static      | $pdata$?catch$0@?0???$_Resetp@UFileRecord@SessionFileOwner@MilesFileOwner36@@@?$shared_ptr@UFileRecord@SessionFileOwner@MilesFileOwner36@@@std@@AEAAXPEAUFileRecord@SessionFileOwner@MilesFileOwner36@@@Z@4HA
FF8 00000000 SECT4A0 notype       Static      | .xdata
    Section length    8, #relocs    0, #linenums    0, checksum 6072F4B7, selection    5 (pick associative Section 0x27)
FFA 00000000 SECT4A0 notype       Static      | $unwind$??$_Reset@UFileRecord@SessionFileOwner@MilesFileOwner36@@@?$_Ptr_base@$$CBUBinding@MilesFileChannel26@@@std@@QEAAXPEBUBinding@MilesFileChannel26@@AEBV?$_Ptr_base@UFileRecord@SessionFileOwner@MilesFileOwner36@@@1@@Z
FFB 00000000 SECT4A1 notype       Static      | .pdata
    Section length    C, #relocs    3, #linenums    0, checksum 85CD537D, selection    5 (pick associative Section 0x27)
FFD 00000000 SECT4A1 notype       Static      | $pdata$??$_Reset@UFileRecord@SessionFileOwner@MilesFileOwner36@@@?$_Ptr_base@$$CBUBinding@MilesFileChannel26@@@std@@QEAAXPEBUBinding@MilesFileChannel26@@AEBV?$_Ptr_base@UFileRecord@SessionFileOwner@MilesFileOwner36@@@1@@Z
FFE 00000000 SECT4A2 notype       Static      | .xdata
    Section length    8, #relocs    0, #linenums    0, checksum C40886FB, selection    5 (pick associative Section 0x2A)
1000 00000000 SECT4A2 notype       Static      | $unwind$??$_Reset@UFileSessionContext@MilesFileOwner36@@@?$_Ptr_base@X@std@@QEAAXAEBV?$_Ptr_base@UFileSessionContext@MilesFileOwner36@@@1@@Z
1001 00000000 SECT4A3 notype       Static      | .pdata
    Section length    C, #relocs    3, #linenums    0, checksum ECFC7064, selection    5 (pick associative Section 0x2A)
1003 00000000 SECT4A3 notype       Static      | $pdata$??$_Reset@UFileSessionContext@MilesFileOwner36@@@?$_Ptr_base@X@std@@QEAAXAEBV?$_Ptr_base@UFileSessionContext@MilesFileOwner36@@@1@@Z
1004 00000000 SECT4A4 notype       Static      | .xdata
    Section length    8, #relocs    0, #linenums    0, checksum 6072F4B7, selection    5 (pick associative Section 0x4A)
1006 00000000 SECT4A4 notype       Static      | $unwind$??$construct@UEntry@ResourceRegistry@MilesTransport@@U123@@?$allocator_traits@V?$allocator@UEntry@ResourceRegistry@MilesTransport@@@std@@@std@@SAXAEAV?$allocator@UEntry@ResourceRegistry@MilesTransport@@@1@PEAUEntry@ResourceRegistry@MilesTransport@@$$QEAU345@@Z
1007 00000000 SECT4A5 notype       Static      | .pdata
    Section length    C, #relocs    3, #linenums    0, checksum  1875D87, selection    5 (pick associative Section 0x4A)
1009 00000000 SECT4A5 notype       Static      | $pdata$??$construct@UEntry@ResourceRegistry@MilesTransport@@U123@@?$allocator_traits@V?$allocator@UEntry@ResourceRegistry@MilesTransport@@@std@@@std@@SAXAEAV?$allocator@UEntry@ResourceRegistry@MilesTransport@@@1@PEAUEntry@ResourceRegistry@MilesTransport@@$$QEAU345@@Z
100A 00000000 SECT4A6 notype       Static      | .xdata
    Section length    8, #relocs    0, #linenums    0, checksum 8CDF4DDB, selection    5 (pick associative Section 0x21)
100C 00000000 SECT4A6 notype       Static      | $unwind$??$_Ptr_cat@EE@std@@YA?AU_Scalar_ptr_iterator_tag@0@PEAE0@Z
100D 00000000 SECT4A7 notype       Static      | .pdata
    Section length    C, #relocs    3, #linenums    0, checksum 767E3832, selection    5 (pick associative Section 0x21)
100F 00000000 SECT4A7 notype       Static      | $pdata$??$_Ptr_cat@EE@std@@YA?AU_Scalar_ptr_iterator_tag@0@PEAE0@Z
1010 00000000 SECT4A8 notype       Static      | .xdata
    Section length    8, #relocs    0, #linenums    0, checksum B574274C, selection    5 (pick associative Section 0x30)
1012 00000000 SECT4A8 notype       Static      | $unwind$??$_Uninit_def_fill_n@E_KE@std@@YAXPEAE_KAEAU?$_Wrap_alloc@V?$allocator@E@std@@@0@0U_Scalar_ptr_iterator_tag@0@@Z
1013 00000000 SECT4A9 notype       Static      | .pdata
    Section length    C, #relocs    3, #linenums    0, checksum 205670FA, selection    5 (pick associative Section 0x30)
1015 00000000 SECT4A9 notype       Static      | $pdata$??$_Uninit_def_fill_n@E_KE@std@@YAXPEAE_KAEAU?$_Wrap_alloc@V?$allocator@E@std@@@0@0U_Scalar_ptr_iterator_tag@0@@Z
1016 00000000 SECT4AA notype       Static      | .xdata
    Section length    8, #relocs    0, #linenums    0, checksum 8CDF4DDB, selection    5 (pick associative Section 0x23)
1018 00000000 SECT4AA notype       Static      | $unwind$??$_Ptr_cat@V?$shared_ptr@UFileRecord@SessionFileOwner@MilesFileOwner36@@@std@@V12@@std@@YA?AU_Nonscalar_ptr_iterator_tag@0@PEAV?$shared_ptr@UFileRecord@SessionFileOwner@MilesFileOwner36@@@0@0@Z
1019 00000000 SECT4AB notype       Static      | .pdata
    Section length    C, #relocs    3, #linenums    0, checksum 767E3832, selection    5 (pick associative Section 0x23)
101B 00000000 SECT4AB notype       Static      | $pdata$??$_Ptr_cat@V?$shared_ptr@UFileRecord@SessionFileOwner@MilesFileOwner36@@@std@@V12@@std@@YA?AU_Nonscalar_ptr_iterator_tag@0@PEAV?$shared_ptr@UFileRecord@SessionFileOwner@MilesFileOwner36@@@0@0@Z
101C 00000000 SECT4AC notype       Static      | .xdata
    Section length   10, #relocs    2, #linenums    0, checksum 95C180BB, selection    5 (pick associative Section 0x31)
101E 00000000 SECT4AC notype       Static      | $unwind$??$_Uninit_def_fill_n@PEAV?$shared_ptr@UFileRecord@SessionFileOwner@MilesFileOwner36@@@std@@_KV?$allocator@V?$shared_ptr@UFileRecord@SessionFileOwner@MilesFileOwner36@@@std@@@2@V12@@std@@YAXPEAV?$shared_ptr@UFileRecord@SessionFileOwner@MilesFileOwner36@@@0@_KAEAU?$_Wrap_alloc@V?$allocator@V?$shared_ptr@UFileRecord@SessionFileOwner@MilesFileOwner36@@@std@@@std@@@0@0U_Nonscalar_ptr_iterator_tag@0@@Z
101F 00000000 SECT4AD notype       Static      | .pdata
    Section length    C, #relocs    3, #linenums    0, checksum  30EBB0E, selection    5 (pick associative Section 0x31)
1021 00000000 SECT4AD notype       Static      | $pdata$??$_Uninit_def_fill_n@PEAV?$shared_ptr@UFileRecord@SessionFileOwner@MilesFileOwner36@@@std@@_KV?$allocator@V?$shared_ptr@UFileRecord@SessionFileOwner@MilesFileOwner36@@@std@@@2@V12@@std@@YAXPEAV?$shared_ptr@UFileRecord@SessionFileOwner@MilesFileOwner36@@@0@_KAEAU?$_Wrap_alloc@V?$allocator@V?$shared_ptr@UFileRecord@SessionFileOwner@MilesFileOwner36@@@std@@@std@@@0@0U_Nonscalar_ptr_iterator_tag@0@@Z
1022 00000000 SECT4AE notype       Static      | .rdata
    Section length   28, #relocs    3, #linenums    0, checksum A1EC9887, selection    5 (pick associative Section 0x31)
1024 00000000 SECT4AE notype       Static      | $cppxdata$??$_Uninit_def_fill_n@PEAV?$shared_ptr@UFileRecord@SessionFileOwner@MilesFileOwner36@@@std@@_KV?$allocator@V?$shared_ptr@UFileRecord@SessionFileOwner@MilesFileOwner36@@@std@@@2@V12@@std@@YAXPEAV?$shared_ptr@UFileRecord@SessionFileOwner@MilesFileOwner36@@@0@_KAEAU?$_Wrap_alloc@V?$allocator@V?$shared_ptr@UFileRecord@SessionFileOwner@MilesFileOwner36@@@std@@@std@@@0@0U_Nonscalar_ptr_iterator_tag@0@@Z
1025 00000000 SECT4AF notype       Static      | .xdata
    Section length   10, #relocs    0, #linenums    0, checksum 8999943C, selection    5 (pick associative Section 0x31)
1027 00000000 SECT4AF notype       Static      | $stateUnwindMap$??$_Uninit_def_fill_n@PEAV?$shared_ptr@UFileRecord@SessionFileOwner@MilesFileOwner36@@@std@@_KV?$allocator@V?$shared_ptr@UFileRecord@SessionFileOwner@MilesFileOwner36@@@std@@@2@V12@@std@@YAXPEAV?$shared_ptr@UFileRecord@SessionFileOwner@MilesFileOwner36@@@0@_KAEAU?$_Wrap_alloc@V?$allocator@V?$shared_ptr@UFileRecord@SessionFileOwner@MilesFileOwner36@@@std@@@std@@@0@0U_Nonscalar_ptr_iterator_tag@0@@Z
1028 00000000 SECT4B0 notype       Static      | .xdata
    Section length   14, #relocs    1, #linenums    0, checksum 570F4CF1, selection    5 (pick associative Section 0x31)
102A 00000000 SECT4B0 notype       Static      | $tryMap$??$_Uninit_def_fill_n@PEAV?$shared_ptr@UFileRecord@SessionFileOwner@MilesFileOwner36@@@std@@_KV?$allocator@V?$shared_ptr@UFileRecord@SessionFileOwner@MilesFileOwner36@@@std@@@2@V12@@std@@YAXPEAV?$shared_ptr@UFileRecord@SessionFileOwner@MilesFileOwner36@@@0@_KAEAU?$_Wrap_alloc@V?$allocator@V?$shared_ptr@UFileRecord@SessionFileOwner@MilesFileOwner36@@@std@@@std@@@0@0U_Nonscalar_ptr_iterator_tag@0@@Z
102B 00000000 SECT4B1 notype       Static      | .xdata
    Section length   14, #relocs    1, #linenums    0, checksum   677058, selection    5 (pick associative Section 0x31)
102D 00000000 SECT4B1 notype       Static      | $handlerMap$0$??$_Uninit_def_fill_n@PEAV?$shared_ptr@UFileRecord@SessionFileOwner@MilesFileOwner36@@@std@@_KV?$allocator@V?$shared_ptr@UFileRecord@SessionFileOwner@MilesFileOwner36@@@std@@@2@V12@@std@@YAXPEAV?$shared_ptr@UFileRecord@SessionFileOwner@MilesFileOwner36@@@0@_KAEAU?$_Wrap_alloc@V?$allocator@V?$shared_ptr@UFileRecord@SessionFileOwner@MilesFileOwner36@@@std@@@std@@@0@0U_Nonscalar_ptr_iterator_tag@0@@Z
102E 00000000 SECT4B2 notype       Static      | .xdata
    Section length   30, #relocs    6, #linenums    0, checksum DD810D9A, selection    5 (pick associative Section 0x31)
1030 00000000 SECT4B2 notype       Static      | $ip2state$??$_Uninit_def_fill_n@PEAV?$shared_ptr@UFileRecord@SessionFileOwner@MilesFileOwner36@@@std@@_KV?$allocator@V?$shared_ptr@UFileRecord@SessionFileOwner@MilesFileOwner36@@@std@@@2@V12@@std@@YAXPEAV?$shared_ptr@UFileRecord@SessionFileOwner@MilesFileOwner36@@@0@_KAEAU?$_Wrap_alloc@V?$allocator@V?$shared_ptr@UFileRecord@SessionFileOwner@MilesFileOwner36@@@std@@@std@@@0@0U_Nonscalar_ptr_iterator_tag@0@@Z
1031 00000000 SECT4B3 notype       Static      | .xdata
    Section length   10, #relocs    2, #linenums    0, checksum 5840A276, selection    5 (pick associative Section 0x31)
1033 00000000 SECT4B3 notype       Static      | $unwind$?catch$0@?0???$_Uninit_def_fill_n@PEAV?$shared_ptr@UFileRecord@SessionFileOwner@MilesFileOwner36@@@std@@_KV?$allocator@V?$shared_ptr@UFileRecord@SessionFileOwner@MilesFileOwner36@@@std@@@2@V12@@std@@YAXPEAV?$shared_ptr@UFileRecord@SessionFileOwner@MilesFileOwner36@@@0@_KAEAU?$_Wrap_alloc@V?$allocator@V?$shared_ptr@UFileRecord@SessionFileOwner@MilesFileOwner36@@@std@@@std@@@0@0U_Nonscalar_ptr_iterator_tag@0@@Z@4HA
1034 00000000 SECT4B4 notype       Static      | .pdata
    Section length    C, #relocs    3, #linenums    0, checksum 7E32D7A2, selection    5 (pick associative Section 0x31)
1036 00000000 SECT4B4 notype       Static      | $pdata$?catch$0@?0???$_Uninit_def_fill_n@PEAV?$shared_ptr@UFileRecord@SessionFileOwner@MilesFileOwner36@@@std@@_KV?$allocator@V?$shared_ptr@UFileRecord@SessionFileOwner@MilesFileOwner36@@@std@@@2@V12@@std@@YAXPEAV?$shared_ptr@UFileRecord@SessionFileOwner@MilesFileOwner36@@@0@_KAEAU?$_Wrap_alloc@V?$allocator@V?$shared_ptr@UFileRecord@SessionFileOwner@MilesFileOwner36@@@std@@@std@@@0@0U_Nonscalar_ptr_iterator_tag@0@@Z@4HA
1037 00000000 SECT4B5 notype       Static      | .xdata
    Section length    8, #relocs    0, #linenums    0, checksum 8CDF4DDB, selection    5 (pick associative Section 0x24)
1039 00000000 SECT4B5 notype       Static      | $unwind$??$_Ptr_cat@V?$unique_ptr@UOperation@SessionFileOwner@MilesFileOwner36@@U?$default_delete@UOperation@SessionFileOwner@MilesFileOwner36@@@std@@@std@@V12@@std@@YA?AU_Nonscalar_ptr_iterator_tag@0@PEAV?$unique_ptr@UOperation@SessionFileOwner@MilesFileOwner36@@U?$default_delete@UOperation@SessionFileOwner@MilesFileOwner36@@@std@@@0@0@Z
103A 00000000 SECT4B6 notype       Static      | .pdata
    Section length    C, #relocs    3, #linenums    0, checksum 767E3832, selection    5 (pick associative Section 0x24)
103C 00000000 SECT4B6 notype       Static      | $pdata$??$_Ptr_cat@V?$unique_ptr@UOperation@SessionFileOwner@MilesFileOwner36@@U?$default_delete@UOperation@SessionFileOwner@MilesFileOwner36@@@std@@@std@@V12@@std@@YA?AU_Nonscalar_ptr_iterator_tag@0@PEAV?$unique_ptr@UOperation@SessionFileOwner@MilesFileOwner36@@U?$default_delete@UOperation@SessionFileOwner@MilesFileOwner36@@@std@@@0@0@Z
103D 00000000 SECT4B7 notype       Static      | .xdata
    Section length   10, #relocs    2, #linenums    0, checksum 95C180BB, selection    5 (pick associative Section 0x33)
103F 00000000 SECT4B7 notype       Static      | $unwind$??$_Uninit_def_fill_n@PEAV?$unique_ptr@UOperation@SessionFileOwner@MilesFileOwner36@@U?$default_delete@UOperation@SessionFileOwner@MilesFileOwner36@@@std@@@std@@_KV?$allocator@V?$unique_ptr@UOperation@SessionFileOwner@MilesFileOwner36@@U?$default_delete@UOperation@SessionFileOwner@MilesFileOwner36@@@std@@@std@@@2@V12@@std@@YAXPEAV?$unique_ptr@UOperation@SessionFileOwner@MilesFileOwner36@@U?$default_delete@UOperation@SessionFileOwner@MilesFileOwner36@@@std@@@0@_KAEAU?$_Wrap_alloc@V?$allocator@V?$unique_ptr@UOperation@SessionFileOwner@MilesFileOwner36@@U?$default_delete@UOperation@SessionFileOwner@MilesFileOwner36@@@std@@@std@@@std@@@0@0U_Nonscalar_ptr_iterator_tag@0@@Z
1040 00000000 SECT4B8 notype       Static      | .pdata
    Section length    C, #relocs    3, #linenums    0, checksum  30EBB0E, selection    5 (pick associative Section 0x33)
1042 00000000 SECT4B8 notype       Static      | $pdata$??$_Uninit_def_fill_n@PEAV?$unique_ptr@UOperation@SessionFileOwner@MilesFileOwner36@@U?$default_delete@UOperation@SessionFileOwner@MilesFileOwner36@@@std@@@std@@_KV?$allocator@V?$unique_ptr@UOperation@SessionFileOwner@MilesFileOwner36@@U?$default_delete@UOperation@SessionFileOwner@MilesFileOwner36@@@std@@@std@@@2@V12@@std@@YAXPEAV?$unique_ptr@UOperation@SessionFileOwner@MilesFileOwner36@@U?$default_delete@UOperation@SessionFileOwner@MilesFileOwner36@@@std@@@0@_KAEAU?$_Wrap_alloc@V?$allocator@V?$unique_ptr@UOperation@SessionFileOwner@MilesFileOwner36@@U?$default_delete@UOperation@SessionFileOwner@MilesFileOwner36@@@std@@@std@@@std@@@0@0U_Nonscalar_ptr_iterator_tag@0@@Z
1043 00000000 SECT4B9 notype       Static      | .rdata
    Section length   28, #relocs    3, #linenums    0, checksum A1EC9887, selection    5 (pick associative Section 0x33)
1045 00000000 SECT4B9 notype       Static      | $cppxdata$??$_Uninit_def_fill_n@PEAV?$unique_ptr@UOperation@SessionFileOwner@MilesFileOwner36@@U?$default_delete@UOperation@SessionFileOwner@MilesFileOwner36@@@std@@@std@@_KV?$allocator@V?$unique_ptr@UOperation@SessionFileOwner@MilesFileOwner36@@U?$default_delete@UOperation@SessionFileOwner@MilesFileOwner36@@@std@@@std@@@2@V12@@std@@YAXPEAV?$unique_ptr@UOperation@SessionFileOwner@MilesFileOwner36@@U?$default_delete@UOperation@SessionFileOwner@MilesFileOwner36@@@std@@@0@_KAEAU?$_Wrap_alloc@V?$allocator@V?$unique_ptr@UOperation@SessionFileOwner@MilesFileOwner36@@U?$default_delete@UOperation@SessionFileOwner@MilesFileOwner36@@@std@@@std@@@std@@@0@0U_Nonscalar_ptr_iterator_tag@0@@Z
1046 00000000 SECT4BA notype       Static      | .xdata
    Section length   10, #relocs    0, #linenums    0, checksum 8999943C, selection    5 (pick associative Section 0x33)
1048 00000000 SECT4BA notype       Static      | $stateUnwindMap$??$_Uninit_def_fill_n@PEAV?$unique_ptr@UOperation@SessionFileOwner@MilesFileOwner36@@U?$default_delete@UOperation@SessionFileOwner@MilesFileOwner36@@@std@@@std@@_KV?$allocator@V?$unique_ptr@UOperation@SessionFileOwner@MilesFileOwner36@@U?$default_delete@UOperation@SessionFileOwner@MilesFileOwner36@@@std@@@std@@@2@V12@@std@@YAXPEAV?$unique_ptr@UOperation@SessionFileOwner@MilesFileOwner36@@U?$default_delete@UOperation@SessionFileOwner@MilesFileOwner36@@@std@@@0@_KAEAU?$_Wrap_alloc@V?$allocator@V?$unique_ptr@UOperation@SessionFileOwner@MilesFileOwner36@@U?$default_delete@UOperation@SessionFileOwner@MilesFileOwner36@@@std@@@std@@@std@@@0@0U_Nonscalar_ptr_iterator_tag@0@@Z
1049 00000000 SECT4BB notype       Static      | .xdata
    Section length   14, #relocs    1, #linenums    0, checksum 570F4CF1, selection    5 (pick associative Section 0x33)
104B 00000000 SECT4BB notype       Static      | $tryMap$??$_Uninit_def_fill_n@PEAV?$unique_ptr@UOperation@SessionFileOwner@MilesFileOwner36@@U?$default_delete@UOperation@SessionFileOwner@MilesFileOwner36@@@std@@@std@@_KV?$allocator@V?$unique_ptr@UOperation@SessionFileOwner@MilesFileOwner36@@U?$default_delete@UOperation@SessionFileOwner@MilesFileOwner36@@@std@@@std@@@2@V12@@std@@YAXPEAV?$unique_ptr@UOperation@SessionFileOwner@MilesFileOwner36@@U?$default_delete@UOperation@SessionFileOwner@MilesFileOwner36@@@std@@@0@_KAEAU?$_Wrap_alloc@V?$allocator@V?$unique_ptr@UOperation@SessionFileOwner@MilesFileOwner36@@U?$default_delete@UOperation@SessionFileOwner@MilesFileOwner36@@@std@@@std@@@std@@@0@0U_Nonscalar_ptr_iterator_tag@0@@Z
104C 00000000 SECT4BC notype       Static      | .xdata
    Section length   14, #relocs    1, #linenums    0, checksum   677058, selection    5 (pick associative Section 0x33)
104E 00000000 SECT4BC notype       Static      | $handlerMap$0$??$_Uninit_def_fill_n@PEAV?$unique_ptr@UOperation@SessionFileOwner@MilesFileOwner36@@U?$default_delete@UOperation@SessionFileOwner@MilesFileOwner36@@@std@@@std@@_KV?$allocator@V?$unique_ptr@UOperation@SessionFileOwner@MilesFileOwner36@@U?$default_delete@UOperation@SessionFileOwner@MilesFileOwner36@@@std@@@std@@@2@V12@@std@@YAXPEAV?$unique_ptr@UOperation@SessionFileOwner@MilesFileOwner36@@U?$default_delete@UOperation@SessionFileOwner@MilesFileOwner36@@@std@@@0@_KAEAU?$_Wrap_alloc@V?$allocator@V?$unique_ptr@UOperation@SessionFileOwner@MilesFileOwner36@@U?$default_delete@UOperation@SessionFileOwner@MilesFileOwner36@@@std@@@std@@@std@@@0@0U_Nonscalar_ptr_iterator_tag@0@@Z
104F 00000000 SECT4BD notype       Static      | .xdata
    Section length   30, #relocs    6, #linenums    0, checksum DD810D9A, selection    5 (pick associative Section 0x33)
1051 00000000 SECT4BD notype       Static      | $ip2state$??$_Uninit_def_fill_n@PEAV?$unique_ptr@UOperation@SessionFileOwner@MilesFileOwner36@@U?$default_delete@UOperation@SessionFileOwner@MilesFileOwner36@@@std@@@std@@_KV?$allocator@V?$unique_ptr@UOperation@SessionFileOwner@MilesFileOwner36@@U?$default_delete@UOperation@SessionFileOwner@MilesFileOwner36@@@std@@@std@@@2@V12@@std@@YAXPEAV?$unique_ptr@UOperation@SessionFileOwner@MilesFileOwner36@@U?$default_delete@UOperation@SessionFileOwner@MilesFileOwner36@@@std@@@0@_KAEAU?$_Wrap_alloc@V?$allocator@V?$unique_ptr@UOperation@SessionFileOwner@MilesFileOwner36@@U?$default_delete@UOperation@SessionFileOwner@MilesFileOwner36@@@std@@@std@@@std@@@0@0U_Nonscalar_ptr_iterator_tag@0@@Z
1052 00000000 SECT4BE notype       Static      | .xdata
    Section length   10, #relocs    2, #linenums    0, checksum 5840A276, selection    5 (pick associative Section 0x33)
1054 00000000 SECT4BE notype       Static      | $unwind$?catch$0@?0???$_Uninit_def_fill_n@PEAV?$unique_ptr@UOperation@SessionFileOwner@MilesFileOwner36@@U?$default_delete@UOperation@SessionFileOwner@MilesFileOwner36@@@std@@@std@@_KV?$allocator@V?$unique_ptr@UOperation@SessionFileOwner@MilesFileOwner36@@U?$default_delete@UOperation@SessionFileOwner@MilesFileOwner36@@@std@@@std@@@2@V12@@std@@YAXPEAV?$unique_ptr@UOperation@SessionFileOwner@MilesFileOwner36@@U?$default_delete@UOperation@SessionFileOwner@MilesFileOwner36@@@std@@@0@_KAEAU?$_Wrap_alloc@V?$allocator@V?$unique_ptr@UOperation@SessionFileOwner@MilesFileOwner36@@U?$default_delete@UOperation@SessionFileOwner@MilesFileOwner36@@@std@@@std@@@std@@@0@0U_Nonscalar_ptr_iterator_tag@0@@Z@4HA
1055 00000000 SECT4BF notype       Static      | .pdata
    Section length    C, #relocs    3, #linenums    0, checksum 7E32D7A2, selection    5 (pick associative Section 0x33)
1057 00000000 SECT4BF notype       Static      | $pdata$?catch$0@?0???$_Uninit_def_fill_n@PEAV?$unique_ptr@UOperation@SessionFileOwner@MilesFileOwner36@@U?$default_delete@UOperation@SessionFileOwner@MilesFileOwner36@@@std@@@std@@_KV?$allocator@V?$unique_ptr@UOperation@SessionFileOwner@MilesFileOwner36@@U?$default_delete@UOperation@SessionFileOwner@MilesFileOwner36@@@std@@@std@@@2@V12@@std@@YAXPEAV?$unique_ptr@UOperation@SessionFileOwner@MilesFileOwner36@@U?$default_delete@UOperation@SessionFileOwner@MilesFileOwner36@@@std@@@0@_KAEAU?$_Wrap_alloc@V?$allocator@V?$unique_ptr@UOperation@SessionFileOwner@MilesFileOwner36@@U?$default_delete@UOperation@SessionFileOwner@MilesFileOwner36@@@std@@@std@@@std@@@0@0U_Nonscalar_ptr_iterator_tag@0@@Z@4HA
1058 00000000 SECT4C0 notype       Static      | .xdata
    Section length    8, #relocs    0, #linenums    0, checksum 6072F4B7, selection    5 (pick associative Section 0x46)
105A 00000000 SECT4C0 notype       Static      | $unwind$??$construct@PEADAEAPEAD@?$allocator_traits@V?$allocator@D@std@@@std@@SAXAEAV?$allocator@D@1@PEAPEADAEAPEAD@Z
105B 00000000 SECT4C1 notype       Static      | .pdata
    Section length    C, #relocs    3, #linenums    0, checksum  1875D87, selection    5 (pick associative Section 0x46)
105D 00000000 SECT4C1 notype       Static      | $pdata$??$construct@PEADAEAPEAD@?$allocator_traits@V?$allocator@D@std@@@std@@SAXAEAV?$allocator@D@1@PEAPEADAEAPEAD@Z
105E 00000000 SECT4C2 notype       Static      | .xdata
    Section length    8, #relocs    0, #linenums    0, checksum C40886FB, selection    5 (pick associative Section 0x53)
1060 00000000 SECT4C2 notype       Static      | $unwind$??$destroy@PEAD@?$allocator_traits@V?$allocator@D@std@@@std@@SAXAEAV?$allocator@D@1@PEAPEAD@Z
1061 00000000 SECT4C3 notype       Static      | .pdata
    Section length    C, #relocs    3, #linenums    0, checksum BB53652B, selection    5 (pick associative Section 0x53)
1063 00000000 SECT4C3 notype       Static      | $pdata$??$destroy@PEAD@?$allocator_traits@V?$allocator@D@std@@@std@@SAXAEAV?$allocator@D@1@PEAPEAD@Z
1064 00000000 SECT4C4 notype       Static      | .xdata
    Section length    8, #relocs    0, #linenums    0, checksum C40886FB, selection    5 (pick associative Section 0x59)
1066 00000000 SECT4C4 notype       Static      | $unwind$??$destroy@U_Container_proxy@std@@@?$allocator_traits@V?$allocator@U_Container_proxy@std@@@std@@@std@@SAXAEAV?$allocator@U_Container_proxy@std@@@1@PEAU_Container_proxy@1@@Z
1067 00000000 SECT4C5 notype       Static      | .pdata
    Section length    C, #relocs    3, #linenums    0, checksum BB53652B, selection    5 (pick associative Section 0x59)
1069 00000000 SECT4C5 notype       Static      | $pdata$??$destroy@U_Container_proxy@std@@@?$allocator_traits@V?$allocator@U_Container_proxy@std@@@std@@@std@@SAXAEAV?$allocator@U_Container_proxy@std@@@1@PEAU_Container_proxy@1@@Z
106A 00000000 SECT4C6 notype       Static      | .xdata
    Section length    8, #relocs    0, #linenums    0, checksum 8CDF4DDB, selection    5 (pick associative Section 0x22)
106C 00000000 SECT4C6 notype       Static      | $unwind$??$_Ptr_cat@UEntry@ResourceRegistry@MilesTransport@@U123@@std@@YA?AU_Nonscalar_ptr_iterator_tag@0@PEAUEntry@ResourceRegistry@MilesTransport@@0@Z
106D 00000000 SECT4C7 notype       Static      | .pdata
    Section length    C, #relocs    3, #linenums    0, checksum 767E3832, selection    5 (pick associative Section 0x22)
106F 00000000 SECT4C7 notype       Static      | $pdata$??$_Ptr_cat@UEntry@ResourceRegistry@MilesTransport@@U123@@std@@YA?AU_Nonscalar_ptr_iterator_tag@0@PEAUEntry@ResourceRegistry@MilesTransport@@0@Z
1070 00000000 SECT4C8 notype       Static      | .xdata
    Section length    8, #relocs    0, #linenums    0, checksum B574274C, selection    5 (pick associative Section 0x17)
1072 00000000 SECT4C8 notype       Static      | $unwind$??$_Destroy_range@U?$_Wrap_alloc@V?$allocator@UEntry@ResourceRegistry@MilesTransport@@@std@@@std@@@std@@YAXPEAUEntry@ResourceRegistry@MilesTransport@@0AEAU?$_Wrap_alloc@V?$allocator@UEntry@ResourceRegistry@MilesTransport@@@std@@@0@U_Nonscalar_ptr_iterator_tag@0@@Z
1073 00000000 SECT4C9 notype       Static      | .pdata
    Section length    C, #relocs    3, #linenums    0, checksum B85DDE25, selection    5 (pick associative Section 0x17)
1075 00000000 SECT4C9 notype       Static      | $pdata$??$_Destroy_range@U?$_Wrap_alloc@V?$allocator@UEntry@ResourceRegistry@MilesTransport@@@std@@@std@@@std@@YAXPEAUEntry@ResourceRegistry@MilesTransport@@0AEAU?$_Wrap_alloc@V?$allocator@UEntry@ResourceRegistry@MilesTransport@@@std@@@0@U_Nonscalar_ptr_iterator_tag@0@@Z
1076 00000000 SECT4CA notype       Static      | .xdata
    Section length    8, #relocs    0, #linenums    0, checksum 8D3961AC, selection    5 (pick associative Section 0x3B)
1078 00000000 SECT4CA notype       Static      | $unwind$??$_Uninitialized_move@PEAUEntry@ResourceRegistry@MilesTransport@@PEAU123@U?$_Wrap_alloc@V?$allocator@UEntry@ResourceRegistry@MilesTransport@@@std@@@std@@@std@@YAPEAUEntry@ResourceRegistry@MilesTransport@@PEAU123@00AEAU?$_Wrap_alloc@V?$allocator@UEntry@ResourceRegistry@MilesTransport@@@std@@@0@@Z
1079 00000000 SECT4CB notype       Static      | .pdata
    Section length    C, #relocs    3, #linenums    0, checksum EE7596ED, selection    5 (pick associative Section 0x3B)
107B 00000000 SECT4CB notype       Static      | $pdata$??$_Uninitialized_move@PEAUEntry@ResourceRegistry@MilesTransport@@PEAU123@U?$_Wrap_alloc@V?$allocator@UEntry@ResourceRegistry@MilesTransport@@@std@@@std@@@std@@YAPEAUEntry@ResourceRegistry@MilesTransport@@PEAU123@00AEAU?$_Wrap_alloc@V?$allocator@UEntry@ResourceRegistry@MilesTransport@@@std@@@0@@Z
107C 00000000 SECT4CC notype       Static      | .xdata
    Section length    8, #relocs    0, #linenums    0, checksum 6072F4B7, selection    5 (pick associative Section 0x4E)
107E 00000000 SECT4CC notype       Static      | $unwind$??$construct@U_Container_proxy@std@@U12@@?$allocator_traits@V?$allocator@U_Container_proxy@std@@@std@@@std@@SAXAEAV?$allocator@U_Container_proxy@std@@@1@PEAU_Container_proxy@1@$$QEAU31@@Z
107F 00000000 SECT4CD notype       Static      | .pdata
    Section length    C, #relocs    3, #linenums    0, checksum  1875D87, selection    5 (pick associative Section 0x4E)
1081 00000000 SECT4CD notype       Static      | $pdata$??$construct@U_Container_proxy@std@@U12@@?$allocator_traits@V?$allocator@U_Container_proxy@std@@@std@@@std@@SAXAEAV?$allocator@U_Container_proxy@std@@@1@PEAU_Container_proxy@1@$$QEAU31@@Z
1082 00000000 SECT4CE notype       Static      | .xdata
    Section length    8, #relocs    0, #linenums    0, checksum B574274C, selection    5 (pick associative Section 0x19)
1084 00000000 SECT4CE notype       Static      | $unwind$??$_Destroy_range@U?$_Wrap_alloc@V?$allocator@V?$shared_ptr@UFileRecord@SessionFileOwner@MilesFileOwner36@@@std@@@std@@@std@@@std@@YAXPEAV?$shared_ptr@UFileRecord@SessionFileOwner@MilesFileOwner36@@@0@0AEAU?$_Wrap_alloc@V?$allocator@V?$shared_ptr@UFileRecord@SessionFileOwner@MilesFileOwner36@@@std@@@std@@@0@U_Nonscalar_ptr_iterator_tag@0@@Z
1085 00000000 SECT4CF notype       Static      | .pdata
    Section length    C, #relocs    3, #linenums    0, checksum B85DDE25, selection    5 (pick associative Section 0x19)
1087 00000000 SECT4CF notype       Static      | $pdata$??$_Destroy_range@U?$_Wrap_alloc@V?$allocator@V?$shared_ptr@UFileRecord@SessionFileOwner@MilesFileOwner36@@@std@@@std@@@std@@@std@@YAXPEAV?$shared_ptr@UFileRecord@SessionFileOwner@MilesFileOwner36@@@0@0AEAU?$_Wrap_alloc@V?$allocator@V?$shared_ptr@UFileRecord@SessionFileOwner@MilesFileOwner36@@@std@@@std@@@0@U_Nonscalar_ptr_iterator_tag@0@@Z
1088 00000000 SECT4D0 notype       Static      | .xdata
    Section length    8, #relocs    0, #linenums    0, checksum B574274C, selection    5 (pick associative Section 0x1B)
108A 00000000 SECT4D0 notype       Static      | $unwind$??$_Destroy_range@U?$_Wrap_alloc@V?$allocator@V?$unique_ptr@UOperation@SessionFileOwner@MilesFileOwner36@@U?$default_delete@UOperation@SessionFileOwner@MilesFileOwner36@@@std@@@std@@@std@@@std@@@std@@YAXPEAV?$unique_ptr@UOperation@SessionFileOwner@MilesFileOwner36@@U?$default_delete@UOperation@SessionFileOwner@MilesFileOwner36@@@std@@@0@0AEAU?$_Wrap_alloc@V?$allocator@V?$unique_ptr@UOperation@SessionFileOwner@MilesFileOwner36@@U?$default_delete@UOperation@SessionFileOwner@MilesFileOwner36@@@std@@@std@@@std@@@0@U_Nonscalar_ptr_iterator_tag@0@@Z
108B 00000000 SECT4D1 notype       Static      | .pdata
    Section length    C, #relocs    3, #linenums    0, checksum B85DDE25, selection    5 (pick associative Section 0x1B)
108D 00000000 SECT4D1 notype       Static      | $pdata$??$_Destroy_range@U?$_Wrap_alloc@V?$allocator@V?$unique_ptr@UOperation@SessionFileOwner@MilesFileOwner36@@U?$default_delete@UOperation@SessionFileOwner@MilesFileOwner36@@@std@@@std@@@std@@@std@@@std@@YAXPEAV?$unique_ptr@UOperation@SessionFileOwner@MilesFileOwner36@@U?$default_delete@UOperation@SessionFileOwner@MilesFileOwner36@@@std@@@0@0AEAU?$_Wrap_alloc@V?$allocator@V?$unique_ptr@UOperation@SessionFileOwner@MilesFileOwner36@@U?$default_delete@UOperation@SessionFileOwner@MilesFileOwner36@@@std@@@std@@@std@@@0@U_Nonscalar_ptr_iterator_tag@0@@Z
108E 00000000 SECT4D2 notype       Static      | .xdata
    Section length    8, #relocs    0, #linenums    0, checksum  FC539D1, selection    5 (pick associative Section 0x10C)
1090 00000000 SECT4D2 notype       Static      | $unwind$??__E?id@?$num_put@DV?$back_insert_iterator@V?$basic_string@DU?$char_traits@D@std@@V?$allocator@D@2@@std@@@std@@@std@@2V0locale@2@A@@YAXXZ
1091 00000000 SECT4D3 notype       Static      | .pdata
    Section length    C, #relocs    3, #linenums    0, checksum 767E3832, selection    5 (pick associative Section 0x10C)
1093 00000000 SECT4D3 notype       Static      | $pdata$??__E?id@?$num_put@DV?$back_insert_iterator@V?$basic_string@DU?$char_traits@D@std@@V?$allocator@D@2@@std@@@std@@@std@@2V0locale@2@A@@YAXXZ
1094 00000000 SECT4D4 notype       Static      | .xdata
    Section length    8, #relocs    0, #linenums    0, checksum  FC539D1, selection    5 (pick associative Section 0x10D)
1096 00000000 SECT4D4 notype       Static      | $unwind$??__E?id@?$num_put@_WV?$back_insert_iterator@V?$basic_string@_WU?$char_traits@_W@std@@V?$allocator@_W@2@@std@@@std@@@std@@2V0locale@2@A@@YAXXZ
1097 00000000 SECT4D5 notype       Static      | .pdata
    Section length    C, #relocs    3, #linenums    0, checksum 767E3832, selection    5 (pick associative Section 0x10D)
1099 00000000 SECT4D5 notype       Static      | $pdata$??__E?id@?$num_put@_WV?$back_insert_iterator@V?$basic_string@_WU?$char_traits@_W@std@@V?$allocator@_W@2@@std@@@std@@@std@@2V0locale@2@A@@YAXXZ
109A 00000000 SECT4D6 notype       Static      | .xdata
    Section length    8, #relocs    0, #linenums    0, checksum C40886FB, selection    5 (pick associative Section 0x76)
109C 00000000 SECT4D6 notype       Static      | $unwind$??0?$_Ref_count@UFileRecord@SessionFileOwner@MilesFileOwner36@@@std@@QEAA@PEAUFileRecord@SessionFileOwner@MilesFileOwner36@@@Z
109D 00000000 SECT4D7 notype       Static      | .pdata
    Section length    C, #relocs    3, #linenums    0, checksum 5CED41D1, selection    5 (pick associative Section 0x76)
109F 00000000 SECT4D7 notype       Static      | $pdata$??0?$_Ref_count@UFileRecord@SessionFileOwner@MilesFileOwner36@@@std@@QEAA@PEAUFileRecord@SessionFileOwner@MilesFileOwner36@@@Z
10A0 00000000 SECT4D8 notype       Static      | .xdata
    Section length    8, #relocs    0, #linenums    0, checksum  DD7168C, selection    5 (pick associative Section 0x12B)
10A2 00000000 SECT4D8 notype       Static      | $unwind$?_Destroy@?$_Ref_count@UFileRecord@SessionFileOwner@MilesFileOwner36@@@std@@EEAAXXZ
10A3 00000000 SECT4D9 notype       Static      | .pdata
    Section length    C, #relocs    3, #linenums    0, checksum B298D73C, selection    5 (pick associative Section 0x12B)
10A5 00000000 SECT4D9 notype       Static      | $pdata$?_Destroy@?$_Ref_count@UFileRecord@SessionFileOwner@MilesFileOwner36@@@std@@EEAAXXZ
10A6 00000000 SECT4DA notype       Static      | .xdata
    Section length    8, #relocs    0, #linenums    0, checksum  DD7168C, selection    5 (pick associative Section 0x12A)
10A8 00000000 SECT4DA notype       Static      | $unwind$?_Delete_this@?$_Ref_count@UFileRecord@SessionFileOwner@MilesFileOwner36@@@std@@EEAAXXZ
10A9 00000000 SECT4DB notype       Static      | .pdata
    Section length    C, #relocs    3, #linenums    0, checksum F0BDD041, selection    5 (pick associative Section 0x12A)
10AB 00000000 SECT4DB notype       Static      | $pdata$?_Delete_this@?$_Ref_count@UFileRecord@SessionFileOwner@MilesFileOwner36@@@std@@EEAAXXZ
10AC 00000000 SECT4DC notype       Static      | .xdata
    Section length    8, #relocs    0, #linenums    0, checksum 9C7880CC, selection    5 (pick associative Section 0xC1)
10AE 00000000 SECT4DC notype       Static      | $unwind$??1?$_Ref_count@UFileRecord@SessionFileOwner@MilesFileOwner36@@@std@@UEAA@XZ
10AF 00000000 SECT4DD notype       Static      | .pdata
    Section length    C, #relocs    3, #linenums    0, checksum AF5E2A9E, selection    5 (pick associative Section 0xC1)
10B1 00000000 SECT4DD notype       Static      | $pdata$??1?$_Ref_count@UFileRecord@SessionFileOwner@MilesFileOwner36@@@std@@UEAA@XZ
10B2 00000000 SECT4DE notype       Static      | .xdata
    Section length    8, #relocs    0, #linenums    0, checksum E7553388, selection    5 (pick associative Section 0xFD)
10B4 00000000 SECT4DE notype       Static      | $unwind$??_G?$_Ref_count@UFileRecord@SessionFileOwner@MilesFileOwner36@@@std@@UEAAPEAXI@Z
10B5 00000000 SECT4DF notype       Static      | .pdata
    Section length    C, #relocs    3, #linenums    0, checksum 43A25AFA, selection    5 (pick associative Section 0xFD)
10B7 00000000 SECT4DF notype       Static      | $pdata$??_G?$_Ref_count@UFileRecord@SessionFileOwner@MilesFileOwner36@@@std@@UEAAPEAXI@Z
10B8 00000000 SECT4E0 notype       Static      | .xdata
    Section length    8, #relocs    0, #linenums    0, checksum 6072F4B7, selection    5 (pick associative Section 0x2B)
10BA 00000000 SECT4E0 notype       Static      | $unwind$??$_Resetp0@UFileRecord@SessionFileOwner@MilesFileOwner36@@@?$shared_ptr@UFileRecord@SessionFileOwner@MilesFileOwner36@@@std@@QEAAXPEAUFileRecord@SessionFileOwner@MilesFileOwner36@@PEAV_Ref_count_base@1@@Z
10BB 00000000 SECT4E1 notype       Static      | .pdata
    Section length    C, #relocs    3, #linenums    0, checksum D8A74F2B, selection    5 (pick associative Section 0x2B)
10BD 00000000 SECT4E1 notype       Static      | $pdata$??$_Resetp0@UFileRecord@SessionFileOwner@MilesFileOwner36@@@?$shared_ptr@UFileRecord@SessionFileOwner@MilesFileOwner36@@@std@@QEAAXPEAUFileRecord@SessionFileOwner@MilesFileOwner36@@PEAV_Ref_count_base@1@@Z
10BE 00000000 SECT4E2 notype       Static      | .xdata
    Section length   14, #relocs    2, #linenums    0, checksum 8FE21865, selection    5 (pick associative Section 0x48)
10C0 00000000 SECT4E2 notype       Static      | $unwind$??$construct@UEntry@ResourceRegistry@MilesTransport@@U123@@?$allocator@UEntry@ResourceRegistry@MilesTransport@@@std@@QEAAXPEAUEntry@ResourceRegistry@MilesTransport@@$$QEAU234@@Z
10C1 00000000 SECT4E3 notype       Static      | .pdata
    Section length    C, #relocs    3, #linenums    0, checksum B31F8ABB, selection    5 (pick associative Section 0x48)
10C3 00000000 SECT4E3 notype       Static      | $pdata$??$construct@UEntry@ResourceRegistry@MilesTransport@@U123@@?$allocator@UEntry@ResourceRegistry@MilesTransport@@@std@@QEAAXPEAUEntry@ResourceRegistry@MilesTransport@@$$QEAU234@@Z
10C4 00000000 SECT4E4 notype       Static      | .rdata
    Section length   28, #relocs    2, #linenums    0, checksum E5275579, selection    5 (pick associative Section 0x48)
10C6 00000000 SECT4E4 notype       Static      | $cppxdata$??$construct@UEntry@ResourceRegistry@MilesTransport@@U123@@?$allocator@UEntry@ResourceRegistry@MilesTransport@@@std@@QEAAXPEAUEntry@ResourceRegistry@MilesTransport@@$$QEAU234@@Z
10C7 00000000 SECT4E5 notype       Static      | .xdata
    Section length    8, #relocs    1, #linenums    0, checksum 9ADD2096, selection    5 (pick associative Section 0x48)
10C9 00000000 SECT4E5 notype       Static      | $stateUnwindMap$??$construct@UEntry@ResourceRegistry@MilesTransport@@U123@@?$allocator@UEntry@ResourceRegistry@MilesTransport@@@std@@QEAAXPEAUEntry@ResourceRegistry@MilesTransport@@$$QEAU234@@Z
10CA 00000000 SECT4E6 notype       Static      | .xdata
    Section length   18, #relocs    3, #linenums    0, checksum B65CB2FC, selection    5 (pick associative Section 0x48)
10CC 00000000 SECT4E6 notype       Static      | $ip2state$??$construct@UEntry@ResourceRegistry@MilesTransport@@U123@@?$allocator@UEntry@ResourceRegistry@MilesTransport@@@std@@QEAAXPEAUEntry@ResourceRegistry@MilesTransport@@$$QEAU234@@Z
10CD 00000000 SECT4E7 notype       Static      | .xdata
    Section length    8, #relocs    0, #linenums    0, checksum B96BC9FB, selection    5 (pick associative Section 0x48)
10CF 00000000 SECT4E7 notype       Static      | $unwind$?dtor$0@?0???$construct@UEntry@ResourceRegistry@MilesTransport@@U123@@?$allocator@UEntry@ResourceRegistry@MilesTransport@@@std@@QEAAXPEAUEntry@ResourceRegistry@MilesTransport@@$$QEAU234@@Z@4HA
10D0 00000000 SECT4E8 notype       Static      | .pdata
    Section length    C, #relocs    3, #linenums    0, checksum 2B142464, selection    5 (pick associative Section 0x48)
10D2 00000000 SECT4E8 notype       Static      | $pdata$?dtor$0@?0???$construct@UEntry@ResourceRegistry@MilesTransport@@U123@@?$allocator@UEntry@ResourceRegistry@MilesTransport@@@std@@QEAAXPEAUEntry@ResourceRegistry@MilesTransport@@$$QEAU234@@Z@4HA
10D3 00000000 SECT4E9 notype       Static      | .xdata
    Section length    8, #relocs    0, #linenums    0, checksum  FC539D1, selection    5 (pick associative Section 0x10E)
10D5 00000000 SECT4E9 notype       Static      | $unwind$??__E?id@?$numpunct@D@std@@2V0locale@2@A@@YAXXZ
10D6 00000000 SECT4EA notype       Static      | .pdata
    Section length    C, #relocs    3, #linenums    0, checksum 767E3832, selection    5 (pick associative Section 0x10E)
10D8 00000000 SECT4EA notype       Static      | $pdata$??__E?id@?$numpunct@D@std@@2V0locale@2@A@@YAXXZ
10D9 00000000 SECT4EB notype       Static      | .xdata
    Section length    8, #relocs    0, #linenums    0, checksum  FC539D1, selection    5 (pick associative Section 0x10F)
10DB 00000000 SECT4EB notype       Static      | $unwind$??__E?id@?$numpunct@_W@std@@2V0locale@2@A@@YAXXZ
10DC 00000000 SECT4EC notype       Static      | .pdata
    Section length    C, #relocs    3, #linenums    0, checksum 767E3832, selection    5 (pick associative Section 0x10F)
10DE 00000000 SECT4EC notype       Static      | $pdata$??__E?id@?$numpunct@_W@std@@2V0locale@2@A@@YAXXZ
10DF 00000000 SECT4ED notype       Static      | .xdata
    Section length    8, #relocs    0, #linenums    0, checksum C40886FB, selection    5 (pick associative Section 0x5A)
10E1 00000000 SECT4ED notype       Static      | $unwind$??$destroy@V?$shared_ptr@UFileRecord@SessionFileOwner@MilesFileOwner36@@@std@@@?$_Wrap_alloc@V?$allocator@V?$shared_ptr@UFileRecord@SessionFileOwner@MilesFileOwner36@@@std@@@std@@@std@@QEAAXPEAV?$shared_ptr@UFileRecord@SessionFileOwner@MilesFileOwner36@@@1@@Z
10E2 00000000 SECT4EE notype       Static      | .pdata
    Section length    C, #relocs    3, #linenums    0, checksum BB53652B, selection    5 (pick associative Section 0x5A)
10E4 00000000 SECT4EE notype       Static      | $pdata$??$destroy@V?$shared_ptr@UFileRecord@SessionFileOwner@MilesFileOwner36@@@std@@@?$_Wrap_alloc@V?$allocator@V?$shared_ptr@UFileRecord@SessionFileOwner@MilesFileOwner36@@@std@@@std@@@std@@QEAAXPEAV?$shared_ptr@UFileRecord@SessionFileOwner@MilesFileOwner36@@@1@@Z
10E5 00000000 SECT4EF notype       Static      | .xdata
    Section length    8, #relocs    0, #linenums    0, checksum C40886FB, selection    5 (pick associative Section 0x5D)
10E7 00000000 SECT4EF notype       Static      | $unwind$??$destroy@V?$unique_ptr@UOperation@SessionFileOwner@MilesFileOwner36@@U?$default_delete@UOperation@SessionFileOwner@MilesFileOwner36@@@std@@@std@@@?$_Wrap_alloc@V?$allocator@V?$unique_ptr@UOperation@SessionFileOwner@MilesFileOwner36@@U?$default_delete@UOperation@SessionFileOwner@MilesFileOwner36@@@std@@@std@@@std@@@std@@QEAAXPEAV?$unique_ptr@UOperation@SessionFileOwner@MilesFileOwner36@@U?$default_delete@UOperation@SessionFileOwner@MilesFileOwner36@@@std@@@1@@Z
10E8 00000000 SECT4F0 notype       Static      | .pdata
    Section length    C, #relocs    3, #linenums    0, checksum BB53652B, selection    5 (pick associative Section 0x5D)
10EA 00000000 SECT4F0 notype       Static      | $pdata$??$destroy@V?$unique_ptr@UOperation@SessionFileOwner@MilesFileOwner36@@U?$default_delete@UOperation@SessionFileOwner@MilesFileOwner36@@@std@@@std@@@?$_Wrap_alloc@V?$allocator@V?$unique_ptr@UOperation@SessionFileOwner@MilesFileOwner36@@U?$default_delete@UOperation@SessionFileOwner@MilesFileOwner36@@@std@@@std@@@std@@@std@@QEAAXPEAV?$unique_ptr@UOperation@SessionFileOwner@MilesFileOwner36@@U?$default_delete@UOperation@SessionFileOwner@MilesFileOwner36@@@std@@@1@@Z
10EB 00000000 SECT4F1 notype       Static      | .xdata
    Section length   10, #relocs    2, #linenums    0, checksum 80DCCB80, selection    5 (pick associative Section 0x44)
10ED 00000000 SECT4F1 notype       Static      | $unwind$??$construct@PEADAEAPEAD@?$allocator@D@std@@QEAAXPEAPEADAEAPEAD@Z
10EE 00000000 SECT4F2 notype       Static      | .pdata
    Section length    C, #relocs    3, #linenums    0, checksum 60FA910E, selection    5 (pick associative Section 0x44)
10F0 00000000 SECT4F2 notype       Static      | $pdata$??$construct@PEADAEAPEAD@?$allocator@D@std@@QEAAXPEAPEADAEAPEAD@Z
10F1 00000000 SECT4F3 notype       Static      | .rdata
    Section length   28, #relocs    2, #linenums    0, checksum E5275579, selection    5 (pick associative Section 0x44)
10F3 00000000 SECT4F3 notype       Static      | $cppxdata$??$construct@PEADAEAPEAD@?$allocator@D@std@@QEAAXPEAPEADAEAPEAD@Z
10F4 00000000 SECT4F4 notype       Static      | .xdata
    Section length    8, #relocs    1, #linenums    0, checksum 9ADD2096, selection    5 (pick associative Section 0x44)
10F6 00000000 SECT4F4 notype       Static      | $stateUnwindMap$??$construct@PEADAEAPEAD@?$allocator@D@std@@QEAAXPEAPEADAEAPEAD@Z
10F7 00000000 SECT4F5 notype       Static      | .xdata
    Section length   18, #relocs    3, #linenums    0, checksum 58CDB486, selection    5 (pick associative Section 0x44)
10F9 00000000 SECT4F5 notype       Static      | $ip2state$??$construct@PEADAEAPEAD@?$allocator@D@std@@QEAAXPEAPEADAEAPEAD@Z
10FA 00000000 SECT4F6 notype       Static      | .xdata
    Section length    8, #relocs    0, #linenums    0, checksum B96BC9FB, selection    5 (pick associative Section 0x44)
10FC 00000000 SECT4F6 notype       Static      | $unwind$?dtor$0@?0???$construct@PEADAEAPEAD@?$allocator@D@std@@QEAAXPEAPEADAEAPEAD@Z@4HA
10FD 00000000 SECT4F7 notype       Static      | .pdata
    Section length    C, #relocs    3, #linenums    0, checksum 2B142464, selection    5 (pick associative Section 0x44)
10FF 00000000 SECT4F7 notype       Static      | $pdata$?dtor$0@?0???$construct@PEADAEAPEAD@?$allocator@D@std@@QEAAXPEAPEADAEAPEAD@Z@4HA
1100 00000000 SECT4F8 notype       Static      | .xdata
    Section length    8, #relocs    0, #linenums    0, checksum C40886FB, selection    5 (pick associative Section 0x54)
1102 00000000 SECT4F8 notype       Static      | $unwind$??$destroy@UEntry@ResourceRegistry@MilesTransport@@@?$_Wrap_alloc@V?$allocator@UEntry@ResourceRegistry@MilesTransport@@@std@@@std@@QEAAXPEAUEntry@ResourceRegistry@MilesTransport@@@Z
1103 00000000 SECT4F9 notype       Static      | .pdata
    Section length    C, #relocs    3, #linenums    0, checksum BB53652B, selection    5 (pick associative Section 0x54)
1105 00000000 SECT4F9 notype       Static      | $pdata$??$destroy@UEntry@ResourceRegistry@MilesTransport@@@?$_Wrap_alloc@V?$allocator@UEntry@ResourceRegistry@MilesTransport@@@std@@@std@@QEAAXPEAUEntry@ResourceRegistry@MilesTransport@@@Z
1106 00000000 SECT4FA notype       Static      | .xdata
    Section length    8, #relocs    0, #linenums    0, checksum 24DBB10C, selection    5 (pick associative Section 0x35)
1108 00000000 SECT4FA notype       Static      | $unwind$??$_Uninit_move@PEAUEntry@ResourceRegistry@MilesTransport@@PEAU123@U?$_Wrap_alloc@V?$allocator@UEntry@ResourceRegistry@MilesTransport@@@std@@@std@@@std@@YAPEAUEntry@ResourceRegistry@MilesTransport@@PEAU123@00AEAU?$_Wrap_alloc@V?$allocator@UEntry@ResourceRegistry@MilesTransport@@@std@@@0@@Z
1109 00000000 SECT4FB notype       Static      | .pdata
    Section length    C, #relocs    3, #linenums    0, checksum 1C41A025, selection    5 (pick associative Section 0x35)
110B 00000000 SECT4FB notype       Static      | $pdata$??$_Uninit_move@PEAUEntry@ResourceRegistry@MilesTransport@@PEAU123@U?$_Wrap_alloc@V?$allocator@UEntry@ResourceRegistry@MilesTransport@@@std@@@std@@@std@@YAPEAUEntry@ResourceRegistry@MilesTransport@@PEAU123@00AEAU?$_Wrap_alloc@V?$allocator@UEntry@ResourceRegistry@MilesTransport@@@std@@@0@@Z
110C 00000000 SECT4FC notype       Static      | .xdata
    Section length    8, #relocs    0, #linenums    0, checksum C40886FB, selection    5 (pick associative Section 0x4F)
110E 00000000 SECT4FC notype       Static      | $unwind$??$construct@V?$shared_ptr@UFileRecord@SessionFileOwner@MilesFileOwner36@@@std@@$$$V@?$allocator_traits@V?$allocator@V?$shared_ptr@UFileRecord@SessionFileOwner@MilesFileOwner36@@@std@@@std@@@std@@SAXAEAV?$allocator@V?$shared_ptr@UFileRecord@SessionFileOwner@MilesFileOwner36@@@std@@@1@PEAV?$shared_ptr@UFileRecord@SessionFileOwner@MilesFileOwner36@@@1@@Z
110F 00000000 SECT4FD notype       Static      | .pdata
    Section length    C, #relocs    3, #linenums    0, checksum BB53652B, selection    5 (pick associative Section 0x4F)
1111 00000000 SECT4FD notype       Static      | $pdata$??$construct@V?$shared_ptr@UFileRecord@SessionFileOwner@MilesFileOwner36@@@std@@$$$V@?$allocator_traits@V?$allocator@V?$shared_ptr@UFileRecord@SessionFileOwner@MilesFileOwner36@@@std@@@std@@@std@@SAXAEAV?$allocator@V?$shared_ptr@UFileRecord@SessionFileOwner@MilesFileOwner36@@@std@@@1@PEAV?$shared_ptr@UFileRecord@SessionFileOwner@MilesFileOwner36@@@1@@Z
1112 00000000 SECT4FE notype       Static      | .xdata
    Section length    8, #relocs    0, #linenums    0, checksum C40886FB, selection    5 (pick associative Section 0x50)
1114 00000000 SECT4FE notype       Static      | $unwind$??$construct@V?$unique_ptr@UOperation@SessionFileOwner@MilesFileOwner36@@U?$default_delete@UOperation@SessionFileOwner@MilesFileOwner36@@@std@@@std@@$$$V@?$allocator_traits@V?$allocator@V?$unique_ptr@UOperation@SessionFileOwner@MilesFileOwner36@@U?$default_delete@UOperation@SessionFileOwner@MilesFileOwner36@@@std@@@std@@@std@@@std@@SAXAEAV?$allocator@V?$unique_ptr@UOperation@SessionFileOwner@MilesFileOwner36@@U?$default_delete@UOperation@SessionFileOwner@MilesFileOwner36@@@std@@@std@@@1@PEAV?$unique_ptr@UOperation@SessionFileOwner@MilesFileOwner36@@U?$default_delete@UOperation@SessionFileOwner@MilesFileOwner36@@@std@@@1@@Z
1115 00000000 SECT4FF notype       Static      | .pdata
    Section length    C, #relocs    3, #linenums    0, checksum BB53652B, selection    5 (pick associative Section 0x50)
1117 00000000 SECT4FF notype       Static      | $pdata$??$construct@V?$unique_ptr@UOperation@SessionFileOwner@MilesFileOwner36@@U?$default_delete@UOperation@SessionFileOwner@MilesFileOwner36@@@std@@@std@@$$$V@?$allocator_traits@V?$allocator@V?$unique_ptr@UOperation@SessionFileOwner@MilesFileOwner36@@U?$default_delete@UOperation@SessionFileOwner@MilesFileOwner36@@@std@@@std@@@std@@@std@@SAXAEAV?$allocator@V?$unique_ptr@UOperation@SessionFileOwner@MilesFileOwner36@@U?$default_delete@UOperation@SessionFileOwner@MilesFileOwner36@@@std@@@std@@@1@PEAV?$unique_ptr@UOperation@SessionFileOwner@MilesFileOwner36@@U?$default_delete@UOperation@SessionFileOwner@MilesFileOwner36@@@std@@@1@@Z
1118 00000000 SECT500 notype       Static      | .xdata
    Section length    8, #relocs    0, #linenums    0, checksum C40886FB, selection    5 (pick associative Section 0x5C)
111A 00000000 SECT500 notype       Static      | $unwind$??$destroy@V?$shared_ptr@UFileRecord@SessionFileOwner@MilesFileOwner36@@@std@@@?$allocator_traits@V?$allocator@V?$shared_ptr@UFileRecord@SessionFileOwner@MilesFileOwner36@@@std@@@std@@@std@@SAXAEAV?$allocator@V?$shared_ptr@UFileRecord@SessionFileOwner@MilesFileOwner36@@@std@@@1@PEAV?$shared_ptr@UFileRecord@SessionFileOwner@MilesFileOwner36@@@1@@Z
111B 00000000 SECT501 notype       Static      | .pdata
    Section length    C, #relocs    3, #linenums    0, checksum BB53652B, selection    5 (pick associative Section 0x5C)
111D 00000000 SECT501 notype       Static      | $pdata$??$destroy@V?$shared_ptr@UFileRecord@SessionFileOwner@MilesFileOwner36@@@std@@@?$allocator_traits@V?$allocator@V?$shared_ptr@UFileRecord@SessionFileOwner@MilesFileOwner36@@@std@@@std@@@std@@SAXAEAV?$allocator@V?$shared_ptr@UFileRecord@SessionFileOwner@MilesFileOwner36@@@std@@@1@PEAV?$shared_ptr@UFileRecord@SessionFileOwner@MilesFileOwner36@@@1@@Z
111E 00000000 SECT502 notype       Static      | .xdata
    Section length    8, #relocs    0, #linenums    0, checksum C40886FB, selection    5 (pick associative Section 0x5F)
1120 00000000 SECT502 notype       Static      | $unwind$??$destroy@V?$unique_ptr@UOperation@SessionFileOwner@MilesFileOwner36@@U?$default_delete@UOperation@SessionFileOwner@MilesFileOwner36@@@std@@@std@@@?$allocator_traits@V?$allocator@V?$unique_ptr@UOperation@SessionFileOwner@MilesFileOwner36@@U?$default_delete@UOperation@SessionFileOwner@MilesFileOwner36@@@std@@@std@@@std@@@std@@SAXAEAV?$allocator@V?$unique_ptr@UOperation@SessionFileOwner@MilesFileOwner36@@U?$default_delete@UOperation@SessionFileOwner@MilesFileOwner36@@@std@@@std@@@1@PEAV?$unique_ptr@UOperation@SessionFileOwner@MilesFileOwner36@@U?$default_delete@UOperation@SessionFileOwner@MilesFileOwner36@@@std@@@1@@Z
1121 00000000 SECT503 notype       Static      | .pdata
    Section length    C, #relocs    3, #linenums    0, checksum BB53652B, selection    5 (pick associative Section 0x5F)
1123 00000000 SECT503 notype       Static      | $pdata$??$destroy@V?$unique_ptr@UOperation@SessionFileOwner@MilesFileOwner36@@U?$default_delete@UOperation@SessionFileOwner@MilesFileOwner36@@@std@@@std@@@?$allocator_traits@V?$allocator@V?$unique_ptr@UOperation@SessionFileOwner@MilesFileOwner36@@U?$default_delete@UOperation@SessionFileOwner@MilesFileOwner36@@@std@@@std@@@std@@@std@@SAXAEAV?$allocator@V?$unique_ptr@UOperation@SessionFileOwner@MilesFileOwner36@@U?$default_delete@UOperation@SessionFileOwner@MilesFileOwner36@@@std@@@std@@@1@PEAV?$unique_ptr@UOperation@SessionFileOwner@MilesFileOwner36@@U?$default_delete@UOperation@SessionFileOwner@MilesFileOwner36@@@std@@@1@@Z
1124 00000000 SECT504 notype       Static      | .xdata
    Section length    8, #relocs    0, #linenums    0, checksum C40886FB, selection    5 (pick associative Section 0x56)
1126 00000000 SECT504 notype       Static      | $unwind$??$destroy@UEntry@ResourceRegistry@MilesTransport@@@?$allocator_traits@V?$allocator@UEntry@ResourceRegistry@MilesTransport@@@std@@@std@@SAXAEAV?$allocator@UEntry@ResourceRegistry@MilesTransport@@@1@PEAUEntry@ResourceRegistry@MilesTransport@@@Z
1127 00000000 SECT505 notype       Static      | .pdata
    Section length    C, #relocs    3, #linenums    0, checksum BB53652B, selection    5 (pick associative Section 0x56)
1129 00000000 SECT505 notype       Static      | $pdata$??$destroy@UEntry@ResourceRegistry@MilesTransport@@@?$allocator_traits@V?$allocator@UEntry@ResourceRegistry@MilesTransport@@@std@@@std@@SAXAEAV?$allocator@UEntry@ResourceRegistry@MilesTransport@@@1@PEAUEntry@ResourceRegistry@MilesTransport@@@Z
112A 00000000 SECT506 notype       Static      | .xdata
    Section length   10, #relocs    2, #linenums    0, checksum 95C180BB, selection    5 (pick associative Section 0x36)
112C 00000000 SECT506 notype       Static      | $unwind$??$_Uninit_move@PEAUEntry@ResourceRegistry@MilesTransport@@PEAU123@V?$allocator@UEntry@ResourceRegistry@MilesTransport@@@std@@U123@@std@@YAPEAUEntry@ResourceRegistry@MilesTransport@@PEAU123@00AEAU?$_Wrap_alloc@V?$allocator@UEntry@ResourceRegistry@MilesTransport@@@std@@@0@0U_Nonscalar_ptr_iterator_tag@0@@Z
112D 00000000 SECT507 notype       Static      | .pdata
    Section length    C, #relocs    3, #linenums    0, checksum 3B8DFB44, selection    5 (pick associative Section 0x36)
112F 00000000 SECT507 notype       Static      | $pdata$??$_Uninit_move@PEAUEntry@ResourceRegistry@MilesTransport@@PEAU123@V?$allocator@UEntry@ResourceRegistry@MilesTransport@@@std@@U123@@std@@YAPEAUEntry@ResourceRegistry@MilesTransport@@PEAU123@00AEAU?$_Wrap_alloc@V?$allocator@UEntry@ResourceRegistry@MilesTransport@@@std@@@0@0U_Nonscalar_ptr_iterator_tag@0@@Z
1130 00000000 SECT508 notype       Static      | .rdata
    Section length   28, #relocs    3, #linenums    0, checksum A1EC9887, selection    5 (pick associative Section 0x36)
1132 00000000 SECT508 notype       Static      | $cppxdata$??$_Uninit_move@PEAUEntry@ResourceRegistry@MilesTransport@@PEAU123@V?$allocator@UEntry@ResourceRegistry@MilesTransport@@@std@@U123@@std@@YAPEAUEntry@ResourceRegistry@MilesTransport@@PEAU123@00AEAU?$_Wrap_alloc@V?$allocator@UEntry@ResourceRegistry@MilesTransport@@@std@@@0@0U_Nonscalar_ptr_iterator_tag@0@@Z
1133 00000000 SECT509 notype       Static      | .xdata
    Section length   10, #relocs    0, #linenums    0, checksum 8999943C, selection    5 (pick associative Section 0x36)
1135 00000000 SECT509 notype       Static      | $stateUnwindMap$??$_Uninit_move@PEAUEntry@ResourceRegistry@MilesTransport@@PEAU123@V?$allocator@UEntry@ResourceRegistry@MilesTransport@@@std@@U123@@std@@YAPEAUEntry@ResourceRegistry@MilesTransport@@PEAU123@00AEAU?$_Wrap_alloc@V?$allocator@UEntry@ResourceRegistry@MilesTransport@@@std@@@0@0U_Nonscalar_ptr_iterator_tag@0@@Z
1136 00000000 SECT50A notype       Static      | .xdata
    Section length   14, #relocs    1, #linenums    0, checksum 570F4CF1, selection    5 (pick associative Section 0x36)
1138 00000000 SECT50A notype       Static      | $tryMap$??$_Uninit_move@PEAUEntry@ResourceRegistry@MilesTransport@@PEAU123@V?$allocator@UEntry@ResourceRegistry@MilesTransport@@@std@@U123@@std@@YAPEAUEntry@ResourceRegistry@MilesTransport@@PEAU123@00AEAU?$_Wrap_alloc@V?$allocator@UEntry@ResourceRegistry@MilesTransport@@@std@@@0@0U_Nonscalar_ptr_iterator_tag@0@@Z
1139 00000000 SECT50B notype       Static      | .xdata
    Section length   14, #relocs    1, #linenums    0, checksum   677058, selection    5 (pick associative Section 0x36)
113B 00000000 SECT50B notype       Static      | $handlerMap$0$??$_Uninit_move@PEAUEntry@ResourceRegistry@MilesTransport@@PEAU123@V?$allocator@UEntry@ResourceRegistry@MilesTransport@@@std@@U123@@std@@YAPEAUEntry@ResourceRegistry@MilesTransport@@PEAU123@00AEAU?$_Wrap_alloc@V?$allocator@UEntry@ResourceRegistry@MilesTransport@@@std@@@0@0U_Nonscalar_ptr_iterator_tag@0@@Z
113C 00000000 SECT50C notype       Static      | .xdata
    Section length   30, #relocs    6, #linenums    0, checksum E2A6842D, selection    5 (pick associative Section 0x36)
113E 00000000 SECT50C notype       Static      | $ip2state$??$_Uninit_move@PEAUEntry@ResourceRegistry@MilesTransport@@PEAU123@V?$allocator@UEntry@ResourceRegistry@MilesTransport@@@std@@U123@@std@@YAPEAUEntry@ResourceRegistry@MilesTransport@@PEAU123@00AEAU?$_Wrap_alloc@V?$allocator@UEntry@ResourceRegistry@MilesTransport@@@std@@@0@0U_Nonscalar_ptr_iterator_tag@0@@Z
113F 00000000 SECT50D notype       Static      | .xdata
    Section length   10, #relocs    2, #linenums    0, checksum 5840A276, selection    5 (pick associative Section 0x36)
1141 00000000 SECT50D notype       Static      | $unwind$?catch$0@?0???$_Uninit_move@PEAUEntry@ResourceRegistry@MilesTransport@@PEAU123@V?$allocator@UEntry@ResourceRegistry@MilesTransport@@@std@@U123@@std@@YAPEAUEntry@ResourceRegistry@MilesTransport@@PEAU123@00AEAU?$_Wrap_alloc@V?$allocator@UEntry@ResourceRegistry@MilesTransport@@@std@@@0@0U_Nonscalar_ptr_iterator_tag@0@@Z@4HA
1142 00000000 SECT50E notype       Static      | .pdata
    Section length    C, #relocs    3, #linenums    0, checksum 7E32D7A2, selection    5 (pick associative Section 0x36)
1144 00000000 SECT50E notype       Static      | $pdata$?catch$0@?0???$_Uninit_move@PEAUEntry@ResourceRegistry@MilesTransport@@PEAU123@V?$allocator@UEntry@ResourceRegistry@MilesTransport@@@std@@U123@@std@@YAPEAUEntry@ResourceRegistry@MilesTransport@@PEAU123@00AEAU?$_Wrap_alloc@V?$allocator@UEntry@ResourceRegistry@MilesTransport@@@std@@@0@0U_Nonscalar_ptr_iterator_tag@0@@Z@4HA
1145 00000000 SECT50F notype       Static      | .xdata
    Section length    8, #relocs    0, #linenums    0, checksum C40886FB, selection    5 (pick associative Section 0x5B)
1147 00000000 SECT50F notype       Static      | $unwind$??$destroy@V?$shared_ptr@UFileRecord@SessionFileOwner@MilesFileOwner36@@@std@@@?$allocator@V?$shared_ptr@UFileRecord@SessionFileOwner@MilesFileOwner36@@@std@@@std@@QEAAXPEAV?$shared_ptr@UFileRecord@SessionFileOwner@MilesFileOwner36@@@1@@Z
1148 00000000 SECT510 notype       Static      | .pdata
    Section length    C, #relocs    3, #linenums    0, checksum A59B2387, selection    5 (pick associative Section 0x5B)
114A 00000000 SECT510 notype       Static      | $pdata$??$destroy@V?$shared_ptr@UFileRecord@SessionFileOwner@MilesFileOwner36@@@std@@@?$allocator@V?$shared_ptr@UFileRecord@SessionFileOwner@MilesFileOwner36@@@std@@@std@@QEAAXPEAV?$shared_ptr@UFileRecord@SessionFileOwner@MilesFileOwner36@@@1@@Z
114B 00000000 SECT511 notype       Static      | .xdata
    Section length    8, #relocs    0, #linenums    0, checksum C40886FB, selection    5 (pick associative Section 0x5E)
114D 00000000 SECT511 notype       Static      | $unwind$??$destroy@V?$unique_ptr@UOperation@SessionFileOwner@MilesFileOwner36@@U?$default_delete@UOperation@SessionFileOwner@MilesFileOwner36@@@std@@@std@@@?$allocator@V?$unique_ptr@UOperation@SessionFileOwner@MilesFileOwner36@@U?$default_delete@UOperation@SessionFileOwner@MilesFileOwner36@@@std@@@std@@@std@@QEAAXPEAV?$unique_ptr@UOperation@SessionFileOwner@MilesFileOwner36@@U?$default_delete@UOperation@SessionFileOwner@MilesFileOwner36@@@std@@@1@@Z
114E 00000000 SECT512 notype       Static      | .pdata
    Section length    C, #relocs    3, #linenums    0, checksum A59B2387, selection    5 (pick associative Section 0x5E)
1150 00000000 SECT512 notype       Static      | $pdata$??$destroy@V?$unique_ptr@UOperation@SessionFileOwner@MilesFileOwner36@@U?$default_delete@UOperation@SessionFileOwner@MilesFileOwner36@@@std@@@std@@@?$allocator@V?$unique_ptr@UOperation@SessionFileOwner@MilesFileOwner36@@U?$default_delete@UOperation@SessionFileOwner@MilesFileOwner36@@@std@@@std@@@std@@QEAAXPEAV?$unique_ptr@UOperation@SessionFileOwner@MilesFileOwner36@@U?$default_delete@UOperation@SessionFileOwner@MilesFileOwner36@@@std@@@1@@Z
1151 00000000 SECT513 notype       Static      | .xdata
    Section length    8, #relocs    0, #linenums    0, checksum 24DBB10C, selection    5 (pick associative Section 0x13)
1153 00000000 SECT513 notype       Static      | $unwind$??$_Debug_range@PEAUEntry@ResourceRegistry@MilesTransport@@@std@@YAXPEAUEntry@ResourceRegistry@MilesTransport@@0PEB_WI@Z
1154 00000000 SECT514 notype       Static      | .pdata
    Section length    C, #relocs    3, #linenums    0, checksum 7E32D7A2, selection    5 (pick associative Section 0x13)
1156 00000000 SECT514 notype       Static      | $pdata$??$_Debug_range@PEAUEntry@ResourceRegistry@MilesTransport@@@std@@YAXPEAUEntry@ResourceRegistry@MilesTransport@@0PEB_WI@Z
1157 00000000 SECT515 notype       Static      | .xdata
    Section length    8, #relocs    0, #linenums    0, checksum 6072F4B7, selection    5 (pick associative Section 0x11)
1159 00000000 SECT515 notype       Static      | $unwind$??$_Debug_pointer@UEntry@ResourceRegistry@MilesTransport@@@std@@YAXPEAUEntry@ResourceRegistry@MilesTransport@@PEB_WI@Z
115A 00000000 SECT516 notype       Static      | .pdata
    Section length    C, #relocs    3, #linenums    0, checksum 43A25AFA, selection    5 (pick associative Section 0x11)
115C 00000000 SECT516 notype       Static      | $pdata$??$_Debug_pointer@UEntry@ResourceRegistry@MilesTransport@@@std@@YAXPEAUEntry@ResourceRegistry@MilesTransport@@PEB_WI@Z
115D 00000000 SECT517 notype       Static      | .xdata
    Section length    8, #relocs    0, #linenums    0, checksum 8CDF4DDB, selection    5 (pick associative Section 0x1C)
115F 00000000 SECT517 notype       Static      | $unwind$??$_Iter_cat@PEAUEntry@ResourceRegistry@MilesTransport@@@std@@YA?AUrandom_access_iterator_tag@0@AEBQEAUEntry@ResourceRegistry@MilesTransport@@@Z
1160 00000000 SECT518 notype       Static      | .pdata
    Section length    C, #relocs    3, #linenums    0, checksum 77F965B5, selection    5 (pick associative Section 0x1C)
1162 00000000 SECT518 notype       Static      | $pdata$??$_Iter_cat@PEAUEntry@ResourceRegistry@MilesTransport@@@std@@YA?AUrandom_access_iterator_tag@0@AEBQEAUEntry@ResourceRegistry@MilesTransport@@@Z
1163 00000000 SECT519 notype       Static      | .xdata
    Section length    8, #relocs    0, #linenums    0, checksum B574274C, selection    5 (pick associative Section 0x12)
1165 00000000 SECT519 notype       Static      | $unwind$??$_Debug_range2@PEAUEntry@ResourceRegistry@MilesTransport@@@std@@YAXPEAUEntry@ResourceRegistry@MilesTransport@@0PEB_WIUrandom_access_iterator_tag@0@@Z
1166 00000000 SECT51A notype       Static      | .pdata
    Section length    C, #relocs    3, #linenums    0, checksum 22DF9673, selection    5 (pick associative Section 0x12)
1168 00000000 SECT51A notype       Static      | $pdata$??$_Debug_range2@PEAUEntry@ResourceRegistry@MilesTransport@@@std@@YAXPEAUEntry@ResourceRegistry@MilesTransport@@0PEB_WIUrandom_access_iterator_tag@0@@Z
1169 00000000 SECT51B notype       Static      | .bss
    Section length    4, #relocs    0, #linenums    0, checksum        0
116B 00000003 SECT51B notype       Static      | piecewise_construct
116C 00000002 SECT51B notype       Static      | allocator_arg
116D 00000000 SECT51C notype       Static      | .rdata
    Section length   18, #relocs    3, #linenums    0, checksum        0, selection    6 (pick largest)
116F 00000008 SECT51C notype       External    | ??_7logic_error@std@@6B@ (const std::logic_error::`vftable')
1170 00000000 SECT51D notype       Static      | .rdata
    Section length    8, #relocs    0, #linenums    0, checksum 44660075, selection    2 (pick any)
1172 00000000 SECT51D notype       External    | ?npos@?$basic_string@DU?$char_traits@D@std@@V?$allocator@D@2@@std@@2_KB (public: static unsigned __int64 const std::basic_string<char,struct std::char_traits<char>,class std::allocator<char> >::npos)
1173 00000000 SECT51E notype       Static      | .rdata
    Section length   18, #relocs    3, #linenums    0, checksum        0, selection    6 (pick largest)
1175 00000008 SECT51E notype       External    | ??_7invalid_argument@std@@6B@ (const std::invalid_argument::`vftable')
1176 00000001 SECT51B notype       Static      | ignore
1177 00000000 SECT51B notype       Static      | _Tuple_alloc
1178 00000000 SECT51F notype       Static      | .xdata$x
    Section length   1C, #relocs    2, #linenums    0, checksum        0, selection    2 (pick any)
117A 00000000 SECT51F notype       External    | _TI3?AVinvalid_argument@std@@
117B 00000000 SECT520 notype       Static      | .xdata$x
    Section length   1C, #relocs    3, #linenums    0, checksum 29C8B4F2, selection    2 (pick any)
117D 00000000 SECT520 notype       External    | _CTA3?AVinvalid_argument@std@@
117E 00000000 SECT521 notype       Static      | .data$r
    Section length   2B, #relocs    1, #linenums    0, checksum 106500BA, selection    2 (pick any)
1180 00000000 SECT521 notype       External    | ??_R0?AVinvalid_argument@std@@@8 (class std::invalid_argument `RTTI Type Descriptor')
1181 00000000 SECT522 notype       Static      | .xdata$x
    Section length   24, #relocs    2, #linenums    0, checksum BC1A9E34, selection    2 (pick any)
1183 00000000 SECT522 notype       External    | _CT??_R0?AVinvalid_argument@std@@@8??0invalid_argument@std@@QEAA@AEBV01@@Z24
1184 00000000 SECT523 notype       Static      | .data$r
    Section length   26, #relocs    1, #linenums    0, checksum 581E38EE, selection    2 (pick any)
1186 00000000 SECT523 notype       External    | ??_R0?AVlogic_error@std@@@8 (class std::logic_error `RTTI Type Descriptor')
1187 00000000 SECT524 notype       Static      | .xdata$x
    Section length   24, #relocs    2, #linenums    0, checksum BC1A9E34, selection    2 (pick any)
1189 00000000 SECT524 notype       External    | _CT??_R0?AVlogic_error@std@@@8??0logic_error@std@@QEAA@AEBV01@@Z24
118A 00000000 SECT525 notype       Static      | .data$r
    Section length   24, #relocs    1, #linenums    0, checksum 54BC55F2, selection    2 (pick any)
118C 00000000 SECT525 notype       External    | ??_R0?AVexception@std@@@8 (class std::exception `RTTI Type Descriptor')
118D 00000000 SECT526 notype       Static      | .xdata$x
    Section length   24, #relocs    2, #linenums    0, checksum BC1A9E34, selection    2 (pick any)
118F 00000000 SECT526 notype       External    | _CT??_R0?AVexception@std@@@8??0exception@std@@QEAA@AEBV01@@Z24
1190 00000000 SECT527 notype       Static      | .rdata
    Section length   14, #relocs    0, #linenums    0, checksum B8181385, selection    2 (pick any)
1192 00000000 SECT527 notype       External    | ??_C@_0BE@EIDCHHPH@zero?5registry?5bound?$AA@ (`string')
1193 00000000 UNDEF  notype       External     | ??_7type_info@@6B@ (const type_info::`vftable')
1194 00000000 SECT528 notype       Static      | .rdata
    Section length   28, #relocs    5, #linenums    0, checksum        0, selection    6 (pick largest)
1196 00000008 SECT528 notype       External    | ??_7_Ref_count_base@std@@6B@ (const std::_Ref_count_base::`vftable')
1197 00000000 SECT529 notype       Static      | .rdata
    Section length   38, #relocs    7, #linenums    0, checksum        0, selection    6 (pick largest)
1199 00000008 SECT529 notype       External    | ??_7error_category@std@@6B@ (const std::error_category::`vftable')
119A 00000000 SECT52A notype       Static      | .rdata
    Section length   38, #relocs    7, #linenums    0, checksum        0, selection    6 (pick largest)
119C 00000008 SECT52A notype       External    | ??_7_Generic_error_category@std@@6B@ (const std::_Generic_error_category::`vftable')
119D 00000000 SECT52B notype       Static      | .rdata
    Section length    8, #relocs    0, #linenums    0, checksum A86CFC2B, selection    2 (pick any)
119F 00000000 SECT52B notype       External    | ??_C@_07DCLBNMLN@generic?$AA@ (`string')
11A0 00000000 SECT52C notype       Static      | .rdata
    Section length    E, #relocs    0, #linenums    0, checksum 3BD6D632, selection    2 (pick any)
11A2 00000000 SECT52C notype       External    | ??_C@_0O@BFJCFAAK@unknown?5error?$AA@ (`string')
11A3 00000000 SECT52D notype       Static      | .rdata
    Section length   38, #relocs    7, #linenums    0, checksum        0, selection    6 (pick largest)
11A5 00000008 SECT52D notype       External    | ??_7_Iostream_error_category@std@@6B@ (const std::_Iostream_error_category::`vftable')
11A6 00000000 SECT52E notype       Static      | .rdata
    Section length    9, #relocs    0, #linenums    0, checksum A29400EA, selection    2 (pick any)
11A8 00000000 SECT52E notype       External    | ??_C@_08LLGCOLLL@iostream?$AA@ (`string')
11A9 00000000 SECT52F notype       Static      | .rdata
    Section length   16, #relocs    0, #linenums    0, checksum A7E7FC63, selection    2 (pick any)
11AB 00000000 SECT52F notype       External    | ??_C@_0BG@PADBLCHM@iostream?5stream?5error?$AA@ (`string')
11AC 00000000 SECT530 notype       Static      | .rdata
    Section length   38, #relocs    7, #linenums    0, checksum        0, selection    6 (pick largest)
11AE 00000008 SECT530 notype       External    | ??_7_System_error_category@std@@6B@ (const std::_System_error_category::`vftable')
11AF 00000000 SECT531 notype       Static      | .rdata
    Section length    7, #relocs    0, #linenums    0, checksum 35CD274A, selection    2 (pick any)
11B1 00000000 SECT531 notype       External    | ??_C@_06FHFOAHML@system?$AA@ (`string')
11B2 00000000 SECT532 notype       Static      | .bss
    Section length    8, #relocs    0, #linenums    0, checksum        0, selection    2 (pick any)
11B4 00000000 SECT532 notype       External    | ?_Generic_object@?$_Error_objects@H@std@@2V_Generic_error_category@2@A (public: static class std::_Generic_error_category std::_Error_objects<int>::_Generic_object)
11B5 00000000 SECT533 notype       Static      | .bss
    Section length    8, #relocs    0, #linenums    0, checksum        0, selection    2 (pick any)
11B7 00000000 SECT533 notype       External    | ?_Iostream_object@?$_Error_objects@H@std@@2V_Iostream_error_category@2@A (public: static class std::_Iostream_error_category std::_Error_objects<int>::_Iostream_object)
11B8 00000000 SECT534 notype       Static      | .bss
    Section length    8, #relocs    0, #linenums    0, checksum        0, selection    2 (pick any)
11BA 00000000 SECT534 notype       External    | ?_System_object@?$_Error_objects@H@std@@2V_System_error_category@2@A (public: static class std::_System_error_category std::_Error_objects<int>::_System_object)
11BB 00000000 SECT535 notype       Static      | .bss
    Section length    8, #relocs    0, #linenums    0, checksum        0, selection    2 (pick any)
11BD 00000000 SECT535 notype       External    | ?id@?$num_put@DV?$back_insert_iterator@V?$basic_string@DU?$char_traits@D@std@@V?$allocator@D@2@@std@@@std@@@std@@2V0locale@2@A (public: static class std::locale::id std::num_put<char,class std::back_insert_iterator<class std::basic_string<char,struct std::char_traits<char>,class std::allocator<char> > > >::id)
11BE 00000000 SECT536 notype       Static      | .bss
    Section length    8, #relocs    0, #linenums    0, checksum        0, selection    2 (pick any)
11C0 00000000 SECT536 notype       External    | ?id@?$num_put@_WV?$back_insert_iterator@V?$basic_string@_WU?$char_traits@_W@std@@V?$allocator@_W@2@@std@@@std@@@std@@2V0locale@2@A (public: static class std::locale::id std::num_put<wchar_t,class std::back_insert_iterator<class std::basic_string<wchar_t,struct std::char_traits<wchar_t>,class std::allocator<wchar_t> > > >::id)
11C1 00000000 SECT537 notype       Static      | .rdata
    Section length   8E, #relocs    0, #linenums    0, checksum 813BAE69, selection    2 (pick any)
11C3 00000000 SECT537 notype       External    | ??_C@_1IO@FKLKODGG@?$AAC?$AA?3?$AA?2?$AAP?$AAr?$AAo?$AAg?$AAr?$AAa?$AAm?$AA?5?$AAF?$AAi?$AAl?$AAe?$AAs?$AA?5?$AA?$CI?$AAx?$AA8?$AA6?$AA?$CJ?$AA?2?$AAM?$AAi?$AAc?$AAr?$AAo?$AAs?$AAo?$AAf?$AAt@ (`string')
11C4 00000000 SECT538 notype       Static      | .rdata
    Section length   8C, #relocs    0, #linenums    0, checksum 101D7482, selection    2 (pick any)
11C6 00000000 SECT538 notype       External    | ??_C@_1IM@CBJFJAOD@?$AAC?$AA?3?$AA?2?$AAP?$AAr?$AAo?$AAg?$AAr?$AAa?$AAm?$AA?5?$AAF?$AAi?$AAl?$AAe?$AAs?$AA?5?$AA?$CI?$AAx?$AA8?$AA6?$AA?$CJ?$AA?2?$AAM?$AAi?$AAc?$AAr?$AAo?$AAs?$AAo?$AAf?$AAt@ (`string')
11C7 00000000 SECT539 notype       Static      | .rdata
    Section length   3C, #relocs    0, #linenums    0, checksum 4C8F04E7, selection    2 (pick any)
11C9 00000000 SECT539 notype       External    | ??_C@_1DM@LHGCHCBA@?$AAv?$AAe?$AAc?$AAt?$AAo?$AAr?$AA?5?$AAs?$AAu?$AAb?$AAs?$AAc?$AAr?$AAi?$AAp?$AAt?$AA?5?$AAo?$AAu?$AAt?$AA?5?$AAo?$AAf?$AA?5?$AAr?$AAa?$AAn?$AAg?$AAe?$AA?$AA@ (`string')
11CA 00000000 SECT53A notype       Static      | .rdata
    Section length   24, #relocs    0, #linenums    0, checksum 70812DE6, selection    2 (pick any)
11CC 00000000 SECT53A notype       External    | ??_C@_0CE@OFMIGAMM@Standard?5C?$CL?$CL?5Libraries?5Out?5of?5Ra@ (`string')
11CD 00000000 SECT53B notype       Static      | .rdata
    Section length   56, #relocs    0, #linenums    0, checksum 8F83C987, selection    2 (pick any)
11CF 00000000 SECT53B notype       External    | ??_C@_1FG@IBPIFFN@?$AA?$CC?$AAS?$AAt?$AAa?$AAn?$AAd?$AAa?$AAr?$AAd?$AA?5?$AAC?$AA?$CL?$AA?$CL?$AA?5?$AAL?$AAi?$AAb?$AAr?$AAa?$AAr?$AAi?$AAe?$AAs?$AA?5?$AAO?$AAu?$AAt?$AA?5?$AAo?$AAf?$AA?5?$AAR@ (`string')
11D0 00000000 SECT53C notype       Static      | .rdata
    Section length    6, #relocs    0, #linenums    0, checksum 2EEB9BF7, selection    2 (pick any)
11D2 00000000 SECT53C notype       External    | ??_C@_15GANGMFKL@?$AA?$CF?$AAs?$AA?$AA@ (`string')
11D3 00000000 SECT53D notype       Static      | .rdata
    Section length  11E, #relocs    0, #linenums    0, checksum BB4B684E, selection    2 (pick any)
11D5 00000000 SECT53D notype       External    | ??_C@_1BBO@MELCEMIF@?$AAs?$AAt?$AAd?$AA?3?$AA?3?$AAv?$AAe?$AAc?$AAt?$AAo?$AAr?$AA?$DM?$AAs?$AAt?$AAr?$AAu?$AAc?$AAt?$AA?5?$AAM?$AAi?$AAl?$AAe?$AAs?$AAT?$AAr?$AAa?$AAn?$AAs?$AAp?$AAo?$AAr@ (`string')
11D6 00000000 SECT53E notype       Static      | .rdata
    Section length   1E, #relocs    0, #linenums    0, checksum F3B436A4, selection    2 (pick any)
11D8 00000000 SECT53E notype       External    | ??_C@_1BO@MEPPHOO@?$AA?$CC?$AAo?$AAu?$AAt?$AA?5?$AAo?$AAf?$AA?5?$AAr?$AAa?$AAn?$AAg?$AAe?$AA?$CC?$AA?$AA@ (`string')
11D9 00000000 SECT53F notype       Static      | .bss
    Section length    8, #relocs    0, #linenums    0, checksum        0, selection    2 (pick any)
11DB 00000000 SECT53F notype       External    | ?id@?$numpunct@D@std@@2V0locale@2@A (public: static class std::locale::id std::numpunct<char>::id)
11DC 00000000 SECT540 notype       Static      | .bss
    Section length    8, #relocs    0, #linenums    0, checksum        0, selection    2 (pick any)
11DE 00000000 SECT540 notype       External    | ?id@?$numpunct@_W@std@@2V0locale@2@A (public: static class std::locale::id std::numpunct<wchar_t>::id)
11DF 00000000 SECT541 notype       Static      | .rdata
    Section length   9A, #relocs    0, #linenums    0, checksum  AF8719D, selection    2 (pick any)
11E1 00000000 SECT541 notype       External    | ??_C@_1JK@PKCFAHNP@?$AAs?$AAt?$AAd?$AA?3?$AA?3?$AAv?$AAe?$AAc?$AAt?$AAo?$AAr?$AA?$DM?$AAu?$AAn?$AAs?$AAi?$AAg?$AAn?$AAe?$AAd?$AA?5?$AAc?$AAh?$AAa?$AAr?$AA?0?$AAc?$AAl?$AAa?$AAs?$AAs?$AA?5@ (`string')
11E2 00000000 SECT542 notype       Static      | .rdata
    Section length  198, #relocs    0, #linenums    0, checksum  9B2A60C, selection    2 (pick any)
11E4 00000000 SECT542 notype       External    | ??_C@_1BJI@DIMAPLMB@?$AAs?$AAt?$AAd?$AA?3?$AA?3?$AAv?$AAe?$AAc?$AAt?$AAo?$AAr?$AA?$DM?$AAc?$AAl?$AAa?$AAs?$AAs?$AA?5?$AAs?$AAt?$AAd?$AA?3?$AA?3?$AAs?$AAh?$AAa?$AAr?$AAe?$AAd?$AA_?$AAp?$AAt@ (`string')
11E5 00000000 SECT543 notype       Static      | .rdata
    Section length  2DC, #relocs    0, #linenums    0, checksum 32EA8669, selection    2 (pick any)
11E7 00000000 SECT543 notype       External    | ??_C@_1CNM@PFEADDGM@?$AAs?$AAt?$AAd?$AA?3?$AA?3?$AAv?$AAe?$AAc?$AAt?$AAo?$AAr?$AA?$DM?$AAc?$AAl?$AAa?$AAs?$AAs?$AA?5?$AAs?$AAt?$AAd?$AA?3?$AA?3?$AAu?$AAn?$AAi?$AAq?$AAu?$AAe?$AA_?$AAp?$AAt@ (`string')
11E8 00000000 SECT544 notype       Static      | .rdata
    Section length   10, #relocs    0, #linenums    0, checksum 869C5FA0, selection    2 (pick any)
11EA 00000000 SECT544 notype       External    | ??_C@_0BA@JFNIOLAK@string?5too?5long?$AA@ (`string')
11EB 00000000 SECT545 notype       Static      | .rdata
    Section length   18, #relocs    0, #linenums    0, checksum 79C52538, selection    2 (pick any)
11ED 00000000 SECT545 notype       External    | ??_C@_0BI@CFPLBAOH@invalid?5string?5position?$AA@ (`string')
11EE 00000000 SECT546 notype       Static      | .rdata
    Section length   13, #relocs    0, #linenums    0, checksum CEE728DA, selection    2 (pick any)
11F0 00000000 SECT546 notype       External    | ??_C@_0BD@OLBABOEK@vector?$DMT?$DO?5too?5long?$AA@ (`string')
11F1 00000000 SECT547 notype       Static      | .rdata
    Section length   2A, #relocs    0, #linenums    0, checksum 55665FBD, selection    2 (pick any)
11F3 00000000 SECT547 notype       External    | ??_C@_1CK@EOPGIILJ@?$AAi?$AAn?$AAv?$AAa?$AAl?$AAi?$AAd?$AA?5?$AAn?$AAu?$AAl?$AAl?$AA?5?$AAp?$AAo?$AAi?$AAn?$AAt?$AAe?$AAr?$AA?$AA@ (`string')
11F4 00000000 SECT548 notype       Static      | .rdata
    Section length   2E, #relocs    0, #linenums    0, checksum CA385A6C, selection    2 (pick any)
11F6 00000000 SECT548 notype       External    | ??_C@_1CO@DGLIKNHI@?$AAi?$AAn?$AAv?$AAa?$AAl?$AAi?$AAd?$AA?5?$AAi?$AAt?$AAe?$AAr?$AAa?$AAt?$AAo?$AAr?$AA?5?$AAr?$AAa?$AAn?$AAg?$AAe?$AA?$AA@ (`string')
11F7 00000000 SECT549 notype       Static      | .rdata
    Section length   28, #relocs    5, #linenums    0, checksum        0, selection    6 (pick largest)
11F9 00000008 SECT549 notype       External    | ??_7?$_Ref_count@UFileRecord@SessionFileOwner@MilesFileOwner36@@@std@@6B@ (const std::_Ref_count<struct MilesFileOwner36::SessionFileOwner::FileRecord>::`vftable')
11FA 00000000 SECT54A notype       Static      | .rdata
    Section length   8E, #relocs    0, #linenums    0, checksum 6FB757B8, selection    2 (pick any)
11FC 00000000 SECT54A notype       External    | ??_C@_1IO@LEDGBKLH@?$AAC?$AA?3?$AA?2?$AAP?$AAr?$AAo?$AAg?$AAr?$AAa?$AAm?$AA?5?$AAF?$AAi?$AAl?$AAe?$AAs?$AA?5?$AA?$CI?$AAx?$AA8?$AA6?$AA?$CJ?$AA?2?$AAM?$AAi?$AAc?$AAr?$AAo?$AAs?$AAo?$AAf?$AAt@ (`string')
11FD 00000000 SECT54B notype       Static      | .rdata$r
    Section length   24, #relocs    2, #linenums    0, checksum 3AD97647, selection    2 (pick any)
11FF 00000000 SECT54B notype       External    | ??_R1A@?0A@EA@exception@std@@8 (std::exception::`RTTI Base Class Descriptor at (0,-1,0,64)')
1200 00000000 SECT54C notype       Static      | .rdata$r
    Section length   14, #relocs    1, #linenums    0, checksum CCAA009E, selection    2 (pick any)
1202 00000000 SECT54C notype       External    | ??_R3exception@std@@8 (std::exception::`RTTI Class Hierarchy Descriptor')
1203 00000000 SECT54D notype       Static      | .rdata$r
    Section length    C, #relocs    1, #linenums    0, checksum        0, selection    2 (pick any)
1205 00000000 SECT54D notype       External    | ??_R2exception@std@@8 (std::exception::`RTTI Base Class Array')
1206 00000000 SECT54E notype       Static      | .rdata$r
    Section length   24, #relocs    3, #linenums    0, checksum 81256527, selection    2 (pick any)
1208 00000000 SECT54E notype       External    | ??_R4logic_error@std@@6B@ (const std::logic_error::`RTTI Complete Object Locator')
1209 00000000 SECT54F notype       Static      | .rdata$r
    Section length   14, #relocs    1, #linenums    0, checksum 4225077D, selection    2 (pick any)
120B 00000000 SECT54F notype       External    | ??_R3logic_error@std@@8 (std::logic_error::`RTTI Class Hierarchy Descriptor')
120C 00000000 SECT550 notype       Static      | .rdata$r
    Section length   14, #relocs    2, #linenums    0, checksum        0, selection    2 (pick any)
120E 00000000 SECT550 notype       External    | ??_R2logic_error@std@@8 (std::logic_error::`RTTI Base Class Array')
120F 00000000 SECT551 notype       Static      | .rdata$r
    Section length   24, #relocs    2, #linenums    0, checksum BBFC1360, selection    2 (pick any)
1211 00000000 SECT551 notype       External    | ??_R1A@?0A@EA@logic_error@std@@8 (std::logic_error::`RTTI Base Class Descriptor at (0,-1,0,64)')
1212 00000000 SECT552 notype       Static      | .rdata$r
    Section length   24, #relocs    3, #linenums    0, checksum 81256527, selection    2 (pick any)
1214 00000000 SECT552 notype       External    | ??_R4invalid_argument@std@@6B@ (const std::invalid_argument::`RTTI Complete Object Locator')
1215 00000000 SECT553 notype       Static      | .rdata$r
    Section length   14, #relocs    1, #linenums    0, checksum 8E8F07E3, selection    2 (pick any)
1217 00000000 SECT553 notype       External    | ??_R3invalid_argument@std@@8 (std::invalid_argument::`RTTI Class Hierarchy Descriptor')
1218 00000000 SECT554 notype       Static      | .rdata$r
    Section length   1C, #relocs    3, #linenums    0, checksum        0, selection    2 (pick any)
121A 00000000 SECT554 notype       External    | ??_R2invalid_argument@std@@8 (std::invalid_argument::`RTTI Base Class Array')
121B 00000000 SECT555 notype       Static      | .rdata$r
    Section length   24, #relocs    2, #linenums    0, checksum E3E2BA48, selection    2 (pick any)
121D 00000000 SECT555 notype       External    | ??_R1A@?0A@EA@invalid_argument@std@@8 (std::invalid_argument::`RTTI Base Class Descriptor at (0,-1,0,64)')
121E 00000000 SECT556 notype       Static      | .rdata$r
    Section length   24, #relocs    3, #linenums    0, checksum 81256527, selection    2 (pick any)
1220 00000000 SECT556 notype       External    | ??_R4_Ref_count_base@std@@6B@ (const std::_Ref_count_base::`RTTI Complete Object Locator')
1221 00000000 SECT557 notype       Static      | .data$r
    Section length   2A, #relocs    1, #linenums    0, checksum 92BD5638, selection    2 (pick any)
1223 00000000 SECT557 notype       External    | ??_R0?AV_Ref_count_base@std@@@8 (class std::_Ref_count_base `RTTI Type Descriptor')
1224 00000000 SECT558 notype       Static      | .rdata$r
    Section length   14, #relocs    1, #linenums    0, checksum CCAA009E, selection    2 (pick any)
1226 00000000 SECT558 notype       External    | ??_R3_Ref_count_base@std@@8 (std::_Ref_count_base::`RTTI Class Hierarchy Descriptor')
1227 00000000 SECT559 notype       Static      | .rdata$r
    Section length    C, #relocs    1, #linenums    0, checksum        0, selection    2 (pick any)
1229 00000000 SECT559 notype       External    | ??_R2_Ref_count_base@std@@8 (std::_Ref_count_base::`RTTI Base Class Array')
122A 00000000 SECT55A notype       Static      | .rdata$r
    Section length   24, #relocs    2, #linenums    0, checksum 3AD97647, selection    2 (pick any)
122C 00000000 SECT55A notype       External    | ??_R1A@?0A@EA@_Ref_count_base@std@@8 (std::_Ref_count_base::`RTTI Base Class Descriptor at (0,-1,0,64)')
122D 00000000 SECT55B notype       Static      | .rdata$r
    Section length   24, #relocs    3, #linenums    0, checksum 81256527, selection    2 (pick any)
122F 00000000 SECT55B notype       External    | ??_R4error_category@std@@6B@ (const std::error_category::`RTTI Complete Object Locator')
1230 00000000 SECT55C notype       Static      | .data$r
    Section length   29, #relocs    1, #linenums    0, checksum 57781CE5, selection    2 (pick any)
1232 00000000 SECT55C notype       External    | ??_R0?AVerror_category@std@@@8 (class std::error_category `RTTI Type Descriptor')
1233 00000000 SECT55D notype       Static      | .rdata$r
    Section length   14, #relocs    1, #linenums    0, checksum CCAA009E, selection    2 (pick any)
1235 00000000 SECT55D notype       External    | ??_R3error_category@std@@8 (std::error_category::`RTTI Class Hierarchy Descriptor')
1236 00000000 SECT55E notype       Static      | .rdata$r
    Section length    C, #relocs    1, #linenums    0, checksum        0, selection    2 (pick any)
1238 00000000 SECT55E notype       External    | ??_R2error_category@std@@8 (std::error_category::`RTTI Base Class Array')
1239 00000000 SECT55F notype       Static      | .rdata$r
    Section length   24, #relocs    2, #linenums    0, checksum 3AD97647, selection    2 (pick any)
123B 00000000 SECT55F notype       External    | ??_R1A@?0A@EA@error_category@std@@8 (std::error_category::`RTTI Base Class Descriptor at (0,-1,0,64)')
123C 00000000 SECT560 notype       Static      | .rdata$r
    Section length   24, #relocs    3, #linenums    0, checksum 81256527, selection    2 (pick any)
123E 00000000 SECT560 notype       External    | ??_R4_Generic_error_category@std@@6B@ (const std::_Generic_error_category::`RTTI Complete Object Locator')
123F 00000000 SECT561 notype       Static      | .data$r
    Section length   32, #relocs    1, #linenums    0, checksum 61E25741, selection    2 (pick any)
1241 00000000 SECT561 notype       External    | ??_R0?AV_Generic_error_category@std@@@8 (class std::_Generic_error_category `RTTI Type Descriptor')
1242 00000000 SECT562 notype       Static      | .rdata$r
    Section length   14, #relocs    1, #linenums    0, checksum 4225077D, selection    2 (pick any)
1244 00000000 SECT562 notype       External    | ??_R3_Generic_error_category@std@@8 (std::_Generic_error_category::`RTTI Class Hierarchy Descriptor')
1245 00000000 SECT563 notype       Static      | .rdata$r
    Section length   14, #relocs    2, #linenums    0, checksum        0, selection    2 (pick any)
1247 00000000 SECT563 notype       External    | ??_R2_Generic_error_category@std@@8 (std::_Generic_error_category::`RTTI Base Class Array')
1248 00000000 SECT564 notype       Static      | .rdata$r
    Section length   24, #relocs    2, #linenums    0, checksum BBFC1360, selection    2 (pick any)
124A 00000000 SECT564 notype       External    | ??_R1A@?0A@EA@_Generic_error_category@std@@8 (std::_Generic_error_category::`RTTI Base Class Descriptor at (0,-1,0,64)')
124B 00000000 SECT565 notype       Static      | .rdata$r
    Section length   24, #relocs    3, #linenums    0, checksum 81256527, selection    2 (pick any)
124D 00000000 SECT565 notype       External    | ??_R4_Iostream_error_category@std@@6B@ (const std::_Iostream_error_category::`RTTI Complete Object Locator')
124E 00000000 SECT566 notype       Static      | .data$r
    Section length   33, #relocs    1, #linenums    0, checksum 9ABBB05D, selection    2 (pick any)
1250 00000000 SECT566 notype       External    | ??_R0?AV_Iostream_error_category@std@@@8 (class std::_Iostream_error_category `RTTI Type Descriptor')
1251 00000000 SECT567 notype       Static      | .rdata$r
    Section length   14, #relocs    1, #linenums    0, checksum 8E8F07E3, selection    2 (pick any)
1253 00000000 SECT567 notype       External    | ??_R3_Iostream_error_category@std@@8 (std::_Iostream_error_category::`RTTI Class Hierarchy Descriptor')
1254 00000000 SECT568 notype       Static      | .rdata$r
    Section length   1C, #relocs    3, #linenums    0, checksum        0, selection    2 (pick any)
1256 00000000 SECT568 notype       External    | ??_R2_Iostream_error_category@std@@8 (std::_Iostream_error_category::`RTTI Base Class Array')
1257 00000000 SECT569 notype       Static      | .rdata$r
    Section length   24, #relocs    2, #linenums    0, checksum E3E2BA48, selection    2 (pick any)
1259 00000000 SECT569 notype       External    | ??_R1A@?0A@EA@_Iostream_error_category@std@@8 (std::_Iostream_error_category::`RTTI Base Class Descriptor at (0,-1,0,64)')
125A 00000000 SECT56A notype       Static      | .rdata$r
    Section length   24, #relocs    3, #linenums    0, checksum 81256527, selection    2 (pick any)
125C 00000000 SECT56A notype       External    | ??_R4_System_error_category@std@@6B@ (const std::_System_error_category::`RTTI Complete Object Locator')
125D 00000000 SECT56B notype       Static      | .data$r
    Section length   31, #relocs    1, #linenums    0, checksum FF15FF41, selection    2 (pick any)
125F 00000000 SECT56B notype       External    | ??_R0?AV_System_error_category@std@@@8 (class std::_System_error_category `RTTI Type Descriptor')
1260 00000000 SECT56C notype       Static      | .rdata$r
    Section length   14, #relocs    1, #linenums    0, checksum 8E8F07E3, selection    2 (pick any)
1262 00000000 SECT56C notype       External    | ??_R3_System_error_category@std@@8 (std::_System_error_category::`RTTI Class Hierarchy Descriptor')
1263 00000000 SECT56D notype       Static      | .rdata$r
    Section length   1C, #relocs    3, #linenums    0, checksum        0, selection    2 (pick any)
1265 00000000 SECT56D notype       External    | ??_R2_System_error_category@std@@8 (std::_System_error_category::`RTTI Base Class Array')
1266 00000000 SECT56E notype       Static      | .rdata$r
    Section length   24, #relocs    2, #linenums    0, checksum E3E2BA48, selection    2 (pick any)
1268 00000000 SECT56E notype       External    | ??_R1A@?0A@EA@_System_error_category@std@@8 (std::_System_error_category::`RTTI Base Class Descriptor at (0,-1,0,64)')
1269 00000000 SECT56F notype       Static      | .rdata$r
    Section length   24, #relocs    3, #linenums    0, checksum 81256527, selection    2 (pick any)
126B 00000000 SECT56F notype       External    | ??_R4?$_Ref_count@UFileRecord@SessionFileOwner@MilesFileOwner36@@@std@@6B@ (const std::_Ref_count<struct MilesFileOwner36::SessionFileOwner::FileRecord>::`RTTI Complete Object Locator')
126C 00000000 SECT570 notype       Static      | .data$r
    Section length   57, #relocs    1, #linenums    0, checksum F19774B5, selection    2 (pick any)
126E 00000000 SECT570 notype       External    | ??_R0?AV?$_Ref_count@UFileRecord@SessionFileOwner@MilesFileOwner36@@@std@@@8 (class std::_Ref_count<struct MilesFileOwner36::SessionFileOwner::FileRecord> `RTTI Type Descriptor')
126F 00000000 SECT571 notype       Static      | .rdata$r
    Section length   14, #relocs    1, #linenums    0, checksum 4225077D, selection    2 (pick any)
1271 00000000 SECT571 notype       External    | ??_R3?$_Ref_count@UFileRecord@SessionFileOwner@MilesFileOwner36@@@std@@8 (std::_Ref_count<struct MilesFileOwner36::SessionFileOwner::FileRecord>::`RTTI Class Hierarchy Descriptor')
1272 00000000 SECT572 notype       Static      | .rdata$r
    Section length   14, #relocs    2, #linenums    0, checksum        0, selection    2 (pick any)
1274 00000000 SECT572 notype       External    | ??_R2?$_Ref_count@UFileRecord@SessionFileOwner@MilesFileOwner36@@@std@@8 (std::_Ref_count<struct MilesFileOwner36::SessionFileOwner::FileRecord>::`RTTI Base Class Array')
1275 00000000 SECT573 notype       Static      | .rdata$r
    Section length   24, #relocs    2, #linenums    0, checksum BBFC1360, selection    2 (pick any)
1277 00000000 SECT573 notype       External    | ??_R1A@?0A@EA@?$_Ref_count@UFileRecord@SessionFileOwner@MilesFileOwner36@@@std@@8 (std::_Ref_count<struct MilesFileOwner36::SessionFileOwner::FileRecord>::`RTTI Base Class Descriptor at (0,-1,0,64)')
1278 00000000 UNDEF  notype       External     | __security_cookie
1279 00000000 UNDEF  notype       External     | _fltused
127A 00000000 SECT574 notype       Static      | .CRT$XCU
    Section length   20, #relocs    4, #linenums    0, checksum        0
127C 00000000 SECT574 notype       Static      | piecewise_construct$initializer$
127D 00000008 SECT574 notype       Static      | allocator_arg$initializer$
127E 00000010 SECT574 notype       Static      | ignore$initializer$
127F 00000018 SECT574 notype       Static      | _Tuple_alloc$initializer$
1280 00000000 SECT575 notype       Static      | .CRT$XCU
    Section length    8, #relocs    1, #linenums    0, checksum        0, selection    5 (pick associative Section 0x532)
1282 00000000 SECT575 notype       Static      | ?_Generic_object$initializer$@?$_Error_objects@H@std@@2P6AXXZEA (public: static void (__cdecl* std::_Error_objects<int>::_Generic_object$initializer$)(void))
1283 00000000 SECT576 notype       Static      | .CRT$XCU
    Section length    8, #relocs    1, #linenums    0, checksum        0, selection    5 (pick associative Section 0x533)
1285 00000000 SECT576 notype       Static      | ?_Iostream_object$initializer$@?$_Error_objects@H@std@@2P6AXXZEA (public: static void (__cdecl* std::_Error_objects<int>::_Iostream_object$initializer$)(void))
1286 00000000 SECT577 notype       Static      | .CRT$XCU
    Section length    8, #relocs    1, #linenums    0, checksum        0, selection    5 (pick associative Section 0x534)
1288 00000000 SECT577 notype       Static      | ?_System_object$initializer$@?$_Error_objects@H@std@@2P6AXXZEA (public: static void (__cdecl* std::_Error_objects<int>::_System_object$initializer$)(void))
1289 00000000 SECT578 notype       Static      | .CRT$XCU
    Section length    8, #relocs    1, #linenums    0, checksum        0, selection    5 (pick associative Section 0x535)
128B 00000000 SECT578 notype       Static      | ?id$initializer$@?$num_put@DV?$back_insert_iterator@V?$basic_string@DU?$char_traits@D@std@@V?$allocator@D@2@@std@@@std@@@std@@2P6AXXZEA (public: static void (__cdecl* std::num_put<char,class std::back_insert_iterator<class std::basic_string<char,struct std::char_traits<char>,class std::allocator<char> > > >::id$initializer$)(void))
128C 00000000 SECT579 notype       Static      | .CRT$XCU
    Section length    8, #relocs    1, #linenums    0, checksum        0, selection    5 (pick associative Section 0x536)
128E 00000000 SECT579 notype       Static      | ?id$initializer$@?$num_put@_WV?$back_insert_iterator@V?$basic_string@_WU?$char_traits@_W@std@@V?$allocator@_W@2@@std@@@std@@@std@@2P6AXXZEA (public: static void (__cdecl* std::num_put<wchar_t,class std::back_insert_iterator<class std::basic_string<wchar_t,struct std::char_traits<wchar_t>,class std::allocator<wchar_t> > > >::id$initializer$)(void))
128F 00000000 SECT57A notype       Static      | .CRT$XCU
    Section length    8, #relocs    1, #linenums    0, checksum        0, selection    5 (pick associative Section 0x53F)
1291 00000000 SECT57A notype       Static      | ?id$initializer$@?$numpunct@D@std@@2P6AXXZEA (public: static void (__cdecl* std::numpunct<char>::id$initializer$)(void))
1292 00000000 SECT57B notype       Static      | .CRT$XCU
    Section length    8, #relocs    1, #linenums    0, checksum        0, selection    5 (pick associative Section 0x540)
1294 00000000 SECT57B notype       Static      | ?id$initializer$@?$numpunct@_W@std@@2P6AXXZEA (public: static void (__cdecl* std::numpunct<wchar_t>::id$initializer$)(void))

String Table Size = 0x352BD bytes

  Summary

          58 .CRT$XCU
          3C .bss
         1B5 .data$r
          BC .debug$S
         321 .drectve
        12E4 .pdata
         F71 .rdata
         3CC .rdata$r
         128 .text$di
        7E20 .text$mn
         6D7 .text$x
          3F .text$yd
        175C .xdata
          A4 .xdata$x
