Microsoft (R) COFF/PE Dumper Version 12.00.40629.0
Copyright (C) Microsoft Corporation.  All rights reserved.


Dump of file C:\native101\results\x86-paired-bootstrap59-host\x86-paired-bootstrap59-host.obj

File Type: COFF OBJECT

COFF SYMBOL TABLE
000 00E19EB5 ABS    notype       Static       | @comp.id
001 80000191 ABS    notype       Static       | @feat.00
002 00000000 SECT1  notype       Static       | .drectve
    Section length  36A, #relocs    0, #linenums    0, checksum        0
004 00000000 SECT2  notype       Static       | .debug$S
    Section length   A4, #relocs    0, #linenums    0, checksum        0
006 00000000 SECT3  notype       Static       | .rdata
    Section length  216, #relocs    0, #linenums    0, checksum C632FEE6
008 00000000 SECT3  notype       Static       | $SG115877
009 00000014 SECT3  notype       Static       | $SG115882
00A 00000024 SECT3  notype       Static       | $SG115884
00B 00000040 SECT3  notype       Static       | $SG115886
00C 00000050 SECT3  notype       Static       | $SG115891
00D 00000060 SECT3  notype       Static       | $SG115894
00E 0000006C SECT3  notype       Static       | $SG115901
00F 0000007C SECT3  notype       Static       | $SG115903
010 00000090 SECT3  notype       Static       | $SG115904
011 000000A4 SECT3  notype       Static       | $SG115934
012 000000B4 SECT3  notype       Static       | $SG115936
013 000000C8 SECT3  notype       Static       | $SG115937
014 000000EC SECT3  notype       Static       | $SG115945
015 000000F8 SECT3  notype       Static       | $SG115950
016 00000108 SECT3  notype       Static       | $SG115951
017 00000114 SECT3  notype       Static       | $SG115953
018 00000134 SECT3  notype       Static       | $SG115973
019 00000148 SECT3  notype       Static       | $SG115974
01A 00000158 SECT3  notype       Static       | $SG115976
01B 000001A0 SECT3  notype       Static       | $SG115980
01C 000001B8 SECT3  notype       Static       | $SG115991
01D 000001D0 SECT3  notype       Static       | $SG115994
01E 000001E4 SECT3  notype       Static       | $SG115996
01F 000001F8 SECT3  notype       Static       | $SG116001
020 00000208 SECT3  notype       Static       | $SG116003
021 00000000 SECT4  notype       Static       | .text$mn
    Section length 1124, #relocs   98, #linenums    0, checksum 23C1FBD4
023 00000000 SECT5  notype       Static       | .text$x
    Section length   E5, #relocs   16, #linenums    0, checksum 4CDCE8DB
025 00000000 SECT6  notype       Static       | .text$mn
    Section length   10, #relocs    0, #linenums    0, checksum 4436CFFC, selection    2 (pick any)
027 00000000 SECT7  notype       Static       | .text$mn
    Section length   10, #relocs    0, #linenums    0, checksum 4436CFFC, selection    2 (pick any)
029 00000000 SECT8  notype       Static       | .text$mn
    Section length   1C, #relocs    1, #linenums    0, checksum F4C93157, selection    2 (pick any)
02B 00000000 SECT9  notype       Static       | .text$mn
    Section length   1C, #relocs    1, #linenums    0, checksum F4C93157, selection    2 (pick any)
02D 00000000 SECTA  notype       Static       | .text$mn
    Section length    7, #relocs    0, #linenums    0, checksum F9769C6B, selection    2 (pick any)
02F 00000000 SECTB  notype       Static       | .text$mn
    Section length   2A, #relocs    3, #linenums    0, checksum DCD4EFED, selection    2 (pick any)
031 00000000 SECTC  notype       Static       | .text$mn
    Section length   32, #relocs    1, #linenums    0, checksum FC0D68BE, selection    2 (pick any)
033 00000000 SECTD  notype       Static       | .text$mn
    Section length   3A, #relocs    2, #linenums    0, checksum C7A8FC3C, selection    2 (pick any)
035 00000000 SECTE  notype       Static       | .text$mn
    Section length   3A, #relocs    2, #linenums    0, checksum C7A8FC3C, selection    2 (pick any)
037 00000000 SECTF  notype       Static       | .text$mn
    Section length   3E, #relocs    2, #linenums    0, checksum 717E422C, selection    2 (pick any)
039 00000000 SECT10 notype       Static       | .text$mn
    Section length   3E, #relocs    2, #linenums    0, checksum 6B70BEF5, selection    2 (pick any)
03B 00000000 SECT11 notype       Static       | .text$mn
    Section length   3E, #relocs    2, #linenums    0, checksum 82748A93, selection    2 (pick any)
03D 00000000 SECT12 notype       Static       | .text$mn
    Section length   40, #relocs    2, #linenums    0, checksum 7629844C, selection    2 (pick any)
03F 00000000 SECT13 notype       Static       | .text$mn
    Section length   79, #relocs    6, #linenums    0, checksum 924F7024, selection    2 (pick any)
041 00000000 SECT14 notype       Static       | .text$mn
    Section length   34, #relocs    2, #linenums    0, checksum F15866A3, selection    2 (pick any)
043 00000000 SECT15 notype       Static       | .text$mn
    Section length   2B, #relocs    1, #linenums    0, checksum D271D740, selection    2 (pick any)
045 00000000 SECT16 notype       Static       | .text$mn
    Section length   20, #relocs    2, #linenums    0, checksum 8341FA3B, selection    2 (pick any)
047 00000000 SECT17 notype       Static       | .text$mn
    Section length   20, #relocs    2, #linenums    0, checksum 8341FA3B, selection    2 (pick any)
049 00000000 SECT18 notype       Static       | .text$mn
    Section length   20, #relocs    2, #linenums    0, checksum 8341FA3B, selection    2 (pick any)
04B 00000000 SECT19 notype       Static       | .text$mn
    Section length   20, #relocs    2, #linenums    0, checksum 8341FA3B, selection    2 (pick any)
04D 00000000 SECT1A notype       Static       | .text$mn
    Section length   20, #relocs    2, #linenums    0, checksum 8341FA3B, selection    2 (pick any)
04F 00000000 SECT1B notype       Static       | .text$mn
    Section length   52, #relocs    4, #linenums    0, checksum CA45CC3A, selection    2 (pick any)
051 00000000 SECT1C notype       Static       | .text$mn
    Section length   52, #relocs    4, #linenums    0, checksum CA45CC3A, selection    2 (pick any)
053 00000000 SECT1D notype       Static       | .text$mn
    Section length   52, #relocs    4, #linenums    0, checksum CA45CC3A, selection    2 (pick any)
055 00000000 SECT1E notype       Static       | .text$mn
    Section length   52, #relocs    4, #linenums    0, checksum CA45CC3A, selection    2 (pick any)
057 00000000 SECT1F notype       Static       | .text$mn
    Section length   36, #relocs    2, #linenums    0, checksum A0C244B2, selection    2 (pick any)
059 00000000 SECT20 notype       Static       | .text$mn
    Section length   36, #relocs    2, #linenums    0, checksum A0C244B2, selection    2 (pick any)
05B 00000000 SECT21 notype       Static       | .text$mn
    Section length   36, #relocs    2, #linenums    0, checksum A0C244B2, selection    2 (pick any)
05D 00000000 SECT22 notype       Static       | .text$mn
    Section length   36, #relocs    2, #linenums    0, checksum A0C244B2, selection    2 (pick any)
05F 00000000 SECT23 notype       Static       | .text$mn
    Section length   34, #relocs    2, #linenums    0, checksum  CFC7E80, selection    2 (pick any)
061 00000000 SECT24 notype       Static       | .text$mn
    Section length    5, #relocs    0, #linenums    0, checksum 672BE856, selection    2 (pick any)
063 00000000 SECT25 notype       Static       | .text$mn
    Section length   34, #relocs    2, #linenums    0, checksum  CFC7E80, selection    2 (pick any)
065 00000000 SECT26 notype       Static       | .text$mn
    Section length   26, #relocs    1, #linenums    0, checksum 466EC509, selection    2 (pick any)
067 00000000 SECT27 notype       Static       | .text$mn
    Section length   34, #relocs    2, #linenums    0, checksum  CFC7E80, selection    2 (pick any)
069 00000000 SECT28 notype       Static       | .text$mn
    Section length   26, #relocs    1, #linenums    0, checksum 5D3114D9, selection    2 (pick any)
06B 00000000 SECT29 notype       Static       | .text$mn
    Section length   49, #relocs    4, #linenums    0, checksum D2AE8FAE, selection    2 (pick any)
06D 00000000 SECT2A notype       Static       | .text$mn
    Section length   13, #relocs    0, #linenums    0, checksum  3A83E6A, selection    2 (pick any)
06F 00000000 SECT2B notype       Static       | .text$mn
    Section length   13, #relocs    0, #linenums    0, checksum  3A83E6A, selection    2 (pick any)
071 00000000 SECT2C notype       Static       | .text$mn
    Section length   13, #relocs    0, #linenums    0, checksum  3A83E6A, selection    2 (pick any)
073 00000000 SECT2D notype       Static       | .text$mn
    Section length   13, #relocs    0, #linenums    0, checksum  3A83E6A, selection    2 (pick any)
075 00000000 SECT2E notype       Static       | .text$mn
    Section length    8, #relocs    0, #linenums    0, checksum 9FC65074, selection    2 (pick any)
077 00000000 SECT2F notype       Static       | .text$mn
    Section length    8, #relocs    0, #linenums    0, checksum 9FC65074, selection    2 (pick any)
079 00000000 SECT30 notype       Static       | .text$mn
    Section length    8, #relocs    0, #linenums    0, checksum 9FC65074, selection    2 (pick any)
07B 00000000 SECT31 notype       Static       | .text$mn
    Section length    B, #relocs    0, #linenums    0, checksum 731C78BA, selection    2 (pick any)
07D 00000000 SECT32 notype       Static       | .text$mn
    Section length    B, #relocs    0, #linenums    0, checksum 731C78BA, selection    2 (pick any)
07F 00000000 SECT33 notype       Static       | .text$mn
    Section length    B, #relocs    0, #linenums    0, checksum 731C78BA, selection    2 (pick any)
081 00000000 SECT34 notype       Static       | .text$mn
    Section length    B, #relocs    0, #linenums    0, checksum 731C78BA, selection    2 (pick any)
083 00000000 SECT35 notype       Static       | .text$mn
    Section length   10, #relocs    0, #linenums    0, checksum AC55EF42, selection    2 (pick any)
085 00000000 SECT36 notype       Static       | .text$mn
    Section length   10, #relocs    0, #linenums    0, checksum AC55EF42, selection    2 (pick any)
087 00000000 SECT37 notype       Static       | .text$mn
    Section length   10, #relocs    0, #linenums    0, checksum AC55EF42, selection    2 (pick any)
089 00000000 SECT38 notype       Static       | .text$mn
    Section length   15, #relocs    1, #linenums    0, checksum  8FF34F7, selection    2 (pick any)
08B 00000000 SECT39 notype       Static       | .text$mn
    Section length   15, #relocs    1, #linenums    0, checksum  8FF34F7, selection    2 (pick any)
08D 00000000 SECT3A notype       Static       | .text$mn
    Section length   33, #relocs    2, #linenums    0, checksum A0A9D5D2, selection    2 (pick any)
08F 00000000 SECT3B notype       Static       | .text$mn
    Section length   33, #relocs    2, #linenums    0, checksum A0A9D5D2, selection    2 (pick any)
091 00000000 SECT3C notype       Static       | .text$mn
    Section length   B9, #relocs    8, #linenums    0, checksum   E0944A, selection    2 (pick any)
093 00000000 SECT3D notype       Static       | .text$x
    Section length   33, #relocs    6, #linenums    0, checksum 3EE20D79, selection    5 (pick associative Section 0x3C)
095 00000000 SECT3E notype       Static       | .text$mn
    Section length   33, #relocs    2, #linenums    0, checksum A0A9D5D2, selection    2 (pick any)
097 00000000 SECT3F notype       Static       | .text$mn
    Section length   33, #relocs    2, #linenums    0, checksum A0A9D5D2, selection    2 (pick any)
099 00000000 SECT40 notype       Static       | .text$mn
    Section length   33, #relocs    2, #linenums    0, checksum A0A9D5D2, selection    2 (pick any)
09B 00000000 SECT41 notype       Static       | .text$mn
    Section length    8, #relocs    0, #linenums    0, checksum 9FC65074, selection    2 (pick any)
09D 00000000 SECT42 notype       Static       | .text$mn
    Section length    8, #relocs    0, #linenums    0, checksum 9FC65074, selection    2 (pick any)
09F 00000000 SECT43 notype       Static       | .text$mn
    Section length    8, #relocs    0, #linenums    0, checksum 9FC65074, selection    2 (pick any)
0A1 00000000 SECT44 notype       Static       | .text$mn
    Section length    8, #relocs    0, #linenums    0, checksum 9FC65074, selection    2 (pick any)
0A3 00000000 SECT45 notype       Static       | .text$mn
    Section length   56, #relocs    4, #linenums    0, checksum 86348803, selection    2 (pick any)
0A5 00000000 SECT46 notype       Static       | .text$x
    Section length   23, #relocs    4, #linenums    0, checksum E353E7F8, selection    5 (pick associative Section 0x45)
0A7 00000000 SECT47 notype       Static       | .text$mn
    Section length   58, #relocs    5, #linenums    0, checksum AAF97C3B, selection    2 (pick any)
0A9 00000000 SECT48 notype       Static       | .text$mn
    Section length   58, #relocs    5, #linenums    0, checksum AAF97C3B, selection    2 (pick any)
0AB 00000000 SECT49 notype       Static       | .text$mn
    Section length   38, #relocs    2, #linenums    0, checksum 17DF2223, selection    2 (pick any)
0AD 00000000 SECT4A notype       Static       | .text$mn
    Section length   38, #relocs    2, #linenums    0, checksum 17DF2223, selection    2 (pick any)
0AF 00000000 SECT4B notype       Static       | .text$mn
    Section length   17, #relocs    1, #linenums    0, checksum 3BC67B9C, selection    2 (pick any)
0B1 00000000 SECT4C notype       Static       | .text$mn
    Section length   58, #relocs    5, #linenums    0, checksum  928D9D7, selection    2 (pick any)
0B3 00000000 SECT4D notype       Static       | .text$mn
    Section length   45, #relocs    3, #linenums    0, checksum  182625D, selection    2 (pick any)
0B5 00000000 SECT4E notype       Static       | .text$mn
    Section length   45, #relocs    3, #linenums    0, checksum  182625D, selection    2 (pick any)
0B7 00000000 SECT4F notype       Static       | .text$mn
    Section length   EC, #relocs    A, #linenums    0, checksum CCB90645, selection    2 (pick any)
0B9 00000000 SECT50 notype       Static       | .text$x
    Section length   1B, #relocs    3, #linenums    0, checksum 56F72B9E, selection    5 (pick associative Section 0x4F)
0BB 00000000 SECT51 notype       Static       | .text$mn
    Section length   45, #relocs    3, #linenums    0, checksum  182625D, selection    2 (pick any)
0BD 00000000 SECT52 notype       Static       | .text$mn
    Section length   EC, #relocs    A, #linenums    0, checksum EE665365, selection    2 (pick any)
0BF 00000000 SECT53 notype       Static       | .text$x
    Section length   1B, #relocs    3, #linenums    0, checksum 56F72B9E, selection    5 (pick associative Section 0x52)
0C1 00000000 SECT54 notype       Static       | .text$mn
    Section length   47, #relocs    5, #linenums    0, checksum 71FACC09, selection    2 (pick any)
0C3 00000000 SECT55 notype       Static       | .text$mn
    Section length   47, #relocs    5, #linenums    0, checksum 71FACC09, selection    2 (pick any)
0C5 00000000 SECT56 notype       Static       | .text$mn
    Section length   D0, #relocs    B, #linenums    0, checksum FA9503C9, selection    2 (pick any)
0C7 00000000 SECT57 notype       Static       | .text$x
    Section length   2B, #relocs    5, #linenums    0, checksum 3949B1FB, selection    5 (pick associative Section 0x56)
0C9 00000000 SECT58 notype       Static       | .text$mn
    Section length   41, #relocs    3, #linenums    0, checksum DDD052A4, selection    2 (pick any)
0CB 00000000 SECT59 notype       Static       | .text$mn
    Section length   47, #relocs    5, #linenums    0, checksum 71FACC09, selection    2 (pick any)
0CD 00000000 SECT5A notype       Static       | .text$mn
    Section length   47, #relocs    5, #linenums    0, checksum 71FACC09, selection    2 (pick any)
0CF 00000000 SECT5B notype       Static       | .text$mn
    Section length   47, #relocs    5, #linenums    0, checksum 71FACC09, selection    2 (pick any)
0D1 00000000 SECT5C notype       Static       | .text$mn
    Section length    7, #relocs    0, #linenums    0, checksum 96F779C9, selection    2 (pick any)
0D3 00000000 SECT5D notype       Static       | .text$mn
    Section length    7, #relocs    0, #linenums    0, checksum 96F779C9, selection    2 (pick any)
0D5 00000000 SECT5E notype       Static       | .text$mn
    Section length    7, #relocs    0, #linenums    0, checksum 96F779C9, selection    2 (pick any)
0D7 00000000 SECT5F notype       Static       | .text$mn
    Section length    8, #relocs    0, #linenums    0, checksum 9FC65074, selection    2 (pick any)
0D9 00000000 SECT60 notype       Static       | .text$mn
    Section length    8, #relocs    0, #linenums    0, checksum 9FC65074, selection    2 (pick any)
0DB 00000000 SECT61 notype       Static       | .text$mn
    Section length    8, #relocs    0, #linenums    0, checksum 9FC65074, selection    2 (pick any)
0DD 00000000 SECT62 notype       Static       | .text$mn
    Section length    8, #relocs    0, #linenums    0, checksum 9FC65074, selection    2 (pick any)
0DF 00000000 SECT63 notype       Static       | .text$mn
    Section length    8, #relocs    0, #linenums    0, checksum 9FC65074, selection    2 (pick any)
0E1 00000000 SECT64 notype       Static       | .text$mn
    Section length    8, #relocs    0, #linenums    0, checksum 9FC65074, selection    2 (pick any)
0E3 00000000 SECT65 notype       Static       | .text$mn
    Section length    8, #relocs    0, #linenums    0, checksum 9FC65074, selection    2 (pick any)
0E5 00000000 SECT66 notype       Static       | .text$mn
    Section length    8, #relocs    0, #linenums    0, checksum 9FC65074, selection    2 (pick any)
0E7 00000000 SECT67 notype       Static       | .text$mn
    Section length    8, #relocs    0, #linenums    0, checksum 9FC65074, selection    2 (pick any)
0E9 00000000 SECT68 notype       Static       | .text$mn
    Section length    8, #relocs    0, #linenums    0, checksum 9FC65074, selection    2 (pick any)
0EB 00000000 SECT69 notype       Static       | .text$mn
    Section length   41, #relocs    3, #linenums    0, checksum 76F103E5, selection    2 (pick any)
0ED 00000000 SECT6A notype       Static       | .text$mn
    Section length   2A, #relocs    2, #linenums    0, checksum DD7DBD75, selection    2 (pick any)
0EF 00000000 SECT6B notype       Static       | .text$mn
    Section length   86, #relocs    4, #linenums    0, checksum 7F38CCE3, selection    2 (pick any)
0F1 00000000 SECT6C notype       Static       | .text$x
    Section length   2C, #relocs    4, #linenums    0, checksum EBB4DEC8, selection    5 (pick associative Section 0x6B)
0F3 00000000 SECT6D notype       Static       | .text$mn
    Section length   1E, #relocs    2, #linenums    0, checksum FD521FF5, selection    2 (pick any)
0F5 00000000 SECT6E notype       Static       | .text$mn
    Section length   2A, #relocs    2, #linenums    0, checksum DD7DBD75, selection    2 (pick any)
0F7 00000000 SECT6F notype       Static       | .text$mn
    Section length   86, #relocs    4, #linenums    0, checksum 7F38CCE3, selection    2 (pick any)
0F9 00000000 SECT70 notype       Static       | .text$x
    Section length   2C, #relocs    4, #linenums    0, checksum EBB4DEC8, selection    5 (pick associative Section 0x6F)
0FB 00000000 SECT71 notype       Static       | .text$mn
    Section length   1E, #relocs    2, #linenums    0, checksum FD521FF5, selection    2 (pick any)
0FD 00000000 SECT72 notype       Static       | .text$mn
    Section length   2A, #relocs    2, #linenums    0, checksum DD7DBD75, selection    2 (pick any)
0FF 00000000 SECT73 notype       Static       | .text$mn
    Section length   8F, #relocs    4, #linenums    0, checksum 6D88C9F3, selection    2 (pick any)
101 00000000 SECT74 notype       Static       | .text$x
    Section length   2C, #relocs    4, #linenums    0, checksum FCE570C4, selection    5 (pick associative Section 0x73)
103 00000000 SECT75 notype       Static       | .text$mn
    Section length   1E, #relocs    2, #linenums    0, checksum FD521FF5, selection    2 (pick any)
105 00000000 SECT76 notype       Static       | .text$mn
    Section length   2A, #relocs    2, #linenums    0, checksum DD7DBD75, selection    2 (pick any)
107 00000000 SECT77 notype       Static       | .text$mn
    Section length   92, #relocs    4, #linenums    0, checksum A6B9FDD3, selection    2 (pick any)
109 00000000 SECT78 notype       Static       | .text$x
    Section length   2C, #relocs    4, #linenums    0, checksum EBB4DEC8, selection    5 (pick associative Section 0x77)
10B 00000000 SECT79 notype       Static       | .text$mn
    Section length   1E, #relocs    2, #linenums    0, checksum FD521FF5, selection    2 (pick any)
10D 00000000 SECT7A notype       Static       | .text$mn
    Section length   2A, #relocs    2, #linenums    0, checksum DD7DBD75, selection    2 (pick any)
10F 00000000 SECT7B notype       Static       | .text$mn
    Section length   1E, #relocs    2, #linenums    0, checksum FD521FF5, selection    2 (pick any)
111 00000000 SECT7C notype       Static       | .text$mn
    Section length   2A, #relocs    2, #linenums    0, checksum DD7DBD75, selection    2 (pick any)
113 00000000 SECT7D notype       Static       | .text$mn
    Section length   92, #relocs    4, #linenums    0, checksum A6B9FDD3, selection    2 (pick any)
115 00000000 SECT7E notype       Static       | .text$x
    Section length   2C, #relocs    4, #linenums    0, checksum EBB4DEC8, selection    5 (pick associative Section 0x7D)
117 00000000 SECT7F notype       Static       | .text$mn
    Section length   1E, #relocs    2, #linenums    0, checksum FD521FF5, selection    2 (pick any)
119 00000000 SECT80 notype       Static       | .text$mn
    Section length   2A, #relocs    2, #linenums    0, checksum DD7DBD75, selection    2 (pick any)
11B 00000000 SECT81 notype       Static       | .text$mn
    Section length   8C, #relocs    4, #linenums    0, checksum 2EBC7424, selection    2 (pick any)
11D 00000000 SECT82 notype       Static       | .text$x
    Section length   2C, #relocs    4, #linenums    0, checksum EBB4DEC8, selection    5 (pick associative Section 0x81)
11F 00000000 SECT83 notype       Static       | .text$mn
    Section length   1E, #relocs    2, #linenums    0, checksum FD521FF5, selection    2 (pick any)
121 00000000 SECT84 notype       Static       | .text$mn
    Section length   1D, #relocs    1, #linenums    0, checksum  194F6F6, selection    2 (pick any)
123 00000000 SECT85 notype       Static       | .text$mn
    Section length    D, #relocs    0, #linenums    0, checksum FEDA5EFE, selection    2 (pick any)
125 00000000 SECT86 notype       Static       | .text$mn
    Section length   11, #relocs    1, #linenums    0, checksum 3F64F992, selection    2 (pick any)
127 00000000 SECT87 notype       Static       | .text$mn
    Section length   1D, #relocs    1, #linenums    0, checksum  194F6F6, selection    2 (pick any)
129 00000000 SECT88 notype       Static       | .text$mn
    Section length    D, #relocs    0, #linenums    0, checksum FEDA5EFE, selection    2 (pick any)
12B 00000000 SECT89 notype       Static       | .text$mn
    Section length   11, #relocs    1, #linenums    0, checksum 3F64F992, selection    2 (pick any)
12D 00000000 SECT8A notype       Static       | .text$mn
    Section length   1D, #relocs    1, #linenums    0, checksum  194F6F6, selection    2 (pick any)
12F 00000000 SECT8B notype       Static       | .text$mn
    Section length    D, #relocs    0, #linenums    0, checksum FEDA5EFE, selection    2 (pick any)
131 00000000 SECT8C notype       Static       | .text$mn
    Section length   11, #relocs    1, #linenums    0, checksum 3F64F992, selection    2 (pick any)
133 00000000 SECT8D notype       Static       | .text$mn
    Section length   1D, #relocs    1, #linenums    0, checksum  194F6F6, selection    2 (pick any)
135 00000000 SECT8E notype       Static       | .text$mn
    Section length    D, #relocs    0, #linenums    0, checksum FEDA5EFE, selection    2 (pick any)
137 00000000 SECT8F notype       Static       | .text$mn
    Section length   11, #relocs    1, #linenums    0, checksum 3F64F992, selection    2 (pick any)
139 00000000 SECT90 notype       Static       | .text$mn
    Section length   1D, #relocs    1, #linenums    0, checksum  194F6F6, selection    2 (pick any)
13B 00000000 SECT91 notype       Static       | .text$mn
    Section length    D, #relocs    0, #linenums    0, checksum FEDA5EFE, selection    2 (pick any)
13D 00000000 SECT92 notype       Static       | .text$mn
    Section length   11, #relocs    1, #linenums    0, checksum 3F64F992, selection    2 (pick any)
13F 00000000 SECT93 notype       Static       | .text$mn
    Section length   1D, #relocs    1, #linenums    0, checksum  194F6F6, selection    2 (pick any)
141 00000000 SECT94 notype       Static       | .text$mn
    Section length   17, #relocs    1, #linenums    0, checksum FB5C9BC6, selection    2 (pick any)
143 00000000 SECT95 notype       Static       | .text$mn
    Section length   11, #relocs    1, #linenums    0, checksum 3F64F992, selection    2 (pick any)
145 00000000 SECT96 notype       Static       | .text$mn
    Section length   1D, #relocs    1, #linenums    0, checksum  194F6F6, selection    2 (pick any)
147 00000000 SECT97 notype       Static       | .text$mn
    Section length    D, #relocs    0, #linenums    0, checksum FEDA5EFE, selection    2 (pick any)
149 00000000 SECT98 notype       Static       | .text$mn
    Section length   11, #relocs    1, #linenums    0, checksum 3F64F992, selection    2 (pick any)
14B 00000000 SECT99 notype       Static       | .text$mn
    Section length   1D, #relocs    1, #linenums    0, checksum  194F6F6, selection    2 (pick any)
14D 00000000 SECT9A notype       Static       | .text$mn
    Section length    D, #relocs    0, #linenums    0, checksum FEDA5EFE, selection    2 (pick any)
14F 00000000 SECT9B notype       Static       | .text$mn
    Section length   11, #relocs    1, #linenums    0, checksum 3F64F992, selection    2 (pick any)
151 00000000 SECT9C notype       Static       | .text$mn
    Section length   1D, #relocs    1, #linenums    0, checksum  194F6F6, selection    2 (pick any)
153 00000000 SECT9D notype       Static       | .text$mn
    Section length    D, #relocs    0, #linenums    0, checksum FEDA5EFE, selection    2 (pick any)
155 00000000 SECT9E notype       Static       | .text$mn
    Section length   11, #relocs    1, #linenums    0, checksum 3F64F992, selection    2 (pick any)
157 00000000 SECT9F notype       Static       | .text$mn
    Section length   1D, #relocs    1, #linenums    0, checksum  194F6F6, selection    2 (pick any)
159 00000000 SECTA0 notype       Static       | .text$mn
    Section length   17, #relocs    1, #linenums    0, checksum FB5C9BC6, selection    2 (pick any)
15B 00000000 SECTA1 notype       Static       | .text$mn
    Section length   11, #relocs    1, #linenums    0, checksum 3F64F992, selection    2 (pick any)
15D 00000000 SECTA2 notype       Static       | .text$mn
    Section length   3E, #relocs    2, #linenums    0, checksum B4C59283, selection    2 (pick any)
15F 00000000 SECTA3 notype       Static       | .text$mn
    Section length    8, #relocs    0, #linenums    0, checksum 9FC65074, selection    2 (pick any)
161 00000000 SECTA4 notype       Static       | .text$mn
    Section length    8, #relocs    0, #linenums    0, checksum 9FC65074, selection    2 (pick any)
163 00000000 SECTA5 notype       Static       | .text$mn
    Section length    8, #relocs    0, #linenums    0, checksum 9FC65074, selection    2 (pick any)
165 00000000 SECTA6 notype       Static       | .text$mn
    Section length    8, #relocs    0, #linenums    0, checksum 9FC65074, selection    2 (pick any)
167 00000000 SECTA7 notype       Static       | .text$mn
    Section length    8, #relocs    0, #linenums    0, checksum 9FC65074, selection    2 (pick any)
169 00000000 SECTA8 notype       Static       | .text$mn
    Section length    8, #relocs    0, #linenums    0, checksum 9FC65074, selection    2 (pick any)
16B 00000000 SECTA9 notype       Static       | .text$mn
    Section length    8, #relocs    0, #linenums    0, checksum 9FC65074, selection    2 (pick any)
16D 00000000 SECTAA notype       Static       | .text$mn
    Section length    8, #relocs    0, #linenums    0, checksum 9FC65074, selection    2 (pick any)
16F 00000000 SECTAB notype       Static       | .text$mn
    Section length   3F, #relocs    3, #linenums    0, checksum 6BAE4636, selection    2 (pick any)
171 00000000 SECTAC notype       Static       | .text$mn
    Section length   3F, #relocs    3, #linenums    0, checksum DF9AA485, selection    2 (pick any)
173 00000000 SECTAD notype       Static       | .text$mn
    Section length   3F, #relocs    3, #linenums    0, checksum DF9AA485, selection    2 (pick any)
175 00000000 SECTAE notype       Static       | .text$mn
    Section length   1C, #relocs    1, #linenums    0, checksum F4C93157, selection    2 (pick any)
177 00000000 SECTAF notype       Static       | .text$mn
    Section length   16, #relocs    1, #linenums    0, checksum  FE9A807, selection    2 (pick any)
179 00000000 SECTB0 notype       Static       | .text$mn
    Section length   1C, #relocs    1, #linenums    0, checksum F4C93157, selection    2 (pick any)
17B 00000000 SECTB1 notype       Static       | .text$mn
    Section length   16, #relocs    1, #linenums    0, checksum  FE9A807, selection    2 (pick any)
17D 00000000 SECTB2 notype       Static       | .text$mn
    Section length   1C, #relocs    1, #linenums    0, checksum F4C93157, selection    2 (pick any)
17F 00000000 SECTB3 notype       Static       | .text$mn
    Section length   16, #relocs    1, #linenums    0, checksum  FE9A807, selection    2 (pick any)
181 00000000 SECTB4 notype       Static       | .text$mn
    Section length   16, #relocs    1, #linenums    0, checksum  FE9A807, selection    2 (pick any)
183 00000000 SECTB5 notype       Static       | .text$mn
    Section length   A4, #relocs    8, #linenums    0, checksum 226B7D05, selection    2 (pick any)
185 00000000 SECTB6 notype       Static       | .text$x
    Section length   23, #relocs    4, #linenums    0, checksum 1B2983E5, selection    5 (pick associative Section 0xB5)
187 00000000 SECTB7 notype       Static       | .text$mn
    Section length   1C, #relocs    1, #linenums    0, checksum F4C93157, selection    2 (pick any)
189 00000000 SECTB8 notype       Static       | .text$mn
    Section length   2A, #relocs    1, #linenums    0, checksum 78032BEF, selection    2 (pick any)
18B 00000000 SECTB9 notype       Static       | .text$mn
    Section length   58, #relocs    4, #linenums    0, checksum CEE6C226, selection    2 (pick any)
18D 00000000 SECTBA notype       Static       | .text$x
    Section length   23, #relocs    4, #linenums    0, checksum 5B6E1E5A, selection    5 (pick associative Section 0xB9)
18F 00000000 SECTBB notype       Static       | .text$mn
    Section length   2A, #relocs    1, #linenums    0, checksum DDEC8C52, selection    2 (pick any)
191 00000000 SECTBC notype       Static       | .text$mn
    Section length   1C, #relocs    1, #linenums    0, checksum F4C93157, selection    2 (pick any)
193 00000000 SECTBD notype       Static       | .text$mn
    Section length   20, #relocs    1, #linenums    0, checksum 39ADB9E7, selection    2 (pick any)
195 00000000 SECTBE notype       Static       | .text$mn
    Section length   1C, #relocs    1, #linenums    0, checksum F4C93157, selection    2 (pick any)
197 00000000 SECTBF notype       Static       | .text$mn
    Section length   20, #relocs    1, #linenums    0, checksum 39ADB9E7, selection    2 (pick any)
199 00000000 SECTC0 notype       Static       | .text$mn
    Section length   20, #relocs    1, #linenums    0, checksum 39ADB9E7, selection    2 (pick any)
19B 00000000 SECTC1 notype       Static       | .text$mn
    Section length   20, #relocs    1, #linenums    0, checksum 39ADB9E7, selection    2 (pick any)
19D 00000000 SECTC2 notype       Static       | .text$mn
    Section length   28, #relocs    1, #linenums    0, checksum 995C1DC8, selection    2 (pick any)
19F 00000000 SECTC3 notype       Static       | .text$mn
    Section length   65, #relocs    4, #linenums    0, checksum  B9F694A, selection    2 (pick any)
1A1 00000000 SECTC4 notype       Static       | .text$x
    Section length   23, #relocs    4, #linenums    0, checksum 5B6E1E5A, selection    5 (pick associative Section 0xC3)
1A3 00000000 SECTC5 notype       Static       | .text$mn
    Section length   28, #relocs    1, #linenums    0, checksum 995C1DC8, selection    2 (pick any)
1A5 00000000 SECTC6 notype       Static       | .text$mn
    Section length   65, #relocs    4, #linenums    0, checksum  B9F694A, selection    2 (pick any)
1A7 00000000 SECTC7 notype       Static       | .text$x
    Section length   23, #relocs    4, #linenums    0, checksum 5B6E1E5A, selection    5 (pick associative Section 0xC6)
1A9 00000000 SECTC8 notype       Static       | .text$mn
    Section length   20, #relocs    1, #linenums    0, checksum 60481A75, selection    2 (pick any)
1AB 00000000 SECTC9 notype       Static       | .text$mn
    Section length   58, #relocs    4, #linenums    0, checksum CEE6C226, selection    2 (pick any)
1AD 00000000 SECTCA notype       Static       | .text$x
    Section length   23, #relocs    4, #linenums    0, checksum 5B6E1E5A, selection    5 (pick associative Section 0xC9)
1AF 00000000 SECTCB notype       Static       | .text$mn
    Section length   58, #relocs    4, #linenums    0, checksum CEE6C226, selection    2 (pick any)
1B1 00000000 SECTCC notype       Static       | .text$x
    Section length   23, #relocs    4, #linenums    0, checksum 5B6E1E5A, selection    5 (pick associative Section 0xCB)
1B3 00000000 SECTCD notype       Static       | .text$mn
    Section length   58, #relocs    4, #linenums    0, checksum CEE6C226, selection    2 (pick any)
1B5 00000000 SECTCE notype       Static       | .text$x
    Section length   23, #relocs    4, #linenums    0, checksum 5B6E1E5A, selection    5 (pick associative Section 0xCD)
1B7 00000000 SECTCF notype       Static       | .text$mn
    Section length   28, #relocs    1, #linenums    0, checksum 995C1DC8, selection    2 (pick any)
1B9 00000000 SECTD0 notype       Static       | .text$mn
    Section length   65, #relocs    4, #linenums    0, checksum  B9F694A, selection    2 (pick any)
1BB 00000000 SECTD1 notype       Static       | .text$x
    Section length   23, #relocs    4, #linenums    0, checksum 5B6E1E5A, selection    5 (pick associative Section 0xD0)
1BD 00000000 SECTD2 notype       Static       | .text$mn
    Section length   65, #relocs    4, #linenums    0, checksum  B9F694A, selection    2 (pick any)
1BF 00000000 SECTD3 notype       Static       | .text$x
    Section length   23, #relocs    4, #linenums    0, checksum 5B6E1E5A, selection    5 (pick associative Section 0xD2)
1C1 00000000 SECTD4 notype       Static       | .text$mn
    Section length   20, #relocs    1, #linenums    0, checksum 39ADB9E7, selection    2 (pick any)
1C3 00000000 SECTD5 notype       Static       | .text$mn
    Section length   34, #relocs    1, #linenums    0, checksum 2B95B42E, selection    2 (pick any)
1C5 00000000 SECTD6 notype       Static       | .text$mn
    Section length   34, #relocs    1, #linenums    0, checksum 2B95B42E, selection    2 (pick any)
1C7 00000000 SECTD7 notype       Static       | .text$mn
    Section length   34, #relocs    1, #linenums    0, checksum 2B95B42E, selection    2 (pick any)
1C9 00000000 SECTD8 notype       Static       | .text$mn
    Section length   16, #relocs    1, #linenums    0, checksum  FE9A807, selection    2 (pick any)
1CB 00000000 SECTD9 notype       Static       | .text$mn
    Section length   1C, #relocs    1, #linenums    0, checksum F4C93157, selection    2 (pick any)
1CD 00000000 SECTDA notype       Static       | .text$mn
    Section length   16, #relocs    1, #linenums    0, checksum  FE9A807, selection    2 (pick any)
1CF 00000000 SECTDB notype       Static       | .text$mn
    Section length   16, #relocs    1, #linenums    0, checksum  FE9A807, selection    2 (pick any)
1D1 00000000 SECTDC notype       Static       | .text$mn
    Section length   16, #relocs    1, #linenums    0, checksum  FE9A807, selection    2 (pick any)
1D3 00000000 SECTDD notype       Static       | .text$mn
    Section length   16, #relocs    1, #linenums    0, checksum  FE9A807, selection    2 (pick any)
1D5 00000000 SECTDE notype       Static       | .text$mn
    Section length   16, #relocs    1, #linenums    0, checksum  FE9A807, selection    2 (pick any)
1D7 00000000 SECTDF notype       Static       | .text$mn
    Section length   16, #relocs    1, #linenums    0, checksum  FE9A807, selection    2 (pick any)
1D9 00000000 SECTE0 notype       Static       | .text$mn
    Section length   16, #relocs    1, #linenums    0, checksum  FE9A807, selection    2 (pick any)
1DB 00000000 SECTE1 notype       Static       | .text$mn
    Section length    E, #relocs    0, #linenums    0, checksum 4DE4BFBE, selection    2 (pick any)
1DD 00000000 SECTE2 notype       Static       | .text$mn
    Section length   10, #relocs    0, #linenums    0, checksum 4436CFFC, selection    2 (pick any)
1DF 00000000 SECTE3 notype       Static       | .text$mn
    Section length    E, #relocs    0, #linenums    0, checksum 4DE4BFBE, selection    2 (pick any)
1E1 00000000 SECTE4 notype       Static       | .text$mn
    Section length    E, #relocs    0, #linenums    0, checksum 4DE4BFBE, selection    2 (pick any)
1E3 00000000 SECTE5 notype       Static       | .text$mn
    Section length    E, #relocs    0, #linenums    0, checksum 4DE4BFBE, selection    2 (pick any)
1E5 00000000 SECTE6 notype       Static       | .text$mn
    Section length    E, #relocs    0, #linenums    0, checksum 4DE4BFBE, selection    2 (pick any)
1E7 00000000 SECTE7 notype       Static       | .text$mn
    Section length    E, #relocs    0, #linenums    0, checksum 4DE4BFBE, selection    2 (pick any)
1E9 00000000 SECTE8 notype       Static       | .text$mn
    Section length    E, #relocs    0, #linenums    0, checksum 4DE4BFBE, selection    2 (pick any)
1EB 00000000 SECTE9 notype       Static       | .text$mn
    Section length    E, #relocs    0, #linenums    0, checksum 4DE4BFBE, selection    2 (pick any)
1ED 00000000 SECTEA notype       Static       | .text$mn
    Section length    E, #relocs    0, #linenums    0, checksum 4DE4BFBE, selection    2 (pick any)
1EF 00000000 SECTEB notype       Static       | .text$mn
    Section length   73, #relocs    6, #linenums    0, checksum 87DD930B, selection    2 (pick any)
1F1 00000000 SECTEC notype       Static       | .text$x
    Section length   23, #relocs    4, #linenums    0, checksum 2973A6F7, selection    5 (pick associative Section 0xEB)
1F3 00000000 SECTED notype       Static       | .text$mn
    Section length    E, #relocs    0, #linenums    0, checksum 4DE4BFBE, selection    2 (pick any)
1F5 00000000 SECTEE notype       Static       | .text$mn
    Section length   21, #relocs    2, #linenums    0, checksum 7FD47114, selection    2 (pick any)
1F7 00000000 SECTEF notype       Static       | .text$mn
    Section length   18, #relocs    1, #linenums    0, checksum BFC4B2E0, selection    2 (pick any)
1F9 00000000 SECTF0 notype       Static       | .text$mn
    Section length   7E, #relocs    6, #linenums    0, checksum A4A1AA23, selection    2 (pick any)
1FB 00000000 SECTF1 notype       Static       | .text$x
    Section length   23, #relocs    4, #linenums    0, checksum 2973A6F7, selection    5 (pick associative Section 0xF0)
1FD 00000000 SECTF2 notype       Static       | .text$mn
    Section length   FC, #relocs    D, #linenums    0, checksum 98DF2823, selection    2 (pick any)
1FF 00000000 SECTF3 notype       Static       | .text$x
    Section length   23, #relocs    4, #linenums    0, checksum A4578A0D, selection    5 (pick associative Section 0xF2)
201 00000000 SECTF4 notype       Static       | .text$mn
    Section length   21, #relocs    2, #linenums    0, checksum 7FD47114, selection    2 (pick any)
203 00000000 SECTF5 notype       Static       | .text$mn
    Section length   21, #relocs    2, #linenums    0, checksum 7FD47114, selection    2 (pick any)
205 00000000 SECTF6 notype       Static       | .text$mn
    Section length   21, #relocs    2, #linenums    0, checksum 7FD47114, selection    2 (pick any)
207 00000000 SECTF7 notype       Static       | .text$mn
    Section length  2EE, #relocs   1B, #linenums    0, checksum  ECD5803, selection    2 (pick any)
209 00000000 SECTF8 notype       Static       | .text$x
    Section length   87, #relocs    B, #linenums    0, checksum 8307BE9F, selection    5 (pick associative Section 0xF7)
20B 00000000 SECTF9 notype       Static       | .text$mn
    Section length   21, #relocs    0, #linenums    0, checksum  7EE8099, selection    2 (pick any)
20D 00000000 SECTFA notype       Static       | .text$mn
    Section length   53, #relocs    0, #linenums    0, checksum AD4A962C, selection    2 (pick any)
20F 00000000 SECTFB notype       Static       | .text$mn
    Section length   2F, #relocs    1, #linenums    0, checksum 5222C5A3, selection    2 (pick any)
211 00000000 SECTFC notype       Static       | .text$mn
    Section length   3C, #relocs    0, #linenums    0, checksum 9B0B2115, selection    2 (pick any)
213 00000000 SECTFD notype       Static       | .text$mn
    Section length   7D, #relocs    4, #linenums    0, checksum C8969972, selection    2 (pick any)
215 00000000 SECTFE notype       Static       | .text$x
    Section length   26, #relocs    4, #linenums    0, checksum 978DD655, selection    5 (pick associative Section 0xFD)
217 00000000 SECTFF notype       Static       | .text$mn
    Section length   6C, #relocs    5, #linenums    0, checksum 9ED0DF82, selection    2 (pick any)
219 00000000 SECT100 notype       Static      | .text$x
    Section length   26, #relocs    4, #linenums    0, checksum 80DC7859, selection    5 (pick associative Section 0xFF)
21B 00000000 SECT101 notype       Static      | .text$mn
    Section length   17, #relocs    0, #linenums    0, checksum DCB33672, selection    2 (pick any)
21D 00000000 SECT102 notype       Static      | .text$mn
    Section length   2A, #relocs    2, #linenums    0, checksum 647D39DB, selection    2 (pick any)
21F 00000000 SECT103 notype       Static      | .text$mn
    Section length   27, #relocs    0, #linenums    0, checksum CDE3493F, selection    2 (pick any)
221 00000000 SECT104 notype       Static      | .text$mn
    Section length   17, #relocs    1, #linenums    0, checksum DCB33672, selection    2 (pick any)
223 00000000 SECT105 notype       Static      | .text$mn
    Section length   91, #relocs    7, #linenums    0, checksum D555FFB8, selection    2 (pick any)
225 00000000 SECT106 notype       Static      | .text$x
    Section length   23, #relocs    4, #linenums    0, checksum 7E659544, selection    5 (pick associative Section 0x105)
227 00000000 SECT107 notype       Static      | .text$mn
    Section length   20, #relocs    1, #linenums    0, checksum EDDC99F8, selection    2 (pick any)
229 00000000 SECT108 notype       Static      | .text$mn
    Section length   17, #relocs    0, #linenums    0, checksum DCB33672, selection    2 (pick any)
22B 00000000 SECT109 notype       Static      | .text$mn
    Section length   21, #relocs    0, #linenums    0, checksum  9AF886A, selection    2 (pick any)
22D 00000000 SECT10A notype       Static      | .text$mn
    Section length   1F, #relocs    2, #linenums    0, checksum 6D4DB221, selection    2 (pick any)
22F 00000000 SECT10B notype       Static      | .text$mn
    Section length    E, #relocs    0, #linenums    0, checksum 4DE4BFBE, selection    2 (pick any)
231 00000000 SECT10C notype       Static      | .text$mn
    Section length   1F, #relocs    2, #linenums    0, checksum 6D4DB221, selection    2 (pick any)
233 00000000 SECT10D notype       Static      | .text$mn
    Section length   2F, #relocs    1, #linenums    0, checksum F165C871, selection    2 (pick any)
235 00000000 SECT10E notype       Static      | .text$mn
    Section length   21, #relocs    0, #linenums    0, checksum  9AF886A, selection    2 (pick any)
237 00000000 SECT10F notype       Static      | .text$mn
    Section length   1F, #relocs    2, #linenums    0, checksum 6D4DB221, selection    2 (pick any)
239 00000000 SECT110 notype       Static      | .text$mn
    Section length   17, #relocs    1, #linenums    0, checksum DCB33672, selection    2 (pick any)
23B 00000000 SECT111 notype       Static      | .text$mn
    Section length   21, #relocs    0, #linenums    0, checksum  7EE8099, selection    2 (pick any)
23D 00000000 SECT112 notype       Static      | .text$mn
    Section length   18, #relocs    0, #linenums    0, checksum 929BE4BF, selection    2 (pick any)
23F 00000000 SECT113 notype       Static      | .text$mn
    Section length   25, #relocs    2, #linenums    0, checksum C8EE1089, selection    2 (pick any)
241 00000000 SECT114 notype       Static      | .text$mn
    Section length   25, #relocs    2, #linenums    0, checksum C8EE1089, selection    2 (pick any)
243 00000000 SECT115 notype       Static      | .text$mn
    Section length   25, #relocs    2, #linenums    0, checksum C8EE1089, selection    2 (pick any)
245 00000000 SECT116 notype       Static      | .text$mn
    Section length   25, #relocs    2, #linenums    0, checksum 41AC5AB9, selection    2 (pick any)
247 00000000 SECT117 notype       Static      | .text$mn
    Section length   25, #relocs    2, #linenums    0, checksum C8EE1089, selection    2 (pick any)
249 00000000 SECT118 notype       Static      | .text$mn
    Section length   25, #relocs    2, #linenums    0, checksum 41AC5AB9, selection    2 (pick any)
24B 00000000 SECT119 notype       Static      | .text$mn
    Section length   13, #relocs    1, #linenums    0, checksum 58B0A1A3, selection    2 (pick any)
24D 00000000 SECT11A notype       Static      | .text$mn
    Section length   13, #relocs    1, #linenums    0, checksum 58B0A1A3, selection    2 (pick any)
24F 00000000 SECT11B notype       Static      | .text$mn
    Section length   13, #relocs    1, #linenums    0, checksum 58B0A1A3, selection    2 (pick any)
251 00000000 SECT11C notype       Static      | .text$mn
    Section length   13, #relocs    1, #linenums    0, checksum 58B0A1A3, selection    2 (pick any)
253 00000000 SECT11D notype       Static      | .text$mn
    Section length   2A, #relocs    3, #linenums    0, checksum 6783B165, selection    2 (pick any)
255 00000000 SECT11E notype       Static      | .text$mn
    Section length   13, #relocs    1, #linenums    0, checksum 58B0A1A3, selection    2 (pick any)
257 00000000 SECT11F notype       Static      | .text$mn
    Section length   13, #relocs    1, #linenums    0, checksum 58B0A1A3, selection    2 (pick any)
259 00000000 SECT120 notype       Static      | .text$mn
    Section length   1B, #relocs    2, #linenums    0, checksum 423E1A34, selection    2 (pick any)
25B 00000000 SECT121 notype       Static      | .text$mn
    Section length   13, #relocs    1, #linenums    0, checksum 58B0A1A3, selection    2 (pick any)
25D 00000000 SECT122 notype       Static      | .text$mn
    Section length   1B, #relocs    2, #linenums    0, checksum 423E1A34, selection    2 (pick any)
25F 00000000 SECT123 notype       Static      | .text$mn
    Section length   1B, #relocs    2, #linenums    0, checksum 423E1A34, selection    2 (pick any)
261 00000000 SECT124 notype       Static      | .text$mn
    Section length   2A, #relocs    3, #linenums    0, checksum 6783B165, selection    2 (pick any)
263 00000000 SECT125 notype       Static      | .text$mn
    Section length   2A, #relocs    3, #linenums    0, checksum 6783B165, selection    2 (pick any)
265 00000000 SECT126 notype       Static      | .text$mn
    Section length   13, #relocs    1, #linenums    0, checksum 58B0A1A3, selection    2 (pick any)
267 00000000 SECT127 notype       Static      | .text$mn
    Section length   13, #relocs    1, #linenums    0, checksum 58B0A1A3, selection    2 (pick any)
269 00000000 SECT128 notype       Static      | .text$mn
    Section length   13, #relocs    1, #linenums    0, checksum 58B0A1A3, selection    2 (pick any)
26B 00000000 SECT129 notype       Static      | .text$mn
    Section length   13, #relocs    1, #linenums    0, checksum 58B0A1A3, selection    2 (pick any)
26D 00000000 SECT12A notype       Static      | .text$mn
    Section length   13, #relocs    1, #linenums    0, checksum 58B0A1A3, selection    2 (pick any)
26F 00000000 SECT12B notype       Static      | .text$mn
    Section length   13, #relocs    1, #linenums    0, checksum 58B0A1A3, selection    2 (pick any)
271 00000000 SECT12C notype       Static      | .text$mn
    Section length   13, #relocs    1, #linenums    0, checksum 58B0A1A3, selection    2 (pick any)
273 00000000 SECT12D notype       Static      | .text$mn
    Section length   13, #relocs    1, #linenums    0, checksum 58B0A1A3, selection    2 (pick any)
275 00000000 SECT12E notype       Static      | .text$mn
    Section length   13, #relocs    1, #linenums    0, checksum 58B0A1A3, selection    2 (pick any)
277 00000000 SECT12F notype       Static      | .text$mn
    Section length   13, #relocs    1, #linenums    0, checksum 58B0A1A3, selection    2 (pick any)
279 00000000 SECT130 notype       Static      | .text$mn
    Section length   13, #relocs    1, #linenums    0, checksum 58B0A1A3, selection    2 (pick any)
27B 00000000 SECT131 notype       Static      | .text$mn
    Section length   13, #relocs    1, #linenums    0, checksum 58B0A1A3, selection    2 (pick any)
27D 00000000 SECT132 notype       Static      | .text$mn
    Section length   1B, #relocs    2, #linenums    0, checksum 423E1A34, selection    2 (pick any)
27F 00000000 SECT133 notype       Static      | .text$mn
    Section length   1B, #relocs    2, #linenums    0, checksum 423E1A34, selection    2 (pick any)
281 00000000 SECT134 notype       Static      | .text$mn
    Section length   1B, #relocs    2, #linenums    0, checksum 423E1A34, selection    2 (pick any)
283 00000000 SECT135 notype       Static      | .text$mn
    Section length   13, #relocs    1, #linenums    0, checksum 58B0A1A3, selection    2 (pick any)
285 00000000 SECT136 notype       Static      | .text$mn
    Section length   13, #relocs    1, #linenums    0, checksum 58B0A1A3, selection    2 (pick any)
287 00000000 SECT137 notype       Static      | .text$mn
    Section length   13, #relocs    1, #linenums    0, checksum 58B0A1A3, selection    2 (pick any)
289 00000000 SECT138 notype       Static      | .text$mn
    Section length   13, #relocs    1, #linenums    0, checksum 58B0A1A3, selection    2 (pick any)
28B 00000000 SECT139 notype       Static      | .text$mn
    Section length   13, #relocs    1, #linenums    0, checksum 58B0A1A3, selection    2 (pick any)
28D 00000000 SECT13A notype       Static      | .text$mn
    Section length   13, #relocs    1, #linenums    0, checksum 58B0A1A3, selection    2 (pick any)
28F 00000000 SECT13B notype       Static      | .text$mn
    Section length   1F, #relocs    2, #linenums    0, checksum EC8D52DE, selection    2 (pick any)
291 00000000 SECT13C notype       Static      | .text$mn
    Section length   1B, #relocs    2, #linenums    0, checksum 423E1A34, selection    2 (pick any)
293 00000000 SECT13D notype       Static      | .text$mn
    Section length   13, #relocs    1, #linenums    0, checksum 58B0A1A3, selection    2 (pick any)
295 00000000 SECT13E notype       Static      | .text$mn
    Section length   13, #relocs    1, #linenums    0, checksum 58B0A1A3, selection    2 (pick any)
297 00000000 SECT13F notype       Static      | .text$mn
    Section length   16, #relocs    1, #linenums    0, checksum FC77683D, selection    2 (pick any)
299 00000000 SECT140 notype       Static      | .text$mn
    Section length   28, #relocs    2, #linenums    0, checksum 718EAD27, selection    2 (pick any)
29B 00000000 SECT141 notype       Static      | .text$mn
    Section length   1B, #relocs    2, #linenums    0, checksum 423E1A34, selection    2 (pick any)
29D 00000000 SECT142 notype       Static      | .text$mn
    Section length   1B, #relocs    2, #linenums    0, checksum 423E1A34, selection    2 (pick any)
29F 00000000 SECT143 notype       Static      | .text$mn
    Section length   1B, #relocs    2, #linenums    0, checksum 423E1A34, selection    2 (pick any)
2A1 00000000 SECT144 notype       Static      | .text$mn
    Section length   13, #relocs    1, #linenums    0, checksum 58B0A1A3, selection    2 (pick any)
2A3 00000000 SECT145 notype       Static      | .text$mn
    Section length   24, #relocs    2, #linenums    0, checksum 417298B9, selection    2 (pick any)
2A5 00000000 SECT146 notype       Static      | .text$mn
    Section length   21, #relocs    2, #linenums    0, checksum 1868C02B, selection    2 (pick any)
2A7 00000000 SECT147 notype       Static      | .text$mn
    Section length   1F, #relocs    1, #linenums    0, checksum 60897D38, selection    2 (pick any)
2A9 00000000 SECT148 notype       Static      | .text$mn
    Section length   16, #relocs    1, #linenums    0, checksum BAC1CB97, selection    2 (pick any)
2AB 00000000 SECT149 notype       Static      | .text$mn
    Section length   13, #relocs    1, #linenums    0, checksum 58B0A1A3, selection    2 (pick any)
2AD 00000000 SECT14A notype       Static      | .text$mn
    Section length   16, #relocs    1, #linenums    0, checksum 56B4AE81, selection    2 (pick any)
2AF 00000000 SECT14B notype       Static      | .text$mn
    Section length   21, #relocs    1, #linenums    0, checksum 6CFCCAF8, selection    2 (pick any)
2B1 00000000 SECT14C notype       Static      | .text$mn
    Section length   14, #relocs    1, #linenums    0, checksum CCF0F6D5, selection    2 (pick any)
2B3 00000000 SECT14D notype       Static      | .text$mn
    Section length   13, #relocs    1, #linenums    0, checksum 58B0A1A3, selection    2 (pick any)
2B5 00000000 SECT14E notype       Static      | .text$mn
    Section length   13, #relocs    1, #linenums    0, checksum 58B0A1A3, selection    2 (pick any)
2B7 00000000 SECT14F notype       Static      | .text$mn
    Section length   13, #relocs    1, #linenums    0, checksum 58B0A1A3, selection    2 (pick any)
2B9 00000000 SECT150 notype       Static      | .text$mn
    Section length   13, #relocs    1, #linenums    0, checksum 58B0A1A3, selection    2 (pick any)
2BB 00000000 SECT151 notype       Static      | .text$mn
    Section length   13, #relocs    1, #linenums    0, checksum 58B0A1A3, selection    2 (pick any)
2BD 00000000 SECT152 notype       Static      | .text$mn
    Section length   27, #relocs    3, #linenums    0, checksum 91EAE158, selection    2 (pick any)
2BF 00000000 SECT153 notype       Static      | .text$mn
    Section length   13, #relocs    1, #linenums    0, checksum 58B0A1A3, selection    2 (pick any)
2C1 00000000 SECT154 notype       Static      | .text$mn
    Section length   14, #relocs    1, #linenums    0, checksum CCF0F6D5, selection    2 (pick any)
2C3 00000000 SECT155 notype       Static      | .text$mn
    Section length   13, #relocs    1, #linenums    0, checksum 58B0A1A3, selection    2 (pick any)
2C5 00000000 SECT156 notype       Static      | .text$mn
    Section length   13, #relocs    1, #linenums    0, checksum 58B0A1A3, selection    2 (pick any)
2C7 00000000 SECT157 notype       Static      | .text$mn
    Section length   13, #relocs    1, #linenums    0, checksum 58B0A1A3, selection    2 (pick any)
2C9 00000000 SECT158 notype       Static      | .text$mn
    Section length    8, #relocs    0, #linenums    0, checksum 98CFF8A8, selection    2 (pick any)
2CB 00000000 SECT159 notype       Static      | .text$mn
    Section length    5, #relocs    0, #linenums    0, checksum 672BE856, selection    2 (pick any)
2CD 00000000 SECT15A notype       Static      | .text$mn
    Section length  23F, #relocs   1E, #linenums    0, checksum 87C662D7, selection    2 (pick any)
2CF 00000000 SECT15B notype       Static      | .text$x
    Section length   1B, #relocs    3, #linenums    0, checksum 2512CFB6, selection    5 (pick associative Section 0x15A)
2D1 00000000 SECT15C notype       Static      | .text$mn
    Section length   45, #relocs    2, #linenums    0, checksum 72654DA1, selection    2 (pick any)
2D3 00000000 SECT15D notype       Static      | .text$mn
    Section length   8C, #relocs    6, #linenums    0, checksum 701F6409, selection    2 (pick any)
2D5 00000000 SECT15E notype       Static      | .text$x
    Section length   23, #relocs    4, #linenums    0, checksum E5A4DC84, selection    5 (pick associative Section 0x15D)
2D7 00000000 SECT15F notype       Static      | .text$mn
    Section length   BC, #relocs    F, #linenums    0, checksum A57E2861, selection    2 (pick any)
2D9 00000000 SECT160 notype       Static      | .text$mn
    Section length   BC, #relocs    F, #linenums    0, checksum A57E2861, selection    2 (pick any)
2DB 00000000 SECT161 notype       Static      | .text$mn
    Section length   2A, #relocs    0, #linenums    0, checksum E0046220, selection    2 (pick any)
2DD 00000000 SECT162 notype       Static      | .text$mn
    Section length   59, #relocs    5, #linenums    0, checksum 10075928, selection    2 (pick any)
2DF 00000000 SECT163 notype       Static      | .text$mn
    Section length   35, #relocs    1, #linenums    0, checksum 3F49B32E, selection    2 (pick any)
2E1 00000000 SECT164 notype       Static      | .text$mn
    Section length   35, #relocs    1, #linenums    0, checksum 3F49B32E, selection    2 (pick any)
2E3 00000000 SECT165 notype       Static      | .text$mn
    Section length   3A, #relocs    4, #linenums    0, checksum A2F0BE4B, selection    2 (pick any)
2E5 00000000 SECT166 notype       Static      | .text$mn
    Section length   8B, #relocs    D, #linenums    0, checksum B3292C16, selection    2 (pick any)
2E7 00000000 SECT167 notype       Static      | .text$mn
    Section length   8B, #relocs    D, #linenums    0, checksum A7A21D9D, selection    2 (pick any)
2E9 00000000 SECT168 notype       Static      | .text$mn
    Section length   8C, #relocs    D, #linenums    0, checksum  621ECEC, selection    2 (pick any)
2EB 00000000 SECT169 notype       Static      | .text$mn
    Section length   8C, #relocs    D, #linenums    0, checksum 7C5F3D75, selection    2 (pick any)
2ED 00000000 SECT16A notype       Static      | .text$mn
    Section length   28, #relocs    0, #linenums    0, checksum C03C92F8, selection    2 (pick any)
2EF 00000000 SECT16B notype       Static      | .text$mn
    Section length   1C, #relocs    2, #linenums    0, checksum D54C8CC4, selection    2 (pick any)
2F1 00000000 SECT16C notype       Static      | .text$mn
    Section length   AB, #relocs    F, #linenums    0, checksum 6C597869, selection    2 (pick any)
2F3 00000000 SECT16D notype       Static      | .text$mn
    Section length   13, #relocs    1, #linenums    0, checksum 58B0A1A3, selection    2 (pick any)
2F5 00000000 SECT16E notype       Static      | .text$mn
    Section length   10, #relocs    0, #linenums    0, checksum F32B4464, selection    2 (pick any)
2F7 00000000 SECT16F notype       Static      | .text$mn
    Section length   82, #relocs    6, #linenums    0, checksum BC335C31, selection    2 (pick any)
2F9 00000000 SECT170 notype       Static      | .text$x
    Section length   23, #relocs    4, #linenums    0, checksum 60D13B83, selection    5 (pick associative Section 0x16F)
2FB 00000000 SECT171 notype       Static      | .text$mn
    Section length   A9, #relocs    F, #linenums    0, checksum 65A19949, selection    2 (pick any)
2FD 00000000 SECT172 notype       Static      | .text$mn
    Section length   82, #relocs    6, #linenums    0, checksum BC335C31, selection    2 (pick any)
2FF 00000000 SECT173 notype       Static      | .text$x
    Section length   23, #relocs    4, #linenums    0, checksum 60D13B83, selection    5 (pick associative Section 0x172)
301 00000000 SECT174 notype       Static      | .text$mn
    Section length   A9, #relocs    F, #linenums    0, checksum 65A19949, selection    2 (pick any)
303 00000000 SECT175 notype       Static      | .text$mn
    Section length   BF, #relocs    8, #linenums    0, checksum F6410B7A, selection    2 (pick any)
305 00000000 SECT176 notype       Static      | .text$mn
    Section length   BF, #relocs    8, #linenums    0, checksum F6410B7A, selection    2 (pick any)
307 00000000 SECT177 notype       Static      | .text$mn
    Section length   37, #relocs    1, #linenums    0, checksum 6DBD0180, selection    2 (pick any)
309 00000000 SECT178 notype       Static      | .text$mn
    Section length   2C, #relocs    2, #linenums    0, checksum 1CD3401A, selection    2 (pick any)
30B 00000000 SECT179 notype       Static      | .text$mn
    Section length   2C, #relocs    2, #linenums    0, checksum 1CD3401A, selection    2 (pick any)
30D 00000000 SECT17A notype       Static      | .text$mn
    Section length   2C, #relocs    2, #linenums    0, checksum 1CD3401A, selection    2 (pick any)
30F 00000000 SECT17B notype       Static      | .text$mn
    Section length   2C, #relocs    2, #linenums    0, checksum 1CD3401A, selection    2 (pick any)
311 00000000 SECT17C notype       Static      | .text$mn
    Section length   2C, #relocs    2, #linenums    0, checksum 1CD3401A, selection    2 (pick any)
313 00000000 SECT17D notype       Static      | .text$mn
    Section length   2C, #relocs    2, #linenums    0, checksum 1CD3401A, selection    2 (pick any)
315 00000000 SECT17E notype       Static      | .text$mn
    Section length   2C, #relocs    2, #linenums    0, checksum 1CD3401A, selection    2 (pick any)
317 00000000 SECT17F notype       Static      | .text$mn
    Section length   2C, #relocs    2, #linenums    0, checksum 1CD3401A, selection    2 (pick any)
319 00000000 SECT180 notype       Static      | .text$mn
    Section length   2C, #relocs    2, #linenums    0, checksum 1CD3401A, selection    2 (pick any)
31B 00000000 SECT181 notype       Static      | .text$mn
    Section length   2C, #relocs    2, #linenums    0, checksum 1CD3401A, selection    2 (pick any)
31D 00000000 SECT182 notype       Static      | .text$mn
    Section length   2C, #relocs    2, #linenums    0, checksum 1CD3401A, selection    2 (pick any)
31F 00000000 SECT183 notype       Static      | .text$mn
    Section length   2C, #relocs    2, #linenums    0, checksum 1CD3401A, selection    2 (pick any)
321 00000000 SECT184 notype       Static      | .text$di
    Section length   1C, #relocs    4, #linenums    0, checksum 4132C22A, selection    2 (pick any)
323 00000000 SECT185 notype       Static      | .text$di
    Section length   1C, #relocs    4, #linenums    0, checksum 4132C22A, selection    2 (pick any)
325 00000000 SECT186 notype       Static      | .text$di
    Section length   1C, #relocs    4, #linenums    0, checksum 4132C22A, selection    2 (pick any)
327 00000000 SECT187 notype       Static      | .text$di
    Section length   11, #relocs    2, #linenums    0, checksum 7B49A454, selection    2 (pick any)
329 00000000 SECT188 notype       Static      | .text$di
    Section length   11, #relocs    2, #linenums    0, checksum 7B49A454, selection    2 (pick any)
32B 00000000 SECT189 notype       Static      | .text$di
    Section length   11, #relocs    2, #linenums    0, checksum 7B49A454, selection    2 (pick any)
32D 00000000 SECT18A notype       Static      | .text$di
    Section length   11, #relocs    2, #linenums    0, checksum 7B49A454, selection    2 (pick any)
32F 00000000 SECT18B notype       Static      | .text$di
    Section length    D, #relocs    0, #linenums    0, checksum A512431E, selection    2 (pick any)
331 00000000 SECT18C notype       Static      | .text$di
    Section length    D, #relocs    0, #linenums    0, checksum A512431E, selection    2 (pick any)
333 00000000 SECT18D notype       Static      | .text$di
    Section length    F, #relocs    2, #linenums    0, checksum 9106F312, selection    2 (pick any)
335 00000000 SECT18E notype       Static      | .text$di
    Section length    D, #relocs    0, #linenums    0, checksum A512431E, selection    2 (pick any)
337 00000000 SECT18F notype       Static      | .text$yd
    Section length    F, #relocs    2, #linenums    0, checksum 9106F312, selection    2 (pick any)
339 00000000 SECT190 notype       Static      | .text$yd
    Section length    F, #relocs    2, #linenums    0, checksum 9106F312, selection    2 (pick any)
33B 00000000 SECT191 notype       Static      | .text$yd
    Section length    F, #relocs    2, #linenums    0, checksum 9106F312, selection    2 (pick any)
33D 00000000 SECT192 notype       Static      | .text$mn
    Section length   C0, #relocs    8, #linenums    0, checksum DAC98EE2, selection    2 (pick any)
33F 00000000 SECT193 notype       Static      | .text$x
    Section length   2B, #relocs    5, #linenums    0, checksum E23F207C, selection    5 (pick associative Section 0x192)
341 00000000 SECT194 notype       Static      | .text$mn
    Section length   45, #relocs    4, #linenums    0, checksum 2D4CA28F, selection    2 (pick any)
343 00000000 SECT195 notype       Static      | .text$mn
    Section length   45, #relocs    4, #linenums    0, checksum 2D4CA28F, selection    2 (pick any)
345 00000000 SECT196 notype       Static      | .text$mn
    Section length   45, #relocs    4, #linenums    0, checksum 2D4CA28F, selection    2 (pick any)
347 00000000 SECT197 notype       Static      | .text$mn
    Section length   45, #relocs    4, #linenums    0, checksum 2D4CA28F, selection    2 (pick any)
349 00000000 SECT198 notype       Static      | .text$mn
    Section length   45, #relocs    4, #linenums    0, checksum 2D4CA28F, selection    2 (pick any)
34B 00000000 SECT199 notype       Static      | .text$mn
    Section length   5B, #relocs    1, #linenums    0, checksum BD098E5A, selection    2 (pick any)
34D 00000000 SECT19A notype       Static      | .text$mn
    Section length   8A, #relocs    4, #linenums    0, checksum 6B02C405, selection    2 (pick any)
34F 00000000 SECT19B notype       Static      | .text$mn
    Section length   17, #relocs    1, #linenums    0, checksum 4CDB60D3, selection    2 (pick any)
351 00000000 SECT19C notype       Static      | .text$mn
    Section length  11F, #relocs   10, #linenums    0, checksum 6136343F, selection    2 (pick any)
353 00000000 SECT19D notype       Static      | .text$x
    Section length   1B, #relocs    3, #linenums    0, checksum 324361BA, selection    5 (pick associative Section 0x19C)
355 00000000 SECT19E notype       Static      | .text$mn
    Section length    D, #relocs    0, #linenums    0, checksum FEDA5EFE, selection    2 (pick any)
357 00000000 SECT19F notype       Static      | .text$mn
    Section length   14, #relocs    0, #linenums    0, checksum CCF0F6D5, selection    2 (pick any)
359 00000000 SECT1A0 notype       Static      | .text$mn
    Section length    B, #relocs    0, #linenums    0, checksum BB56DD63, selection    2 (pick any)
35B 00000000 SECT1A1 notype       Static      | .text$mn
    Section length    B, #relocs    0, #linenums    0, checksum BB56DD63, selection    2 (pick any)
35D 00000000 SECT1A2 notype       Static      | .text$mn
    Section length  1B8, #relocs   13, #linenums    0, checksum EB62EAEC, selection    2 (pick any)
35F 00000000 SECT1A3 notype       Static      | .text$x
    Section length   1B, #relocs    3, #linenums    0, checksum   1944A8, selection    5 (pick associative Section 0x1A2)
361 00000000 SECT1A4 notype       Static      | .text$mn
    Section length   2F, #relocs    2, #linenums    0, checksum D117847A, selection    2 (pick any)
363 00000000 SECT1A5 notype       Static      | .text$mn
    Section length   2F, #relocs    2, #linenums    0, checksum D117847A, selection    2 (pick any)
365 00000000 SECT1A6 notype       Static      | .text$mn
    Section length   2F, #relocs    2, #linenums    0, checksum D117847A, selection    2 (pick any)
367 00000000 SECT1A7 notype       Static      | .text$mn
    Section length   34, #relocs    2, #linenums    0, checksum F3F7B1D2, selection    2 (pick any)
369 00000000 SECT1A8 notype       Static      | .text$mn
    Section length   9F, #relocs    A, #linenums    0, checksum 2AFB7A61, selection    2 (pick any)
36B 00000000 SECT1A9 notype       Static      | .text$mn
    Section length   9F, #relocs    A, #linenums    0, checksum 2AFB7A61, selection    2 (pick any)
36D 00000000 SECT1AA notype       Static      | .text$mn
    Section length   20, #relocs    1, #linenums    0, checksum 9F1E8E14, selection    2 (pick any)
36F 00000000 SECT1AB notype       Static      | .text$mn
    Section length   44, #relocs    4, #linenums    0, checksum F0D9C26C, selection    2 (pick any)
371 00000000 SECT1AC notype       Static      | .text$mn
    Section length   44, #relocs    4, #linenums    0, checksum F0D9C26C, selection    2 (pick any)
373 00000000 SECT1AD notype       Static      | .text$mn
    Section length   51, #relocs    5, #linenums    0, checksum  561B95F, selection    2 (pick any)
375 00000000 SECT1AE notype       Static      | .text$mn
    Section length   51, #relocs    5, #linenums    0, checksum  561B95F, selection    2 (pick any)
377 00000000 SECT1AF notype       Static      | .text$mn
    Section length   44, #relocs    4, #linenums    0, checksum F0D9C26C, selection    2 (pick any)
379 00000000 SECT1B0 notype       Static      | .text$mn
    Section length   44, #relocs    4, #linenums    0, checksum F0D9C26C, selection    2 (pick any)
37B 00000000 SECT1B1 notype       Static      | .text$mn
    Section length   44, #relocs    4, #linenums    0, checksum F0D9C26C, selection    2 (pick any)
37D 00000000 SECT1B2 notype       Static      | .text$mn
    Section length   7A, #relocs    A, #linenums    0, checksum 857A2272, selection    2 (pick any)
37F 00000000 SECT1B3 notype       Static      | .text$mn
    Section length   A3, #relocs    E, #linenums    0, checksum 43A18825, selection    2 (pick any)
381 00000000 SECT1B4 notype       Static      | .text$mn
    Section length   A3, #relocs    E, #linenums    0, checksum 43A18825, selection    2 (pick any)
383 00000000 SECT1B5 notype       Static      | .text$mn
    Section length   A3, #relocs    E, #linenums    0, checksum 43A18825, selection    2 (pick any)
385 00000000 SECT1B6 notype       Static      | .text$mn
    Section length   18, #relocs    1, #linenums    0, checksum A0744C79, selection    2 (pick any)
387 00000000 SECT1B7 notype       Static      | .text$mn
    Section length   18, #relocs    1, #linenums    0, checksum A0744C79, selection    2 (pick any)
389 00000000 SECT1B8 notype       Static      | .text$mn
    Section length   18, #relocs    1, #linenums    0, checksum A0744C79, selection    2 (pick any)
38B 00000000 SECT1B9 notype       Static      | .text$mn
    Section length   18, #relocs    1, #linenums    0, checksum A0744C79, selection    2 (pick any)
38D 00000000 SECT1BA notype       Static      | .text$mn
    Section length   18, #relocs    1, #linenums    0, checksum A0744C79, selection    2 (pick any)
38F 00000000 SECT1BB notype       Static      | .text$mn
    Section length   18, #relocs    1, #linenums    0, checksum A0744C79, selection    2 (pick any)
391 00000000 SECT1BC notype       Static      | .text$mn
    Section length   18, #relocs    1, #linenums    0, checksum A0744C79, selection    2 (pick any)
393 00000000 SECT1BD notype       Static      | .text$mn
    Section length   2B, #relocs    0, #linenums    0, checksum 4B4D94AC, selection    2 (pick any)
395 00000000 SECT1BE notype       Static      | .text$mn
    Section length   2C, #relocs    0, #linenums    0, checksum 92B32969, selection    2 (pick any)
397 00000000 SECT1BF notype       Static      | .text$mn
    Section length   11, #relocs    0, #linenums    0, checksum A686E293, selection    2 (pick any)
399 00000000 SECT1C0 notype       Static      | .text$mn
    Section length   A7, #relocs    5, #linenums    0, checksum DA1F29AD, selection    2 (pick any)
39B 00000000 SECT1C1 notype       Static      | .text$mn
    Section length   59, #relocs    2, #linenums    0, checksum E4B7F97F, selection    2 (pick any)
39D 00000000 SECT1C2 notype       Static      | .text$mn
    Section length   59, #relocs    2, #linenums    0, checksum E4B7F97F, selection    2 (pick any)
39F 00000000 SECT1C3 notype       Static      | .text$mn
    Section length   59, #relocs    2, #linenums    0, checksum E4B7F97F, selection    2 (pick any)
3A1 00000000 SECT1C4 notype       Static      | .text$mn
    Section length   3B, #relocs    2, #linenums    0, checksum 7CC80510, selection    2 (pick any)
3A3 00000000 SECT1C5 notype       Static      | .text$mn
    Section length   38, #relocs    0, #linenums    0, checksum 5498FD17, selection    2 (pick any)
3A5 00000000 SECT1C6 notype       Static      | .text$mn
    Section length   38, #relocs    0, #linenums    0, checksum 5498FD17, selection    2 (pick any)
3A7 00000000 SECT1C7 notype       Static      | .text$mn
    Section length    B, #relocs    0, #linenums    0, checksum BA94B754, selection    2 (pick any)
3A9 00000000 SECT1C8 notype       Static      | .text$mn
    Section length    B, #relocs    0, #linenums    0, checksum BA94B754, selection    2 (pick any)
3AB 00000000 SECT1C9 notype       Static      | .text$mn
    Section length    8, #relocs    0, #linenums    0, checksum 9FC65074, selection    2 (pick any)
3AD 00000000 SECT1CA notype       Static      | .text$mn
    Section length    8, #relocs    0, #linenums    0, checksum 9FC65074, selection    2 (pick any)
3AF 00000000 SECT1CB notype       Static      | .text$mn
    Section length   1A, #relocs    1, #linenums    0, checksum 97CF1BEF, selection    2 (pick any)
3B1 00000000 SECT1CC notype       Static      | .text$mn
    Section length   1A, #relocs    1, #linenums    0, checksum 97CF1BEF, selection    2 (pick any)
3B3 00000000 SECT1CD notype       Static      | .text$mn
    Section length  130, #relocs   13, #linenums    0, checksum D3B2BDEF, selection    2 (pick any)
3B5 00000000 SECT1CE notype       Static      | .text$mn
    Section length  130, #relocs   13, #linenums    0, checksum D3B2BDEF, selection    2 (pick any)
3B7 00000000 SECT1CF notype       Static      | .text$mn
    Section length   39, #relocs    3, #linenums    0, checksum 8028397A, selection    2 (pick any)
3B9 00000000 SECT1D0 notype       Static      | .text$mn
    Section length   39, #relocs    3, #linenums    0, checksum 8028397A, selection    2 (pick any)
3BB 00000000 SECT1D1 notype       Static      | .text$mn
    Section length   39, #relocs    3, #linenums    0, checksum 8028397A, selection    2 (pick any)
3BD 00000000 SECT1D2 notype       Static      | .text$mn
    Section length   39, #relocs    3, #linenums    0, checksum 8028397A, selection    2 (pick any)
3BF 00000000 SECT1D3 notype       Static      | .text$mn
    Section length   11, #relocs    0, #linenums    0, checksum 4E29552D, selection    2 (pick any)
3C1 00000000 SECT1D4 notype       Static      | .text$mn
    Section length   11, #relocs    0, #linenums    0, checksum 4E29552D, selection    2 (pick any)
3C3 00000000 SECT1D5 notype       Static      | .text$mn
    Section length   36, #relocs    1, #linenums    0, checksum 4227202D, selection    2 (pick any)
3C5 00000000 SECT1D6 notype       Static      | .text$mn
    Section length   36, #relocs    1, #linenums    0, checksum 4227202D, selection    2 (pick any)
3C7 00000000 SECT1D7 notype       Static      | .text$mn
    Section length    B, #relocs    0, #linenums    0, checksum BC5F75BF, selection    2 (pick any)
3C9 00000000 SECT1D8 notype       Static      | .text$mn
    Section length    B, #relocs    0, #linenums    0, checksum AE6A8777, selection    2 (pick any)
3CB 00000000 SECT1D9 notype       Static      | .text$mn
    Section length    B, #relocs    0, #linenums    0, checksum AE6A8777, selection    2 (pick any)
3CD 00000000 SECT1DA notype       Static      | .text$mn
    Section length    8, #relocs    0, #linenums    0, checksum 9FC65074, selection    2 (pick any)
3CF 00000000 SECT1DB notype       Static      | .text$mn
    Section length   62, #relocs    2, #linenums    0, checksum 702125DB, selection    2 (pick any)
3D1 00000000 SECT1DC notype       Static      | .text$mn
    Section length   72, #relocs    3, #linenums    0, checksum 579872D5, selection    2 (pick any)
3D3 00000000 SECT1DD notype       Static      | .text$mn
    Section length   C1, #relocs    8, #linenums    0, checksum 6921D504, selection    2 (pick any)
3D5 00000000 SECT1DE notype       Static      | .text$x
    Section length   23, #relocs    4, #linenums    0, checksum 35C6484E, selection    5 (pick associative Section 0x1DD)
3D7 00000000 SECT1DF notype       Static      | .text$mn
    Section length   C1, #relocs    8, #linenums    0, checksum 6921D504, selection    2 (pick any)
3D9 00000000 SECT1E0 notype       Static      | .text$x
    Section length   23, #relocs    4, #linenums    0, checksum 35C6484E, selection    5 (pick associative Section 0x1DF)
3DB 00000000 SECT1E1 notype       Static      | .text$mn
    Section length   C1, #relocs    8, #linenums    0, checksum 6921D504, selection    2 (pick any)
3DD 00000000 SECT1E2 notype       Static      | .text$x
    Section length   23, #relocs    4, #linenums    0, checksum 35C6484E, selection    5 (pick associative Section 0x1E1)
3DF 00000000 SECT1E3 notype       Static      | .text$mn
    Section length   B8, #relocs    8, #linenums    0, checksum 7A16F636, selection    2 (pick any)
3E1 00000000 SECT1E4 notype       Static      | .text$x
    Section length   23, #relocs    4, #linenums    0, checksum 35C6484E, selection    5 (pick associative Section 0x1E3)
3E3 00000000 SECT1E5 notype       Static      | .text$mn
    Section length   B8, #relocs    8, #linenums    0, checksum 7A16F636, selection    2 (pick any)
3E5 00000000 SECT1E6 notype       Static      | .text$x
    Section length   23, #relocs    4, #linenums    0, checksum 35C6484E, selection    5 (pick associative Section 0x1E5)
3E7 00000000 SECT1E7 notype       Static      | .text$mn
    Section length   B8, #relocs    8, #linenums    0, checksum 7A16F636, selection    2 (pick any)
3E9 00000000 SECT1E8 notype       Static      | .text$x
    Section length   23, #relocs    4, #linenums    0, checksum 35C6484E, selection    5 (pick associative Section 0x1E7)
3EB 00000000 SECT1E9 notype       Static      | .text$mn
    Section length    B, #relocs    0, #linenums    0, checksum B5458CDB, selection    2 (pick any)
3ED 00000000 SECT1EA notype       Static      | .text$mn
    Section length    B, #relocs    0, #linenums    0, checksum B5458CDB, selection    2 (pick any)
3EF 00000000 SECT1EB notype       Static      | .text$mn
    Section length   4A, #relocs    2, #linenums    0, checksum 4E2BFC55, selection    2 (pick any)
3F1 00000000 SECT1EC notype       Static      | .text$mn
    Section length    B, #relocs    0, #linenums    0, checksum B5458CDB, selection    2 (pick any)
3F3 00000000 SECT1ED notype       Static      | .text$mn
    Section length  134, #relocs    E, #linenums    0, checksum 3B114ABF, selection    2 (pick any)
3F5 00000000 SECT1EE notype       Static      | .text$x
    Section length   1B, #relocs    3, #linenums    0, checksum 2EBA18B0, selection    5 (pick associative Section 0x1ED)
3F7 00000000 SECT1EF notype       Static      | .text$mn
    Section length  13E, #relocs    E, #linenums    0, checksum 54E06127, selection    2 (pick any)
3F9 00000000 SECT1F0 notype       Static      | .text$x
    Section length   1B, #relocs    3, #linenums    0, checksum 2EBA18B0, selection    5 (pick associative Section 0x1EF)
3FB 00000000 SECT1F1 notype       Static      | .text$mn
    Section length  13E, #relocs    E, #linenums    0, checksum D02EF30E, selection    2 (pick any)
3FD 00000000 SECT1F2 notype       Static      | .text$x
    Section length   1B, #relocs    3, #linenums    0, checksum 2EBA18B0, selection    5 (pick associative Section 0x1F1)
3FF 00000000 SECT1F3 notype       Static      | .text$mn
    Section length   5A, #relocs    7, #linenums    0, checksum 1A50E232, selection    2 (pick any)
401 00000000 SECT1F4 notype       Static      | .text$mn
    Section length   5A, #relocs    7, #linenums    0, checksum 1A50E232, selection    2 (pick any)
403 00000000 SECT1F5 notype       Static      | .text$mn
    Section length   5A, #relocs    7, #linenums    0, checksum 1A50E232, selection    2 (pick any)
405 00000000 SECT1F6 notype       Static      | .text$mn
    Section length    B, #relocs    0, #linenums    0, checksum BC5F75BF, selection    2 (pick any)
407 00000000 SECT1F7 notype       Static      | .text$mn
    Section length    B, #relocs    0, #linenums    0, checksum BC5F75BF, selection    2 (pick any)
409 00000000 SECT1F8 notype       Static      | .text$mn
    Section length   1A, #relocs    1, #linenums    0, checksum 97CF1BEF, selection    2 (pick any)
40B 00000000 SECT1F9 notype       Static      | .text$mn
    Section length   1A, #relocs    1, #linenums    0, checksum 97CF1BEF, selection    2 (pick any)
40D 00000000 SECT1FA notype       Static      | .text$mn
    Section length   1A, #relocs    1, #linenums    0, checksum 97CF1BEF, selection    2 (pick any)
40F 00000000 SECT1FB notype       Static      | .text$mn
    Section length   1A, #relocs    1, #linenums    0, checksum 97CF1BEF, selection    2 (pick any)
411 00000000 SECT1FC notype       Static      | .text$mn
    Section length  130, #relocs   13, #linenums    0, checksum D3B2BDEF, selection    2 (pick any)
413 00000000 SECT1FD notype       Static      | .text$mn
    Section length  130, #relocs   13, #linenums    0, checksum D3B2BDEF, selection    2 (pick any)
415 00000000 SECT1FE notype       Static      | .text$mn
    Section length   5F, #relocs    2, #linenums    0, checksum 580019BE, selection    2 (pick any)
417 00000000 SECT1FF notype       Static      | .text$mn
    Section length   1D, #relocs    1, #linenums    0, checksum  194F6F6, selection    2 (pick any)
419 00000000 SECT200 notype       Static      | .text$mn
    Section length   D4, #relocs    A, #linenums    0, checksum 5D5A14DE, selection    2 (pick any)
41B 00000000 SECT201 notype       Static      | .text$x
    Section length   33, #relocs    6, #linenums    0, checksum 4BDD45F7, selection    5 (pick associative Section 0x200)
41D 00000000 SECT202 notype       Static      | .text$mn
    Section length   D4, #relocs    A, #linenums    0, checksum 5D5A14DE, selection    2 (pick any)
41F 00000000 SECT203 notype       Static      | .text$x
    Section length   33, #relocs    6, #linenums    0, checksum 4BDD45F7, selection    5 (pick associative Section 0x202)
421 00000000 SECT204 notype       Static      | .text$mn
    Section length   A2, #relocs    7, #linenums    0, checksum A8E63E5A, selection    2 (pick any)
423 00000000 SECT205 notype       Static      | .text$mn
    Section length   13, #relocs    1, #linenums    0, checksum 58B0A1A3, selection    2 (pick any)
425 00000000 SECT206 notype       Static      | .text$mn
    Section length   79, #relocs    4, #linenums    0, checksum 4A2202E2, selection    2 (pick any)
427 00000000 SECT207 notype       Static      | .text$mn
    Section length   83, #relocs    4, #linenums    0, checksum 9AEB118E, selection    2 (pick any)
429 00000000 SECT208 notype       Static      | .text$mn
    Section length   83, #relocs    4, #linenums    0, checksum 23C87943, selection    2 (pick any)
42B 00000000 SECT209 notype       Static      | .text$mn
    Section length   11, #relocs    0, #linenums    0, checksum 4E29552D, selection    2 (pick any)
42D 00000000 SECT20A notype       Static      | .text$mn
    Section length   17, #relocs    0, #linenums    0, checksum 20C7DECC, selection    2 (pick any)
42F 00000000 SECT20B notype       Static      | .text$mn
    Section length   1F, #relocs    0, #linenums    0, checksum ACD6CC14, selection    2 (pick any)
431 00000000 SECT20C notype       Static      | .text$mn
    Section length   1F, #relocs    0, #linenums    0, checksum 8B784DFC, selection    2 (pick any)
433 00000000 SECT20D notype       Static      | .text$mn
    Section length   15, #relocs    2, #linenums    0, checksum 56CE9215, selection    2 (pick any)
435 00000000 SECT20E notype       Static      | .text$mn
    Section length   15, #relocs    2, #linenums    0, checksum 56CE9215, selection    2 (pick any)
437 00000000 SECT20F notype       Static      | .text$mn
    Section length   15, #relocs    2, #linenums    0, checksum 56CE9215, selection    2 (pick any)
439 00000000 SECT210 notype       Static      | .text$mn
    Section length   15, #relocs    2, #linenums    0, checksum 56CE9215, selection    2 (pick any)
43B 00000000 SECT211 notype       Static      | .text$mn
    Section length   15, #relocs    2, #linenums    0, checksum 56CE9215, selection    2 (pick any)
43D 00000000 SECT212 notype       Static      | .text$mn
    Section length   19, #relocs    1, #linenums    0, checksum BD6B49F2, selection    2 (pick any)
43F 00000000 SECT213 notype       Static      | .text$mn
    Section length   19, #relocs    1, #linenums    0, checksum BD6B49F2, selection    2 (pick any)
441 00000000 SECT214 notype       Static      | .text$mn
    Section length   19, #relocs    1, #linenums    0, checksum BD6B49F2, selection    2 (pick any)
443 00000000 SECT215 notype       Static      | .text$mn
    Section length   19, #relocs    1, #linenums    0, checksum BD6B49F2, selection    2 (pick any)
445 00000000 SECT216 notype       Static      | .text$mn
    Section length   19, #relocs    1, #linenums    0, checksum BD6B49F2, selection    2 (pick any)
447 00000000 SECT217 notype       Static      | .text$mn
    Section length   19, #relocs    1, #linenums    0, checksum BD6B49F2, selection    2 (pick any)
449 00000000 SECT218 notype       Static      | .text$mn
    Section length   1B, #relocs    1, #linenums    0, checksum A083A8B9, selection    2 (pick any)
44B 00000000 SECT219 notype       Static      | .text$mn
    Section length   1B, #relocs    1, #linenums    0, checksum A083A8B9, selection    2 (pick any)
44D 00000000 SECT21A notype       Static      | .text$mn
    Section length   1B, #relocs    1, #linenums    0, checksum A083A8B9, selection    2 (pick any)
44F 00000000 SECT21B notype       Static      | .text$mn
    Section length   1B, #relocs    1, #linenums    0, checksum A083A8B9, selection    2 (pick any)
451 00000000 SECT21C notype       Static      | .text$mn
    Section length   1B, #relocs    1, #linenums    0, checksum A083A8B9, selection    2 (pick any)
453 00000000 SECT21D notype       Static      | .text$mn
    Section length   1B, #relocs    1, #linenums    0, checksum A083A8B9, selection    2 (pick any)
455 00000000 SECT21E notype       Static      | .text$mn
    Section length   47, #relocs    1, #linenums    0, checksum 8315FE92, selection    2 (pick any)
457 00000000 SECT21F notype       Static      | .text$mn
    Section length   AC, #relocs    A, #linenums    0, checksum 7C822FF0, selection    2 (pick any)
459 00000000 SECT220 notype       Static      | .text$mn
    Section length   3C, #relocs    4, #linenums    0, checksum A39928A7, selection    2 (pick any)
45B 00000000 SECT221 notype       Static      | .text$mn
    Section length   99, #relocs    9, #linenums    0, checksum CE33BC29, selection    2 (pick any)
45D 00000000 SECT222 notype       Static      | .text$mn
    Section length    F, #relocs    0, #linenums    0, checksum AACBD152, selection    2 (pick any)
45F 00000000 SECT223 notype       Static      | .text$mn
    Section length   27, #relocs    2, #linenums    0, checksum 3D75CA85, selection    2 (pick any)
461 00000000 SECT224 notype       Static      | .text$mn
    Section length   27, #relocs    2, #linenums    0, checksum 3D75CA85, selection    2 (pick any)
463 00000000 SECT225 notype       Static      | .text$mn
    Section length   23, #relocs    1, #linenums    0, checksum  2B24C82, selection    2 (pick any)
465 00000000 SECT226 notype       Static      | .text$mn
    Section length   23, #relocs    1, #linenums    0, checksum  2B24C82, selection    2 (pick any)
467 00000000 SECT227 notype       Static      | .text$mn
    Section length   45, #relocs    1, #linenums    0, checksum CB79C9E5, selection    2 (pick any)
469 00000000 SECT228 notype       Static      | .text$mn
    Section length   45, #relocs    4, #linenums    0, checksum BC5654D5, selection    2 (pick any)
46B 00000000 SECT229 notype       Static      | .text$mn
    Section length   13, #relocs    1, #linenums    0, checksum 58B0A1A3, selection    2 (pick any)
46D 00000000 SECT22A notype       Static      | .text$mn
    Section length   B3, #relocs    3, #linenums    0, checksum 3A6AC53E, selection    2 (pick any)
46F 00000000 SECT22B notype       Static      | .text$mn
    Section length   17, #relocs    0, #linenums    0, checksum E53733CD, selection    2 (pick any)
471 00000000 SECT22C notype       Static      | .text$mn
    Section length   1F, #relocs    0, #linenums    0, checksum 366C75EF, selection    2 (pick any)
473 00000000 SECT22D notype       Static      | .text$mn
    Section length   1F, #relocs    0, #linenums    0, checksum 11C2F407, selection    2 (pick any)
475 00000000 SECT22E notype       Static      | .text$mn
    Section length   11, #relocs    0, #linenums    0, checksum 8BD9B82C, selection    2 (pick any)
477 00000000 SECT22F notype       Static      | .text$mn
    Section length   11, #relocs    0, #linenums    0, checksum 8BD9B82C, selection    2 (pick any)
479 00000000 SECT230 notype       Static      | .text$mn
    Section length   66, #relocs    6, #linenums    0, checksum CB79A271, selection    2 (pick any)
47B 00000000 SECT231 notype       Static      | .text$mn
    Section length   66, #relocs    6, #linenums    0, checksum CB79A271, selection    2 (pick any)
47D 00000000 SECT232 notype       Static      | .text$mn
    Section length   99, #relocs    6, #linenums    0, checksum 3165CC76, selection    2 (pick any)
47F 00000000 SECT233 notype       Static      | .text$mn
    Section length   35, #relocs    2, #linenums    0, checksum 7DD65FB9, selection    2 (pick any)
481 00000000 SECT234 notype       Static      | .text$mn
    Section length   4B, #relocs    1, #linenums    0, checksum C1D20169, selection    2 (pick any)
483 00000000 SECT235 notype       Static      | .text$mn
    Section length   30, #relocs    1, #linenums    0, checksum 6C8536B1, selection    2 (pick any)
485 00000000 SECT236 notype       Static      | .text$mn
    Section length   13, #relocs    1, #linenums    0, checksum 58B0A1A3, selection    2 (pick any)
487 00000000 SECT237 notype       Static      | .text$mn
    Section length   11, #relocs    0, #linenums    0, checksum 8BD9B82C, selection    2 (pick any)
489 00000000 SECT238 notype       Static      | .text$mn
    Section length   11, #relocs    0, #linenums    0, checksum 8BD9B82C, selection    2 (pick any)
48B 00000000 SECT239 notype       Static      | .text$mn
    Section length   1D, #relocs    1, #linenums    0, checksum F0D1C1B9, selection    2 (pick any)
48D 00000000 SECT23A notype       Static      | .text$mn
    Section length   1D, #relocs    1, #linenums    0, checksum F0D1C1B9, selection    2 (pick any)
48F 00000000 SECT23B notype       Static      | .text$mn
    Section length   1D, #relocs    1, #linenums    0, checksum F0D1C1B9, selection    2 (pick any)
491 00000000 SECT23C notype       Static      | .text$mn
    Section length   1D, #relocs    1, #linenums    0, checksum F0D1C1B9, selection    2 (pick any)
493 00000000 SECT23D notype       Static      | .text$mn
    Section length   1D, #relocs    1, #linenums    0, checksum F0D1C1B9, selection    2 (pick any)
495 00000000 SECT23E notype       Static      | .text$mn
    Section length   1D, #relocs    1, #linenums    0, checksum F0D1C1B9, selection    2 (pick any)
497 00000000 SECT23F notype       Static      | .text$mn
    Section length   1D, #relocs    1, #linenums    0, checksum F0D1C1B9, selection    2 (pick any)
499 00000000 SECT240 notype       Static      | .text$mn
    Section length   1D, #relocs    1, #linenums    0, checksum F0D1C1B9, selection    2 (pick any)
49B 00000000 SECT241 notype       Static      | .text$mn
    Section length   19, #relocs    1, #linenums    0, checksum 92C9EDFA, selection    2 (pick any)
49D 00000000 SECT242 notype       Static      | .text$mn
    Section length   19, #relocs    1, #linenums    0, checksum 92C9EDFA, selection    2 (pick any)
49F 00000000 SECT243 notype       Static      | .text$mn
    Section length   19, #relocs    1, #linenums    0, checksum 92C9EDFA, selection    2 (pick any)
4A1 00000000 SECT244 notype       Static      | .text$mn
    Section length   19, #relocs    1, #linenums    0, checksum 92C9EDFA, selection    2 (pick any)
4A3 00000000 SECT245 notype       Static      | .text$mn
    Section length   19, #relocs    1, #linenums    0, checksum 92C9EDFA, selection    2 (pick any)
4A5 00000000 SECT246 notype       Static      | .text$mn
    Section length   19, #relocs    1, #linenums    0, checksum 92C9EDFA, selection    2 (pick any)
4A7 00000000 SECT247 notype       Static      | .text$mn
    Section length   19, #relocs    1, #linenums    0, checksum 92C9EDFA, selection    2 (pick any)
4A9 00000000 SECT248 notype       Static      | .text$mn
    Section length   19, #relocs    1, #linenums    0, checksum 92C9EDFA, selection    2 (pick any)
4AB 00000000 SECT249 notype       Static      | .text$mn
    Section length  9DD, #relocs   1E, #linenums    0, checksum 16C6DBA1, selection    2 (pick any)
4AD 00000000 SECT24A notype       Static      | .text$x
    Section length   33, #relocs    5, #linenums    0, checksum 757CC563, selection    5 (pick associative Section 0x249)
4AF 00000000 SECT24B notype       Static      | .text$mn
    Section length   4B, #relocs    5, #linenums    0, checksum 40C3EEC3, selection    2 (pick any)
4B1 00000000 SECT24C notype       Static      | .text$mn
    Section length   20, #relocs    1, #linenums    0, checksum 8F9A443F, selection    2 (pick any)
4B3 00000000 SECT24D notype       Static      | .text$mn
    Section length   2E, #relocs    0, #linenums    0, checksum 22D1A561, selection    2 (pick any)
4B5 00000000 SECT24E notype       Static      | .text$mn
    Section length   2E, #relocs    0, #linenums    0, checksum 22D1A561, selection    2 (pick any)
4B7 00000000 SECT24F notype       Static      | .text$mn
    Section length   23, #relocs    1, #linenums    0, checksum  2B24C82, selection    2 (pick any)
4B9 00000000 SECT250 notype       Static      | .text$mn
    Section length   23, #relocs    1, #linenums    0, checksum  2B24C82, selection    2 (pick any)
4BB 00000000 SECT251 notype       Static      | .text$mn
    Section length   23, #relocs    1, #linenums    0, checksum E27B5CE5, selection    2 (pick any)
4BD 00000000 SECT252 notype       Static      | .text$mn
    Section length   94, #relocs    3, #linenums    0, checksum 580CCFA5, selection    2 (pick any)
4BF 00000000 SECT253 notype       Static      | .text$mn
    Section length   47, #relocs    3, #linenums    0, checksum 4822A361, selection    2 (pick any)
4C1 00000000 SECT254 notype       Static      | .text$mn
    Section length   2F, #relocs    1, #linenums    0, checksum FCD58444, selection    2 (pick any)
4C3 00000000 SECT255 notype       Static      | .text$mn
    Section length  1E0, #relocs   15, #linenums    0, checksum FBAC7E96, selection    2 (pick any)
4C5 00000000 SECT256 notype       Static      | .text$x
    Section length   5D, #relocs    7, #linenums    0, checksum 3A239C8F, selection    5 (pick associative Section 0x255)
4C7 00000000 SECT257 notype       Static      | .text$mn
    Section length  80D, #relocs   7D, #linenums    0, checksum 94E8F5A2, selection    2 (pick any)
4C9 00000000 SECT258 notype       Static      | .text$x
    Section length   23, #relocs    4, #linenums    0, checksum 7926650E, selection    5 (pick associative Section 0x257)
4CB 00000000 SECT259 notype       Static      | .text$mn
    Section length  1E0, #relocs   15, #linenums    0, checksum FBAC7E96, selection    2 (pick any)
4CD 00000000 SECT25A notype       Static      | .text$x
    Section length   5D, #relocs    7, #linenums    0, checksum 3A239C8F, selection    5 (pick associative Section 0x259)
4CF 00000000 SECT25B notype       Static      | .text$mn
    Section length  80D, #relocs   7D, #linenums    0, checksum 94E8F5A2, selection    2 (pick any)
4D1 00000000 SECT25C notype       Static      | .text$x
    Section length   23, #relocs    4, #linenums    0, checksum 7926650E, selection    5 (pick associative Section 0x25B)
4D3 00000000 SECT25D notype       Static      | .text$mn
    Section length   2F, #relocs    2, #linenums    0, checksum 569EC4C3, selection    2 (pick any)
4D5 00000000 SECT25E notype       Static      | .text$mn
    Section length   87, #relocs    5, #linenums    0, checksum 97154B86, selection    2 (pick any)
4D7 00000000 SECT25F notype       Static      | .text$mn
    Section length 1780, #relocs   BB, #linenums    0, checksum 21C14CAB, selection    2 (pick any)
4D9 00000000 SECT260 notype       Static      | .text$x
    Section length   80, #relocs    C, #linenums    0, checksum 39E4F618, selection    5 (pick associative Section 0x25F)
4DB 00000000 SECT261 notype       Static      | .text$mn
    Section length  BB0, #relocs   59, #linenums    0, checksum BE90B281, selection    2 (pick any)
4DD 00000000 SECT262 notype       Static      | .text$x
    Section length   4C, #relocs    7, #linenums    0, checksum 3D931C4B, selection    5 (pick associative Section 0x261)
4DF 00000000 SECT263 notype       Static      | .text$mn
    Section length   11, #relocs    0, #linenums    0, checksum EF08EDAB, selection    2 (pick any)
4E1 00000000 SECT264 notype       Static      | .text$mn
    Section length   70, #relocs    5, #linenums    0, checksum 69B0F9B1, selection    2 (pick any)
4E3 00000000 SECT265 notype       Static      | .text$x
    Section length   23, #relocs    4, #linenums    0, checksum AA4916C1, selection    5 (pick associative Section 0x264)
4E5 00000000 SECT266 notype       Static      | .text$mn
    Section length    A, #relocs    1, #linenums    0, checksum 71A05264, selection    2 (pick any)
4E7 00000000 SECT267 notype       Static      | .text$mn
    Section length   10, #relocs    0, #linenums    0, checksum F32B4464, selection    2 (pick any)
4E9 00000000 SECT268 notype       Static      | .text$mn
    Section length    E, #relocs    0, #linenums    0, checksum 4DE4BFBE, selection    2 (pick any)
4EB 00000000 SECT269 notype       Static      | .text$mn
    Section length   45, #relocs    4, #linenums    0, checksum  59E64D9, selection    2 (pick any)
4ED 00000000 SECT26A notype       Static      | .text$mn
    Section length  14F, #relocs    8, #linenums    0, checksum 36E41A85, selection    2 (pick any)
4EF 00000000 SECT26B notype       Static      | .text$mn
    Section length   FD, #relocs    9, #linenums    0, checksum  83962BB, selection    2 (pick any)
4F1 00000000 SECT26C notype       Static      | .text$mn
    Section length   27, #relocs    0, #linenums    0, checksum  7547AFD, selection    2 (pick any)
4F3 00000000 SECT26D notype       Static      | .text$mn
    Section length   33, #relocs    0, #linenums    0, checksum 2C8C81FD, selection    2 (pick any)
4F5 00000000 SECT26E notype       Static      | .text$mn
    Section length   2D, #relocs    1, #linenums    0, checksum D77FF0AF, selection    2 (pick any)
4F7 00000000 SECT26F notype       Static      | .text$mn
    Section length   7C, #relocs    B, #linenums    0, checksum 10762607, selection    2 (pick any)
4F9 00000000 SECT270 notype       Static      | .text$mn
    Section length    B, #relocs    0, #linenums    0, checksum 51DA49A8, selection    2 (pick any)
4FB 00000000 SECT271 notype       Static      | .text$mn
    Section length   17, #relocs    1, #linenums    0, checksum 65735477, selection    2 (pick any)
4FD 00000000 SECT272 notype       Static      | .text$mn
    Section length   17, #relocs    1, #linenums    0, checksum 65735477, selection    2 (pick any)
4FF 00000000 SECT273 notype       Static      | .text$mn
    Section length   17, #relocs    1, #linenums    0, checksum 65735477, selection    2 (pick any)
501 00000000 SECT274 notype       Static      | .text$mn
    Section length   17, #relocs    1, #linenums    0, checksum 65735477, selection    2 (pick any)
503 00000000 SECT275 notype       Static      | .text$mn
    Section length    E, #relocs    0, #linenums    0, checksum 9B858C0F, selection    2 (pick any)
505 00000000 SECT276 notype       Static      | .text$mn
    Section length    E, #relocs    0, #linenums    0, checksum 9B858C0F, selection    2 (pick any)
507 00000000 SECT277 notype       Static      | .text$mn
    Section length   10, #relocs    0, #linenums    0, checksum 8DEB5BCE, selection    2 (pick any)
509 00000000 SECT278 notype       Static      | .text$mn
    Section length   10, #relocs    0, #linenums    0, checksum CA2B7A48, selection    2 (pick any)
50B 00000000 SECT279 notype       Static      | .text$mn
    Section length    D, #relocs    1, #linenums    0, checksum F7352B9C, selection    2 (pick any)
50D 00000000 SECT27A notype       Static      | .text$mn
    Section length    D, #relocs    1, #linenums    0, checksum F7352B9C, selection    2 (pick any)
50F 00000000 SECT27B notype       Static      | .text$mn
    Section length    D, #relocs    1, #linenums    0, checksum F7352B9C, selection    2 (pick any)
511 00000000 SECT27C notype       Static      | .text$mn
    Section length    D, #relocs    1, #linenums    0, checksum F7352B9C, selection    2 (pick any)
513 00000000 SECT27D notype       Static      | .text$mn
    Section length   3E, #relocs    2, #linenums    0, checksum  39D25AC, selection    2 (pick any)
515 00000000 SECT27E notype       Static      | .text$mn
    Section length   20, #relocs    2, #linenums    0, checksum 612629E5, selection    2 (pick any)
517 00000000 SECT27F notype       Static      | .text$mn
    Section length   20, #relocs    2, #linenums    0, checksum 612629E5, selection    2 (pick any)
519 00000000 SECT280 notype       Static      | .text$mn
    Section length   20, #relocs    2, #linenums    0, checksum 612629E5, selection    2 (pick any)
51B 00000000 SECT281 notype       Static      | .text$mn
    Section length   52, #relocs    3, #linenums    0, checksum DDF7750B, selection    2 (pick any)
51D 00000000 SECT282 notype       Static      | .text$mn
    Section length   55, #relocs    3, #linenums    0, checksum 13D21CA1, selection    2 (pick any)
51F 00000000 SECT283 notype       Static      | .text$mn
    Section length   52, #relocs    3, #linenums    0, checksum DDF7750B, selection    2 (pick any)
521 00000000 SECT284 notype       Static      | .text$mn
    Section length   39, #relocs    0, #linenums    0, checksum DD8BC00F, selection    2 (pick any)
523 00000000 SECT285 notype       Static      | .text$mn
    Section length   30, #relocs    1, #linenums    0, checksum 6C8536B1, selection    2 (pick any)
525 00000000 SECT286 notype       Static      | .text$mn
    Section length   10, #relocs    1, #linenums    0, checksum 5243C04C, selection    2 (pick any)
527 00000000 SECT287 notype       Static      | .text$mn
    Section length   10, #relocs    1, #linenums    0, checksum 5243C04C, selection    2 (pick any)
529 00000000 SECT288 notype       Static      | .text$mn
    Section length   10, #relocs    1, #linenums    0, checksum 5243C04C, selection    2 (pick any)
52B 00000000 SECT289 notype       Static      | .text$mn
    Section length   35, #relocs    0, #linenums    0, checksum AF51CB60, selection    2 (pick any)
52D 00000000 SECT28A notype       Static      | .text$mn
    Section length   2F, #relocs    1, #linenums    0, checksum 851B47D4, selection    2 (pick any)
52F 00000000 SECT28B notype       Static      | .text$mn
    Section length   AE, #relocs    1, #linenums    0, checksum FA287C4E, selection    2 (pick any)
531 00000000 SECT28C notype       Static      | .text$mn
    Section length  108, #relocs    E, #linenums    0, checksum 4EC720A2, selection    2 (pick any)
533 00000000 SECT28D notype       Static      | .text$mn
    Section length   11, #relocs    1, #linenums    0, checksum C2A571C4, selection    2 (pick any)
535 00000000 SECT28E notype       Static      | .text$mn
    Section length   97, #relocs    1, #linenums    0, checksum 734B1E1B, selection    2 (pick any)
537 00000000 SECT28F notype       Static      | .text$mn
    Section length  11D, #relocs    D, #linenums    0, checksum D57225F6, selection    2 (pick any)
539 00000000 SECT290 notype       Static      | .text$mn
    Section length  10B, #relocs    B, #linenums    0, checksum FB2EBA84, selection    2 (pick any)
53B 00000000 SECT291 notype       Static      | .text$mn
    Section length   11, #relocs    0, #linenums    0, checksum EB392FAE, selection    2 (pick any)
53D 00000000 SECT292 notype       Static      | .text$mn
    Section length   11, #relocs    0, #linenums    0, checksum 88BEC91B, selection    2 (pick any)
53F 00000000 SECT293 notype       Static      | .text$mn
    Section length   44, #relocs    6, #linenums    0, checksum F9BDF2DB, selection    2 (pick any)
541 00000000 SECT294 notype       Static      | .text$mn
    Section length  17A, #relocs    9, #linenums    0, checksum  BC48474, selection    2 (pick any)
543 00000000 SECT295 notype       Static      | .text$mn
    Section length   38, #relocs    2, #linenums    0, checksum B55F5C8D, selection    2 (pick any)
545 00000000 SECT296 notype       Static      | .text$mn
    Section length  106, #relocs    F, #linenums    0, checksum 28F45A91, selection    2 (pick any)
547 00000000 SECT297 notype       Static      | .text$x
    Section length   1B, #relocs    3, #linenums    0, checksum 4A0E5294, selection    5 (pick associative Section 0x296)
549 00000000 SECT298 notype       Static      | .text$mn
    Section length   86, #relocs    1, #linenums    0, checksum 1CBF94BC, selection    2 (pick any)
54B 00000000 SECT299 notype       Static      | .text$mn
    Section length  116, #relocs    5, #linenums    0, checksum E8416FFF, selection    2 (pick any)
54D 00000000 SECT29A notype       Static      | .text$mn
    Section length   11, #relocs    0, #linenums    0, checksum 8FE87A29, selection    2 (pick any)
54F 00000000 SECT29B notype       Static      | .text$mn
    Section length   11, #relocs    0, #linenums    0, checksum BBA9F3ED, selection    2 (pick any)
551 00000000 SECT29C notype       Static      | .text$mn
    Section length  12A, #relocs    A, #linenums    0, checksum C1CC30E2, selection    2 (pick any)
553 00000000 SECT29D notype       Static      | .text$mn
    Section length   76, #relocs    4, #linenums    0, checksum B828A72B, selection    2 (pick any)
555 00000000 SECT29E notype       Static      | .text$mn
    Section length   71, #relocs    0, #linenums    0, checksum 276AC823, selection    2 (pick any)
557 00000000 SECT29F notype       Static      | .text$mn
    Section length   43, #relocs    0, #linenums    0, checksum 8D3E6E5C, selection    2 (pick any)
559 00000000 SECT2A0 notype       Static      | .text$mn
    Section length   11, #relocs    0, #linenums    0, checksum 4D4E241A, selection    2 (pick any)
55B 00000000 SECT2A1 notype       Static      | .text$mn
    Section length   2B, #relocs    2, #linenums    0, checksum  FD40F8B, selection    2 (pick any)
55D 00000000 SECT2A2 notype       Static      | .text$mn
    Section length   1C, #relocs    1, #linenums    0, checksum ADE8146D, selection    2 (pick any)
55F 00000000 SECT2A3 notype       Static      | .text$mn
    Section length   14, #relocs    1, #linenums    0, checksum 867F0740, selection    2 (pick any)
561 00000000 SECT2A4 notype       Static      | .text$mn
    Section length   35, #relocs    1, #linenums    0, checksum F73A75F5, selection    2 (pick any)
563 00000000 SECT2A5 notype       Static      | .text$mn
    Section length   B3, #relocs    B, #linenums    0, checksum 273656AA, selection    2 (pick any)
565 00000000 SECT2A6 notype       Static      | .text$mn
    Section length   11, #relocs    0, #linenums    0, checksum EB392FAE, selection    2 (pick any)
567 00000000 SECT2A7 notype       Static      | .text$mn
    Section length   17, #relocs    0, #linenums    0, checksum 617D3D37, selection    2 (pick any)
569 00000000 SECT2A8 notype       Static      | .text$mn
    Section length   1F, #relocs    0, #linenums    0, checksum E25D3968, selection    2 (pick any)
56B 00000000 SECT2A9 notype       Static      | .text$mn
    Section length   1F, #relocs    0, #linenums    0, checksum C5F3B880, selection    2 (pick any)
56D 00000000 SECT2AA notype       Static      | .text$mn
    Section length   13, #relocs    1, #linenums    0, checksum 58B0A1A3, selection    2 (pick any)
56F 00000000 SECT2AB notype       Static      | .text$mn
    Section length   11, #relocs    0, #linenums    0, checksum 2AF800AA, selection    2 (pick any)
571 00000000 SECT2AC notype       Static      | .text$mn
    Section length  100, #relocs    E, #linenums    0, checksum 5C7AAF81, selection    2 (pick any)
573 00000000 SECT2AD notype       Static      | .text$mn
    Section length    A, #relocs    1, #linenums    0, checksum 71A05264, selection    2 (pick any)
575 00000000 SECT2AE notype       Static      | .text$mn
    Section length   3C, #relocs    0, #linenums    0, checksum F7137C18, selection    2 (pick any)
577 00000000 SECT2AF notype       Static      | .text$mn
    Section length   21, #relocs    0, #linenums    0, checksum 5B5613B6, selection    2 (pick any)
579 00000000 SECT2B0 notype       Static      | .text$mn
    Section length   10, #relocs    0, #linenums    0, checksum F32B4464, selection    2 (pick any)
57B 00000000 SECT2B1 notype       Static      | .text$mn
    Section length   10, #relocs    0, #linenums    0, checksum F32B4464, selection    2 (pick any)
57D 00000000 SECT2B2 notype       Static      | .text$mn
    Section length   11, #relocs    0, #linenums    0, checksum 7A68DCE9, selection    2 (pick any)
57F 00000000 SECT2B3 notype       Static      | .text$mn
    Section length   11, #relocs    0, #linenums    0, checksum 790FADDE, selection    2 (pick any)
581 00000000 SECT2B4 notype       Static      | .text$mn
    Section length   27, #relocs    1, #linenums    0, checksum D2B43191, selection    2 (pick any)
583 00000000 UNDEF  notype ()    External     | __purecall
584 00000000 UNDEF  notype ()    External     | ??2@YAPAXI@Z (void * __cdecl operator new(unsigned int))
585 00000000 UNDEF  notype ()    External     | ??3@YAXPAX@Z (void __cdecl operator delete(void *))
586 00000000 UNDEF  notype ()    External     | _atexit
587 00000000 UNDEF  notype ()    External     | __invalid_parameter
588 00000000 UNDEF  notype ()    External     | _memchr
589 00000000 UNDEF  notype ()    External     | _memcmp
58A 00000000 UNDEF  notype ()    External     | _memcpy
58B 00000000 UNDEF  notype ()    External     | _memset
58C 00000000 UNDEF  notype ()    External     | _strlen
58D 00000000 UNDEF  notype ()    External     | _memmove
58E 00000000 UNDEF  notype ()    External     | __stricmp
58F 00000000 UNDEF  notype       External     | __imp__CreateFileA@28
590 00000000 UNDEF  notype       External     | __imp__GetLastError@0
591 00000000 UNDEF  notype       External     | __imp__WaitForSingleObject@8
592 00000000 UNDEF  notype       External     | __imp__SwitchToThread@0
593 00000000 UNDEF  notype       External     | __imp__GetTickCount64@0
594 00000000 UNDEF  notype       External     | __imp__FreeLibrary@4
595 00000000 UNDEF  notype       External     | __imp__GetModuleFileNameA@12
596 00000000 UNDEF  notype       External     | __imp__GetModuleHandleExA@12
597 00000000 UNDEF  notype       External     | __imp__WaitForMultipleObjects@16
598 00000000 UNDEF  notype       External     | __imp__GetNamedPipeServerProcessId@8
599 00000000 UNDEF  notype ()    External     | _strtoul
59A 00000000 UNDEF  notype ()    External     | ??0_Lockit@std@@QAE@H@Z (public: __thiscall std::_Lockit::_Lockit(int))
59B 00000000 UNDEF  notype ()    External     | ??1_Lockit@std@@QAE@XZ (public: __thiscall std::_Lockit::~_Lockit(void))
59C 00000000 UNDEF  notype ()    External     | __hypot
59D 00000000 SECT2B4 notype ()    External    | _hypot
59E 00000000 SECT270 notype ()    External    | ?max@?$numeric_limits@_K@std@@SA_KXZ (public: static unsigned __int64 __cdecl std::numeric_limits<unsigned __int64>::max(void))
59F 00000000 UNDEF  notype ()    External     | ??0exception@std@@QAE@ABQBD@Z (public: __thiscall std::exception::exception(char const * const &))
5A0 00000000 UNDEF  notype ()    External     | ??0exception@std@@QAE@ABV01@@Z (public: __thiscall std::exception::exception(class std::exception const &))
5A1 00000000 UNDEF  notype ()    External     | ??1exception@std@@UAE@XZ (public: virtual __thiscall std::exception::~exception(void))
5A2 00000000 UNDEF  notype ()    External     | ?what@exception@std@@UBEPBDXZ (public: virtual char const * __thiscall std::exception::what(void)const )
5A3 00000000 SECT158 notype ()    External    | ??2@YAPAXIPAX@Z (void * __cdecl operator new(unsigned int,void *))
5A4 00000000 SECT159 notype ()    External    | ??3@YAXPAX0@Z (void __cdecl operator delete(void *,void *))
5A5 00000000 UNDEF  notype ()    External     | _printf
5A6 00000000 UNDEF  notype ()    External     | __CrtDbgReportW
5A7 00000000 SECT26E notype ()    External    | ?length@?$char_traits@D@std@@SAIPBD@Z (public: static unsigned int __cdecl std::char_traits<char>::length(char const *))
5A8 00000000 SECT235 notype ()    External    | ?copy@?$char_traits@D@std@@SAPADPADPBDI@Z (public: static char * __cdecl std::char_traits<char>::copy(char *,char const *,unsigned int))
5A9 00000000 SECT285 notype ()    External    | ?move@?$char_traits@D@std@@SAPADPADPBDI@Z (public: static char * __cdecl std::char_traits<char>::move(char *,char const *,unsigned int))
5AA 00000000 SECT222 notype ()    External    | ?assign@?$char_traits@D@std@@SAXAADABD@Z (public: static void __cdecl std::char_traits<char>::assign(char &,char const &))
5AB 00000000 SECT18E notype ()    Static      | ??__Epiecewise_construct@std@@YAXXZ (void __cdecl std::`dynamic initializer for 'piecewise_construct''(void))
5AC 00000000 UNDEF  notype ()    External     | ?_Debug_message@std@@YAXPB_W0I@Z (void __cdecl std::_Debug_message(wchar_t const *,wchar_t const *,unsigned int))
5AD 00000000 SECT109 notype ()    External    | ??0_Container_proxy@std@@QAE@XZ (public: __thiscall std::_Container_proxy::_Container_proxy(void))
5AE 00000000 SECT108 notype ()    External    | ??0_Container_base12@std@@QAE@XZ (public: __thiscall std::_Container_base12::_Container_base12(void))
5AF 00000000 SECT14F notype ()    External    | ??1_Container_base12@std@@QAE@XZ (public: __thiscall std::_Container_base12::~_Container_base12(void))
5B0 00000000 SECT1BE notype ()    External    | ?_Getpfirst@_Container_base12@std@@QBEPAPAU_Iterator_base12@2@XZ (public: struct std::_Iterator_base12 * * __thiscall std::_Container_base12::_Getpfirst(void)const )
5B1 00000000 SECT1DB notype ()    External    | ?_Orphan_all@_Container_base12@std@@QAEXXZ (public: void __thiscall std::_Container_base12::_Orphan_all(void))
5B2 00000000 SECT1FE notype ()    External    | ?_Swap_all@_Container_base12@std@@QAEXAAU12@@Z (public: void __thiscall std::_Container_base12::_Swap_all(struct std::_Container_base12 &))
5B3 00000000 SECT10E notype ()    External    | ??0_Iterator_base12@std@@QAE@XZ (public: __thiscall std::_Iterator_base12::_Iterator_base12(void))
5B4 00000000 SECT10D notype ()    External    | ??0_Iterator_base12@std@@QAE@ABU01@@Z (public: __thiscall std::_Iterator_base12::_Iterator_base12(struct std::_Iterator_base12 const &))
5B5 00000000 SECT15D notype ()    External    | ??4_Iterator_base12@std@@QAEAAU01@ABU01@@Z (public: struct std::_Iterator_base12 & __thiscall std::_Iterator_base12::operator=(struct std::_Iterator_base12 const &))
5B6 00000000 SECT152 notype ()    External    | ??1_Iterator_base12@std@@QAE@XZ (public: __thiscall std::_Iterator_base12::~_Iterator_base12(void))
5B7 00000000 SECT192 notype ()    External    | ?_Adopt@_Iterator_base12@std@@QAEXPBU_Container_base12@2@@Z (public: void __thiscall std::_Iterator_base12::_Adopt(struct std::_Container_base12 const *))
5B8 00000000 SECT19F notype ()    External    | ?_Clrcont@_Iterator_base12@std@@QAEXXZ (public: void __thiscall std::_Iterator_base12::_Clrcont(void))
5B9 00000000 SECT1BD notype ()    External    | ?_Getcont@_Iterator_base12@std@@QBEPBU_Container_base12@2@XZ (public: struct std::_Container_base12 const * __thiscall std::_Iterator_base12::_Getcont(void)const )
5BA 00000000 SECT1BF notype ()    External    | ?_Getpnext@_Iterator_base12@std@@QAEPAPAU12@XZ (public: struct std::_Iterator_base12 * * __thiscall std::_Iterator_base12::_Getpnext(void))
5BB 00000000 SECT1DC notype ()    External    | ?_Orphan_me@_Iterator_base12@std@@QAEXXZ (public: void __thiscall std::_Iterator_base12::_Orphan_me(void))
5BC 00000000 SECT1AA notype ()    External    | ?_Fill_n@std@@YAPAEPAEIE@Z (unsigned char * __cdecl std::_Fill_n(unsigned char *,unsigned int,unsigned char))
5BD 00000000 SECT18C notype ()    Static      | ??__Eallocator_arg@std@@YAXXZ (void __cdecl std::`dynamic initializer for 'allocator_arg''(void))
5BE 00000000 UNDEF  notype ()    External     | ?_Xbad_alloc@std@@YAXXZ (void __cdecl std::_Xbad_alloc(void))
5BF 00000000 UNDEF  notype ()    External     | ?_Xlength_error@std@@YAXPBD@Z (void __cdecl std::_Xlength_error(char const *))
5C0 00000000 UNDEF  notype ()    External     | ?_Xout_of_range@std@@YAXPBD@Z (void __cdecl std::_Xout_of_range(char const *))
5C1 00000000 SECT116 notype ()    External    | ??0logic_error@std@@QAE@PBD@Z (public: __thiscall std::logic_error::logic_error(char const *))
5C2 00000000 SECT156 notype ()    External    | ??1logic_error@std@@UAE@XZ (public: virtual __thiscall std::logic_error::~logic_error(void))
5C3 00000000 SECT115 notype ()    External    | ??0logic_error@std@@QAE@ABV01@@Z (public: __thiscall std::logic_error::logic_error(class std::logic_error const &))
5C4 00000000 SECT182 notype ()    External    | ??_Glogic_error@std@@UAEPAXI@Z (public: virtual void * __thiscall std::logic_error::`scalar deleting destructor'(unsigned int))
5C5 00000000 UNDEF  notype ()    WeakExternal | ??_Elogic_error@std@@UAEPAXI@Z (public: virtual void * __thiscall std::logic_error::`vector deleting destructor'(unsigned int))
    Default index      5C4 library search
5C7 00000000 SECTE1 notype ()    External     | ??0?$allocator@D@std@@QAE@XZ (public: __thiscall std::allocator<char>::allocator<char>(void))
5C8 00000000 SECT241 notype ()    External    | ?deallocate@?$allocator@D@std@@QAEXPADI@Z (public: void __thiscall std::allocator<char>::deallocate(char *,unsigned int))
5C9 00000000 SECT218 notype ()    External    | ?allocate@?$allocator@D@std@@QAEPADI@Z (public: char * __thiscall std::allocator<char>::allocate(unsigned int))
5CA 00000000 SECT275 notype ()    External    | ?max_size@?$allocator@D@std@@QBEIXZ (public: unsigned int __thiscall std::allocator<char>::max_size(void)const )
5CB 00000000 SECT279 notype ()    External    | ?max_size@?$allocator_traits@V?$allocator@D@std@@@std@@SAIABV?$allocator@D@2@@Z (public: static unsigned int __cdecl std::allocator_traits<class std::allocator<char> >::max_size(class std::allocator<char> const &))
5CC 00000000 SECTD8 notype ()    External     | ??0?$_Wrap_alloc@V?$allocator@D@std@@@std@@QAE@XZ (public: __thiscall std::_Wrap_alloc<class std::allocator<char> >::_Wrap_alloc<class std::allocator<char> >(void))
5CD 00000000 SECT212 notype ()    External    | ?allocate@?$_Wrap_alloc@V?$allocator@D@std@@@std@@QAEPADI@Z (public: char * __thiscall std::_Wrap_alloc<class std::allocator<char> >::allocate(unsigned int))
5CE 00000000 SECT239 notype ()    External    | ?deallocate@?$_Wrap_alloc@V?$allocator@D@std@@@std@@QAEXPADI@Z (public: void __thiscall std::_Wrap_alloc<class std::allocator<char> >::deallocate(char *,unsigned int))
5CF 00000000 SECT271 notype ()    External    | ?max_size@?$_Wrap_alloc@V?$allocator@D@std@@@std@@QBEIXZ (public: unsigned int __thiscall std::_Wrap_alloc<class std::allocator<char> >::max_size(void)const )
5D0 00000000 SECTBB notype ()    External     | ??0?$_String_val@U?$_Simple_types@D@std@@@std@@QAE@XZ (public: __thiscall std::_String_val<struct std::_Simple_types<char> >::_String_val<struct std::_Simple_types<char> >(void))
5D1 00000000 SECT1D5 notype ()    External    | ?_Myptr@?$_String_val@U?$_Simple_types@D@std@@@std@@QAEPADXZ (public: char * __thiscall std::_String_val<struct std::_Simple_types<char> >::_Myptr(void))
5D2 00000000 SECT1D6 notype ()    External    | ?_Myptr@?$_String_val@U?$_Simple_types@D@std@@@std@@QBEPBDXZ (public: char const * __thiscall std::_String_val<struct std::_Simple_types<char> >::_Myptr(void)const )
5D3 00000000 SECT121 notype ()    External    | ??1?$_String_val@U?$_Simple_types@D@std@@@std@@QAE@XZ (public: __thiscall std::_String_val<struct std::_Simple_types<char> >::~_String_val<struct std::_Simple_types<char> >(void))
5D4 00000000 SECTB9 notype ()    External     | ??0?$_String_alloc@$0A@U?$_String_base_types@DV?$allocator@D@std@@@std@@@std@@QAE@ABV?$allocator@D@1@@Z (public: __thiscall std::_String_alloc<0,struct std::_String_base_types<char,class std::allocator<char> > >::_String_alloc<0,struct std::_String_base_types<char,class std::allocator<char> > >(class std::allocator<char> const &))
5D5 00000000 SECT120 notype ()    External    | ??1?$_String_alloc@$0A@U?$_String_base_types@DV?$allocator@D@std@@@std@@@std@@QAE@XZ (public: __thiscall std::_String_alloc<0,struct std::_String_base_types<char,class std::allocator<char> > >::~_String_alloc<0,struct std::_String_base_types<char,class std::allocator<char> > >(void))
5D6 00000000 SECT195 notype ()    External    | ?_Alloc_proxy@?$_String_alloc@$0A@U?$_String_base_types@DV?$allocator@D@std@@@std@@@std@@QAEXXZ (public: void __thiscall std::_String_alloc<0,struct std::_String_base_types<char,class std::allocator<char> > >::_Alloc_proxy(void))
5D7 00000000 SECT1AC notype ()    External    | ?_Free_proxy@?$_String_alloc@$0A@U?$_String_base_types@DV?$allocator@D@std@@@std@@@std@@QAEXXZ (public: void __thiscall std::_String_alloc<0,struct std::_String_base_types<char,class std::allocator<char> > >::_Free_proxy(void))
5D8 00000000 SECT1B7 notype ()    External    | ?_Getal@?$_String_alloc@$0A@U?$_String_base_types@DV?$allocator@D@std@@@std@@@std@@QBE?AU?$_Wrap_alloc@V?$allocator@D@std@@@2@XZ (public: struct std::_Wrap_alloc<class std::allocator<char> > __thiscall std::_String_alloc<0,struct std::_String_base_types<char,class std::allocator<char> > >::_Getal(void)const )
5D9 00000000 SECTEB notype ()    External     | ??0?$basic_string@DU?$char_traits@D@std@@V?$allocator@D@2@@std@@QAE@PBD@Z (public: __thiscall std::basic_string<char,struct std::char_traits<char>,class std::allocator<char> >::basic_string<char,struct std::char_traits<char>,class std::allocator<char> >(char const *))
5DA 00000000 SECT13B notype ()    External    | ??1?$basic_string@DU?$char_traits@D@std@@V?$allocator@D@2@@std@@QAE@XZ (public: __thiscall std::basic_string<char,struct std::char_traits<char>,class std::allocator<char> >::~basic_string<char,struct std::char_traits<char>,class std::allocator<char> >(void))
5DB 00000000 SECT21F notype ()    External    | ?assign@?$basic_string@DU?$char_traits@D@std@@V?$allocator@D@2@@std@@QAEAAV12@ABV12@II@Z (public: class std::basic_string<char,struct std::char_traits<char>,class std::allocator<char> > & __thiscall std::basic_string<char,struct std::char_traits<char>,class std::allocator<char> >::assign(class std::basic_string<char,struct std::char_traits<char>,class std::allocator<char> > const &,unsigned int,unsigned int))
5DC 00000000 SECT221 notype ()    External    | ?assign@?$basic_string@DU?$char_traits@D@std@@V?$allocator@D@2@@std@@QAEAAV12@PBDI@Z (public: class std::basic_string<char,struct std::char_traits<char>,class std::allocator<char> > & __thiscall std::basic_string<char,struct std::char_traits<char>,class std::allocator<char> >::assign(char const *,unsigned int))
5DD 00000000 SECT220 notype ()    External    | ?assign@?$basic_string@DU?$char_traits@D@std@@V?$allocator@D@2@@std@@QAEAAV12@PBD@Z (public: class std::basic_string<char,struct std::char_traits<char>,class std::allocator<char> > & __thiscall std::basic_string<char,struct std::char_traits<char>,class std::allocator<char> >::assign(char const *))
5DE 00000000 SECT25D notype ()    External    | ?erase@?$basic_string@DU?$char_traits@D@std@@V?$allocator@D@2@@std@@QAEAAV12@I@Z (public: class std::basic_string<char,struct std::char_traits<char>,class std::allocator<char> > & __thiscall std::basic_string<char,struct std::char_traits<char>,class std::allocator<char> >::erase(unsigned int))
5DF 00000000 SECT25E notype ()    External    | ?erase@?$basic_string@DU?$char_traits@D@std@@V?$allocator@D@2@@std@@QAEAAV12@II@Z (public: class std::basic_string<char,struct std::char_traits<char>,class std::allocator<char> > & __thiscall std::basic_string<char,struct std::char_traits<char>,class std::allocator<char> >::erase(unsigned int,unsigned int))
5E0 00000000 SECT165 notype ()    External    | ??A?$basic_string@DU?$char_traits@D@std@@V?$allocator@D@2@@std@@QBEABDI@Z (public: char const & __thiscall std::basic_string<char,struct std::char_traits<char>,class std::allocator<char> >::operator[](unsigned int)const )
5E1 00000000 SECT229 notype ()    External    | ?c_str@?$basic_string@DU?$char_traits@D@std@@V?$allocator@D@2@@std@@QBEPBDXZ (public: char const * __thiscall std::basic_string<char,struct std::char_traits<char>,class std::allocator<char> >::c_str(void)const )
5E2 00000000 SECT236 notype ()    External    | ?data@?$basic_string@DU?$char_traits@D@std@@V?$allocator@D@2@@std@@QBEPBDXZ (public: char const * __thiscall std::basic_string<char,struct std::char_traits<char>,class std::allocator<char> >::data(void)const )
5E3 00000000 SECT2A6 notype ()    External    | ?size@?$basic_string@DU?$char_traits@D@std@@V?$allocator@D@2@@std@@QBEIXZ (public: unsigned int __thiscall std::basic_string<char,struct std::char_traits<char>,class std::allocator<char> >::size(void)const )
5E4 00000000 SECT27D notype ()    External    | ?max_size@?$basic_string@DU?$char_traits@D@std@@V?$allocator@D@2@@std@@QBEIXZ (public: unsigned int __thiscall std::basic_string<char,struct std::char_traits<char>,class std::allocator<char> >::max_size(void)const )
5E5 00000000 SECT1A2 notype ()    External    | ?_Copy@?$basic_string@DU?$char_traits@D@std@@V?$allocator@D@2@@std@@QAEXII@Z (public: void __thiscall std::basic_string<char,struct std::char_traits<char>,class std::allocator<char> >::_Copy(unsigned int,unsigned int))
5E6 00000000 SECT1A7 notype ()    External    | ?_Eos@?$basic_string@DU?$char_traits@D@std@@V?$allocator@D@2@@std@@QAEXI@Z (public: void __thiscall std::basic_string<char,struct std::char_traits<char>,class std::allocator<char> >::_Eos(unsigned int))
5E7 00000000 SECT1C0 notype ()    External    | ?_Grow@?$basic_string@DU?$char_traits@D@std@@V?$allocator@D@2@@std@@QAE_NI_N@Z (public: bool __thiscall std::basic_string<char,struct std::char_traits<char>,class std::allocator<char> >::_Grow(unsigned int,bool))
5E8 00000000 SECT1C4 notype ()    External    | ?_Inside@?$basic_string@DU?$char_traits@D@std@@V?$allocator@D@2@@std@@QAE_NPBD@Z (public: bool __thiscall std::basic_string<char,struct std::char_traits<char>,class std::allocator<char> >::_Inside(char const *))
5E9 00000000 SECT204 notype ()    External    | ?_Tidy@?$basic_string@DU?$char_traits@D@std@@V?$allocator@D@2@@std@@QAEX_NI@Z (public: void __thiscall std::basic_string<char,struct std::char_traits<char>,class std::allocator<char> >::_Tidy(bool,unsigned int))
5EA 00000000 SECT20D notype ()    External    | ?_Xlen@?$basic_string@DU?$char_traits@D@std@@V?$allocator@D@2@@std@@QBEXXZ (public: void __thiscall std::basic_string<char,struct std::char_traits<char>,class std::allocator<char> >::_Xlen(void)const )
5EB 00000000 SECT211 notype ()    External    | ?_Xran@?$basic_string@DU?$char_traits@D@std@@V?$allocator@D@2@@std@@QBEXXZ (public: void __thiscall std::basic_string<char,struct std::char_traits<char>,class std::allocator<char> >::_Xran(void)const )
5EC 00000000 SECT114 notype ()    External    | ??0invalid_argument@std@@QAE@PBD@Z (public: __thiscall std::invalid_argument::invalid_argument(char const *))
5ED 00000000 SECT155 notype ()    External    | ??1invalid_argument@std@@UAE@XZ (public: virtual __thiscall std::invalid_argument::~invalid_argument(void))
5EE 00000000 SECT113 notype ()    External    | ??0invalid_argument@std@@QAE@ABV01@@Z (public: __thiscall std::invalid_argument::invalid_argument(class std::invalid_argument const &))
5EF 00000000 SECT181 notype ()    External    | ??_Ginvalid_argument@std@@UAEPAXI@Z (public: virtual void * __thiscall std::invalid_argument::`scalar deleting destructor'(unsigned int))
5F0 00000000 UNDEF  notype ()    WeakExternal | ??_Einvalid_argument@std@@UAEPAXI@Z (public: virtual void * __thiscall std::invalid_argument::`vector deleting destructor'(unsigned int))
    Default index      5EF library search
5F2 00000000 SECT118 notype ()    External    | ??0runtime_error@std@@QAE@PBD@Z (public: __thiscall std::runtime_error::runtime_error(char const *))
5F3 00000000 SECT157 notype ()    External    | ??1runtime_error@std@@UAE@XZ (public: virtual __thiscall std::runtime_error::~runtime_error(void))
5F4 00000000 SECT117 notype ()    External    | ??0runtime_error@std@@QAE@ABV01@@Z (public: __thiscall std::runtime_error::runtime_error(class std::runtime_error const &))
5F5 00000000 SECT183 notype ()    External    | ??_Gruntime_error@std@@UAEPAXI@Z (public: virtual void * __thiscall std::runtime_error::`scalar deleting destructor'(unsigned int))
5F6 00000000 UNDEF  notype ()    WeakExternal | ??_Eruntime_error@std@@UAEPAXI@Z (public: virtual void * __thiscall std::runtime_error::`vector deleting destructor'(unsigned int))
    Default index      5F5 library search
5F8 00000000 SECT26C notype ()    External    | ?knownResource@MilesTransport@@YA_NI@Z (bool __cdecl MilesTransport::knownResource(unsigned int))
5F9 00000000 SECT103 notype ()    External    | ??0Reservation@ResourceRegistry@MilesTransport@@QAE@XZ (public: __thiscall MilesTransport::ResourceRegistry::Reservation::Reservation(void))
5FA 00000000 SECT14B notype ()    External    | ??1Reservation@ResourceRegistry@MilesTransport@@QAE@XZ (public: __thiscall MilesTransport::ResourceRegistry::Reservation::~Reservation(void))
5FB 00000000 SECTFA notype ()    External     | ??0Entry@ResourceRegistry@MilesTransport@@QAE@XZ (public: __thiscall MilesTransport::ResourceRegistry::Entry::Entry(void))
5FC 00000000 SECTE7 notype ()    External     | ??0?$allocator@UEntry@ResourceRegistry@MilesTransport@@@std@@QAE@XZ (public: __thiscall std::allocator<struct MilesTransport::ResourceRegistry::Entry>::allocator<struct MilesTransport::ResourceRegistry::Entry>(void))
5FD 00000000 SECT246 notype ()    External    | ?deallocate@?$allocator@UEntry@ResourceRegistry@MilesTransport@@@std@@QAEXPAUEntry@ResourceRegistry@MilesTransport@@I@Z (public: void __thiscall std::allocator<struct MilesTransport::ResourceRegistry::Entry>::deallocate(struct MilesTransport::ResourceRegistry::Entry *,unsigned int))
5FE 00000000 SECT21B notype ()    External    | ?allocate@?$allocator@UEntry@ResourceRegistry@MilesTransport@@@std@@QAEPAUEntry@ResourceRegistry@MilesTransport@@I@Z (public: struct MilesTransport::ResourceRegistry::Entry * __thiscall std::allocator<struct MilesTransport::ResourceRegistry::Entry>::allocate(unsigned int))
5FF 00000000 SECT277 notype ()    External    | ?max_size@?$allocator@UEntry@ResourceRegistry@MilesTransport@@@std@@QBEIXZ (public: unsigned int __thiscall std::allocator<struct MilesTransport::ResourceRegistry::Entry>::max_size(void)const )
600 00000000 SECT27B notype ()    External    | ?max_size@?$allocator_traits@V?$allocator@UEntry@ResourceRegistry@MilesTransport@@@std@@@std@@SAIABV?$allocator@UEntry@ResourceRegistry@MilesTransport@@@2@@Z (public: static unsigned int __cdecl std::allocator_traits<class std::allocator<struct MilesTransport::ResourceRegistry::Entry> >::max_size(class std::allocator<struct MilesTransport::ResourceRegistry::Entry> const &))
601 00000000 SECTDE notype ()    External     | ??0?$_Wrap_alloc@V?$allocator@UEntry@ResourceRegistry@MilesTransport@@@std@@@std@@QAE@XZ (public: __thiscall std::_Wrap_alloc<class std::allocator<struct MilesTransport::ResourceRegistry::Entry> >::_Wrap_alloc<class std::allocator<struct MilesTransport::ResourceRegistry::Entry> >(void))
602 00000000 SECT215 notype ()    External    | ?allocate@?$_Wrap_alloc@V?$allocator@UEntry@ResourceRegistry@MilesTransport@@@std@@@std@@QAEPAUEntry@ResourceRegistry@MilesTransport@@I@Z (public: struct MilesTransport::ResourceRegistry::Entry * __thiscall std::_Wrap_alloc<class std::allocator<struct MilesTransport::ResourceRegistry::Entry> >::allocate(unsigned int))
603 00000000 SECT23E notype ()    External    | ?deallocate@?$_Wrap_alloc@V?$allocator@UEntry@ResourceRegistry@MilesTransport@@@std@@@std@@QAEXPAUEntry@ResourceRegistry@MilesTransport@@I@Z (public: void __thiscall std::_Wrap_alloc<class std::allocator<struct MilesTransport::ResourceRegistry::Entry> >::deallocate(struct MilesTransport::ResourceRegistry::Entry *,unsigned int))
604 00000000 SECT273 notype ()    External    | ?max_size@?$_Wrap_alloc@V?$allocator@UEntry@ResourceRegistry@MilesTransport@@@std@@@std@@QBEIXZ (public: unsigned int __thiscall std::_Wrap_alloc<class std::allocator<struct MilesTransport::ResourceRegistry::Entry> >::max_size(void)const )
605 00000000 SECTD6 notype ()    External     | ??0?$_Vector_val@U?$_Simple_types@UEntry@ResourceRegistry@MilesTransport@@@std@@@std@@QAE@XZ (public: __thiscall std::_Vector_val<struct std::_Simple_types<struct MilesTransport::ResourceRegistry::Entry> >::_Vector_val<struct std::_Simple_types<struct MilesTransport::ResourceRegistry::Entry> >(void))
606 00000000 SECT139 notype ()    External    | ??1?$_Vector_val@U?$_Simple_types@UEntry@ResourceRegistry@MilesTransport@@@std@@@std@@QAE@XZ (public: __thiscall std::_Vector_val<struct std::_Simple_types<struct MilesTransport::ResourceRegistry::Entry> >::~_Vector_val<struct std::_Simple_types<struct MilesTransport::ResourceRegistry::Entry> >(void))
607 00000000 SECTCB notype ()    External     | ??0?$_Vector_alloc@$0A@U?$_Vec_base_types@UEntry@ResourceRegistry@MilesTransport@@V?$allocator@UEntry@ResourceRegistry@MilesTransport@@@std@@@std@@@std@@QAE@ABV?$allocator@UEntry@ResourceRegistry@MilesTransport@@@1@@Z (public: __thiscall std::_Vector_alloc<0,struct std::_Vec_base_types<struct MilesTransport::ResourceRegistry::Entry,class std::allocator<struct MilesTransport::ResourceRegistry::Entry> > >::_Vector_alloc<0,struct std::_Vec_base_types<struct MilesTransport::ResourceRegistry::Entry,class std::allocator<struct MilesTransport::ResourceRegistry::Entry> > >(class std::allocator<struct MilesTransport::ResourceRegistry::Entry> const &))
608 00000000 SECT133 notype ()    External    | ??1?$_Vector_alloc@$0A@U?$_Vec_base_types@UEntry@ResourceRegistry@MilesTransport@@V?$allocator@UEntry@ResourceRegistry@MilesTransport@@@std@@@std@@@std@@QAE@XZ (public: __thiscall std::_Vector_alloc<0,struct std::_Vec_base_types<struct MilesTransport::ResourceRegistry::Entry,class std::allocator<struct MilesTransport::ResourceRegistry::Entry> > >::~_Vector_alloc<0,struct std::_Vec_base_types<struct MilesTransport::ResourceRegistry::Entry,class std::allocator<struct MilesTransport::ResourceRegistry::Entry> > >(void))
609 00000000 SECT197 notype ()    External    | ?_Alloc_proxy@?$_Vector_alloc@$0A@U?$_Vec_base_types@UEntry@ResourceRegistry@MilesTransport@@V?$allocator@UEntry@ResourceRegistry@MilesTransport@@@std@@@std@@@std@@QAEXXZ (public: void __thiscall std::_Vector_alloc<0,struct std::_Vec_base_types<struct MilesTransport::ResourceRegistry::Entry,class std::allocator<struct MilesTransport::ResourceRegistry::Entry> > >::_Alloc_proxy(void))
60A 00000000 SECT1B0 notype ()    External    | ?_Free_proxy@?$_Vector_alloc@$0A@U?$_Vec_base_types@UEntry@ResourceRegistry@MilesTransport@@V?$allocator@UEntry@ResourceRegistry@MilesTransport@@@std@@@std@@@std@@QAEXXZ (public: void __thiscall std::_Vector_alloc<0,struct std::_Vec_base_types<struct MilesTransport::ResourceRegistry::Entry,class std::allocator<struct MilesTransport::ResourceRegistry::Entry> > >::_Free_proxy(void))
60B 00000000 SECT1BB notype ()    External    | ?_Getal@?$_Vector_alloc@$0A@U?$_Vec_base_types@UEntry@ResourceRegistry@MilesTransport@@V?$allocator@UEntry@ResourceRegistry@MilesTransport@@@std@@@std@@@std@@QBE?AU?$_Wrap_alloc@V?$allocator@UEntry@ResourceRegistry@MilesTransport@@@std@@@2@XZ (public: struct std::_Wrap_alloc<class std::allocator<struct MilesTransport::ResourceRegistry::Entry> > __thiscall std::_Vector_alloc<0,struct std::_Vec_base_types<struct MilesTransport::ResourceRegistry::Entry,class std::allocator<struct MilesTransport::ResourceRegistry::Entry> > >::_Getal(void)const )
60C 00000000 SECTF5 notype ()    External     | ??0?$vector@UEntry@ResourceRegistry@MilesTransport@@V?$allocator@UEntry@ResourceRegistry@MilesTransport@@@std@@@std@@QAE@XZ (public: __thiscall std::vector<struct MilesTransport::ResourceRegistry::Entry,class std::allocator<struct MilesTransport::ResourceRegistry::Entry> >::vector<struct MilesTransport::ResourceRegistry::Entry,class std::allocator<struct MilesTransport::ResourceRegistry::Entry> >(void))
60D 00000000 SECT28F notype ()    External    | ?push_back@?$vector@UEntry@ResourceRegistry@MilesTransport@@V?$allocator@UEntry@ResourceRegistry@MilesTransport@@@std@@@std@@QAEX$$QAUEntry@ResourceRegistry@MilesTransport@@@Z (public: void __thiscall std::vector<struct MilesTransport::ResourceRegistry::Entry,class std::allocator<struct MilesTransport::ResourceRegistry::Entry> >::push_back(struct MilesTransport::ResourceRegistry::Entry &&))
60E 00000000 SECT142 notype ()    External    | ??1?$vector@UEntry@ResourceRegistry@MilesTransport@@V?$allocator@UEntry@ResourceRegistry@MilesTransport@@@std@@@std@@QAE@XZ (public: __thiscall std::vector<struct MilesTransport::ResourceRegistry::Entry,class std::allocator<struct MilesTransport::ResourceRegistry::Entry> >::~vector<struct MilesTransport::ResourceRegistry::Entry,class std::allocator<struct MilesTransport::ResourceRegistry::Entry> >(void))
60F 00000000 SECT22C notype ()    External    | ?capacity@?$vector@UEntry@ResourceRegistry@MilesTransport@@V?$allocator@UEntry@ResourceRegistry@MilesTransport@@@std@@@std@@QBEIXZ (public: unsigned int __thiscall std::vector<struct MilesTransport::ResourceRegistry::Entry,class std::allocator<struct MilesTransport::ResourceRegistry::Entry> >::capacity(void)const )
610 00000000 SECT20B notype ()    External    | ?_Unused_capacity@?$vector@UEntry@ResourceRegistry@MilesTransport@@V?$allocator@UEntry@ResourceRegistry@MilesTransport@@@std@@@std@@QBEIXZ (public: unsigned int __thiscall std::vector<struct MilesTransport::ResourceRegistry::Entry,class std::allocator<struct MilesTransport::ResourceRegistry::Entry> >::_Unused_capacity(void)const )
611 00000000 SECT2A8 notype ()    External    | ?size@?$vector@UEntry@ResourceRegistry@MilesTransport@@V?$allocator@UEntry@ResourceRegistry@MilesTransport@@@std@@@std@@QBEIXZ (public: unsigned int __thiscall std::vector<struct MilesTransport::ResourceRegistry::Entry,class std::allocator<struct MilesTransport::ResourceRegistry::Entry> >::size(void)const )
612 00000000 SECT27F notype ()    External    | ?max_size@?$vector@UEntry@ResourceRegistry@MilesTransport@@V?$allocator@UEntry@ResourceRegistry@MilesTransport@@@std@@@std@@QBEIXZ (public: unsigned int __thiscall std::vector<struct MilesTransport::ResourceRegistry::Entry,class std::allocator<struct MilesTransport::ResourceRegistry::Entry> >::max_size(void)const )
613 00000000 SECT169 notype ()    External    | ??A?$vector@UEntry@ResourceRegistry@MilesTransport@@V?$allocator@UEntry@ResourceRegistry@MilesTransport@@@std@@@std@@QBEABUEntry@ResourceRegistry@MilesTransport@@I@Z (public: struct MilesTransport::ResourceRegistry::Entry const & __thiscall std::vector<struct MilesTransport::ResourceRegistry::Entry,class std::allocator<struct MilesTransport::ResourceRegistry::Entry> >::operator[](unsigned int)const )
614 00000000 SECT168 notype ()    External    | ??A?$vector@UEntry@ResourceRegistry@MilesTransport@@V?$allocator@UEntry@ResourceRegistry@MilesTransport@@@std@@@std@@QAEAAUEntry@ResourceRegistry@MilesTransport@@I@Z (public: struct MilesTransport::ResourceRegistry::Entry & __thiscall std::vector<struct MilesTransport::ResourceRegistry::Entry,class std::allocator<struct MilesTransport::ResourceRegistry::Entry> >::operator[](unsigned int))
615 00000000 SECT1A5 notype ()    External    | ?_Destroy@?$vector@UEntry@ResourceRegistry@MilesTransport@@V?$allocator@UEntry@ResourceRegistry@MilesTransport@@@std@@@std@@IAEXPAUEntry@ResourceRegistry@MilesTransport@@0@Z (protected: void __thiscall std::vector<struct MilesTransport::ResourceRegistry::Entry,class std::allocator<struct MilesTransport::ResourceRegistry::Entry> >::_Destroy(struct MilesTransport::ResourceRegistry::Entry *,struct MilesTransport::ResourceRegistry::Entry *))
616 00000000 SECT1C2 notype ()    External    | ?_Grow_to@?$vector@UEntry@ResourceRegistry@MilesTransport@@V?$allocator@UEntry@ResourceRegistry@MilesTransport@@@std@@@std@@IBEII@Z (protected: unsigned int __thiscall std::vector<struct MilesTransport::ResourceRegistry::Entry,class std::allocator<struct MilesTransport::ResourceRegistry::Entry> >::_Grow_to(unsigned int)const )
617 00000000 SECT1C5 notype ()    External    | ?_Inside@?$vector@UEntry@ResourceRegistry@MilesTransport@@V?$allocator@UEntry@ResourceRegistry@MilesTransport@@@std@@@std@@IBE_NPBUEntry@ResourceRegistry@MilesTransport@@@Z (protected: bool __thiscall std::vector<struct MilesTransport::ResourceRegistry::Entry,class std::allocator<struct MilesTransport::ResourceRegistry::Entry> >::_Inside(struct MilesTransport::ResourceRegistry::Entry const *)const )
618 00000000 SECT1EF notype ()    External    | ?_Reallocate@?$vector@UEntry@ResourceRegistry@MilesTransport@@V?$allocator@UEntry@ResourceRegistry@MilesTransport@@@std@@@std@@IAEXI@Z (protected: void __thiscall std::vector<struct MilesTransport::ResourceRegistry::Entry,class std::allocator<struct MilesTransport::ResourceRegistry::Entry> >::_Reallocate(unsigned int))
619 00000000 SECT1F4 notype ()    External    | ?_Reserve@?$vector@UEntry@ResourceRegistry@MilesTransport@@V?$allocator@UEntry@ResourceRegistry@MilesTransport@@@std@@@std@@IAEXI@Z (protected: void __thiscall std::vector<struct MilesTransport::ResourceRegistry::Entry,class std::allocator<struct MilesTransport::ResourceRegistry::Entry> >::_Reserve(unsigned int))
61A 00000000 SECT207 notype ()    External    | ?_Tidy@?$vector@UEntry@ResourceRegistry@MilesTransport@@V?$allocator@UEntry@ResourceRegistry@MilesTransport@@@std@@@std@@IAEXXZ (protected: void __thiscall std::vector<struct MilesTransport::ResourceRegistry::Entry,class std::allocator<struct MilesTransport::ResourceRegistry::Entry> >::_Tidy(void))
61B 00000000 SECT20F notype ()    External    | ?_Xlen@?$vector@UEntry@ResourceRegistry@MilesTransport@@V?$allocator@UEntry@ResourceRegistry@MilesTransport@@@std@@@std@@IBEXXZ (protected: void __thiscall std::vector<struct MilesTransport::ResourceRegistry::Entry,class std::allocator<struct MilesTransport::ResourceRegistry::Entry> >::_Xlen(void)const )
61C 00000000 SECT1E5 notype ()    External    | ?_Orphan_range@?$vector@UEntry@ResourceRegistry@MilesTransport@@V?$allocator@UEntry@ResourceRegistry@MilesTransport@@@std@@@std@@IBEXPAUEntry@ResourceRegistry@MilesTransport@@0@Z (protected: void __thiscall std::vector<struct MilesTransport::ResourceRegistry::Entry,class std::allocator<struct MilesTransport::ResourceRegistry::Entry> >::_Orphan_range(struct MilesTransport::ResourceRegistry::Entry *,struct MilesTransport::ResourceRegistry::Entry *)const )
61D 00000000 SECT252 notype ()    External    | ?entry@ResourceRegistry@MilesTransport@@AAEPAUEntry@12@ABUHandle@MilesWire@@@Z (private: struct MilesTransport::ResourceRegistry::Entry * __thiscall MilesTransport::ResourceRegistry::entry(struct MilesWire::Handle const &))
61E 00000000 SECT26B notype ()    External    | ?insertEntry@ResourceRegistry@MilesTransport@@AAE_NW4ResourceKind@MilesWire@@PAXAAUHandle@4@@Z (private: bool __thiscall MilesTransport::ResourceRegistry::insertEntry(enum MilesWire::ResourceKind,void *,struct MilesWire::Handle &))
61F 00000000 SECT29F notype ()    External    | ?same@ResourceRegistry@MilesTransport@@CA_NABUHandle@MilesWire@@0@Z (private: static bool __cdecl MilesTransport::ResourceRegistry::same(struct MilesWire::Handle const &,struct MilesWire::Handle const &))
620 00000000 SECT29E notype ()    External    | ?retireEntry@ResourceRegistry@MilesTransport@@AAEXAAUEntry@12@@Z (private: void __thiscall MilesTransport::ResourceRegistry::retireEntry(struct MilesTransport::ResourceRegistry::Entry &))
621 00000000 SECT29D notype ()    External    | ?retireBorrowed@ResourceRegistry@MilesTransport@@AAEXABUHandle@MilesWire@@@Z (private: void __thiscall MilesTransport::ResourceRegistry::retireBorrowed(struct MilesWire::Handle const &))
622 00000000 SECT105 notype ()    External    | ??0ResourceRegistry@MilesTransport@@QAE@II@Z (public: __thiscall MilesTransport::ResourceRegistry::ResourceRegistry(unsigned int,unsigned int))
623 00000000 SECT294 notype ()    External    | ?reserve@ResourceRegistry@MilesTransport@@QAE_NW4ResourceKind@MilesWire@@ABUHandle@4@AAVReservation@12@@Z (public: bool __thiscall MilesTransport::ResourceRegistry::reserve(enum MilesWire::ResourceKind,struct MilesWire::Handle const &,class MilesTransport::ResourceRegistry::Reservation &))
624 00000000 SECT22A notype ()    External    | ?cancel@ResourceRegistry@MilesTransport@@QAEXAAVReservation@12@@Z (public: void __thiscall MilesTransport::ResourceRegistry::cancel(class MilesTransport::ResourceRegistry::Reservation &))
625 00000000 SECT28E notype ()    External    | ?publish@ResourceRegistry@MilesTransport@@QAE_NAAVReservation@12@PAXAAUHandle@MilesWire@@@Z (public: bool __thiscall MilesTransport::ResourceRegistry::publish(class MilesTransport::ResourceRegistry::Reservation &,void *,struct MilesWire::Handle &))
626 00000000 SECT26A notype ()    External    | ?insertBorrowed@ResourceRegistry@MilesTransport@@QAE_NABUHandle@MilesWire@@PAXAAU34@@Z (public: bool __thiscall MilesTransport::ResourceRegistry::insertBorrowed(struct MilesWire::Handle const &,void *,struct MilesWire::Handle &))
627 00000000 SECT299 notype ()    External    | ?resolve@ResourceRegistry@MilesTransport@@QBE_NABUHandle@MilesWire@@W4ResourceKind@4@AAPAX@Z (public: bool __thiscall MilesTransport::ResourceRegistry::resolve(struct MilesWire::Handle const &,enum MilesWire::ResourceKind,void * &)const )
628 00000000 SECT227 notype ()    External    | ?beginClose@ResourceRegistry@MilesTransport@@QAE_NABUHandle@MilesWire@@@Z (public: bool __thiscall MilesTransport::ResourceRegistry::beginClose(struct MilesWire::Handle const &))
629 00000000 SECT29C notype ()    External    | ?retire@ResourceRegistry@MilesTransport@@QAE_NABUHandle@MilesWire@@@Z (public: bool __thiscall MilesTransport::ResourceRegistry::retire(struct MilesWire::Handle const &))
62A 00000000 SECT14D notype ()    External    | ??1ResourceRegistry@MilesTransport@@QAE@XZ (public: __thiscall MilesTransport::ResourceRegistry::~ResourceRegistry(void))
62B 00000000 SECTF9 notype ()    External     | ??0Bytes@MilesTransport@@QAE@PBXI@Z (public: __thiscall MilesTransport::Bytes::Bytes(void const *,unsigned int))
62C 00000000 UNDEF  notype ()    External     | ?decodeCall@MilesTransport@@YA_NUBytes@1@AAUHeader@MilesWire@@AAUCall@4@@Z (bool __cdecl MilesTransport::decodeCall(struct MilesTransport::Bytes,struct MilesWire::Header &,struct MilesWire::Call &))
62D 00000000 UNDEF  notype ()    External     | ?encodeResult@MilesTransport@@YA_NUHeader@MilesWire@@ABUResult@3@UBytes@1@2AAV?$vector@EV?$allocator@E@std@@@std@@@Z (bool __cdecl MilesTransport::encodeResult(struct MilesWire::Header,struct MilesWire::Result const &,struct MilesTransport::Bytes,struct MilesTransport::Bytes,class std::vector<unsigned char,class std::allocator<unsigned char> > &))
62E 00000000 UNDEF  notype ()    External     | ?decodeResult@MilesTransport@@YA_NUBytes@1@AAUHeader@MilesWire@@AAUResult@4@@Z (bool __cdecl MilesTransport::decodeResult(struct MilesTransport::Bytes,struct MilesWire::Header &,struct MilesWire::Result &))
62F 00000000 UNDEF  notype ()    External     | ??0Endpoint@MilesPipe@@QAE@PAXI@Z (public: __thiscall MilesPipe::Endpoint::Endpoint(void *,unsigned int))
630 00000000 UNDEF  notype ()    External     | ?send@Endpoint@MilesPipe@@QAE_NUBytes@MilesTransport@@@Z (public: bool __thiscall MilesPipe::Endpoint::send(struct MilesTransport::Bytes))
631 00000000 UNDEF  notype ()    External     | ?takeFrame@Endpoint@MilesPipe@@QAE_NAAV?$vector@EV?$allocator@E@std@@@std@@@Z (public: bool __thiscall MilesPipe::Endpoint::takeFrame(class std::vector<unsigned char,class std::allocator<unsigned char> > &))
632 00000000 UNDEF  notype ()    External     | ?pump@Endpoint@MilesPipe@@QAEXXZ (public: void __thiscall MilesPipe::Endpoint::pump(void))
633 00000000 SECT2AB notype ()    External    | ?state@Endpoint@MilesPipe@@QBE?AW4State@12@XZ (public: enum MilesPipe::Endpoint::State __thiscall MilesPipe::Endpoint::state(void)const )
634 00000000 SECT263 notype ()    External    | ?failure@Endpoint@MilesPipe@@QBE?AW4Failure@12@XZ (public: enum MilesPipe::Endpoint::Failure __thiscall MilesPipe::Endpoint::failure(void)const )
635 00000000 SECT292 notype ()    External    | ?readPending@Endpoint@MilesPipe@@QBE_NXZ (public: bool __thiscall MilesPipe::Endpoint::readPending(void)const )
636 00000000 SECT291 notype ()    External    | ?readEvent@Endpoint@MilesPipe@@QBEPAXXZ (public: void * __thiscall MilesPipe::Endpoint::readEvent(void)const )
637 00000000 SECT2B2 notype ()    External    | ?writeEvent@Endpoint@MilesPipe@@QBEPAXXZ (public: void * __thiscall MilesPipe::Endpoint::writeEvent(void)const )
638 00000000 SECT2B3 notype ()    External    | ?writePending@Endpoint@MilesPipe@@QBE_NXZ (public: bool __thiscall MilesPipe::Endpoint::writePending(void)const )
639 00000000 SECT2A4 notype ()    External    | ?sendBusy@Endpoint@MilesPipe@@QBE_NXZ (public: bool __thiscall MilesPipe::Endpoint::sendBusy(void)const )
63A 00000000 SECT2A2 notype ()    External    | ?select_on_container_copy_construction@?$allocator@E@std@@QBE?AV12@XZ (public: class std::allocator<unsigned char> __thiscall std::allocator<unsigned char>::select_on_container_copy_construction(void)const )
63B 00000000 SECTE3 notype ()    External     | ??0?$allocator@E@std@@QAE@XZ (public: __thiscall std::allocator<unsigned char>::allocator<unsigned char>(void))
63C 00000000 SECTE2 notype ()    External     | ??0?$allocator@E@std@@QAE@ABV01@@Z (public: __thiscall std::allocator<unsigned char>::allocator<unsigned char>(class std::allocator<unsigned char> const &))
63D 00000000 SECT242 notype ()    External    | ?deallocate@?$allocator@E@std@@QAEXPAEI@Z (public: void __thiscall std::allocator<unsigned char>::deallocate(unsigned char *,unsigned int))
63E 00000000 SECT219 notype ()    External    | ?allocate@?$allocator@E@std@@QAEPAEI@Z (public: unsigned char * __thiscall std::allocator<unsigned char>::allocate(unsigned int))
63F 00000000 SECT276 notype ()    External    | ?max_size@?$allocator@E@std@@QBEIXZ (public: unsigned int __thiscall std::allocator<unsigned char>::max_size(void)const )
640 00000000 SECT27A notype ()    External    | ?max_size@?$allocator_traits@V?$allocator@E@std@@@std@@SAIABV?$allocator@E@2@@Z (public: static unsigned int __cdecl std::allocator_traits<class std::allocator<unsigned char> >::max_size(class std::allocator<unsigned char> const &))
641 00000000 SECT2A3 notype ()    External    | ?select_on_container_copy_construction@?$allocator_traits@V?$allocator@E@std@@@std@@SA?AV?$allocator@E@2@ABV32@@Z (public: static class std::allocator<unsigned char> __cdecl std::allocator_traits<class std::allocator<unsigned char> >::select_on_container_copy_construction(class std::allocator<unsigned char> const &))
642 00000000 SECT2A1 notype ()    External    | ?select_on_container_copy_construction@?$_Wrap_alloc@V?$allocator@E@std@@@std@@QBE?AU12@XZ (public: struct std::_Wrap_alloc<class std::allocator<unsigned char> > __thiscall std::_Wrap_alloc<class std::allocator<unsigned char> >::select_on_container_copy_construction(void)const )
643 00000000 SECTDA notype ()    External     | ??0?$_Wrap_alloc@V?$allocator@E@std@@@std@@QAE@XZ (public: __thiscall std::_Wrap_alloc<class std::allocator<unsigned char> >::_Wrap_alloc<class std::allocator<unsigned char> >(void))
644 00000000 SECTD9 notype ()    External     | ??0?$_Wrap_alloc@V?$allocator@E@std@@@std@@QAE@ABV?$allocator@E@1@@Z (public: __thiscall std::_Wrap_alloc<class std::allocator<unsigned char> >::_Wrap_alloc<class std::allocator<unsigned char> >(class std::allocator<unsigned char> const &))
645 00000000 SECT213 notype ()    External    | ?allocate@?$_Wrap_alloc@V?$allocator@E@std@@@std@@QAEPAEI@Z (public: unsigned char * __thiscall std::_Wrap_alloc<class std::allocator<unsigned char> >::allocate(unsigned int))
646 00000000 SECT23A notype ()    External    | ?deallocate@?$_Wrap_alloc@V?$allocator@E@std@@@std@@QAEXPAEI@Z (public: void __thiscall std::_Wrap_alloc<class std::allocator<unsigned char> >::deallocate(unsigned char *,unsigned int))
647 00000000 SECT272 notype ()    External    | ?max_size@?$_Wrap_alloc@V?$allocator@E@std@@@std@@QBEIXZ (public: unsigned int __thiscall std::_Wrap_alloc<class std::allocator<unsigned char> >::max_size(void)const )
648 00000000 SECTD5 notype ()    External     | ??0?$_Vector_val@U?$_Simple_types@E@std@@@std@@QAE@XZ (public: __thiscall std::_Vector_val<struct std::_Simple_types<unsigned char> >::_Vector_val<struct std::_Simple_types<unsigned char> >(void))
649 00000000 SECT138 notype ()    External    | ??1?$_Vector_val@U?$_Simple_types@E@std@@@std@@QAE@XZ (public: __thiscall std::_Vector_val<struct std::_Simple_types<unsigned char> >::~_Vector_val<struct std::_Simple_types<unsigned char> >(void))
64A 00000000 SECTC9 notype ()    External     | ??0?$_Vector_alloc@$0A@U?$_Vec_base_types@EV?$allocator@E@std@@@std@@@std@@QAE@ABV?$allocator@E@1@@Z (public: __thiscall std::_Vector_alloc<0,struct std::_Vec_base_types<unsigned char,class std::allocator<unsigned char> > >::_Vector_alloc<0,struct std::_Vec_base_types<unsigned char,class std::allocator<unsigned char> > >(class std::allocator<unsigned char> const &))
64B 00000000 SECT132 notype ()    External    | ??1?$_Vector_alloc@$0A@U?$_Vec_base_types@EV?$allocator@E@std@@@std@@@std@@QAE@XZ (public: __thiscall std::_Vector_alloc<0,struct std::_Vec_base_types<unsigned char,class std::allocator<unsigned char> > >::~_Vector_alloc<0,struct std::_Vec_base_types<unsigned char,class std::allocator<unsigned char> > >(void))
64C 00000000 SECT19E notype ()    External    | ?_Change_alloc@?$_Vector_alloc@$0A@U?$_Vec_base_types@EV?$allocator@E@std@@@std@@@std@@QAEXABU?$_Wrap_alloc@V?$allocator@E@std@@@2@@Z (public: void __thiscall std::_Vector_alloc<0,struct std::_Vec_base_types<unsigned char,class std::allocator<unsigned char> > >::_Change_alloc(struct std::_Wrap_alloc<class std::allocator<unsigned char> > const &))
64D 00000000 SECT1FF notype ()    External    | ?_Swap_alloc@?$_Vector_alloc@$0A@U?$_Vec_base_types@EV?$allocator@E@std@@@std@@@std@@QAEXAAV12@@Z (public: void __thiscall std::_Vector_alloc<0,struct std::_Vec_base_types<unsigned char,class std::allocator<unsigned char> > >::_Swap_alloc(class std::_Vector_alloc<0,struct std::_Vec_base_types<unsigned char,class std::allocator<unsigned char> > > &))
64E 00000000 SECT196 notype ()    External    | ?_Alloc_proxy@?$_Vector_alloc@$0A@U?$_Vec_base_types@EV?$allocator@E@std@@@std@@@std@@QAEXXZ (public: void __thiscall std::_Vector_alloc<0,struct std::_Vec_base_types<unsigned char,class std::allocator<unsigned char> > >::_Alloc_proxy(void))
64F 00000000 SECT1AF notype ()    External    | ?_Free_proxy@?$_Vector_alloc@$0A@U?$_Vec_base_types@EV?$allocator@E@std@@@std@@@std@@QAEXXZ (public: void __thiscall std::_Vector_alloc<0,struct std::_Vec_base_types<unsigned char,class std::allocator<unsigned char> > >::_Free_proxy(void))
650 00000000 SECT1BA notype ()    External    | ?_Getal@?$_Vector_alloc@$0A@U?$_Vec_base_types@EV?$allocator@E@std@@@std@@@std@@QBE?AU?$_Wrap_alloc@V?$allocator@E@std@@@2@XZ (public: struct std::_Wrap_alloc<class std::allocator<unsigned char> > __thiscall std::_Vector_alloc<0,struct std::_Vec_base_types<unsigned char,class std::allocator<unsigned char> > >::_Getal(void)const )
651 00000000 SECTF4 notype ()    External     | ??0?$vector@EV?$allocator@E@std@@@std@@QAE@XZ (public: __thiscall std::vector<unsigned char,class std::allocator<unsigned char> >::vector<unsigned char,class std::allocator<unsigned char> >(void))
652 00000000 SECTF2 notype ()    External     | ??0?$vector@EV?$allocator@E@std@@@std@@QAE@ABV01@@Z (public: __thiscall std::vector<unsigned char,class std::allocator<unsigned char> >::vector<unsigned char,class std::allocator<unsigned char> >(class std::vector<unsigned char,class std::allocator<unsigned char> > const &))
653 00000000 SECTF0 notype ()    External     | ??0?$vector@EV?$allocator@E@std@@@std@@QAE@$$QAV01@@Z (public: __thiscall std::vector<unsigned char,class std::allocator<unsigned char> >::vector<unsigned char,class std::allocator<unsigned char> >(class std::vector<unsigned char,class std::allocator<unsigned char> > &&))
654 00000000 SECT199 notype ()    External    | ?_Assign_rv@?$vector@EV?$allocator@E@std@@@std@@QAEX$$QAV12@U?$integral_constant@_N$00@2@@Z (public: void __thiscall std::vector<unsigned char,class std::allocator<unsigned char> >::_Assign_rv(class std::vector<unsigned char,class std::allocator<unsigned char> > &&,struct std::integral_constant<bool,1>))
655 00000000 SECT141 notype ()    External    | ??1?$vector@EV?$allocator@E@std@@@std@@QAE@XZ (public: __thiscall std::vector<unsigned char,class std::allocator<unsigned char> >::~vector<unsigned char,class std::allocator<unsigned char> >(void))
656 00000000 SECT15A notype ()    External    | ??4?$vector@EV?$allocator@E@std@@@std@@QAEAAV01@ABV01@@Z (public: class std::vector<unsigned char,class std::allocator<unsigned char> > & __thiscall std::vector<unsigned char,class std::allocator<unsigned char> >::operator=(class std::vector<unsigned char,class std::allocator<unsigned char> > const &))
657 00000000 SECT22B notype ()    External    | ?capacity@?$vector@EV?$allocator@E@std@@@std@@QBEIXZ (public: unsigned int __thiscall std::vector<unsigned char,class std::allocator<unsigned char> >::capacity(void)const )
658 00000000 SECT20A notype ()    External    | ?_Unused_capacity@?$vector@EV?$allocator@E@std@@@std@@QBEIXZ (public: unsigned int __thiscall std::vector<unsigned char,class std::allocator<unsigned char> >::_Unused_capacity(void)const )
659 00000000 SECT225 notype ()    External    | ?begin@?$vector@EV?$allocator@E@std@@@std@@QBE?AV?$_Vector_const_iterator@V?$_Vector_val@U?$_Simple_types@E@std@@@std@@@2@XZ (public: class std::_Vector_const_iterator<class std::_Vector_val<struct std::_Simple_types<unsigned char> > > __thiscall std::vector<unsigned char,class std::allocator<unsigned char> >::begin(void)const )
65A 00000000 SECT251 notype ()    External    | ?end@?$vector@EV?$allocator@E@std@@@std@@QBE?AV?$_Vector_const_iterator@V?$_Vector_val@U?$_Simple_types@E@std@@@std@@@2@XZ (public: class std::_Vector_const_iterator<class std::_Vector_val<struct std::_Simple_types<unsigned char> > > __thiscall std::vector<unsigned char,class std::allocator<unsigned char> >::end(void)const )
65B 00000000 SECT296 notype ()    External    | ?resize@?$vector@EV?$allocator@E@std@@@std@@QAEXI@Z (public: void __thiscall std::vector<unsigned char,class std::allocator<unsigned char> >::resize(unsigned int))
65C 00000000 SECT2A7 notype ()    External    | ?size@?$vector@EV?$allocator@E@std@@@std@@QBEIXZ (public: unsigned int __thiscall std::vector<unsigned char,class std::allocator<unsigned char> >::size(void)const )
65D 00000000 SECT27E notype ()    External    | ?max_size@?$vector@EV?$allocator@E@std@@@std@@QBEIXZ (public: unsigned int __thiscall std::vector<unsigned char,class std::allocator<unsigned char> >::max_size(void)const )
65E 00000000 SECT24D notype ()    External    | ?empty@?$vector@EV?$allocator@E@std@@@std@@QBE_NXZ (public: bool __thiscall std::vector<unsigned char,class std::allocator<unsigned char> >::empty(void)const )
65F 00000000 SECT167 notype ()    External    | ??A?$vector@EV?$allocator@E@std@@@std@@QBEABEI@Z (public: unsigned char const & __thiscall std::vector<unsigned char,class std::allocator<unsigned char> >::operator[](unsigned int)const )
660 00000000 SECT166 notype ()    External    | ??A?$vector@EV?$allocator@E@std@@@std@@QAEAAEI@Z (public: unsigned char & __thiscall std::vector<unsigned char,class std::allocator<unsigned char> >::operator[](unsigned int))
661 00000000 SECT237 notype ()    External    | ?data@?$vector@EV?$allocator@E@std@@@std@@QAEPAEXZ (public: unsigned char * __thiscall std::vector<unsigned char,class std::allocator<unsigned char> >::data(void))
662 00000000 SECT238 notype ()    External    | ?data@?$vector@EV?$allocator@E@std@@@std@@QBEPBEXZ (public: unsigned char const * __thiscall std::vector<unsigned char,class std::allocator<unsigned char> >::data(void)const )
663 00000000 SECT1EB notype ()    External    | ?_Pop_back_n@?$vector@EV?$allocator@E@std@@@std@@QAEXI@Z (public: void __thiscall std::vector<unsigned char,class std::allocator<unsigned char> >::_Pop_back_n(unsigned int))
664 00000000 SECT233 notype ()    External    | ?clear@?$vector@EV?$allocator@E@std@@@std@@QAEXXZ (public: void __thiscall std::vector<unsigned char,class std::allocator<unsigned char> >::clear(void))
665 00000000 SECT2AC notype ()    External    | ?swap@?$vector@EV?$allocator@E@std@@@std@@QAEXAAV12@@Z (public: void __thiscall std::vector<unsigned char,class std::allocator<unsigned char> >::swap(class std::vector<unsigned char,class std::allocator<unsigned char> > &))
666 00000000 SECT19A notype ()    External    | ?_Buy@?$vector@EV?$allocator@E@std@@@std@@IAE_NI@Z (protected: bool __thiscall std::vector<unsigned char,class std::allocator<unsigned char> >::_Buy(unsigned int))
667 00000000 SECT1A4 notype ()    External    | ?_Destroy@?$vector@EV?$allocator@E@std@@@std@@IAEXPAE0@Z (protected: void __thiscall std::vector<unsigned char,class std::allocator<unsigned char> >::_Destroy(unsigned char *,unsigned char *))
668 00000000 SECT1C1 notype ()    External    | ?_Grow_to@?$vector@EV?$allocator@E@std@@@std@@IBEII@Z (protected: unsigned int __thiscall std::vector<unsigned char,class std::allocator<unsigned char> >::_Grow_to(unsigned int)const )
669 00000000 SECT1ED notype ()    External    | ?_Reallocate@?$vector@EV?$allocator@E@std@@@std@@IAEXI@Z (protected: void __thiscall std::vector<unsigned char,class std::allocator<unsigned char> >::_Reallocate(unsigned int))
66A 00000000 SECT1F3 notype ()    External    | ?_Reserve@?$vector@EV?$allocator@E@std@@@std@@IAEXI@Z (protected: void __thiscall std::vector<unsigned char,class std::allocator<unsigned char> >::_Reserve(unsigned int))
66B 00000000 SECT206 notype ()    External    | ?_Tidy@?$vector@EV?$allocator@E@std@@@std@@IAEXXZ (protected: void __thiscall std::vector<unsigned char,class std::allocator<unsigned char> >::_Tidy(void))
66C 00000000 SECT20E notype ()    External    | ?_Xlen@?$vector@EV?$allocator@E@std@@@std@@IBEXXZ (protected: void __thiscall std::vector<unsigned char,class std::allocator<unsigned char> >::_Xlen(void)const )
66D 00000000 SECT1E3 notype ()    External    | ?_Orphan_range@?$vector@EV?$allocator@E@std@@@std@@IBEXPAE0@Z (protected: void __thiscall std::vector<unsigned char,class std::allocator<unsigned char> >::_Orphan_range(unsigned char *,unsigned char *)const )
66E 00000000 SECT179 notype ()    External    | ??_G?$vector@EV?$allocator@E@std@@@std@@QAEPAXI@Z (public: void * __thiscall std::vector<unsigned char,class std::allocator<unsigned char> >::`scalar deleting destructor'(unsigned int))
66F 00000000 SECT112 notype ()    External    | ??0id@locale@std@@QAE@I@Z (public: __thiscall std::locale::id::id(unsigned int))
670 00000000 SECT16 notype ()    External     | ??$_Debug_pointer@D@std@@YAXPBDPB_WI@Z (void __cdecl std::_Debug_pointer<char>(char const *,wchar_t const *,unsigned int))
671 00000000 SECT266 notype ()    External    | ?generic_category@std@@YAABVerror_category@1@XZ (class std::error_category const & __cdecl std::generic_category(void))
672 00000000 SECT2AD notype ()    External    | ?system_category@std@@YAABVerror_category@1@XZ (class std::error_category const & __cdecl std::system_category(void))
673 00000000 SECT110 notype ()    External    | ??0error_category@std@@QAE@XZ (public: __thiscall std::error_category::error_category(void))
674 00000000 SECT154 notype ()    External    | ??1error_category@std@@UAE@XZ (public: virtual __thiscall std::error_category::~error_category(void))
675 00000000 SECT24C notype ()    External    | ?default_error_condition@error_category@std@@UBE?AVerror_condition@2@H@Z (public: virtual class std::error_condition __thiscall std::error_category::default_error_condition(int)const )
676 00000000 SECT254 notype ()    External    | ?equivalent@error_category@std@@UBE_NHABVerror_condition@2@@Z (public: virtual bool __thiscall std::error_category::equivalent(int,class std::error_condition const &)const )
677 00000000 SECT253 notype ()    External    | ?equivalent@error_category@std@@UBE_NABVerror_code@2@H@Z (public: virtual bool __thiscall std::error_category::equivalent(class std::error_code const &,int)const )
678 00000000 SECT161 notype ()    External    | ??8error_category@std@@QBE_NABV01@@Z (public: bool __thiscall std::error_category::operator==(class std::error_category const &)const )
679 00000000 SECT180 notype ()    External    | ??_Gerror_category@std@@UAEPAXI@Z (public: virtual void * __thiscall std::error_category::`scalar deleting destructor'(unsigned int))
67A 00000000 UNDEF  notype ()    WeakExternal | ??_Eerror_category@std@@UAEPAXI@Z (public: virtual void * __thiscall std::error_category::`vector deleting destructor'(unsigned int))
    Default index      679 library search
67C 00000000 SECT2B0 notype ()    External    | ?value@error_code@std@@QBEHXZ (public: int __thiscall std::error_code::value(void)const )
67D 00000000 SECT22E notype ()    External    | ?category@error_code@std@@QBEABVerror_category@2@XZ (public: class std::error_category const & __thiscall std::error_code::category(void)const )
67E 00000000 SECT111 notype ()    External    | ??0error_condition@std@@QAE@HABVerror_category@1@@Z (public: __thiscall std::error_condition::error_condition(int,class std::error_category const &))
67F 00000000 SECT2B1 notype ()    External    | ?value@error_condition@std@@QBEHXZ (public: int __thiscall std::error_condition::value(void)const )
680 00000000 SECT22F notype ()    External    | ?category@error_condition@std@@QBEABVerror_category@2@XZ (public: class std::error_category const & __thiscall std::error_condition::category(void)const )
681 00000000 SECT162 notype ()    External    | ??8error_condition@std@@QBE_NABV01@@Z (public: bool __thiscall std::error_condition::operator==(class std::error_condition const &)const )
682 00000000 UNDEF  notype ()    External     | ?_Syserror_map@std@@YAPBDH@Z (char const * __cdecl std::_Syserror_map(int))
683 00000000 UNDEF  notype ()    External     | ?_Winerror_map@std@@YAPBDH@Z (char const * __cdecl std::_Winerror_map(int))
684 00000000 SECT10A notype ()    External    | ??0_Generic_error_category@std@@QAE@XZ (public: __thiscall std::_Generic_error_category::_Generic_error_category(void))
685 00000000 SECT286 notype ()    External    | ?name@_Generic_error_category@std@@UBEPBDXZ (public: virtual char const * __thiscall std::_Generic_error_category::name(void)const )
686 00000000 SECT281 notype ()    External    | ?message@_Generic_error_category@std@@UBE?AV?$basic_string@DU?$char_traits@D@std@@V?$allocator@D@2@@2@H@Z (public: virtual class std::basic_string<char,struct std::char_traits<char>,class std::allocator<char> > __thiscall std::_Generic_error_category::message(int)const )
687 00000000 SECT150 notype ()    External    | ??1_Generic_error_category@std@@UAE@XZ (public: virtual __thiscall std::_Generic_error_category::~_Generic_error_category(void))
688 00000000 SECT17D notype ()    External    | ??_G_Generic_error_category@std@@UAEPAXI@Z (public: virtual void * __thiscall std::_Generic_error_category::`scalar deleting destructor'(unsigned int))
689 00000000 UNDEF  notype ()    WeakExternal | ??_E_Generic_error_category@std@@UAEPAXI@Z (public: virtual void * __thiscall std::_Generic_error_category::`vector deleting destructor'(unsigned int))
    Default index      688 library search
68B 00000000 SECT10C notype ()    External    | ??0_Iostream_error_category@std@@QAE@XZ (public: __thiscall std::_Iostream_error_category::_Iostream_error_category(void))
68C 00000000 SECT287 notype ()    External    | ?name@_Iostream_error_category@std@@UBEPBDXZ (public: virtual char const * __thiscall std::_Iostream_error_category::name(void)const )
68D 00000000 SECT282 notype ()    External    | ?message@_Iostream_error_category@std@@UBE?AV?$basic_string@DU?$char_traits@D@std@@V?$allocator@D@2@@2@H@Z (public: virtual class std::basic_string<char,struct std::char_traits<char>,class std::allocator<char> > __thiscall std::_Iostream_error_category::message(int)const )
68E 00000000 SECT151 notype ()    External    | ??1_Iostream_error_category@std@@UAE@XZ (public: virtual __thiscall std::_Iostream_error_category::~_Iostream_error_category(void))
68F 00000000 SECT17E notype ()    External    | ??_G_Iostream_error_category@std@@UAEPAXI@Z (public: virtual void * __thiscall std::_Iostream_error_category::`scalar deleting destructor'(unsigned int))
690 00000000 UNDEF  notype ()    WeakExternal | ??_E_Iostream_error_category@std@@UAEPAXI@Z (public: virtual void * __thiscall std::_Iostream_error_category::`vector deleting destructor'(unsigned int))
    Default index      68F library search
692 00000000 SECT10F notype ()    External    | ??0_System_error_category@std@@QAE@XZ (public: __thiscall std::_System_error_category::_System_error_category(void))
693 00000000 SECT288 notype ()    External    | ?name@_System_error_category@std@@UBEPBDXZ (public: virtual char const * __thiscall std::_System_error_category::name(void)const )
694 00000000 SECT283 notype ()    External    | ?message@_System_error_category@std@@UBE?AV?$basic_string@DU?$char_traits@D@std@@V?$allocator@D@2@@2@H@Z (public: virtual class std::basic_string<char,struct std::char_traits<char>,class std::allocator<char> > __thiscall std::_System_error_category::message(int)const )
695 00000000 SECT24B notype ()    External    | ?default_error_condition@_System_error_category@std@@UBE?AVerror_condition@2@H@Z (public: virtual class std::error_condition __thiscall std::_System_error_category::default_error_condition(int)const )
696 00000000 SECT153 notype ()    External    | ??1_System_error_category@std@@UAE@XZ (public: virtual __thiscall std::_System_error_category::~_System_error_category(void))
697 00000000 SECT17F notype ()    External    | ??_G_System_error_category@std@@UAEPAXI@Z (public: virtual void * __thiscall std::_System_error_category::`scalar deleting destructor'(unsigned int))
698 00000000 UNDEF  notype ()    WeakExternal | ??_E_System_error_category@std@@UAEPAXI@Z (public: virtual void * __thiscall std::_System_error_category::`vector deleting destructor'(unsigned int))
    Default index      697 library search
69A 00000000 SECT293 notype ()    External    | ?require@@YAX_NPBD@Z (void __cdecl require(bool,char const *))
69B 00000000 SECT228 notype ()    External    | ?bytes@@YA?AUBytes@MilesTransport@@ABV?$vector@EV?$allocator@E@std@@@std@@@Z (struct MilesTransport::Bytes __cdecl bytes(class std::vector<unsigned char,class std::allocator<unsigned char> > const &))
69C 00000000 SECT28C notype ()    External    | ?pauseForIo@@YAXAAVEndpoint@MilesPipe@@PAV12@@Z (void __cdecl pauseForIo(class MilesPipe::Endpoint &,class MilesPipe::Endpoint *))
69D 00000000 SECT269 notype ()    External    | ?healthy@@YAXAAVEndpoint@MilesPipe@@_N@Z (void __cdecl healthy(class MilesPipe::Endpoint &,bool))
69E 00000000 SECT2A5 notype ()    External    | ?sent@@YAXAAVEndpoint@MilesPipe@@@Z (void __cdecl sent(class MilesPipe::Endpoint &))
69F 00000000 SECT10B notype ()    External    | ??0_Ignore@std@@QAE@XZ (public: __thiscall std::_Ignore::_Ignore(void))
6A0 00000000 SECT18D notype ()    Static      | ??__Eignore@std@@YAXXZ (void __cdecl std::`dynamic initializer for 'ignore''(void))
6A1 00000000 SECT18B notype ()    Static      | ??__E_Tuple_alloc@std@@YAXXZ (void __cdecl std::`dynamic initializer for '_Tuple_alloc''(void))
6A2 00000000 SECTFC notype ()    External     | ??0Limits@MilesCoordinator@@QAE@XZ (public: __thiscall MilesCoordinator::Limits::Limits(void))
6A3 00000000 UNDEF  notype ()    External     | ??0Coordinator@MilesCoordinator@@QAE@_KABULimits@1@@Z (public: __thiscall MilesCoordinator::Coordinator::Coordinator(unsigned __int64,struct MilesCoordinator::Limits const &))
6A4 00000000 UNDEF  notype ()    External     | ?admitGame@Coordinator@MilesCoordinator@@QAE?AW4Error@2@_K000W4Action@2@ABV?$vector@UHandle@MilesWire@@V?$allocator@UHandle@MilesWire@@@std@@@std@@@Z (public: enum MilesCoordinator::Error __thiscall MilesCoordinator::Coordinator::admitGame(unsigned __int64,unsigned __int64,unsigned __int64,unsigned __int64,enum MilesCoordinator::Action,class std::vector<struct MilesWire::Handle,class std::allocator<struct MilesWire::Handle> > const &))
6A5 00000000 UNDEF  notype ()    External     | ?completeAdmission@Coordinator@MilesCoordinator@@QAE?AW4Error@2@_K0@Z (public: enum MilesCoordinator::Error __thiscall MilesCoordinator::Coordinator::completeAdmission(unsigned __int64,unsigned __int64))
6A6 00000000 SECTE5 notype ()    External     | ??0?$allocator@U?$_Tree_node@U?$pair@$$CB_KUCallback@Coordinator@MilesCoordinator@@@std@@PAX@std@@@std@@QAE@XZ (public: __thiscall std::allocator<struct std::_Tree_node<struct std::pair<unsigned __int64 const ,struct MilesCoordinator::Coordinator::Callback>,void *> >::allocator<struct std::_Tree_node<struct std::pair<unsigned __int64 const ,struct MilesCoordinator::Coordinator::Callback>,void *> >(void))
6A7 00000000 SECT244 notype ()    External    | ?deallocate@?$allocator@U?$_Tree_node@U?$pair@$$CB_KUCallback@Coordinator@MilesCoordinator@@@std@@PAX@std@@@std@@QAEXPAU?$_Tree_node@U?$pair@$$CB_KUCallback@Coordinator@MilesCoordinator@@@std@@PAX@2@I@Z (public: void __thiscall std::allocator<struct std::_Tree_node<struct std::pair<unsigned __int64 const ,struct MilesCoordinator::Coordinator::Callback>,void *> >::deallocate(struct std::_Tree_node<struct std::pair<unsigned __int64 const ,struct MilesCoordinator::Coordinator::Callback>,void *> *,unsigned int))
6A8 00000000 SECTDC notype ()    External     | ??0?$_Wrap_alloc@V?$allocator@U?$_Tree_node@U?$pair@$$CB_KUCallback@Coordinator@MilesCoordinator@@@std@@PAX@std@@@std@@@std@@QAE@XZ (public: __thiscall std::_Wrap_alloc<class std::allocator<struct std::_Tree_node<struct std::pair<unsigned __int64 const ,struct MilesCoordinator::Coordinator::Callback>,void *> > >::_Wrap_alloc<class std::allocator<struct std::_Tree_node<struct std::pair<unsigned __int64 const ,struct MilesCoordinator::Coordinator::Callback>,void *> > >(void))
6A9 00000000 SECT23C notype ()    External    | ?deallocate@?$_Wrap_alloc@V?$allocator@U?$_Tree_node@U?$pair@$$CB_KUCallback@Coordinator@MilesCoordinator@@@std@@PAX@std@@@std@@@std@@QAEXPAU?$_Tree_node@U?$pair@$$CB_KUCallback@Coordinator@MilesCoordinator@@@std@@PAX@2@I@Z (public: void __thiscall std::_Wrap_alloc<class std::allocator<struct std::_Tree_node<struct std::pair<unsigned __int64 const ,struct MilesCoordinator::Coordinator::Callback>,void *> > >::deallocate(struct std::_Tree_node<struct std::pair<unsigned __int64 const ,struct MilesCoordinator::Coordinator::Callback>,void *> *,unsigned int))
6AA 00000000 SECT1A0 notype ()    External    | ?_Color@?$_Tree_val@U?$_Tree_simple_types@U?$pair@$$CB_KUCallback@Coordinator@MilesCoordinator@@@std@@@std@@@std@@SAAADPAU?$_Tree_node@U?$pair@$$CB_KUCallback@Coordinator@MilesCoordinator@@@std@@PAX@2@@Z (public: static char & __cdecl std::_Tree_val<struct std::_Tree_simple_types<struct std::pair<unsigned __int64 const ,struct MilesCoordinator::Coordinator::Callback> > >::_Color(struct std::_Tree_node<struct std::pair<unsigned __int64 const ,struct MilesCoordinator::Coordinator::Callback>,void *> *))
6AB 00000000 SECT1C7 notype ()    External    | ?_Isnil@?$_Tree_val@U?$_Tree_simple_types@U?$pair@$$CB_KUCallback@Coordinator@MilesCoordinator@@@std@@@std@@@std@@SAAADPAU?$_Tree_node@U?$pair@$$CB_KUCallback@Coordinator@MilesCoordinator@@@std@@PAX@2@@Z (public: static char & __cdecl std::_Tree_val<struct std::_Tree_simple_types<struct std::pair<unsigned __int64 const ,struct MilesCoordinator::Coordinator::Callback> > >::_Isnil(struct std::_Tree_node<struct std::pair<unsigned __int64 const ,struct MilesCoordinator::Coordinator::Callback>,void *> *))
6AC 00000000 SECT1C9 notype ()    External    | ?_Left@?$_Tree_val@U?$_Tree_simple_types@U?$pair@$$CB_KUCallback@Coordinator@MilesCoordinator@@@std@@@std@@@std@@SAAAPAU?$_Tree_node@U?$pair@$$CB_KUCallback@Coordinator@MilesCoordinator@@@std@@PAX@2@PAU32@@Z (public: static struct std::_Tree_node<struct std::pair<unsigned __int64 const ,struct MilesCoordinator::Coordinator::Callback>,void *> * & __cdecl std::_Tree_val<struct std::_Tree_simple_types<struct std::pair<unsigned __int64 const ,struct MilesCoordinator::Coordinator::Callback> > >::_Left(struct std::_Tree_node<struct std::pair<unsigned __int64 const ,struct MilesCoordinator::Coordinator::Callback>,void *> *))
6AD 00000000 SECT1E9 notype ()    External    | ?_Parent@?$_Tree_val@U?$_Tree_simple_types@U?$pair@$$CB_KUCallback@Coordinator@MilesCoordinator@@@std@@@std@@@std@@SAAAPAU?$_Tree_node@U?$pair@$$CB_KUCallback@Coordinator@MilesCoordinator@@@std@@PAX@2@PAU32@@Z (public: static struct std::_Tree_node<struct std::pair<unsigned __int64 const ,struct MilesCoordinator::Coordinator::Callback>,void *> * & __cdecl std::_Tree_val<struct std::_Tree_simple_types<struct std::pair<unsigned __int64 const ,struct MilesCoordinator::Coordinator::Callback> > >::_Parent(struct std::_Tree_node<struct std::pair<unsigned __int64 const ,struct MilesCoordinator::Coordinator::Callback>,void *> *))
6AE 00000000 SECT1F6 notype ()    External    | ?_Right@?$_Tree_val@U?$_Tree_simple_types@U?$pair@$$CB_KUCallback@Coordinator@MilesCoordinator@@@std@@@std@@@std@@SAAAPAU?$_Tree_node@U?$pair@$$CB_KUCallback@Coordinator@MilesCoordinator@@@std@@PAX@2@PAU32@@Z (public: static struct std::_Tree_node<struct std::pair<unsigned __int64 const ,struct MilesCoordinator::Coordinator::Callback>,void *> * & __cdecl std::_Tree_val<struct std::_Tree_simple_types<struct std::pair<unsigned __int64 const ,struct MilesCoordinator::Coordinator::Callback> > >::_Right(struct std::_Tree_node<struct std::pair<unsigned __int64 const ,struct MilesCoordinator::Coordinator::Callback>,void *> *))
6AF 00000000 SECT1D8 notype ()    External    | ?_Myval@?$_Tree_val@U?$_Tree_simple_types@U?$pair@$$CB_KUCallback@Coordinator@MilesCoordinator@@@std@@@std@@@std@@SAAAU?$pair@$$CB_KUCallback@Coordinator@MilesCoordinator@@@2@PAU?$_Tree_node@U?$pair@$$CB_KUCallback@Coordinator@MilesCoordinator@@@std@@PAX@2@@Z (public: static struct std::pair<unsigned __int64 const ,struct MilesCoordinator::Coordinator::Callback> & __cdecl std::_Tree_val<struct std::_Tree_simple_types<struct std::pair<unsigned __int64 const ,struct MilesCoordinator::Coordinator::Callback> > >::_Myval(struct std::_Tree_node<struct std::pair<unsigned __int64 const ,struct MilesCoordinator::Coordinator::Callback>,void *> *))
6B0 00000000 SECT1CF notype ()    External    | ?_Max@?$_Tree_val@U?$_Tree_simple_types@U?$pair@$$CB_KUCallback@Coordinator@MilesCoordinator@@@std@@@std@@@std@@SAPAU?$_Tree_node@U?$pair@$$CB_KUCallback@Coordinator@MilesCoordinator@@@std@@PAX@2@PAU32@@Z (public: static struct std::_Tree_node<struct std::pair<unsigned __int64 const ,struct MilesCoordinator::Coordinator::Callback>,void *> * __cdecl std::_Tree_val<struct std::_Tree_simple_types<struct std::pair<unsigned __int64 const ,struct MilesCoordinator::Coordinator::Callback> > >::_Max(struct std::_Tree_node<struct std::pair<unsigned __int64 const ,struct MilesCoordinator::Coordinator::Callback>,void *> *))
6B1 00000000 SECT1D1 notype ()    External    | ?_Min@?$_Tree_val@U?$_Tree_simple_types@U?$pair@$$CB_KUCallback@Coordinator@MilesCoordinator@@@std@@@std@@@std@@SAPAU?$_Tree_node@U?$pair@$$CB_KUCallback@Coordinator@MilesCoordinator@@@std@@PAX@2@PAU32@@Z (public: static struct std::_Tree_node<struct std::pair<unsigned __int64 const ,struct MilesCoordinator::Coordinator::Callback>,void *> * __cdecl std::_Tree_val<struct std::_Tree_simple_types<struct std::pair<unsigned __int64 const ,struct MilesCoordinator::Coordinator::Callback> > >::_Min(struct std::_Tree_node<struct std::pair<unsigned __int64 const ,struct MilesCoordinator::Coordinator::Callback>,void *> *))
6B2 00000000 SECT130 notype ()    External    | ??1?$_Tree_val@U?$_Tree_simple_types@U?$pair@$$CB_KUCallback@Coordinator@MilesCoordinator@@@std@@@std@@@std@@QAE@XZ (public: __thiscall std::_Tree_val<struct std::_Tree_simple_types<struct std::pair<unsigned __int64 const ,struct MilesCoordinator::Coordinator::Callback> > >::~_Tree_val<struct std::_Tree_simple_types<struct std::pair<unsigned __int64 const ,struct MilesCoordinator::Coordinator::Callback> > >(void))
6B3 00000000 SECT124 notype ()    External    | ??1?$_Tree_alloc@$0A@U?$_Tree_base_types@U?$pair@$$CB_KUCallback@Coordinator@MilesCoordinator@@@std@@V?$allocator@U?$pair@$$CB_KUCallback@Coordinator@MilesCoordinator@@@std@@@2@@std@@@std@@QAE@XZ (public: __thiscall std::_Tree_alloc<0,struct std::_Tree_base_types<struct std::pair<unsigned __int64 const ,struct MilesCoordinator::Coordinator::Callback>,class std::allocator<struct std::pair<unsigned __int64 const ,struct MilesCoordinator::Coordinator::Callback> > > >::~_Tree_alloc<0,struct std::_Tree_base_types<struct std::pair<unsigned __int64 const ,struct MilesCoordinator::Coordinator::Callback>,class std::allocator<struct std::pair<unsigned __int64 const ,struct MilesCoordinator::Coordinator::Callback> > > >(void))
6B4 00000000 SECT1AD notype ()    External    | ?_Free_proxy@?$_Tree_alloc@$0A@U?$_Tree_base_types@U?$pair@$$CB_KUCallback@Coordinator@MilesCoordinator@@@std@@V?$allocator@U?$pair@$$CB_KUCallback@Coordinator@MilesCoordinator@@@std@@@2@@std@@@std@@QAEXXZ (public: void __thiscall std::_Tree_alloc<0,struct std::_Tree_base_types<struct std::pair<unsigned __int64 const ,struct MilesCoordinator::Coordinator::Callback>,class std::allocator<struct std::pair<unsigned __int64 const ,struct MilesCoordinator::Coordinator::Callback> > > >::_Free_proxy(void))
6B5 00000000 SECT1B3 notype ()    External    | ?_Freeheadnode@?$_Tree_alloc@$0A@U?$_Tree_base_types@U?$pair@$$CB_KUCallback@Coordinator@MilesCoordinator@@@std@@V?$allocator@U?$pair@$$CB_KUCallback@Coordinator@MilesCoordinator@@@std@@@2@@std@@@std@@QAEXPAU?$_Tree_node@U?$pair@$$CB_KUCallback@Coordinator@MilesCoordinator@@@std@@PAX@2@@Z (public: void __thiscall std::_Tree_alloc<0,struct std::_Tree_base_types<struct std::pair<unsigned __int64 const ,struct MilesCoordinator::Coordinator::Callback>,class std::allocator<struct std::pair<unsigned __int64 const ,struct MilesCoordinator::Coordinator::Callback> > > >::_Freeheadnode(struct std::_Tree_node<struct std::pair<unsigned __int64 const ,struct MilesCoordinator::Coordinator::Callback>,void *> *))
6B6 00000000 SECT1B8 notype ()    External    | ?_Getal@?$_Tree_alloc@$0A@U?$_Tree_base_types@U?$pair@$$CB_KUCallback@Coordinator@MilesCoordinator@@@std@@V?$allocator@U?$pair@$$CB_KUCallback@Coordinator@MilesCoordinator@@@std@@@2@@std@@@std@@QBE?AU?$_Wrap_alloc@V?$allocator@U?$_Tree_node@U?$pair@$$CB_KUCallback@Coordinator@MilesCoordinator@@@std@@PAX@std@@@std@@@2@XZ (public: struct std::_Wrap_alloc<class std::allocator<struct std::_Tree_node<struct std::pair<unsigned __int64 const ,struct MilesCoordinator::Coordinator::Callback>,void *> > > __thiscall std::_Tree_alloc<0,struct std::_Tree_base_types<struct std::pair<unsigned __int64 const ,struct MilesCoordinator::Coordinator::Callback>,class std::allocator<struct std::pair<unsigned __int64 const ,struct MilesCoordinator::Coordinator::Callback> > > >::_Getal(void)const )
6B7 00000000 SECT126 notype ()    External    | ??1?$_Tree_buy@U?$pair@$$CB_KUCallback@Coordinator@MilesCoordinator@@@std@@V?$allocator@U?$pair@$$CB_KUCallback@Coordinator@MilesCoordinator@@@std@@@2@@std@@QAE@XZ (public: __thiscall std::_Tree_buy<struct std::pair<unsigned __int64 const ,struct MilesCoordinator::Coordinator::Callback>,class std::allocator<struct std::pair<unsigned __int64 const ,struct MilesCoordinator::Coordinator::Callback> > >::~_Tree_buy<struct std::pair<unsigned __int64 const ,struct MilesCoordinator::Coordinator::Callback>,class std::allocator<struct std::pair<unsigned __int64 const ,struct MilesCoordinator::Coordinator::Callback> > >(void))
6B8 00000000 SECT128 notype ()    External    | ??1?$_Tree_comp@$0A@V?$_Tmap_traits@_KUCallback@Coordinator@MilesCoordinator@@U?$less@_K@std@@V?$allocator@U?$pair@$$CB_KUCallback@Coordinator@MilesCoordinator@@@std@@@5@$0A@@std@@@std@@QAE@XZ (public: __thiscall std::_Tree_comp<0,class std::_Tmap_traits<unsigned __int64,struct MilesCoordinator::Coordinator::Callback,struct std::less<unsigned __int64>,class std::allocator<struct std::pair<unsigned __int64 const ,struct MilesCoordinator::Coordinator::Callback> >,0> >::~_Tree_comp<0,class std::_Tmap_traits<unsigned __int64,struct MilesCoordinator::Coordinator::Callback,struct std::less<unsigned __int64>,class std::allocator<struct std::pair<unsigned __int64 const ,struct MilesCoordinator::Coordinator::Callback> >,0> >(void))
6B9 00000000 SECT122 notype ()    External    | ??1?$_Tree@V?$_Tmap_traits@_KUCallback@Coordinator@MilesCoordinator@@U?$less@_K@std@@V?$allocator@U?$pair@$$CB_KUCallback@Coordinator@MilesCoordinator@@@std@@@5@$0A@@std@@@std@@QAE@XZ (public: __thiscall std::_Tree<class std::_Tmap_traits<unsigned __int64,struct MilesCoordinator::Coordinator::Callback,struct std::less<unsigned __int64>,class std::allocator<struct std::pair<unsigned __int64 const ,struct MilesCoordinator::Coordinator::Callback> >,0> >::~_Tree<class std::_Tmap_traits<unsigned __int64,struct MilesCoordinator::Coordinator::Callback,struct std::less<unsigned __int64>,class std::allocator<struct std::pair<unsigned __int64 const ,struct MilesCoordinator::Coordinator::Callback> >,0> >(void))
6BA 00000000 SECT223 notype ()    External    | ?begin@?$_Tree@V?$_Tmap_traits@_KUCallback@Coordinator@MilesCoordinator@@U?$less@_K@std@@V?$allocator@U?$pair@$$CB_KUCallback@Coordinator@MilesCoordinator@@@std@@@5@$0A@@std@@@std@@QAE?AV?$_Tree_iterator@V?$_Tree_val@U?$_Tree_simple_types@U?$pair@$$CB_KUCallback@Coordinator@MilesCoordinator@@@std@@@std@@@std@@@2@XZ (public: class std::_Tree_iterator<class std::_Tree_val<struct std::_Tree_simple_types<struct std::pair<unsigned __int64 const ,struct MilesCoordinator::Coordinator::Callback> > > > __thiscall std::_Tree<class std::_Tmap_traits<unsigned __int64,struct MilesCoordinator::Coordinator::Callback,struct std::less<unsigned __int64>,class std::allocator<struct std::pair<unsigned __int64 const ,struct MilesCoordinator::Coordinator::Callback> >,0> >::begin(void))
6BB 00000000 SECT24F notype ()    External    | ?end@?$_Tree@V?$_Tmap_traits@_KUCallback@Coordinator@MilesCoordinator@@U?$less@_K@std@@V?$allocator@U?$pair@$$CB_KUCallback@Coordinator@MilesCoordinator@@@std@@@5@$0A@@std@@@std@@QAE?AV?$_Tree_iterator@V?$_Tree_val@U?$_Tree_simple_types@U?$pair@$$CB_KUCallback@Coordinator@MilesCoordinator@@@std@@@std@@@std@@@2@XZ (public: class std::_Tree_iterator<class std::_Tree_val<struct std::_Tree_simple_types<struct std::pair<unsigned __int64 const ,struct MilesCoordinator::Coordinator::Callback> > > > __thiscall std::_Tree<class std::_Tmap_traits<unsigned __int64,struct MilesCoordinator::Coordinator::Callback,struct std::less<unsigned __int64>,class std::allocator<struct std::pair<unsigned __int64 const ,struct MilesCoordinator::Coordinator::Callback> >,0> >::end(void))
6BC 00000000 SECT257 notype ()    External    | ?erase@?$_Tree@V?$_Tmap_traits@_KUCallback@Coordinator@MilesCoordinator@@U?$less@_K@std@@V?$allocator@U?$pair@$$CB_KUCallback@Coordinator@MilesCoordinator@@@std@@@5@$0A@@std@@@std@@QAE?AV?$_Tree_iterator@V?$_Tree_val@U?$_Tree_simple_types@U?$pair@$$CB_KUCallback@Coordinator@MilesCoordinator@@@std@@@std@@@std@@@2@V?$_Tree_const_iterator@V?$_Tree_val@U?$_Tree_simple_types@U?$pair@$$CB_KUCallback@Coordinator@MilesCoordinator@@@std@@@std@@@std@@@2@@Z (public: class std::_Tree_iterator<class std::_Tree_val<struct std::_Tree_simple_types<struct std::pair<unsigned __int64 const ,struct MilesCoordinator::Coordinator::Callback> > > > __thiscall std::_Tree<class std::_Tmap_traits<unsigned __int64,struct MilesCoordinator::Coordinator::Callback,struct std::less<unsigned __int64>,class std::allocator<struct std::pair<unsigned __int64 const ,struct MilesCoordinator::Coordinator::Callback> >,0> >::erase(class std::_Tree_const_iterator<class std::_Tree_val<struct std::_Tree_simple_types<struct std::pair<unsigned __int64 const ,struct MilesCoordinator::Coordinator::Callback> > > >))
6BD 00000000 SECT255 notype ()    External    | ?erase@?$_Tree@V?$_Tmap_traits@_KUCallback@Coordinator@MilesCoordinator@@U?$less@_K@std@@V?$allocator@U?$pair@$$CB_KUCallback@Coordinator@MilesCoordinator@@@std@@@5@$0A@@std@@@std@@QAE?AV?$_Tree_iterator@V?$_Tree_val@U?$_Tree_simple_types@U?$pair@$$CB_KUCallback@Coordinator@MilesCoordinator@@@std@@@std@@@std@@@2@V?$_Tree_const_iterator@V?$_Tree_val@U?$_Tree_simple_types@U?$pair@$$CB_KUCallback@Coordinator@MilesCoordinator@@@std@@@std@@@std@@@2@0@Z (public: class std::_Tree_iterator<class std::_Tree_val<struct std::_Tree_simple_types<struct std::pair<unsigned __int64 const ,struct MilesCoordinator::Coordinator::Callback> > > > __thiscall std::_Tree<class std::_Tmap_traits<unsigned __int64,struct MilesCoordinator::Coordinator::Callback,struct std::less<unsigned __int64>,class std::allocator<struct std::pair<unsigned __int64 const ,struct MilesCoordinator::Coordinator::Callback> >,0> >::erase(class std::_Tree_const_iterator<class std::_Tree_val<struct std::_Tree_simple_types<struct std::pair<unsigned __int64 const ,struct MilesCoordinator::Coordinator::Callback> > > >,class std::_Tree_const_iterator<class std::_Tree_val<struct std::_Tree_simple_types<struct std::pair<unsigned __int64 const ,struct MilesCoordinator::Coordinator::Callback> > > >))
6BE 00000000 SECT230 notype ()    External    | ?clear@?$_Tree@V?$_Tmap_traits@_KUCallback@Coordinator@MilesCoordinator@@U?$less@_K@std@@V?$allocator@U?$pair@$$CB_KUCallback@Coordinator@MilesCoordinator@@@std@@@5@$0A@@std@@@std@@QAEXXZ (public: void __thiscall std::_Tree<class std::_Tmap_traits<unsigned __int64,struct MilesCoordinator::Coordinator::Callback,struct std::less<unsigned __int64>,class std::allocator<struct std::pair<unsigned __int64 const ,struct MilesCoordinator::Coordinator::Callback> >,0> >::clear(void))
6BF 00000000 SECT1A8 notype ()    External    | ?_Erase@?$_Tree@V?$_Tmap_traits@_KUCallback@Coordinator@MilesCoordinator@@U?$less@_K@std@@V?$allocator@U?$pair@$$CB_KUCallback@Coordinator@MilesCoordinator@@@std@@@5@$0A@@std@@@std@@IAEXPAU?$_Tree_node@U?$pair@$$CB_KUCallback@Coordinator@MilesCoordinator@@@std@@PAX@2@@Z (protected: void __thiscall std::_Tree<class std::_Tmap_traits<unsigned __int64,struct MilesCoordinator::Coordinator::Callback,struct std::less<unsigned __int64>,class std::allocator<struct std::pair<unsigned __int64 const ,struct MilesCoordinator::Coordinator::Callback> >,0> >::_Erase(struct std::_Tree_node<struct std::pair<unsigned __int64 const ,struct MilesCoordinator::Coordinator::Callback>,void *> *))
6C0 00000000 SECT1CB notype ()    External    | ?_Lmost@?$_Tree@V?$_Tmap_traits@_KUCallback@Coordinator@MilesCoordinator@@U?$less@_K@std@@V?$allocator@U?$pair@$$CB_KUCallback@Coordinator@MilesCoordinator@@@std@@@5@$0A@@std@@@std@@IBEAAPAU?$_Tree_node@U?$pair@$$CB_KUCallback@Coordinator@MilesCoordinator@@@std@@PAX@2@XZ (protected: struct std::_Tree_node<struct std::pair<unsigned __int64 const ,struct MilesCoordinator::Coordinator::Callback>,void *> * & __thiscall std::_Tree<class std::_Tmap_traits<unsigned __int64,struct MilesCoordinator::Coordinator::Callback,struct std::less<unsigned __int64>,class std::allocator<struct std::pair<unsigned __int64 const ,struct MilesCoordinator::Coordinator::Callback> >,0> >::_Lmost(void)const )
6C1 00000000 SECT1CD notype ()    External    | ?_Lrotate@?$_Tree@V?$_Tmap_traits@_KUCallback@Coordinator@MilesCoordinator@@U?$less@_K@std@@V?$allocator@U?$pair@$$CB_KUCallback@Coordinator@MilesCoordinator@@@std@@@5@$0A@@std@@@std@@IAEXPAU?$_Tree_node@U?$pair@$$CB_KUCallback@Coordinator@MilesCoordinator@@@std@@PAX@2@@Z (protected: void __thiscall std::_Tree<class std::_Tmap_traits<unsigned __int64,struct MilesCoordinator::Coordinator::Callback,struct std::less<unsigned __int64>,class std::allocator<struct std::pair<unsigned __int64 const ,struct MilesCoordinator::Coordinator::Callback> >,0> >::_Lrotate(struct std::_Tree_node<struct std::pair<unsigned __int64 const ,struct MilesCoordinator::Coordinator::Callback>,void *> *))
6C2 00000000 SECT1F8 notype ()    External    | ?_Rmost@?$_Tree@V?$_Tmap_traits@_KUCallback@Coordinator@MilesCoordinator@@U?$less@_K@std@@V?$allocator@U?$pair@$$CB_KUCallback@Coordinator@MilesCoordinator@@@std@@@5@$0A@@std@@@std@@IBEAAPAU?$_Tree_node@U?$pair@$$CB_KUCallback@Coordinator@MilesCoordinator@@@std@@PAX@2@XZ (protected: struct std::_Tree_node<struct std::pair<unsigned __int64 const ,struct MilesCoordinator::Coordinator::Callback>,void *> * & __thiscall std::_Tree<class std::_Tmap_traits<unsigned __int64,struct MilesCoordinator::Coordinator::Callback,struct std::less<unsigned __int64>,class std::allocator<struct std::pair<unsigned __int64 const ,struct MilesCoordinator::Coordinator::Callback> >,0> >::_Rmost(void)const )
6C3 00000000 SECT1FA notype ()    External    | ?_Root@?$_Tree@V?$_Tmap_traits@_KUCallback@Coordinator@MilesCoordinator@@U?$less@_K@std@@V?$allocator@U?$pair@$$CB_KUCallback@Coordinator@MilesCoordinator@@@std@@@5@$0A@@std@@@std@@IBEAAPAU?$_Tree_node@U?$pair@$$CB_KUCallback@Coordinator@MilesCoordinator@@@std@@PAX@2@XZ (protected: struct std::_Tree_node<struct std::pair<unsigned __int64 const ,struct MilesCoordinator::Coordinator::Callback>,void *> * & __thiscall std::_Tree<class std::_Tmap_traits<unsigned __int64,struct MilesCoordinator::Coordinator::Callback,struct std::less<unsigned __int64>,class std::allocator<struct std::pair<unsigned __int64 const ,struct MilesCoordinator::Coordinator::Callback> >,0> >::_Root(void)const )
6C4 00000000 SECT1FC notype ()    External    | ?_Rrotate@?$_Tree@V?$_Tmap_traits@_KUCallback@Coordinator@MilesCoordinator@@U?$less@_K@std@@V?$allocator@U?$pair@$$CB_KUCallback@Coordinator@MilesCoordinator@@@std@@@5@$0A@@std@@@std@@IAEXPAU?$_Tree_node@U?$pair@$$CB_KUCallback@Coordinator@MilesCoordinator@@@std@@PAX@2@@Z (protected: void __thiscall std::_Tree<class std::_Tmap_traits<unsigned __int64,struct MilesCoordinator::Coordinator::Callback,struct std::less<unsigned __int64>,class std::allocator<struct std::pair<unsigned __int64 const ,struct MilesCoordinator::Coordinator::Callback> >,0> >::_Rrotate(struct std::_Tree_node<struct std::pair<unsigned __int64 const ,struct MilesCoordinator::Coordinator::Callback>,void *> *))
6C5 00000000 SECT1DD notype ()    External    | ?_Orphan_ptr@?$_Tree@V?$_Tmap_traits@_KUCallback@Coordinator@MilesCoordinator@@U?$less@_K@std@@V?$allocator@U?$pair@$$CB_KUCallback@Coordinator@MilesCoordinator@@@std@@@5@$0A@@std@@@std@@IBEXAAV12@PAU?$_Tree_node@U?$pair@$$CB_KUCallback@Coordinator@MilesCoordinator@@@std@@PAX@2@@Z (protected: void __thiscall std::_Tree<class std::_Tmap_traits<unsigned __int64,struct MilesCoordinator::Coordinator::Callback,struct std::less<unsigned __int64>,class std::allocator<struct std::pair<unsigned __int64 const ,struct MilesCoordinator::Coordinator::Callback> >,0> >::_Orphan_ptr(class std::_Tree<class std::_Tmap_traits<unsigned __int64,struct MilesCoordinator::Coordinator::Callback,struct std::less<unsigned __int64>,class std::allocator<struct std::pair<unsigned __int64 const ,struct MilesCoordinator::Coordinator::Callback> >,0> > &,struct std::_Tree_node<struct std::pair<unsigned __int64 const ,struct MilesCoordinator::Coordinator::Callback>,void *> *)const )
6C6 00000000 SECT200 notype ()    External    | ?_Tidy@?$_Tree@V?$_Tmap_traits@_KUCallback@Coordinator@MilesCoordinator@@U?$less@_K@std@@V?$allocator@U?$pair@$$CB_KUCallback@Coordinator@MilesCoordinator@@@std@@@5@$0A@@std@@@std@@IAEXXZ (protected: void __thiscall std::_Tree<class std::_Tmap_traits<unsigned __int64,struct MilesCoordinator::Coordinator::Callback,struct std::less<unsigned __int64>,class std::allocator<struct std::pair<unsigned __int64 const ,struct MilesCoordinator::Coordinator::Callback> >,0> >::_Tidy(void))
6C7 00000000 SECT13D notype ()    External    | ??1?$map@_KUCallback@Coordinator@MilesCoordinator@@U?$less@_K@std@@V?$allocator@U?$pair@$$CB_KUCallback@Coordinator@MilesCoordinator@@@std@@@5@@std@@QAE@XZ (public: __thiscall std::map<unsigned __int64,struct MilesCoordinator::Coordinator::Callback,struct std::less<unsigned __int64>,class std::allocator<struct std::pair<unsigned __int64 const ,struct MilesCoordinator::Coordinator::Callback> > >::~map<unsigned __int64,struct MilesCoordinator::Coordinator::Callback,struct std::less<unsigned __int64>,class std::allocator<struct std::pair<unsigned __int64 const ,struct MilesCoordinator::Coordinator::Callback> > >(void))
6C8 00000000 SECT148 notype ()    External    | ??1Registration@Coordinator@MilesCoordinator@@QAE@XZ (public: __thiscall MilesCoordinator::Coordinator::Registration::~Registration(void))
6C9 00000000 SECTE8 notype ()    External     | ??0?$allocator@UHandle@MilesWire@@@std@@QAE@XZ (public: __thiscall std::allocator<struct MilesWire::Handle>::allocator<struct MilesWire::Handle>(void))
6CA 00000000 SECT247 notype ()    External    | ?deallocate@?$allocator@UHandle@MilesWire@@@std@@QAEXPAUHandle@MilesWire@@I@Z (public: void __thiscall std::allocator<struct MilesWire::Handle>::deallocate(struct MilesWire::Handle *,unsigned int))
6CB 00000000 SECT21C notype ()    External    | ?allocate@?$allocator@UHandle@MilesWire@@@std@@QAEPAUHandle@MilesWire@@I@Z (public: struct MilesWire::Handle * __thiscall std::allocator<struct MilesWire::Handle>::allocate(unsigned int))
6CC 00000000 SECT234 notype ()    External    | ?construct@?$allocator@UHandle@MilesWire@@@std@@QAEXPAUHandle@MilesWire@@ABU34@@Z (public: void __thiscall std::allocator<struct MilesWire::Handle>::construct(struct MilesWire::Handle *,struct MilesWire::Handle const &))
6CD 00000000 SECT278 notype ()    External    | ?max_size@?$allocator@UHandle@MilesWire@@@std@@QBEIXZ (public: unsigned int __thiscall std::allocator<struct MilesWire::Handle>::max_size(void)const )
6CE 00000000 SECT27C notype ()    External    | ?max_size@?$allocator_traits@V?$allocator@UHandle@MilesWire@@@std@@@std@@SAIABV?$allocator@UHandle@MilesWire@@@2@@Z (public: static unsigned int __cdecl std::allocator_traits<class std::allocator<struct MilesWire::Handle> >::max_size(class std::allocator<struct MilesWire::Handle> const &))
6CF 00000000 SECTDF notype ()    External     | ??0?$_Wrap_alloc@V?$allocator@UHandle@MilesWire@@@std@@@std@@QAE@XZ (public: __thiscall std::_Wrap_alloc<class std::allocator<struct MilesWire::Handle> >::_Wrap_alloc<class std::allocator<struct MilesWire::Handle> >(void))
6D0 00000000 SECT216 notype ()    External    | ?allocate@?$_Wrap_alloc@V?$allocator@UHandle@MilesWire@@@std@@@std@@QAEPAUHandle@MilesWire@@I@Z (public: struct MilesWire::Handle * __thiscall std::_Wrap_alloc<class std::allocator<struct MilesWire::Handle> >::allocate(unsigned int))
6D1 00000000 SECT23F notype ()    External    | ?deallocate@?$_Wrap_alloc@V?$allocator@UHandle@MilesWire@@@std@@@std@@QAEXPAUHandle@MilesWire@@I@Z (public: void __thiscall std::_Wrap_alloc<class std::allocator<struct MilesWire::Handle> >::deallocate(struct MilesWire::Handle *,unsigned int))
6D2 00000000 SECT274 notype ()    External    | ?max_size@?$_Wrap_alloc@V?$allocator@UHandle@MilesWire@@@std@@@std@@QBEIXZ (public: unsigned int __thiscall std::_Wrap_alloc<class std::allocator<struct MilesWire::Handle> >::max_size(void)const )
6D3 00000000 SECTD7 notype ()    External     | ??0?$_Vector_val@U?$_Simple_types@UHandle@MilesWire@@@std@@@std@@QAE@XZ (public: __thiscall std::_Vector_val<struct std::_Simple_types<struct MilesWire::Handle> >::_Vector_val<struct std::_Simple_types<struct MilesWire::Handle> >(void))
6D4 00000000 SECT13A notype ()    External    | ??1?$_Vector_val@U?$_Simple_types@UHandle@MilesWire@@@std@@@std@@QAE@XZ (public: __thiscall std::_Vector_val<struct std::_Simple_types<struct MilesWire::Handle> >::~_Vector_val<struct std::_Simple_types<struct MilesWire::Handle> >(void))
6D5 00000000 SECTCD notype ()    External     | ??0?$_Vector_alloc@$0A@U?$_Vec_base_types@UHandle@MilesWire@@V?$allocator@UHandle@MilesWire@@@std@@@std@@@std@@QAE@ABV?$allocator@UHandle@MilesWire@@@1@@Z (public: __thiscall std::_Vector_alloc<0,struct std::_Vec_base_types<struct MilesWire::Handle,class std::allocator<struct MilesWire::Handle> > >::_Vector_alloc<0,struct std::_Vec_base_types<struct MilesWire::Handle,class std::allocator<struct MilesWire::Handle> > >(class std::allocator<struct MilesWire::Handle> const &))
6D6 00000000 SECT134 notype ()    External    | ??1?$_Vector_alloc@$0A@U?$_Vec_base_types@UHandle@MilesWire@@V?$allocator@UHandle@MilesWire@@@std@@@std@@@std@@QAE@XZ (public: __thiscall std::_Vector_alloc<0,struct std::_Vec_base_types<struct MilesWire::Handle,class std::allocator<struct MilesWire::Handle> > >::~_Vector_alloc<0,struct std::_Vec_base_types<struct MilesWire::Handle,class std::allocator<struct MilesWire::Handle> > >(void))
6D7 00000000 SECT198 notype ()    External    | ?_Alloc_proxy@?$_Vector_alloc@$0A@U?$_Vec_base_types@UHandle@MilesWire@@V?$allocator@UHandle@MilesWire@@@std@@@std@@@std@@QAEXXZ (public: void __thiscall std::_Vector_alloc<0,struct std::_Vec_base_types<struct MilesWire::Handle,class std::allocator<struct MilesWire::Handle> > >::_Alloc_proxy(void))
6D8 00000000 SECT1B1 notype ()    External    | ?_Free_proxy@?$_Vector_alloc@$0A@U?$_Vec_base_types@UHandle@MilesWire@@V?$allocator@UHandle@MilesWire@@@std@@@std@@@std@@QAEXXZ (public: void __thiscall std::_Vector_alloc<0,struct std::_Vec_base_types<struct MilesWire::Handle,class std::allocator<struct MilesWire::Handle> > >::_Free_proxy(void))
6D9 00000000 SECT1BC notype ()    External    | ?_Getal@?$_Vector_alloc@$0A@U?$_Vec_base_types@UHandle@MilesWire@@V?$allocator@UHandle@MilesWire@@@std@@@std@@@std@@QBE?AU?$_Wrap_alloc@V?$allocator@UHandle@MilesWire@@@std@@@2@XZ (public: struct std::_Wrap_alloc<class std::allocator<struct MilesWire::Handle> > __thiscall std::_Vector_alloc<0,struct std::_Vec_base_types<struct MilesWire::Handle,class std::allocator<struct MilesWire::Handle> > >::_Getal(void)const )
6DA 00000000 SECTF6 notype ()    External     | ??0?$vector@UHandle@MilesWire@@V?$allocator@UHandle@MilesWire@@@std@@@std@@QAE@XZ (public: __thiscall std::vector<struct MilesWire::Handle,class std::allocator<struct MilesWire::Handle> >::vector<struct MilesWire::Handle,class std::allocator<struct MilesWire::Handle> >(void))
6DB 00000000 SECT143 notype ()    External    | ??1?$vector@UHandle@MilesWire@@V?$allocator@UHandle@MilesWire@@@std@@@std@@QAE@XZ (public: __thiscall std::vector<struct MilesWire::Handle,class std::allocator<struct MilesWire::Handle> >::~vector<struct MilesWire::Handle,class std::allocator<struct MilesWire::Handle> >(void))
6DC 00000000 SECT22D notype ()    External    | ?capacity@?$vector@UHandle@MilesWire@@V?$allocator@UHandle@MilesWire@@@std@@@std@@QBEIXZ (public: unsigned int __thiscall std::vector<struct MilesWire::Handle,class std::allocator<struct MilesWire::Handle> >::capacity(void)const )
6DD 00000000 SECT20C notype ()    External    | ?_Unused_capacity@?$vector@UHandle@MilesWire@@V?$allocator@UHandle@MilesWire@@@std@@@std@@QBEIXZ (public: unsigned int __thiscall std::vector<struct MilesWire::Handle,class std::allocator<struct MilesWire::Handle> >::_Unused_capacity(void)const )
6DE 00000000 SECT226 notype ()    External    | ?begin@?$vector@UHandle@MilesWire@@V?$allocator@UHandle@MilesWire@@@std@@@std@@QAE?AV?$_Vector_iterator@V?$_Vector_val@U?$_Simple_types@UHandle@MilesWire@@@std@@@std@@@2@XZ (public: class std::_Vector_iterator<class std::_Vector_val<struct std::_Simple_types<struct MilesWire::Handle> > > __thiscall std::vector<struct MilesWire::Handle,class std::allocator<struct MilesWire::Handle> >::begin(void))
6DF 00000000 SECT2A9 notype ()    External    | ?size@?$vector@UHandle@MilesWire@@V?$allocator@UHandle@MilesWire@@@std@@@std@@QBEIXZ (public: unsigned int __thiscall std::vector<struct MilesWire::Handle,class std::allocator<struct MilesWire::Handle> >::size(void)const )
6E0 00000000 SECT280 notype ()    External    | ?max_size@?$vector@UHandle@MilesWire@@V?$allocator@UHandle@MilesWire@@@std@@@std@@QBEIXZ (public: unsigned int __thiscall std::vector<struct MilesWire::Handle,class std::allocator<struct MilesWire::Handle> >::max_size(void)const )
6E1 00000000 SECT24E notype ()    External    | ?empty@?$vector@UHandle@MilesWire@@V?$allocator@UHandle@MilesWire@@@std@@@std@@QBE_NXZ (public: bool __thiscall std::vector<struct MilesWire::Handle,class std::allocator<struct MilesWire::Handle> >::empty(void)const )
6E2 00000000 SECT264 notype ()    External    | ?front@?$vector@UHandle@MilesWire@@V?$allocator@UHandle@MilesWire@@@std@@@std@@QAEAAUHandle@MilesWire@@XZ (public: struct MilesWire::Handle & __thiscall std::vector<struct MilesWire::Handle,class std::allocator<struct MilesWire::Handle> >::front(void))
6E3 00000000 SECT290 notype ()    External    | ?push_back@?$vector@UHandle@MilesWire@@V?$allocator@UHandle@MilesWire@@@std@@@std@@QAEXABUHandle@MilesWire@@@Z (public: void __thiscall std::vector<struct MilesWire::Handle,class std::allocator<struct MilesWire::Handle> >::push_back(struct MilesWire::Handle const &))
6E4 00000000 SECT1A6 notype ()    External    | ?_Destroy@?$vector@UHandle@MilesWire@@V?$allocator@UHandle@MilesWire@@@std@@@std@@IAEXPAUHandle@MilesWire@@0@Z (protected: void __thiscall std::vector<struct MilesWire::Handle,class std::allocator<struct MilesWire::Handle> >::_Destroy(struct MilesWire::Handle *,struct MilesWire::Handle *))
6E5 00000000 SECT1C3 notype ()    External    | ?_Grow_to@?$vector@UHandle@MilesWire@@V?$allocator@UHandle@MilesWire@@@std@@@std@@IBEII@Z (protected: unsigned int __thiscall std::vector<struct MilesWire::Handle,class std::allocator<struct MilesWire::Handle> >::_Grow_to(unsigned int)const )
6E6 00000000 SECT1C6 notype ()    External    | ?_Inside@?$vector@UHandle@MilesWire@@V?$allocator@UHandle@MilesWire@@@std@@@std@@IBE_NPBUHandle@MilesWire@@@Z (protected: bool __thiscall std::vector<struct MilesWire::Handle,class std::allocator<struct MilesWire::Handle> >::_Inside(struct MilesWire::Handle const *)const )
6E7 00000000 SECT1F1 notype ()    External    | ?_Reallocate@?$vector@UHandle@MilesWire@@V?$allocator@UHandle@MilesWire@@@std@@@std@@IAEXI@Z (protected: void __thiscall std::vector<struct MilesWire::Handle,class std::allocator<struct MilesWire::Handle> >::_Reallocate(unsigned int))
6E8 00000000 SECT1F5 notype ()    External    | ?_Reserve@?$vector@UHandle@MilesWire@@V?$allocator@UHandle@MilesWire@@@std@@@std@@IAEXI@Z (protected: void __thiscall std::vector<struct MilesWire::Handle,class std::allocator<struct MilesWire::Handle> >::_Reserve(unsigned int))
6E9 00000000 SECT208 notype ()    External    | ?_Tidy@?$vector@UHandle@MilesWire@@V?$allocator@UHandle@MilesWire@@@std@@@std@@IAEXXZ (protected: void __thiscall std::vector<struct MilesWire::Handle,class std::allocator<struct MilesWire::Handle> >::_Tidy(void))
6EA 00000000 SECT210 notype ()    External    | ?_Xlen@?$vector@UHandle@MilesWire@@V?$allocator@UHandle@MilesWire@@@std@@@std@@IBEXXZ (protected: void __thiscall std::vector<struct MilesWire::Handle,class std::allocator<struct MilesWire::Handle> >::_Xlen(void)const )
6EB 00000000 SECT1E7 notype ()    External    | ?_Orphan_range@?$vector@UHandle@MilesWire@@V?$allocator@UHandle@MilesWire@@@std@@@std@@IBEXPAUHandle@MilesWire@@0@Z (protected: void __thiscall std::vector<struct MilesWire::Handle,class std::allocator<struct MilesWire::Handle> >::_Orphan_range(struct MilesWire::Handle *,struct MilesWire::Handle *)const )
6EC 00000000 SECTE6 notype ()    External     | ??0?$allocator@U?$_Tree_node@U?$pair@$$CB_KURegistration@Coordinator@MilesCoordinator@@@std@@PAX@std@@@std@@QAE@XZ (public: __thiscall std::allocator<struct std::_Tree_node<struct std::pair<unsigned __int64 const ,struct MilesCoordinator::Coordinator::Registration>,void *> >::allocator<struct std::_Tree_node<struct std::pair<unsigned __int64 const ,struct MilesCoordinator::Coordinator::Registration>,void *> >(void))
6ED 00000000 SECT245 notype ()    External    | ?deallocate@?$allocator@U?$_Tree_node@U?$pair@$$CB_KURegistration@Coordinator@MilesCoordinator@@@std@@PAX@std@@@std@@QAEXPAU?$_Tree_node@U?$pair@$$CB_KURegistration@Coordinator@MilesCoordinator@@@std@@PAX@2@I@Z (public: void __thiscall std::allocator<struct std::_Tree_node<struct std::pair<unsigned __int64 const ,struct MilesCoordinator::Coordinator::Registration>,void *> >::deallocate(struct std::_Tree_node<struct std::pair<unsigned __int64 const ,struct MilesCoordinator::Coordinator::Registration>,void *> *,unsigned int))
6EE 00000000 SECTDD notype ()    External     | ??0?$_Wrap_alloc@V?$allocator@U?$_Tree_node@U?$pair@$$CB_KURegistration@Coordinator@MilesCoordinator@@@std@@PAX@std@@@std@@@std@@QAE@XZ (public: __thiscall std::_Wrap_alloc<class std::allocator<struct std::_Tree_node<struct std::pair<unsigned __int64 const ,struct MilesCoordinator::Coordinator::Registration>,void *> > >::_Wrap_alloc<class std::allocator<struct std::_Tree_node<struct std::pair<unsigned __int64 const ,struct MilesCoordinator::Coordinator::Registration>,void *> > >(void))
6EF 00000000 SECT23D notype ()    External    | ?deallocate@?$_Wrap_alloc@V?$allocator@U?$_Tree_node@U?$pair@$$CB_KURegistration@Coordinator@MilesCoordinator@@@std@@PAX@std@@@std@@@std@@QAEXPAU?$_Tree_node@U?$pair@$$CB_KURegistration@Coordinator@MilesCoordinator@@@std@@PAX@2@I@Z (public: void __thiscall std::_Wrap_alloc<class std::allocator<struct std::_Tree_node<struct std::pair<unsigned __int64 const ,struct MilesCoordinator::Coordinator::Registration>,void *> > >::deallocate(struct std::_Tree_node<struct std::pair<unsigned __int64 const ,struct MilesCoordinator::Coordinator::Registration>,void *> *,unsigned int))
6F0 00000000 SECT1A1 notype ()    External    | ?_Color@?$_Tree_val@U?$_Tree_simple_types@U?$pair@$$CB_KURegistration@Coordinator@MilesCoordinator@@@std@@@std@@@std@@SAAADPAU?$_Tree_node@U?$pair@$$CB_KURegistration@Coordinator@MilesCoordinator@@@std@@PAX@2@@Z (public: static char & __cdecl std::_Tree_val<struct std::_Tree_simple_types<struct std::pair<unsigned __int64 const ,struct MilesCoordinator::Coordinator::Registration> > >::_Color(struct std::_Tree_node<struct std::pair<unsigned __int64 const ,struct MilesCoordinator::Coordinator::Registration>,void *> *))
6F1 00000000 SECT1C8 notype ()    External    | ?_Isnil@?$_Tree_val@U?$_Tree_simple_types@U?$pair@$$CB_KURegistration@Coordinator@MilesCoordinator@@@std@@@std@@@std@@SAAADPAU?$_Tree_node@U?$pair@$$CB_KURegistration@Coordinator@MilesCoordinator@@@std@@PAX@2@@Z (public: static char & __cdecl std::_Tree_val<struct std::_Tree_simple_types<struct std::pair<unsigned __int64 const ,struct MilesCoordinator::Coordinator::Registration> > >::_Isnil(struct std::_Tree_node<struct std::pair<unsigned __int64 const ,struct MilesCoordinator::Coordinator::Registration>,void *> *))
6F2 00000000 SECT1CA notype ()    External    | ?_Left@?$_Tree_val@U?$_Tree_simple_types@U?$pair@$$CB_KURegistration@Coordinator@MilesCoordinator@@@std@@@std@@@std@@SAAAPAU?$_Tree_node@U?$pair@$$CB_KURegistration@Coordinator@MilesCoordinator@@@std@@PAX@2@PAU32@@Z (public: static struct std::_Tree_node<struct std::pair<unsigned __int64 const ,struct MilesCoordinator::Coordinator::Registration>,void *> * & __cdecl std::_Tree_val<struct std::_Tree_simple_types<struct std::pair<unsigned __int64 const ,struct MilesCoordinator::Coordinator::Registration> > >::_Left(struct std::_Tree_node<struct std::pair<unsigned __int64 const ,struct MilesCoordinator::Coordinator::Registration>,void *> *))
6F3 00000000 SECT1EA notype ()    External    | ?_Parent@?$_Tree_val@U?$_Tree_simple_types@U?$pair@$$CB_KURegistration@Coordinator@MilesCoordinator@@@std@@@std@@@std@@SAAAPAU?$_Tree_node@U?$pair@$$CB_KURegistration@Coordinator@MilesCoordinator@@@std@@PAX@2@PAU32@@Z (public: static struct std::_Tree_node<struct std::pair<unsigned __int64 const ,struct MilesCoordinator::Coordinator::Registration>,void *> * & __cdecl std::_Tree_val<struct std::_Tree_simple_types<struct std::pair<unsigned __int64 const ,struct MilesCoordinator::Coordinator::Registration> > >::_Parent(struct std::_Tree_node<struct std::pair<unsigned __int64 const ,struct MilesCoordinator::Coordinator::Registration>,void *> *))
6F4 00000000 SECT1F7 notype ()    External    | ?_Right@?$_Tree_val@U?$_Tree_simple_types@U?$pair@$$CB_KURegistration@Coordinator@MilesCoordinator@@@std@@@std@@@std@@SAAAPAU?$_Tree_node@U?$pair@$$CB_KURegistration@Coordinator@MilesCoordinator@@@std@@PAX@2@PAU32@@Z (public: static struct std::_Tree_node<struct std::pair<unsigned __int64 const ,struct MilesCoordinator::Coordinator::Registration>,void *> * & __cdecl std::_Tree_val<struct std::_Tree_simple_types<struct std::pair<unsigned __int64 const ,struct MilesCoordinator::Coordinator::Registration> > >::_Right(struct std::_Tree_node<struct std::pair<unsigned __int64 const ,struct MilesCoordinator::Coordinator::Registration>,void *> *))
6F5 00000000 SECT1D9 notype ()    External    | ?_Myval@?$_Tree_val@U?$_Tree_simple_types@U?$pair@$$CB_KURegistration@Coordinator@MilesCoordinator@@@std@@@std@@@std@@SAAAU?$pair@$$CB_KURegistration@Coordinator@MilesCoordinator@@@2@PAU?$_Tree_node@U?$pair@$$CB_KURegistration@Coordinator@MilesCoordinator@@@std@@PAX@2@@Z (public: static struct std::pair<unsigned __int64 const ,struct MilesCoordinator::Coordinator::Registration> & __cdecl std::_Tree_val<struct std::_Tree_simple_types<struct std::pair<unsigned __int64 const ,struct MilesCoordinator::Coordinator::Registration> > >::_Myval(struct std::_Tree_node<struct std::pair<unsigned __int64 const ,struct MilesCoordinator::Coordinator::Registration>,void *> *))
6F6 00000000 SECT1D0 notype ()    External    | ?_Max@?$_Tree_val@U?$_Tree_simple_types@U?$pair@$$CB_KURegistration@Coordinator@MilesCoordinator@@@std@@@std@@@std@@SAPAU?$_Tree_node@U?$pair@$$CB_KURegistration@Coordinator@MilesCoordinator@@@std@@PAX@2@PAU32@@Z (public: static struct std::_Tree_node<struct std::pair<unsigned __int64 const ,struct MilesCoordinator::Coordinator::Registration>,void *> * __cdecl std::_Tree_val<struct std::_Tree_simple_types<struct std::pair<unsigned __int64 const ,struct MilesCoordinator::Coordinator::Registration> > >::_Max(struct std::_Tree_node<struct std::pair<unsigned __int64 const ,struct MilesCoordinator::Coordinator::Registration>,void *> *))
6F7 00000000 SECT1D2 notype ()    External    | ?_Min@?$_Tree_val@U?$_Tree_simple_types@U?$pair@$$CB_KURegistration@Coordinator@MilesCoordinator@@@std@@@std@@@std@@SAPAU?$_Tree_node@U?$pair@$$CB_KURegistration@Coordinator@MilesCoordinator@@@std@@PAX@2@PAU32@@Z (public: static struct std::_Tree_node<struct std::pair<unsigned __int64 const ,struct MilesCoordinator::Coordinator::Registration>,void *> * __cdecl std::_Tree_val<struct std::_Tree_simple_types<struct std::pair<unsigned __int64 const ,struct MilesCoordinator::Coordinator::Registration> > >::_Min(struct std::_Tree_node<struct std::pair<unsigned __int64 const ,struct MilesCoordinator::Coordinator::Registration>,void *> *))
6F8 00000000 SECT131 notype ()    External    | ??1?$_Tree_val@U?$_Tree_simple_types@U?$pair@$$CB_KURegistration@Coordinator@MilesCoordinator@@@std@@@std@@@std@@QAE@XZ (public: __thiscall std::_Tree_val<struct std::_Tree_simple_types<struct std::pair<unsigned __int64 const ,struct MilesCoordinator::Coordinator::Registration> > >::~_Tree_val<struct std::_Tree_simple_types<struct std::pair<unsigned __int64 const ,struct MilesCoordinator::Coordinator::Registration> > >(void))
6F9 00000000 SECT125 notype ()    External    | ??1?$_Tree_alloc@$0A@U?$_Tree_base_types@U?$pair@$$CB_KURegistration@Coordinator@MilesCoordinator@@@std@@V?$allocator@U?$pair@$$CB_KURegistration@Coordinator@MilesCoordinator@@@std@@@2@@std@@@std@@QAE@XZ (public: __thiscall std::_Tree_alloc<0,struct std::_Tree_base_types<struct std::pair<unsigned __int64 const ,struct MilesCoordinator::Coordinator::Registration>,class std::allocator<struct std::pair<unsigned __int64 const ,struct MilesCoordinator::Coordinator::Registration> > > >::~_Tree_alloc<0,struct std::_Tree_base_types<struct std::pair<unsigned __int64 const ,struct MilesCoordinator::Coordinator::Registration>,class std::allocator<struct std::pair<unsigned __int64 const ,struct MilesCoordinator::Coordinator::Registration> > > >(void))
6FA 00000000 SECT1AE notype ()    External    | ?_Free_proxy@?$_Tree_alloc@$0A@U?$_Tree_base_types@U?$pair@$$CB_KURegistration@Coordinator@MilesCoordinator@@@std@@V?$allocator@U?$pair@$$CB_KURegistration@Coordinator@MilesCoordinator@@@std@@@2@@std@@@std@@QAEXXZ (public: void __thiscall std::_Tree_alloc<0,struct std::_Tree_base_types<struct std::pair<unsigned __int64 const ,struct MilesCoordinator::Coordinator::Registration>,class std::allocator<struct std::pair<unsigned __int64 const ,struct MilesCoordinator::Coordinator::Registration> > > >::_Free_proxy(void))
6FB 00000000 SECT1B4 notype ()    External    | ?_Freeheadnode@?$_Tree_alloc@$0A@U?$_Tree_base_types@U?$pair@$$CB_KURegistration@Coordinator@MilesCoordinator@@@std@@V?$allocator@U?$pair@$$CB_KURegistration@Coordinator@MilesCoordinator@@@std@@@2@@std@@@std@@QAEXPAU?$_Tree_node@U?$pair@$$CB_KURegistration@Coordinator@MilesCoordinator@@@std@@PAX@2@@Z (public: void __thiscall std::_Tree_alloc<0,struct std::_Tree_base_types<struct std::pair<unsigned __int64 const ,struct MilesCoordinator::Coordinator::Registration>,class std::allocator<struct std::pair<unsigned __int64 const ,struct MilesCoordinator::Coordinator::Registration> > > >::_Freeheadnode(struct std::_Tree_node<struct std::pair<unsigned __int64 const ,struct MilesCoordinator::Coordinator::Registration>,void *> *))
6FC 00000000 SECT1B9 notype ()    External    | ?_Getal@?$_Tree_alloc@$0A@U?$_Tree_base_types@U?$pair@$$CB_KURegistration@Coordinator@MilesCoordinator@@@std@@V?$allocator@U?$pair@$$CB_KURegistration@Coordinator@MilesCoordinator@@@std@@@2@@std@@@std@@QBE?AU?$_Wrap_alloc@V?$allocator@U?$_Tree_node@U?$pair@$$CB_KURegistration@Coordinator@MilesCoordinator@@@std@@PAX@std@@@std@@@2@XZ (public: struct std::_Wrap_alloc<class std::allocator<struct std::_Tree_node<struct std::pair<unsigned __int64 const ,struct MilesCoordinator::Coordinator::Registration>,void *> > > __thiscall std::_Tree_alloc<0,struct std::_Tree_base_types<struct std::pair<unsigned __int64 const ,struct MilesCoordinator::Coordinator::Registration>,class std::allocator<struct std::pair<unsigned __int64 const ,struct MilesCoordinator::Coordinator::Registration> > > >::_Getal(void)const )
6FD 00000000 SECT127 notype ()    External    | ??1?$_Tree_buy@U?$pair@$$CB_KURegistration@Coordinator@MilesCoordinator@@@std@@V?$allocator@U?$pair@$$CB_KURegistration@Coordinator@MilesCoordinator@@@std@@@2@@std@@QAE@XZ (public: __thiscall std::_Tree_buy<struct std::pair<unsigned __int64 const ,struct MilesCoordinator::Coordinator::Registration>,class std::allocator<struct std::pair<unsigned __int64 const ,struct MilesCoordinator::Coordinator::Registration> > >::~_Tree_buy<struct std::pair<unsigned __int64 const ,struct MilesCoordinator::Coordinator::Registration>,class std::allocator<struct std::pair<unsigned __int64 const ,struct MilesCoordinator::Coordinator::Registration> > >(void))
6FE 00000000 SECT129 notype ()    External    | ??1?$_Tree_comp@$0A@V?$_Tmap_traits@_KURegistration@Coordinator@MilesCoordinator@@U?$less@_K@std@@V?$allocator@U?$pair@$$CB_KURegistration@Coordinator@MilesCoordinator@@@std@@@5@$0A@@std@@@std@@QAE@XZ (public: __thiscall std::_Tree_comp<0,class std::_Tmap_traits<unsigned __int64,struct MilesCoordinator::Coordinator::Registration,struct std::less<unsigned __int64>,class std::allocator<struct std::pair<unsigned __int64 const ,struct MilesCoordinator::Coordinator::Registration> >,0> >::~_Tree_comp<0,class std::_Tmap_traits<unsigned __int64,struct MilesCoordinator::Coordinator::Registration,struct std::less<unsigned __int64>,class std::allocator<struct std::pair<unsigned __int64 const ,struct MilesCoordinator::Coordinator::Registration> >,0> >(void))
6FF 00000000 SECT123 notype ()    External    | ??1?$_Tree@V?$_Tmap_traits@_KURegistration@Coordinator@MilesCoordinator@@U?$less@_K@std@@V?$allocator@U?$pair@$$CB_KURegistration@Coordinator@MilesCoordinator@@@std@@@5@$0A@@std@@@std@@QAE@XZ (public: __thiscall std::_Tree<class std::_Tmap_traits<unsigned __int64,struct MilesCoordinator::Coordinator::Registration,struct std::less<unsigned __int64>,class std::allocator<struct std::pair<unsigned __int64 const ,struct MilesCoordinator::Coordinator::Registration> >,0> >::~_Tree<class std::_Tmap_traits<unsigned __int64,struct MilesCoordinator::Coordinator::Registration,struct std::less<unsigned __int64>,class std::allocator<struct std::pair<unsigned __int64 const ,struct MilesCoordinator::Coordinator::Registration> >,0> >(void))
700 00000000 SECT224 notype ()    External    | ?begin@?$_Tree@V?$_Tmap_traits@_KURegistration@Coordinator@MilesCoordinator@@U?$less@_K@std@@V?$allocator@U?$pair@$$CB_KURegistration@Coordinator@MilesCoordinator@@@std@@@5@$0A@@std@@@std@@QAE?AV?$_Tree_iterator@V?$_Tree_val@U?$_Tree_simple_types@U?$pair@$$CB_KURegistration@Coordinator@MilesCoordinator@@@std@@@std@@@std@@@2@XZ (public: class std::_Tree_iterator<class std::_Tree_val<struct std::_Tree_simple_types<struct std::pair<unsigned __int64 const ,struct MilesCoordinator::Coordinator::Registration> > > > __thiscall std::_Tree<class std::_Tmap_traits<unsigned __int64,struct MilesCoordinator::Coordinator::Registration,struct std::less<unsigned __int64>,class std::allocator<struct std::pair<unsigned __int64 const ,struct MilesCoordinator::Coordinator::Registration> >,0> >::begin(void))
701 00000000 SECT250 notype ()    External    | ?end@?$_Tree@V?$_Tmap_traits@_KURegistration@Coordinator@MilesCoordinator@@U?$less@_K@std@@V?$allocator@U?$pair@$$CB_KURegistration@Coordinator@MilesCoordinator@@@std@@@5@$0A@@std@@@std@@QAE?AV?$_Tree_iterator@V?$_Tree_val@U?$_Tree_simple_types@U?$pair@$$CB_KURegistration@Coordinator@MilesCoordinator@@@std@@@std@@@std@@@2@XZ (public: class std::_Tree_iterator<class std::_Tree_val<struct std::_Tree_simple_types<struct std::pair<unsigned __int64 const ,struct MilesCoordinator::Coordinator::Registration> > > > __thiscall std::_Tree<class std::_Tmap_traits<unsigned __int64,struct MilesCoordinator::Coordinator::Registration,struct std::less<unsigned __int64>,class std::allocator<struct std::pair<unsigned __int64 const ,struct MilesCoordinator::Coordinator::Registration> >,0> >::end(void))
702 00000000 SECT25B notype ()    External    | ?erase@?$_Tree@V?$_Tmap_traits@_KURegistration@Coordinator@MilesCoordinator@@U?$less@_K@std@@V?$allocator@U?$pair@$$CB_KURegistration@Coordinator@MilesCoordinator@@@std@@@5@$0A@@std@@@std@@QAE?AV?$_Tree_iterator@V?$_Tree_val@U?$_Tree_simple_types@U?$pair@$$CB_KURegistration@Coordinator@MilesCoordinator@@@std@@@std@@@std@@@2@V?$_Tree_const_iterator@V?$_Tree_val@U?$_Tree_simple_types@U?$pair@$$CB_KURegistration@Coordinator@MilesCoordinator@@@std@@@std@@@std@@@2@@Z (public: class std::_Tree_iterator<class std::_Tree_val<struct std::_Tree_simple_types<struct std::pair<unsigned __int64 const ,struct MilesCoordinator::Coordinator::Registration> > > > __thiscall std::_Tree<class std::_Tmap_traits<unsigned __int64,struct MilesCoordinator::Coordinator::Registration,struct std::less<unsigned __int64>,class std::allocator<struct std::pair<unsigned __int64 const ,struct MilesCoordinator::Coordinator::Registration> >,0> >::erase(class std::_Tree_const_iterator<class std::_Tree_val<struct std::_Tree_simple_types<struct std::pair<unsigned __int64 const ,struct MilesCoordinator::Coordinator::Registration> > > >))
703 00000000 SECT259 notype ()    External    | ?erase@?$_Tree@V?$_Tmap_traits@_KURegistration@Coordinator@MilesCoordinator@@U?$less@_K@std@@V?$allocator@U?$pair@$$CB_KURegistration@Coordinator@MilesCoordinator@@@std@@@5@$0A@@std@@@std@@QAE?AV?$_Tree_iterator@V?$_Tree_val@U?$_Tree_simple_types@U?$pair@$$CB_KURegistration@Coordinator@MilesCoordinator@@@std@@@std@@@std@@@2@V?$_Tree_const_iterator@V?$_Tree_val@U?$_Tree_simple_types@U?$pair@$$CB_KURegistration@Coordinator@MilesCoordinator@@@std@@@std@@@std@@@2@0@Z (public: class std::_Tree_iterator<class std::_Tree_val<struct std::_Tree_simple_types<struct std::pair<unsigned __int64 const ,struct MilesCoordinator::Coordinator::Registration> > > > __thiscall std::_Tree<class std::_Tmap_traits<unsigned __int64,struct MilesCoordinator::Coordinator::Registration,struct std::less<unsigned __int64>,class std::allocator<struct std::pair<unsigned __int64 const ,struct MilesCoordinator::Coordinator::Registration> >,0> >::erase(class std::_Tree_const_iterator<class std::_Tree_val<struct std::_Tree_simple_types<struct std::pair<unsigned __int64 const ,struct MilesCoordinator::Coordinator::Registration> > > >,class std::_Tree_const_iterator<class std::_Tree_val<struct std::_Tree_simple_types<struct std::pair<unsigned __int64 const ,struct MilesCoordinator::Coordinator::Registration> > > >))
704 00000000 SECT231 notype ()    External    | ?clear@?$_Tree@V?$_Tmap_traits@_KURegistration@Coordinator@MilesCoordinator@@U?$less@_K@std@@V?$allocator@U?$pair@$$CB_KURegistration@Coordinator@MilesCoordinator@@@std@@@5@$0A@@std@@@std@@QAEXXZ (public: void __thiscall std::_Tree<class std::_Tmap_traits<unsigned __int64,struct MilesCoordinator::Coordinator::Registration,struct std::less<unsigned __int64>,class std::allocator<struct std::pair<unsigned __int64 const ,struct MilesCoordinator::Coordinator::Registration> >,0> >::clear(void))
705 00000000 SECT1A9 notype ()    External    | ?_Erase@?$_Tree@V?$_Tmap_traits@_KURegistration@Coordinator@MilesCoordinator@@U?$less@_K@std@@V?$allocator@U?$pair@$$CB_KURegistration@Coordinator@MilesCoordinator@@@std@@@5@$0A@@std@@@std@@IAEXPAU?$_Tree_node@U?$pair@$$CB_KURegistration@Coordinator@MilesCoordinator@@@std@@PAX@2@@Z (protected: void __thiscall std::_Tree<class std::_Tmap_traits<unsigned __int64,struct MilesCoordinator::Coordinator::Registration,struct std::less<unsigned __int64>,class std::allocator<struct std::pair<unsigned __int64 const ,struct MilesCoordinator::Coordinator::Registration> >,0> >::_Erase(struct std::_Tree_node<struct std::pair<unsigned __int64 const ,struct MilesCoordinator::Coordinator::Registration>,void *> *))
706 00000000 SECT1CC notype ()    External    | ?_Lmost@?$_Tree@V?$_Tmap_traits@_KURegistration@Coordinator@MilesCoordinator@@U?$less@_K@std@@V?$allocator@U?$pair@$$CB_KURegistration@Coordinator@MilesCoordinator@@@std@@@5@$0A@@std@@@std@@IBEAAPAU?$_Tree_node@U?$pair@$$CB_KURegistration@Coordinator@MilesCoordinator@@@std@@PAX@2@XZ (protected: struct std::_Tree_node<struct std::pair<unsigned __int64 const ,struct MilesCoordinator::Coordinator::Registration>,void *> * & __thiscall std::_Tree<class std::_Tmap_traits<unsigned __int64,struct MilesCoordinator::Coordinator::Registration,struct std::less<unsigned __int64>,class std::allocator<struct std::pair<unsigned __int64 const ,struct MilesCoordinator::Coordinator::Registration> >,0> >::_Lmost(void)const )
707 00000000 SECT1CE notype ()    External    | ?_Lrotate@?$_Tree@V?$_Tmap_traits@_KURegistration@Coordinator@MilesCoordinator@@U?$less@_K@std@@V?$allocator@U?$pair@$$CB_KURegistration@Coordinator@MilesCoordinator@@@std@@@5@$0A@@std@@@std@@IAEXPAU?$_Tree_node@U?$pair@$$CB_KURegistration@Coordinator@MilesCoordinator@@@std@@PAX@2@@Z (protected: void __thiscall std::_Tree<class std::_Tmap_traits<unsigned __int64,struct MilesCoordinator::Coordinator::Registration,struct std::less<unsigned __int64>,class std::allocator<struct std::pair<unsigned __int64 const ,struct MilesCoordinator::Coordinator::Registration> >,0> >::_Lrotate(struct std::_Tree_node<struct std::pair<unsigned __int64 const ,struct MilesCoordinator::Coordinator::Registration>,void *> *))
708 00000000 SECT1F9 notype ()    External    | ?_Rmost@?$_Tree@V?$_Tmap_traits@_KURegistration@Coordinator@MilesCoordinator@@U?$less@_K@std@@V?$allocator@U?$pair@$$CB_KURegistration@Coordinator@MilesCoordinator@@@std@@@5@$0A@@std@@@std@@IBEAAPAU?$_Tree_node@U?$pair@$$CB_KURegistration@Coordinator@MilesCoordinator@@@std@@PAX@2@XZ (protected: struct std::_Tree_node<struct std::pair<unsigned __int64 const ,struct MilesCoordinator::Coordinator::Registration>,void *> * & __thiscall std::_Tree<class std::_Tmap_traits<unsigned __int64,struct MilesCoordinator::Coordinator::Registration,struct std::less<unsigned __int64>,class std::allocator<struct std::pair<unsigned __int64 const ,struct MilesCoordinator::Coordinator::Registration> >,0> >::_Rmost(void)const )
709 00000000 SECT1FB notype ()    External    | ?_Root@?$_Tree@V?$_Tmap_traits@_KURegistration@Coordinator@MilesCoordinator@@U?$less@_K@std@@V?$allocator@U?$pair@$$CB_KURegistration@Coordinator@MilesCoordinator@@@std@@@5@$0A@@std@@@std@@IBEAAPAU?$_Tree_node@U?$pair@$$CB_KURegistration@Coordinator@MilesCoordinator@@@std@@PAX@2@XZ (protected: struct std::_Tree_node<struct std::pair<unsigned __int64 const ,struct MilesCoordinator::Coordinator::Registration>,void *> * & __thiscall std::_Tree<class std::_Tmap_traits<unsigned __int64,struct MilesCoordinator::Coordinator::Registration,struct std::less<unsigned __int64>,class std::allocator<struct std::pair<unsigned __int64 const ,struct MilesCoordinator::Coordinator::Registration> >,0> >::_Root(void)const )
70A 00000000 SECT1FD notype ()    External    | ?_Rrotate@?$_Tree@V?$_Tmap_traits@_KURegistration@Coordinator@MilesCoordinator@@U?$less@_K@std@@V?$allocator@U?$pair@$$CB_KURegistration@Coordinator@MilesCoordinator@@@std@@@5@$0A@@std@@@std@@IAEXPAU?$_Tree_node@U?$pair@$$CB_KURegistration@Coordinator@MilesCoordinator@@@std@@PAX@2@@Z (protected: void __thiscall std::_Tree<class std::_Tmap_traits<unsigned __int64,struct MilesCoordinator::Coordinator::Registration,struct std::less<unsigned __int64>,class std::allocator<struct std::pair<unsigned __int64 const ,struct MilesCoordinator::Coordinator::Registration> >,0> >::_Rrotate(struct std::_Tree_node<struct std::pair<unsigned __int64 const ,struct MilesCoordinator::Coordinator::Registration>,void *> *))
70B 00000000 SECT1DF notype ()    External    | ?_Orphan_ptr@?$_Tree@V?$_Tmap_traits@_KURegistration@Coordinator@MilesCoordinator@@U?$less@_K@std@@V?$allocator@U?$pair@$$CB_KURegistration@Coordinator@MilesCoordinator@@@std@@@5@$0A@@std@@@std@@IBEXAAV12@PAU?$_Tree_node@U?$pair@$$CB_KURegistration@Coordinator@MilesCoordinator@@@std@@PAX@2@@Z (protected: void __thiscall std::_Tree<class std::_Tmap_traits<unsigned __int64,struct MilesCoordinator::Coordinator::Registration,struct std::less<unsigned __int64>,class std::allocator<struct std::pair<unsigned __int64 const ,struct MilesCoordinator::Coordinator::Registration> >,0> >::_Orphan_ptr(class std::_Tree<class std::_Tmap_traits<unsigned __int64,struct MilesCoordinator::Coordinator::Registration,struct std::less<unsigned __int64>,class std::allocator<struct std::pair<unsigned __int64 const ,struct MilesCoordinator::Coordinator::Registration> >,0> > &,struct std::_Tree_node<struct std::pair<unsigned __int64 const ,struct MilesCoordinator::Coordinator::Registration>,void *> *)const )
70C 00000000 SECT202 notype ()    External    | ?_Tidy@?$_Tree@V?$_Tmap_traits@_KURegistration@Coordinator@MilesCoordinator@@U?$less@_K@std@@V?$allocator@U?$pair@$$CB_KURegistration@Coordinator@MilesCoordinator@@@std@@@5@$0A@@std@@@std@@IAEXXZ (protected: void __thiscall std::_Tree<class std::_Tmap_traits<unsigned __int64,struct MilesCoordinator::Coordinator::Registration,struct std::less<unsigned __int64>,class std::allocator<struct std::pair<unsigned __int64 const ,struct MilesCoordinator::Coordinator::Registration> >,0> >::_Tidy(void))
70D 00000000 SECT13E notype ()    External    | ??1?$map@_KURegistration@Coordinator@MilesCoordinator@@U?$less@_K@std@@V?$allocator@U?$pair@$$CB_KURegistration@Coordinator@MilesCoordinator@@@std@@@5@@std@@QAE@XZ (public: __thiscall std::map<unsigned __int64,struct MilesCoordinator::Coordinator::Registration,struct std::less<unsigned __int64>,class std::allocator<struct std::pair<unsigned __int64 const ,struct MilesCoordinator::Coordinator::Registration> > >::~map<unsigned __int64,struct MilesCoordinator::Coordinator::Registration,struct std::less<unsigned __int64>,class std::allocator<struct std::pair<unsigned __int64 const ,struct MilesCoordinator::Coordinator::Registration> > >(void))
70E 00000000 SECT145 notype ()    External    | ??1Coordinator@MilesCoordinator@@QAE@XZ (public: __thiscall MilesCoordinator::Coordinator::~Coordinator(void))
70F 00000000 SECT14C notype ()    External    | ??1Resolver@MilesHost@@UAE@XZ (public: virtual __thiscall MilesHost::Resolver::~Resolver(void))
710 00000000 SECT104 notype ()    External    | ??0Resolver@MilesHost@@QAE@XZ (public: __thiscall MilesHost::Resolver::Resolver(void))
711 00000000 SECT17C notype ()    External    | ??_GResolver@MilesHost@@UAEPAXI@Z (public: virtual void * __thiscall MilesHost::Resolver::`scalar deleting destructor'(unsigned int))
712 00000000 UNDEF  notype ()    WeakExternal | ??_EResolver@MilesHost@@UAEPAXI@Z (public: virtual void * __thiscall MilesHost::Resolver::`vector deleting destructor'(unsigned int))
    Default index      711 library search
714 00000000 UNDEF  notype ()    External     | ?dispatch@MilesHost@@YA?AW4DispatchStatus@1@IABUCall@MilesWire@@AAUResult@4@AAUResolver@1@@Z (enum MilesHost::DispatchStatus __cdecl MilesHost::dispatch(unsigned int,struct MilesWire::Call const &,struct MilesWire::Result &,struct MilesHost::Resolver &))
715 00000000 SECT102 notype ()    External    | ??0RegistryResolver@MilesHost@@QAE@ABVResourceRegistry@MilesTransport@@@Z (public: __thiscall MilesHost::RegistryResolver::RegistryResolver(class MilesTransport::ResourceRegistry const &))
716 00000000 SECT298 notype ()    External    | ?resolve@RegistryResolver@MilesHost@@UAE_NABUHandle@MilesWire@@IAAI@Z (public: virtual bool __thiscall MilesHost::RegistryResolver::resolve(struct MilesWire::Handle const &,unsigned int,unsigned int &))
717 00000000 SECT149 notype ()    External    | ??1RegistryResolver@MilesHost@@UAE@XZ (public: virtual __thiscall MilesHost::RegistryResolver::~RegistryResolver(void))
718 00000000 SECT17B notype ()    External    | ??_GRegistryResolver@MilesHost@@UAEPAXI@Z (public: virtual void * __thiscall MilesHost::RegistryResolver::`scalar deleting destructor'(unsigned int))
719 00000000 UNDEF  notype ()    WeakExternal | ??_ERegistryResolver@MilesHost@@UAEPAXI@Z (public: virtual void * __thiscall MilesHost::RegistryResolver::`vector deleting destructor'(unsigned int))
    Default index      718 library search
71B 00000000 UNDEF  notype ()    External     | ?validateQuery@MilesSessionVersion@@YA_NUBytes@MilesTransport@@AAUHeader@MilesWire@@AAI@Z (bool __cdecl MilesSessionVersion::validateQuery(struct MilesTransport::Bytes,struct MilesWire::Header &,unsigned int &))
71C 00000000 UNDEF  notype ()    External     | ?queryNativeVersion@MilesSessionVersion@@YA_NUBytes@MilesTransport@@AAV?$vector@EV?$allocator@E@std@@@std@@@Z (bool __cdecl MilesSessionVersion::queryNativeVersion(struct MilesTransport::Bytes,class std::vector<unsigned char,class std::allocator<unsigned char> > &))
71D 00000000 SECTEA notype ()    External     | ??0?$allocator@V?$vector@EV?$allocator@E@std@@@std@@@std@@QAE@XZ (public: __thiscall std::allocator<class std::vector<unsigned char,class std::allocator<unsigned char> > >::allocator<class std::vector<unsigned char,class std::allocator<unsigned char> > >(void))
71E 00000000 SECTE4 notype ()    External     | ??0?$allocator@U?$_List_node@V?$vector@EV?$allocator@E@std@@@std@@PAX@std@@@std@@QAE@XZ (public: __thiscall std::allocator<struct std::_List_node<class std::vector<unsigned char,class std::allocator<unsigned char> >,void *> >::allocator<struct std::_List_node<class std::vector<unsigned char,class std::allocator<unsigned char> >,void *> >(void))
71F 00000000 SECT243 notype ()    External    | ?deallocate@?$allocator@U?$_List_node@V?$vector@EV?$allocator@E@std@@@std@@PAX@std@@@std@@QAEXPAU?$_List_node@V?$vector@EV?$allocator@E@std@@@std@@PAX@2@I@Z (public: void __thiscall std::allocator<struct std::_List_node<class std::vector<unsigned char,class std::allocator<unsigned char> >,void *> >::deallocate(struct std::_List_node<class std::vector<unsigned char,class std::allocator<unsigned char> >,void *> *,unsigned int))
720 00000000 SECT21A notype ()    External    | ?allocate@?$allocator@U?$_List_node@V?$vector@EV?$allocator@E@std@@@std@@PAX@std@@@std@@QAEPAU?$_List_node@V?$vector@EV?$allocator@E@std@@@std@@PAX@2@I@Z (public: struct std::_List_node<class std::vector<unsigned char,class std::allocator<unsigned char> >,void *> * __thiscall std::allocator<struct std::_List_node<class std::vector<unsigned char,class std::allocator<unsigned char> >,void *> >::allocate(unsigned int))
721 00000000 SECTDB notype ()    External     | ??0?$_Wrap_alloc@V?$allocator@U?$_List_node@V?$vector@EV?$allocator@E@std@@@std@@PAX@std@@@std@@@std@@QAE@XZ (public: __thiscall std::_Wrap_alloc<class std::allocator<struct std::_List_node<class std::vector<unsigned char,class std::allocator<unsigned char> >,void *> > >::_Wrap_alloc<class std::allocator<struct std::_List_node<class std::vector<unsigned char,class std::allocator<unsigned char> >,void *> > >(void))
722 00000000 SECT214 notype ()    External    | ?allocate@?$_Wrap_alloc@V?$allocator@U?$_List_node@V?$vector@EV?$allocator@E@std@@@std@@PAX@std@@@std@@@std@@QAEPAU?$_List_node@V?$vector@EV?$allocator@E@std@@@std@@PAX@2@I@Z (public: struct std::_List_node<class std::vector<unsigned char,class std::allocator<unsigned char> >,void *> * __thiscall std::_Wrap_alloc<class std::allocator<struct std::_List_node<class std::vector<unsigned char,class std::allocator<unsigned char> >,void *> > >::allocate(unsigned int))
723 00000000 SECT23B notype ()    External    | ?deallocate@?$_Wrap_alloc@V?$allocator@U?$_List_node@V?$vector@EV?$allocator@E@std@@@std@@PAX@std@@@std@@@std@@QAEXPAU?$_List_node@V?$vector@EV?$allocator@E@std@@@std@@PAX@2@I@Z (public: void __thiscall std::_Wrap_alloc<class std::allocator<struct std::_List_node<class std::vector<unsigned char,class std::allocator<unsigned char> >,void *> > >::deallocate(struct std::_List_node<class std::vector<unsigned char,class std::allocator<unsigned char> >,void *> *,unsigned int))
724 00000000 SECTB8 notype ()    External     | ??0?$_List_val@U?$_List_simple_types@V?$vector@EV?$allocator@E@std@@@std@@@std@@@std@@QAE@XZ (public: __thiscall std::_List_val<struct std::_List_simple_types<class std::vector<unsigned char,class std::allocator<unsigned char> > > >::_List_val<struct std::_List_simple_types<class std::vector<unsigned char,class std::allocator<unsigned char> > > >(void))
725 00000000 SECT1DA notype ()    External    | ?_Nextnode@?$_List_val@U?$_List_simple_types@V?$vector@EV?$allocator@E@std@@@std@@@std@@@std@@SAAAPAU?$_List_node@V?$vector@EV?$allocator@E@std@@@std@@PAX@2@PAU32@@Z (public: static struct std::_List_node<class std::vector<unsigned char,class std::allocator<unsigned char> >,void *> * & __cdecl std::_List_val<struct std::_List_simple_types<class std::vector<unsigned char,class std::allocator<unsigned char> > > >::_Nextnode(struct std::_List_node<class std::vector<unsigned char,class std::allocator<unsigned char> >,void *> *))
726 00000000 SECT1EC notype ()    External    | ?_Prevnode@?$_List_val@U?$_List_simple_types@V?$vector@EV?$allocator@E@std@@@std@@@std@@@std@@SAAAPAU?$_List_node@V?$vector@EV?$allocator@E@std@@@std@@PAX@2@PAU32@@Z (public: static struct std::_List_node<class std::vector<unsigned char,class std::allocator<unsigned char> >,void *> * & __cdecl std::_List_val<struct std::_List_simple_types<class std::vector<unsigned char,class std::allocator<unsigned char> > > >::_Prevnode(struct std::_List_node<class std::vector<unsigned char,class std::allocator<unsigned char> >,void *> *))
727 00000000 SECT1D7 notype ()    External    | ?_Myval@?$_List_val@U?$_List_simple_types@V?$vector@EV?$allocator@E@std@@@std@@@std@@@std@@SAAAV?$vector@EV?$allocator@E@std@@@2@PAU?$_List_node@V?$vector@EV?$allocator@E@std@@@std@@PAX@2@@Z (public: static class std::vector<unsigned char,class std::allocator<unsigned char> > & __cdecl std::_List_val<struct std::_List_simple_types<class std::vector<unsigned char,class std::allocator<unsigned char> > > >::_Myval(struct std::_List_node<class std::vector<unsigned char,class std::allocator<unsigned char> >,void *> *))
728 00000000 SECT11F notype ()    External    | ??1?$_List_val@U?$_List_simple_types@V?$vector@EV?$allocator@E@std@@@std@@@std@@@std@@QAE@XZ (public: __thiscall std::_List_val<struct std::_List_simple_types<class std::vector<unsigned char,class std::allocator<unsigned char> > > >::~_List_val<struct std::_List_simple_types<class std::vector<unsigned char,class std::allocator<unsigned char> > > >(void))
729 00000000 SECTB5 notype ()    External     | ??0?$_List_alloc@$0A@U?$_List_base_types@V?$vector@EV?$allocator@E@std@@@std@@V?$allocator@V?$vector@EV?$allocator@E@std@@@std@@@2@@std@@@std@@QAE@ABV?$allocator@V?$vector@EV?$allocator@E@std@@@std@@@1@@Z (public: __thiscall std::_List_alloc<0,struct std::_List_base_types<class std::vector<unsigned char,class std::allocator<unsigned char> >,class std::allocator<class std::vector<unsigned char,class std::allocator<unsigned char> > > > >::_List_alloc<0,struct std::_List_base_types<class std::vector<unsigned char,class std::allocator<unsigned char> >,class std::allocator<class std::vector<unsigned char,class std::allocator<unsigned char> > > > >(class std::allocator<class std::vector<unsigned char,class std::allocator<unsigned char> > > const &))
72A 00000000 SECT11D notype ()    External    | ??1?$_List_alloc@$0A@U?$_List_base_types@V?$vector@EV?$allocator@E@std@@@std@@V?$allocator@V?$vector@EV?$allocator@E@std@@@std@@@2@@std@@@std@@QAE@XZ (public: __thiscall std::_List_alloc<0,struct std::_List_base_types<class std::vector<unsigned char,class std::allocator<unsigned char> >,class std::allocator<class std::vector<unsigned char,class std::allocator<unsigned char> > > > >::~_List_alloc<0,struct std::_List_base_types<class std::vector<unsigned char,class std::allocator<unsigned char> >,class std::allocator<class std::vector<unsigned char,class std::allocator<unsigned char> > > > >(void))
72B 00000000 SECT194 notype ()    External    | ?_Alloc_proxy@?$_List_alloc@$0A@U?$_List_base_types@V?$vector@EV?$allocator@E@std@@@std@@V?$allocator@V?$vector@EV?$allocator@E@std@@@std@@@2@@std@@@std@@QAEXXZ (public: void __thiscall std::_List_alloc<0,struct std::_List_base_types<class std::vector<unsigned char,class std::allocator<unsigned char> >,class std::allocator<class std::vector<unsigned char,class std::allocator<unsigned char> > > > >::_Alloc_proxy(void))
72C 00000000 SECT1AB notype ()    External    | ?_Free_proxy@?$_List_alloc@$0A@U?$_List_base_types@V?$vector@EV?$allocator@E@std@@@std@@V?$allocator@V?$vector@EV?$allocator@E@std@@@std@@@2@@std@@@std@@QAEXXZ (public: void __thiscall std::_List_alloc<0,struct std::_List_base_types<class std::vector<unsigned char,class std::allocator<unsigned char> >,class std::allocator<class std::vector<unsigned char,class std::allocator<unsigned char> > > > >::_Free_proxy(void))
72D 00000000 SECT19B notype ()    External    | ?_Buyheadnode@?$_List_alloc@$0A@U?$_List_base_types@V?$vector@EV?$allocator@E@std@@@std@@V?$allocator@V?$vector@EV?$allocator@E@std@@@std@@@2@@std@@@std@@QAEPAU?$_List_node@V?$vector@EV?$allocator@E@std@@@std@@PAX@2@XZ (public: struct std::_List_node<class std::vector<unsigned char,class std::allocator<unsigned char> >,void *> * __thiscall std::_List_alloc<0,struct std::_List_base_types<class std::vector<unsigned char,class std::allocator<unsigned char> >,class std::allocator<class std::vector<unsigned char,class std::allocator<unsigned char> > > > >::_Buyheadnode(void))
72E 00000000 SECT1B2 notype ()    External    | ?_Freeheadnode@?$_List_alloc@$0A@U?$_List_base_types@V?$vector@EV?$allocator@E@std@@@std@@V?$allocator@V?$vector@EV?$allocator@E@std@@@std@@@2@@std@@@std@@QAEXPAU?$_List_node@V?$vector@EV?$allocator@E@std@@@std@@PAX@2@@Z (public: void __thiscall std::_List_alloc<0,struct std::_List_base_types<class std::vector<unsigned char,class std::allocator<unsigned char> >,class std::allocator<class std::vector<unsigned char,class std::allocator<unsigned char> > > > >::_Freeheadnode(struct std::_List_node<class std::vector<unsigned char,class std::allocator<unsigned char> >,void *> *))
72F 00000000 SECT19C notype ()    External    | ?_Buynode0@?$_List_alloc@$0A@U?$_List_base_types@V?$vector@EV?$allocator@E@std@@@std@@V?$allocator@V?$vector@EV?$allocator@E@std@@@std@@@2@@std@@@std@@QAEPAU?$_List_node@V?$vector@EV?$allocator@E@std@@@std@@PAX@2@PAU32@0@Z (public: struct std::_List_node<class std::vector<unsigned char,class std::allocator<unsigned char> >,void *> * __thiscall std::_List_alloc<0,struct std::_List_base_types<class std::vector<unsigned char,class std::allocator<unsigned char> >,class std::allocator<class std::vector<unsigned char,class std::allocator<unsigned char> > > > >::_Buynode0(struct std::_List_node<class std::vector<unsigned char,class std::allocator<unsigned char> >,void *> *,struct std::_List_node<class std::vector<unsigned char,class std::allocator<unsigned char> >,void *> *))
730 00000000 SECT1B6 notype ()    External    | ?_Getal@?$_List_alloc@$0A@U?$_List_base_types@V?$vector@EV?$allocator@E@std@@@std@@V?$allocator@V?$vector@EV?$allocator@E@std@@@std@@@2@@std@@@std@@QBE?AU?$_Wrap_alloc@V?$allocator@U?$_List_node@V?$vector@EV?$allocator@E@std@@@std@@PAX@std@@@std@@@2@XZ (public: struct std::_Wrap_alloc<class std::allocator<struct std::_List_node<class std::vector<unsigned char,class std::allocator<unsigned char> >,void *> > > __thiscall std::_List_alloc<0,struct std::_List_base_types<class std::vector<unsigned char,class std::allocator<unsigned char> >,class std::allocator<class std::vector<unsigned char,class std::allocator<unsigned char> > > > >::_Getal(void)const )
731 00000000 SECTB7 notype ()    External     | ??0?$_List_buy@V?$vector@EV?$allocator@E@std@@@std@@V?$allocator@V?$vector@EV?$allocator@E@std@@@std@@@2@@std@@QAE@ABV?$allocator@V?$vector@EV?$allocator@E@std@@@std@@@1@@Z (public: __thiscall std::_List_buy<class std::vector<unsigned char,class std::allocator<unsigned char> >,class std::allocator<class std::vector<unsigned char,class std::allocator<unsigned char> > > >::_List_buy<class std::vector<unsigned char,class std::allocator<unsigned char> >,class std::allocator<class std::vector<unsigned char,class std::allocator<unsigned char> > > >(class std::allocator<class std::vector<unsigned char,class std::allocator<unsigned char> > > const &))
732 00000000 SECT1B5 notype ()    External    | ?_Freenode@?$_List_buy@V?$vector@EV?$allocator@E@std@@@std@@V?$allocator@V?$vector@EV?$allocator@E@std@@@std@@@2@@std@@QAEXPAU?$_List_node@V?$vector@EV?$allocator@E@std@@@std@@PAX@2@@Z (public: void __thiscall std::_List_buy<class std::vector<unsigned char,class std::allocator<unsigned char> >,class std::allocator<class std::vector<unsigned char,class std::allocator<unsigned char> > > >::_Freenode(struct std::_List_node<class std::vector<unsigned char,class std::allocator<unsigned char> >,void *> *))
733 00000000 SECT11E notype ()    External    | ??1?$_List_buy@V?$vector@EV?$allocator@E@std@@@std@@V?$allocator@V?$vector@EV?$allocator@E@std@@@std@@@2@@std@@QAE@XZ (public: __thiscall std::_List_buy<class std::vector<unsigned char,class std::allocator<unsigned char> >,class std::allocator<class std::vector<unsigned char,class std::allocator<unsigned char> > > >::~_List_buy<class std::vector<unsigned char,class std::allocator<unsigned char> >,class std::allocator<class std::vector<unsigned char,class std::allocator<unsigned char> > > >(void))
734 00000000 SECTEE notype ()    External     | ??0?$list@V?$vector@EV?$allocator@E@std@@@std@@V?$allocator@V?$vector@EV?$allocator@E@std@@@std@@@2@@std@@QAE@XZ (public: __thiscall std::list<class std::vector<unsigned char,class std::allocator<unsigned char> >,class std::allocator<class std::vector<unsigned char,class std::allocator<unsigned char> > > >::list<class std::vector<unsigned char,class std::allocator<unsigned char> >,class std::allocator<class std::vector<unsigned char,class std::allocator<unsigned char> > > >(void))
735 00000000 SECT13C notype ()    External    | ??1?$list@V?$vector@EV?$allocator@E@std@@@std@@V?$allocator@V?$vector@EV?$allocator@E@std@@@std@@@2@@std@@QAE@XZ (public: __thiscall std::list<class std::vector<unsigned char,class std::allocator<unsigned char> >,class std::allocator<class std::vector<unsigned char,class std::allocator<unsigned char> > > >::~list<class std::vector<unsigned char,class std::allocator<unsigned char> >,class std::allocator<class std::vector<unsigned char,class std::allocator<unsigned char> > > >(void))
736 00000000 SECT232 notype ()    External    | ?clear@?$list@V?$vector@EV?$allocator@E@std@@@std@@V?$allocator@V?$vector@EV?$allocator@E@std@@@std@@@2@@std@@QAEXXZ (public: void __thiscall std::list<class std::vector<unsigned char,class std::allocator<unsigned char> >,class std::allocator<class std::vector<unsigned char,class std::allocator<unsigned char> > > >::clear(void))
737 00000000 SECT205 notype ()    External    | ?_Tidy@?$list@V?$vector@EV?$allocator@E@std@@@std@@V?$allocator@V?$vector@EV?$allocator@E@std@@@std@@@2@@std@@QAEXXZ (public: void __thiscall std::list<class std::vector<unsigned char,class std::allocator<unsigned char> >,class std::allocator<class std::vector<unsigned char,class std::allocator<unsigned char> > > >::_Tidy(void))
738 00000000 SECT1E1 notype ()    External    | ?_Orphan_ptr@?$list@V?$vector@EV?$allocator@E@std@@@std@@V?$allocator@V?$vector@EV?$allocator@E@std@@@std@@@2@@std@@QBEXAAV12@PAU?$_List_node@V?$vector@EV?$allocator@E@std@@@std@@PAX@2@@Z (public: void __thiscall std::list<class std::vector<unsigned char,class std::allocator<unsigned char> >,class std::allocator<class std::vector<unsigned char,class std::allocator<unsigned char> > > >::_Orphan_ptr(class std::list<class std::vector<unsigned char,class std::allocator<unsigned char> >,class std::allocator<class std::vector<unsigned char,class std::allocator<unsigned char> > > > &,struct std::_List_node<class std::vector<unsigned char,class std::allocator<unsigned char> >,void *> *)const )
739 00000000 SECT107 notype ()    External    | ??0SessionInputs@MilesStartup@@QAE@XZ (public: __thiscall MilesStartup::SessionInputs::SessionInputs(void))
73A 00000000 SECT29B notype ()    External    | ?retainedBytes@SessionInputs@MilesStartup@@QBEIXZ (public: unsigned int __thiscall MilesStartup::SessionInputs::retainedBytes(void)const )
73B 00000000 SECT14E notype ()    External    | ??1SessionInputs@MilesStartup@@QAE@XZ (public: __thiscall MilesStartup::SessionInputs::~SessionInputs(void))
73C 00000000 UNDEF  notype ()    External     | ??0Reply@MilesStartup@@QAE@XZ (public: __thiscall MilesStartup::Reply::Reply(void))
73D 00000000 SECT14A notype ()    External    | ??1Reply@MilesStartup@@QAE@XZ (public: __thiscall MilesStartup::Reply::~Reply(void))
73E 00000000 UNDEF  notype ()    External     | ?signedValue@MilesStartup@@YA_JI@Z (__int64 __cdecl MilesStartup::signedValue(unsigned int))
73F 00000000 UNDEF  notype ()    External     | ?validate@MilesStartup@@YA?AW4Status@1@IABUCall@MilesWire@@UBytes@MilesTransport@@@Z (enum MilesStartup::Status __cdecl MilesStartup::validate(unsigned int,struct MilesWire::Call const &,struct MilesTransport::Bytes))
740 00000000 UNDEF  notype ()    External     | ?dispatch@MilesStartup@@YA?AW4Status@1@IABUCall@MilesWire@@UBytes@MilesTransport@@AAUReply@1@AAUResolver@MilesHost@@AAVSessionInputs@1@@Z (enum MilesStartup::Status __cdecl MilesStartup::dispatch(unsigned int,struct MilesWire::Call const &,struct MilesTransport::Bytes,struct MilesStartup::Reply &,struct MilesHost::Resolver &,class MilesStartup::SessionInputs &))
741 00000000 SECT26F notype ()    External    | ?mapMetadata@StartupBridge@@YA?AW4Status@1@W42MilesStartup@@@Z (enum StartupBridge::Status __cdecl StartupBridge::mapMetadata(enum MilesStartup::Status))
742 00000000 SECT26D notype ()    External    | ?knownStatus@StartupBridge@@YA_NI@Z (bool __cdecl StartupBridge::knownStatus(unsigned int))
743 00000000 SECT284 notype ()    External    | ?metadata@StartupBridge@@YA_NI@Z (bool __cdecl StartupBridge::metadata(unsigned int))
744 00000000 SECTFF notype ()    External     | ??0OwnedReply@StartupBridge@@QAE@XZ (public: __thiscall StartupBridge::OwnedReply::OwnedReply(void))
745 00000000 SECT146 notype ()    External    | ??1OwnedReply@StartupBridge@@QAE@XZ (public: __thiscall StartupBridge::OwnedReply::~OwnedReply(void))
746 00000000 SECTFD notype ()    External     | ??0OwnedReply@StartupBridge@@QAE@ABU01@@Z (public: __thiscall StartupBridge::OwnedReply::OwnedReply(struct StartupBridge::OwnedReply const &))
747 00000000 SECT15C notype ()    External    | ??4OwnedReply@StartupBridge@@QAEAAU01@ABU01@@Z (public: struct StartupBridge::OwnedReply & __thiscall StartupBridge::OwnedReply::operator=(struct StartupBridge::OwnedReply const &))
748 00000000 SECT289 notype ()    External    | ?nullHandle@StartupBridge@@YA_NABUHandle@MilesWire@@@Z (bool __cdecl StartupBridge::nullHandle(struct MilesWire::Handle const &))
749 00000000 SECT249 notype ()    External    | ?decodeReply@StartupBridge@@YA_NUBytes@MilesTransport@@ABUHeader@MilesWire@@AAUOwnedReply@1@@Z (bool __cdecl StartupBridge::decodeReply(struct MilesTransport::Bytes,struct MilesWire::Header const &,struct StartupBridge::OwnedReply &))
74A 00000000 SECT69 notype ()    External     | ??$assign@PBE@?$vector@EV?$allocator@E@std@@@std@@QAEXPBE0@Z (public: void __thiscall std::vector<unsigned char,class std::allocator<unsigned char> >::assign<unsigned char const *>(unsigned char const *,unsigned char const *))
74B 00000000 UNDEF  notype       External     | __imp__AIL_startup@0
74C 00000000 UNDEF  notype       External     | __imp__AIL_shutdown@0
74D 00000000 UNDEF  notype       External     | __imp__AIL_open_digital_driver@16
74E 00000000 UNDEF  notype       External     | __imp__AIL_allocate_sample_handle@4
74F 00000000 UNDEF  notype       External     | __imp__AIL_release_sample_handle@4
750 00000000 UNDEF  notype       External     | __imp__AIL_open_stream@12
751 00000000 UNDEF  notype       External     | __imp__AIL_close_stream@4
752 00000000 UNDEF  notype       External     | __imp__AIL_stream_sample_handle@4
753 00000000 UNDEF  notype       External     | __imp__AIL_file_type@8
754 00000000 UNDEF  notype ()    External     | ??0BufferUpload@MilesHost@@QAE@II@Z (public: __thiscall MilesHost::BufferUpload::BufferUpload(unsigned int,unsigned int))
755 00000000 UNDEF  notype ()    External     | ?append@BufferUpload@MilesHost@@QAE_NIPBXI@Z (public: bool __thiscall MilesHost::BufferUpload::append(unsigned int,void const *,unsigned int))
756 00000000 UNDEF  notype ()    External     | ?seal@BufferUpload@MilesHost@@QAE_NXZ (public: bool __thiscall MilesHost::BufferUpload::seal(void))
757 00000000 UNDEF  notype ()    External     | ?copySealed@BufferUpload@MilesHost@@QBE_NAAV?$vector@EV?$allocator@E@std@@@std@@@Z (public: bool __thiscall MilesHost::BufferUpload::copySealed(class std::vector<unsigned char,class std::allocator<unsigned char> > &)const )
758 00000000 SECT2AA notype ()    External    | ?size@BufferUpload@MilesHost@@QBEIXZ (public: unsigned int __thiscall MilesHost::BufferUpload::size(void)const )
759 00000000 SECT2A0 notype ()    External    | ?sealed@BufferUpload@MilesHost@@QBE_NXZ (public: bool __thiscall MilesHost::BufferUpload::sealed(void)const )
75A 00000000 SECT144 notype ()    External    | ??1BufferUpload@MilesHost@@QAE@XZ (public: __thiscall MilesHost::BufferUpload::~BufferUpload(void))
75B 00000000 SECT17A notype ()    External    | ??_GBufferUpload@MilesHost@@QAEPAXI@Z (public: void * __thiscall MilesHost::BufferUpload::`scalar deleting destructor'(unsigned int))
75C 00000000 SECT2AF notype ()    External    | ?validBudget@MilesImage93@@YA_NI@Z (bool __cdecl MilesImage93::validBudget(unsigned int))
75D 00000000 SECT21E notype ()    External    | ?allows@MilesImage93@@YA_NII@Z (bool __cdecl MilesImage93::allows(unsigned int,unsigned int))
75E 00000000 SECT28B notype ()    External    | ?parseBudget@MilesImage93@@YA_NPBDAAI@Z (bool __cdecl MilesImage93::parseBudget(char const *,unsigned int &))
75F 00000000 SECTED notype ()    External     | ??0?$default_delete@VBufferUpload@MilesHost@@@std@@QAE@XZ (public: __thiscall std::default_delete<class MilesHost::BufferUpload>::default_delete<class MilesHost::BufferUpload>(void))
760 00000000 SECT177 notype ()    External    | ??R?$default_delete@VBufferUpload@MilesHost@@@std@@QBEXPAVBufferUpload@MilesHost@@@Z (public: void __thiscall std::default_delete<class MilesHost::BufferUpload>::operator()(class MilesHost::BufferUpload *)const )
761 00000000 SECTC8 notype ()    External     | ??0?$_Unique_ptr_base@VBufferUpload@MilesHost@@U?$default_delete@VBufferUpload@MilesHost@@@std@@$00@std@@QAE@PAVBufferUpload@MilesHost@@@Z (public: __thiscall std::_Unique_ptr_base<class MilesHost::BufferUpload,struct std::default_delete<class MilesHost::BufferUpload>,1>::_Unique_ptr_base<class MilesHost::BufferUpload,struct std::default_delete<class MilesHost::BufferUpload>,1>(class MilesHost::BufferUpload *))
762 00000000 SECT268 notype ()    External    | ?get_deleter@?$_Unique_ptr_base@VBufferUpload@MilesHost@@U?$default_delete@VBufferUpload@MilesHost@@@std@@$00@std@@QAEAAU?$default_delete@VBufferUpload@MilesHost@@@2@XZ (public: struct std::default_delete<class MilesHost::BufferUpload> & __thiscall std::_Unique_ptr_base<class MilesHost::BufferUpload,struct std::default_delete<class MilesHost::BufferUpload>,1>::get_deleter(void))
763 00000000 SECTEF notype ()    External     | ??0?$unique_ptr@VBufferUpload@MilesHost@@U?$default_delete@VBufferUpload@MilesHost@@@std@@@std@@QAE@XZ (public: __thiscall std::unique_ptr<class MilesHost::BufferUpload,struct std::default_delete<class MilesHost::BufferUpload> >::unique_ptr<class MilesHost::BufferUpload,struct std::default_delete<class MilesHost::BufferUpload> >(void))
764 00000000 SECT140 notype ()    External    | ??1?$unique_ptr@VBufferUpload@MilesHost@@U?$default_delete@VBufferUpload@MilesHost@@@std@@@std@@QAE@XZ (public: __thiscall std::unique_ptr<class MilesHost::BufferUpload,struct std::default_delete<class MilesHost::BufferUpload> >::~unique_ptr<class MilesHost::BufferUpload,struct std::default_delete<class MilesHost::BufferUpload> >(void))
765 00000000 SECT16E notype ()    External    | ??D?$unique_ptr@VBufferUpload@MilesHost@@U?$default_delete@VBufferUpload@MilesHost@@@std@@@std@@QBEAAVBufferUpload@MilesHost@@XZ (public: class MilesHost::BufferUpload & __thiscall std::unique_ptr<class MilesHost::BufferUpload,struct std::default_delete<class MilesHost::BufferUpload> >::operator*(void)const )
766 00000000 SECT16B notype ()    External    | ??C?$unique_ptr@VBufferUpload@MilesHost@@U?$default_delete@VBufferUpload@MilesHost@@@std@@@std@@QBEPAVBufferUpload@MilesHost@@XZ (public: class MilesHost::BufferUpload * __thiscall std::unique_ptr<class MilesHost::BufferUpload,struct std::default_delete<class MilesHost::BufferUpload> >::operator->(void)const )
767 00000000 SECT267 notype ()    External    | ?get@?$unique_ptr@VBufferUpload@MilesHost@@U?$default_delete@VBufferUpload@MilesHost@@@std@@@std@@QBEPAVBufferUpload@MilesHost@@XZ (public: class MilesHost::BufferUpload * __thiscall std::unique_ptr<class MilesHost::BufferUpload,struct std::default_delete<class MilesHost::BufferUpload> >::get(void)const )
768 00000000 SECT16A notype ()    External    | ??B?$unique_ptr@VBufferUpload@MilesHost@@U?$default_delete@VBufferUpload@MilesHost@@@std@@@std@@QBE_NXZ (public: __thiscall std::unique_ptr<class MilesHost::BufferUpload,struct std::default_delete<class MilesHost::BufferUpload> >::operator bool(void)const )
769 00000000 SECT295 notype ()    External    | ?reset@?$unique_ptr@VBufferUpload@MilesHost@@U?$default_delete@VBufferUpload@MilesHost@@@std@@@std@@QAEXPAVBufferUpload@MilesHost@@@Z (public: void __thiscall std::unique_ptr<class MilesHost::BufferUpload,struct std::default_delete<class MilesHost::BufferUpload> >::reset(class MilesHost::BufferUpload *))
76A 00000000 SECTF7 notype ()    External     | ??0Backend@@QAE@PBDI@Z (public: __thiscall Backend::Backend(char const *,unsigned int))
76B 00000000 SECT2AE notype ()    External    | ?uploadFailed@Backend@@QBE_NXZ (public: bool __thiscall Backend::uploadFailed(void)const )
76C 00000000 SECT28A notype ()    External    | ?observeUploadRefusal@Backend@@QAEXI@Z (public: void __thiscall Backend::observeUploadRefusal(unsigned int))
76D 00000000 SECT261 notype ()    External    | ?executeUpload@Backend@@QAE?AUOwnedReply@StartupBridge@@IABUCall@MilesWire@@ABV?$vector@EV?$allocator@E@std@@@std@@@Z (public: struct StartupBridge::OwnedReply __thiscall Backend::executeUpload(unsigned int,struct MilesWire::Call const &,class std::vector<unsigned char,class std::allocator<unsigned char> > const &))
76E 00000000 SECT25F notype ()    External    | ?execute@Backend@@QAE?AUOwnedReply@StartupBridge@@ABUHeader@MilesWire@@ABUCall@5@ABV?$vector@EV?$allocator@E@std@@@std@@@Z (public: struct StartupBridge::OwnedReply __thiscall Backend::execute(struct MilesWire::Header const &,struct MilesWire::Call const &,class std::vector<unsigned char,class std::allocator<unsigned char> > const &))
76F 00000000 SECT101 notype ()    External    | ??0PendingSample@Backend@@QAE@XZ (public: __thiscall Backend::PendingSample::PendingSample(void))
770 00000000 SECT147 notype ()    External    | ??1PendingSample@Backend@@QAE@XZ (public: __thiscall Backend::PendingSample::~PendingSample(void))
771 00000000 SECTFB notype ()    External     | ??0InstallRequest@MilesFileProtocol48@@QAE@XZ (public: __thiscall MilesFileProtocol48::InstallRequest::InstallRequest(void))
772 00000000 UNDEF  notype ()    External     | ?decodeInstall@MilesFileProtocol48@@YA_NUBytes@MilesTransport@@ABUHeader@MilesWire@@AAUInstallRequest@1@@Z (bool __cdecl MilesFileProtocol48::decodeInstall(struct MilesTransport::Bytes,struct MilesWire::Header const &,struct MilesFileProtocol48::InstallRequest &))
773 00000000 UNDEF  notype ()    External     | ??0Scope@MilesHostContext@@QAE@ABUOrigin@1@@Z (public: __thiscall MilesHostContext::Scope::Scope(struct MilesHostContext::Origin const &))
774 00000000 UNDEF  notype ()    External     | ??1Scope@MilesHostContext@@QAE@XZ (public: __thiscall MilesHostContext::Scope::~Scope(void))
775 00000000 SECT29A notype ()    External    | ?result@Scope@MilesHostContext@@QBE?AW4EnterResult@2@XZ (public: enum MilesHostContext::EnterResult __thiscall MilesHostContext::Scope::result(void)const )
776 00000000 UNDEF  notype ()    External     | ?fatal@MilesHostRuntime50@@YAXXZ (void __cdecl MilesHostRuntime50::fatal(void))
777 00000000 UNDEF  notype ()    External     | ??0Runtime@MilesHostRuntime50@@QAE@PAX_K11I@Z (public: __thiscall MilesHostRuntime50::Runtime::Runtime(void *,unsigned __int64,unsigned __int64,unsigned __int64,unsigned int))
778 00000000 UNDEF  notype ()    External     | ?installAdmitted@MilesHostRuntime50@@YA_NAAVRuntime@1@UBytes@MilesTransport@@ABUHeader@MilesWire@@ABUOrigin@MilesHostContext@@_N4PAEIAAI@Z (bool __cdecl MilesHostRuntime50::installAdmitted(class MilesHostRuntime50::Runtime &,struct MilesTransport::Bytes,struct MilesWire::Header const &,struct MilesHostContext::Origin const &,bool,bool,unsigned char *,unsigned int,unsigned int &))
779 00000000 SECT4  notype ()    External     | ?incarnation@?A0x9fe6e4aa@@YA_KABV?$basic_string@DU?$char_traits@D@std@@V?$allocator@D@2@@std@@@Z (unsigned __int64 __cdecl `anonymous namespace'::incarnation(class std::basic_string<char,struct std::char_traits<char>,class std::allocator<char> > const &))
77A 000000C0 SECT4  notype ()    External     | ?nullHandle59@?A0x9fe6e4aa@@YA_NABUHandle@MilesWire@@@Z (bool __cdecl `anonymous namespace'::nullHandle59(struct MilesWire::Handle const &))
77B 00000100 SECT4  notype ()    External     | ?nextCommand@?A0x9fe6e4aa@@YA?AV?$vector@EV?$allocator@E@std@@@std@@AAVEndpoint@MilesPipe@@@Z (class std::vector<unsigned char,class std::allocator<unsigned char> > __cdecl `anonymous namespace'::nextCommand(class MilesPipe::Endpoint &))
77C 000001F0 SECT4  notype ()    External     | ?host@?A0x9fe6e4aa@@YAXHPAPAD@Z (void __cdecl `anonymous namespace'::host(int,char * *))
77D 000010B0 SECT4  notype ()    External     | _main
77E 00000000 SECT66 notype ()    External     | ??$addressof@UEntry@ResourceRegistry@MilesTransport@@@std@@YAPAUEntry@ResourceRegistry@MilesTransport@@AAU123@@Z (struct MilesTransport::ResourceRegistry::Entry * __cdecl std::addressof<struct MilesTransport::ResourceRegistry::Entry>(struct MilesTransport::ResourceRegistry::Entry &))
77F 00000000 SECTA7 notype ()    External     | ??$forward@UEntry@ResourceRegistry@MilesTransport@@@std@@YA$$QAUEntry@ResourceRegistry@MilesTransport@@AAU123@@Z (struct MilesTransport::ResourceRegistry::Entry && __cdecl std::forward<struct MilesTransport::ResourceRegistry::Entry>(struct MilesTransport::ResourceRegistry::Entry &))
780 00000000 SECT72 notype ()    External     | ??$construct@UEntry@ResourceRegistry@MilesTransport@@U123@@?$_Wrap_alloc@V?$allocator@UEntry@ResourceRegistry@MilesTransport@@@std@@@std@@QAEXPAUEntry@ResourceRegistry@MilesTransport@@$$QAU234@@Z (public: void __thiscall std::_Wrap_alloc<class std::allocator<struct MilesTransport::ResourceRegistry::Entry> >::construct<struct MilesTransport::ResourceRegistry::Entry,struct MilesTransport::ResourceRegistry::Entry>(struct MilesTransport::ResourceRegistry::Entry *,struct MilesTransport::ResourceRegistry::Entry &&))
781 00000000 SECT58 notype ()    External     | ??$_Uninitialized_default_fill_n@PAEIU?$_Wrap_alloc@V?$allocator@E@std@@@std@@@std@@YAXPAEIAAU?$_Wrap_alloc@V?$allocator@E@std@@@0@@Z (void __cdecl std::_Uninitialized_default_fill_n<unsigned char *,unsigned int,struct std::_Wrap_alloc<class std::allocator<unsigned char> > >(unsigned char *,unsigned int,struct std::_Wrap_alloc<class std::allocator<unsigned char> > &))
782 00000000 SECTB3 notype ()    External     | ??0?$_Iterator012@Urandom_access_iterator_tag@std@@EHPBEABEU_Iterator_base12@2@@std@@QAE@XZ (public: __thiscall std::_Iterator012<struct std::random_access_iterator_tag,unsigned char,int,unsigned char const *,unsigned char const &,struct std::_Iterator_base12>::_Iterator012<struct std::random_access_iterator_tag,unsigned char,int,unsigned char const *,unsigned char const &,struct std::_Iterator_base12>(void))
783 00000000 SECT11B notype ()    External    | ??1?$_Iterator012@Urandom_access_iterator_tag@std@@EHPBEABEU_Iterator_base12@2@@std@@QAE@XZ (public: __thiscall std::_Iterator012<struct std::random_access_iterator_tag,unsigned char,int,unsigned char const *,unsigned char const &,struct std::_Iterator_base12>::~_Iterator012<struct std::random_access_iterator_tag,unsigned char,int,unsigned char const *,unsigned char const &,struct std::_Iterator_base12>(void))
784 00000000 SECTB2 notype ()    External     | ??0?$_Iterator012@Urandom_access_iterator_tag@std@@EHPBEABEU_Iterator_base12@2@@std@@QAE@ABU01@@Z (public: __thiscall std::_Iterator012<struct std::random_access_iterator_tag,unsigned char,int,unsigned char const *,unsigned char const &,struct std::_Iterator_base12>::_Iterator012<struct std::random_access_iterator_tag,unsigned char,int,unsigned char const *,unsigned char const &,struct std::_Iterator_base12>(struct std::_Iterator012<struct std::random_access_iterator_tag,unsigned char,int,unsigned char const *,unsigned char const &,struct std::_Iterator_base12> const &))
785 00000000 SECTD0 notype ()    External     | ??0?$_Vector_const_iterator@V?$_Vector_val@U?$_Simple_types@E@std@@@std@@@std@@QAE@PAEPBU_Container_base12@1@@Z (public: __thiscall std::_Vector_const_iterator<class std::_Vector_val<struct std::_Simple_types<unsigned char> > >::_Vector_const_iterator<class std::_Vector_val<struct std::_Simple_types<unsigned char> > >(unsigned char *,struct std::_Container_base12 const *))
786 00000000 SECT209 notype ()    External    | ?_Unchecked@?$_Vector_const_iterator@V?$_Vector_val@U?$_Simple_types@E@std@@@std@@@std@@QBEPBEXZ (public: unsigned char const * __thiscall std::_Vector_const_iterator<class std::_Vector_val<struct std::_Simple_types<unsigned char> > >::_Unchecked(void)const )
787 00000000 SECT135 notype ()    External    | ??1?$_Vector_const_iterator@V?$_Vector_val@U?$_Simple_types@E@std@@@std@@@std@@QAE@XZ (public: __thiscall std::_Vector_const_iterator<class std::_Vector_val<struct std::_Simple_types<unsigned char> > >::~_Vector_const_iterator<class std::_Vector_val<struct std::_Simple_types<unsigned char> > >(void))
788 00000000 SECTCF notype ()    External     | ??0?$_Vector_const_iterator@V?$_Vector_val@U?$_Simple_types@E@std@@@std@@@std@@QAE@ABV01@@Z (public: __thiscall std::_Vector_const_iterator<class std::_Vector_val<struct std::_Simple_types<unsigned char> > >::_Vector_const_iterator<class std::_Vector_val<struct std::_Simple_types<unsigned char> > >(class std::_Vector_const_iterator<class std::_Vector_val<struct std::_Simple_types<unsigned char> > > const &))
789 00000000 SECT3C notype ()    External     | ??$_Ucopy@V?$_Vector_const_iterator@V?$_Vector_val@U?$_Simple_types@E@std@@@std@@@std@@@?$vector@EV?$allocator@E@std@@@std@@IAEPAEV?$_Vector_const_iterator@V?$_Vector_val@U?$_Simple_types@E@std@@@std@@@1@0PAE@Z (protected: unsigned char * __thiscall std::vector<unsigned char,class std::allocator<unsigned char> >::_Ucopy<class std::_Vector_const_iterator<class std::_Vector_val<struct std::_Simple_types<unsigned char> > > >(class std::_Vector_const_iterator<class std::_Vector_val<struct std::_Simple_types<unsigned char> > >,class std::_Vector_const_iterator<class std::_Vector_val<struct std::_Simple_types<unsigned char> > >,unsigned char *))
78A 00000000 SECTAA notype ()    External     | ??$forward@V?$vector@EV?$allocator@E@std@@@std@@@std@@YA$$QAV?$vector@EV?$allocator@E@std@@@0@AAV10@@Z (class std::vector<unsigned char,class std::allocator<unsigned char> > && __cdecl std::forward<class std::vector<unsigned char,class std::allocator<unsigned char> > >(class std::vector<unsigned char,class std::allocator<unsigned char> > &))
78B 00000000 SECTC  notype ()    External     | ??$?9V?$allocator@E@std@@V01@@std@@YA_NABU?$_Wrap_alloc@V?$allocator@E@std@@@0@0@Z (bool __cdecl std::operator!=<class std::allocator<unsigned char>,class std::allocator<unsigned char> >(struct std::_Wrap_alloc<class std::allocator<unsigned char> > const &,struct std::_Wrap_alloc<class std::allocator<unsigned char> > const &))
78C 00000000 SECT14 notype ()    External     | ??$_Copy_impl@PAEPAE@std@@YAPAEPAE00@Z (unsigned char * __cdecl std::_Copy_impl<unsigned char *,unsigned char *>(unsigned char *,unsigned char *,unsigned char *))
78D 00000000 SECT3A notype ()    External     | ??$_Ucopy@PAE@?$vector@EV?$allocator@E@std@@@std@@IAEPAEPAE00@Z (protected: unsigned char * __thiscall std::vector<unsigned char,class std::allocator<unsigned char> >::_Ucopy<unsigned char *>(unsigned char *,unsigned char *,unsigned char *))
78E 00000000 SECTB  notype ()    External     | ??$?8V?$allocator@E@std@@V01@@std@@YA_NABU?$_Wrap_alloc@V?$allocator@E@std@@@0@0@Z (bool __cdecl std::operator==<class std::allocator<unsigned char>,class std::allocator<unsigned char> >(struct std::_Wrap_alloc<class std::allocator<unsigned char> > const &,struct std::_Wrap_alloc<class std::allocator<unsigned char> > const &))
78F 00000000 SECTA  notype ()    External     | ??$?8EE@std@@YA_NABV?$allocator@E@0@0@Z (bool __cdecl std::operator==<unsigned char,unsigned char>(class std::allocator<unsigned char> const &,class std::allocator<unsigned char> const &))
790 00000000 SECT38 notype ()    External     | ??$_Swap_adl@PAE@std@@YAXAAPAE0@Z (void __cdecl std::_Swap_adl<unsigned char *>(unsigned char * &,unsigned char * &))
791 00000000 SECTB4 notype ()    External     | ??0?$_Iterator012@Urandom_access_iterator_tag@std@@UHandle@MilesWire@@HPBU34@ABU34@U_Iterator_base12@2@@std@@QAE@XZ (public: __thiscall std::_Iterator012<struct std::random_access_iterator_tag,struct MilesWire::Handle,int,struct MilesWire::Handle const *,struct MilesWire::Handle const &,struct std::_Iterator_base12>::_Iterator012<struct std::random_access_iterator_tag,struct MilesWire::Handle,int,struct MilesWire::Handle const *,struct MilesWire::Handle const &,struct std::_Iterator_base12>(void))
792 00000000 SECT11C notype ()    External    | ??1?$_Iterator012@Urandom_access_iterator_tag@std@@UHandle@MilesWire@@HPBU34@ABU34@U_Iterator_base12@2@@std@@QAE@XZ (public: __thiscall std::_Iterator012<struct std::random_access_iterator_tag,struct MilesWire::Handle,int,struct MilesWire::Handle const *,struct MilesWire::Handle const &,struct std::_Iterator_base12>::~_Iterator012<struct std::random_access_iterator_tag,struct MilesWire::Handle,int,struct MilesWire::Handle const *,struct MilesWire::Handle const &,struct std::_Iterator_base12>(void))
793 00000000 SECTD2 notype ()    External     | ??0?$_Vector_const_iterator@V?$_Vector_val@U?$_Simple_types@UHandle@MilesWire@@@std@@@std@@@std@@QAE@PAUHandle@MilesWire@@PBU_Container_base12@1@@Z (public: __thiscall std::_Vector_const_iterator<class std::_Vector_val<struct std::_Simple_types<struct MilesWire::Handle> > >::_Vector_const_iterator<class std::_Vector_val<struct std::_Simple_types<struct MilesWire::Handle> > >(struct MilesWire::Handle *,struct std::_Container_base12 const *))
794 00000000 SECT16C notype ()    External    | ??D?$_Vector_const_iterator@V?$_Vector_val@U?$_Simple_types@UHandle@MilesWire@@@std@@@std@@@std@@QBEABUHandle@MilesWire@@XZ (public: struct MilesWire::Handle const & __thiscall std::_Vector_const_iterator<class std::_Vector_val<struct std::_Simple_types<struct MilesWire::Handle> > >::operator*(void)const )
795 00000000 SECT136 notype ()    External    | ??1?$_Vector_const_iterator@V?$_Vector_val@U?$_Simple_types@UHandle@MilesWire@@@std@@@std@@@std@@QAE@XZ (public: __thiscall std::_Vector_const_iterator<class std::_Vector_val<struct std::_Simple_types<struct MilesWire::Handle> > >::~_Vector_const_iterator<class std::_Vector_val<struct std::_Simple_types<struct MilesWire::Handle> > >(void))
796 00000000 SECTD4 notype ()    External     | ??0?$_Vector_iterator@V?$_Vector_val@U?$_Simple_types@UHandle@MilesWire@@@std@@@std@@@std@@QAE@PAUHandle@MilesWire@@PBU_Container_base12@1@@Z (public: __thiscall std::_Vector_iterator<class std::_Vector_val<struct std::_Simple_types<struct MilesWire::Handle> > >::_Vector_iterator<class std::_Vector_val<struct std::_Simple_types<struct MilesWire::Handle> > >(struct MilesWire::Handle *,struct std::_Container_base12 const *))
797 00000000 SECT16D notype ()    External    | ??D?$_Vector_iterator@V?$_Vector_val@U?$_Simple_types@UHandle@MilesWire@@@std@@@std@@@std@@QBEAAUHandle@MilesWire@@XZ (public: struct MilesWire::Handle & __thiscall std::_Vector_iterator<class std::_Vector_val<struct std::_Simple_types<struct MilesWire::Handle> > >::operator*(void)const )
798 00000000 SECT137 notype ()    External    | ??1?$_Vector_iterator@V?$_Vector_val@U?$_Simple_types@UHandle@MilesWire@@@std@@@std@@@std@@QAE@XZ (public: __thiscall std::_Vector_iterator<class std::_Vector_val<struct std::_Simple_types<struct MilesWire::Handle> > >::~_Vector_iterator<class std::_Vector_val<struct std::_Simple_types<struct MilesWire::Handle> > >(void))
799 00000000 SECT5F notype ()    External     | ??$addressof@$$CBUHandle@MilesWire@@@std@@YAPBUHandle@MilesWire@@ABU12@@Z (struct MilesWire::Handle const * __cdecl std::addressof<struct MilesWire::Handle const >(struct MilesWire::Handle const &))
79A 00000000 SECT76 notype ()    External     | ??$construct@UHandle@MilesWire@@AAU12@@?$_Wrap_alloc@V?$allocator@UHandle@MilesWire@@@std@@@std@@QAEXPAUHandle@MilesWire@@AAU23@@Z (public: void __thiscall std::_Wrap_alloc<class std::allocator<struct MilesWire::Handle> >::construct<struct MilesWire::Handle,struct MilesWire::Handle &>(struct MilesWire::Handle *,struct MilesWire::Handle &))
79B 00000000 SECT7A notype ()    External     | ??$construct@UHandle@MilesWire@@ABU12@@?$_Wrap_alloc@V?$allocator@UHandle@MilesWire@@@std@@@std@@QAEXPAUHandle@MilesWire@@ABU23@@Z (public: void __thiscall std::_Wrap_alloc<class std::allocator<struct MilesWire::Handle> >::construct<struct MilesWire::Handle,struct MilesWire::Handle const &>(struct MilesWire::Handle *,struct MilesWire::Handle const &))
79C 00000000 SECT28D notype ()    External    | ?pointer_to@?$pointer_traits@PAVBufferUpload@MilesHost@@@std@@SAPAVBufferUpload@MilesHost@@AAV34@@Z (public: static class MilesHost::BufferUpload * __cdecl std::pointer_traits<class MilesHost::BufferUpload *>::pointer_to(class MilesHost::BufferUpload &))
79D 00000000 SECT6A notype ()    External     | ??$construct@PADAAPAD@?$_Wrap_alloc@V?$allocator@D@std@@@std@@QAEXPAPADAAPAD@Z (public: void __thiscall std::_Wrap_alloc<class std::allocator<char> >::construct<char *,char * &>(char * *,char * &))
79E 00000000 SECT84 notype ()    External     | ??$destroy@PAD@?$_Wrap_alloc@V?$allocator@D@std@@@std@@QAEXPAPAD@Z (public: void __thiscall std::_Wrap_alloc<class std::allocator<char> >::destroy<char *>(char * *))
79F 00000000 SECT60 notype ()    External     | ??$addressof@D@std@@YAPADAAD@Z (char * __cdecl std::addressof<char>(char &))
7A0 00000000 SECT23 notype ()    External     | ??$_Destroy_range@U?$_Wrap_alloc@V?$allocator@E@std@@@std@@@std@@YAXPAE0AAU?$_Wrap_alloc@V?$allocator@E@std@@@0@@Z (void __cdecl std::_Destroy_range<struct std::_Wrap_alloc<class std::allocator<unsigned char> > >(unsigned char *,unsigned char *,struct std::_Wrap_alloc<class std::allocator<unsigned char> > &))
7A1 00000000 SECT39 notype ()    External     | ??$_Swap_adl@PAU_Container_proxy@std@@@std@@YAXAAPAU_Container_proxy@0@0@Z (void __cdecl std::_Swap_adl<struct std::_Container_proxy *>(struct std::_Container_proxy * &,struct std::_Container_proxy * &))
7A2 00000000 SECTAF notype ()    External     | ??0?$_Iterator012@Ubidirectional_iterator_tag@std@@U?$pair@$$CB_KUCallback@Coordinator@MilesCoordinator@@@2@HPBU32@ABU32@U_Iterator_base12@2@@std@@QAE@XZ (public: __thiscall std::_Iterator012<struct std::bidirectional_iterator_tag,struct std::pair<unsigned __int64 const ,struct MilesCoordinator::Coordinator::Callback>,int,struct std::pair<unsigned __int64 const ,struct MilesCoordinator::Coordinator::Callback> const *,struct std::pair<unsigned __int64 const ,struct MilesCoordinator::Coordinator::Callback> const &,struct std::_Iterator_base12>::_Iterator012<struct std::bidirectional_iterator_tag,struct std::pair<unsigned __int64 const ,struct MilesCoordinator::Coordinator::Callback>,int,struct std::pair<unsigned __int64 const ,struct MilesCoordinator::Coordinator::Callback> const *,struct std::pair<unsigned __int64 const ,struct MilesCoordinator::Coordinator::Callback> const &,struct std::_Iterator_base12>(void))
7A3 00000000 SECT119 notype ()    External    | ??1?$_Iterator012@Ubidirectional_iterator_tag@std@@U?$pair@$$CB_KUCallback@Coordinator@MilesCoordinator@@@2@HPBU32@ABU32@U_Iterator_base12@2@@std@@QAE@XZ (public: __thiscall std::_Iterator012<struct std::bidirectional_iterator_tag,struct std::pair<unsigned __int64 const ,struct MilesCoordinator::Coordinator::Callback>,int,struct std::pair<unsigned __int64 const ,struct MilesCoordinator::Coordinator::Callback> const *,struct std::pair<unsigned __int64 const ,struct MilesCoordinator::Coordinator::Callback> const &,struct std::_Iterator_base12>::~_Iterator012<struct std::bidirectional_iterator_tag,struct std::pair<unsigned __int64 const ,struct MilesCoordinator::Coordinator::Callback>,int,struct std::pair<unsigned __int64 const ,struct MilesCoordinator::Coordinator::Callback> const *,struct std::pair<unsigned __int64 const ,struct MilesCoordinator::Coordinator::Callback> const &,struct std::_Iterator_base12>(void))
7A4 00000000 SECTAE notype ()    External     | ??0?$_Iterator012@Ubidirectional_iterator_tag@std@@U?$pair@$$CB_KUCallback@Coordinator@MilesCoordinator@@@2@HPBU32@ABU32@U_Iterator_base12@2@@std@@QAE@ABU01@@Z (public: __thiscall std::_Iterator012<struct std::bidirectional_iterator_tag,struct std::pair<unsigned __int64 const ,struct MilesCoordinator::Coordinator::Callback>,int,struct std::pair<unsigned __int64 const ,struct MilesCoordinator::Coordinator::Callback> const *,struct std::pair<unsigned __int64 const ,struct MilesCoordinator::Coordinator::Callback> const &,struct std::_Iterator_base12>::_Iterator012<struct std::bidirectional_iterator_tag,struct std::pair<unsigned __int64 const ,struct MilesCoordinator::Coordinator::Callback>,int,struct std::pair<unsigned __int64 const ,struct MilesCoordinator::Coordinator::Callback> const *,struct std::pair<unsigned __int64 const ,struct MilesCoordinator::Coordinator::Callback> const &,struct std::_Iterator_base12>(struct std::_Iterator012<struct std::bidirectional_iterator_tag,struct std::pair<unsigned __int64 const ,struct MilesCoordinator::Coordinator::Callback>,int,struct std::pair<unsigned __int64 const ,struct MilesCoordinator::Coordinator::Callback> const *,struct std::pair<unsigned __int64 const ,struct MilesCoordinator::Coordinator::Callback> const &,struct std::_Iterator_base12> const &))
7A5 00000000 SECTC3 notype ()    External     | ??0?$_Tree_unchecked_const_iterator@V?$_Tree_val@U?$_Tree_simple_types@U?$pair@$$CB_KUCallback@Coordinator@MilesCoordinator@@@std@@@std@@@std@@U_Iterator_base12@2@@std@@QAE@PAU?$_Tree_node@U?$pair@$$CB_KUCallback@Coordinator@MilesCoordinator@@@std@@PAX@1@PBV?$_Tree_val@U?$_Tree_simple_types@U?$pair@$$CB_KUCallback@Coordinator@MilesCoordinator@@@std@@@std@@@1@@Z (public: __thiscall std::_Tree_unchecked_const_iterator<class std::_Tree_val<struct std::_Tree_simple_types<struct std::pair<unsigned __int64 const ,struct MilesCoordinator::Coordinator::Callback> > >,struct std::_Iterator_base12>::_Tree_unchecked_const_iterator<class std::_Tree_val<struct std::_Tree_simple_types<struct std::pair<unsigned __int64 const ,struct MilesCoordinator::Coordinator::Callback> > >,struct std::_Iterator_base12>(struct std::_Tree_node<struct std::pair<unsigned __int64 const ,struct MilesCoordinator::Coordinator::Callback>,void *> *,class std::_Tree_val<struct std::_Tree_simple_types<struct std::pair<unsigned __int64 const ,struct MilesCoordinator::Coordinator::Callback> > > const *))
7A6 00000000 SECT175 notype ()    External    | ??E?$_Tree_unchecked_const_iterator@V?$_Tree_val@U?$_Tree_simple_types@U?$pair@$$CB_KUCallback@Coordinator@MilesCoordinator@@@std@@@std@@@std@@U_Iterator_base12@2@@std@@QAEAAV01@XZ (public: class std::_Tree_unchecked_const_iterator<class std::_Tree_val<struct std::_Tree_simple_types<struct std::pair<unsigned __int64 const ,struct MilesCoordinator::Coordinator::Callback> > >,struct std::_Iterator_base12> & __thiscall std::_Tree_unchecked_const_iterator<class std::_Tree_val<struct std::_Tree_simple_types<struct std::pair<unsigned __int64 const ,struct MilesCoordinator::Coordinator::Callback> > >,struct std::_Iterator_base12>::operator++(void))
7A7 00000000 SECT1D3 notype ()    External    | ?_Mynode@?$_Tree_unchecked_const_iterator@V?$_Tree_val@U?$_Tree_simple_types@U?$pair@$$CB_KUCallback@Coordinator@MilesCoordinator@@@std@@@std@@@std@@U_Iterator_base12@2@@std@@QBEPAU?$_Tree_node@U?$pair@$$CB_KUCallback@Coordinator@MilesCoordinator@@@std@@PAX@2@XZ (public: struct std::_Tree_node<struct std::pair<unsigned __int64 const ,struct MilesCoordinator::Coordinator::Callback>,void *> * __thiscall std::_Tree_unchecked_const_iterator<class std::_Tree_val<struct std::_Tree_simple_types<struct std::pair<unsigned __int64 const ,struct MilesCoordinator::Coordinator::Callback> > >,struct std::_Iterator_base12>::_Mynode(void)const )
7A8 00000000 SECT12E notype ()    External    | ??1?$_Tree_unchecked_const_iterator@V?$_Tree_val@U?$_Tree_simple_types@U?$pair@$$CB_KUCallback@Coordinator@MilesCoordinator@@@std@@@std@@@std@@U_Iterator_base12@2@@std@@QAE@XZ (public: __thiscall std::_Tree_unchecked_const_iterator<class std::_Tree_val<struct std::_Tree_simple_types<struct std::pair<unsigned __int64 const ,struct MilesCoordinator::Coordinator::Callback> > >,struct std::_Iterator_base12>::~_Tree_unchecked_const_iterator<class std::_Tree_val<struct std::_Tree_simple_types<struct std::pair<unsigned __int64 const ,struct MilesCoordinator::Coordinator::Callback> > >,struct std::_Iterator_base12>(void))
7A9 00000000 SECTC2 notype ()    External     | ??0?$_Tree_unchecked_const_iterator@V?$_Tree_val@U?$_Tree_simple_types@U?$pair@$$CB_KUCallback@Coordinator@MilesCoordinator@@@std@@@std@@@std@@U_Iterator_base12@2@@std@@QAE@ABV01@@Z (public: __thiscall std::_Tree_unchecked_const_iterator<class std::_Tree_val<struct std::_Tree_simple_types<struct std::pair<unsigned __int64 const ,struct MilesCoordinator::Coordinator::Callback> > >,struct std::_Iterator_base12>::_Tree_unchecked_const_iterator<class std::_Tree_val<struct std::_Tree_simple_types<struct std::pair<unsigned __int64 const ,struct MilesCoordinator::Coordinator::Callback> > >,struct std::_Iterator_base12>(class std::_Tree_unchecked_const_iterator<class std::_Tree_val<struct std::_Tree_simple_types<struct std::pair<unsigned __int64 const ,struct MilesCoordinator::Coordinator::Callback> > >,struct std::_Iterator_base12> const &))
7AA 00000000 SECTBD notype ()    External     | ??0?$_Tree_const_iterator@V?$_Tree_val@U?$_Tree_simple_types@U?$pair@$$CB_KUCallback@Coordinator@MilesCoordinator@@@std@@@std@@@std@@@std@@QAE@PAU?$_Tree_node@U?$pair@$$CB_KUCallback@Coordinator@MilesCoordinator@@@std@@PAX@1@PBV?$_Tree_val@U?$_Tree_simple_types@U?$pair@$$CB_KUCallback@Coordinator@MilesCoordinator@@@std@@@std@@@1@@Z (public: __thiscall std::_Tree_const_iterator<class std::_Tree_val<struct std::_Tree_simple_types<struct std::pair<unsigned __int64 const ,struct MilesCoordinator::Coordinator::Callback> > > >::_Tree_const_iterator<class std::_Tree_val<struct std::_Tree_simple_types<struct std::pair<unsigned __int64 const ,struct MilesCoordinator::Coordinator::Callback> > > >(struct std::_Tree_node<struct std::pair<unsigned __int64 const ,struct MilesCoordinator::Coordinator::Callback>,void *> *,class std::_Tree_val<struct std::_Tree_simple_types<struct std::pair<unsigned __int64 const ,struct MilesCoordinator::Coordinator::Callback> > > const *))
7AB 00000000 SECT171 notype ()    External    | ??E?$_Tree_const_iterator@V?$_Tree_val@U?$_Tree_simple_types@U?$pair@$$CB_KUCallback@Coordinator@MilesCoordinator@@@std@@@std@@@std@@@std@@QAEAAV01@XZ (public: class std::_Tree_const_iterator<class std::_Tree_val<struct std::_Tree_simple_types<struct std::pair<unsigned __int64 const ,struct MilesCoordinator::Coordinator::Callback> > > > & __thiscall std::_Tree_const_iterator<class std::_Tree_val<struct std::_Tree_simple_types<struct std::pair<unsigned __int64 const ,struct MilesCoordinator::Coordinator::Callback> > > >::operator++(void))
7AC 00000000 SECT16F notype ()    External    | ??E?$_Tree_const_iterator@V?$_Tree_val@U?$_Tree_simple_types@U?$pair@$$CB_KUCallback@Coordinator@MilesCoordinator@@@std@@@std@@@std@@@std@@QAE?AV01@H@Z (public: class std::_Tree_const_iterator<class std::_Tree_val<struct std::_Tree_simple_types<struct std::pair<unsigned __int64 const ,struct MilesCoordinator::Coordinator::Callback> > > > __thiscall std::_Tree_const_iterator<class std::_Tree_val<struct std::_Tree_simple_types<struct std::pair<unsigned __int64 const ,struct MilesCoordinator::Coordinator::Callback> > > >::operator++(int))
7AD 00000000 SECT15F notype ()    External    | ??8?$_Tree_const_iterator@V?$_Tree_val@U?$_Tree_simple_types@U?$pair@$$CB_KUCallback@Coordinator@MilesCoordinator@@@std@@@std@@@std@@@std@@QBE_NABV01@@Z (public: bool __thiscall std::_Tree_const_iterator<class std::_Tree_val<struct std::_Tree_simple_types<struct std::pair<unsigned __int64 const ,struct MilesCoordinator::Coordinator::Callback> > > >::operator==(class std::_Tree_const_iterator<class std::_Tree_val<struct std::_Tree_simple_types<struct std::pair<unsigned __int64 const ,struct MilesCoordinator::Coordinator::Callback> > > > const &)const )
7AE 00000000 SECT163 notype ()    External    | ??9?$_Tree_const_iterator@V?$_Tree_val@U?$_Tree_simple_types@U?$pair@$$CB_KUCallback@Coordinator@MilesCoordinator@@@std@@@std@@@std@@@std@@QBE_NABV01@@Z (public: bool __thiscall std::_Tree_const_iterator<class std::_Tree_val<struct std::_Tree_simple_types<struct std::pair<unsigned __int64 const ,struct MilesCoordinator::Coordinator::Callback> > > >::operator!=(class std::_Tree_const_iterator<class std::_Tree_val<struct std::_Tree_simple_types<struct std::pair<unsigned __int64 const ,struct MilesCoordinator::Coordinator::Callback> > > > const &)const )
7AF 00000000 SECT12A notype ()    External    | ??1?$_Tree_const_iterator@V?$_Tree_val@U?$_Tree_simple_types@U?$pair@$$CB_KUCallback@Coordinator@MilesCoordinator@@@std@@@std@@@std@@@std@@QAE@XZ (public: __thiscall std::_Tree_const_iterator<class std::_Tree_val<struct std::_Tree_simple_types<struct std::pair<unsigned __int64 const ,struct MilesCoordinator::Coordinator::Callback> > > >::~_Tree_const_iterator<class std::_Tree_val<struct std::_Tree_simple_types<struct std::pair<unsigned __int64 const ,struct MilesCoordinator::Coordinator::Callback> > > >(void))
7B0 00000000 SECTBC notype ()    External     | ??0?$_Tree_const_iterator@V?$_Tree_val@U?$_Tree_simple_types@U?$pair@$$CB_KUCallback@Coordinator@MilesCoordinator@@@std@@@std@@@std@@@std@@QAE@ABV01@@Z (public: __thiscall std::_Tree_const_iterator<class std::_Tree_val<struct std::_Tree_simple_types<struct std::pair<unsigned __int64 const ,struct MilesCoordinator::Coordinator::Callback> > > >::_Tree_const_iterator<class std::_Tree_val<struct std::_Tree_simple_types<struct std::pair<unsigned __int64 const ,struct MilesCoordinator::Coordinator::Callback> > > >(class std::_Tree_const_iterator<class std::_Tree_val<struct std::_Tree_simple_types<struct std::pair<unsigned __int64 const ,struct MilesCoordinator::Coordinator::Callback> > > > const &))
7B1 00000000 SECTC0 notype ()    External     | ??0?$_Tree_iterator@V?$_Tree_val@U?$_Tree_simple_types@U?$pair@$$CB_KUCallback@Coordinator@MilesCoordinator@@@std@@@std@@@std@@@std@@QAE@PAU?$_Tree_node@U?$pair@$$CB_KUCallback@Coordinator@MilesCoordinator@@@std@@PAX@1@PBV?$_Tree_val@U?$_Tree_simple_types@U?$pair@$$CB_KUCallback@Coordinator@MilesCoordinator@@@std@@@std@@@1@@Z (public: __thiscall std::_Tree_iterator<class std::_Tree_val<struct std::_Tree_simple_types<struct std::pair<unsigned __int64 const ,struct MilesCoordinator::Coordinator::Callback> > > >::_Tree_iterator<class std::_Tree_val<struct std::_Tree_simple_types<struct std::pair<unsigned __int64 const ,struct MilesCoordinator::Coordinator::Callback> > > >(struct std::_Tree_node<struct std::pair<unsigned __int64 const ,struct MilesCoordinator::Coordinator::Callback>,void *> *,class std::_Tree_val<struct std::_Tree_simple_types<struct std::pair<unsigned __int64 const ,struct MilesCoordinator::Coordinator::Callback> > > const *))
7B2 00000000 SECT12C notype ()    External    | ??1?$_Tree_iterator@V?$_Tree_val@U?$_Tree_simple_types@U?$pair@$$CB_KUCallback@Coordinator@MilesCoordinator@@@std@@@std@@@std@@@std@@QAE@XZ (public: __thiscall std::_Tree_iterator<class std::_Tree_val<struct std::_Tree_simple_types<struct std::pair<unsigned __int64 const ,struct MilesCoordinator::Coordinator::Callback> > > >::~_Tree_iterator<class std::_Tree_val<struct std::_Tree_simple_types<struct std::pair<unsigned __int64 const ,struct MilesCoordinator::Coordinator::Callback> > > >(void))
7B3 00000000 SECTB1 notype ()    External     | ??0?$_Iterator012@Ubidirectional_iterator_tag@std@@U?$pair@$$CB_KURegistration@Coordinator@MilesCoordinator@@@2@HPBU32@ABU32@U_Iterator_base12@2@@std@@QAE@XZ (public: __thiscall std::_Iterator012<struct std::bidirectional_iterator_tag,struct std::pair<unsigned __int64 const ,struct MilesCoordinator::Coordinator::Registration>,int,struct std::pair<unsigned __int64 const ,struct MilesCoordinator::Coordinator::Registration> const *,struct std::pair<unsigned __int64 const ,struct MilesCoordinator::Coordinator::Registration> const &,struct std::_Iterator_base12>::_Iterator012<struct std::bidirectional_iterator_tag,struct std::pair<unsigned __int64 const ,struct MilesCoordinator::Coordinator::Registration>,int,struct std::pair<unsigned __int64 const ,struct MilesCoordinator::Coordinator::Registration> const *,struct std::pair<unsigned __int64 const ,struct MilesCoordinator::Coordinator::Registration> const &,struct std::_Iterator_base12>(void))
7B4 00000000 SECT11A notype ()    External    | ??1?$_Iterator012@Ubidirectional_iterator_tag@std@@U?$pair@$$CB_KURegistration@Coordinator@MilesCoordinator@@@2@HPBU32@ABU32@U_Iterator_base12@2@@std@@QAE@XZ (public: __thiscall std::_Iterator012<struct std::bidirectional_iterator_tag,struct std::pair<unsigned __int64 const ,struct MilesCoordinator::Coordinator::Registration>,int,struct std::pair<unsigned __int64 const ,struct MilesCoordinator::Coordinator::Registration> const *,struct std::pair<unsigned __int64 const ,struct MilesCoordinator::Coordinator::Registration> const &,struct std::_Iterator_base12>::~_Iterator012<struct std::bidirectional_iterator_tag,struct std::pair<unsigned __int64 const ,struct MilesCoordinator::Coordinator::Registration>,int,struct std::pair<unsigned __int64 const ,struct MilesCoordinator::Coordinator::Registration> const *,struct std::pair<unsigned __int64 const ,struct MilesCoordinator::Coordinator::Registration> const &,struct std::_Iterator_base12>(void))
7B5 00000000 SECTB0 notype ()    External     | ??0?$_Iterator012@Ubidirectional_iterator_tag@std@@U?$pair@$$CB_KURegistration@Coordinator@MilesCoordinator@@@2@HPBU32@ABU32@U_Iterator_base12@2@@std@@QAE@ABU01@@Z (public: __thiscall std::_Iterator012<struct std::bidirectional_iterator_tag,struct std::pair<unsigned __int64 const ,struct MilesCoordinator::Coordinator::Registration>,int,struct std::pair<unsigned __int64 const ,struct MilesCoordinator::Coordinator::Registration> const *,struct std::pair<unsigned __int64 const ,struct MilesCoordinator::Coordinator::Registration> const &,struct std::_Iterator_base12>::_Iterator012<struct std::bidirectional_iterator_tag,struct std::pair<unsigned __int64 const ,struct MilesCoordinator::Coordinator::Registration>,int,struct std::pair<unsigned __int64 const ,struct MilesCoordinator::Coordinator::Registration> const *,struct std::pair<unsigned __int64 const ,struct MilesCoordinator::Coordinator::Registration> const &,struct std::_Iterator_base12>(struct std::_Iterator012<struct std::bidirectional_iterator_tag,struct std::pair<unsigned __int64 const ,struct MilesCoordinator::Coordinator::Registration>,int,struct std::pair<unsigned __int64 const ,struct MilesCoordinator::Coordinator::Registration> const *,struct std::pair<unsigned __int64 const ,struct MilesCoordinator::Coordinator::Registration> const &,struct std::_Iterator_base12> const &))
7B6 00000000 SECTC6 notype ()    External     | ??0?$_Tree_unchecked_const_iterator@V?$_Tree_val@U?$_Tree_simple_types@U?$pair@$$CB_KURegistration@Coordinator@MilesCoordinator@@@std@@@std@@@std@@U_Iterator_base12@2@@std@@QAE@PAU?$_Tree_node@U?$pair@$$CB_KURegistration@Coordinator@MilesCoordinator@@@std@@PAX@1@PBV?$_Tree_val@U?$_Tree_simple_types@U?$pair@$$CB_KURegistration@Coordinator@MilesCoordinator@@@std@@@std@@@1@@Z (public: __thiscall std::_Tree_unchecked_const_iterator<class std::_Tree_val<struct std::_Tree_simple_types<struct std::pair<unsigned __int64 const ,struct MilesCoordinator::Coordinator::Registration> > >,struct std::_Iterator_base12>::_Tree_unchecked_const_iterator<class std::_Tree_val<struct std::_Tree_simple_types<struct std::pair<unsigned __int64 const ,struct MilesCoordinator::Coordinator::Registration> > >,struct std::_Iterator_base12>(struct std::_Tree_node<struct std::pair<unsigned __int64 const ,struct MilesCoordinator::Coordinator::Registration>,void *> *,class std::_Tree_val<struct std::_Tree_simple_types<struct std::pair<unsigned __int64 const ,struct MilesCoordinator::Coordinator::Registration> > > const *))
7B7 00000000 SECT176 notype ()    External    | ??E?$_Tree_unchecked_const_iterator@V?$_Tree_val@U?$_Tree_simple_types@U?$pair@$$CB_KURegistration@Coordinator@MilesCoordinator@@@std@@@std@@@std@@U_Iterator_base12@2@@std@@QAEAAV01@XZ (public: class std::_Tree_unchecked_const_iterator<class std::_Tree_val<struct std::_Tree_simple_types<struct std::pair<unsigned __int64 const ,struct MilesCoordinator::Coordinator::Registration> > >,struct std::_Iterator_base12> & __thiscall std::_Tree_unchecked_const_iterator<class std::_Tree_val<struct std::_Tree_simple_types<struct std::pair<unsigned __int64 const ,struct MilesCoordinator::Coordinator::Registration> > >,struct std::_Iterator_base12>::operator++(void))
7B8 00000000 SECT1D4 notype ()    External    | ?_Mynode@?$_Tree_unchecked_const_iterator@V?$_Tree_val@U?$_Tree_simple_types@U?$pair@$$CB_KURegistration@Coordinator@MilesCoordinator@@@std@@@std@@@std@@U_Iterator_base12@2@@std@@QBEPAU?$_Tree_node@U?$pair@$$CB_KURegistration@Coordinator@MilesCoordinator@@@std@@PAX@2@XZ (public: struct std::_Tree_node<struct std::pair<unsigned __int64 const ,struct MilesCoordinator::Coordinator::Registration>,void *> * __thiscall std::_Tree_unchecked_const_iterator<class std::_Tree_val<struct std::_Tree_simple_types<struct std::pair<unsigned __int64 const ,struct MilesCoordinator::Coordinator::Registration> > >,struct std::_Iterator_base12>::_Mynode(void)const )
7B9 00000000 SECT12F notype ()    External    | ??1?$_Tree_unchecked_const_iterator@V?$_Tree_val@U?$_Tree_simple_types@U?$pair@$$CB_KURegistration@Coordinator@MilesCoordinator@@@std@@@std@@@std@@U_Iterator_base12@2@@std@@QAE@XZ (public: __thiscall std::_Tree_unchecked_const_iterator<class std::_Tree_val<struct std::_Tree_simple_types<struct std::pair<unsigned __int64 const ,struct MilesCoordinator::Coordinator::Registration> > >,struct std::_Iterator_base12>::~_Tree_unchecked_const_iterator<class std::_Tree_val<struct std::_Tree_simple_types<struct std::pair<unsigned __int64 const ,struct MilesCoordinator::Coordinator::Registration> > >,struct std::_Iterator_base12>(void))
7BA 00000000 SECTC5 notype ()    External     | ??0?$_Tree_unchecked_const_iterator@V?$_Tree_val@U?$_Tree_simple_types@U?$pair@$$CB_KURegistration@Coordinator@MilesCoordinator@@@std@@@std@@@std@@U_Iterator_base12@2@@std@@QAE@ABV01@@Z (public: __thiscall std::_Tree_unchecked_const_iterator<class std::_Tree_val<struct std::_Tree_simple_types<struct std::pair<unsigned __int64 const ,struct MilesCoordinator::Coordinator::Registration> > >,struct std::_Iterator_base12>::_Tree_unchecked_const_iterator<class std::_Tree_val<struct std::_Tree_simple_types<struct std::pair<unsigned __int64 const ,struct MilesCoordinator::Coordinator::Registration> > >,struct std::_Iterator_base12>(class std::_Tree_unchecked_const_iterator<class std::_Tree_val<struct std::_Tree_simple_types<struct std::pair<unsigned __int64 const ,struct MilesCoordinator::Coordinator::Registration> > >,struct std::_Iterator_base12> const &))
7BB 00000000 SECTBF notype ()    External     | ??0?$_Tree_const_iterator@V?$_Tree_val@U?$_Tree_simple_types@U?$pair@$$CB_KURegistration@Coordinator@MilesCoordinator@@@std@@@std@@@std@@@std@@QAE@PAU?$_Tree_node@U?$pair@$$CB_KURegistration@Coordinator@MilesCoordinator@@@std@@PAX@1@PBV?$_Tree_val@U?$_Tree_simple_types@U?$pair@$$CB_KURegistration@Coordinator@MilesCoordinator@@@std@@@std@@@1@@Z (public: __thiscall std::_Tree_const_iterator<class std::_Tree_val<struct std::_Tree_simple_types<struct std::pair<unsigned __int64 const ,struct MilesCoordinator::Coordinator::Registration> > > >::_Tree_const_iterator<class std::_Tree_val<struct std::_Tree_simple_types<struct std::pair<unsigned __int64 const ,struct MilesCoordinator::Coordinator::Registration> > > >(struct std::_Tree_node<struct std::pair<unsigned __int64 const ,struct MilesCoordinator::Coordinator::Registration>,void *> *,class std::_Tree_val<struct std::_Tree_simple_types<struct std::pair<unsigned __int64 const ,struct MilesCoordinator::Coordinator::Registration> > > const *))
7BC 00000000 SECT174 notype ()    External    | ??E?$_Tree_const_iterator@V?$_Tree_val@U?$_Tree_simple_types@U?$pair@$$CB_KURegistration@Coordinator@MilesCoordinator@@@std@@@std@@@std@@@std@@QAEAAV01@XZ (public: class std::_Tree_const_iterator<class std::_Tree_val<struct std::_Tree_simple_types<struct std::pair<unsigned __int64 const ,struct MilesCoordinator::Coordinator::Registration> > > > & __thiscall std::_Tree_const_iterator<class std::_Tree_val<struct std::_Tree_simple_types<struct std::pair<unsigned __int64 const ,struct MilesCoordinator::Coordinator::Registration> > > >::operator++(void))
7BD 00000000 SECT172 notype ()    External    | ??E?$_Tree_const_iterator@V?$_Tree_val@U?$_Tree_simple_types@U?$pair@$$CB_KURegistration@Coordinator@MilesCoordinator@@@std@@@std@@@std@@@std@@QAE?AV01@H@Z (public: class std::_Tree_const_iterator<class std::_Tree_val<struct std::_Tree_simple_types<struct std::pair<unsigned __int64 const ,struct MilesCoordinator::Coordinator::Registration> > > > __thiscall std::_Tree_const_iterator<class std::_Tree_val<struct std::_Tree_simple_types<struct std::pair<unsigned __int64 const ,struct MilesCoordinator::Coordinator::Registration> > > >::operator++(int))
7BE 00000000 SECT160 notype ()    External    | ??8?$_Tree_const_iterator@V?$_Tree_val@U?$_Tree_simple_types@U?$pair@$$CB_KURegistration@Coordinator@MilesCoordinator@@@std@@@std@@@std@@@std@@QBE_NABV01@@Z (public: bool __thiscall std::_Tree_const_iterator<class std::_Tree_val<struct std::_Tree_simple_types<struct std::pair<unsigned __int64 const ,struct MilesCoordinator::Coordinator::Registration> > > >::operator==(class std::_Tree_const_iterator<class std::_Tree_val<struct std::_Tree_simple_types<struct std::pair<unsigned __int64 const ,struct MilesCoordinator::Coordinator::Registration> > > > const &)const )
7BF 00000000 SECT164 notype ()    External    | ??9?$_Tree_const_iterator@V?$_Tree_val@U?$_Tree_simple_types@U?$pair@$$CB_KURegistration@Coordinator@MilesCoordinator@@@std@@@std@@@std@@@std@@QBE_NABV01@@Z (public: bool __thiscall std::_Tree_const_iterator<class std::_Tree_val<struct std::_Tree_simple_types<struct std::pair<unsigned __int64 const ,struct MilesCoordinator::Coordinator::Registration> > > >::operator!=(class std::_Tree_const_iterator<class std::_Tree_val<struct std::_Tree_simple_types<struct std::pair<unsigned __int64 const ,struct MilesCoordinator::Coordinator::Registration> > > > const &)const )
7C0 00000000 SECT12B notype ()    External    | ??1?$_Tree_const_iterator@V?$_Tree_val@U?$_Tree_simple_types@U?$pair@$$CB_KURegistration@Coordinator@MilesCoordinator@@@std@@@std@@@std@@@std@@QAE@XZ (public: __thiscall std::_Tree_const_iterator<class std::_Tree_val<struct std::_Tree_simple_types<struct std::pair<unsigned __int64 const ,struct MilesCoordinator::Coordinator::Registration> > > >::~_Tree_const_iterator<class std::_Tree_val<struct std::_Tree_simple_types<struct std::pair<unsigned __int64 const ,struct MilesCoordinator::Coordinator::Registration> > > >(void))
7C1 00000000 SECTBE notype ()    External     | ??0?$_Tree_const_iterator@V?$_Tree_val@U?$_Tree_simple_types@U?$pair@$$CB_KURegistration@Coordinator@MilesCoordinator@@@std@@@std@@@std@@@std@@QAE@ABV01@@Z (public: __thiscall std::_Tree_const_iterator<class std::_Tree_val<struct std::_Tree_simple_types<struct std::pair<unsigned __int64 const ,struct MilesCoordinator::Coordinator::Registration> > > >::_Tree_const_iterator<class std::_Tree_val<struct std::_Tree_simple_types<struct std::pair<unsigned __int64 const ,struct MilesCoordinator::Coordinator::Registration> > > >(class std::_Tree_const_iterator<class std::_Tree_val<struct std::_Tree_simple_types<struct std::pair<unsigned __int64 const ,struct MilesCoordinator::Coordinator::Registration> > > > const &))
7C2 00000000 SECTC1 notype ()    External     | ??0?$_Tree_iterator@V?$_Tree_val@U?$_Tree_simple_types@U?$pair@$$CB_KURegistration@Coordinator@MilesCoordinator@@@std@@@std@@@std@@@std@@QAE@PAU?$_Tree_node@U?$pair@$$CB_KURegistration@Coordinator@MilesCoordinator@@@std@@PAX@1@PBV?$_Tree_val@U?$_Tree_simple_types@U?$pair@$$CB_KURegistration@Coordinator@MilesCoordinator@@@std@@@std@@@1@@Z (public: __thiscall std::_Tree_iterator<class std::_Tree_val<struct std::_Tree_simple_types<struct std::pair<unsigned __int64 const ,struct MilesCoordinator::Coordinator::Registration> > > >::_Tree_iterator<class std::_Tree_val<struct std::_Tree_simple_types<struct std::pair<unsigned __int64 const ,struct MilesCoordinator::Coordinator::Registration> > > >(struct std::_Tree_node<struct std::pair<unsigned __int64 const ,struct MilesCoordinator::Coordinator::Registration>,void *> *,class std::_Tree_val<struct std::_Tree_simple_types<struct std::pair<unsigned __int64 const ,struct MilesCoordinator::Coordinator::Registration> > > const *))
7C3 00000000 SECT12D notype ()    External    | ??1?$_Tree_iterator@V?$_Tree_val@U?$_Tree_simple_types@U?$pair@$$CB_KURegistration@Coordinator@MilesCoordinator@@@std@@@std@@@std@@@std@@QAE@XZ (public: __thiscall std::_Tree_iterator<class std::_Tree_val<struct std::_Tree_simple_types<struct std::pair<unsigned __int64 const ,struct MilesCoordinator::Coordinator::Registration> > > >::~_Tree_iterator<class std::_Tree_val<struct std::_Tree_simple_types<struct std::pair<unsigned __int64 const ,struct MilesCoordinator::Coordinator::Registration> > > >(void))
7C4 00000000 SECT68 notype ()    External     | ??$addressof@VBufferUpload@MilesHost@@@std@@YAPAVBufferUpload@MilesHost@@AAV12@@Z (class MilesHost::BufferUpload * __cdecl std::addressof<class MilesHost::BufferUpload>(class MilesHost::BufferUpload &))
7C5 00000000 SECTE9 notype ()    External     | ??0?$allocator@U_Container_proxy@std@@@std@@QAE@XZ (public: __thiscall std::allocator<struct std::_Container_proxy>::allocator<struct std::_Container_proxy>(void))
7C6 00000000 SECT248 notype ()    External    | ?deallocate@?$allocator@U_Container_proxy@std@@@std@@QAEXPAU_Container_proxy@2@I@Z (public: void __thiscall std::allocator<struct std::_Container_proxy>::deallocate(struct std::_Container_proxy *,unsigned int))
7C7 00000000 SECT21D notype ()    External    | ?allocate@?$allocator@U_Container_proxy@std@@@std@@QAEPAU_Container_proxy@2@I@Z (public: struct std::_Container_proxy * __thiscall std::allocator<struct std::_Container_proxy>::allocate(unsigned int))
7C8 00000000 SECT81 notype ()    External     | ??$construct@U_Container_proxy@std@@U12@@?$allocator@U_Container_proxy@std@@@std@@QAEXPAU_Container_proxy@1@$$QAU21@@Z (public: void __thiscall std::allocator<struct std::_Container_proxy>::construct<struct std::_Container_proxy,struct std::_Container_proxy>(struct std::_Container_proxy *,struct std::_Container_proxy &&))
7C9 00000000 SECT9D notype ()    External     | ??$destroy@U_Container_proxy@std@@@?$allocator@U_Container_proxy@std@@@std@@QAEXPAU_Container_proxy@1@@Z (public: void __thiscall std::allocator<struct std::_Container_proxy>::destroy<struct std::_Container_proxy>(struct std::_Container_proxy *))
7CA 00000000 SECT25 notype ()    External     | ??$_Destroy_range@U?$_Wrap_alloc@V?$allocator@UEntry@ResourceRegistry@MilesTransport@@@std@@@std@@@std@@YAXPAUEntry@ResourceRegistry@MilesTransport@@0AAU?$_Wrap_alloc@V?$allocator@UEntry@ResourceRegistry@MilesTransport@@@std@@@0@@Z (void __cdecl std::_Destroy_range<struct std::_Wrap_alloc<class std::allocator<struct MilesTransport::ResourceRegistry::Entry> > >(struct MilesTransport::ResourceRegistry::Entry *,struct MilesTransport::ResourceRegistry::Entry *,struct std::_Wrap_alloc<class std::allocator<struct MilesTransport::ResourceRegistry::Entry> > &))
7CB 00000000 SECT3F notype ()    External     | ??$_Umove@PAUEntry@ResourceRegistry@MilesTransport@@@?$vector@UEntry@ResourceRegistry@MilesTransport@@V?$allocator@UEntry@ResourceRegistry@MilesTransport@@@std@@@std@@IAEPAUEntry@ResourceRegistry@MilesTransport@@PAU234@00@Z (protected: struct MilesTransport::ResourceRegistry::Entry * __thiscall std::vector<struct MilesTransport::ResourceRegistry::Entry,class std::allocator<struct MilesTransport::ResourceRegistry::Entry> >::_Umove<struct MilesTransport::ResourceRegistry::Entry *>(struct MilesTransport::ResourceRegistry::Entry *,struct MilesTransport::ResourceRegistry::Entry *,struct MilesTransport::ResourceRegistry::Entry *))
7CC 00000000 SECTE0 notype ()    External     | ??0?$_Wrap_alloc@V?$allocator@U_Container_proxy@std@@@std@@@std@@QAE@XZ (public: __thiscall std::_Wrap_alloc<class std::allocator<struct std::_Container_proxy> >::_Wrap_alloc<class std::allocator<struct std::_Container_proxy> >(void))
7CD 00000000 SECT217 notype ()    External    | ?allocate@?$_Wrap_alloc@V?$allocator@U_Container_proxy@std@@@std@@@std@@QAEPAU_Container_proxy@2@I@Z (public: struct std::_Container_proxy * __thiscall std::_Wrap_alloc<class std::allocator<struct std::_Container_proxy> >::allocate(unsigned int))
7CE 00000000 SECT240 notype ()    External    | ?deallocate@?$_Wrap_alloc@V?$allocator@U_Container_proxy@std@@@std@@@std@@QAEXPAU_Container_proxy@2@I@Z (public: void __thiscall std::_Wrap_alloc<class std::allocator<struct std::_Container_proxy> >::deallocate(struct std::_Container_proxy *,unsigned int))
7CF 00000000 SECT80 notype ()    External     | ??$construct@U_Container_proxy@std@@U12@@?$_Wrap_alloc@V?$allocator@U_Container_proxy@std@@@std@@@std@@QAEXPAU_Container_proxy@1@$$QAU21@@Z (public: void __thiscall std::_Wrap_alloc<class std::allocator<struct std::_Container_proxy> >::construct<struct std::_Container_proxy,struct std::_Container_proxy>(struct std::_Container_proxy *,struct std::_Container_proxy &&))
7D0 00000000 SECT9C notype ()    External     | ??$destroy@U_Container_proxy@std@@@?$_Wrap_alloc@V?$allocator@U_Container_proxy@std@@@std@@@std@@QAEXPAU_Container_proxy@1@@Z (public: void __thiscall std::_Wrap_alloc<class std::allocator<struct std::_Container_proxy> >::destroy<struct std::_Container_proxy>(struct std::_Container_proxy *))
7D1 00000000 SECT3E notype ()    External     | ??$_Umove@PAE@?$vector@EV?$allocator@E@std@@@std@@IAEPAEPAE00@Z (protected: unsigned char * __thiscall std::vector<unsigned char,class std::allocator<unsigned char> >::_Umove<unsigned char *>(unsigned char *,unsigned char *,unsigned char *))
7D2 00000000 SECT8  notype ()    External     | ??$?0U?$_Wrap_alloc@V?$allocator@U?$_Tree_node@U?$pair@$$CB_KUCallback@Coordinator@MilesCoordinator@@@std@@PAX@std@@@std@@@std@@@?$_Wrap_alloc@V?$allocator@U_Container_proxy@std@@@std@@@std@@QAE@ABU?$_Wrap_alloc@V?$allocator@U?$_Tree_node@U?$pair@$$CB_KUCallback@Coordinator@MilesCoordinator@@@std@@PAX@std@@@std@@@1@@Z (public: __thiscall std::_Wrap_alloc<class std::allocator<struct std::_Container_proxy> >::_Wrap_alloc<class std::allocator<struct std::_Container_proxy> ><struct std::_Wrap_alloc<class std::allocator<struct std::_Tree_node<struct std::pair<unsigned __int64 const ,struct MilesCoordinator::Coordinator::Callback>,void *> > > >(struct std::_Wrap_alloc<class std::allocator<struct std::_Tree_node<struct std::pair<unsigned __int64 const ,struct MilesCoordinator::Coordinator::Callback>,void *> > > const &))
7D3 00000000 SECT6  notype ()    External     | ??$?0U?$_Tree_node@U?$pair@$$CB_KUCallback@Coordinator@MilesCoordinator@@@std@@PAX@std@@@?$allocator@U_Container_proxy@std@@@std@@QAE@ABV?$allocator@U?$_Tree_node@U?$pair@$$CB_KUCallback@Coordinator@MilesCoordinator@@@std@@PAX@std@@@1@@Z (public: __thiscall std::allocator<struct std::_Container_proxy>::allocator<struct std::_Container_proxy><struct std::_Tree_node<struct std::pair<unsigned __int64 const ,struct MilesCoordinator::Coordinator::Callback>,void *> >(class std::allocator<struct std::_Tree_node<struct std::pair<unsigned __int64 const ,struct MilesCoordinator::Coordinator::Callback>,void *> > const &))
7D4 00000000 SECT62 notype ()    External     | ??$addressof@PAU?$_Tree_node@U?$pair@$$CB_KUCallback@Coordinator@MilesCoordinator@@@std@@PAX@std@@@std@@YAPAPAU?$_Tree_node@U?$pair@$$CB_KUCallback@Coordinator@MilesCoordinator@@@std@@PAX@0@AAPAU10@@Z (struct std::_Tree_node<struct std::pair<unsigned __int64 const ,struct MilesCoordinator::Coordinator::Callback>,void *> * * __cdecl std::addressof<struct std::_Tree_node<struct std::pair<unsigned __int64 const ,struct MilesCoordinator::Coordinator::Callback>,void *> *>(struct std::_Tree_node<struct std::pair<unsigned __int64 const ,struct MilesCoordinator::Coordinator::Callback>,void *> * &))
7D5 00000000 SECT8A notype ()    External     | ??$destroy@PAU?$_Tree_node@U?$pair@$$CB_KUCallback@Coordinator@MilesCoordinator@@@std@@PAX@std@@@?$_Wrap_alloc@V?$allocator@U?$_Tree_node@U?$pair@$$CB_KUCallback@Coordinator@MilesCoordinator@@@std@@PAX@std@@@std@@@std@@QAEXPAPAU?$_Tree_node@U?$pair@$$CB_KUCallback@Coordinator@MilesCoordinator@@@std@@PAX@1@@Z (public: void __thiscall std::_Wrap_alloc<class std::allocator<struct std::_Tree_node<struct std::pair<unsigned __int64 const ,struct MilesCoordinator::Coordinator::Callback>,void *> > >::destroy<struct std::_Tree_node<struct std::pair<unsigned __int64 const ,struct MilesCoordinator::Coordinator::Callback>,void *> *>(struct std::_Tree_node<struct std::pair<unsigned __int64 const ,struct MilesCoordinator::Coordinator::Callback>,void *> * *))
7D6 00000000 SECT27 notype ()    External     | ??$_Destroy_range@U?$_Wrap_alloc@V?$allocator@UHandle@MilesWire@@@std@@@std@@@std@@YAXPAUHandle@MilesWire@@0AAU?$_Wrap_alloc@V?$allocator@UHandle@MilesWire@@@std@@@0@@Z (void __cdecl std::_Destroy_range<struct std::_Wrap_alloc<class std::allocator<struct MilesWire::Handle> > >(struct MilesWire::Handle *,struct MilesWire::Handle *,struct std::_Wrap_alloc<class std::allocator<struct MilesWire::Handle> > &))
7D7 00000000 SECT40 notype ()    External     | ??$_Umove@PAUHandle@MilesWire@@@?$vector@UHandle@MilesWire@@V?$allocator@UHandle@MilesWire@@@std@@@std@@IAEPAUHandle@MilesWire@@PAU23@00@Z (protected: struct MilesWire::Handle * __thiscall std::vector<struct MilesWire::Handle,class std::allocator<struct MilesWire::Handle> >::_Umove<struct MilesWire::Handle *>(struct MilesWire::Handle *,struct MilesWire::Handle *,struct MilesWire::Handle *))
7D8 00000000 SECT9  notype ()    External     | ??$?0U?$_Wrap_alloc@V?$allocator@U?$_Tree_node@U?$pair@$$CB_KURegistration@Coordinator@MilesCoordinator@@@std@@PAX@std@@@std@@@std@@@?$_Wrap_alloc@V?$allocator@U_Container_proxy@std@@@std@@@std@@QAE@ABU?$_Wrap_alloc@V?$allocator@U?$_Tree_node@U?$pair@$$CB_KURegistration@Coordinator@MilesCoordinator@@@std@@PAX@std@@@std@@@1@@Z (public: __thiscall std::_Wrap_alloc<class std::allocator<struct std::_Container_proxy> >::_Wrap_alloc<class std::allocator<struct std::_Container_proxy> ><struct std::_Wrap_alloc<class std::allocator<struct std::_Tree_node<struct std::pair<unsigned __int64 const ,struct MilesCoordinator::Coordinator::Registration>,void *> > > >(struct std::_Wrap_alloc<class std::allocator<struct std::_Tree_node<struct std::pair<unsigned __int64 const ,struct MilesCoordinator::Coordinator::Registration>,void *> > > const &))
7D9 00000000 SECT7  notype ()    External     | ??$?0U?$_Tree_node@U?$pair@$$CB_KURegistration@Coordinator@MilesCoordinator@@@std@@PAX@std@@@?$allocator@U_Container_proxy@std@@@std@@QAE@ABV?$allocator@U?$_Tree_node@U?$pair@$$CB_KURegistration@Coordinator@MilesCoordinator@@@std@@PAX@std@@@1@@Z (public: __thiscall std::allocator<struct std::_Container_proxy>::allocator<struct std::_Container_proxy><struct std::_Tree_node<struct std::pair<unsigned __int64 const ,struct MilesCoordinator::Coordinator::Registration>,void *> >(class std::allocator<struct std::_Tree_node<struct std::pair<unsigned __int64 const ,struct MilesCoordinator::Coordinator::Registration>,void *> > const &))
7DA 00000000 SECT63 notype ()    External     | ??$addressof@PAU?$_Tree_node@U?$pair@$$CB_KURegistration@Coordinator@MilesCoordinator@@@std@@PAX@std@@@std@@YAPAPAU?$_Tree_node@U?$pair@$$CB_KURegistration@Coordinator@MilesCoordinator@@@std@@PAX@0@AAPAU10@@Z (struct std::_Tree_node<struct std::pair<unsigned __int64 const ,struct MilesCoordinator::Coordinator::Registration>,void *> * * __cdecl std::addressof<struct std::_Tree_node<struct std::pair<unsigned __int64 const ,struct MilesCoordinator::Coordinator::Registration>,void *> *>(struct std::_Tree_node<struct std::pair<unsigned __int64 const ,struct MilesCoordinator::Coordinator::Registration>,void *> * &))
7DB 00000000 SECT8D notype ()    External     | ??$destroy@PAU?$_Tree_node@U?$pair@$$CB_KURegistration@Coordinator@MilesCoordinator@@@std@@PAX@std@@@?$_Wrap_alloc@V?$allocator@U?$_Tree_node@U?$pair@$$CB_KURegistration@Coordinator@MilesCoordinator@@@std@@PAX@std@@@std@@@std@@QAEXPAPAU?$_Tree_node@U?$pair@$$CB_KURegistration@Coordinator@MilesCoordinator@@@std@@PAX@1@@Z (public: void __thiscall std::_Wrap_alloc<class std::allocator<struct std::_Tree_node<struct std::pair<unsigned __int64 const ,struct MilesCoordinator::Coordinator::Registration>,void *> > >::destroy<struct std::_Tree_node<struct std::pair<unsigned __int64 const ,struct MilesCoordinator::Coordinator::Registration>,void *> *>(struct std::_Tree_node<struct std::pair<unsigned __int64 const ,struct MilesCoordinator::Coordinator::Registration>,void *> * *))
7DC 00000000 SECT61 notype ()    External     | ??$addressof@PAU?$_List_node@V?$vector@EV?$allocator@E@std@@@std@@PAX@std@@@std@@YAPAPAU?$_List_node@V?$vector@EV?$allocator@E@std@@@std@@PAX@0@AAPAU10@@Z (struct std::_List_node<class std::vector<unsigned char,class std::allocator<unsigned char> >,void *> * * __cdecl std::addressof<struct std::_List_node<class std::vector<unsigned char,class std::allocator<unsigned char> >,void *> *>(struct std::_List_node<class std::vector<unsigned char,class std::allocator<unsigned char> >,void *> * &))
7DD 00000000 SECT87 notype ()    External     | ??$destroy@PAU?$_List_node@V?$vector@EV?$allocator@E@std@@@std@@PAX@std@@@?$_Wrap_alloc@V?$allocator@U?$_List_node@V?$vector@EV?$allocator@E@std@@@std@@PAX@std@@@std@@@std@@QAEXPAPAU?$_List_node@V?$vector@EV?$allocator@E@std@@@std@@PAX@1@@Z (public: void __thiscall std::_Wrap_alloc<class std::allocator<struct std::_List_node<class std::vector<unsigned char,class std::allocator<unsigned char> >,void *> > >::destroy<struct std::_List_node<class std::vector<unsigned char,class std::allocator<unsigned char> >,void *> *>(struct std::_List_node<class std::vector<unsigned char,class std::allocator<unsigned char> >,void *> * *))
7DE 00000000 SECTE  notype ()    External     | ??$_Allocate@E@std@@YAPAEIPAE@Z (unsigned char * __cdecl std::_Allocate<unsigned char>(unsigned int,unsigned char *))
7DF 00000000 SECTAB notype ()    External     | ??$swap@D@std@@YAXAAD0@Z (void __cdecl std::swap<char>(char &,char &))
7E0 00000000 SECT64 notype ()    External     | ??$addressof@U?$pair@$$CB_KUCallback@Coordinator@MilesCoordinator@@@std@@@std@@YAPAU?$pair@$$CB_KUCallback@Coordinator@MilesCoordinator@@@0@AAU10@@Z (struct std::pair<unsigned __int64 const ,struct MilesCoordinator::Coordinator::Callback> * __cdecl std::addressof<struct std::pair<unsigned __int64 const ,struct MilesCoordinator::Coordinator::Callback> >(struct std::pair<unsigned __int64 const ,struct MilesCoordinator::Coordinator::Callback> &))
7E1 00000000 SECT90 notype ()    External     | ??$destroy@U?$pair@$$CB_KUCallback@Coordinator@MilesCoordinator@@@std@@@?$_Wrap_alloc@V?$allocator@U?$_Tree_node@U?$pair@$$CB_KUCallback@Coordinator@MilesCoordinator@@@std@@PAX@std@@@std@@@std@@QAEXPAU?$pair@$$CB_KUCallback@Coordinator@MilesCoordinator@@@1@@Z (public: void __thiscall std::_Wrap_alloc<class std::allocator<struct std::_Tree_node<struct std::pair<unsigned __int64 const ,struct MilesCoordinator::Coordinator::Callback>,void *> > >::destroy<struct std::pair<unsigned __int64 const ,struct MilesCoordinator::Coordinator::Callback> >(struct std::pair<unsigned __int64 const ,struct MilesCoordinator::Coordinator::Callback> *))
7E2 00000000 SECT65 notype ()    External     | ??$addressof@U?$pair@$$CB_KURegistration@Coordinator@MilesCoordinator@@@std@@@std@@YAPAU?$pair@$$CB_KURegistration@Coordinator@MilesCoordinator@@@0@AAU10@@Z (struct std::pair<unsigned __int64 const ,struct MilesCoordinator::Coordinator::Registration> * __cdecl std::addressof<struct std::pair<unsigned __int64 const ,struct MilesCoordinator::Coordinator::Registration> >(struct std::pair<unsigned __int64 const ,struct MilesCoordinator::Coordinator::Registration> &))
7E3 00000000 SECT93 notype ()    External     | ??$destroy@U?$pair@$$CB_KURegistration@Coordinator@MilesCoordinator@@@std@@@?$_Wrap_alloc@V?$allocator@U?$_Tree_node@U?$pair@$$CB_KURegistration@Coordinator@MilesCoordinator@@@std@@PAX@std@@@std@@@std@@QAEXPAU?$pair@$$CB_KURegistration@Coordinator@MilesCoordinator@@@1@@Z (public: void __thiscall std::_Wrap_alloc<class std::allocator<struct std::_Tree_node<struct std::pair<unsigned __int64 const ,struct MilesCoordinator::Coordinator::Registration>,void *> > >::destroy<struct std::pair<unsigned __int64 const ,struct MilesCoordinator::Coordinator::Registration> >(struct std::pair<unsigned __int64 const ,struct MilesCoordinator::Coordinator::Registration> *))
7E4 00000000 SECT13F notype ()    External    | ??1?$pair@$$CB_KURegistration@Coordinator@MilesCoordinator@@@std@@QAE@XZ (public: __thiscall std::pair<unsigned __int64 const ,struct MilesCoordinator::Coordinator::Registration>::~pair<unsigned __int64 const ,struct MilesCoordinator::Coordinator::Registration>(void))
7E5 00000000 SECT178 notype ()    External    | ??_G?$pair@$$CB_KURegistration@Coordinator@MilesCoordinator@@@std@@QAEPAXI@Z (public: void * __thiscall std::pair<unsigned __int64 const ,struct MilesCoordinator::Coordinator::Registration>::`scalar deleting destructor'(unsigned int))
7E6 00000000 SECT67 notype ()    External     | ??$addressof@V?$vector@EV?$allocator@E@std@@@std@@@std@@YAPAV?$vector@EV?$allocator@E@std@@@0@AAV10@@Z (class std::vector<unsigned char,class std::allocator<unsigned char> > * __cdecl std::addressof<class std::vector<unsigned char,class std::allocator<unsigned char> > >(class std::vector<unsigned char,class std::allocator<unsigned char> > &))
7E7 00000000 SECT9F notype ()    External     | ??$destroy@V?$vector@EV?$allocator@E@std@@@std@@@?$_Wrap_alloc@V?$allocator@U?$_List_node@V?$vector@EV?$allocator@E@std@@@std@@PAX@std@@@std@@@std@@QAEXPAV?$vector@EV?$allocator@E@std@@@1@@Z (public: void __thiscall std::_Wrap_alloc<class std::allocator<struct std::_List_node<class std::vector<unsigned char,class std::allocator<unsigned char> >,void *> > >::destroy<class std::vector<unsigned char,class std::allocator<unsigned char> > >(class std::vector<unsigned char,class std::allocator<unsigned char> > *))
7E8 00000000 SECT12 notype ()    External     | ??$_Allocate@U_Container_proxy@std@@@std@@YAPAU_Container_proxy@0@IPAU10@@Z (struct std::_Container_proxy * __cdecl std::_Allocate<struct std::_Container_proxy>(unsigned int,struct std::_Container_proxy *))
7E9 00000000 SECT10 notype ()    External     | ??$_Allocate@UEntry@ResourceRegistry@MilesTransport@@@std@@YAPAUEntry@ResourceRegistry@MilesTransport@@IPAU123@@Z (struct MilesTransport::ResourceRegistry::Entry * __cdecl std::_Allocate<struct MilesTransport::ResourceRegistry::Entry>(unsigned int,struct MilesTransport::ResourceRegistry::Entry *))
7EA 00000000 SECT11 notype ()    External     | ??$_Allocate@UHandle@MilesWire@@@std@@YAPAUHandle@MilesWire@@IPAU12@@Z (struct MilesWire::Handle * __cdecl std::_Allocate<struct MilesWire::Handle>(unsigned int,struct MilesWire::Handle *))
7EB 00000000 SECT6E notype ()    External     | ??$construct@PAU?$_List_node@V?$vector@EV?$allocator@E@std@@@std@@PAX@std@@AAPAU12@@?$_Wrap_alloc@V?$allocator@U?$_List_node@V?$vector@EV?$allocator@E@std@@@std@@PAX@std@@@std@@@std@@QAEXPAPAU?$_List_node@V?$vector@EV?$allocator@E@std@@@std@@PAX@1@AAPAU21@@Z (public: void __thiscall std::_Wrap_alloc<class std::allocator<struct std::_List_node<class std::vector<unsigned char,class std::allocator<unsigned char> >,void *> > >::construct<struct std::_List_node<class std::vector<unsigned char,class std::allocator<unsigned char> >,void *> *,struct std::_List_node<class std::vector<unsigned char,class std::allocator<unsigned char> >,void *> * &>(struct std::_List_node<class std::vector<unsigned char,class std::allocator<unsigned char> >,void *> * *,struct std::_List_node<class std::vector<unsigned char,class std::allocator<unsigned char> >,void *> * &))
7EC 00000000 SECTD  notype ()    External     | ??$_Allocate@D@std@@YAPADIPAD@Z (char * __cdecl std::_Allocate<char>(unsigned int,char *))
7ED 00000000 SECTF  notype ()    External     | ??$_Allocate@U?$_List_node@V?$vector@EV?$allocator@E@std@@@std@@PAX@std@@@std@@YAPAU?$_List_node@V?$vector@EV?$allocator@E@std@@@std@@PAX@0@IPAU10@@Z (struct std::_List_node<class std::vector<unsigned char,class std::allocator<unsigned char> >,void *> * __cdecl std::_Allocate<struct std::_List_node<class std::vector<unsigned char,class std::allocator<unsigned char> >,void *> >(unsigned int,struct std::_List_node<class std::vector<unsigned char,class std::allocator<unsigned char> >,void *> *))
7EE 00000000 SECT184 notype ()    Static      | ??__E?_Generic_object@?$_Error_objects@H@std@@2V_Generic_error_category@2@A@@YAXXZ (void __cdecl `dynamic initializer for 'public: static class std::_Generic_error_category std::_Error_objects<int>::_Generic_object''(void))
7EF 00000000 SECT18F notype ()    Static      | ??__F?_Generic_object@?$_Error_objects@H@std@@2V_Generic_error_category@2@A@@YAXXZ (void __cdecl `dynamic atexit destructor for 'public: static class std::_Generic_error_category std::_Error_objects<int>::_Generic_object''(void))
7F0 00000000 SECT185 notype ()    Static      | ??__E?_Iostream_object@?$_Error_objects@H@std@@2V_Iostream_error_category@2@A@@YAXXZ (void __cdecl `dynamic initializer for 'public: static class std::_Iostream_error_category std::_Error_objects<int>::_Iostream_object''(void))
7F1 00000000 SECT190 notype ()    Static      | ??__F?_Iostream_object@?$_Error_objects@H@std@@2V_Iostream_error_category@2@A@@YAXXZ (void __cdecl `dynamic atexit destructor for 'public: static class std::_Iostream_error_category std::_Error_objects<int>::_Iostream_object''(void))
7F2 00000000 SECT186 notype ()    Static      | ??__E?_System_object@?$_Error_objects@H@std@@2V_System_error_category@2@A@@YAXXZ (void __cdecl `dynamic initializer for 'public: static class std::_System_error_category std::_Error_objects<int>::_System_object''(void))
7F3 00000000 SECT191 notype ()    Static      | ??__F?_System_object@?$_Error_objects@H@std@@2V_System_error_category@2@A@@YAXXZ (void __cdecl `dynamic atexit destructor for 'public: static class std::_System_error_category std::_Error_objects<int>::_System_object''(void))
7F4 00000000 SECT2D notype ()    External     | ??$_Iter_cat@PBE@std@@YA?AUrandom_access_iterator_tag@0@ABQBE@Z (struct std::random_access_iterator_tag __cdecl std::_Iter_cat<unsigned char const *>(unsigned char const * const &))
7F5 00000000 SECT13 notype ()    External     | ??$_Assign@PBE@?$vector@EV?$allocator@E@std@@@std@@QAEXPBE0Uforward_iterator_tag@1@@Z (public: void __thiscall std::vector<unsigned char,class std::allocator<unsigned char> >::_Assign<unsigned char const *>(unsigned char const *,unsigned char const *,struct std::forward_iterator_tag))
7F6 00000000 SECT75 notype ()    External     | ??$construct@UEntry@ResourceRegistry@MilesTransport@@U123@@?$allocator_traits@V?$allocator@UEntry@ResourceRegistry@MilesTransport@@@std@@@std@@SAXAAV?$allocator@UEntry@ResourceRegistry@MilesTransport@@@1@PAUEntry@ResourceRegistry@MilesTransport@@$$QAU345@@Z (public: static void __cdecl std::allocator_traits<class std::allocator<struct MilesTransport::ResourceRegistry::Entry> >::construct<struct MilesTransport::ResourceRegistry::Entry,struct MilesTransport::ResourceRegistry::Entry>(class std::allocator<struct MilesTransport::ResourceRegistry::Entry> &,struct MilesTransport::ResourceRegistry::Entry *,struct MilesTransport::ResourceRegistry::Entry &&))
7F7 00000000 SECT5C notype ()    External     | ??$_Val_type@PAE@std@@YAPAEPAE@Z (unsigned char * __cdecl std::_Val_type<unsigned char *>(unsigned char *))
7F8 00000000 SECT32 notype ()    External     | ??$_Ptr_cat@EE@std@@YA?AU_Scalar_ptr_iterator_tag@0@PBEPAE@Z (struct std::_Scalar_ptr_iterator_tag __cdecl std::_Ptr_cat<unsigned char,unsigned char>(unsigned char const *,unsigned char *))
7F9 00000000 SECT31 notype ()    External     | ??$_Ptr_cat@EE@std@@YA?AU_Scalar_ptr_iterator_tag@0@PAE0@Z (struct std::_Scalar_ptr_iterator_tag __cdecl std::_Ptr_cat<unsigned char,unsigned char>(unsigned char *,unsigned char *))
7FA 00000000 SECT4B notype ()    External     | ??$_Uninit_def_fill_n@EIE@std@@YAXPAEIAAU?$_Wrap_alloc@V?$allocator@E@std@@@0@0U_Scalar_ptr_iterator_tag@0@@Z (void __cdecl std::_Uninit_def_fill_n<unsigned char,unsigned int,unsigned char>(unsigned char *,unsigned int,struct std::_Wrap_alloc<class std::allocator<unsigned char> > &,unsigned char *,struct std::_Scalar_ptr_iterator_tag))
7FB 00000000 SECT56 notype ()    External     | ??$_Uninitialized_copy@V?$_Vector_const_iterator@V?$_Vector_val@U?$_Simple_types@E@std@@@std@@@std@@PAEU?$_Wrap_alloc@V?$allocator@E@std@@@2@@std@@YAPAEV?$_Vector_const_iterator@V?$_Vector_val@U?$_Simple_types@E@std@@@std@@@0@0PAEAAU?$_Wrap_alloc@V?$allocator@E@std@@@0@@Z (unsigned char * __cdecl std::_Uninitialized_copy<class std::_Vector_const_iterator<class std::_Vector_val<struct std::_Simple_types<unsigned char> > >,unsigned char *,struct std::_Wrap_alloc<class std::allocator<unsigned char> > >(class std::_Vector_const_iterator<class std::_Vector_val<struct std::_Simple_types<unsigned char> > >,class std::_Vector_const_iterator<class std::_Vector_val<struct std::_Simple_types<unsigned char> > >,unsigned char *,struct std::_Wrap_alloc<class std::allocator<unsigned char> > &))
7FC 00000000 SECT15 notype ()    External     | ??$_Copy_impl@PAEPAE@std@@YAPAEPAE00U_Scalar_ptr_iterator_tag@0@@Z (unsigned char * __cdecl std::_Copy_impl<unsigned char *,unsigned char *>(unsigned char *,unsigned char *,unsigned char *,struct std::_Scalar_ptr_iterator_tag))
7FD 00000000 SECT54 notype ()    External     | ??$_Uninitialized_copy@PAEPAEU?$_Wrap_alloc@V?$allocator@E@std@@@std@@@std@@YAPAEPAE00AAU?$_Wrap_alloc@V?$allocator@E@std@@@0@@Z (unsigned char * __cdecl std::_Uninitialized_copy<unsigned char *,unsigned char *,struct std::_Wrap_alloc<class std::allocator<unsigned char> > >(unsigned char *,unsigned char *,unsigned char *,struct std::_Wrap_alloc<class std::allocator<unsigned char> > &))
7FE 00000000 SECTAC notype ()    External     | ??$swap@PAE@std@@YAXAAPAE0@Z (void __cdecl std::swap<unsigned char *>(unsigned char * &,unsigned char * &))
7FF 00000000 SECTA5 notype ()    External     | ??$forward@AAUHandle@MilesWire@@@std@@YAAAUHandle@MilesWire@@AAU12@@Z (struct MilesWire::Handle & __cdecl std::forward<struct MilesWire::Handle &>(struct MilesWire::Handle &))
800 00000000 SECT79 notype ()    External     | ??$construct@UHandle@MilesWire@@AAU12@@?$allocator_traits@V?$allocator@UHandle@MilesWire@@@std@@@std@@SAXAAV?$allocator@UHandle@MilesWire@@@1@PAUHandle@MilesWire@@AAU34@@Z (public: static void __cdecl std::allocator_traits<class std::allocator<struct MilesWire::Handle> >::construct<struct MilesWire::Handle,struct MilesWire::Handle &>(class std::allocator<struct MilesWire::Handle> &,struct MilesWire::Handle *,struct MilesWire::Handle &))
801 00000000 SECTA6 notype ()    External     | ??$forward@ABUHandle@MilesWire@@@std@@YAABUHandle@MilesWire@@ABU12@@Z (struct MilesWire::Handle const & __cdecl std::forward<struct MilesWire::Handle const &>(struct MilesWire::Handle const &))
802 00000000 SECT7B notype ()    External     | ??$construct@UHandle@MilesWire@@ABU12@@?$allocator_traits@V?$allocator@UHandle@MilesWire@@@std@@@std@@SAXAAV?$allocator@UHandle@MilesWire@@@1@PAUHandle@MilesWire@@ABU34@@Z (public: static void __cdecl std::allocator_traits<class std::allocator<struct MilesWire::Handle> >::construct<struct MilesWire::Handle,struct MilesWire::Handle const &>(class std::allocator<struct MilesWire::Handle> &,struct MilesWire::Handle *,struct MilesWire::Handle const &))
803 00000000 SECTA3 notype ()    External     | ??$forward@AAPAD@std@@YAAAPADAAPAD@Z (char * & __cdecl std::forward<char * &>(char * &))
804 00000000 SECT6D notype ()    External     | ??$construct@PADAAPAD@?$allocator_traits@V?$allocator@D@std@@@std@@SAXAAV?$allocator@D@1@PAPADAAPAD@Z (public: static void __cdecl std::allocator_traits<class std::allocator<char> >::construct<char *,char * &>(class std::allocator<char> &,char * *,char * &))
805 00000000 SECT86 notype ()    External     | ??$destroy@PAD@?$allocator_traits@V?$allocator@D@std@@@std@@SAXAAV?$allocator@D@1@PAPAD@Z (public: static void __cdecl std::allocator_traits<class std::allocator<char> >::destroy<char *>(class std::allocator<char> &,char * *))
806 00000000 SECT24 notype ()    External     | ??$_Destroy_range@U?$_Wrap_alloc@V?$allocator@E@std@@@std@@@std@@YAXPAE0AAU?$_Wrap_alloc@V?$allocator@E@std@@@0@U_Scalar_ptr_iterator_tag@0@@Z (void __cdecl std::_Destroy_range<struct std::_Wrap_alloc<class std::allocator<unsigned char> > >(unsigned char *,unsigned char *,struct std::_Wrap_alloc<class std::allocator<unsigned char> > &,struct std::_Scalar_ptr_iterator_tag))
807 00000000 SECTAD notype ()    External     | ??$swap@PAU_Container_proxy@std@@@std@@YAXAAPAU_Container_proxy@0@0@Z (void __cdecl std::swap<struct std::_Container_proxy *>(struct std::_Container_proxy * &,struct std::_Container_proxy * &))
808 00000000 SECTA9 notype ()    External     | ??$forward@U_Container_proxy@std@@@std@@YA$$QAU_Container_proxy@0@AAU10@@Z (struct std::_Container_proxy && __cdecl std::forward<struct std::_Container_proxy>(struct std::_Container_proxy &))
809 00000000 SECT33 notype ()    External     | ??$_Ptr_cat@UEntry@ResourceRegistry@MilesTransport@@U123@@std@@YA?AU_Nonscalar_ptr_iterator_tag@0@PAUEntry@ResourceRegistry@MilesTransport@@0@Z (struct std::_Nonscalar_ptr_iterator_tag __cdecl std::_Ptr_cat<struct MilesTransport::ResourceRegistry::Entry,struct MilesTransport::ResourceRegistry::Entry>(struct MilesTransport::ResourceRegistry::Entry *,struct MilesTransport::ResourceRegistry::Entry *))
80A 00000000 SECT26 notype ()    External     | ??$_Destroy_range@U?$_Wrap_alloc@V?$allocator@UEntry@ResourceRegistry@MilesTransport@@@std@@@std@@@std@@YAXPAUEntry@ResourceRegistry@MilesTransport@@0AAU?$_Wrap_alloc@V?$allocator@UEntry@ResourceRegistry@MilesTransport@@@std@@@0@U_Nonscalar_ptr_iterator_tag@0@@Z (void __cdecl std::_Destroy_range<struct std::_Wrap_alloc<class std::allocator<struct MilesTransport::ResourceRegistry::Entry> > >(struct MilesTransport::ResourceRegistry::Entry *,struct MilesTransport::ResourceRegistry::Entry *,struct std::_Wrap_alloc<class std::allocator<struct MilesTransport::ResourceRegistry::Entry> > &,struct std::_Nonscalar_ptr_iterator_tag))
80B 00000000 SECT5A notype ()    External     | ??$_Uninitialized_move@PAUEntry@ResourceRegistry@MilesTransport@@PAU123@U?$_Wrap_alloc@V?$allocator@UEntry@ResourceRegistry@MilesTransport@@@std@@@std@@@std@@YAPAUEntry@ResourceRegistry@MilesTransport@@PAU123@00AAU?$_Wrap_alloc@V?$allocator@UEntry@ResourceRegistry@MilesTransport@@@std@@@0@@Z (struct MilesTransport::ResourceRegistry::Entry * __cdecl std::_Uninitialized_move<struct MilesTransport::ResourceRegistry::Entry *,struct MilesTransport::ResourceRegistry::Entry *,struct std::_Wrap_alloc<class std::allocator<struct MilesTransport::ResourceRegistry::Entry> > >(struct MilesTransport::ResourceRegistry::Entry *,struct MilesTransport::ResourceRegistry::Entry *,struct MilesTransport::ResourceRegistry::Entry *,struct std::_Wrap_alloc<class std::allocator<struct MilesTransport::ResourceRegistry::Entry> > &))
80C 00000000 SECT83 notype ()    External     | ??$construct@U_Container_proxy@std@@U12@@?$allocator_traits@V?$allocator@U_Container_proxy@std@@@std@@@std@@SAXAAV?$allocator@U_Container_proxy@std@@@1@PAU_Container_proxy@1@$$QAU31@@Z (public: static void __cdecl std::allocator_traits<class std::allocator<struct std::_Container_proxy> >::construct<struct std::_Container_proxy,struct std::_Container_proxy>(class std::allocator<struct std::_Container_proxy> &,struct std::_Container_proxy *,struct std::_Container_proxy &&))
80D 00000000 SECT9E notype ()    External     | ??$destroy@U_Container_proxy@std@@@?$allocator_traits@V?$allocator@U_Container_proxy@std@@@std@@@std@@SAXAAV?$allocator@U_Container_proxy@std@@@1@PAU_Container_proxy@1@@Z (public: static void __cdecl std::allocator_traits<class std::allocator<struct std::_Container_proxy> >::destroy<struct std::_Container_proxy>(class std::allocator<struct std::_Container_proxy> &,struct std::_Container_proxy *))
80E 00000000 SECT59 notype ()    External     | ??$_Uninitialized_move@PAEPAEU?$_Wrap_alloc@V?$allocator@E@std@@@std@@@std@@YAPAEPAE00AAU?$_Wrap_alloc@V?$allocator@E@std@@@0@@Z (unsigned char * __cdecl std::_Uninitialized_move<unsigned char *,unsigned char *,struct std::_Wrap_alloc<class std::allocator<unsigned char> > >(unsigned char *,unsigned char *,unsigned char *,struct std::_Wrap_alloc<class std::allocator<unsigned char> > &))
80F 00000000 SECT8C notype ()    External     | ??$destroy@PAU?$_Tree_node@U?$pair@$$CB_KUCallback@Coordinator@MilesCoordinator@@@std@@PAX@std@@@?$allocator_traits@V?$allocator@U?$_Tree_node@U?$pair@$$CB_KUCallback@Coordinator@MilesCoordinator@@@std@@PAX@std@@@std@@@std@@SAXAAV?$allocator@U?$_Tree_node@U?$pair@$$CB_KUCallback@Coordinator@MilesCoordinator@@@std@@PAX@std@@@1@PAPAU?$_Tree_node@U?$pair@$$CB_KUCallback@Coordinator@MilesCoordinator@@@std@@PAX@1@@Z (public: static void __cdecl std::allocator_traits<class std::allocator<struct std::_Tree_node<struct std::pair<unsigned __int64 const ,struct MilesCoordinator::Coordinator::Callback>,void *> > >::destroy<struct std::_Tree_node<struct std::pair<unsigned __int64 const ,struct MilesCoordinator::Coordinator::Callback>,void *> *>(class std::allocator<struct std::_Tree_node<struct std::pair<unsigned __int64 const ,struct MilesCoordinator::Coordinator::Callback>,void *> > &,struct std::_Tree_node<struct std::pair<unsigned __int64 const ,struct MilesCoordinator::Coordinator::Callback>,void *> * *))
810 00000000 SECT34 notype ()    External     | ??$_Ptr_cat@UHandle@MilesWire@@U12@@std@@YA?AU_Nonscalar_ptr_iterator_tag@0@PAUHandle@MilesWire@@0@Z (struct std::_Nonscalar_ptr_iterator_tag __cdecl std::_Ptr_cat<struct MilesWire::Handle,struct MilesWire::Handle>(struct MilesWire::Handle *,struct MilesWire::Handle *))
811 00000000 SECT28 notype ()    External     | ??$_Destroy_range@U?$_Wrap_alloc@V?$allocator@UHandle@MilesWire@@@std@@@std@@@std@@YAXPAUHandle@MilesWire@@0AAU?$_Wrap_alloc@V?$allocator@UHandle@MilesWire@@@std@@@0@U_Nonscalar_ptr_iterator_tag@0@@Z (void __cdecl std::_Destroy_range<struct std::_Wrap_alloc<class std::allocator<struct MilesWire::Handle> > >(struct MilesWire::Handle *,struct MilesWire::Handle *,struct std::_Wrap_alloc<class std::allocator<struct MilesWire::Handle> > &,struct std::_Nonscalar_ptr_iterator_tag))
812 00000000 SECT5B notype ()    External     | ??$_Uninitialized_move@PAUHandle@MilesWire@@PAU12@U?$_Wrap_alloc@V?$allocator@UHandle@MilesWire@@@std@@@std@@@std@@YAPAUHandle@MilesWire@@PAU12@00AAU?$_Wrap_alloc@V?$allocator@UHandle@MilesWire@@@std@@@0@@Z (struct MilesWire::Handle * __cdecl std::_Uninitialized_move<struct MilesWire::Handle *,struct MilesWire::Handle *,struct std::_Wrap_alloc<class std::allocator<struct MilesWire::Handle> > >(struct MilesWire::Handle *,struct MilesWire::Handle *,struct MilesWire::Handle *,struct std::_Wrap_alloc<class std::allocator<struct MilesWire::Handle> > &))
813 00000000 SECT8F notype ()    External     | ??$destroy@PAU?$_Tree_node@U?$pair@$$CB_KURegistration@Coordinator@MilesCoordinator@@@std@@PAX@std@@@?$allocator_traits@V?$allocator@U?$_Tree_node@U?$pair@$$CB_KURegistration@Coordinator@MilesCoordinator@@@std@@PAX@std@@@std@@@std@@SAXAAV?$allocator@U?$_Tree_node@U?$pair@$$CB_KURegistration@Coordinator@MilesCoordinator@@@std@@PAX@std@@@1@PAPAU?$_Tree_node@U?$pair@$$CB_KURegistration@Coordinator@MilesCoordinator@@@std@@PAX@1@@Z (public: static void __cdecl std::allocator_traits<class std::allocator<struct std::_Tree_node<struct std::pair<unsigned __int64 const ,struct MilesCoordinator::Coordinator::Registration>,void *> > >::destroy<struct std::_Tree_node<struct std::pair<unsigned __int64 const ,struct MilesCoordinator::Coordinator::Registration>,void *> *>(class std::allocator<struct std::_Tree_node<struct std::pair<unsigned __int64 const ,struct MilesCoordinator::Coordinator::Registration>,void *> > &,struct std::_Tree_node<struct std::pair<unsigned __int64 const ,struct MilesCoordinator::Coordinator::Registration>,void *> * *))
814 00000000 SECT89 notype ()    External     | ??$destroy@PAU?$_List_node@V?$vector@EV?$allocator@E@std@@@std@@PAX@std@@@?$allocator_traits@V?$allocator@U?$_List_node@V?$vector@EV?$allocator@E@std@@@std@@PAX@std@@@std@@@std@@SAXAAV?$allocator@U?$_List_node@V?$vector@EV?$allocator@E@std@@@std@@PAX@std@@@1@PAPAU?$_List_node@V?$vector@EV?$allocator@E@std@@@std@@PAX@1@@Z (public: static void __cdecl std::allocator_traits<class std::allocator<struct std::_List_node<class std::vector<unsigned char,class std::allocator<unsigned char> >,void *> > >::destroy<struct std::_List_node<class std::vector<unsigned char,class std::allocator<unsigned char> >,void *> *>(class std::allocator<struct std::_List_node<class std::vector<unsigned char,class std::allocator<unsigned char> >,void *> > &,struct std::_List_node<class std::vector<unsigned char,class std::allocator<unsigned char> >,void *> * *))
815 00000000 SECT2E notype ()    External     | ??$_Move@AAD@std@@YA$$QADAAD@Z (char && __cdecl std::_Move<char &>(char &))
816 00000000 SECT92 notype ()    External     | ??$destroy@U?$pair@$$CB_KUCallback@Coordinator@MilesCoordinator@@@std@@@?$allocator_traits@V?$allocator@U?$_Tree_node@U?$pair@$$CB_KUCallback@Coordinator@MilesCoordinator@@@std@@PAX@std@@@std@@@std@@SAXAAV?$allocator@U?$_Tree_node@U?$pair@$$CB_KUCallback@Coordinator@MilesCoordinator@@@std@@PAX@std@@@1@PAU?$pair@$$CB_KUCallback@Coordinator@MilesCoordinator@@@1@@Z (public: static void __cdecl std::allocator_traits<class std::allocator<struct std::_Tree_node<struct std::pair<unsigned __int64 const ,struct MilesCoordinator::Coordinator::Callback>,void *> > >::destroy<struct std::pair<unsigned __int64 const ,struct MilesCoordinator::Coordinator::Callback> >(class std::allocator<struct std::_Tree_node<struct std::pair<unsigned __int64 const ,struct MilesCoordinator::Coordinator::Callback>,void *> > &,struct std::pair<unsigned __int64 const ,struct MilesCoordinator::Coordinator::Callback> *))
817 00000000 SECT95 notype ()    External     | ??$destroy@U?$pair@$$CB_KURegistration@Coordinator@MilesCoordinator@@@std@@@?$allocator_traits@V?$allocator@U?$_Tree_node@U?$pair@$$CB_KURegistration@Coordinator@MilesCoordinator@@@std@@PAX@std@@@std@@@std@@SAXAAV?$allocator@U?$_Tree_node@U?$pair@$$CB_KURegistration@Coordinator@MilesCoordinator@@@std@@PAX@std@@@1@PAU?$pair@$$CB_KURegistration@Coordinator@MilesCoordinator@@@1@@Z (public: static void __cdecl std::allocator_traits<class std::allocator<struct std::_Tree_node<struct std::pair<unsigned __int64 const ,struct MilesCoordinator::Coordinator::Registration>,void *> > >::destroy<struct std::pair<unsigned __int64 const ,struct MilesCoordinator::Coordinator::Registration> >(class std::allocator<struct std::_Tree_node<struct std::pair<unsigned __int64 const ,struct MilesCoordinator::Coordinator::Registration>,void *> > &,struct std::pair<unsigned __int64 const ,struct MilesCoordinator::Coordinator::Registration> *))
818 00000000 SECTA1 notype ()    External     | ??$destroy@V?$vector@EV?$allocator@E@std@@@std@@@?$allocator_traits@V?$allocator@U?$_List_node@V?$vector@EV?$allocator@E@std@@@std@@PAX@std@@@std@@@std@@SAXAAV?$allocator@U?$_List_node@V?$vector@EV?$allocator@E@std@@@std@@PAX@std@@@1@PAV?$vector@EV?$allocator@E@std@@@1@@Z (public: static void __cdecl std::allocator_traits<class std::allocator<struct std::_List_node<class std::vector<unsigned char,class std::allocator<unsigned char> >,void *> > >::destroy<class std::vector<unsigned char,class std::allocator<unsigned char> > >(class std::allocator<struct std::_List_node<class std::vector<unsigned char,class std::allocator<unsigned char> >,void *> > &,class std::vector<unsigned char,class std::allocator<unsigned char> > *))
819 00000000 SECTA4 notype ()    External     | ??$forward@AAPAU?$_List_node@V?$vector@EV?$allocator@E@std@@@std@@PAX@std@@@std@@YAAAPAU?$_List_node@V?$vector@EV?$allocator@E@std@@@std@@PAX@0@AAPAU10@@Z (struct std::_List_node<class std::vector<unsigned char,class std::allocator<unsigned char> >,void *> * & __cdecl std::forward<struct std::_List_node<class std::vector<unsigned char,class std::allocator<unsigned char> >,void *> * &>(struct std::_List_node<class std::vector<unsigned char,class std::allocator<unsigned char> >,void *> * &))
81A 00000000 SECT71 notype ()    External     | ??$construct@PAU?$_List_node@V?$vector@EV?$allocator@E@std@@@std@@PAX@std@@AAPAU12@@?$allocator_traits@V?$allocator@U?$_List_node@V?$vector@EV?$allocator@E@std@@@std@@PAX@std@@@std@@@std@@SAXAAV?$allocator@U?$_List_node@V?$vector@EV?$allocator@E@std@@@std@@PAX@std@@@1@PAPAU?$_List_node@V?$vector@EV?$allocator@E@std@@@std@@PAX@1@AAPAU31@@Z (public: static void __cdecl std::allocator_traits<class std::allocator<struct std::_List_node<class std::vector<unsigned char,class std::allocator<unsigned char> >,void *> > >::construct<struct std::_List_node<class std::vector<unsigned char,class std::allocator<unsigned char> >,void *> *,struct std::_List_node<class std::vector<unsigned char,class std::allocator<unsigned char> >,void *> * &>(class std::allocator<struct std::_List_node<class std::vector<unsigned char,class std::allocator<unsigned char> >,void *> > &,struct std::_List_node<class std::vector<unsigned char,class std::allocator<unsigned char> >,void *> * *,struct std::_List_node<class std::vector<unsigned char,class std::allocator<unsigned char> >,void *> * &))
81B 00000000 SECT187 notype ()    Static      | ??__E?id@?$num_put@DV?$back_insert_iterator@V?$basic_string@DU?$char_traits@D@std@@V?$allocator@D@2@@std@@@std@@@std@@2V0locale@2@A@@YAXXZ (void __cdecl `dynamic initializer for 'public: static class std::locale::id std::num_put<char,class std::back_insert_iterator<class std::basic_string<char,struct std::char_traits<char>,class std::allocator<char> > > >::id''(void))
81C 00000000 SECT188 notype ()    Static      | ??__E?id@?$num_put@_WV?$back_insert_iterator@V?$basic_string@_WU?$char_traits@_W@std@@V?$allocator@_W@2@@std@@@std@@@std@@2V0locale@2@A@@YAXXZ (void __cdecl `dynamic initializer for 'public: static class std::locale::id std::num_put<wchar_t,class std::back_insert_iterator<class std::basic_string<wchar_t,struct std::char_traits<wchar_t>,class std::allocator<wchar_t> > > >::id''(void))
81D 00000000 SECTA2 notype ()    External     | ??$distance@PBE@std@@YAHPBE0@Z (int __cdecl std::distance<unsigned char const *>(unsigned char const *,unsigned char const *))
81E 00000000 SECT3B notype ()    External     | ??$_Ucopy@PBE@?$vector@EV?$allocator@E@std@@@std@@IAEPAEPBE0PAE@Z (protected: unsigned char * __thiscall std::vector<unsigned char,class std::allocator<unsigned char> >::_Ucopy<unsigned char const *>(unsigned char const *,unsigned char const *,unsigned char *))
81F 00000000 SECT73 notype ()    External     | ??$construct@UEntry@ResourceRegistry@MilesTransport@@U123@@?$allocator@UEntry@ResourceRegistry@MilesTransport@@@std@@QAEXPAUEntry@ResourceRegistry@MilesTransport@@$$QAU234@@Z (public: void __thiscall std::allocator<struct MilesTransport::ResourceRegistry::Entry>::construct<struct MilesTransport::ResourceRegistry::Entry,struct MilesTransport::ResourceRegistry::Entry>(struct MilesTransport::ResourceRegistry::Entry *,struct MilesTransport::ResourceRegistry::Entry &&))
820 00000000 SECT45 notype ()    External     | ??$_Unchecked@V?$_Vector_val@U?$_Simple_types@E@std@@@std@@@std@@YAPBEV?$_Vector_const_iterator@V?$_Vector_val@U?$_Simple_types@E@std@@@std@@@0@@Z (unsigned char const * __cdecl std::_Unchecked<class std::_Vector_val<struct std::_Simple_types<unsigned char> > >(class std::_Vector_const_iterator<class std::_Vector_val<struct std::_Simple_types<unsigned char> > >))
821 00000000 SECT41 notype ()    External     | ??$_Unchecked@PAE@std@@YAPAEPAE@Z (unsigned char * __cdecl std::_Unchecked<unsigned char *>(unsigned char *))
822 00000000 SECT4A notype ()    External     | ??$_Uninit_copy@PBEPAEU?$_Wrap_alloc@V?$allocator@E@std@@@std@@@std@@YAPAEPBE0PAEAAU?$_Wrap_alloc@V?$allocator@E@std@@@0@@Z (unsigned char * __cdecl std::_Uninit_copy<unsigned char const *,unsigned char *,struct std::_Wrap_alloc<class std::allocator<unsigned char> > >(unsigned char const *,unsigned char const *,unsigned char *,struct std::_Wrap_alloc<class std::allocator<unsigned char> > &))
823 00000000 SECT35 notype ()    External     | ??$_Rechecked@PAEPAE@std@@YAAAPAEAAPAEPAE@Z (unsigned char * & __cdecl std::_Rechecked<unsigned char *,unsigned char *>(unsigned char * &,unsigned char *))
824 00000000 SECT49 notype ()    External     | ??$_Uninit_copy@PAEPAEU?$_Wrap_alloc@V?$allocator@E@std@@@std@@@std@@YAPAEPAE00AAU?$_Wrap_alloc@V?$allocator@E@std@@@0@@Z (unsigned char * __cdecl std::_Uninit_copy<unsigned char *,unsigned char *,struct std::_Wrap_alloc<class std::allocator<unsigned char> > >(unsigned char *,unsigned char *,unsigned char *,struct std::_Wrap_alloc<class std::allocator<unsigned char> > &))
825 00000000 SECT2F notype ()    External     | ??$_Move@AAPAE@std@@YA$$QAPAEAAPAE@Z (unsigned char * && __cdecl std::_Move<unsigned char * &>(unsigned char * &))
826 00000000 SECT189 notype ()    Static      | ??__E?id@?$numpunct@D@std@@2V0locale@2@A@@YAXXZ (void __cdecl `dynamic initializer for 'public: static class std::locale::id std::numpunct<char>::id''(void))
827 00000000 SECT18A notype ()    Static      | ??__E?id@?$numpunct@_W@std@@2V0locale@2@A@@YAXXZ (void __cdecl `dynamic initializer for 'public: static class std::locale::id std::numpunct<wchar_t>::id''(void))
828 00000000 SECT77 notype ()    External     | ??$construct@UHandle@MilesWire@@AAU12@@?$allocator@UHandle@MilesWire@@@std@@QAEXPAUHandle@MilesWire@@AAU23@@Z (public: void __thiscall std::allocator<struct MilesWire::Handle>::construct<struct MilesWire::Handle,struct MilesWire::Handle &>(struct MilesWire::Handle *,struct MilesWire::Handle &))
829 00000000 SECT6B notype ()    External     | ??$construct@PADAAPAD@?$allocator@D@std@@QAEXPAPADAAPAD@Z (public: void __thiscall std::allocator<char>::construct<char *,char * &>(char * *,char * &))
82A 00000000 SECT85 notype ()    External     | ??$destroy@PAD@?$allocator@D@std@@QAEXPAPAD@Z (public: void __thiscall std::allocator<char>::destroy<char *>(char * *))
82B 00000000 SECT30 notype ()    External     | ??$_Move@AAPAU_Container_proxy@std@@@std@@YA$$QAPAU_Container_proxy@0@AAPAU10@@Z (struct std::_Container_proxy * && __cdecl std::_Move<struct std::_Container_proxy * &>(struct std::_Container_proxy * &))
82C 00000000 SECT96 notype ()    External     | ??$destroy@UEntry@ResourceRegistry@MilesTransport@@@?$_Wrap_alloc@V?$allocator@UEntry@ResourceRegistry@MilesTransport@@@std@@@std@@QAEXPAUEntry@ResourceRegistry@MilesTransport@@@Z (public: void __thiscall std::_Wrap_alloc<class std::allocator<struct MilesTransport::ResourceRegistry::Entry> >::destroy<struct MilesTransport::ResourceRegistry::Entry>(struct MilesTransport::ResourceRegistry::Entry *))
82D 00000000 SECT42 notype ()    External     | ??$_Unchecked@PAUEntry@ResourceRegistry@MilesTransport@@@std@@YAPAUEntry@ResourceRegistry@MilesTransport@@PAU123@@Z (struct MilesTransport::ResourceRegistry::Entry * __cdecl std::_Unchecked<struct MilesTransport::ResourceRegistry::Entry *>(struct MilesTransport::ResourceRegistry::Entry *))
82E 00000000 SECT4E notype ()    External     | ??$_Uninit_move@PAUEntry@ResourceRegistry@MilesTransport@@PAU123@U?$_Wrap_alloc@V?$allocator@UEntry@ResourceRegistry@MilesTransport@@@std@@@std@@@std@@YAPAUEntry@ResourceRegistry@MilesTransport@@PAU123@00AAU?$_Wrap_alloc@V?$allocator@UEntry@ResourceRegistry@MilesTransport@@@std@@@0@@Z (struct MilesTransport::ResourceRegistry::Entry * __cdecl std::_Uninit_move<struct MilesTransport::ResourceRegistry::Entry *,struct MilesTransport::ResourceRegistry::Entry *,struct std::_Wrap_alloc<class std::allocator<struct MilesTransport::ResourceRegistry::Entry> > >(struct MilesTransport::ResourceRegistry::Entry *,struct MilesTransport::ResourceRegistry::Entry *,struct MilesTransport::ResourceRegistry::Entry *,struct std::_Wrap_alloc<class std::allocator<struct MilesTransport::ResourceRegistry::Entry> > &))
82F 00000000 SECT36 notype ()    External     | ??$_Rechecked@PAUEntry@ResourceRegistry@MilesTransport@@PAU123@@std@@YAAAPAUEntry@ResourceRegistry@MilesTransport@@AAPAU123@PAU123@@Z (struct MilesTransport::ResourceRegistry::Entry * & __cdecl std::_Rechecked<struct MilesTransport::ResourceRegistry::Entry *,struct MilesTransport::ResourceRegistry::Entry *>(struct MilesTransport::ResourceRegistry::Entry * &,struct MilesTransport::ResourceRegistry::Entry *))
830 00000000 SECT4D notype ()    External     | ??$_Uninit_move@PAEPAEU?$_Wrap_alloc@V?$allocator@E@std@@@std@@@std@@YAPAEPAE00AAU?$_Wrap_alloc@V?$allocator@E@std@@@0@@Z (unsigned char * __cdecl std::_Uninit_move<unsigned char *,unsigned char *,struct std::_Wrap_alloc<class std::allocator<unsigned char> > >(unsigned char *,unsigned char *,unsigned char *,struct std::_Wrap_alloc<class std::allocator<unsigned char> > &))
831 00000000 SECT8B notype ()    External     | ??$destroy@PAU?$_Tree_node@U?$pair@$$CB_KUCallback@Coordinator@MilesCoordinator@@@std@@PAX@std@@@?$allocator@U?$_Tree_node@U?$pair@$$CB_KUCallback@Coordinator@MilesCoordinator@@@std@@PAX@std@@@std@@QAEXPAPAU?$_Tree_node@U?$pair@$$CB_KUCallback@Coordinator@MilesCoordinator@@@std@@PAX@1@@Z (public: void __thiscall std::allocator<struct std::_Tree_node<struct std::pair<unsigned __int64 const ,struct MilesCoordinator::Coordinator::Callback>,void *> >::destroy<struct std::_Tree_node<struct std::pair<unsigned __int64 const ,struct MilesCoordinator::Coordinator::Callback>,void *> *>(struct std::_Tree_node<struct std::pair<unsigned __int64 const ,struct MilesCoordinator::Coordinator::Callback>,void *> * *))
832 00000000 SECT99 notype ()    External     | ??$destroy@UHandle@MilesWire@@@?$_Wrap_alloc@V?$allocator@UHandle@MilesWire@@@std@@@std@@QAEXPAUHandle@MilesWire@@@Z (public: void __thiscall std::_Wrap_alloc<class std::allocator<struct MilesWire::Handle> >::destroy<struct MilesWire::Handle>(struct MilesWire::Handle *))
833 00000000 SECT43 notype ()    External     | ??$_Unchecked@PAUHandle@MilesWire@@@std@@YAPAUHandle@MilesWire@@PAU12@@Z (struct MilesWire::Handle * __cdecl std::_Unchecked<struct MilesWire::Handle *>(struct MilesWire::Handle *))
834 00000000 SECT51 notype ()    External     | ??$_Uninit_move@PAUHandle@MilesWire@@PAU12@U?$_Wrap_alloc@V?$allocator@UHandle@MilesWire@@@std@@@std@@@std@@YAPAUHandle@MilesWire@@PAU12@00AAU?$_Wrap_alloc@V?$allocator@UHandle@MilesWire@@@std@@@0@@Z (struct MilesWire::Handle * __cdecl std::_Uninit_move<struct MilesWire::Handle *,struct MilesWire::Handle *,struct std::_Wrap_alloc<class std::allocator<struct MilesWire::Handle> > >(struct MilesWire::Handle *,struct MilesWire::Handle *,struct MilesWire::Handle *,struct std::_Wrap_alloc<class std::allocator<struct MilesWire::Handle> > &))
835 00000000 SECT37 notype ()    External     | ??$_Rechecked@PAUHandle@MilesWire@@PAU12@@std@@YAAAPAUHandle@MilesWire@@AAPAU12@PAU12@@Z (struct MilesWire::Handle * & __cdecl std::_Rechecked<struct MilesWire::Handle *,struct MilesWire::Handle *>(struct MilesWire::Handle * &,struct MilesWire::Handle *))
836 00000000 SECT8E notype ()    External     | ??$destroy@PAU?$_Tree_node@U?$pair@$$CB_KURegistration@Coordinator@MilesCoordinator@@@std@@PAX@std@@@?$allocator@U?$_Tree_node@U?$pair@$$CB_KURegistration@Coordinator@MilesCoordinator@@@std@@PAX@std@@@std@@QAEXPAPAU?$_Tree_node@U?$pair@$$CB_KURegistration@Coordinator@MilesCoordinator@@@std@@PAX@1@@Z (public: void __thiscall std::allocator<struct std::_Tree_node<struct std::pair<unsigned __int64 const ,struct MilesCoordinator::Coordinator::Registration>,void *> >::destroy<struct std::_Tree_node<struct std::pair<unsigned __int64 const ,struct MilesCoordinator::Coordinator::Registration>,void *> *>(struct std::_Tree_node<struct std::pair<unsigned __int64 const ,struct MilesCoordinator::Coordinator::Registration>,void *> * *))
837 00000000 SECT88 notype ()    External     | ??$destroy@PAU?$_List_node@V?$vector@EV?$allocator@E@std@@@std@@PAX@std@@@?$allocator@U?$_List_node@V?$vector@EV?$allocator@E@std@@@std@@PAX@std@@@std@@QAEXPAPAU?$_List_node@V?$vector@EV?$allocator@E@std@@@std@@PAX@1@@Z (public: void __thiscall std::allocator<struct std::_List_node<class std::vector<unsigned char,class std::allocator<unsigned char> >,void *> >::destroy<struct std::_List_node<class std::vector<unsigned char,class std::allocator<unsigned char> >,void *> *>(struct std::_List_node<class std::vector<unsigned char,class std::allocator<unsigned char> >,void *> * *))
838 00000000 SECT91 notype ()    External     | ??$destroy@U?$pair@$$CB_KUCallback@Coordinator@MilesCoordinator@@@std@@@?$allocator@U?$_Tree_node@U?$pair@$$CB_KUCallback@Coordinator@MilesCoordinator@@@std@@PAX@std@@@std@@QAEXPAU?$pair@$$CB_KUCallback@Coordinator@MilesCoordinator@@@1@@Z (public: void __thiscall std::allocator<struct std::_Tree_node<struct std::pair<unsigned __int64 const ,struct MilesCoordinator::Coordinator::Callback>,void *> >::destroy<struct std::pair<unsigned __int64 const ,struct MilesCoordinator::Coordinator::Callback> >(struct std::pair<unsigned __int64 const ,struct MilesCoordinator::Coordinator::Callback> *))
839 00000000 SECT94 notype ()    External     | ??$destroy@U?$pair@$$CB_KURegistration@Coordinator@MilesCoordinator@@@std@@@?$allocator@U?$_Tree_node@U?$pair@$$CB_KURegistration@Coordinator@MilesCoordinator@@@std@@PAX@std@@@std@@QAEXPAU?$pair@$$CB_KURegistration@Coordinator@MilesCoordinator@@@1@@Z (public: void __thiscall std::allocator<struct std::_Tree_node<struct std::pair<unsigned __int64 const ,struct MilesCoordinator::Coordinator::Registration>,void *> >::destroy<struct std::pair<unsigned __int64 const ,struct MilesCoordinator::Coordinator::Registration> >(struct std::pair<unsigned __int64 const ,struct MilesCoordinator::Coordinator::Registration> *))
83A 00000000 SECTA0 notype ()    External     | ??$destroy@V?$vector@EV?$allocator@E@std@@@std@@@?$allocator@U?$_List_node@V?$vector@EV?$allocator@E@std@@@std@@PAX@std@@@std@@QAEXPAV?$vector@EV?$allocator@E@std@@@1@@Z (public: void __thiscall std::allocator<struct std::_List_node<class std::vector<unsigned char,class std::allocator<unsigned char> >,void *> >::destroy<class std::vector<unsigned char,class std::allocator<unsigned char> > >(class std::vector<unsigned char,class std::allocator<unsigned char> > *))
83B 00000000 SECT6F notype ()    External     | ??$construct@PAU?$_List_node@V?$vector@EV?$allocator@E@std@@@std@@PAX@std@@AAPAU12@@?$allocator@U?$_List_node@V?$vector@EV?$allocator@E@std@@@std@@PAX@std@@@std@@QAEXPAPAU?$_List_node@V?$vector@EV?$allocator@E@std@@@std@@PAX@1@AAPAU21@@Z (public: void __thiscall std::allocator<struct std::_List_node<class std::vector<unsigned char,class std::allocator<unsigned char> >,void *> >::construct<struct std::_List_node<class std::vector<unsigned char,class std::allocator<unsigned char> >,void *> *,struct std::_List_node<class std::vector<unsigned char,class std::allocator<unsigned char> >,void *> * &>(struct std::_List_node<class std::vector<unsigned char,class std::allocator<unsigned char> >,void *> * *,struct std::_List_node<class std::vector<unsigned char,class std::allocator<unsigned char> >,void *> * &))
83C 00000000 SECT29 notype ()    External     | ??$_Distance2@PBEH@std@@YAXPBE0AAHUrandom_access_iterator_tag@0@@Z (void __cdecl std::_Distance2<unsigned char const *,int>(unsigned char const *,unsigned char const *,int &,struct std::random_access_iterator_tag))
83D 00000000 SECT55 notype ()    External     | ??$_Uninitialized_copy@PBEPAEU?$_Wrap_alloc@V?$allocator@E@std@@@std@@@std@@YAPAEPBE0PAEAAU?$_Wrap_alloc@V?$allocator@E@std@@@0@@Z (unsigned char * __cdecl std::_Uninitialized_copy<unsigned char const *,unsigned char *,struct std::_Wrap_alloc<class std::allocator<unsigned char> > >(unsigned char const *,unsigned char const *,unsigned char *,struct std::_Wrap_alloc<class std::allocator<unsigned char> > &))
83E 00000000 SECT47 notype ()    External     | ??$_Uninit_copy@$$CBEE@std@@YAPAEPBE0PAEAAU?$_Wrap_alloc@V?$allocator@E@std@@@0@U_Scalar_ptr_iterator_tag@0@@Z (unsigned char * __cdecl std::_Uninit_copy<unsigned char const ,unsigned char>(unsigned char const *,unsigned char const *,unsigned char *,struct std::_Wrap_alloc<class std::allocator<unsigned char> > &,struct std::_Scalar_ptr_iterator_tag))
83F 00000000 SECT48 notype ()    External     | ??$_Uninit_copy@EE@std@@YAPAEPAE00AAU?$_Wrap_alloc@V?$allocator@E@std@@@0@U_Scalar_ptr_iterator_tag@0@@Z (unsigned char * __cdecl std::_Uninit_copy<unsigned char,unsigned char>(unsigned char *,unsigned char *,unsigned char *,struct std::_Wrap_alloc<class std::allocator<unsigned char> > &,struct std::_Scalar_ptr_iterator_tag))
840 00000000 SECT98 notype ()    External     | ??$destroy@UEntry@ResourceRegistry@MilesTransport@@@?$allocator_traits@V?$allocator@UEntry@ResourceRegistry@MilesTransport@@@std@@@std@@SAXAAV?$allocator@UEntry@ResourceRegistry@MilesTransport@@@1@PAUEntry@ResourceRegistry@MilesTransport@@@Z (public: static void __cdecl std::allocator_traits<class std::allocator<struct MilesTransport::ResourceRegistry::Entry> >::destroy<struct MilesTransport::ResourceRegistry::Entry>(class std::allocator<struct MilesTransport::ResourceRegistry::Entry> &,struct MilesTransport::ResourceRegistry::Entry *))
841 00000000 SECT5D notype ()    External     | ??$_Val_type@PAUEntry@ResourceRegistry@MilesTransport@@@std@@YAPAUEntry@ResourceRegistry@MilesTransport@@PAU123@@Z (struct MilesTransport::ResourceRegistry::Entry * __cdecl std::_Val_type<struct MilesTransport::ResourceRegistry::Entry *>(struct MilesTransport::ResourceRegistry::Entry *))
842 00000000 SECT4F notype ()    External     | ??$_Uninit_move@PAUEntry@ResourceRegistry@MilesTransport@@PAU123@V?$allocator@UEntry@ResourceRegistry@MilesTransport@@@std@@U123@@std@@YAPAUEntry@ResourceRegistry@MilesTransport@@PAU123@00AAU?$_Wrap_alloc@V?$allocator@UEntry@ResourceRegistry@MilesTransport@@@std@@@0@0U_Nonscalar_ptr_iterator_tag@0@@Z (struct MilesTransport::ResourceRegistry::Entry * __cdecl std::_Uninit_move<struct MilesTransport::ResourceRegistry::Entry *,struct MilesTransport::ResourceRegistry::Entry *,class std::allocator<struct MilesTransport::ResourceRegistry::Entry>,struct MilesTransport::ResourceRegistry::Entry>(struct MilesTransport::ResourceRegistry::Entry *,struct MilesTransport::ResourceRegistry::Entry *,struct MilesTransport::ResourceRegistry::Entry *,struct std::_Wrap_alloc<class std::allocator<struct MilesTransport::ResourceRegistry::Entry> > &,struct MilesTransport::ResourceRegistry::Entry *,struct std::_Nonscalar_ptr_iterator_tag))
843 00000000 SECT4C notype ()    External     | ??$_Uninit_move@EEE@std@@YAPAEPAE00AAU?$_Wrap_alloc@V?$allocator@E@std@@@0@0U_Scalar_ptr_iterator_tag@0@@Z (unsigned char * __cdecl std::_Uninit_move<unsigned char,unsigned char,unsigned char>(unsigned char *,unsigned char *,unsigned char *,struct std::_Wrap_alloc<class std::allocator<unsigned char> > &,unsigned char *,struct std::_Scalar_ptr_iterator_tag))
844 00000000 SECT9B notype ()    External     | ??$destroy@UHandle@MilesWire@@@?$allocator_traits@V?$allocator@UHandle@MilesWire@@@std@@@std@@SAXAAV?$allocator@UHandle@MilesWire@@@1@PAUHandle@MilesWire@@@Z (public: static void __cdecl std::allocator_traits<class std::allocator<struct MilesWire::Handle> >::destroy<struct MilesWire::Handle>(class std::allocator<struct MilesWire::Handle> &,struct MilesWire::Handle *))
845 00000000 SECT5E notype ()    External     | ??$_Val_type@PAUHandle@MilesWire@@@std@@YAPAUHandle@MilesWire@@PAU12@@Z (struct MilesWire::Handle * __cdecl std::_Val_type<struct MilesWire::Handle *>(struct MilesWire::Handle *))
846 00000000 SECT52 notype ()    External     | ??$_Uninit_move@PAUHandle@MilesWire@@PAU12@V?$allocator@UHandle@MilesWire@@@std@@U12@@std@@YAPAUHandle@MilesWire@@PAU12@00AAU?$_Wrap_alloc@V?$allocator@UHandle@MilesWire@@@std@@@0@0U_Nonscalar_ptr_iterator_tag@0@@Z (struct MilesWire::Handle * __cdecl std::_Uninit_move<struct MilesWire::Handle *,struct MilesWire::Handle *,class std::allocator<struct MilesWire::Handle>,struct MilesWire::Handle>(struct MilesWire::Handle *,struct MilesWire::Handle *,struct MilesWire::Handle *,struct std::_Wrap_alloc<class std::allocator<struct MilesWire::Handle> > &,struct MilesWire::Handle *,struct std::_Nonscalar_ptr_iterator_tag))
847 00000000 SECT18 notype ()    External     | ??$_Debug_pointer@E@std@@YAXPBEPB_WI@Z (void __cdecl std::_Debug_pointer<unsigned char>(unsigned char const *,wchar_t const *,unsigned int))
848 00000000 SECT44 notype ()    External     | ??$_Unchecked@PBE@std@@YAPBEPBE@Z (unsigned char const * __cdecl std::_Unchecked<unsigned char const *>(unsigned char const *))
849 00000000 SECT22 notype ()    External     | ??$_Debug_range@PBE@std@@YAXPBE0PB_WI@Z (void __cdecl std::_Debug_range<unsigned char const *>(unsigned char const *,unsigned char const *,wchar_t const *,unsigned int))
84A 00000000 SECT17 notype ()    External     | ??$_Debug_pointer@E@std@@YAXPAEPB_WI@Z (void __cdecl std::_Debug_pointer<unsigned char>(unsigned char *,wchar_t const *,unsigned int))
84B 00000000 SECT1F notype ()    External     | ??$_Debug_range@PAE@std@@YAXPAE0PB_WI@Z (void __cdecl std::_Debug_range<unsigned char *>(unsigned char *,unsigned char *,wchar_t const *,unsigned int))
84C 00000000 SECT97 notype ()    External     | ??$destroy@UEntry@ResourceRegistry@MilesTransport@@@?$allocator@UEntry@ResourceRegistry@MilesTransport@@@std@@QAEXPAUEntry@ResourceRegistry@MilesTransport@@@Z (public: void __thiscall std::allocator<struct MilesTransport::ResourceRegistry::Entry>::destroy<struct MilesTransport::ResourceRegistry::Entry>(struct MilesTransport::ResourceRegistry::Entry *))
84D 00000000 SECT20 notype ()    External     | ??$_Debug_range@PAUEntry@ResourceRegistry@MilesTransport@@@std@@YAXPAUEntry@ResourceRegistry@MilesTransport@@0PB_WI@Z (void __cdecl std::_Debug_range<struct MilesTransport::ResourceRegistry::Entry *>(struct MilesTransport::ResourceRegistry::Entry *,struct MilesTransport::ResourceRegistry::Entry *,wchar_t const *,unsigned int))
84E 00000000 SECT19 notype ()    External     | ??$_Debug_pointer@UEntry@ResourceRegistry@MilesTransport@@@std@@YAXPAUEntry@ResourceRegistry@MilesTransport@@PB_WI@Z (void __cdecl std::_Debug_pointer<struct MilesTransport::ResourceRegistry::Entry>(struct MilesTransport::ResourceRegistry::Entry *,wchar_t const *,unsigned int))
84F 00000000 SECT9A notype ()    External     | ??$destroy@UHandle@MilesWire@@@?$allocator@UHandle@MilesWire@@@std@@QAEXPAUHandle@MilesWire@@@Z (public: void __thiscall std::allocator<struct MilesWire::Handle>::destroy<struct MilesWire::Handle>(struct MilesWire::Handle *))
850 00000000 SECT21 notype ()    External     | ??$_Debug_range@PAUHandle@MilesWire@@@std@@YAXPAUHandle@MilesWire@@0PB_WI@Z (void __cdecl std::_Debug_range<struct MilesWire::Handle *>(struct MilesWire::Handle *,struct MilesWire::Handle *,wchar_t const *,unsigned int))
851 00000000 SECT1A notype ()    External     | ??$_Debug_pointer@UHandle@MilesWire@@@std@@YAXPAUHandle@MilesWire@@PB_WI@Z (void __cdecl std::_Debug_pointer<struct MilesWire::Handle>(struct MilesWire::Handle *,wchar_t const *,unsigned int))
852 00000000 SECT7C notype ()    External     | ??$construct@UHandle@MilesWire@@U12@@?$_Wrap_alloc@V?$allocator@UHandle@MilesWire@@@std@@@std@@QAEXPAUHandle@MilesWire@@$$QAU23@@Z (public: void __thiscall std::_Wrap_alloc<class std::allocator<struct MilesWire::Handle> >::construct<struct MilesWire::Handle,struct MilesWire::Handle>(struct MilesWire::Handle *,struct MilesWire::Handle &&))
853 00000000 SECT1E notype ()    External     | ??$_Debug_range2@PBE@std@@YAXPBE0PB_WIUrandom_access_iterator_tag@0@@Z (void __cdecl std::_Debug_range2<unsigned char const *>(unsigned char const *,unsigned char const *,wchar_t const *,unsigned int,struct std::random_access_iterator_tag))
854 00000000 SECT2A notype ()    External     | ??$_Iter_cat@PAE@std@@YA?AUrandom_access_iterator_tag@0@ABQAE@Z (struct std::random_access_iterator_tag __cdecl std::_Iter_cat<unsigned char *>(unsigned char * const &))
855 00000000 SECT1B notype ()    External     | ??$_Debug_range2@PAE@std@@YAXPAE0PB_WIUrandom_access_iterator_tag@0@@Z (void __cdecl std::_Debug_range2<unsigned char *>(unsigned char *,unsigned char *,wchar_t const *,unsigned int,struct std::random_access_iterator_tag))
856 00000000 SECT2B notype ()    External     | ??$_Iter_cat@PAUEntry@ResourceRegistry@MilesTransport@@@std@@YA?AUrandom_access_iterator_tag@0@ABQAUEntry@ResourceRegistry@MilesTransport@@@Z (struct std::random_access_iterator_tag __cdecl std::_Iter_cat<struct MilesTransport::ResourceRegistry::Entry *>(struct MilesTransport::ResourceRegistry::Entry * const &))
857 00000000 SECT1C notype ()    External     | ??$_Debug_range2@PAUEntry@ResourceRegistry@MilesTransport@@@std@@YAXPAUEntry@ResourceRegistry@MilesTransport@@0PB_WIUrandom_access_iterator_tag@0@@Z (void __cdecl std::_Debug_range2<struct MilesTransport::ResourceRegistry::Entry *>(struct MilesTransport::ResourceRegistry::Entry *,struct MilesTransport::ResourceRegistry::Entry *,wchar_t const *,unsigned int,struct std::random_access_iterator_tag))
858 00000000 SECT2C notype ()    External     | ??$_Iter_cat@PAUHandle@MilesWire@@@std@@YA?AUrandom_access_iterator_tag@0@ABQAUHandle@MilesWire@@@Z (struct std::random_access_iterator_tag __cdecl std::_Iter_cat<struct MilesWire::Handle *>(struct MilesWire::Handle * const &))
859 00000000 SECT1D notype ()    External     | ??$_Debug_range2@PAUHandle@MilesWire@@@std@@YAXPAUHandle@MilesWire@@0PB_WIUrandom_access_iterator_tag@0@@Z (void __cdecl std::_Debug_range2<struct MilesWire::Handle *>(struct MilesWire::Handle *,struct MilesWire::Handle *,wchar_t const *,unsigned int,struct std::random_access_iterator_tag))
85A 00000000 SECTA8 notype ()    External     | ??$forward@UHandle@MilesWire@@@std@@YA$$QAUHandle@MilesWire@@AAU12@@Z (struct MilesWire::Handle && __cdecl std::forward<struct MilesWire::Handle>(struct MilesWire::Handle &))
85B 00000000 SECT7F notype ()    External     | ??$construct@UHandle@MilesWire@@U12@@?$allocator_traits@V?$allocator@UHandle@MilesWire@@@std@@@std@@SAXAAV?$allocator@UHandle@MilesWire@@@1@PAUHandle@MilesWire@@$$QAU34@@Z (public: static void __cdecl std::allocator_traits<class std::allocator<struct MilesWire::Handle> >::construct<struct MilesWire::Handle,struct MilesWire::Handle>(class std::allocator<struct MilesWire::Handle> &,struct MilesWire::Handle *,struct MilesWire::Handle &&))
85C 00000000 SECT7D notype ()    External     | ??$construct@UHandle@MilesWire@@U12@@?$allocator@UHandle@MilesWire@@@std@@QAEXPAUHandle@MilesWire@@$$QAU23@@Z (public: void __thiscall std::allocator<struct MilesWire::Handle>::construct<struct MilesWire::Handle,struct MilesWire::Handle>(struct MilesWire::Handle *,struct MilesWire::Handle &&))
85D 00000000 UNDEF  notype ()    External     | @__security_check_cookie@4
85E 00000000 UNDEF  notype ()    External     | __CxxThrowException@8
85F 00000000 UNDEF  notype ()    External     | ___CxxFrameHandler3
860 00000000 UNDEF  notype ()    External     | __allshl
861 00000000 UNDEF  notype ()    External     | _memset
862 00000008 SECT15E notype ()    Static      | __ehhandler$??4_Iterator_base12@std@@QAEAAU01@ABU01@@Z
863 00000000 SECT2B5 notype       Static      | .sxdata
    Section length   E4, #relocs    0, #linenums    0, checksum 698D54D3
865 00000000 SECT15E notype ()    Static      | __unwindfunclet$??4_Iterator_base12@std@@QAEAAU01@ABU01@@Z$0
866 00000010 SECT193 notype ()    Static      | __ehhandler$?_Adopt@_Iterator_base12@std@@QAEXPBU_Container_base12@2@@Z
867 00000000 SECT193 notype ()    Static      | __unwindfunclet$?_Adopt@_Iterator_base12@std@@QAEXPBU_Container_base12@2@@Z$0
868 00000008 SECT193 notype ()    Static      | __unwindfunclet$?_Adopt@_Iterator_base12@std@@QAEXPBU_Container_base12@2@@Z$1
869 00000008 SECTBA notype ()    Static       | __ehhandler$??0?$_String_alloc@$0A@U?$_String_base_types@DV?$allocator@D@std@@@std@@@std@@QAE@ABV?$allocator@D@1@@Z
86A 00000000 SECTBA notype ()    Static       | __unwindfunclet$??0?$_String_alloc@$0A@U?$_String_base_types@DV?$allocator@D@std@@@std@@@std@@QAE@ABV?$allocator@D@1@@Z$0
86B 00000008 SECTEC notype ()    Static       | __ehhandler$??0?$basic_string@DU?$char_traits@D@std@@V?$allocator@D@2@@std@@QAE@PBD@Z
86C 00000000 SECTEC notype ()    Static       | __unwindfunclet$??0?$basic_string@DU?$char_traits@D@std@@V?$allocator@D@2@@std@@QAE@PBD@Z$0
86D 00000000 SECT1A3 notype ()    Static      | __ehhandler$?_Copy@?$basic_string@DU?$char_traits@D@std@@V?$allocator@D@2@@std@@QAEXII@Z
86E 000000CF SECT1A2 notype ()    Static      | __catch$?_Copy@?$basic_string@DU?$char_traits@D@std@@V?$allocator@D@2@@std@@QAEXII@Z$0
86F 00000105 SECT1A2 notype ()    Static      | __catch$?_Copy@?$basic_string@DU?$char_traits@D@std@@V?$allocator@D@2@@std@@QAEXII@Z$1
870 00000129 SECT1A2 notype       Label       | $LN17
871 0000013F SECT1A2 notype       Label       | $LN19
872 00000008 SECTCC notype ()    Static       | __ehhandler$??0?$_Vector_alloc@$0A@U?$_Vec_base_types@UEntry@ResourceRegistry@MilesTransport@@V?$allocator@UEntry@ResourceRegistry@MilesTransport@@@std@@@std@@@std@@QAE@ABV?$allocator@UEntry@ResourceRegistry@MilesTransport@@@1@@Z
873 00000000 SECTCC notype ()    Static       | __unwindfunclet$??0?$_Vector_alloc@$0A@U?$_Vec_base_types@UEntry@ResourceRegistry@MilesTransport@@V?$allocator@UEntry@ResourceRegistry@MilesTransport@@@std@@@std@@@std@@QAE@ABV?$allocator@UEntry@ResourceRegistry@MilesTransport@@@1@@Z$0
874 00000000 SECT1F0 notype ()    Static      | __ehhandler$?_Reallocate@?$vector@UEntry@ResourceRegistry@MilesTransport@@V?$allocator@UEntry@ResourceRegistry@MilesTransport@@@std@@@std@@IAEXI@Z
875 0000006C SECT1EF notype ()    Static      | __catch$?_Reallocate@?$vector@UEntry@ResourceRegistry@MilesTransport@@V?$allocator@UEntry@ResourceRegistry@MilesTransport@@@std@@@std@@IAEXI@Z$0
876 0000009F SECT1EF notype       Label       | $LN8
877 00000008 SECT1E6 notype ()    Static      | __ehhandler$?_Orphan_range@?$vector@UEntry@ResourceRegistry@MilesTransport@@V?$allocator@UEntry@ResourceRegistry@MilesTransport@@@std@@@std@@IBEXPAUEntry@ResourceRegistry@MilesTransport@@0@Z
878 00000000 SECT1E6 notype ()    Static      | __unwindfunclet$?_Orphan_range@?$vector@UEntry@ResourceRegistry@MilesTransport@@V?$allocator@UEntry@ResourceRegistry@MilesTransport@@@std@@@std@@IBEXPAUEntry@ResourceRegistry@MilesTransport@@0@Z$0
879 00000008 SECT106 notype ()    Static      | __ehhandler$??0ResourceRegistry@MilesTransport@@QAE@II@Z
87A 00000000 SECT106 notype ()    Static      | __unwindfunclet$??0ResourceRegistry@MilesTransport@@QAE@II@Z$0
87B 00000008 SECTCA notype ()    Static       | __ehhandler$??0?$_Vector_alloc@$0A@U?$_Vec_base_types@EV?$allocator@E@std@@@std@@@std@@QAE@ABV?$allocator@E@1@@Z
87C 00000000 SECTCA notype ()    Static       | __unwindfunclet$??0?$_Vector_alloc@$0A@U?$_Vec_base_types@EV?$allocator@E@std@@@std@@@std@@QAE@ABV?$allocator@E@1@@Z$0
87D 00000008 SECTF3 notype ()    Static       | __ehhandler$??0?$vector@EV?$allocator@E@std@@@std@@QAE@ABV01@@Z
87E 000000B7 SECTF2 notype ()    Static       | __catch$??0?$vector@EV?$allocator@E@std@@@std@@QAE@ABV01@@Z$0
87F 000000D7 SECTF2 notype       Label        | $LN11
880 00000000 SECTF3 notype ()    Static       | __unwindfunclet$??0?$vector@EV?$allocator@E@std@@@std@@QAE@ABV01@@Z$2
881 00000008 SECTF1 notype ()    Static       | __ehhandler$??0?$vector@EV?$allocator@E@std@@@std@@QAE@$$QAV01@@Z
882 00000000 SECTF1 notype ()    Static       | __unwindfunclet$??0?$vector@EV?$allocator@E@std@@@std@@QAE@$$QAV01@@Z$0
883 00000000 SECT15B notype ()    Static      | __ehhandler$??4?$vector@EV?$allocator@E@std@@@std@@QAEAAV01@ABV01@@Z
884 00000201 SECT15A notype ()    Static      | __catch$??4?$vector@EV?$allocator@E@std@@@std@@QAEAAV01@ABV01@@Z$0
885 00000221 SECT15A notype       Label       | $LN17
886 00000000 SECT297 notype ()    Static      | __ehhandler$?resize@?$vector@EV?$allocator@E@std@@@std@@QAEXI@Z
887 000000B2 SECT296 notype ()    Static      | __catch$?resize@?$vector@EV?$allocator@E@std@@@std@@QAEXI@Z$0
888 000000D2 SECT296 notype       Label       | $LN10
889 00000000 SECT1EE notype ()    Static      | __ehhandler$?_Reallocate@?$vector@EV?$allocator@E@std@@@std@@IAEXI@Z
88A 0000006C SECT1ED notype ()    Static      | __catch$?_Reallocate@?$vector@EV?$allocator@E@std@@@std@@IAEXI@Z$0
88B 0000009F SECT1ED notype       Label       | $LN8
88C 00000008 SECT1E4 notype ()    Static      | __ehhandler$?_Orphan_range@?$vector@EV?$allocator@E@std@@@std@@IBEXPAE0@Z
88D 00000000 SECT1E4 notype ()    Static      | __unwindfunclet$?_Orphan_range@?$vector@EV?$allocator@E@std@@@std@@IBEXPAE0@Z$0
88E 00000008 SECT258 notype ()    Static      | __ehhandler$?erase@?$_Tree@V?$_Tmap_traits@_KUCallback@Coordinator@MilesCoordinator@@U?$less@_K@std@@V?$allocator@U?$pair@$$CB_KUCallback@Coordinator@MilesCoordinator@@@std@@@5@$0A@@std@@@std@@QAE?AV?$_Tree_iterator@V?$_Tree_val@U?$_Tree_simple_types@U?$pair@$$CB_KUCallback@Coordinator@MilesCoordinator@@@std@@@std@@@std@@@2@V?$_Tree_const_iterator@V?$_Tree_val@U?$_Tree_simple_types@U?$pair@$$CB_KUCallback@Coordinator@MilesCoordinator@@@std@@@std@@@std@@@2@@Z
88F 00000000 SECT258 notype ()    Static      | __unwindfunclet$?erase@?$_Tree@V?$_Tmap_traits@_KUCallback@Coordinator@MilesCoordinator@@U?$less@_K@std@@V?$allocator@U?$pair@$$CB_KUCallback@Coordinator@MilesCoordinator@@@std@@@5@$0A@@std@@@std@@QAE?AV?$_Tree_iterator@V?$_Tree_val@U?$_Tree_simple_types@U?$pair@$$CB_KUCallback@Coordinator@MilesCoordinator@@@std@@@std@@@std@@@2@V?$_Tree_const_iterator@V?$_Tree_val@U?$_Tree_simple_types@U?$pair@$$CB_KUCallback@Coordinator@MilesCoordinator@@@std@@@std@@@std@@@2@@Z$0
890 00000042 SECT256 notype ()    Static      | __ehhandler$?erase@?$_Tree@V?$_Tmap_traits@_KUCallback@Coordinator@MilesCoordinator@@U?$less@_K@std@@V?$allocator@U?$pair@$$CB_KUCallback@Coordinator@MilesCoordinator@@@std@@@5@$0A@@std@@@std@@QAE?AV?$_Tree_iterator@V?$_Tree_val@U?$_Tree_simple_types@U?$pair@$$CB_KUCallback@Coordinator@MilesCoordinator@@@std@@@std@@@std@@@2@V?$_Tree_const_iterator@V?$_Tree_val@U?$_Tree_simple_types@U?$pair@$$CB_KUCallback@Coordinator@MilesCoordinator@@@std@@@std@@@std@@@2@0@Z
891 00000000 SECT256 notype ()    Static      | __unwindfunclet$?erase@?$_Tree@V?$_Tmap_traits@_KUCallback@Coordinator@MilesCoordinator@@U?$less@_K@std@@V?$allocator@U?$pair@$$CB_KUCallback@Coordinator@MilesCoordinator@@@std@@@5@$0A@@std@@@std@@QAE?AV?$_Tree_iterator@V?$_Tree_val@U?$_Tree_simple_types@U?$pair@$$CB_KUCallback@Coordinator@MilesCoordinator@@@std@@@std@@@std@@@2@V?$_Tree_const_iterator@V?$_Tree_val@U?$_Tree_simple_types@U?$pair@$$CB_KUCallback@Coordinator@MilesCoordinator@@@std@@@std@@@std@@@2@0@Z$0
892 00000008 SECT256 notype ()    Static      | __unwindfunclet$?erase@?$_Tree@V?$_Tmap_traits@_KUCallback@Coordinator@MilesCoordinator@@U?$less@_K@std@@V?$allocator@U?$pair@$$CB_KUCallback@Coordinator@MilesCoordinator@@@std@@@5@$0A@@std@@@std@@QAE?AV?$_Tree_iterator@V?$_Tree_val@U?$_Tree_simple_types@U?$pair@$$CB_KUCallback@Coordinator@MilesCoordinator@@@std@@@std@@@std@@@2@V?$_Tree_const_iterator@V?$_Tree_val@U?$_Tree_simple_types@U?$pair@$$CB_KUCallback@Coordinator@MilesCoordinator@@@std@@@std@@@std@@@2@0@Z$1
893 00000010 SECT256 notype ()    Static      | __unwindfunclet$?erase@?$_Tree@V?$_Tmap_traits@_KUCallback@Coordinator@MilesCoordinator@@U?$less@_K@std@@V?$allocator@U?$pair@$$CB_KUCallback@Coordinator@MilesCoordinator@@@std@@@5@$0A@@std@@@std@@QAE?AV?$_Tree_iterator@V?$_Tree_val@U?$_Tree_simple_types@U?$pair@$$CB_KUCallback@Coordinator@MilesCoordinator@@@std@@@std@@@std@@@2@V?$_Tree_const_iterator@V?$_Tree_val@U?$_Tree_simple_types@U?$pair@$$CB_KUCallback@Coordinator@MilesCoordinator@@@std@@@std@@@std@@@2@0@Z$2
894 00000029 SECT256 notype ()    Static      | __unwindfunclet$?erase@?$_Tree@V?$_Tmap_traits@_KUCallback@Coordinator@MilesCoordinator@@U?$less@_K@std@@V?$allocator@U?$pair@$$CB_KUCallback@Coordinator@MilesCoordinator@@@std@@@5@$0A@@std@@@std@@QAE?AV?$_Tree_iterator@V?$_Tree_val@U?$_Tree_simple_types@U?$pair@$$CB_KUCallback@Coordinator@MilesCoordinator@@@std@@@std@@@std@@@2@V?$_Tree_const_iterator@V?$_Tree_val@U?$_Tree_simple_types@U?$pair@$$CB_KUCallback@Coordinator@MilesCoordinator@@@std@@@std@@@std@@@2@0@Z$3
895 00000028 SECT256 notype       Label       | $LN12
896 00000041 SECT256 notype       Label       | $LN14
897 00000008 SECT1DE notype ()    Static      | __ehhandler$?_Orphan_ptr@?$_Tree@V?$_Tmap_traits@_KUCallback@Coordinator@MilesCoordinator@@U?$less@_K@std@@V?$allocator@U?$pair@$$CB_KUCallback@Coordinator@MilesCoordinator@@@std@@@5@$0A@@std@@@std@@IBEXAAV12@PAU?$_Tree_node@U?$pair@$$CB_KUCallback@Coordinator@MilesCoordinator@@@std@@PAX@2@@Z
898 00000000 SECT1DE notype ()    Static      | __unwindfunclet$?_Orphan_ptr@?$_Tree@V?$_Tmap_traits@_KUCallback@Coordinator@MilesCoordinator@@U?$less@_K@std@@V?$allocator@U?$pair@$$CB_KUCallback@Coordinator@MilesCoordinator@@@std@@@5@$0A@@std@@@std@@IBEXAAV12@PAU?$_Tree_node@U?$pair@$$CB_KUCallback@Coordinator@MilesCoordinator@@@std@@PAX@2@@Z$0
899 00000018 SECT201 notype ()    Static      | __ehhandler$?_Tidy@?$_Tree@V?$_Tmap_traits@_KUCallback@Coordinator@MilesCoordinator@@U?$less@_K@std@@V?$allocator@U?$pair@$$CB_KUCallback@Coordinator@MilesCoordinator@@@std@@@5@$0A@@std@@@std@@IAEXXZ
89A 00000000 SECT201 notype ()    Static      | __unwindfunclet$?_Tidy@?$_Tree@V?$_Tmap_traits@_KUCallback@Coordinator@MilesCoordinator@@U?$less@_K@std@@V?$allocator@U?$pair@$$CB_KUCallback@Coordinator@MilesCoordinator@@@std@@@5@$0A@@std@@@std@@IAEXXZ$0
89B 00000008 SECT201 notype ()    Static      | __unwindfunclet$?_Tidy@?$_Tree@V?$_Tmap_traits@_KUCallback@Coordinator@MilesCoordinator@@U?$less@_K@std@@V?$allocator@U?$pair@$$CB_KUCallback@Coordinator@MilesCoordinator@@@std@@@5@$0A@@std@@@std@@IAEXXZ$1
89C 00000010 SECT201 notype ()    Static      | __unwindfunclet$?_Tidy@?$_Tree@V?$_Tmap_traits@_KUCallback@Coordinator@MilesCoordinator@@U?$less@_K@std@@V?$allocator@U?$pair@$$CB_KUCallback@Coordinator@MilesCoordinator@@@std@@@5@$0A@@std@@@std@@IAEXXZ$2
89D 00000008 SECTCE notype ()    Static       | __ehhandler$??0?$_Vector_alloc@$0A@U?$_Vec_base_types@UHandle@MilesWire@@V?$allocator@UHandle@MilesWire@@@std@@@std@@@std@@QAE@ABV?$allocator@UHandle@MilesWire@@@1@@Z
89E 00000000 SECTCE notype ()    Static       | __unwindfunclet$??0?$_Vector_alloc@$0A@U?$_Vec_base_types@UHandle@MilesWire@@V?$allocator@UHandle@MilesWire@@@std@@@std@@@std@@QAE@ABV?$allocator@UHandle@MilesWire@@@1@@Z$0
89F 00000008 SECT265 notype ()    Static      | __ehhandler$?front@?$vector@UHandle@MilesWire@@V?$allocator@UHandle@MilesWire@@@std@@@std@@QAEAAUHandle@MilesWire@@XZ
8A0 00000000 SECT265 notype ()    Static      | __unwindfunclet$?front@?$vector@UHandle@MilesWire@@V?$allocator@UHandle@MilesWire@@@std@@@std@@QAEAAUHandle@MilesWire@@XZ$0
8A1 00000000 SECT1F2 notype ()    Static      | __ehhandler$?_Reallocate@?$vector@UHandle@MilesWire@@V?$allocator@UHandle@MilesWire@@@std@@@std@@IAEXI@Z
8A2 0000006C SECT1F1 notype ()    Static      | __catch$?_Reallocate@?$vector@UHandle@MilesWire@@V?$allocator@UHandle@MilesWire@@@std@@@std@@IAEXI@Z$0
8A3 0000009F SECT1F1 notype       Label       | $LN8
8A4 00000008 SECT1E8 notype ()    Static      | __ehhandler$?_Orphan_range@?$vector@UHandle@MilesWire@@V?$allocator@UHandle@MilesWire@@@std@@@std@@IBEXPAUHandle@MilesWire@@0@Z
8A5 00000000 SECT1E8 notype ()    Static      | __unwindfunclet$?_Orphan_range@?$vector@UHandle@MilesWire@@V?$allocator@UHandle@MilesWire@@@std@@@std@@IBEXPAUHandle@MilesWire@@0@Z$0
8A6 00000008 SECT25C notype ()    Static      | __ehhandler$?erase@?$_Tree@V?$_Tmap_traits@_KURegistration@Coordinator@MilesCoordinator@@U?$less@_K@std@@V?$allocator@U?$pair@$$CB_KURegistration@Coordinator@MilesCoordinator@@@std@@@5@$0A@@std@@@std@@QAE?AV?$_Tree_iterator@V?$_Tree_val@U?$_Tree_simple_types@U?$pair@$$CB_KURegistration@Coordinator@MilesCoordinator@@@std@@@std@@@std@@@2@V?$_Tree_const_iterator@V?$_Tree_val@U?$_Tree_simple_types@U?$pair@$$CB_KURegistration@Coordinator@MilesCoordinator@@@std@@@std@@@std@@@2@@Z
8A7 00000000 SECT25C notype ()    Static      | __unwindfunclet$?erase@?$_Tree@V?$_Tmap_traits@_KURegistration@Coordinator@MilesCoordinator@@U?$less@_K@std@@V?$allocator@U?$pair@$$CB_KURegistration@Coordinator@MilesCoordinator@@@std@@@5@$0A@@std@@@std@@QAE?AV?$_Tree_iterator@V?$_Tree_val@U?$_Tree_simple_types@U?$pair@$$CB_KURegistration@Coordinator@MilesCoordinator@@@std@@@std@@@std@@@2@V?$_Tree_const_iterator@V?$_Tree_val@U?$_Tree_simple_types@U?$pair@$$CB_KURegistration@Coordinator@MilesCoordinator@@@std@@@std@@@std@@@2@@Z$0
8A8 00000042 SECT25A notype ()    Static      | __ehhandler$?erase@?$_Tree@V?$_Tmap_traits@_KURegistration@Coordinator@MilesCoordinator@@U?$less@_K@std@@V?$allocator@U?$pair@$$CB_KURegistration@Coordinator@MilesCoordinator@@@std@@@5@$0A@@std@@@std@@QAE?AV?$_Tree_iterator@V?$_Tree_val@U?$_Tree_simple_types@U?$pair@$$CB_KURegistration@Coordinator@MilesCoordinator@@@std@@@std@@@std@@@2@V?$_Tree_const_iterator@V?$_Tree_val@U?$_Tree_simple_types@U?$pair@$$CB_KURegistration@Coordinator@MilesCoordinator@@@std@@@std@@@std@@@2@0@Z
8A9 00000000 SECT25A notype ()    Static      | __unwindfunclet$?erase@?$_Tree@V?$_Tmap_traits@_KURegistration@Coordinator@MilesCoordinator@@U?$less@_K@std@@V?$allocator@U?$pair@$$CB_KURegistration@Coordinator@MilesCoordinator@@@std@@@5@$0A@@std@@@std@@QAE?AV?$_Tree_iterator@V?$_Tree_val@U?$_Tree_simple_types@U?$pair@$$CB_KURegistration@Coordinator@MilesCoordinator@@@std@@@std@@@std@@@2@V?$_Tree_const_iterator@V?$_Tree_val@U?$_Tree_simple_types@U?$pair@$$CB_KURegistration@Coordinator@MilesCoordinator@@@std@@@std@@@std@@@2@0@Z$0
8AA 00000008 SECT25A notype ()    Static      | __unwindfunclet$?erase@?$_Tree@V?$_Tmap_traits@_KURegistration@Coordinator@MilesCoordinator@@U?$less@_K@std@@V?$allocator@U?$pair@$$CB_KURegistration@Coordinator@MilesCoordinator@@@std@@@5@$0A@@std@@@std@@QAE?AV?$_Tree_iterator@V?$_Tree_val@U?$_Tree_simple_types@U?$pair@$$CB_KURegistration@Coordinator@MilesCoordinator@@@std@@@std@@@std@@@2@V?$_Tree_const_iterator@V?$_Tree_val@U?$_Tree_simple_types@U?$pair@$$CB_KURegistration@Coordinator@MilesCoordinator@@@std@@@std@@@std@@@2@0@Z$1
8AB 00000010 SECT25A notype ()    Static      | __unwindfunclet$?erase@?$_Tree@V?$_Tmap_traits@_KURegistration@Coordinator@MilesCoordinator@@U?$less@_K@std@@V?$allocator@U?$pair@$$CB_KURegistration@Coordinator@MilesCoordinator@@@std@@@5@$0A@@std@@@std@@QAE?AV?$_Tree_iterator@V?$_Tree_val@U?$_Tree_simple_types@U?$pair@$$CB_KURegistration@Coordinator@MilesCoordinator@@@std@@@std@@@std@@@2@V?$_Tree_const_iterator@V?$_Tree_val@U?$_Tree_simple_types@U?$pair@$$CB_KURegistration@Coordinator@MilesCoordinator@@@std@@@std@@@std@@@2@0@Z$2
8AC 00000029 SECT25A notype ()    Static      | __unwindfunclet$?erase@?$_Tree@V?$_Tmap_traits@_KURegistration@Coordinator@MilesCoordinator@@U?$less@_K@std@@V?$allocator@U?$pair@$$CB_KURegistration@Coordinator@MilesCoordinator@@@std@@@5@$0A@@std@@@std@@QAE?AV?$_Tree_iterator@V?$_Tree_val@U?$_Tree_simple_types@U?$pair@$$CB_KURegistration@Coordinator@MilesCoordinator@@@std@@@std@@@std@@@2@V?$_Tree_const_iterator@V?$_Tree_val@U?$_Tree_simple_types@U?$pair@$$CB_KURegistration@Coordinator@MilesCoordinator@@@std@@@std@@@std@@@2@0@Z$3
8AD 00000028 SECT25A notype       Label       | $LN12
8AE 00000041 SECT25A notype       Label       | $LN14
8AF 00000008 SECT1E0 notype ()    Static      | __ehhandler$?_Orphan_ptr@?$_Tree@V?$_Tmap_traits@_KURegistration@Coordinator@MilesCoordinator@@U?$less@_K@std@@V?$allocator@U?$pair@$$CB_KURegistration@Coordinator@MilesCoordinator@@@std@@@5@$0A@@std@@@std@@IBEXAAV12@PAU?$_Tree_node@U?$pair@$$CB_KURegistration@Coordinator@MilesCoordinator@@@std@@PAX@2@@Z
8B0 00000000 SECT1E0 notype ()    Static      | __unwindfunclet$?_Orphan_ptr@?$_Tree@V?$_Tmap_traits@_KURegistration@Coordinator@MilesCoordinator@@U?$less@_K@std@@V?$allocator@U?$pair@$$CB_KURegistration@Coordinator@MilesCoordinator@@@std@@@5@$0A@@std@@@std@@IBEXAAV12@PAU?$_Tree_node@U?$pair@$$CB_KURegistration@Coordinator@MilesCoordinator@@@std@@PAX@2@@Z$0
8B1 00000018 SECT203 notype ()    Static      | __ehhandler$?_Tidy@?$_Tree@V?$_Tmap_traits@_KURegistration@Coordinator@MilesCoordinator@@U?$less@_K@std@@V?$allocator@U?$pair@$$CB_KURegistration@Coordinator@MilesCoordinator@@@std@@@5@$0A@@std@@@std@@IAEXXZ
8B2 00000000 SECT203 notype ()    Static      | __unwindfunclet$?_Tidy@?$_Tree@V?$_Tmap_traits@_KURegistration@Coordinator@MilesCoordinator@@U?$less@_K@std@@V?$allocator@U?$pair@$$CB_KURegistration@Coordinator@MilesCoordinator@@@std@@@5@$0A@@std@@@std@@IAEXXZ$0
8B3 00000008 SECT203 notype ()    Static      | __unwindfunclet$?_Tidy@?$_Tree@V?$_Tmap_traits@_KURegistration@Coordinator@MilesCoordinator@@U?$less@_K@std@@V?$allocator@U?$pair@$$CB_KURegistration@Coordinator@MilesCoordinator@@@std@@@5@$0A@@std@@@std@@IAEXXZ$1
8B4 00000010 SECT203 notype ()    Static      | __unwindfunclet$?_Tidy@?$_Tree@V?$_Tmap_traits@_KURegistration@Coordinator@MilesCoordinator@@U?$less@_K@std@@V?$allocator@U?$pair@$$CB_KURegistration@Coordinator@MilesCoordinator@@@std@@@5@$0A@@std@@@std@@IAEXXZ$2
8B5 00000008 SECTB6 notype ()    Static       | __ehhandler$??0?$_List_alloc@$0A@U?$_List_base_types@V?$vector@EV?$allocator@E@std@@@std@@V?$allocator@V?$vector@EV?$allocator@E@std@@@std@@@2@@std@@@std@@QAE@ABV?$allocator@V?$vector@EV?$allocator@E@std@@@std@@@1@@Z
8B6 00000058 SECTB5 notype ()    Static       | __catch$??0?$_List_alloc@$0A@U?$_List_base_types@V?$vector@EV?$allocator@E@std@@@std@@V?$allocator@V?$vector@EV?$allocator@E@std@@@std@@@2@@std@@@std@@QAE@ABV?$allocator@V?$vector@EV?$allocator@E@std@@@std@@@1@@Z$0
8B7 0000007F SECTB5 notype       Label        | $LN8
8B8 00000000 SECTB6 notype ()    Static       | __unwindfunclet$??0?$_List_alloc@$0A@U?$_List_base_types@V?$vector@EV?$allocator@E@std@@@std@@V?$allocator@V?$vector@EV?$allocator@E@std@@@std@@@2@@std@@@std@@QAE@ABV?$allocator@V?$vector@EV?$allocator@E@std@@@std@@@1@@Z$2
8B9 00000000 SECT19D notype ()    Static      | __ehhandler$?_Buynode0@?$_List_alloc@$0A@U?$_List_base_types@V?$vector@EV?$allocator@E@std@@@std@@V?$allocator@V?$vector@EV?$allocator@E@std@@@std@@@2@@std@@@std@@QAEPAU?$_List_node@V?$vector@EV?$allocator@E@std@@@std@@PAX@2@PAU32@0@Z
8BA 000000D0 SECT19C notype ()    Static      | __catch$?_Buynode0@?$_List_alloc@$0A@U?$_List_base_types@V?$vector@EV?$allocator@E@std@@@std@@V?$allocator@V?$vector@EV?$allocator@E@std@@@std@@@2@@std@@@std@@QAEPAU?$_List_node@V?$vector@EV?$allocator@E@std@@@std@@PAX@2@PAU32@0@Z$0
8BB 00000101 SECT19C notype       Label       | $LN8
8BC 00000008 SECT1E2 notype ()    Static      | __ehhandler$?_Orphan_ptr@?$list@V?$vector@EV?$allocator@E@std@@@std@@V?$allocator@V?$vector@EV?$allocator@E@std@@@std@@@2@@std@@QBEXAAV12@PAU?$_List_node@V?$vector@EV?$allocator@E@std@@@std@@PAX@2@@Z
8BD 00000000 SECT1E2 notype ()    Static      | __unwindfunclet$?_Orphan_ptr@?$list@V?$vector@EV?$allocator@E@std@@@std@@V?$allocator@V?$vector@EV?$allocator@E@std@@@std@@@2@@std@@QBEXAAV12@PAU?$_List_node@V?$vector@EV?$allocator@E@std@@@std@@PAX@2@@Z$0
8BE 00000064 SECT26F notype       Static      | $LN11
8BF 0000001C SECT26F notype       Label       | $LN6
8C0 00000020 SECT26F notype       Label       | $LN5
8C1 00000027 SECT26F notype       Label       | $LN4
8C2 0000002E SECT26F notype       Label       | $LN3
8C3 00000035 SECT26F notype       Label       | $LN2
8C4 0000003C SECT26F notype       Label       | $LN1
8C5 0000000B SECT100 notype ()    Static      | __ehhandler$??0OwnedReply@StartupBridge@@QAE@XZ
8C6 00000000 SECT100 notype ()    Static      | __unwindfunclet$??0OwnedReply@StartupBridge@@QAE@XZ$0
8C7 0000000B SECTFE notype ()    Static       | __ehhandler$??0OwnedReply@StartupBridge@@QAE@ABU01@@Z
8C8 00000000 SECTFE notype ()    Static       | __unwindfunclet$??0OwnedReply@StartupBridge@@QAE@ABU01@@Z$0
8C9 0000000B SECT24A notype ()    Static      | __ehhandler$?decodeReply@StartupBridge@@YA_NUBytes@MilesTransport@@ABUHeader@MilesWire@@AAUOwnedReply@1@@Z
8CA 00000000 SECT24A notype ()    Static      | __unwindfunclet$?decodeReply@StartupBridge@@YA_NUBytes@MilesTransport@@ABUHeader@MilesWire@@AAUOwnedReply@1@@Z$0
8CB 0000005F SECTF8 notype ()    Static       | __ehhandler$??0Backend@@QAE@PBDI@Z
8CC 00000000 SECTF8 notype ()    Static       | __unwindfunclet$??0Backend@@QAE@PBDI@Z$0
8CD 0000000B SECTF8 notype ()    Static       | __unwindfunclet$??0Backend@@QAE@PBDI@Z$1
8CE 00000019 SECTF8 notype ()    Static       | __unwindfunclet$??0Backend@@QAE@PBDI@Z$2
8CF 00000027 SECTF8 notype ()    Static       | __unwindfunclet$??0Backend@@QAE@PBDI@Z$3
8D0 00000035 SECTF8 notype ()    Static       | __unwindfunclet$??0Backend@@QAE@PBDI@Z$4
8D1 00000043 SECTF8 notype ()    Static       | __unwindfunclet$??0Backend@@QAE@PBDI@Z$5
8D2 00000051 SECTF8 notype ()    Static       | __unwindfunclet$??0Backend@@QAE@PBDI@Z$6
8D3 00000024 SECT262 notype ()    Static      | __ehhandler$?executeUpload@Backend@@QAE?AUOwnedReply@StartupBridge@@IABUCall@MilesWire@@ABV?$vector@EV?$allocator@E@std@@@std@@@Z
8D4 00000000 SECT262 notype ()    Static      | __unwindfunclet$?executeUpload@Backend@@QAE?AUOwnedReply@StartupBridge@@IABUCall@MilesWire@@ABV?$vector@EV?$allocator@E@std@@@std@@@Z$0
8D5 0000000B SECT262 notype ()    Static      | __unwindfunclet$?executeUpload@Backend@@QAE?AUOwnedReply@StartupBridge@@IABUCall@MilesWire@@ABV?$vector@EV?$allocator@E@std@@@std@@@Z$2
8D6 00000019 SECT262 notype ()    Static      | __unwindfunclet$?executeUpload@Backend@@QAE?AUOwnedReply@StartupBridge@@IABUCall@MilesWire@@ABV?$vector@EV?$allocator@E@std@@@std@@@Z$3
8D7 00000058 SECT260 notype ()    Static      | __ehhandler$?execute@Backend@@QAE?AUOwnedReply@StartupBridge@@ABUHeader@MilesWire@@ABUCall@5@ABV?$vector@EV?$allocator@E@std@@@std@@@Z
8D8 00000162 SECT25F notype ()    Static      | __catch$?execute@Backend@@QAE?AUOwnedReply@StartupBridge@@ABUHeader@MilesWire@@ABUCall@5@ABV?$vector@EV?$allocator@E@std@@@std@@@Z$0
8D9 00000187 SECT25F notype       Label       | $LN121
8DA 00001734 SECT25F notype       Static      | $LN122
8DB 00001728 SECT25F notype       Static      | $LN124
8DC 0000025C SECT25F notype       Label       | $LN82
8DD 000002A6 SECT25F notype       Label       | $LN80
8DE 00001770 SECT25F notype       Static      | $LN125
8DF 0000034A SECT25F notype       Label       | $LN75
8E0 00000356 SECT25F notype       Label       | $LN74
8E1 00000362 SECT25F notype       Label       | $LN73
8E2 0000036E SECT25F notype       Label       | $LN72
8E3 000003B0 SECT25F notype       Label       | $LN83
8E4 00000000 SECT260 notype ()    Static      | __unwindfunclet$?execute@Backend@@QAE?AUOwnedReply@StartupBridge@@ABUHeader@MilesWire@@ABUCall@5@ABV?$vector@EV?$allocator@E@std@@@std@@@Z$2
8E5 0000000B SECT260 notype ()    Static      | __unwindfunclet$?execute@Backend@@QAE?AUOwnedReply@StartupBridge@@ABUHeader@MilesWire@@ABUCall@5@ABV?$vector@EV?$allocator@E@std@@@std@@@Z$4
8E6 00000016 SECT260 notype ()    Static      | __unwindfunclet$?execute@Backend@@QAE?AUOwnedReply@StartupBridge@@ABUHeader@MilesWire@@ABUCall@5@ABV?$vector@EV?$allocator@E@std@@@std@@@Z$5
8E7 00000021 SECT260 notype ()    Static      | __unwindfunclet$?execute@Backend@@QAE?AUOwnedReply@StartupBridge@@ABUHeader@MilesWire@@ABUCall@5@ABV?$vector@EV?$allocator@E@std@@@std@@@Z$6
8E8 0000002C SECT260 notype ()    Static      | __unwindfunclet$?execute@Backend@@QAE?AUOwnedReply@StartupBridge@@ABUHeader@MilesWire@@ABUCall@5@ABV?$vector@EV?$allocator@E@std@@@std@@@Z$7
8E9 00000037 SECT260 notype ()    Static      | __unwindfunclet$?execute@Backend@@QAE?AUOwnedReply@StartupBridge@@ABUHeader@MilesWire@@ABUCall@5@ABV?$vector@EV?$allocator@E@std@@@std@@@Z$8
8EA 00000042 SECT260 notype ()    Static      | __unwindfunclet$?execute@Backend@@QAE?AUOwnedReply@StartupBridge@@ABUHeader@MilesWire@@ABUCall@5@ABV?$vector@EV?$allocator@E@std@@@std@@@Z$9
8EB 0000004D SECT260 notype ()    Static      | __unwindfunclet$?execute@Backend@@QAE?AUOwnedReply@StartupBridge@@ABUHeader@MilesWire@@ABUCall@5@ABV?$vector@EV?$allocator@E@std@@@std@@@Z$10
8EC 00000008 SECT5  notype ()    Static       | __ehhandler$?nextCommand@?A0x9fe6e4aa@@YA?AV?$vector@EV?$allocator@E@std@@@std@@AAVEndpoint@MilesPipe@@@Z
8ED 00000000 SECT5  notype ()    Static       | __unwindfunclet$?nextCommand@?A0x9fe6e4aa@@YA?AV?$vector@EV?$allocator@E@std@@@std@@AAVEndpoint@MilesPipe@@@Z$0
8EE 000000A2 SECT5  notype ()    Static       | __ehhandler$?host@?A0x9fe6e4aa@@YAXHPAPAD@Z
8EF 00000023 SECT5  notype ()    Static       | __unwindfunclet$?host@?A0x9fe6e4aa@@YAXHPAPAD@Z$0
8F0 0000002B SECT5  notype ()    Static       | __unwindfunclet$?host@?A0x9fe6e4aa@@YAXHPAPAD@Z$1
8F1 00000039 SECT5  notype ()    Static       | __unwindfunclet$?host@?A0x9fe6e4aa@@YAXHPAPAD@Z$2
8F2 00000047 SECT5  notype ()    Static       | __unwindfunclet$?host@?A0x9fe6e4aa@@YAXHPAPAD@Z$3
8F3 00000052 SECT5  notype ()    Static       | __unwindfunclet$?host@?A0x9fe6e4aa@@YAXHPAPAD@Z$4
8F4 0000005D SECT5  notype ()    Static       | __unwindfunclet$?host@?A0x9fe6e4aa@@YAXHPAPAD@Z$5
8F5 00000068 SECT5  notype ()    Static       | __unwindfunclet$?host@?A0x9fe6e4aa@@YAXHPAPAD@Z$6
8F6 00000073 SECT5  notype ()    Static       | __unwindfunclet$?host@?A0x9fe6e4aa@@YAXHPAPAD@Z$7
8F7 0000007E SECT5  notype ()    Static       | __unwindfunclet$?host@?A0x9fe6e4aa@@YAXHPAPAD@Z$8
8F8 0000008C SECT5  notype ()    Static       | __unwindfunclet$?host@?A0x9fe6e4aa@@YAXHPAPAD@Z$9
8F9 00000097 SECT5  notype ()    Static       | __unwindfunclet$?host@?A0x9fe6e4aa@@YAXHPAPAD@Z$10
8FA 000000CA SECT5  notype ()    Static       | __ehhandler$_main
8FB 000010F2 SECT4  notype ()    Static       | __catch$_main$0
8FC 00001106 SECT4  notype       Label        | $LN7
8FD 00000008 SECTD1 notype ()    Static       | __ehhandler$??0?$_Vector_const_iterator@V?$_Vector_val@U?$_Simple_types@E@std@@@std@@@std@@QAE@PAEPBU_Container_base12@1@@Z
8FE 00000000 SECTD1 notype ()    Static       | __unwindfunclet$??0?$_Vector_const_iterator@V?$_Vector_val@U?$_Simple_types@E@std@@@std@@@std@@QAE@PAEPBU_Container_base12@1@@Z$0
8FF 00000018 SECT3D notype ()    Static       | __ehhandler$??$_Ucopy@V?$_Vector_const_iterator@V?$_Vector_val@U?$_Simple_types@E@std@@@std@@@std@@@?$vector@EV?$allocator@E@std@@@std@@IAEPAEV?$_Vector_const_iterator@V?$_Vector_val@U?$_Simple_types@E@std@@@std@@@1@0PAE@Z
900 00000000 SECT3D notype ()    Static       | __unwindfunclet$??$_Ucopy@V?$_Vector_const_iterator@V?$_Vector_val@U?$_Simple_types@E@std@@@std@@@std@@@?$vector@EV?$allocator@E@std@@@std@@IAEPAEV?$_Vector_const_iterator@V?$_Vector_val@U?$_Simple_types@E@std@@@std@@@1@0PAE@Z$0
901 00000008 SECT3D notype ()    Static       | __unwindfunclet$??$_Ucopy@V?$_Vector_const_iterator@V?$_Vector_val@U?$_Simple_types@E@std@@@std@@@std@@@?$vector@EV?$allocator@E@std@@@std@@IAEPAEV?$_Vector_const_iterator@V?$_Vector_val@U?$_Simple_types@E@std@@@std@@@1@0PAE@Z$1
902 00000010 SECT3D notype ()    Static       | __unwindfunclet$??$_Ucopy@V?$_Vector_const_iterator@V?$_Vector_val@U?$_Simple_types@E@std@@@std@@@std@@@?$vector@EV?$allocator@E@std@@@std@@IAEPAEV?$_Vector_const_iterator@V?$_Vector_val@U?$_Simple_types@E@std@@@std@@@1@0PAE@Z$2
903 00000008 SECTD3 notype ()    Static       | __ehhandler$??0?$_Vector_const_iterator@V?$_Vector_val@U?$_Simple_types@UHandle@MilesWire@@@std@@@std@@@std@@QAE@PAUHandle@MilesWire@@PBU_Container_base12@1@@Z
904 00000000 SECTD3 notype ()    Static       | __unwindfunclet$??0?$_Vector_const_iterator@V?$_Vector_val@U?$_Simple_types@UHandle@MilesWire@@@std@@@std@@@std@@QAE@PAUHandle@MilesWire@@PBU_Container_base12@1@@Z$0
905 00000008 SECTC4 notype ()    Static       | __ehhandler$??0?$_Tree_unchecked_const_iterator@V?$_Tree_val@U?$_Tree_simple_types@U?$pair@$$CB_KUCallback@Coordinator@MilesCoordinator@@@std@@@std@@@std@@U_Iterator_base12@2@@std@@QAE@PAU?$_Tree_node@U?$pair@$$CB_KUCallback@Coordinator@MilesCoordinator@@@std@@PAX@1@PBV?$_Tree_val@U?$_Tree_simple_types@U?$pair@$$CB_KUCallback@Coordinator@MilesCoordinator@@@std@@@std@@@1@@Z
906 00000000 SECTC4 notype ()    Static       | __unwindfunclet$??0?$_Tree_unchecked_const_iterator@V?$_Tree_val@U?$_Tree_simple_types@U?$pair@$$CB_KUCallback@Coordinator@MilesCoordinator@@@std@@@std@@@std@@U_Iterator_base12@2@@std@@QAE@PAU?$_Tree_node@U?$pair@$$CB_KUCallback@Coordinator@MilesCoordinator@@@std@@PAX@1@PBV?$_Tree_val@U?$_Tree_simple_types@U?$pair@$$CB_KUCallback@Coordinator@MilesCoordinator@@@std@@@std@@@1@@Z$0
907 00000008 SECT170 notype ()    Static      | __ehhandler$??E?$_Tree_const_iterator@V?$_Tree_val@U?$_Tree_simple_types@U?$pair@$$CB_KUCallback@Coordinator@MilesCoordinator@@@std@@@std@@@std@@@std@@QAE?AV01@H@Z
908 00000000 SECT170 notype ()    Static      | __unwindfunclet$??E?$_Tree_const_iterator@V?$_Tree_val@U?$_Tree_simple_types@U?$pair@$$CB_KUCallback@Coordinator@MilesCoordinator@@@std@@@std@@@std@@@std@@QAE?AV01@H@Z$0
909 00000008 SECTC7 notype ()    Static       | __ehhandler$??0?$_Tree_unchecked_const_iterator@V?$_Tree_val@U?$_Tree_simple_types@U?$pair@$$CB_KURegistration@Coordinator@MilesCoordinator@@@std@@@std@@@std@@U_Iterator_base12@2@@std@@QAE@PAU?$_Tree_node@U?$pair@$$CB_KURegistration@Coordinator@MilesCoordinator@@@std@@PAX@1@PBV?$_Tree_val@U?$_Tree_simple_types@U?$pair@$$CB_KURegistration@Coordinator@MilesCoordinator@@@std@@@std@@@1@@Z
90A 00000000 SECTC7 notype ()    Static       | __unwindfunclet$??0?$_Tree_unchecked_const_iterator@V?$_Tree_val@U?$_Tree_simple_types@U?$pair@$$CB_KURegistration@Coordinator@MilesCoordinator@@@std@@@std@@@std@@U_Iterator_base12@2@@std@@QAE@PAU?$_Tree_node@U?$pair@$$CB_KURegistration@Coordinator@MilesCoordinator@@@std@@PAX@1@PBV?$_Tree_val@U?$_Tree_simple_types@U?$pair@$$CB_KURegistration@Coordinator@MilesCoordinator@@@std@@@std@@@1@@Z$0
90B 00000008 SECT173 notype ()    Static      | __ehhandler$??E?$_Tree_const_iterator@V?$_Tree_val@U?$_Tree_simple_types@U?$pair@$$CB_KURegistration@Coordinator@MilesCoordinator@@@std@@@std@@@std@@@std@@QAE?AV01@H@Z
90C 00000000 SECT173 notype ()    Static      | __unwindfunclet$??E?$_Tree_const_iterator@V?$_Tree_val@U?$_Tree_simple_types@U?$pair@$$CB_KURegistration@Coordinator@MilesCoordinator@@@std@@@std@@@std@@@std@@QAE?AV01@H@Z$0
90D 00000011 SECT82 notype ()    Static       | __ehhandler$??$construct@U_Container_proxy@std@@U12@@?$allocator@U_Container_proxy@std@@@std@@QAEXPAU_Container_proxy@1@$$QAU21@@Z
90E 00000000 SECT82 notype ()    Static       | __unwindfunclet$??$construct@U_Container_proxy@std@@U12@@?$allocator@U_Container_proxy@std@@@std@@QAEXPAU_Container_proxy@1@$$QAU21@@Z$0
90F 00000010 SECT57 notype ()    Static       | __ehhandler$??$_Uninitialized_copy@V?$_Vector_const_iterator@V?$_Vector_val@U?$_Simple_types@E@std@@@std@@@std@@PAEU?$_Wrap_alloc@V?$allocator@E@std@@@2@@std@@YAPAEV?$_Vector_const_iterator@V?$_Vector_val@U?$_Simple_types@E@std@@@std@@@0@0PAEAAU?$_Wrap_alloc@V?$allocator@E@std@@@0@@Z
910 00000000 SECT57 notype ()    Static       | __unwindfunclet$??$_Uninitialized_copy@V?$_Vector_const_iterator@V?$_Vector_val@U?$_Simple_types@E@std@@@std@@@std@@PAEU?$_Wrap_alloc@V?$allocator@E@std@@@2@@std@@YAPAEV?$_Vector_const_iterator@V?$_Vector_val@U?$_Simple_types@E@std@@@std@@@0@0PAEAAU?$_Wrap_alloc@V?$allocator@E@std@@@0@@Z$0
911 00000008 SECT57 notype ()    Static       | __unwindfunclet$??$_Uninitialized_copy@V?$_Vector_const_iterator@V?$_Vector_val@U?$_Simple_types@E@std@@@std@@@std@@PAEU?$_Wrap_alloc@V?$allocator@E@std@@@2@@std@@YAPAEV?$_Vector_const_iterator@V?$_Vector_val@U?$_Simple_types@E@std@@@std@@@0@0PAEAAU?$_Wrap_alloc@V?$allocator@E@std@@@0@@Z$1
912 00000011 SECT74 notype ()    Static       | __ehhandler$??$construct@UEntry@ResourceRegistry@MilesTransport@@U123@@?$allocator@UEntry@ResourceRegistry@MilesTransport@@@std@@QAEXPAUEntry@ResourceRegistry@MilesTransport@@$$QAU234@@Z
913 00000000 SECT74 notype ()    Static       | __unwindfunclet$??$construct@UEntry@ResourceRegistry@MilesTransport@@U123@@?$allocator@UEntry@ResourceRegistry@MilesTransport@@@std@@QAEXPAUEntry@ResourceRegistry@MilesTransport@@$$QAU234@@Z$0
914 00000008 SECT46 notype ()    Static       | __ehhandler$??$_Unchecked@V?$_Vector_val@U?$_Simple_types@E@std@@@std@@@std@@YAPBEV?$_Vector_const_iterator@V?$_Vector_val@U?$_Simple_types@E@std@@@std@@@0@@Z
915 00000000 SECT46 notype ()    Static       | __unwindfunclet$??$_Unchecked@V?$_Vector_val@U?$_Simple_types@E@std@@@std@@@std@@YAPBEV?$_Vector_const_iterator@V?$_Vector_val@U?$_Simple_types@E@std@@@std@@@0@@Z$0
916 00000011 SECT78 notype ()    Static       | __ehhandler$??$construct@UHandle@MilesWire@@AAU12@@?$allocator@UHandle@MilesWire@@@std@@QAEXPAUHandle@MilesWire@@AAU23@@Z
917 00000000 SECT78 notype ()    Static       | __unwindfunclet$??$construct@UHandle@MilesWire@@AAU12@@?$allocator@UHandle@MilesWire@@@std@@QAEXPAUHandle@MilesWire@@AAU23@@Z$0
918 00000011 SECT6C notype ()    Static       | __ehhandler$??$construct@PADAAPAD@?$allocator@D@std@@QAEXPAPADAAPAD@Z
919 00000000 SECT6C notype ()    Static       | __unwindfunclet$??$construct@PADAAPAD@?$allocator@D@std@@QAEXPAPADAAPAD@Z$0
91A 00000011 SECT70 notype ()    Static       | __ehhandler$??$construct@PAU?$_List_node@V?$vector@EV?$allocator@E@std@@@std@@PAX@std@@AAPAU12@@?$allocator@U?$_List_node@V?$vector@EV?$allocator@E@std@@@std@@PAX@std@@@std@@QAEXPAPAU?$_List_node@V?$vector@EV?$allocator@E@std@@@std@@PAX@1@AAPAU21@@Z
91B 00000000 SECT70 notype ()    Static       | __unwindfunclet$??$construct@PAU?$_List_node@V?$vector@EV?$allocator@E@std@@@std@@PAX@std@@AAPAU12@@?$allocator@U?$_List_node@V?$vector@EV?$allocator@E@std@@@std@@PAX@std@@@std@@QAEXPAPAU?$_List_node@V?$vector@EV?$allocator@E@std@@@std@@PAX@1@AAPAU21@@Z$0
91C 00000000 SECT50 notype ()    Static       | __ehhandler$??$_Uninit_move@PAUEntry@ResourceRegistry@MilesTransport@@PAU123@V?$allocator@UEntry@ResourceRegistry@MilesTransport@@@std@@U123@@std@@YAPAUEntry@ResourceRegistry@MilesTransport@@PAU123@00AAU?$_Wrap_alloc@V?$allocator@UEntry@ResourceRegistry@MilesTransport@@@std@@@0@0U_Nonscalar_ptr_iterator_tag@0@@Z
91D 00000097 SECT4F notype ()    Static       | __catch$??$_Uninit_move@PAUEntry@ResourceRegistry@MilesTransport@@PAU123@V?$allocator@UEntry@ResourceRegistry@MilesTransport@@@std@@U123@@std@@YAPAUEntry@ResourceRegistry@MilesTransport@@PAU123@00AAU?$_Wrap_alloc@V?$allocator@UEntry@ResourceRegistry@MilesTransport@@@std@@@0@0U_Nonscalar_ptr_iterator_tag@0@@Z$0
91E 000000D0 SECT4F notype       Label        | $LN13
91F 00000000 SECT53 notype ()    Static       | __ehhandler$??$_Uninit_move@PAUHandle@MilesWire@@PAU12@V?$allocator@UHandle@MilesWire@@@std@@U12@@std@@YAPAUHandle@MilesWire@@PAU12@00AAU?$_Wrap_alloc@V?$allocator@UHandle@MilesWire@@@std@@@0@0U_Nonscalar_ptr_iterator_tag@0@@Z
920 00000097 SECT52 notype ()    Static       | __catch$??$_Uninit_move@PAUHandle@MilesWire@@PAU12@V?$allocator@UHandle@MilesWire@@@std@@U12@@std@@YAPAUHandle@MilesWire@@PAU12@00AAU?$_Wrap_alloc@V?$allocator@UHandle@MilesWire@@@std@@@0@0U_Nonscalar_ptr_iterator_tag@0@@Z$0
921 000000D0 SECT52 notype       Label        | $LN13
922 00000011 SECT7E notype ()    Static       | __ehhandler$??$construct@UHandle@MilesWire@@U12@@?$allocator@UHandle@MilesWire@@@std@@QAEXPAUHandle@MilesWire@@$$QAU23@@Z
923 00000000 SECT7E notype ()    Static       | __unwindfunclet$??$construct@UHandle@MilesWire@@U12@@?$allocator@UHandle@MilesWire@@@std@@QAEXPAUHandle@MilesWire@@$$QAU23@@Z$0
924 00000000 SECT2B6 notype       Static      | .xdata$x
    Section length   2C, #relocs    2, #linenums    0, checksum A7F7E1EC, selection    5 (pick associative Section 0x15D)
926 00000008 SECT2B6 notype       Static      | __ehfuncinfo$??4_Iterator_base12@std@@QAEAAU01@ABU01@@Z
927 00000000 SECT2B6 notype       Static      | __unwindtable$??4_Iterator_base12@std@@QAEAAU01@ABU01@@Z
928 00000000 SECT2B7 notype       Static      | .xdata$x
    Section length   34, #relocs    3, #linenums    0, checksum 5D3C191C, selection    5 (pick associative Section 0x192)
92A 00000010 SECT2B7 notype       Static      | __ehfuncinfo$?_Adopt@_Iterator_base12@std@@QAEXPBU_Container_base12@2@@Z
92B 00000000 SECT2B7 notype       Static      | __unwindtable$?_Adopt@_Iterator_base12@std@@QAEXPBU_Container_base12@2@@Z
92C 00000000 SECT2B8 notype       Static      | .xdata$x
    Section length   2C, #relocs    2, #linenums    0, checksum A7F7E1EC, selection    5 (pick associative Section 0xB9)
92E 00000008 SECT2B8 notype       Static      | __ehfuncinfo$??0?$_String_alloc@$0A@U?$_String_base_types@DV?$allocator@D@std@@@std@@@std@@QAE@ABV?$allocator@D@1@@Z
92F 00000000 SECT2B8 notype       Static      | __unwindtable$??0?$_String_alloc@$0A@U?$_String_base_types@DV?$allocator@D@std@@@std@@@std@@QAE@ABV?$allocator@D@1@@Z
930 00000000 SECT2B9 notype       Static      | .xdata$x
    Section length   2C, #relocs    2, #linenums    0, checksum A7F7E1EC, selection    5 (pick associative Section 0xEB)
932 00000008 SECT2B9 notype       Static      | __ehfuncinfo$??0?$basic_string@DU?$char_traits@D@std@@V?$allocator@D@2@@std@@QAE@PBD@Z
933 00000000 SECT2B9 notype       Static      | __unwindtable$??0?$basic_string@DU?$char_traits@D@std@@V?$allocator@D@2@@std@@QAE@PBD@Z
934 00000000 SECT2BA notype       Static      | .xdata$x
    Section length   8C, #relocs    6, #linenums    0, checksum EB9508FD, selection    5 (pick associative Section 0x1A2)
936 00000040 SECT2BA notype       Static      | __ehfuncinfo$?_Copy@?$basic_string@DU?$char_traits@D@std@@V?$allocator@D@2@@std@@QAEXII@Z
937 00000020 SECT2BA notype       Static      | __unwindtable$?_Copy@?$basic_string@DU?$char_traits@D@std@@V?$allocator@D@2@@std@@QAEXII@Z
938 00000064 SECT2BA notype       Static      | __tryblocktable$?_Copy@?$basic_string@DU?$char_traits@D@std@@V?$allocator@D@2@@std@@QAEXII@Z
939 00000010 SECT2BA notype       Static      | __catchsym$?_Copy@?$basic_string@DU?$char_traits@D@std@@V?$allocator@D@2@@std@@QAEXII@Z$4
93A 00000000 SECT2BA notype       Static      | __catchsym$?_Copy@?$basic_string@DU?$char_traits@D@std@@V?$allocator@D@2@@std@@QAEXII@Z$5
93B 00000000 SECT2BB notype       Static      | .xdata$x
    Section length   2C, #relocs    2, #linenums    0, checksum A7F7E1EC, selection    5 (pick associative Section 0xCB)
93D 00000008 SECT2BB notype       Static      | __ehfuncinfo$??0?$_Vector_alloc@$0A@U?$_Vec_base_types@UEntry@ResourceRegistry@MilesTransport@@V?$allocator@UEntry@ResourceRegistry@MilesTransport@@@std@@@std@@@std@@QAE@ABV?$allocator@UEntry@ResourceRegistry@MilesTransport@@@1@@Z
93E 00000000 SECT2BB notype       Static      | __unwindtable$??0?$_Vector_alloc@$0A@U?$_Vec_base_types@UEntry@ResourceRegistry@MilesTransport@@V?$allocator@UEntry@ResourceRegistry@MilesTransport@@@std@@@std@@@std@@QAE@ABV?$allocator@UEntry@ResourceRegistry@MilesTransport@@@1@@Z
93F 00000000 SECT2BC notype       Static      | .xdata$x
    Section length   58, #relocs    4, #linenums    0, checksum D5BF5650, selection    5 (pick associative Section 0x1EF)
941 00000034 SECT2BC notype       Static      | __ehfuncinfo$?_Reallocate@?$vector@UEntry@ResourceRegistry@MilesTransport@@V?$allocator@UEntry@ResourceRegistry@MilesTransport@@@std@@@std@@IAEXI@Z
942 00000010 SECT2BC notype       Static      | __unwindtable$?_Reallocate@?$vector@UEntry@ResourceRegistry@MilesTransport@@V?$allocator@UEntry@ResourceRegistry@MilesTransport@@@std@@@std@@IAEXI@Z
943 00000020 SECT2BC notype       Static      | __tryblocktable$?_Reallocate@?$vector@UEntry@ResourceRegistry@MilesTransport@@V?$allocator@UEntry@ResourceRegistry@MilesTransport@@@std@@@std@@IAEXI@Z
944 00000000 SECT2BC notype       Static      | __catchsym$?_Reallocate@?$vector@UEntry@ResourceRegistry@MilesTransport@@V?$allocator@UEntry@ResourceRegistry@MilesTransport@@@std@@@std@@IAEXI@Z$2
945 00000000 SECT2BD notype       Static      | .xdata$x
    Section length   2C, #relocs    2, #linenums    0, checksum A7F7E1EC, selection    5 (pick associative Section 0x1E5)
947 00000008 SECT2BD notype       Static      | __ehfuncinfo$?_Orphan_range@?$vector@UEntry@ResourceRegistry@MilesTransport@@V?$allocator@UEntry@ResourceRegistry@MilesTransport@@@std@@@std@@IBEXPAUEntry@ResourceRegistry@MilesTransport@@0@Z
948 00000000 SECT2BD notype       Static      | __unwindtable$?_Orphan_range@?$vector@UEntry@ResourceRegistry@MilesTransport@@V?$allocator@UEntry@ResourceRegistry@MilesTransport@@@std@@@std@@IBEXPAUEntry@ResourceRegistry@MilesTransport@@0@Z
949 00000000 SECT2BE notype       Static      | .xdata$x
    Section length   2C, #relocs    2, #linenums    0, checksum A7F7E1EC, selection    5 (pick associative Section 0x105)
94B 00000008 SECT2BE notype       Static      | __ehfuncinfo$??0ResourceRegistry@MilesTransport@@QAE@II@Z
94C 00000000 SECT2BE notype       Static      | __unwindtable$??0ResourceRegistry@MilesTransport@@QAE@II@Z
94D 00000000 SECT2BF notype       Static      | .xdata$x
    Section length   2C, #relocs    2, #linenums    0, checksum A7F7E1EC, selection    5 (pick associative Section 0xC9)
94F 00000008 SECT2BF notype       Static      | __ehfuncinfo$??0?$_Vector_alloc@$0A@U?$_Vec_base_types@EV?$allocator@E@std@@@std@@@std@@QAE@ABV?$allocator@E@1@@Z
950 00000000 SECT2BF notype       Static      | __unwindtable$??0?$_Vector_alloc@$0A@U?$_Vec_base_types@EV?$allocator@E@std@@@std@@@std@@QAE@ABV?$allocator@E@1@@Z
951 00000000 SECT2C0 notype       Static      | .xdata$x
    Section length   60, #relocs    5, #linenums    0, checksum F086F6C1, selection    5 (pick associative Section 0xF2)
953 0000003C SECT2C0 notype       Static      | __ehfuncinfo$??0?$vector@EV?$allocator@E@std@@@std@@QAE@ABV01@@Z
954 00000024 SECT2C0 notype       Static      | __unwindtable$??0?$vector@EV?$allocator@E@std@@@std@@QAE@ABV01@@Z
955 00000010 SECT2C0 notype       Static      | __tryblocktable$??0?$vector@EV?$allocator@E@std@@@std@@QAE@ABV01@@Z
956 00000000 SECT2C0 notype       Static      | __catchsym$??0?$vector@EV?$allocator@E@std@@@std@@QAE@ABV01@@Z$5
957 00000000 SECT2C1 notype       Static      | .xdata$x
    Section length   2C, #relocs    2, #linenums    0, checksum A7F7E1EC, selection    5 (pick associative Section 0xF0)
959 00000008 SECT2C1 notype       Static      | __ehfuncinfo$??0?$vector@EV?$allocator@E@std@@@std@@QAE@$$QAV01@@Z
95A 00000000 SECT2C1 notype       Static      | __unwindtable$??0?$vector@EV?$allocator@E@std@@@std@@QAE@$$QAV01@@Z
95B 00000000 SECT2C2 notype       Static      | .xdata$x
    Section length   58, #relocs    4, #linenums    0, checksum D5BF5650, selection    5 (pick associative Section 0x15A)
95D 00000034 SECT2C2 notype       Static      | __ehfuncinfo$??4?$vector@EV?$allocator@E@std@@@std@@QAEAAV01@ABV01@@Z
95E 00000010 SECT2C2 notype       Static      | __unwindtable$??4?$vector@EV?$allocator@E@std@@@std@@QAEAAV01@ABV01@@Z
95F 00000020 SECT2C2 notype       Static      | __tryblocktable$??4?$vector@EV?$allocator@E@std@@@std@@QAEAAV01@ABV01@@Z
960 00000000 SECT2C2 notype       Static      | __catchsym$??4?$vector@EV?$allocator@E@std@@@std@@QAEAAV01@ABV01@@Z$2
961 00000000 SECT2C3 notype       Static      | .xdata$x
    Section length   58, #relocs    4, #linenums    0, checksum D5BF5650, selection    5 (pick associative Section 0x296)
963 00000034 SECT2C3 notype       Static      | __ehfuncinfo$?resize@?$vector@EV?$allocator@E@std@@@std@@QAEXI@Z
964 00000010 SECT2C3 notype       Static      | __unwindtable$?resize@?$vector@EV?$allocator@E@std@@@std@@QAEXI@Z
965 00000020 SECT2C3 notype       Static      | __tryblocktable$?resize@?$vector@EV?$allocator@E@std@@@std@@QAEXI@Z
966 00000000 SECT2C3 notype       Static      | __catchsym$?resize@?$vector@EV?$allocator@E@std@@@std@@QAEXI@Z$2
967 00000000 SECT2C4 notype       Static      | .xdata$x
    Section length   58, #relocs    4, #linenums    0, checksum D5BF5650, selection    5 (pick associative Section 0x1ED)
969 00000034 SECT2C4 notype       Static      | __ehfuncinfo$?_Reallocate@?$vector@EV?$allocator@E@std@@@std@@IAEXI@Z
96A 00000010 SECT2C4 notype       Static      | __unwindtable$?_Reallocate@?$vector@EV?$allocator@E@std@@@std@@IAEXI@Z
96B 00000020 SECT2C4 notype       Static      | __tryblocktable$?_Reallocate@?$vector@EV?$allocator@E@std@@@std@@IAEXI@Z
96C 00000000 SECT2C4 notype       Static      | __catchsym$?_Reallocate@?$vector@EV?$allocator@E@std@@@std@@IAEXI@Z$2
96D 00000000 SECT2C5 notype       Static      | .xdata$x
    Section length   2C, #relocs    2, #linenums    0, checksum A7F7E1EC, selection    5 (pick associative Section 0x1E3)
96F 00000008 SECT2C5 notype       Static      | __ehfuncinfo$?_Orphan_range@?$vector@EV?$allocator@E@std@@@std@@IBEXPAE0@Z
970 00000000 SECT2C5 notype       Static      | __unwindtable$?_Orphan_range@?$vector@EV?$allocator@E@std@@@std@@IBEXPAE0@Z
971 00000000 SECT2C6 notype       Static      | .xdata$x
    Section length   2C, #relocs    2, #linenums    0, checksum A7F7E1EC, selection    5 (pick associative Section 0x257)
973 00000008 SECT2C6 notype       Static      | __ehfuncinfo$?erase@?$_Tree@V?$_Tmap_traits@_KUCallback@Coordinator@MilesCoordinator@@U?$less@_K@std@@V?$allocator@U?$pair@$$CB_KUCallback@Coordinator@MilesCoordinator@@@std@@@5@$0A@@std@@@std@@QAE?AV?$_Tree_iterator@V?$_Tree_val@U?$_Tree_simple_types@U?$pair@$$CB_KUCallback@Coordinator@MilesCoordinator@@@std@@@std@@@std@@@2@V?$_Tree_const_iterator@V?$_Tree_val@U?$_Tree_simple_types@U?$pair@$$CB_KUCallback@Coordinator@MilesCoordinator@@@std@@@std@@@std@@@2@@Z
974 00000000 SECT2C6 notype       Static      | __unwindtable$?erase@?$_Tree@V?$_Tmap_traits@_KUCallback@Coordinator@MilesCoordinator@@U?$less@_K@std@@V?$allocator@U?$pair@$$CB_KUCallback@Coordinator@MilesCoordinator@@@std@@@5@$0A@@std@@@std@@QAE?AV?$_Tree_iterator@V?$_Tree_val@U?$_Tree_simple_types@U?$pair@$$CB_KUCallback@Coordinator@MilesCoordinator@@@std@@@std@@@std@@@2@V?$_Tree_const_iterator@V?$_Tree_val@U?$_Tree_simple_types@U?$pair@$$CB_KUCallback@Coordinator@MilesCoordinator@@@std@@@std@@@std@@@2@@Z
975 00000000 SECT2C7 notype       Static      | .xdata$x
    Section length   44, #relocs    5, #linenums    0, checksum 89C87A14, selection    5 (pick associative Section 0x255)
977 00000020 SECT2C7 notype       Static      | __ehfuncinfo$?erase@?$_Tree@V?$_Tmap_traits@_KUCallback@Coordinator@MilesCoordinator@@U?$less@_K@std@@V?$allocator@U?$pair@$$CB_KUCallback@Coordinator@MilesCoordinator@@@std@@@5@$0A@@std@@@std@@QAE?AV?$_Tree_iterator@V?$_Tree_val@U?$_Tree_simple_types@U?$pair@$$CB_KUCallback@Coordinator@MilesCoordinator@@@std@@@std@@@std@@@2@V?$_Tree_const_iterator@V?$_Tree_val@U?$_Tree_simple_types@U?$pair@$$CB_KUCallback@Coordinator@MilesCoordinator@@@std@@@std@@@std@@@2@0@Z
978 00000000 SECT2C7 notype       Static      | __unwindtable$?erase@?$_Tree@V?$_Tmap_traits@_KUCallback@Coordinator@MilesCoordinator@@U?$less@_K@std@@V?$allocator@U?$pair@$$CB_KUCallback@Coordinator@MilesCoordinator@@@std@@@5@$0A@@std@@@std@@QAE?AV?$_Tree_iterator@V?$_Tree_val@U?$_Tree_simple_types@U?$pair@$$CB_KUCallback@Coordinator@MilesCoordinator@@@std@@@std@@@std@@@2@V?$_Tree_const_iterator@V?$_Tree_val@U?$_Tree_simple_types@U?$pair@$$CB_KUCallback@Coordinator@MilesCoordinator@@@std@@@std@@@std@@@2@0@Z
979 00000000 SECT2C8 notype       Static      | .xdata$x
    Section length   2C, #relocs    2, #linenums    0, checksum A7F7E1EC, selection    5 (pick associative Section 0x1DD)
97B 00000008 SECT2C8 notype       Static      | __ehfuncinfo$?_Orphan_ptr@?$_Tree@V?$_Tmap_traits@_KUCallback@Coordinator@MilesCoordinator@@U?$less@_K@std@@V?$allocator@U?$pair@$$CB_KUCallback@Coordinator@MilesCoordinator@@@std@@@5@$0A@@std@@@std@@IBEXAAV12@PAU?$_Tree_node@U?$pair@$$CB_KUCallback@Coordinator@MilesCoordinator@@@std@@PAX@2@@Z
97C 00000000 SECT2C8 notype       Static      | __unwindtable$?_Orphan_ptr@?$_Tree@V?$_Tmap_traits@_KUCallback@Coordinator@MilesCoordinator@@U?$less@_K@std@@V?$allocator@U?$pair@$$CB_KUCallback@Coordinator@MilesCoordinator@@@std@@@5@$0A@@std@@@std@@IBEXAAV12@PAU?$_Tree_node@U?$pair@$$CB_KUCallback@Coordinator@MilesCoordinator@@@std@@PAX@2@@Z
97D 00000000 SECT2C9 notype       Static      | .xdata$x
    Section length   44, #relocs    5, #linenums    0, checksum DD980AD0, selection    5 (pick associative Section 0x200)
97F 00000020 SECT2C9 notype       Static      | __ehfuncinfo$?_Tidy@?$_Tree@V?$_Tmap_traits@_KUCallback@Coordinator@MilesCoordinator@@U?$less@_K@std@@V?$allocator@U?$pair@$$CB_KUCallback@Coordinator@MilesCoordinator@@@std@@@5@$0A@@std@@@std@@IAEXXZ
980 00000000 SECT2C9 notype       Static      | __unwindtable$?_Tidy@?$_Tree@V?$_Tmap_traits@_KUCallback@Coordinator@MilesCoordinator@@U?$less@_K@std@@V?$allocator@U?$pair@$$CB_KUCallback@Coordinator@MilesCoordinator@@@std@@@5@$0A@@std@@@std@@IAEXXZ
981 00000000 SECT2CA notype       Static      | .xdata$x
    Section length   2C, #relocs    2, #linenums    0, checksum A7F7E1EC, selection    5 (pick associative Section 0xCD)
983 00000008 SECT2CA notype       Static      | __ehfuncinfo$??0?$_Vector_alloc@$0A@U?$_Vec_base_types@UHandle@MilesWire@@V?$allocator@UHandle@MilesWire@@@std@@@std@@@std@@QAE@ABV?$allocator@UHandle@MilesWire@@@1@@Z
984 00000000 SECT2CA notype       Static      | __unwindtable$??0?$_Vector_alloc@$0A@U?$_Vec_base_types@UHandle@MilesWire@@V?$allocator@UHandle@MilesWire@@@std@@@std@@@std@@QAE@ABV?$allocator@UHandle@MilesWire@@@1@@Z
985 00000000 SECT2CB notype       Static      | .xdata$x
    Section length   2C, #relocs    2, #linenums    0, checksum A7F7E1EC, selection    5 (pick associative Section 0x264)
987 00000008 SECT2CB notype       Static      | __ehfuncinfo$?front@?$vector@UHandle@MilesWire@@V?$allocator@UHandle@MilesWire@@@std@@@std@@QAEAAUHandle@MilesWire@@XZ
988 00000000 SECT2CB notype       Static      | __unwindtable$?front@?$vector@UHandle@MilesWire@@V?$allocator@UHandle@MilesWire@@@std@@@std@@QAEAAUHandle@MilesWire@@XZ
989 00000000 SECT2CC notype       Static      | .xdata$x
    Section length   58, #relocs    4, #linenums    0, checksum D5BF5650, selection    5 (pick associative Section 0x1F1)
98B 00000034 SECT2CC notype       Static      | __ehfuncinfo$?_Reallocate@?$vector@UHandle@MilesWire@@V?$allocator@UHandle@MilesWire@@@std@@@std@@IAEXI@Z
98C 00000010 SECT2CC notype       Static      | __unwindtable$?_Reallocate@?$vector@UHandle@MilesWire@@V?$allocator@UHandle@MilesWire@@@std@@@std@@IAEXI@Z
98D 00000020 SECT2CC notype       Static      | __tryblocktable$?_Reallocate@?$vector@UHandle@MilesWire@@V?$allocator@UHandle@MilesWire@@@std@@@std@@IAEXI@Z
98E 00000000 SECT2CC notype       Static      | __catchsym$?_Reallocate@?$vector@UHandle@MilesWire@@V?$allocator@UHandle@MilesWire@@@std@@@std@@IAEXI@Z$2
98F 00000000 SECT2CD notype       Static      | .xdata$x
    Section length   2C, #relocs    2, #linenums    0, checksum A7F7E1EC, selection    5 (pick associative Section 0x1E7)
991 00000008 SECT2CD notype       Static      | __ehfuncinfo$?_Orphan_range@?$vector@UHandle@MilesWire@@V?$allocator@UHandle@MilesWire@@@std@@@std@@IBEXPAUHandle@MilesWire@@0@Z
992 00000000 SECT2CD notype       Static      | __unwindtable$?_Orphan_range@?$vector@UHandle@MilesWire@@V?$allocator@UHandle@MilesWire@@@std@@@std@@IBEXPAUHandle@MilesWire@@0@Z
993 00000000 SECT2CE notype       Static      | .xdata$x
    Section length   2C, #relocs    2, #linenums    0, checksum A7F7E1EC, selection    5 (pick associative Section 0x25B)
995 00000008 SECT2CE notype       Static      | __ehfuncinfo$?erase@?$_Tree@V?$_Tmap_traits@_KURegistration@Coordinator@MilesCoordinator@@U?$less@_K@std@@V?$allocator@U?$pair@$$CB_KURegistration@Coordinator@MilesCoordinator@@@std@@@5@$0A@@std@@@std@@QAE?AV?$_Tree_iterator@V?$_Tree_val@U?$_Tree_simple_types@U?$pair@$$CB_KURegistration@Coordinator@MilesCoordinator@@@std@@@std@@@std@@@2@V?$_Tree_const_iterator@V?$_Tree_val@U?$_Tree_simple_types@U?$pair@$$CB_KURegistration@Coordinator@MilesCoordinator@@@std@@@std@@@std@@@2@@Z
996 00000000 SECT2CE notype       Static      | __unwindtable$?erase@?$_Tree@V?$_Tmap_traits@_KURegistration@Coordinator@MilesCoordinator@@U?$less@_K@std@@V?$allocator@U?$pair@$$CB_KURegistration@Coordinator@MilesCoordinator@@@std@@@5@$0A@@std@@@std@@QAE?AV?$_Tree_iterator@V?$_Tree_val@U?$_Tree_simple_types@U?$pair@$$CB_KURegistration@Coordinator@MilesCoordinator@@@std@@@std@@@std@@@2@V?$_Tree_const_iterator@V?$_Tree_val@U?$_Tree_simple_types@U?$pair@$$CB_KURegistration@Coordinator@MilesCoordinator@@@std@@@std@@@std@@@2@@Z
997 00000000 SECT2CF notype       Static      | .xdata$x
    Section length   44, #relocs    5, #linenums    0, checksum 89C87A14, selection    5 (pick associative Section 0x259)
999 00000020 SECT2CF notype       Static      | __ehfuncinfo$?erase@?$_Tree@V?$_Tmap_traits@_KURegistration@Coordinator@MilesCoordinator@@U?$less@_K@std@@V?$allocator@U?$pair@$$CB_KURegistration@Coordinator@MilesCoordinator@@@std@@@5@$0A@@std@@@std@@QAE?AV?$_Tree_iterator@V?$_Tree_val@U?$_Tree_simple_types@U?$pair@$$CB_KURegistration@Coordinator@MilesCoordinator@@@std@@@std@@@std@@@2@V?$_Tree_const_iterator@V?$_Tree_val@U?$_Tree_simple_types@U?$pair@$$CB_KURegistration@Coordinator@MilesCoordinator@@@std@@@std@@@std@@@2@0@Z
99A 00000000 SECT2CF notype       Static      | __unwindtable$?erase@?$_Tree@V?$_Tmap_traits@_KURegistration@Coordinator@MilesCoordinator@@U?$less@_K@std@@V?$allocator@U?$pair@$$CB_KURegistration@Coordinator@MilesCoordinator@@@std@@@5@$0A@@std@@@std@@QAE?AV?$_Tree_iterator@V?$_Tree_val@U?$_Tree_simple_types@U?$pair@$$CB_KURegistration@Coordinator@MilesCoordinator@@@std@@@std@@@std@@@2@V?$_Tree_const_iterator@V?$_Tree_val@U?$_Tree_simple_types@U?$pair@$$CB_KURegistration@Coordinator@MilesCoordinator@@@std@@@std@@@std@@@2@0@Z
99B 00000000 SECT2D0 notype       Static      | .xdata$x
    Section length   2C, #relocs    2, #linenums    0, checksum A7F7E1EC, selection    5 (pick associative Section 0x1DF)
99D 00000008 SECT2D0 notype       Static      | __ehfuncinfo$?_Orphan_ptr@?$_Tree@V?$_Tmap_traits@_KURegistration@Coordinator@MilesCoordinator@@U?$less@_K@std@@V?$allocator@U?$pair@$$CB_KURegistration@Coordinator@MilesCoordinator@@@std@@@5@$0A@@std@@@std@@IBEXAAV12@PAU?$_Tree_node@U?$pair@$$CB_KURegistration@Coordinator@MilesCoordinator@@@std@@PAX@2@@Z
99E 00000000 SECT2D0 notype       Static      | __unwindtable$?_Orphan_ptr@?$_Tree@V?$_Tmap_traits@_KURegistration@Coordinator@MilesCoordinator@@U?$less@_K@std@@V?$allocator@U?$pair@$$CB_KURegistration@Coordinator@MilesCoordinator@@@std@@@5@$0A@@std@@@std@@IBEXAAV12@PAU?$_Tree_node@U?$pair@$$CB_KURegistration@Coordinator@MilesCoordinator@@@std@@PAX@2@@Z
99F 00000000 SECT2D1 notype       Static      | .xdata$x
    Section length   44, #relocs    5, #linenums    0, checksum DD980AD0, selection    5 (pick associative Section 0x202)
9A1 00000020 SECT2D1 notype       Static      | __ehfuncinfo$?_Tidy@?$_Tree@V?$_Tmap_traits@_KURegistration@Coordinator@MilesCoordinator@@U?$less@_K@std@@V?$allocator@U?$pair@$$CB_KURegistration@Coordinator@MilesCoordinator@@@std@@@5@$0A@@std@@@std@@IAEXXZ
9A2 00000000 SECT2D1 notype       Static      | __unwindtable$?_Tidy@?$_Tree@V?$_Tmap_traits@_KURegistration@Coordinator@MilesCoordinator@@U?$less@_K@std@@V?$allocator@U?$pair@$$CB_KURegistration@Coordinator@MilesCoordinator@@@std@@@5@$0A@@std@@@std@@IAEXXZ
9A3 00000000 SECT2D2 notype       Static      | .xdata$x
    Section length   60, #relocs    5, #linenums    0, checksum F086F6C1, selection    5 (pick associative Section 0xB5)
9A5 0000003C SECT2D2 notype       Static      | __ehfuncinfo$??0?$_List_alloc@$0A@U?$_List_base_types@V?$vector@EV?$allocator@E@std@@@std@@V?$allocator@V?$vector@EV?$allocator@E@std@@@std@@@2@@std@@@std@@QAE@ABV?$allocator@V?$vector@EV?$allocator@E@std@@@std@@@1@@Z
9A6 00000024 SECT2D2 notype       Static      | __unwindtable$??0?$_List_alloc@$0A@U?$_List_base_types@V?$vector@EV?$allocator@E@std@@@std@@V?$allocator@V?$vector@EV?$allocator@E@std@@@std@@@2@@std@@@std@@QAE@ABV?$allocator@V?$vector@EV?$allocator@E@std@@@std@@@1@@Z
9A7 00000010 SECT2D2 notype       Static      | __tryblocktable$??0?$_List_alloc@$0A@U?$_List_base_types@V?$vector@EV?$allocator@E@std@@@std@@V?$allocator@V?$vector@EV?$allocator@E@std@@@std@@@2@@std@@@std@@QAE@ABV?$allocator@V?$vector@EV?$allocator@E@std@@@std@@@1@@Z
9A8 00000000 SECT2D2 notype       Static      | __catchsym$??0?$_List_alloc@$0A@U?$_List_base_types@V?$vector@EV?$allocator@E@std@@@std@@V?$allocator@V?$vector@EV?$allocator@E@std@@@std@@@2@@std@@@std@@QAE@ABV?$allocator@V?$vector@EV?$allocator@E@std@@@std@@@1@@Z$3
9A9 00000000 SECT2D3 notype       Static      | .xdata$x
    Section length   58, #relocs    4, #linenums    0, checksum D5BF5650, selection    5 (pick associative Section 0x19C)
9AB 00000034 SECT2D3 notype       Static      | __ehfuncinfo$?_Buynode0@?$_List_alloc@$0A@U?$_List_base_types@V?$vector@EV?$allocator@E@std@@@std@@V?$allocator@V?$vector@EV?$allocator@E@std@@@std@@@2@@std@@@std@@QAEPAU?$_List_node@V?$vector@EV?$allocator@E@std@@@std@@PAX@2@PAU32@0@Z
9AC 00000010 SECT2D3 notype       Static      | __unwindtable$?_Buynode0@?$_List_alloc@$0A@U?$_List_base_types@V?$vector@EV?$allocator@E@std@@@std@@V?$allocator@V?$vector@EV?$allocator@E@std@@@std@@@2@@std@@@std@@QAEPAU?$_List_node@V?$vector@EV?$allocator@E@std@@@std@@PAX@2@PAU32@0@Z
9AD 00000020 SECT2D3 notype       Static      | __tryblocktable$?_Buynode0@?$_List_alloc@$0A@U?$_List_base_types@V?$vector@EV?$allocator@E@std@@@std@@V?$allocator@V?$vector@EV?$allocator@E@std@@@std@@@2@@std@@@std@@QAEPAU?$_List_node@V?$vector@EV?$allocator@E@std@@@std@@PAX@2@PAU32@0@Z
9AE 00000000 SECT2D3 notype       Static      | __catchsym$?_Buynode0@?$_List_alloc@$0A@U?$_List_base_types@V?$vector@EV?$allocator@E@std@@@std@@V?$allocator@V?$vector@EV?$allocator@E@std@@@std@@@2@@std@@@std@@QAEPAU?$_List_node@V?$vector@EV?$allocator@E@std@@@std@@PAX@2@PAU32@0@Z$2
9AF 00000000 SECT2D4 notype       Static      | .xdata$x
    Section length   2C, #relocs    2, #linenums    0, checksum A7F7E1EC, selection    5 (pick associative Section 0x1E1)
9B1 00000008 SECT2D4 notype       Static      | __ehfuncinfo$?_Orphan_ptr@?$list@V?$vector@EV?$allocator@E@std@@@std@@V?$allocator@V?$vector@EV?$allocator@E@std@@@std@@@2@@std@@QBEXAAV12@PAU?$_List_node@V?$vector@EV?$allocator@E@std@@@std@@PAX@2@@Z
9B2 00000000 SECT2D4 notype       Static      | __unwindtable$?_Orphan_ptr@?$list@V?$vector@EV?$allocator@E@std@@@std@@V?$allocator@V?$vector@EV?$allocator@E@std@@@std@@@2@@std@@QBEXAAV12@PAU?$_List_node@V?$vector@EV?$allocator@E@std@@@std@@PAX@2@@Z
9B3 00000000 SECT2D5 notype       Static      | .xdata$x
    Section length   2C, #relocs    2, #linenums    0, checksum A7F7E1EC, selection    5 (pick associative Section 0xFF)
9B5 00000008 SECT2D5 notype       Static      | __ehfuncinfo$??0OwnedReply@StartupBridge@@QAE@XZ
9B6 00000000 SECT2D5 notype       Static      | __unwindtable$??0OwnedReply@StartupBridge@@QAE@XZ
9B7 00000000 SECT2D6 notype       Static      | .xdata$x
    Section length   2C, #relocs    2, #linenums    0, checksum A7F7E1EC, selection    5 (pick associative Section 0xFD)
9B9 00000008 SECT2D6 notype       Static      | __ehfuncinfo$??0OwnedReply@StartupBridge@@QAE@ABU01@@Z
9BA 00000000 SECT2D6 notype       Static      | __unwindtable$??0OwnedReply@StartupBridge@@QAE@ABU01@@Z
9BB 00000000 SECT2D7 notype       Static      | .xdata$x
    Section length   2C, #relocs    2, #linenums    0, checksum A7F7E1EC, selection    5 (pick associative Section 0x249)
9BD 00000008 SECT2D7 notype       Static      | __ehfuncinfo$?decodeReply@StartupBridge@@YA_NUBytes@MilesTransport@@ABUHeader@MilesWire@@AAUOwnedReply@1@@Z
9BE 00000000 SECT2D7 notype       Static      | __unwindtable$?decodeReply@StartupBridge@@YA_NUBytes@MilesTransport@@ABUHeader@MilesWire@@AAUOwnedReply@1@@Z
9BF 00000000 SECT2D8 notype       Static      | .xdata$x
    Section length   5C, #relocs    8, #linenums    0, checksum D16F5B2C, selection    5 (pick associative Section 0xF7)
9C1 00000000 SECT2D8 notype       Static      | __ehfuncinfo$??0Backend@@QAE@PBDI@Z
9C2 00000024 SECT2D8 notype       Static      | __unwindtable$??0Backend@@QAE@PBDI@Z
9C3 00000000 SECT2D9 notype       Static      | .xdata$x
    Section length   3C, #relocs    4, #linenums    0, checksum 180403ED, selection    5 (pick associative Section 0x261)
9C5 00000018 SECT2D9 notype       Static      | __ehfuncinfo$?executeUpload@Backend@@QAE?AUOwnedReply@StartupBridge@@IABUCall@MilesWire@@ABV?$vector@EV?$allocator@E@std@@@std@@@Z
9C6 00000000 SECT2D9 notype       Static      | __unwindtable$?executeUpload@Backend@@QAE?AUOwnedReply@StartupBridge@@IABUCall@MilesWire@@ABV?$vector@EV?$allocator@E@std@@@std@@@Z
9C7 00000000 SECT2DA notype       Static      | .xdata$x
    Section length   98, #relocs    C, #linenums    0, checksum A6002F37, selection    5 (pick associative Section 0x25F)
9C9 00000024 SECT2DA notype       Static      | __ehfuncinfo$?execute@Backend@@QAE?AUOwnedReply@StartupBridge@@ABUHeader@MilesWire@@ABUCall@5@ABV?$vector@EV?$allocator@E@std@@@std@@@Z
9CA 00000048 SECT2DA notype       Static      | __unwindtable$?execute@Backend@@QAE?AUOwnedReply@StartupBridge@@ABUHeader@MilesWire@@ABUCall@5@ABV?$vector@EV?$allocator@E@std@@@std@@@Z
9CB 00000010 SECT2DA notype       Static      | __tryblocktable$?execute@Backend@@QAE?AUOwnedReply@StartupBridge@@ABUHeader@MilesWire@@ABUCall@5@ABV?$vector@EV?$allocator@E@std@@@std@@@Z
9CC 00000000 SECT2DA notype       Static      | __catchsym$?execute@Backend@@QAE?AUOwnedReply@StartupBridge@@ABUHeader@MilesWire@@ABUCall@5@ABV?$vector@EV?$allocator@E@std@@@std@@@Z$11
9CD 00000000 SECT2DB notype       Static      | .xdata$x
    Section length  100, #relocs   12, #linenums    0, checksum 70BD1A00
9CF 00000084 SECT2DB notype       Static      | __ehfuncinfo$?nextCommand@?A0x9fe6e4aa@@YA?AV?$vector@EV?$allocator@E@std@@@std@@AAVEndpoint@MilesPipe@@@Z
9D0 00000000 SECT2DB notype       Static      | __unwindtable$?nextCommand@?A0x9fe6e4aa@@YA?AV?$vector@EV?$allocator@E@std@@@std@@AAVEndpoint@MilesPipe@@@Z
9D1 00000060 SECT2DB notype       Static      | __ehfuncinfo$?host@?A0x9fe6e4aa@@YAXHPAPAD@Z
9D2 000000A8 SECT2DB notype       Static      | __unwindtable$?host@?A0x9fe6e4aa@@YAXHPAPAD@Z
9D3 0000003C SECT2DB notype       Static      | __ehfuncinfo$_main
9D4 00000018 SECT2DB notype       Static      | __unwindtable$_main
9D5 00000028 SECT2DB notype       Static      | __tryblocktable$_main
9D6 00000008 SECT2DB notype       Static      | __catchsym$_main$2
9D7 00000000 SECT2DC notype       Static      | .xdata$x
    Section length   2C, #relocs    2, #linenums    0, checksum A7F7E1EC, selection    5 (pick associative Section 0xD0)
9D9 00000008 SECT2DC notype       Static      | __ehfuncinfo$??0?$_Vector_const_iterator@V?$_Vector_val@U?$_Simple_types@E@std@@@std@@@std@@QAE@PAEPBU_Container_base12@1@@Z
9DA 00000000 SECT2DC notype       Static      | __unwindtable$??0?$_Vector_const_iterator@V?$_Vector_val@U?$_Simple_types@E@std@@@std@@@std@@QAE@PAEPBU_Container_base12@1@@Z
9DB 00000000 SECT2DD notype       Static      | .xdata$x
    Section length   3C, #relocs    4, #linenums    0, checksum 322C3B8F, selection    5 (pick associative Section 0x3C)
9DD 00000018 SECT2DD notype       Static      | __ehfuncinfo$??$_Ucopy@V?$_Vector_const_iterator@V?$_Vector_val@U?$_Simple_types@E@std@@@std@@@std@@@?$vector@EV?$allocator@E@std@@@std@@IAEPAEV?$_Vector_const_iterator@V?$_Vector_val@U?$_Simple_types@E@std@@@std@@@1@0PAE@Z
9DE 00000000 SECT2DD notype       Static      | __unwindtable$??$_Ucopy@V?$_Vector_const_iterator@V?$_Vector_val@U?$_Simple_types@E@std@@@std@@@std@@@?$vector@EV?$allocator@E@std@@@std@@IAEPAEV?$_Vector_const_iterator@V?$_Vector_val@U?$_Simple_types@E@std@@@std@@@1@0PAE@Z
9DF 00000000 SECT2DE notype       Static      | .xdata$x
    Section length   2C, #relocs    2, #linenums    0, checksum A7F7E1EC, selection    5 (pick associative Section 0xD2)
9E1 00000008 SECT2DE notype       Static      | __ehfuncinfo$??0?$_Vector_const_iterator@V?$_Vector_val@U?$_Simple_types@UHandle@MilesWire@@@std@@@std@@@std@@QAE@PAUHandle@MilesWire@@PBU_Container_base12@1@@Z
9E2 00000000 SECT2DE notype       Static      | __unwindtable$??0?$_Vector_const_iterator@V?$_Vector_val@U?$_Simple_types@UHandle@MilesWire@@@std@@@std@@@std@@QAE@PAUHandle@MilesWire@@PBU_Container_base12@1@@Z
9E3 00000000 SECT2DF notype       Static      | .xdata$x
    Section length   2C, #relocs    2, #linenums    0, checksum A7F7E1EC, selection    5 (pick associative Section 0xC3)
9E5 00000008 SECT2DF notype       Static      | __ehfuncinfo$??0?$_Tree_unchecked_const_iterator@V?$_Tree_val@U?$_Tree_simple_types@U?$pair@$$CB_KUCallback@Coordinator@MilesCoordinator@@@std@@@std@@@std@@U_Iterator_base12@2@@std@@QAE@PAU?$_Tree_node@U?$pair@$$CB_KUCallback@Coordinator@MilesCoordinator@@@std@@PAX@1@PBV?$_Tree_val@U?$_Tree_simple_types@U?$pair@$$CB_KUCallback@Coordinator@MilesCoordinator@@@std@@@std@@@1@@Z
9E6 00000000 SECT2DF notype       Static      | __unwindtable$??0?$_Tree_unchecked_const_iterator@V?$_Tree_val@U?$_Tree_simple_types@U?$pair@$$CB_KUCallback@Coordinator@MilesCoordinator@@@std@@@std@@@std@@U_Iterator_base12@2@@std@@QAE@PAU?$_Tree_node@U?$pair@$$CB_KUCallback@Coordinator@MilesCoordinator@@@std@@PAX@1@PBV?$_Tree_val@U?$_Tree_simple_types@U?$pair@$$CB_KUCallback@Coordinator@MilesCoordinator@@@std@@@std@@@1@@Z
9E7 00000000 SECT2E0 notype       Static      | .xdata$x
    Section length   2C, #relocs    2, #linenums    0, checksum A7F7E1EC, selection    5 (pick associative Section 0x16F)
9E9 00000008 SECT2E0 notype       Static      | __ehfuncinfo$??E?$_Tree_const_iterator@V?$_Tree_val@U?$_Tree_simple_types@U?$pair@$$CB_KUCallback@Coordinator@MilesCoordinator@@@std@@@std@@@std@@@std@@QAE?AV01@H@Z
9EA 00000000 SECT2E0 notype       Static      | __unwindtable$??E?$_Tree_const_iterator@V?$_Tree_val@U?$_Tree_simple_types@U?$pair@$$CB_KUCallback@Coordinator@MilesCoordinator@@@std@@@std@@@std@@@std@@QAE?AV01@H@Z
9EB 00000000 SECT2E1 notype       Static      | .xdata$x
    Section length   2C, #relocs    2, #linenums    0, checksum A7F7E1EC, selection    5 (pick associative Section 0xC6)
9ED 00000008 SECT2E1 notype       Static      | __ehfuncinfo$??0?$_Tree_unchecked_const_iterator@V?$_Tree_val@U?$_Tree_simple_types@U?$pair@$$CB_KURegistration@Coordinator@MilesCoordinator@@@std@@@std@@@std@@U_Iterator_base12@2@@std@@QAE@PAU?$_Tree_node@U?$pair@$$CB_KURegistration@Coordinator@MilesCoordinator@@@std@@PAX@1@PBV?$_Tree_val@U?$_Tree_simple_types@U?$pair@$$CB_KURegistration@Coordinator@MilesCoordinator@@@std@@@std@@@1@@Z
9EE 00000000 SECT2E1 notype       Static      | __unwindtable$??0?$_Tree_unchecked_const_iterator@V?$_Tree_val@U?$_Tree_simple_types@U?$pair@$$CB_KURegistration@Coordinator@MilesCoordinator@@@std@@@std@@@std@@U_Iterator_base12@2@@std@@QAE@PAU?$_Tree_node@U?$pair@$$CB_KURegistration@Coordinator@MilesCoordinator@@@std@@PAX@1@PBV?$_Tree_val@U?$_Tree_simple_types@U?$pair@$$CB_KURegistration@Coordinator@MilesCoordinator@@@std@@@std@@@1@@Z
9EF 00000000 SECT2E2 notype       Static      | .xdata$x
    Section length   2C, #relocs    2, #linenums    0, checksum A7F7E1EC, selection    5 (pick associative Section 0x172)
9F1 00000008 SECT2E2 notype       Static      | __ehfuncinfo$??E?$_Tree_const_iterator@V?$_Tree_val@U?$_Tree_simple_types@U?$pair@$$CB_KURegistration@Coordinator@MilesCoordinator@@@std@@@std@@@std@@@std@@QAE?AV01@H@Z
9F2 00000000 SECT2E2 notype       Static      | __unwindtable$??E?$_Tree_const_iterator@V?$_Tree_val@U?$_Tree_simple_types@U?$pair@$$CB_KURegistration@Coordinator@MilesCoordinator@@@std@@@std@@@std@@@std@@QAE?AV01@H@Z
9F3 00000000 SECT2E3 notype       Static      | .xdata$x
    Section length   2C, #relocs    2, #linenums    0, checksum A7F7E1EC, selection    5 (pick associative Section 0x81)
9F5 00000008 SECT2E3 notype       Static      | __ehfuncinfo$??$construct@U_Container_proxy@std@@U12@@?$allocator@U_Container_proxy@std@@@std@@QAEXPAU_Container_proxy@1@$$QAU21@@Z
9F6 00000000 SECT2E3 notype       Static      | __unwindtable$??$construct@U_Container_proxy@std@@U12@@?$allocator@U_Container_proxy@std@@@std@@QAEXPAU_Container_proxy@1@$$QAU21@@Z
9F7 00000000 SECT2E4 notype       Static      | .xdata$x
    Section length   34, #relocs    3, #linenums    0, checksum 21E780FF, selection    5 (pick associative Section 0x56)
9F9 00000010 SECT2E4 notype       Static      | __ehfuncinfo$??$_Uninitialized_copy@V?$_Vector_const_iterator@V?$_Vector_val@U?$_Simple_types@E@std@@@std@@@std@@PAEU?$_Wrap_alloc@V?$allocator@E@std@@@2@@std@@YAPAEV?$_Vector_const_iterator@V?$_Vector_val@U?$_Simple_types@E@std@@@std@@@0@0PAEAAU?$_Wrap_alloc@V?$allocator@E@std@@@0@@Z
9FA 00000000 SECT2E4 notype       Static      | __unwindtable$??$_Uninitialized_copy@V?$_Vector_const_iterator@V?$_Vector_val@U?$_Simple_types@E@std@@@std@@@std@@PAEU?$_Wrap_alloc@V?$allocator@E@std@@@2@@std@@YAPAEV?$_Vector_const_iterator@V?$_Vector_val@U?$_Simple_types@E@std@@@std@@@0@0PAEAAU?$_Wrap_alloc@V?$allocator@E@std@@@0@@Z
9FB 00000000 SECT2E5 notype       Static      | .xdata$x
    Section length   2C, #relocs    2, #linenums    0, checksum A7F7E1EC, selection    5 (pick associative Section 0x73)
9FD 00000008 SECT2E5 notype       Static      | __ehfuncinfo$??$construct@UEntry@ResourceRegistry@MilesTransport@@U123@@?$allocator@UEntry@ResourceRegistry@MilesTransport@@@std@@QAEXPAUEntry@ResourceRegistry@MilesTransport@@$$QAU234@@Z
9FE 00000000 SECT2E5 notype       Static      | __unwindtable$??$construct@UEntry@ResourceRegistry@MilesTransport@@U123@@?$allocator@UEntry@ResourceRegistry@MilesTransport@@@std@@QAEXPAUEntry@ResourceRegistry@MilesTransport@@$$QAU234@@Z
9FF 00000000 SECT2E6 notype       Static      | .xdata$x
    Section length   2C, #relocs    2, #linenums    0, checksum A7F7E1EC, selection    5 (pick associative Section 0x45)
A01 00000008 SECT2E6 notype       Static      | __ehfuncinfo$??$_Unchecked@V?$_Vector_val@U?$_Simple_types@E@std@@@std@@@std@@YAPBEV?$_Vector_const_iterator@V?$_Vector_val@U?$_Simple_types@E@std@@@std@@@0@@Z
A02 00000000 SECT2E6 notype       Static      | __unwindtable$??$_Unchecked@V?$_Vector_val@U?$_Simple_types@E@std@@@std@@@std@@YAPBEV?$_Vector_const_iterator@V?$_Vector_val@U?$_Simple_types@E@std@@@std@@@0@@Z
A03 00000000 SECT2E7 notype       Static      | .xdata$x
    Section length   2C, #relocs    2, #linenums    0, checksum A7F7E1EC, selection    5 (pick associative Section 0x77)
A05 00000008 SECT2E7 notype       Static      | __ehfuncinfo$??$construct@UHandle@MilesWire@@AAU12@@?$allocator@UHandle@MilesWire@@@std@@QAEXPAUHandle@MilesWire@@AAU23@@Z
A06 00000000 SECT2E7 notype       Static      | __unwindtable$??$construct@UHandle@MilesWire@@AAU12@@?$allocator@UHandle@MilesWire@@@std@@QAEXPAUHandle@MilesWire@@AAU23@@Z
A07 00000000 SECT2E8 notype       Static      | .xdata$x
    Section length   2C, #relocs    2, #linenums    0, checksum A7F7E1EC, selection    5 (pick associative Section 0x6B)
A09 00000008 SECT2E8 notype       Static      | __ehfuncinfo$??$construct@PADAAPAD@?$allocator@D@std@@QAEXPAPADAAPAD@Z
A0A 00000000 SECT2E8 notype       Static      | __unwindtable$??$construct@PADAAPAD@?$allocator@D@std@@QAEXPAPADAAPAD@Z
A0B 00000000 SECT2E9 notype       Static      | .xdata$x
    Section length   2C, #relocs    2, #linenums    0, checksum A7F7E1EC, selection    5 (pick associative Section 0x6F)
A0D 00000008 SECT2E9 notype       Static      | __ehfuncinfo$??$construct@PAU?$_List_node@V?$vector@EV?$allocator@E@std@@@std@@PAX@std@@AAPAU12@@?$allocator@U?$_List_node@V?$vector@EV?$allocator@E@std@@@std@@PAX@std@@@std@@QAEXPAPAU?$_List_node@V?$vector@EV?$allocator@E@std@@@std@@PAX@1@AAPAU21@@Z
A0E 00000000 SECT2E9 notype       Static      | __unwindtable$??$construct@PAU?$_List_node@V?$vector@EV?$allocator@E@std@@@std@@PAX@std@@AAPAU12@@?$allocator@U?$_List_node@V?$vector@EV?$allocator@E@std@@@std@@PAX@std@@@std@@QAEXPAPAU?$_List_node@V?$vector@EV?$allocator@E@std@@@std@@PAX@1@AAPAU21@@Z
A0F 00000000 SECT2EA notype       Static      | .xdata$x
    Section length   58, #relocs    4, #linenums    0, checksum D5BF5650, selection    5 (pick associative Section 0x4F)
A11 00000034 SECT2EA notype       Static      | __ehfuncinfo$??$_Uninit_move@PAUEntry@ResourceRegistry@MilesTransport@@PAU123@V?$allocator@UEntry@ResourceRegistry@MilesTransport@@@std@@U123@@std@@YAPAUEntry@ResourceRegistry@MilesTransport@@PAU123@00AAU?$_Wrap_alloc@V?$allocator@UEntry@ResourceRegistry@MilesTransport@@@std@@@0@0U_Nonscalar_ptr_iterator_tag@0@@Z
A12 00000010 SECT2EA notype       Static      | __unwindtable$??$_Uninit_move@PAUEntry@ResourceRegistry@MilesTransport@@PAU123@V?$allocator@UEntry@ResourceRegistry@MilesTransport@@@std@@U123@@std@@YAPAUEntry@ResourceRegistry@MilesTransport@@PAU123@00AAU?$_Wrap_alloc@V?$allocator@UEntry@ResourceRegistry@MilesTransport@@@std@@@0@0U_Nonscalar_ptr_iterator_tag@0@@Z
A13 00000020 SECT2EA notype       Static      | __tryblocktable$??$_Uninit_move@PAUEntry@ResourceRegistry@MilesTransport@@PAU123@V?$allocator@UEntry@ResourceRegistry@MilesTransport@@@std@@U123@@std@@YAPAUEntry@ResourceRegistry@MilesTransport@@PAU123@00AAU?$_Wrap_alloc@V?$allocator@UEntry@ResourceRegistry@MilesTransport@@@std@@@0@0U_Nonscalar_ptr_iterator_tag@0@@Z
A14 00000000 SECT2EA notype       Static      | __catchsym$??$_Uninit_move@PAUEntry@ResourceRegistry@MilesTransport@@PAU123@V?$allocator@UEntry@ResourceRegistry@MilesTransport@@@std@@U123@@std@@YAPAUEntry@ResourceRegistry@MilesTransport@@PAU123@00AAU?$_Wrap_alloc@V?$allocator@UEntry@ResourceRegistry@MilesTransport@@@std@@@0@0U_Nonscalar_ptr_iterator_tag@0@@Z$2
A15 00000000 SECT2EB notype       Static      | .xdata$x
    Section length   58, #relocs    4, #linenums    0, checksum D5BF5650, selection    5 (pick associative Section 0x52)
A17 00000034 SECT2EB notype       Static      | __ehfuncinfo$??$_Uninit_move@PAUHandle@MilesWire@@PAU12@V?$allocator@UHandle@MilesWire@@@std@@U12@@std@@YAPAUHandle@MilesWire@@PAU12@00AAU?$_Wrap_alloc@V?$allocator@UHandle@MilesWire@@@std@@@0@0U_Nonscalar_ptr_iterator_tag@0@@Z
A18 00000010 SECT2EB notype       Static      | __unwindtable$??$_Uninit_move@PAUHandle@MilesWire@@PAU12@V?$allocator@UHandle@MilesWire@@@std@@U12@@std@@YAPAUHandle@MilesWire@@PAU12@00AAU?$_Wrap_alloc@V?$allocator@UHandle@MilesWire@@@std@@@0@0U_Nonscalar_ptr_iterator_tag@0@@Z
A19 00000020 SECT2EB notype       Static      | __tryblocktable$??$_Uninit_move@PAUHandle@MilesWire@@PAU12@V?$allocator@UHandle@MilesWire@@@std@@U12@@std@@YAPAUHandle@MilesWire@@PAU12@00AAU?$_Wrap_alloc@V?$allocator@UHandle@MilesWire@@@std@@@0@0U_Nonscalar_ptr_iterator_tag@0@@Z
A1A 00000000 SECT2EB notype       Static      | __catchsym$??$_Uninit_move@PAUHandle@MilesWire@@PAU12@V?$allocator@UHandle@MilesWire@@@std@@U12@@std@@YAPAUHandle@MilesWire@@PAU12@00AAU?$_Wrap_alloc@V?$allocator@UHandle@MilesWire@@@std@@@0@0U_Nonscalar_ptr_iterator_tag@0@@Z$2
A1B 00000000 SECT2EC notype       Static      | .xdata$x
    Section length   2C, #relocs    2, #linenums    0, checksum A7F7E1EC, selection    5 (pick associative Section 0x7D)
A1D 00000008 SECT2EC notype       Static      | __ehfuncinfo$??$construct@UHandle@MilesWire@@U12@@?$allocator@UHandle@MilesWire@@@std@@QAEXPAUHandle@MilesWire@@$$QAU23@@Z
A1E 00000000 SECT2EC notype       Static      | __unwindtable$??$construct@UHandle@MilesWire@@U12@@?$allocator@UHandle@MilesWire@@@std@@QAEXPAUHandle@MilesWire@@$$QAU23@@Z
A1F 00000000 SECT2ED notype       Static      | .bss
    Section length    4, #relocs    0, #linenums    0, checksum        0
A21 00000003 SECT2ED notype       Static      | _piecewise_construct
A22 00000000 SECT2EE notype       Static      | .rdata
    Section length   90, #relocs    0, #linenums    0, checksum D4D3A252, selection    2 (pick any)
A24 00000000 SECT2EE notype       External    | ??_C@_1JA@FLCGFIDB@?$AAC?$AA?3?$AA?2?$AAP?$AAr?$AAo?$AAg?$AAr?$AAa?$AAm?$AA?5?$AAF?$AAi?$AAl?$AAe?$AAs?$AA?5?$AA?$CI?$AAx?$AA8?$AA6?$AA?$CJ?$AA?2?$AAM?$AAi?$AAc?$AAr?$AAo?$AAs?$AAo?$AAf?$AAt@ (`string')
A25 00000000 SECT2EF notype       Static      | .rdata
    Section length   32, #relocs    0, #linenums    0, checksum 1E9022EF, selection    2 (pick any)
A27 00000000 SECT2EF notype       External    | ??_C@_1DC@POOIKBAO@?$AAI?$AAT?$AAE?$AAR?$AAA?$AAT?$AAO?$AAR?$AA?5?$AAL?$AAI?$AAS?$AAT?$AA?5?$AAC?$AAO?$AAR?$AAR?$AAU?$AAP?$AAT?$AAE?$AAD?$AA?$CB?$AA?$AA@ (`string')
A28 00000002 SECT2ED notype       Static      | _allocator_arg
A29 00000000 SECT2F0 notype       Static      | .rdata
    Section length    C, #relocs    3, #linenums    0, checksum        0, selection    6 (pick largest)
A2B 00000004 SECT2F0 notype       External    | ??_7logic_error@std@@6B@ (const std::logic_error::`vftable')
A2C 00000000 SECT2F1 notype       Static      | .rdata
    Section length    C, #relocs    3, #linenums    0, checksum        0, selection    6 (pick largest)
A2E 00000004 SECT2F1 notype       External    | ??_7invalid_argument@std@@6B@ (const std::invalid_argument::`vftable')
A2F 00000000 SECT2F2 notype       Static      | .rdata
    Section length    C, #relocs    3, #linenums    0, checksum        0, selection    6 (pick largest)
A31 00000004 SECT2F2 notype       External    | ??_7runtime_error@std@@6B@ (const std::runtime_error::`vftable')
A32 00000000 SECT2F3 notype       Static      | .xdata$x
    Section length   10, #relocs    2, #linenums    0, checksum        0, selection    2 (pick any)
A34 00000000 SECT2F3 notype       External    | __TI3?AVinvalid_argument@std@@
A35 00000000 SECT2F4 notype       Static      | .xdata$x
    Section length   10, #relocs    3, #linenums    0, checksum 29C8B4F2, selection    2 (pick any)
A37 00000000 SECT2F4 notype       External    | __CTA3?AVinvalid_argument@std@@
A38 00000000 SECT2F5 notype       Static      | .data$r
    Section length   23, #relocs    1, #linenums    0, checksum 106500BA, selection    2 (pick any)
A3A 00000000 SECT2F5 notype       External    | ??_R0?AVinvalid_argument@std@@@8 (class std::invalid_argument `RTTI Type Descriptor')
A3B 00000000 SECT2F6 notype       Static      | .xdata$x
    Section length   1C, #relocs    2, #linenums    0, checksum 44EBA1E5, selection    2 (pick any)
A3D 00000000 SECT2F6 notype       External    | __CT??_R0?AVinvalid_argument@std@@@8??0invalid_argument@std@@QAE@ABV01@@Z12
A3E 00000000 SECT2F7 notype       Static      | .data$r
    Section length   1E, #relocs    1, #linenums    0, checksum 581E38EE, selection    2 (pick any)
A40 00000000 SECT2F7 notype       External    | ??_R0?AVlogic_error@std@@@8 (class std::logic_error `RTTI Type Descriptor')
A41 00000000 SECT2F8 notype       Static      | .xdata$x
    Section length   1C, #relocs    2, #linenums    0, checksum 44EBA1E5, selection    2 (pick any)
A43 00000000 SECT2F8 notype       External    | __CT??_R0?AVlogic_error@std@@@8??0logic_error@std@@QAE@ABV01@@Z12
A44 00000000 SECT2F9 notype       Static      | .data$r
    Section length   1C, #relocs    1, #linenums    0, checksum 54BC55F2, selection    2 (pick any)
A46 00000000 SECT2F9 notype       External    | ??_R0?AVexception@std@@@8 (class std::exception `RTTI Type Descriptor')
A47 00000000 SECT2FA notype       Static      | .xdata$x
    Section length   1C, #relocs    2, #linenums    0, checksum 44EBA1E5, selection    2 (pick any)
A49 00000000 SECT2FA notype       External    | __CT??_R0?AVexception@std@@@8??0exception@std@@QAE@ABV01@@Z12
A4A 00000000 SECT2FB notype       Static      | .rdata
    Section length   14, #relocs    0, #linenums    0, checksum B8181385, selection    2 (pick any)
A4C 00000000 SECT2FB notype       External    | ??_C@_0BE@EIDCHHPH@zero?5registry?5bound?$AA@ (`string')
A4D 00000000 UNDEF  notype       External     | ??_7type_info@@6B@ (const type_info::`vftable')
A4E 00000000 SECT2FC notype       Static      | .xdata$x
    Section length   10, #relocs    2, #linenums    0, checksum        0, selection    2 (pick any)
A50 00000000 SECT2FC notype       External    | __TI2?AVruntime_error@std@@
A51 00000000 SECT2FD notype       Static      | .xdata$x
    Section length    C, #relocs    2, #linenums    0, checksum EC3B9E9F, selection    2 (pick any)
A53 00000000 SECT2FD notype       External    | __CTA2?AVruntime_error@std@@
A54 00000000 SECT2FE notype       Static      | .data$r
    Section length   20, #relocs    1, #linenums    0, checksum D357CA60, selection    2 (pick any)
A56 00000000 SECT2FE notype       External    | ??_R0?AVruntime_error@std@@@8 (class std::runtime_error `RTTI Type Descriptor')
A57 00000000 SECT2FF notype       Static      | .xdata$x
    Section length   1C, #relocs    2, #linenums    0, checksum 44EBA1E5, selection    2 (pick any)
A59 00000000 SECT2FF notype       External    | __CT??_R0?AVruntime_error@std@@@8??0runtime_error@std@@QAE@ABV01@@Z12
A5A 00000000 SECT300 notype       Static      | .rdata
    Section length   1C, #relocs    7, #linenums    0, checksum        0, selection    6 (pick largest)
A5C 00000004 SECT300 notype       External    | ??_7error_category@std@@6B@ (const std::error_category::`vftable')
A5D 00000000 SECT301 notype       Static      | .rdata
    Section length   1C, #relocs    7, #linenums    0, checksum        0, selection    6 (pick largest)
A5F 00000004 SECT301 notype       External    | ??_7_Generic_error_category@std@@6B@ (const std::_Generic_error_category::`vftable')
A60 00000000 SECT302 notype       Static      | .rdata
    Section length    8, #relocs    0, #linenums    0, checksum A86CFC2B, selection    2 (pick any)
A62 00000000 SECT302 notype       External    | ??_C@_07DCLBNMLN@generic?$AA@ (`string')
A63 00000000 SECT303 notype       Static      | .rdata
    Section length    E, #relocs    0, #linenums    0, checksum 3BD6D632, selection    2 (pick any)
A65 00000000 SECT303 notype       External    | ??_C@_0O@BFJCFAAK@unknown?5error?$AA@ (`string')
A66 00000000 SECT304 notype       Static      | .rdata
    Section length   1C, #relocs    7, #linenums    0, checksum        0, selection    6 (pick largest)
A68 00000004 SECT304 notype       External    | ??_7_Iostream_error_category@std@@6B@ (const std::_Iostream_error_category::`vftable')
A69 00000000 SECT305 notype       Static      | .rdata
    Section length    9, #relocs    0, #linenums    0, checksum A29400EA, selection    2 (pick any)
A6B 00000000 SECT305 notype       External    | ??_C@_08LLGCOLLL@iostream?$AA@ (`string')
A6C 00000000 SECT306 notype       Static      | .rdata
    Section length   16, #relocs    0, #linenums    0, checksum A7E7FC63, selection    2 (pick any)
A6E 00000000 SECT306 notype       External    | ??_C@_0BG@PADBLCHM@iostream?5stream?5error?$AA@ (`string')
A6F 00000000 SECT307 notype       Static      | .rdata
    Section length   1C, #relocs    7, #linenums    0, checksum        0, selection    6 (pick largest)
A71 00000004 SECT307 notype       External    | ??_7_System_error_category@std@@6B@ (const std::_System_error_category::`vftable')
A72 00000000 SECT308 notype       Static      | .rdata
    Section length    7, #relocs    0, #linenums    0, checksum 35CD274A, selection    2 (pick any)
A74 00000000 SECT308 notype       External    | ??_C@_06FHFOAHML@system?$AA@ (`string')
A75 00000000 SECT309 notype       Static      | .bss
    Section length    4, #relocs    0, #linenums    0, checksum        0, selection    2 (pick any)
A77 00000000 SECT309 notype       External    | ?_Generic_object@?$_Error_objects@H@std@@2V_Generic_error_category@2@A (public: static class std::_Generic_error_category std::_Error_objects<int>::_Generic_object)
A78 00000000 SECT30A notype       Static      | .bss
    Section length    4, #relocs    0, #linenums    0, checksum        0, selection    2 (pick any)
A7A 00000000 SECT30A notype       External    | ?_Iostream_object@?$_Error_objects@H@std@@2V_Iostream_error_category@2@A (public: static class std::_Iostream_error_category std::_Error_objects<int>::_Iostream_object)
A7B 00000000 SECT30B notype       Static      | .bss
    Section length    4, #relocs    0, #linenums    0, checksum        0, selection    2 (pick any)
A7D 00000000 SECT30B notype       External    | ?_System_object@?$_Error_objects@H@std@@2V_System_error_category@2@A (public: static class std::_System_error_category std::_Error_objects<int>::_System_object)
A7E 00000000 SECT30C notype       Static      | .bss
    Section length    4, #relocs    0, #linenums    0, checksum        0, selection    2 (pick any)
A80 00000000 SECT30C notype       External    | ?id@?$num_put@DV?$back_insert_iterator@V?$basic_string@DU?$char_traits@D@std@@V?$allocator@D@2@@std@@@std@@@std@@2V0locale@2@A (public: static class std::locale::id std::num_put<char,class std::back_insert_iterator<class std::basic_string<char,struct std::char_traits<char>,class std::allocator<char> > > >::id)
A81 00000000 SECT30D notype       Static      | .bss
    Section length    4, #relocs    0, #linenums    0, checksum        0, selection    2 (pick any)
A83 00000000 SECT30D notype       External    | ?id@?$num_put@_WV?$back_insert_iterator@V?$basic_string@_WU?$char_traits@_W@std@@V?$allocator@_W@2@@std@@@std@@@std@@2V0locale@2@A (public: static class std::locale::id std::num_put<wchar_t,class std::back_insert_iterator<class std::basic_string<wchar_t,struct std::char_traits<wchar_t>,class std::allocator<wchar_t> > > >::id)
A84 00000000 SECT30E notype       Static      | .rdata
    Section length   13, #relocs    0, #linenums    0, checksum F91C4F2C, selection    2 (pick any)
A86 00000000 SECT30E notype       External    | ??_C@_0BD@NMOLHJLM@FAIL?5?$CFs?5error?$DN?$CFlu?6?$AA@ (`string')
A87 00000000 SECT30F notype       Static      | .rdata
    Section length    8, #relocs    0, #linenums    0, checksum ADACEFBC, selection    2 (pick any)
A89 00000000 SECT30F notype       External    | ??_C@_07DHHBMPCK@wait?5io?$AA@ (`string')
A8A 00000000 SECT310 notype       Static      | .rdata
    Section length   16, #relocs    0, #linenums    0, checksum 14B457CA, selection    2 (pick any)
A8C 00000000 SECT310 notype       External    | ??_C@_0BG@EDGCBJNF@session?5channel?5fault?$AA@ (`string')
A8D 00000000 SECT311 notype       Static      | .rdata
    Section length   13, #relocs    0, #linenums    0, checksum 2767F054, selection    2 (pick any)
A8F 00000000 SECT311 notype       External    | ??_C@_0BD@CJAMGME@send?5channel?5fault?$AA@ (`string')
A90 00000000 SECT312 notype       Static      | .rdata
    Section length    E, #relocs    0, #linenums    0, checksum 81140CFF, selection    2 (pick any)
A92 00000000 SECT312 notype       External    | ??_C@_0O@KPFAIKMH@send?5watchdog?$AA@ (`string')
A93 00000001 SECT2ED notype       Static      | _ignore
A94 00000000 SECT2ED notype       Static      | __Tuple_alloc
A95 00000000 SECT313 notype       Static      | .rdata
    Section length    C, #relocs    3, #linenums    0, checksum        0, selection    6 (pick largest)
A97 00000004 SECT313 notype       External    | ??_7Resolver@MilesHost@@6B@ (const MilesHost::Resolver::`vftable')
A98 00000000 SECT314 notype       Static      | .rdata
    Section length    C, #relocs    3, #linenums    0, checksum        0, selection    6 (pick largest)
A9A 00000004 SECT314 notype       External    | ??_7RegistryResolver@MilesHost@@6B@ (const MilesHost::RegistryResolver::`vftable')
A9B 00000000 SECT315 notype       Static      | .rdata
    Section length   19, #relocs    0, #linenums    0, checksum C3533A73, selection    2 (pick any)
A9D 00000000 SECT315 notype       External    | ??_C@_0BJ@NFGDMLAD@unmapped?5metadata?5status?$AA@ (`string')
A9E 00000000 SECT316 notype       Static      | .rdata
    Section length   1C, #relocs    0, #linenums    0, checksum  F308EFC, selection    2 (pick any)
AA0 00000000 SECT316 notype       External    | ??_C@_0BM@HALPAGOK@explicit?5upload?5byte?5budget?$AA@ (`string')
AA1 00000000 SECT317 notype       Static      | .rdata
    Section length   23, #relocs    0, #linenums    0, checksum 3AA7953E, selection    2 (pick any)
AA3 00000000 SECT317 notype       External    | ??_C@_0CD@MMKADNPG@hold?5actual?5imported?5vendor?5modu@ (`string')
AA4 00000000 SECT318 notype       Static      | .rdata
    Section length   1E, #relocs    0, #linenums    0, checksum 67F30C18, selection    2 (pick any)
AA6 00000000 SECT318 notype       External    | ??_C@_0BO@JIAIMNFC@imported?5module?5path?5mismatch?$AA@ (`string')
AA7 00000000 SECT319 notype       Static      | .rdata
    Section length    F, #relocs    0, #linenums    0, checksum 7453C9EA, selection    2 (pick any)
AA9 00000000 SECT319 notype       External    | ??_C@_0P@FMHPDFPC@loaded_dll?$DN?$CFs?6?$AA@ (`string')
AAA 00000000 SECT31A notype       Static      | .rdata
    Section length   2A, #relocs    0, #linenums    0, checksum  5133B6D, selection    2 (pick any)
AAC 00000000 SECT31A notype       External    | ??_C@_0CK@BOIDOMGJ@image?5registry?5capacity?5before?5a@ (`string')
AAD 00000000 SECT31B notype       Static      | .rdata
    Section length   14, #relocs    0, #linenums    0, checksum 37138847, selection    2 (pick any)
AAF 00000000 SECT31B notype       External    | ??_C@_0BE@MHDJOMDF@publish?5image?5owner?$AA@ (`string')
AB0 00000000 SECT31C notype       Static      | .rdata
    Section length   23, #relocs    0, #linenums    0, checksum 7AC28DFB, selection    2 (pick any)
AB2 00000000 SECT31C notype       External    | ??_C@_0CD@IMMFCFDD@independent?5sealed?5image?5ownersh@ (`string')
AB3 00000000 SECT31D notype       Static      | .rdata
    Section length   15, #relocs    0, #linenums    0, checksum 39FED870, selection    2 (pick any)
AB5 00000000 SECT31D notype       External    | ??_C@_0BF@IHAFOCAE@close?5image?5identity?$AA@ (`string')
AB6 00000000 SECT31E notype       Static      | .rdata
    Section length   1F, #relocs    0, #linenums    0, checksum 8718CA76, selection    2 (pick any)
AB8 00000000 SECT31E notype       External    | ??_C@_0BP@BBOOJJDJ@retire?5readonly?5image?5identity?$AA@ (`string')
AB9 00000000 SECT31F notype       Static      | .rdata
    Section length   24, #relocs    0, #linenums    0, checksum 2878F0E1, selection    2 (pick any)
ABB 00000000 SECT31F notype       External    | ??_C@_0CE@LNDBLNML@uncertain?5stream?5open?5cannot?5res@ (`string')
ABC 00000000 SECT320 notype       Static      | .rdata
    Section length   28, #relocs    0, #linenums    0, checksum 2335F9D7, selection    2 (pick any)
ABE 00000000 SECT320 notype       External    | ??_C@_0CI@DFCGDLJJ@uncertain?5image?5operation?5cannot@ (`string')
ABF 00000000 SECT321 notype       Static      | .rdata
    Section length   2C, #relocs    0, #linenums    0, checksum A1943E7B, selection    2 (pick any)
AC1 00000000 SECT321 notype       External    | ??_C@_0CM@NNEPKHJI@stream?5tracking?5capacity?5before?5@ (`string')
AC2 00000000 SECT322 notype       Static      | .rdata
    Section length   21, #relocs    0, #linenums    0, checksum DC191F8F, selection    2 (pick any)
AC4 00000000 SECT322 notype       External    | ??_C@_0CB@FJJKNKPN@publish?5reserved?5stream?5identity@ (`string')
AC5 00000000 SECT323 notype       Static      | .rdata
    Section length   41, #relocs    0, #linenums    0, checksum 775D8B38, selection    2 (pick any)
AC7 00000000 SECT323 notype       External    | ??_C@_0EB@JFGPIDLA@retain?5stable?5borrowed?5identity?$DL@ (`string')
AC8 00000000 SECT324 notype       Static      | .rdata
    Section length   2B, #relocs    0, #linenums    0, checksum 23D967DC, selection    2 (pick any)
ACA 00000000 SECT324 notype       External    | ??_C@_0CL@CEKPDDBC@close?5stream?5identity?5before?5nat@ (`string')
ACB 00000000 SECT325 notype       Static      | .rdata
    Section length   2E, #relocs    0, #linenums    0, checksum 2B07E2E8, selection    2 (pick any)
ACD 00000000 SECT325 notype       External    | ??_C@_0CO@NHIHBFPM@retire?5stream?5and?5aliases?5after?5@ (`string')
ACE 00000000 SECT326 notype       Static      | .rdata
    Section length   32, #relocs    0, #linenums    0, checksum 2112218A, selection    2 (pick any)
AD0 00000000 SECT326 notype       External    | ??_C@_0DC@MBGKKCGL@sample?5tracking?5capacity?5before?5@ (`string')
AD1 00000000 SECT327 notype       Static      | .rdata
    Section length   21, #relocs    0, #linenums    0, checksum 169E43B3, selection    2 (pick any)
AD3 00000000 SECT327 notype       External    | ??_C@_0CB@JDBNIGMB@publish?5reserved?5sample?5identity@ (`string')
AD4 00000000 SECT328 notype       Static      | .rdata
    Section length   26, #relocs    0, #linenums    0, checksum 7DC9FDB9, selection    2 (pick any)
AD6 00000000 SECT328 notype       External    | ??_C@_0CG@BKMPJJPF@retire?5sample?5after?5confirmed?5re@ (`string')
AD7 00000000 SECT329 notype       Static      | .rdata
    Section length   38, #relocs    0, #linenums    0, checksum ADECE83E, selection    2 (pick any)
AD9 00000000 SECT329 notype       External    | ??_C@_0DI@IBNLLCII@version?5operation?5has?5unsupporte@ (`string')
ADA 00000000 SECT32A notype       Static      | .rdata
    Section length   1D, #relocs    0, #linenums    0, checksum 9364CDFB, selection    2 (pick any)
ADC 00000000 SECT32A notype       External    | ??_C@_0BN@GHMPPHCC@owned?5version?5adapter?5result?$AA@ (`string')
ADD 00000000 SECT32B notype       Static      | .rdata
    Section length   14, #relocs    0, #linenums    0, checksum A7FE9E7B, selection    2 (pick any)
ADF 00000000 SECT32B notype       External    | ??_C@_0BE@FHNEPKAJ@vendor?5startup?$DN?$CFld?6?$AA@ (`string')
AE0 00000000 SECT32C notype       Static      | .rdata
    Section length   2C, #relocs    0, #linenums    0, checksum 18CA6B17, selection    2 (pick any)
AE2 00000000 SECT32C notype       External    | ??_C@_0CM@GEBBPCPE@driver?5tracking?5capacity?5before?5@ (`string')
AE3 00000000 SECT32D notype       Static      | .rdata
    Section length   21, #relocs    0, #linenums    0, checksum FB72CB71, selection    2 (pick any)
AE5 00000000 SECT32D notype       External    | ??_C@_0CB@HOPBAOAD@publish?5reserved?5driver?5identity@ (`string')
AE6 00000000 SECT32E notype       Static      | .rdata
    Section length   1D, #relocs    0, #linenums    0, checksum 3C1A9164, selection    2 (pick any)
AE8 00000000 SECT32E notype       External    | ??_C@_0BN@MILBKLLN@retire?5driver?5after?5shutdown?$AA@ (`string')
AE9 00000000 SECT32F notype       Static      | .rdata
    Section length   37, #relocs    0, #linenums    0, checksum 19895199, selection    2 (pick any)
AEB 00000000 SECT32F notype       External    | ??_C@_0DH@PHENGMCH@vendor?5shutdown?5complete?$DL?5retain@ (`string')
AEC 00000000 SECT330 notype       Static      | .rdata
    Section length   8E, #relocs    0, #linenums    0, checksum 813BAE69, selection    2 (pick any)
AEE 00000000 SECT330 notype       External    | ??_C@_1IO@FKLKODGG@?$AAC?$AA?3?$AA?2?$AAP?$AAr?$AAo?$AAg?$AAr?$AAa?$AAm?$AA?5?$AAF?$AAi?$AAl?$AAe?$AAs?$AA?5?$AA?$CI?$AAx?$AA8?$AA6?$AA?$CJ?$AA?2?$AAM?$AAi?$AAc?$AAr?$AAo?$AAs?$AAo?$AAf?$AAt@ (`string')
AEF 00000000 SECT331 notype       Static      | .rdata
    Section length   3C, #relocs    0, #linenums    0, checksum 9716940D, selection    2 (pick any)
AF1 00000000 SECT331 notype       External    | ??_C@_1DM@GMPLOCPK@?$AAs?$AAt?$AAr?$AAi?$AAn?$AAg?$AA?5?$AAs?$AAu?$AAb?$AAs?$AAc?$AAr?$AAi?$AAp?$AAt?$AA?5?$AAo?$AAu?$AAt?$AA?5?$AAo?$AAf?$AA?5?$AAr?$AAa?$AAn?$AAg?$AAe?$AA?$AA@ (`string')
AF2 00000000 SECT332 notype       Static      | .rdata
    Section length   8C, #relocs    0, #linenums    0, checksum 101D7482, selection    2 (pick any)
AF4 00000000 SECT332 notype       External    | ??_C@_1IM@CBJFJAOD@?$AAC?$AA?3?$AA?2?$AAP?$AAr?$AAo?$AAg?$AAr?$AAa?$AAm?$AA?5?$AAF?$AAi?$AAl?$AAe?$AAs?$AA?5?$AA?$CI?$AAx?$AA8?$AA6?$AA?$CJ?$AA?2?$AAM?$AAi?$AAc?$AAr?$AAo?$AAs?$AAo?$AAf?$AAt@ (`string')
AF5 00000000 SECT333 notype       Static      | .rdata
    Section length   3C, #relocs    0, #linenums    0, checksum 4C8F04E7, selection    2 (pick any)
AF7 00000000 SECT333 notype       External    | ??_C@_1DM@LHGCHCBA@?$AAv?$AAe?$AAc?$AAt?$AAo?$AAr?$AA?5?$AAs?$AAu?$AAb?$AAs?$AAc?$AAr?$AAi?$AAp?$AAt?$AA?5?$AAo?$AAu?$AAt?$AA?5?$AAo?$AAf?$AA?5?$AAr?$AAa?$AAn?$AAg?$AAe?$AA?$AA@ (`string')
AF8 00000000 SECT334 notype       Static      | .rdata
    Section length   24, #relocs    0, #linenums    0, checksum 70812DE6, selection    2 (pick any)
AFA 00000000 SECT334 notype       External    | ??_C@_0CE@OFMIGAMM@Standard?5C?$CL?$CL?5Libraries?5Out?5of?5Ra@ (`string')
AFB 00000000 SECT335 notype       Static      | .rdata
    Section length   56, #relocs    0, #linenums    0, checksum 8F83C987, selection    2 (pick any)
AFD 00000000 SECT335 notype       External    | ??_C@_1FG@IBPIFFN@?$AA?$CC?$AAS?$AAt?$AAa?$AAn?$AAd?$AAa?$AAr?$AAd?$AA?5?$AAC?$AA?$CL?$AA?$CL?$AA?5?$AAL?$AAi?$AAb?$AAr?$AAa?$AAr?$AAi?$AAe?$AAs?$AA?5?$AAO?$AAu?$AAt?$AA?5?$AAo?$AAf?$AA?5?$AAR@ (`string')
AFE 00000000 SECT336 notype       Static      | .rdata
    Section length    6, #relocs    0, #linenums    0, checksum 2EEB9BF7, selection    2 (pick any)
B00 00000000 SECT336 notype       External    | ??_C@_15GANGMFKL@?$AA?$CF?$AAs?$AA?$AA@ (`string')
B01 00000000 SECT337 notype       Static      | .rdata
    Section length  11E, #relocs    0, #linenums    0, checksum BB4B684E, selection    2 (pick any)
B03 00000000 SECT337 notype       External    | ??_C@_1BBO@MELCEMIF@?$AAs?$AAt?$AAd?$AA?3?$AA?3?$AAv?$AAe?$AAc?$AAt?$AAo?$AAr?$AA?$DM?$AAs?$AAt?$AAr?$AAu?$AAc?$AAt?$AA?5?$AAM?$AAi?$AAl?$AAe?$AAs?$AAT?$AAr?$AAa?$AAn?$AAs?$AAp?$AAo?$AAr@ (`string')
B04 00000000 SECT338 notype       Static      | .rdata
    Section length   1E, #relocs    0, #linenums    0, checksum F3B436A4, selection    2 (pick any)
B06 00000000 SECT338 notype       External    | ??_C@_1BO@MEPPHOO@?$AA?$CC?$AAo?$AAu?$AAt?$AA?5?$AAo?$AAf?$AA?5?$AAr?$AAa?$AAn?$AAg?$AAe?$AA?$CC?$AA?$AA@ (`string')
B07 00000000 SECT339 notype       Static      | .rdata
    Section length   9A, #relocs    0, #linenums    0, checksum  AF8719D, selection    2 (pick any)
B09 00000000 SECT339 notype       External    | ??_C@_1JK@PKCFAHNP@?$AAs?$AAt?$AAd?$AA?3?$AA?3?$AAv?$AAe?$AAc?$AAt?$AAo?$AAr?$AA?$DM?$AAu?$AAn?$AAs?$AAi?$AAg?$AAn?$AAe?$AAd?$AA?5?$AAc?$AAh?$AAa?$AAr?$AA?0?$AAc?$AAl?$AAa?$AAs?$AAs?$AA?5@ (`string')
B0A 00000000 SECT33A notype       Static      | .rdata
    Section length   50, #relocs    0, #linenums    0, checksum  F44E301, selection    2 (pick any)
B0C 00000000 SECT33A notype       External    | ??_C@_1FA@HOJIAEBI@?$AAv?$AAe?$AAc?$AAt?$AAo?$AAr?$AA?5?$AAc?$AAo?$AAn?$AAt?$AAa?$AAi?$AAn?$AAe?$AAr?$AAs?$AA?5?$AAi?$AAn?$AAc?$AAo?$AAm?$AAp?$AAa?$AAt?$AAi?$AAb?$AAl?$AAe?$AA?5?$AAf@ (`string')
B0D 00000000 SECT33B notype       Static      | .bss
    Section length    4, #relocs    0, #linenums    0, checksum        0, selection    2 (pick any)
B0F 00000000 SECT33B notype       External    | ?id@?$numpunct@D@std@@2V0locale@2@A (public: static class std::locale::id std::numpunct<char>::id)
B10 00000000 SECT33C notype       Static      | .bss
    Section length    4, #relocs    0, #linenums    0, checksum        0, selection    2 (pick any)
B12 00000000 SECT33C notype       External    | ?id@?$numpunct@_W@std@@2V0locale@2@A (public: static class std::locale::id std::numpunct<wchar_t>::id)
B13 00000000 SECT33D notype       Static      | .rdata
    Section length   10, #relocs    0, #linenums    0, checksum 869C5FA0, selection    2 (pick any)
B15 00000000 SECT33D notype       External    | ??_C@_0BA@JFNIOLAK@string?5too?5long?$AA@ (`string')
B16 00000000 SECT33E notype       Static      | .rdata
    Section length   18, #relocs    0, #linenums    0, checksum 79C52538, selection    2 (pick any)
B18 00000000 SECT33E notype       External    | ??_C@_0BI@CFPLBAOH@invalid?5string?5position?$AA@ (`string')
B19 00000000 SECT33F notype       Static      | .rdata
    Section length   13, #relocs    0, #linenums    0, checksum CEE728DA, selection    2 (pick any)
B1B 00000000 SECT33F notype       External    | ??_C@_0BD@OLBABOEK@vector?$DMT?$DO?5too?5long?$AA@ (`string')
B1C 00000000 SECT340 notype       Static      | .rdata
    Section length   46, #relocs    0, #linenums    0, checksum 51FCE42E, selection    2 (pick any)
B1E 00000000 SECT340 notype       External    | ??_C@_1EG@FOHJJHAC@?$AAv?$AAe?$AAc?$AAt?$AAo?$AAr?$AA?5?$AAi?$AAt?$AAe?$AAr?$AAa?$AAt?$AAo?$AAr?$AA?5?$AAn?$AAo?$AAt?$AA?5?$AAd?$AAe?$AAr?$AAe?$AAf?$AAe?$AAr?$AAe?$AAn?$AAc?$AAa?$AAb@ (`string')
B1F 00000000 SECT341 notype       Static      | .rdata
    Section length   EE, #relocs    0, #linenums    0, checksum 4D9641C0, selection    2 (pick any)
B21 00000000 SECT341 notype       External    | ??_C@_1OO@BNEHHEFE@?$AAs?$AAt?$AAd?$AA?3?$AA?3?$AA_?$AAV?$AAe?$AAc?$AAt?$AAo?$AAr?$AA_?$AAc?$AAo?$AAn?$AAs?$AAt?$AA_?$AAi?$AAt?$AAe?$AAr?$AAa?$AAt?$AAo?$AAr?$AA?$DM?$AAc?$AAl?$AAa?$AAs@ (`string')
B22 00000000 SECT342 notype       Static      | .rdata
    Section length   8A, #relocs    0, #linenums    0, checksum F2020C28, selection    2 (pick any)
B24 00000000 SECT342 notype       External    | ??_C@_1IK@PLNAKDGH@?$AAC?$AA?3?$AA?2?$AAP?$AAr?$AAo?$AAg?$AAr?$AAa?$AAm?$AA?5?$AAF?$AAi?$AAl?$AAe?$AAs?$AA?5?$AA?$CI?$AAx?$AA8?$AA6?$AA?$CJ?$AA?2?$AAM?$AAi?$AAc?$AAr?$AAo?$AAs?$AAo?$AAf?$AAt@ (`string')
B25 00000000 SECT343 notype       Static      | .rdata
    Section length   4A, #relocs    0, #linenums    0, checksum 9529451D, selection    2 (pick any)
B27 00000000 SECT343 notype       External    | ??_C@_1EK@PPDBPCAN@?$AAm?$AAa?$AAp?$AA?1?$AAs?$AAe?$AAt?$AA?5?$AAe?$AAr?$AAa?$AAs?$AAe?$AA?5?$AAi?$AAt?$AAe?$AAr?$AAa?$AAt?$AAo?$AAr?$AA?5?$AAo?$AAu?$AAt?$AAs?$AAi?$AAd?$AAe?$AA?5?$AAr@ (`string')
B28 00000000 SECT344 notype       Static      | .rdata
    Section length   3E, #relocs    0, #linenums    0, checksum C7DFAEF7, selection    2 (pick any)
B2A 00000000 SECT344 notype       External    | ??_C@_1DO@CFEEPGGJ@?$AAm?$AAa?$AAp?$AA?1?$AAs?$AAe?$AAt?$AA?5?$AAi?$AAt?$AAe?$AAr?$AAa?$AAt?$AAo?$AAr?$AAs?$AA?5?$AAi?$AAn?$AAc?$AAo?$AAm?$AAp?$AAa?$AAt?$AAi?$AAb?$AAl?$AAe?$AA?$AA@ (`string')
B2B 00000000 SECT345 notype       Static      | .rdata
    Section length   28, #relocs    0, #linenums    0, checksum 4BE49062, selection    2 (pick any)
B2D 00000000 SECT345 notype       External    | ??_C@_0CI@FNPHFCCM@Standard?5C?$CL?$CL?5Libraries?5Invalid?5A@ (`string')
B2E 00000000 SECT346 notype       Static      | .rdata
    Section length   5E, #relocs    0, #linenums    0, checksum 14931CDF, selection    2 (pick any)
B30 00000000 SECT346 notype       External    | ??_C@_1FO@GJIHNDLM@?$AA?$CC?$AAS?$AAt?$AAa?$AAn?$AAd?$AAa?$AAr?$AAd?$AA?5?$AAC?$AA?$CL?$AA?$CL?$AA?5?$AAL?$AAi?$AAb?$AAr?$AAa?$AAr?$AAi?$AAe?$AAs?$AA?5?$AAI?$AAn?$AAv?$AAa?$AAl?$AAi?$AAd?$AA?5@ (`string')
B31 00000000 SECT347 notype       Static      | .rdata
    Section length  174, #relocs    0, #linenums    0, checksum 72E9E54A, selection    2 (pick any)
B33 00000000 SECT347 notype       External    | ??_C@_1BHE@OOJLPLDB@?$AAs?$AAt?$AAd?$AA?3?$AA?3?$AA_?$AAT?$AAr?$AAe?$AAe?$AA_?$AAc?$AAo?$AAn?$AAs?$AAt?$AA_?$AAi?$AAt?$AAe?$AAr?$AAa?$AAt?$AAo?$AAr?$AA?$DM?$AAc?$AAl?$AAa?$AAs?$AAs?$AA?5@ (`string')
B34 00000000 SECT348 notype       Static      | .rdata
    Section length   26, #relocs    0, #linenums    0, checksum FAB37921, selection    2 (pick any)
B36 00000000 SECT348 notype       External    | ??_C@_1CG@JNLFBNGN@?$AA?$CC?$AAi?$AAn?$AAv?$AAa?$AAl?$AAi?$AAd?$AA?5?$AAa?$AAr?$AAg?$AAu?$AAm?$AAe?$AAn?$AAt?$AA?$CC?$AA?$AA@ (`string')
B37 00000000 SECT349 notype       Static      | .rdata
    Section length  17C, #relocs    0, #linenums    0, checksum B42A11D7, selection    2 (pick any)
B39 00000000 SECT349 notype       External    | ??_C@_1BHM@CAONBNFJ@?$AAs?$AAt?$AAd?$AA?3?$AA?3?$AA_?$AAT?$AAr?$AAe?$AAe?$AA_?$AAc?$AAo?$AAn?$AAs?$AAt?$AA_?$AAi?$AAt?$AAe?$AAr?$AAa?$AAt?$AAo?$AAr?$AA?$DM?$AAc?$AAl?$AAa?$AAs?$AAs?$AA?5@ (`string')
B3A 00000000 SECT34A notype       Static      | .rdata
    Section length   46, #relocs    0, #linenums    0, checksum 4810B255, selection    2 (pick any)
B3C 00000000 SECT34A notype       External    | ??_C@_1EG@EHJFMBHJ@?$AAm?$AAa?$AAp?$AA?1?$AAs?$AAe?$AAt?$AA?5?$AAi?$AAt?$AAe?$AAr?$AAa?$AAt?$AAo?$AAr?$AA?5?$AAn?$AAo?$AAt?$AA?5?$AAi?$AAn?$AAc?$AAr?$AAe?$AAm?$AAe?$AAn?$AAt?$AAa?$AAb@ (`string')
B3D 00000000 SECT34B notype       Static      | .rdata
    Section length  174, #relocs    0, #linenums    0, checksum D2140C8F, selection    2 (pick any)
B3F 00000000 SECT34B notype       External    | ??_C@_1BHE@EOGGBCPE@?$AAs?$AAt?$AAd?$AA?3?$AA?3?$AA_?$AAT?$AAr?$AAe?$AAe?$AA_?$AAc?$AAo?$AAn?$AAs?$AAt?$AA_?$AAi?$AAt?$AAe?$AAr?$AAa?$AAt?$AAo?$AAr?$AA?$DM?$AAc?$AAl?$AAa?$AAs?$AAs?$AA?5@ (`string')
B40 00000000 SECT34C notype       Static      | .rdata
    Section length  17C, #relocs    0, #linenums    0, checksum 14D7F812, selection    2 (pick any)
B42 00000000 SECT34C notype       External    | ??_C@_1BHM@IABAPEJM@?$AAs?$AAt?$AAd?$AA?3?$AA?3?$AA_?$AAT?$AAr?$AAe?$AAe?$AA_?$AAc?$AAo?$AAn?$AAs?$AAt?$AA_?$AAi?$AAt?$AAe?$AAr?$AAa?$AAt?$AAo?$AAr?$AA?$DM?$AAc?$AAl?$AAa?$AAs?$AAs?$AA?5@ (`string')
B43 00000000 SECT34D notype       Static      | .rdata
    Section length   2A, #relocs    0, #linenums    0, checksum 55665FBD, selection    2 (pick any)
B45 00000000 SECT34D notype       External    | ??_C@_1CK@EOPGIILJ@?$AAi?$AAn?$AAv?$AAa?$AAl?$AAi?$AAd?$AA?5?$AAn?$AAu?$AAl?$AAl?$AA?5?$AAp?$AAo?$AAi?$AAn?$AAt?$AAe?$AAr?$AA?$AA@ (`string')
B46 00000000 SECT34E notype       Static      | .rdata
    Section length   2E, #relocs    0, #linenums    0, checksum CA385A6C, selection    2 (pick any)
B48 00000000 SECT34E notype       External    | ??_C@_1CO@DGLIKNHI@?$AAi?$AAn?$AAv?$AAa?$AAl?$AAi?$AAd?$AA?5?$AAi?$AAt?$AAe?$AAr?$AAa?$AAt?$AAo?$AAr?$AA?5?$AAr?$AAa?$AAn?$AAg?$AAe?$AA?$AA@ (`string')
B49 00000000 SECT34F notype       Static      | .rdata
    Section length   8E, #relocs    0, #linenums    0, checksum 6FB757B8, selection    2 (pick any)
B4B 00000000 SECT34F notype       External    | ??_C@_1IO@LEDGBKLH@?$AAC?$AA?3?$AA?2?$AAP?$AAr?$AAo?$AAg?$AAr?$AAa?$AAm?$AA?5?$AAF?$AAi?$AAl?$AAe?$AAs?$AA?5?$AA?$CI?$AAx?$AA8?$AA6?$AA?$CJ?$AA?2?$AAM?$AAi?$AAc?$AAr?$AAo?$AAs?$AAo?$AAf?$AAt@ (`string')
B4C 00000000 SECT350 notype       Static      | .rdata$r
    Section length   1C, #relocs    2, #linenums    0, checksum 3AD97647, selection    2 (pick any)
B4E 00000000 SECT350 notype       External    | ??_R1A@?0A@EA@exception@std@@8 (std::exception::`RTTI Base Class Descriptor at (0,-1,0,64)')
B4F 00000000 SECT351 notype       Static      | .rdata$r
    Section length   10, #relocs    1, #linenums    0, checksum CCAA009E, selection    2 (pick any)
B51 00000000 SECT351 notype       External    | ??_R3exception@std@@8 (std::exception::`RTTI Class Hierarchy Descriptor')
B52 00000000 SECT352 notype       Static      | .rdata$r
    Section length    5, #relocs    1, #linenums    0, checksum        0, selection    2 (pick any)
B54 00000000 SECT352 notype       External    | ??_R2exception@std@@8 (std::exception::`RTTI Base Class Array')
B55 00000000 SECT353 notype       Static      | .rdata$r
    Section length   14, #relocs    2, #linenums    0, checksum        0, selection    2 (pick any)
B57 00000000 SECT353 notype       External    | ??_R4logic_error@std@@6B@ (const std::logic_error::`RTTI Complete Object Locator')
B58 00000000 SECT354 notype       Static      | .rdata$r
    Section length   10, #relocs    1, #linenums    0, checksum 4225077D, selection    2 (pick any)
B5A 00000000 SECT354 notype       External    | ??_R3logic_error@std@@8 (std::logic_error::`RTTI Class Hierarchy Descriptor')
B5B 00000000 SECT355 notype       Static      | .rdata$r
    Section length    9, #relocs    2, #linenums    0, checksum        0, selection    2 (pick any)
B5D 00000000 SECT355 notype       External    | ??_R2logic_error@std@@8 (std::logic_error::`RTTI Base Class Array')
B5E 00000000 SECT356 notype       Static      | .rdata$r
    Section length   1C, #relocs    2, #linenums    0, checksum BBFC1360, selection    2 (pick any)
B60 00000000 SECT356 notype       External    | ??_R1A@?0A@EA@logic_error@std@@8 (std::logic_error::`RTTI Base Class Descriptor at (0,-1,0,64)')
B61 00000000 SECT357 notype       Static      | .rdata$r
    Section length   14, #relocs    2, #linenums    0, checksum        0, selection    2 (pick any)
B63 00000000 SECT357 notype       External    | ??_R4invalid_argument@std@@6B@ (const std::invalid_argument::`RTTI Complete Object Locator')
B64 00000000 SECT358 notype       Static      | .rdata$r
    Section length   10, #relocs    1, #linenums    0, checksum 8E8F07E3, selection    2 (pick any)
B66 00000000 SECT358 notype       External    | ??_R3invalid_argument@std@@8 (std::invalid_argument::`RTTI Class Hierarchy Descriptor')
B67 00000000 SECT359 notype       Static      | .rdata$r
    Section length    D, #relocs    3, #linenums    0, checksum        0, selection    2 (pick any)
B69 00000000 SECT359 notype       External    | ??_R2invalid_argument@std@@8 (std::invalid_argument::`RTTI Base Class Array')
B6A 00000000 SECT35A notype       Static      | .rdata$r
    Section length   1C, #relocs    2, #linenums    0, checksum E3E2BA48, selection    2 (pick any)
B6C 00000000 SECT35A notype       External    | ??_R1A@?0A@EA@invalid_argument@std@@8 (std::invalid_argument::`RTTI Base Class Descriptor at (0,-1,0,64)')
B6D 00000000 SECT35B notype       Static      | .rdata$r
    Section length   14, #relocs    2, #linenums    0, checksum        0, selection    2 (pick any)
B6F 00000000 SECT35B notype       External    | ??_R4runtime_error@std@@6B@ (const std::runtime_error::`RTTI Complete Object Locator')
B70 00000000 SECT35C notype       Static      | .rdata$r
    Section length   10, #relocs    1, #linenums    0, checksum 4225077D, selection    2 (pick any)
B72 00000000 SECT35C notype       External    | ??_R3runtime_error@std@@8 (std::runtime_error::`RTTI Class Hierarchy Descriptor')
B73 00000000 SECT35D notype       Static      | .rdata$r
    Section length    9, #relocs    2, #linenums    0, checksum        0, selection    2 (pick any)
B75 00000000 SECT35D notype       External    | ??_R2runtime_error@std@@8 (std::runtime_error::`RTTI Base Class Array')
B76 00000000 SECT35E notype       Static      | .rdata$r
    Section length   1C, #relocs    2, #linenums    0, checksum BBFC1360, selection    2 (pick any)
B78 00000000 SECT35E notype       External    | ??_R1A@?0A@EA@runtime_error@std@@8 (std::runtime_error::`RTTI Base Class Descriptor at (0,-1,0,64)')
B79 00000000 SECT35F notype       Static      | .rdata$r
    Section length   14, #relocs    2, #linenums    0, checksum        0, selection    2 (pick any)
B7B 00000000 SECT35F notype       External    | ??_R4error_category@std@@6B@ (const std::error_category::`RTTI Complete Object Locator')
B7C 00000000 SECT360 notype       Static      | .data$r
    Section length   21, #relocs    1, #linenums    0, checksum 57781CE5, selection    2 (pick any)
B7E 00000000 SECT360 notype       External    | ??_R0?AVerror_category@std@@@8 (class std::error_category `RTTI Type Descriptor')
B7F 00000000 SECT361 notype       Static      | .rdata$r
    Section length   10, #relocs    1, #linenums    0, checksum CCAA009E, selection    2 (pick any)
B81 00000000 SECT361 notype       External    | ??_R3error_category@std@@8 (std::error_category::`RTTI Class Hierarchy Descriptor')
B82 00000000 SECT362 notype       Static      | .rdata$r
    Section length    5, #relocs    1, #linenums    0, checksum        0, selection    2 (pick any)
B84 00000000 SECT362 notype       External    | ??_R2error_category@std@@8 (std::error_category::`RTTI Base Class Array')
B85 00000000 SECT363 notype       Static      | .rdata$r
    Section length   1C, #relocs    2, #linenums    0, checksum 3AD97647, selection    2 (pick any)
B87 00000000 SECT363 notype       External    | ??_R1A@?0A@EA@error_category@std@@8 (std::error_category::`RTTI Base Class Descriptor at (0,-1,0,64)')
B88 00000000 SECT364 notype       Static      | .rdata$r
    Section length   14, #relocs    2, #linenums    0, checksum        0, selection    2 (pick any)
B8A 00000000 SECT364 notype       External    | ??_R4_Generic_error_category@std@@6B@ (const std::_Generic_error_category::`RTTI Complete Object Locator')
B8B 00000000 SECT365 notype       Static      | .data$r
    Section length   2A, #relocs    1, #linenums    0, checksum 61E25741, selection    2 (pick any)
B8D 00000000 SECT365 notype       External    | ??_R0?AV_Generic_error_category@std@@@8 (class std::_Generic_error_category `RTTI Type Descriptor')
B8E 00000000 SECT366 notype       Static      | .rdata$r
    Section length   10, #relocs    1, #linenums    0, checksum 4225077D, selection    2 (pick any)
B90 00000000 SECT366 notype       External    | ??_R3_Generic_error_category@std@@8 (std::_Generic_error_category::`RTTI Class Hierarchy Descriptor')
B91 00000000 SECT367 notype       Static      | .rdata$r
    Section length    9, #relocs    2, #linenums    0, checksum        0, selection    2 (pick any)
B93 00000000 SECT367 notype       External    | ??_R2_Generic_error_category@std@@8 (std::_Generic_error_category::`RTTI Base Class Array')
B94 00000000 SECT368 notype       Static      | .rdata$r
    Section length   1C, #relocs    2, #linenums    0, checksum BBFC1360, selection    2 (pick any)
B96 00000000 SECT368 notype       External    | ??_R1A@?0A@EA@_Generic_error_category@std@@8 (std::_Generic_error_category::`RTTI Base Class Descriptor at (0,-1,0,64)')
B97 00000000 SECT369 notype       Static      | .rdata$r
    Section length   14, #relocs    2, #linenums    0, checksum        0, selection    2 (pick any)
B99 00000000 SECT369 notype       External    | ??_R4_Iostream_error_category@std@@6B@ (const std::_Iostream_error_category::`RTTI Complete Object Locator')
B9A 00000000 SECT36A notype       Static      | .data$r
    Section length   2B, #relocs    1, #linenums    0, checksum 9ABBB05D, selection    2 (pick any)
B9C 00000000 SECT36A notype       External    | ??_R0?AV_Iostream_error_category@std@@@8 (class std::_Iostream_error_category `RTTI Type Descriptor')
B9D 00000000 SECT36B notype       Static      | .rdata$r
    Section length   10, #relocs    1, #linenums    0, checksum 8E8F07E3, selection    2 (pick any)
B9F 00000000 SECT36B notype       External    | ??_R3_Iostream_error_category@std@@8 (std::_Iostream_error_category::`RTTI Class Hierarchy Descriptor')
BA0 00000000 SECT36C notype       Static      | .rdata$r
    Section length    D, #relocs    3, #linenums    0, checksum        0, selection    2 (pick any)
BA2 00000000 SECT36C notype       External    | ??_R2_Iostream_error_category@std@@8 (std::_Iostream_error_category::`RTTI Base Class Array')
BA3 00000000 SECT36D notype       Static      | .rdata$r
    Section length   1C, #relocs    2, #linenums    0, checksum E3E2BA48, selection    2 (pick any)
BA5 00000000 SECT36D notype       External    | ??_R1A@?0A@EA@_Iostream_error_category@std@@8 (std::_Iostream_error_category::`RTTI Base Class Descriptor at (0,-1,0,64)')
BA6 00000000 SECT36E notype       Static      | .rdata$r
    Section length   14, #relocs    2, #linenums    0, checksum        0, selection    2 (pick any)
BA8 00000000 SECT36E notype       External    | ??_R4_System_error_category@std@@6B@ (const std::_System_error_category::`RTTI Complete Object Locator')
BA9 00000000 SECT36F notype       Static      | .data$r
    Section length   29, #relocs    1, #linenums    0, checksum FF15FF41, selection    2 (pick any)
BAB 00000000 SECT36F notype       External    | ??_R0?AV_System_error_category@std@@@8 (class std::_System_error_category `RTTI Type Descriptor')
BAC 00000000 SECT370 notype       Static      | .rdata$r
    Section length   10, #relocs    1, #linenums    0, checksum 8E8F07E3, selection    2 (pick any)
BAE 00000000 SECT370 notype       External    | ??_R3_System_error_category@std@@8 (std::_System_error_category::`RTTI Class Hierarchy Descriptor')
BAF 00000000 SECT371 notype       Static      | .rdata$r
    Section length    D, #relocs    3, #linenums    0, checksum        0, selection    2 (pick any)
BB1 00000000 SECT371 notype       External    | ??_R2_System_error_category@std@@8 (std::_System_error_category::`RTTI Base Class Array')
BB2 00000000 SECT372 notype       Static      | .rdata$r
    Section length   1C, #relocs    2, #linenums    0, checksum E3E2BA48, selection    2 (pick any)
BB4 00000000 SECT372 notype       External    | ??_R1A@?0A@EA@_System_error_category@std@@8 (std::_System_error_category::`RTTI Base Class Descriptor at (0,-1,0,64)')
BB5 00000000 SECT373 notype       Static      | .rdata$r
    Section length   14, #relocs    2, #linenums    0, checksum        0, selection    2 (pick any)
BB7 00000000 SECT373 notype       External    | ??_R4Resolver@MilesHost@@6B@ (const MilesHost::Resolver::`RTTI Complete Object Locator')
BB8 00000000 SECT374 notype       Static      | .data$r
    Section length   21, #relocs    1, #linenums    0, checksum 35ACDAE8, selection    2 (pick any)
BBA 00000000 SECT374 notype       External    | ??_R0?AUResolver@MilesHost@@@8 (struct MilesHost::Resolver `RTTI Type Descriptor')
BBB 00000000 SECT375 notype       Static      | .rdata$r
    Section length   10, #relocs    1, #linenums    0, checksum CCAA009E, selection    2 (pick any)
BBD 00000000 SECT375 notype       External    | ??_R3Resolver@MilesHost@@8 (MilesHost::Resolver::`RTTI Class Hierarchy Descriptor')
BBE 00000000 SECT376 notype       Static      | .rdata$r
    Section length    5, #relocs    1, #linenums    0, checksum        0, selection    2 (pick any)
BC0 00000000 SECT376 notype       External    | ??_R2Resolver@MilesHost@@8 (MilesHost::Resolver::`RTTI Base Class Array')
BC1 00000000 SECT377 notype       Static      | .rdata$r
    Section length   1C, #relocs    2, #linenums    0, checksum 3AD97647, selection    2 (pick any)
BC3 00000000 SECT377 notype       External    | ??_R1A@?0A@EA@Resolver@MilesHost@@8 (MilesHost::Resolver::`RTTI Base Class Descriptor at (0,-1,0,64)')
BC4 00000000 SECT378 notype       Static      | .rdata$r
    Section length   14, #relocs    2, #linenums    0, checksum        0, selection    2 (pick any)
BC6 00000000 SECT378 notype       External    | ??_R4RegistryResolver@MilesHost@@6B@ (const MilesHost::RegistryResolver::`RTTI Complete Object Locator')
BC7 00000000 SECT379 notype       Static      | .data$r
    Section length   29, #relocs    1, #linenums    0, checksum 61CCF8E3, selection    2 (pick any)
BC9 00000000 SECT379 notype       External    | ??_R0?AVRegistryResolver@MilesHost@@@8 (class MilesHost::RegistryResolver `RTTI Type Descriptor')
BCA 00000000 SECT37A notype       Static      | .rdata$r
    Section length   10, #relocs    1, #linenums    0, checksum 4225077D, selection    2 (pick any)
BCC 00000000 SECT37A notype       External    | ??_R3RegistryResolver@MilesHost@@8 (MilesHost::RegistryResolver::`RTTI Class Hierarchy Descriptor')
BCD 00000000 SECT37B notype       Static      | .rdata$r
    Section length    9, #relocs    2, #linenums    0, checksum        0, selection    2 (pick any)
BCF 00000000 SECT37B notype       External    | ??_R2RegistryResolver@MilesHost@@8 (MilesHost::RegistryResolver::`RTTI Base Class Array')
BD0 00000000 SECT37C notype       Static      | .rdata$r
    Section length   1C, #relocs    2, #linenums    0, checksum BBFC1360, selection    2 (pick any)
BD2 00000000 SECT37C notype       External    | ??_R1A@?0A@EA@RegistryResolver@MilesHost@@8 (MilesHost::RegistryResolver::`RTTI Base Class Descriptor at (0,-1,0,64)')
BD3 00000000 UNDEF  notype       External     | ___security_cookie
BD4 00000000 UNDEF  notype       External     | __fltused
BD5 00000000 SECT37D notype       Static      | .CRT$XCU
    Section length   10, #relocs    4, #linenums    0, checksum        0
BD7 00000000 SECT37D notype       Static      | _piecewise_construct$initializer$
BD8 00000004 SECT37D notype       Static      | _allocator_arg$initializer$
BD9 00000008 SECT37D notype       Static      | _ignore$initializer$
BDA 0000000C SECT37D notype       Static      | __Tuple_alloc$initializer$
BDB 00000000 SECT37E notype       Static      | .CRT$XCU
    Section length    4, #relocs    1, #linenums    0, checksum        0, selection    5 (pick associative Section 0x309)
BDD 00000000 SECT37E notype       Static      | ?_Generic_object$initializer$@?$_Error_objects@H@std@@2P6AXXZA (public: static void (__cdecl* std::_Error_objects<int>::_Generic_object$initializer$)(void))
BDE 00000000 SECT37F notype       Static      | .CRT$XCU
    Section length    4, #relocs    1, #linenums    0, checksum        0, selection    5 (pick associative Section 0x30A)
BE0 00000000 SECT37F notype       Static      | ?_Iostream_object$initializer$@?$_Error_objects@H@std@@2P6AXXZA (public: static void (__cdecl* std::_Error_objects<int>::_Iostream_object$initializer$)(void))
BE1 00000000 SECT380 notype       Static      | .CRT$XCU
    Section length    4, #relocs    1, #linenums    0, checksum        0, selection    5 (pick associative Section 0x30B)
BE3 00000000 SECT380 notype       Static      | ?_System_object$initializer$@?$_Error_objects@H@std@@2P6AXXZA (public: static void (__cdecl* std::_Error_objects<int>::_System_object$initializer$)(void))
BE4 00000000 SECT381 notype       Static      | .CRT$XCU
    Section length    4, #relocs    1, #linenums    0, checksum        0, selection    5 (pick associative Section 0x30C)
BE6 00000000 SECT381 notype       Static      | ?id$initializer$@?$num_put@DV?$back_insert_iterator@V?$basic_string@DU?$char_traits@D@std@@V?$allocator@D@2@@std@@@std@@@std@@2P6AXXZA (public: static void (__cdecl* std::num_put<char,class std::back_insert_iterator<class std::basic_string<char,struct std::char_traits<char>,class std::allocator<char> > > >::id$initializer$)(void))
BE7 00000000 SECT382 notype       Static      | .CRT$XCU
    Section length    4, #relocs    1, #linenums    0, checksum        0, selection    5 (pick associative Section 0x30D)
BE9 00000000 SECT382 notype       Static      | ?id$initializer$@?$num_put@_WV?$back_insert_iterator@V?$basic_string@_WU?$char_traits@_W@std@@V?$allocator@_W@2@@std@@@std@@@std@@2P6AXXZA (public: static void (__cdecl* std::num_put<wchar_t,class std::back_insert_iterator<class std::basic_string<wchar_t,struct std::char_traits<wchar_t>,class std::allocator<wchar_t> > > >::id$initializer$)(void))
BEA 00000000 SECT383 notype       Static      | .CRT$XCU
    Section length    4, #relocs    1, #linenums    0, checksum        0, selection    5 (pick associative Section 0x33B)
BEC 00000000 SECT383 notype       Static      | ?id$initializer$@?$numpunct@D@std@@2P6AXXZA (public: static void (__cdecl* std::numpunct<char>::id$initializer$)(void))
BED 00000000 SECT384 notype       Static      | .CRT$XCU
    Section length    4, #relocs    1, #linenums    0, checksum        0, selection    5 (pick associative Section 0x33C)
BEF 00000000 SECT384 notype       Static      | ?id$initializer$@?$numpunct@_W@std@@2P6AXXZA (public: static void (__cdecl* std::numpunct<wchar_t>::id$initializer$)(void))

String Table Size = 0x22115 bytes

  Summary

          2C .CRT$XCU
          20 .bss
         166 .data$r
          A4 .debug$S
         36A .drectve
        1667 .rdata
         2C6 .rdata$r
          E4 .sxdata
          CE .text$di
        DDFE .text$mn
         9E9 .text$x
          2D .text$yd
         E48 .xdata$x
