Microsoft (R) COFF/PE Dumper Version 12.00.40629.0
Copyright (C) Microsoft Corporation.  All rights reserved.


Dump of file C:\pipe-native26\native-v1\amd64\ClientMilesPipe.obj

File Type: COFF OBJECT

COFF SYMBOL TABLE
000 00E19EB5 ABS    notype       Static       | @comp.id
001 80000190 ABS    notype       Static       | @feat.00
002 00000000 SECT1  notype       Static       | .drectve
    Section length  320, #relocs    0, #linenums    0, checksum        0
004 00000000 SECT2  notype       Static       | .debug$S
    Section length   88, #relocs    0, #linenums    0, checksum        0
006 00000000 SECT3  notype       Static       | .bss
    Section length    A, #relocs    0, #linenums    0, checksum        0
008 00000000 SECT3  notype       External     | ?selectedSession@?A0x82d695a5@@3PEAVSession@ClientMilesPipe@@EA (class ClientMilesPipe::Session * `anonymous namespace'::selectedSession)
009 00000000 SECT4  notype       Static       | .text$mn
    Section length    3, #relocs    0, #linenums    0, checksum DE285C5B, selection    2 (pick any)
00B 00000000 SECT5  notype       Static       | .text$mn
    Section length    3, #relocs    0, #linenums    0, checksum DE285C5B, selection    2 (pick any)
00D 00000000 SECT6  notype       Static       | .text$mn
    Section length    3, #relocs    0, #linenums    0, checksum EE7875BA, selection    2 (pick any)
00F 00000000 SECT7  notype       Static       | .text$mn
    Section length   26, #relocs    2, #linenums    0, checksum ACD6AFDA, selection    2 (pick any)
011 00000000 SECT8  notype       Static       | .text$mn
    Section length   26, #relocs    2, #linenums    0, checksum ACD6AFDA, selection    2 (pick any)
013 00000000 SECT9  notype       Static       | .text$mn
    Section length   30, #relocs    1, #linenums    0, checksum FFE3FFFB, selection    2 (pick any)
015 00000000 SECTA  notype       Static       | .text$mn
    Section length   30, #relocs    1, #linenums    0, checksum FFE3FFFB, selection    2 (pick any)
017 00000000 SECTB  notype       Static       | .text$mn
    Section length    3, #relocs    0, #linenums    0, checksum 922B422E, selection    2 (pick any)
019 00000000 SECTC  notype       Static       | .text$mn
    Section length    3, #relocs    0, #linenums    0, checksum 922B422E, selection    2 (pick any)
01B 00000000 SECTD  notype       Static       | .text$mn
    Section length    6, #relocs    0, #linenums    0, checksum C5956564, selection    2 (pick any)
01D 00000000 SECTE  notype       Static       | .text$mn
    Section length    6, #relocs    0, #linenums    0, checksum C5956564, selection    2 (pick any)
01F 00000000 SECTF  notype       Static       | .text$mn
    Section length    7, #relocs    0, #linenums    0, checksum 7097318A, selection    2 (pick any)
021 00000000 SECT10 notype       Static       | .text$mn
    Section length   20, #relocs    1, #linenums    0, checksum  2F7F4E4, selection    2 (pick any)
023 00000000 SECT11 notype       Static       | .text$mn
    Section length   20, #relocs    1, #linenums    0, checksum  2F7F4E4, selection    2 (pick any)
025 00000000 SECT12 notype       Static       | .text$mn
    Section length    4, #relocs    0, #linenums    0, checksum 634CF1B6, selection    2 (pick any)
027 00000000 SECT13 notype       Static       | .text$mn
    Section length    4, #relocs    0, #linenums    0, checksum 634CF1B6, selection    2 (pick any)
029 00000000 SECT14 notype       Static       | .text$mn
    Section length   26, #relocs    1, #linenums    0, checksum 6C0B3121, selection    2 (pick any)
02B 00000000 SECT15 notype       Static       | .text$mn
    Section length   26, #relocs    1, #linenums    0, checksum 6C0B3121, selection    2 (pick any)
02D 00000000 SECT16 notype       Static       | .text$mn
    Section length   26, #relocs    1, #linenums    0, checksum 6C0B3121, selection    2 (pick any)
02F 00000000 SECT17 notype       Static       | .text$mn
    Section length   26, #relocs    1, #linenums    0, checksum 6C0B3121, selection    2 (pick any)
031 00000000 SECT18 notype       Static       | .text$mn
    Section length   26, #relocs    1, #linenums    0, checksum 6C0B3121, selection    2 (pick any)
033 00000000 SECT19 notype       Static       | .text$mn
    Section length   26, #relocs    1, #linenums    0, checksum 6C0B3121, selection    2 (pick any)
035 00000000 SECT1A notype       Static       | .text$mn
    Section length    4, #relocs    0, #linenums    0, checksum 634CF1B6, selection    2 (pick any)
037 00000000 SECT1B notype       Static       | .text$mn
    Section length    4, #relocs    0, #linenums    0, checksum 634CF1B6, selection    2 (pick any)
039 00000000 SECT1C notype       Static       | .text$mn
    Section length    4, #relocs    0, #linenums    0, checksum 634CF1B6, selection    2 (pick any)
03B 00000000 SECT1D notype       Static       | .text$mn
    Section length    C, #relocs    0, #linenums    0, checksum 25E6E91D, selection    2 (pick any)
03D 00000000 SECT1E notype       Static       | .text$mn
    Section length    C, #relocs    0, #linenums    0, checksum 25E6E91D, selection    2 (pick any)
03F 00000000 SECT1F notype       Static       | .text$mn
    Section length    C, #relocs    0, #linenums    0, checksum 25E6E91D, selection    2 (pick any)
041 00000000 SECT20 notype       Static       | .text$mn
    Section length    3, #relocs    0, #linenums    0, checksum 922B422E, selection    2 (pick any)
043 00000000 SECT21 notype       Static       | .text$mn
    Section length    3, #relocs    0, #linenums    0, checksum 922B422E, selection    2 (pick any)
045 00000000 SECT22 notype       Static       | .text$mn
    Section length    3, #relocs    0, #linenums    0, checksum 922B422E, selection    2 (pick any)
047 00000000 SECT23 notype       Static       | .text$mn
    Section length    4, #relocs    0, #linenums    0, checksum 634CF1B6, selection    2 (pick any)
049 00000000 SECT24 notype       Static       | .text$mn
    Section length    4, #relocs    0, #linenums    0, checksum 634CF1B6, selection    2 (pick any)
04B 00000000 SECT25 notype       Static       | .text$mn
    Section length    4, #relocs    0, #linenums    0, checksum 634CF1B6, selection    2 (pick any)
04D 00000000 SECT26 notype       Static       | .text$mn
    Section length    4, #relocs    0, #linenums    0, checksum 634CF1B6, selection    2 (pick any)
04F 00000000 SECT27 notype       Static       | .text$mn
    Section length    4, #relocs    0, #linenums    0, checksum 634CF1B6, selection    2 (pick any)
051 00000000 SECT28 notype       Static       | .text$mn
    Section length    E, #relocs    0, #linenums    0, checksum 3D05B36D, selection    2 (pick any)
053 00000000 SECT29 notype       Static       | .text$mn
    Section length    E, #relocs    0, #linenums    0, checksum 3D05B36D, selection    2 (pick any)
055 00000000 SECT2A notype       Static       | .text$mn
    Section length    7, #relocs    0, #linenums    0, checksum 7097318A, selection    2 (pick any)
057 00000000 SECT2B notype       Static       | .text$mn
    Section length    7, #relocs    0, #linenums    0, checksum 7097318A, selection    2 (pick any)
059 00000000 SECT2C notype       Static       | .text$mn
    Section length   11, #relocs    0, #linenums    0, checksum 3D1758C6, selection    2 (pick any)
05B 00000000 SECT2D notype       Static       | .text$mn
    Section length    7, #relocs    0, #linenums    0, checksum 7097318A, selection    2 (pick any)
05D 00000000 SECT2E notype       Static       | .text$mn
    Section length   11, #relocs    0, #linenums    0, checksum 3D1758C6, selection    2 (pick any)
05F 00000000 SECT2F notype       Static       | .text$mn
    Section length    4, #relocs    0, #linenums    0, checksum 634CF1B6, selection    2 (pick any)
061 00000000 SECT30 notype       Static       | .text$mn
    Section length    4, #relocs    0, #linenums    0, checksum 634CF1B6, selection    2 (pick any)
063 00000000 SECT31 notype       Static       | .text$mn
    Section length    4, #relocs    0, #linenums    0, checksum 634CF1B6, selection    2 (pick any)
065 00000000 SECT32 notype       Static       | .text$mn
    Section length    4, #relocs    0, #linenums    0, checksum 634CF1B6, selection    2 (pick any)
067 00000000 SECT33 notype       Static       | .text$mn
    Section length    4, #relocs    0, #linenums    0, checksum 634CF1B6, selection    2 (pick any)
069 00000000 SECT34 notype       Static       | .text$mn
    Section length    4, #relocs    0, #linenums    0, checksum 634CF1B6, selection    2 (pick any)
06B 00000000 SECT35 notype       Static       | .text$mn
    Section length    4, #relocs    0, #linenums    0, checksum 634CF1B6, selection    2 (pick any)
06D 00000000 SECT36 notype       Static       | .text$mn
    Section length    4, #relocs    0, #linenums    0, checksum 634CF1B6, selection    2 (pick any)
06F 00000000 SECT37 notype       Static       | .text$mn
    Section length   31, #relocs    1, #linenums    0, checksum 102F4FFA, selection    2 (pick any)
071 00000000 SECT38 notype       Static       | .text$mn
    Section length   3C, #relocs    1, #linenums    0, checksum 76EAF9E1, selection    2 (pick any)
073 00000000 SECT39 notype       Static       | .text$mn
    Section length   17, #relocs    0, #linenums    0, checksum F9A9D51A, selection    2 (pick any)
075 00000000 SECT3A notype       Static       | .text$mn
    Section length    4, #relocs    0, #linenums    0, checksum 634CF1B6, selection    2 (pick any)
077 00000000 SECT3B notype       Static       | .text$mn
    Section length    7, #relocs    0, #linenums    0, checksum 7097318A, selection    2 (pick any)
079 00000000 SECT3C notype       Static       | .text$mn
    Section length    B, #relocs    0, #linenums    0, checksum 82DF0887, selection    2 (pick any)
07B 00000000 SECT3D notype       Static       | .text$mn
    Section length   11, #relocs    0, #linenums    0, checksum FBCE3E06, selection    2 (pick any)
07D 00000000 SECT3E notype       Static       | .text$mn
    Section length   AA, #relocs    5, #linenums    0, checksum 64C632AA, selection    2 (pick any)
07F 00000000 SECT3F notype       Static       | .text$x
    Section length   20, #relocs    2, #linenums    0, checksum 7C6EA17D, selection    5 (pick associative Section 0x3E)
081 00000000 SECT40 notype       Static       | .text$mn
    Section length   11, #relocs    0, #linenums    0, checksum 3D1758C6, selection    2 (pick any)
083 00000000 SECT41 notype       Static       | .text$mn
    Section length    B, #relocs    0, #linenums    0, checksum 39A4976E, selection    2 (pick any)
085 00000000 SECT42 notype       Static       | .text$mn
    Section length   33, #relocs    2, #linenums    0, checksum 9CE0BBB7, selection    2 (pick any)
087 00000000 SECT43 notype       Static       | .text$mn
    Section length   39, #relocs    2, #linenums    0, checksum F3F76785, selection    2 (pick any)
089 00000000 SECT44 notype       Static       | .text$mn
    Section length   46, #relocs    1, #linenums    0, checksum B148FA53, selection    2 (pick any)
08B 00000000 SECT45 notype       Static       | .text$mn
    Section length   2B, #relocs    1, #linenums    0, checksum  8456791, selection    2 (pick any)
08D 00000000 SECT46 notype       Static       | .text$mn
    Section length   3F, #relocs    1, #linenums    0, checksum  6328A5B, selection    2 (pick any)
08F 00000000 SECT47 notype       Static       | .text$mn
    Section length   1B, #relocs    0, #linenums    0, checksum D9553AD4, selection    2 (pick any)
091 00000000 SECT48 notype       Static       | .text$mn
    Section length   A7, #relocs    7, #linenums    0, checksum F9713EB2, selection    1 (pick no duplicates)
093 00000000 SECT49 notype       Static       | .text$x
    Section length   2C, #relocs    3, #linenums    0, checksum 9FDEE13C, selection    5 (pick associative Section 0x48)
095 00000000 SECT4A notype       Static       | .text$mn
    Section length    E, #relocs    1, #linenums    0, checksum 1D727DB6, selection    2 (pick any)
097 00000000 SECT4B notype       Static       | .text$mn
    Section length    E, #relocs    1, #linenums    0, checksum 1D727DB6, selection    2 (pick any)
099 00000000 SECT4C notype       Static       | .text$mn
    Section length    E, #relocs    1, #linenums    0, checksum 1D727DB6, selection    2 (pick any)
09B 00000000 SECT4D notype       Static       | .text$mn
    Section length    E, #relocs    1, #linenums    0, checksum 1D727DB6, selection    2 (pick any)
09D 00000000 SECT4E notype       Static       | .text$mn
    Section length    A, #relocs    0, #linenums    0, checksum 552F6FC4, selection    2 (pick any)
09F 00000000 SECT4F notype       Static       | .text$mn
    Section length    7, #relocs    0, #linenums    0, checksum 7097318A, selection    2 (pick any)
0A1 00000000 SECT50 notype       Static       | .text$mn
    Section length   21, #relocs    2, #linenums    0, checksum CFB2977D, selection    2 (pick any)
0A3 00000000 SECT51 notype       Static       | .text$mn
    Section length   2A, #relocs    2, #linenums    0, checksum 15580513, selection    2 (pick any)
0A5 00000000 SECT52 notype       Static       | .text$mn
    Section length   31, #relocs    1, #linenums    0, checksum 6A044D3B, selection    2 (pick any)
0A7 00000000 SECT53 notype       Static       | .text$mn
    Section length    D, #relocs    1, #linenums    0, checksum F3888F6D, selection    2 (pick any)
0A9 00000000 SECT54 notype       Static       | .text$mn
    Section length   14, #relocs    0, #linenums    0, checksum F06C8908, selection    2 (pick any)
0AB 00000000 SECT55 notype       Static       | .text$mn
    Section length   29, #relocs    1, #linenums    0, checksum F7CDA570, selection    2 (pick any)
0AD 00000000 SECT56 notype       Static       | .text$mn
    Section length    5, #relocs    1, #linenums    0, checksum 25C4A5AE, selection    2 (pick any)
0AF 00000000 SECT57 notype       Static       | .text$mn
    Section length   2B, #relocs    1, #linenums    0, checksum 60EF6DBE, selection    2 (pick any)
0B1 00000000 SECT58 notype       Static       | .text$mn
    Section length   33, #relocs    1, #linenums    0, checksum 4E80438E, selection    2 (pick any)
0B3 00000000 SECT59 notype       Static       | .text$mn
    Section length   4C, #relocs    3, #linenums    0, checksum BEEB1D9C, selection    1 (pick no duplicates)
0B5 00000000 SECT5A notype       Static       | .text$mn
    Section length    B, #relocs    1, #linenums    0, checksum 9ED5CDC2, selection    2 (pick any)
0B7 00000000 SECT5B notype       Static       | .text$mn
    Section length    B, #relocs    1, #linenums    0, checksum 9ED5CDC2, selection    2 (pick any)
0B9 00000000 SECT5C notype       Static       | .text$mn
    Section length    B, #relocs    1, #linenums    0, checksum 9ED5CDC2, selection    2 (pick any)
0BB 00000000 SECT5D notype       Static       | .text$mn
    Section length    B, #relocs    1, #linenums    0, checksum 9ED5CDC2, selection    2 (pick any)
0BD 00000000 SECT5E notype       Static       | .text$mn
    Section length    5, #relocs    1, #linenums    0, checksum 25C4A5AE, selection    2 (pick any)
0BF 00000000 SECT5F notype       Static       | .text$mn
    Section length    4, #relocs    0, #linenums    0, checksum 4861A275, selection    2 (pick any)
0C1 00000000 SECT60 notype       Static       | .text$mn
    Section length    3, #relocs    0, #linenums    0, checksum 922B422E, selection    2 (pick any)
0C3 00000000 SECT61 notype       Static       | .text$mn
    Section length   31, #relocs    1, #linenums    0, checksum 97D41D6B, selection    2 (pick any)
0C5 00000000 SECT62 notype       Static       | .text$mn
    Section length  101, #relocs    6, #linenums    0, checksum 35E9A206, selection    2 (pick any)
0C7 00000000 SECT63 notype       Static       | .text$x
    Section length   20, #relocs    2, #linenums    0, checksum 7C6EA17D, selection    5 (pick associative Section 0x62)
0C9 00000000 SECT64 notype       Static       | .text$mn
    Section length   46, #relocs    1, #linenums    0, checksum B148FA53, selection    2 (pick any)
0CB 00000000 SECT65 notype       Static       | .text$mn
    Section length    7, #relocs    0, #linenums    0, checksum D1127834, selection    2 (pick any)
0CD 00000000 SECT66 notype       Static       | .text$mn
    Section length   16, #relocs    0, #linenums    0, checksum  84D1194, selection    2 (pick any)
0CF 00000000 SECT67 notype       Static       | .text$mn
    Section length    7, #relocs    0, #linenums    0, checksum 99B41EF8, selection    2 (pick any)
0D1 00000000 SECT68 notype       Static       | .text$mn
    Section length    9, #relocs    0, #linenums    0, checksum 6EC7D1E2, selection    2 (pick any)
0D3 00000000 SECT69 notype       Static       | .text$mn
    Section length    9, #relocs    0, #linenums    0, checksum 6EC7D1E2, selection    2 (pick any)
0D5 00000000 SECT6A notype       Static       | .text$mn
    Section length    4, #relocs    0, #linenums    0, checksum A8B626F8, selection    2 (pick any)
0D7 00000000 SECT6B notype       Static       | .text$mn
    Section length    4, #relocs    0, #linenums    0, checksum A8B626F8, selection    2 (pick any)
0D9 00000000 SECT6C notype       Static       | .text$mn
    Section length    4, #relocs    0, #linenums    0, checksum A8B626F8, selection    2 (pick any)
0DB 00000000 SECT6D notype       Static       | .text$mn
    Section length    4, #relocs    0, #linenums    0, checksum A8B626F8, selection    2 (pick any)
0DD 00000000 SECT6E notype       Static       | .text$mn
    Section length    4, #relocs    0, #linenums    0, checksum A8B626F8, selection    2 (pick any)
0DF 00000000 SECT6F notype       Static       | .text$mn
    Section length    D, #relocs    0, #linenums    0, checksum 5302AED0, selection    2 (pick any)
0E1 00000000 SECT70 notype       Static       | .text$mn
    Section length    8, #relocs    1, #linenums    0, checksum E5DEFF2C, selection    2 (pick any)
0E3 00000000 SECT71 notype       Static       | .text$mn
    Section length   17, #relocs    0, #linenums    0, checksum B14E635D, selection    2 (pick any)
0E5 00000000 SECT72 notype       Static       | .text$mn
    Section length    7, #relocs    0, #linenums    0, checksum 8274A73F, selection    2 (pick any)
0E7 00000000 SECT73 notype       Static       | .text$mn
    Section length    7, #relocs    0, #linenums    0, checksum 698B2064, selection    2 (pick any)
0E9 00000000 SECT74 notype       Static       | .text$mn
    Section length   2F, #relocs    2, #linenums    0, checksum E8707B62, selection    2 (pick any)
0EB 00000000 SECT75 notype       Static       | .text$mn
    Section length   26, #relocs    2, #linenums    0, checksum 8D85D357, selection    2 (pick any)
0ED 00000000 SECT76 notype       Static       | .text$mn
    Section length   26, #relocs    2, #linenums    0, checksum 8D85D357, selection    2 (pick any)
0EF 00000000 SECT77 notype       Static       | .text$mn
    Section length   26, #relocs    2, #linenums    0, checksum 8D85D357, selection    2 (pick any)
0F1 00000000 SECT78 notype       Static       | .text$mn
    Section length   26, #relocs    2, #linenums    0, checksum 8D85D357, selection    2 (pick any)
0F3 00000000 SECT79 notype       Static       | .text$mn
    Section length   2F, #relocs    2, #linenums    0, checksum E8707B62, selection    2 (pick any)
0F5 00000000 SECT7A notype       Static       | .text$di
    Section length    C, #relocs    2, #linenums    0, checksum 5A209788, selection    2 (pick any)
0F7 00000000 SECT7B notype       Static       | .text$di
    Section length    C, #relocs    2, #linenums    0, checksum 5A209788, selection    2 (pick any)
0F9 00000000 SECT7C notype       Static       | .text$di
    Section length    C, #relocs    2, #linenums    0, checksum 5A209788, selection    2 (pick any)
0FB 00000000 SECT7D notype       Static       | .text$yd
    Section length    F, #relocs    2, #linenums    0, checksum 9982EF90, selection    2 (pick any)
0FD 00000000 SECT7E notype       Static       | .text$yd
    Section length    F, #relocs    2, #linenums    0, checksum 9982EF90, selection    2 (pick any)
0FF 00000000 SECT7F notype       Static       | .text$yd
    Section length    F, #relocs    2, #linenums    0, checksum 9982EF90, selection    2 (pick any)
101 00000000 SECT80 notype       Static       | .text$mn
    Section length  121, #relocs    D, #linenums    0, checksum 2D12BE51, selection    1 (pick no duplicates)
103 00000000 SECT81 notype       Static       | .text$x
    Section length    C, #relocs    1, #linenums    0, checksum 4AFEC4C9, selection    5 (pick associative Section 0x80)
105 00000000 SECT82 notype       Static       | .text$mn
    Section length    3, #relocs    0, #linenums    0, checksum 922B422E, selection    2 (pick any)
107 00000000 SECT83 notype       Static       | .text$mn
    Section length   63, #relocs    4, #linenums    0, checksum 9C86F710, selection    2 (pick any)
109 00000000 SECT84 notype       Static       | .text$mn
    Section length    3, #relocs    0, #linenums    0, checksum 922B422E, selection    2 (pick any)
10B 00000000 SECT85 notype       Static       | .text$mn
    Section length  101, #relocs    4, #linenums    0, checksum EF933E80, selection    2 (pick any)
10D 00000000 SECT86 notype       Static       | .text$x
    Section length   81, #relocs    5, #linenums    0, checksum D566DCAD, selection    5 (pick associative Section 0x85)
10F 00000000 SECT87 notype       Static       | .text$mn
    Section length    3, #relocs    0, #linenums    0, checksum 922B422E, selection    2 (pick any)
111 00000000 SECT88 notype       Static       | .text$mn
    Section length   18, #relocs    0, #linenums    0, checksum E48843A0, selection    2 (pick any)
113 00000000 SECT89 notype       Static       | .text$mn
    Section length    4, #relocs    0, #linenums    0, checksum 4861A275, selection    2 (pick any)
115 00000000 SECT8A notype       Static       | .text$mn
    Section length    4, #relocs    0, #linenums    0, checksum 4861A275, selection    2 (pick any)
117 00000000 SECT8B notype       Static       | .text$mn
    Section length   CA, #relocs    5, #linenums    0, checksum BDA3FE7B, selection    2 (pick any)
119 00000000 SECT8C notype       Static       | .text$mn
    Section length   3D, #relocs    0, #linenums    0, checksum 8BC45D8F, selection    2 (pick any)
11B 00000000 SECT8D notype       Static       | .text$mn
    Section length    F, #relocs    0, #linenums    0, checksum BA7F8787, selection    2 (pick any)
11D 00000000 SECT8E notype       Static       | .text$mn
    Section length    F, #relocs    0, #linenums    0, checksum BA7F8787, selection    2 (pick any)
11F 00000000 SECT8F notype       Static       | .text$mn
    Section length    3, #relocs    0, #linenums    0, checksum 922B422E, selection    2 (pick any)
121 00000000 SECT90 notype       Static       | .text$mn
    Section length   58, #relocs    2, #linenums    0, checksum A4FE17E4, selection    2 (pick any)
123 00000000 SECT91 notype       Static       | .text$mn
    Section length   29, #relocs    1, #linenums    0, checksum F7CDA570, selection    2 (pick any)
125 00000000 SECT92 notype       Static       | .text$mn
    Section length    4, #relocs    0, #linenums    0, checksum A8B626F8, selection    2 (pick any)
127 00000000 SECT93 notype       Static       | .text$mn
    Section length   11, #relocs    2, #linenums    0, checksum C3A57F85, selection    2 (pick any)
129 00000000 SECT94 notype       Static       | .text$mn
    Section length   11, #relocs    2, #linenums    0, checksum C3A57F85, selection    2 (pick any)
12B 00000000 SECT95 notype       Static       | .text$mn
    Section length   11, #relocs    2, #linenums    0, checksum C3A57F85, selection    2 (pick any)
12D 00000000 SECT96 notype       Static       | .text$mn
    Section length   29, #relocs    2, #linenums    0, checksum 7FB1E8A3, selection    2 (pick any)
12F 00000000 SECT97 notype       Static       | .text$mn
    Section length   29, #relocs    2, #linenums    0, checksum 7FB1E8A3, selection    2 (pick any)
131 00000000 SECT98 notype       Static       | .text$mn
    Section length   29, #relocs    2, #linenums    0, checksum 7FB1E8A3, selection    2 (pick any)
133 00000000 SECT99 notype       Static       | .text$mn
    Section length   29, #relocs    2, #linenums    0, checksum 7FB1E8A3, selection    2 (pick any)
135 00000000 SECT9A notype       Static       | .text$mn
    Section length  12B, #relocs    9, #linenums    0, checksum 1F4C19F6, selection    2 (pick any)
137 00000000 SECT9B notype       Static       | .text$mn
    Section length   20, #relocs    2, #linenums    0, checksum 3680069B, selection    2 (pick any)
139 00000000 SECT9C notype       Static       | .text$mn
    Section length  132, #relocs    5, #linenums    0, checksum F4AA980A, selection    2 (pick any)
13B 00000000 SECT9D notype       Static       | .text$mn
    Section length    6, #relocs    0, #linenums    0, checksum 30886F99, selection    2 (pick any)
13D 00000000 SECT9E notype       Static       | .text$mn
    Section length    8, #relocs    0, #linenums    0, checksum 656B7F2B, selection    2 (pick any)
13F 00000000 SECT9F notype       Static       | .text$mn
    Section length    A, #relocs    0, #linenums    0, checksum D93D5643, selection    2 (pick any)
141 00000000 SECTA0 notype       Static       | .text$mn
    Section length    8, #relocs    0, #linenums    0, checksum A5435283, selection    2 (pick any)
143 00000000 SECTA1 notype       Static       | .text$mn
    Section length    5, #relocs    0, #linenums    0, checksum E937DC47, selection    2 (pick any)
145 00000000 SECTA2 notype       Static       | .text$mn
    Section length    5, #relocs    0, #linenums    0, checksum E937DC47, selection    2 (pick any)
147 00000000 SECTA3 notype       Static       | .text$mn
    Section length  230, #relocs   28, #linenums    0, checksum 18C82198, selection    1 (pick no duplicates)
149 00000000 SECTA4 notype       Static       | .text$mn
    Section length    8, #relocs    0, #linenums    0, checksum F80BA039, selection    2 (pick any)
14B 00000000 SECTA5 notype       Static       | .text$mn
    Section length  15E, #relocs    F, #linenums    0, checksum  B7DC1D1, selection    1 (pick no duplicates)
14D 00000000 SECTA6 notype       Static       | .text$x
    Section length   5C, #relocs    5, #linenums    0, checksum 31984547, selection    5 (pick associative Section 0xA5)
14F 00000000 SECTA7 notype       Static       | .text$mn
    Section length   1C, #relocs    1, #linenums    0, checksum 94C8F01D, selection    2 (pick any)
151 00000000 SECTA8 notype       Static       | .text$mn
    Section length    8, #relocs    1, #linenums    0, checksum E5DEFF2C, selection    2 (pick any)
153 00000000 SECTA9 notype       Static       | .text$mn
    Section length    8, #relocs    1, #linenums    0, checksum E5DEFF2C, selection    2 (pick any)
155 00000000 SECTAA notype       Static       | .text$mn
    Section length    8, #relocs    1, #linenums    0, checksum E5DEFF2C, selection    2 (pick any)
157 00000000 SECTAB notype       Static       | .text$mn
    Section length    8, #relocs    1, #linenums    0, checksum E5DEFF2C, selection    2 (pick any)
159 00000000 SECTAC notype       Static       | .text$mn
    Section length   3F, #relocs    3, #linenums    0, checksum D4103894, selection    2 (pick any)
15B 00000000 SECTAD notype       Static       | .text$mn
    Section length    B, #relocs    0, #linenums    0, checksum 6353D6E7, selection    2 (pick any)
15D 00000000 SECTAE notype       Static       | .text$mn
    Section length   E7, #relocs    C, #linenums    0, checksum 29D62891, selection    1 (pick no duplicates)
15F 00000000 SECTAF notype       Static       | .text$mn
    Section length    B, #relocs    0, #linenums    0, checksum A65DD3AB, selection    2 (pick any)
161 00000000 SECTB0 notype       Static       | .text$mn
    Section length    B, #relocs    0, #linenums    0, checksum 149889B6, selection    2 (pick any)
163 00000000 SECTB1 notype       Static       | .text$mn
    Section length   11, #relocs    0, #linenums    0, checksum 8B1C85E7, selection    2 (pick any)
165 00000000 SECTB2 notype       Static       | .text$mn
    Section length   37, #relocs    0, #linenums    0, checksum 49911EBE, selection    2 (pick any)
167 00000000 SECTB3 notype       Static       | .text$mn
    Section length   CB, #relocs    3, #linenums    0, checksum  9BF8609, selection    2 (pick any)
169 00000000 SECTB4 notype       Static       | .text$mn
    Section length   3D, #relocs    2, #linenums    0, checksum 267D4410, selection    2 (pick any)
16B 00000000 SECTB5 notype       Static       | .text$mn
    Section length   3E, #relocs    4, #linenums    0, checksum FC61DFFE, selection    1 (pick no duplicates)
16D 00000000 SECTB6 notype       Static       | .text$mn
    Section length    B, #relocs    0, #linenums    0, checksum  757E6F0, selection    1 (pick no duplicates)
16F 00000000 SECTB7 notype       Static       | .text$mn
    Section length    8, #relocs    1, #linenums    0, checksum 411950D3, selection    2 (pick any)
171 00000000 SECTB8 notype       Static       | .text$mn
    Section length    4, #relocs    0, #linenums    0, checksum A8B626F8, selection    2 (pick any)
173 00000000 SECTB9 notype       Static       | .text$mn
    Section length    4, #relocs    0, #linenums    0, checksum 634CF1B6, selection    2 (pick any)
175 00000000 SECTBA notype       Static       | .text$mn
    Section length    4, #relocs    0, #linenums    0, checksum 634CF1B6, selection    2 (pick any)
177 00000000 SECTBB notype       Static       | .text$mn
    Section length  19F, #relocs   17, #linenums    0, checksum 22FB4C42, selection    1 (pick no duplicates)
179 00000000 SECTBC notype       Static       | .text$x
    Section length    C, #relocs    1, #linenums    0, checksum 4AFEC4C9, selection    5 (pick associative Section 0xBB)
17B 00000000 SECTBD notype       Static       | .text$mn
    Section length   18, #relocs    0, #linenums    0, checksum B15CD7DA, selection    2 (pick any)
17D 00000000 SECTBE notype       Static       | .text$mn
    Section length  167, #relocs   12, #linenums    0, checksum 18CCE30A, selection    1 (pick no duplicates)
17F 00000000 SECTBF notype       Static       | .text$x
    Section length    C, #relocs    1, #linenums    0, checksum 4AFEC4C9, selection    5 (pick associative Section 0xBE)
181 00000000 SECTC0 notype       Static       | .text$mn
    Section length   1A, #relocs    0, #linenums    0, checksum C56B2586, selection    2 (pick any)
183 00000000 SECTC1 notype       Static       | .text$mn
    Section length    6, #relocs    0, #linenums    0, checksum F6AA92BB, selection    2 (pick any)
185 00000000 SECTC2 notype       Static       | .text$mn
    Section length    5, #relocs    0, #linenums    0, checksum 999AA3DD, selection    2 (pick any)
187 00000000 SECTC3 notype       Static       | .text$mn
    Section length    5, #relocs    0, #linenums    0, checksum 999AA3DD, selection    2 (pick any)
189 00000000 SECTC4 notype       Static       | .text$mn
    Section length    5, #relocs    0, #linenums    0, checksum 999AA3DD, selection    2 (pick any)
18B 00000000 SECTC5 notype       Static       | .text$mn
    Section length    5, #relocs    0, #linenums    0, checksum 999AA3DD, selection    2 (pick any)
18D 00000000 SECTC6 notype       Static       | .text$mn
    Section length    5, #relocs    0, #linenums    0, checksum 999AA3DD, selection    2 (pick any)
18F 00000000 SECTC7 notype       Static       | .text$mn
    Section length    5, #relocs    0, #linenums    0, checksum 999AA3DD, selection    2 (pick any)
191 00000000 SECTC8 notype       Static       | .text$mn
    Section length    8, #relocs    0, #linenums    0, checksum E4FAD4B1, selection    2 (pick any)
193 00000000 SECTC9 notype       Static       | .text$mn
    Section length    5, #relocs    0, #linenums    0, checksum 999AA3DD, selection    2 (pick any)
195 00000000 SECTCA notype       Static       | .text$mn
    Section length   62, #relocs    3, #linenums    0, checksum D76CD647, selection    2 (pick any)
197 00000000 SECTCB notype       Static       | .text$mn
    Section length   4D, #relocs    3, #linenums    0, checksum 1A40C351, selection    2 (pick any)
199 00000000 SECTCC notype       Static       | .text$mn
    Section length   62, #relocs    3, #linenums    0, checksum D76CD647, selection    2 (pick any)
19B 00000000 SECTCD notype       Static       | .text$mn
    Section length    6, #relocs    0, #linenums    0, checksum CF779A59, selection    2 (pick any)
19D 00000000 SECTCE notype       Static       | .text$mn
    Section length    E, #relocs    1, #linenums    0, checksum 2EF5F26D, selection    2 (pick any)
19F 00000000 SECTCF notype       Static       | .text$mn
    Section length    8, #relocs    1, #linenums    0, checksum 411950D3, selection    2 (pick any)
1A1 00000000 SECTD0 notype       Static       | .text$mn
    Section length    8, #relocs    1, #linenums    0, checksum 411950D3, selection    2 (pick any)
1A3 00000000 SECTD1 notype       Static       | .text$mn
    Section length    8, #relocs    1, #linenums    0, checksum 411950D3, selection    2 (pick any)
1A5 00000000 SECTD2 notype       Static       | .text$mn
    Section length   17, #relocs    0, #linenums    0, checksum D0B17C90, selection    2 (pick any)
1A7 00000000 SECTD3 notype       Static       | .text$mn
    Section length  279, #relocs   1B, #linenums    0, checksum 117FDF1A, selection    1 (pick no duplicates)
1A9 00000000 SECTD4 notype       Static       | .text$x
    Section length    C, #relocs    1, #linenums    0, checksum 70C84522, selection    5 (pick associative Section 0xD3)
1AB 00000000 SECTD5 notype       Static       | .text$mn
    Section length  137, #relocs    C, #linenums    0, checksum 3FCC2F83, selection    1 (pick no duplicates)
1AD 00000000 SECTD6 notype       Static       | .text$x
    Section length   26, #relocs    1, #linenums    0, checksum 3217F3D7, selection    5 (pick associative Section 0xD5)
1AF 00000000 SECTD7 notype       Static       | .text$mn
    Section length    4, #relocs    0, #linenums    0, checksum 634CF1B6, selection    2 (pick any)
1B1 00000000 SECTD8 notype       Static       | .text$mn
    Section length    4, #relocs    0, #linenums    0, checksum 634CF1B6, selection    2 (pick any)
1B3 00000000 SECTD9 notype       Static       | .text$mn
    Section length    8, #relocs    1, #linenums    0, checksum 61974E9E, selection    1 (pick no duplicates)
1B5 00000000 SECTDA notype       Static       | .text$mn
    Section length    B, #relocs    0, #linenums    0, checksum 5FE626ED, selection    2 (pick any)
1B7 00000000 SECTDB notype       Static       | .text$mn
    Section length    B, #relocs    0, #linenums    0, checksum 5FE626ED, selection    2 (pick any)
1B9 00000000 SECTDC notype       Static       | .text$mn
    Section length  23C, #relocs   12, #linenums    0, checksum F62BA884, selection    1 (pick no duplicates)
1BB 00000000 SECTDD notype       Static       | .text$x
    Section length   74, #relocs    7, #linenums    0, checksum 95B1EDAD, selection    5 (pick associative Section 0xDC)
1BD 00000000 SECTDE notype       Static       | .text$mn
    Section length   9D, #relocs    A, #linenums    0, checksum 53074757, selection    1 (pick no duplicates)
1BF 00000000 SECTDF notype       Static       | .text$mn
    Section length   5A, #relocs    6, #linenums    0, checksum 9B0AB404, selection    1 (pick no duplicates)
1C1 00000000 SECTE0 notype       Static       | .text$mn
    Section length   14, #relocs    1, #linenums    0, checksum D53CF8B7, selection    2 (pick any)
1C3 00000000 SECTE1 notype       Static       | .text$mn
    Section length  142, #relocs    C, #linenums    0, checksum 427A7E17, selection    1 (pick no duplicates)
1C5 00000000 SECTE2 notype       Static       | .text$x
    Section length    C, #relocs    1, #linenums    0, checksum 10A207CD, selection    5 (pick associative Section 0xE1)
1C7 00000000 SECTE3 notype       Static       | .text$mn
    Section length    4, #relocs    0, #linenums    0, checksum 4861A275, selection    2 (pick any)
1C9 00000000 SECTE4 notype       Static       | .text$mn
    Section length    4, #relocs    0, #linenums    0, checksum 4861A275, selection    2 (pick any)
1CB 00000000 SECTE5 notype       Static       | .text$mn
    Section length    4, #relocs    0, #linenums    0, checksum 4861A275, selection    2 (pick any)
1CD 00000000 SECTE6 notype       Static       | .text$mn
    Section length    4, #relocs    0, #linenums    0, checksum 4861A275, selection    2 (pick any)
1CF 00000000 SECTE7 notype       Static       | .text$mn
    Section length    4, #relocs    0, #linenums    0, checksum 634CF1B6, selection    2 (pick any)
1D1 00000000 SECTE8 notype       Static       | .text$mn
    Section length    4, #relocs    0, #linenums    0, checksum 634CF1B6, selection    2 (pick any)
1D3 00000000 SECTE9 notype       Static       | .text$mn
    Section length   56, #relocs    6, #linenums    0, checksum 8B7EA746, selection    1 (pick no duplicates)
1D5 00000000 SECTEA notype       Static       | .text$mn
    Section length  138, #relocs   11, #linenums    0, checksum 7632B1B1, selection    1 (pick no duplicates)
1D7 00000000 SECTEB notype       Static       | .text$mn
    Section length  148, #relocs    B, #linenums    0, checksum 56207B01, selection    1 (pick no duplicates)
1D9 00000000 SECTEC notype       Static       | .text$mn
    Section length  173, #relocs    B, #linenums    0, checksum 126A2C35, selection    1 (pick no duplicates)
1DB 00000000 SECTED notype       Static       | .text$mn
    Section length  14C, #relocs    B, #linenums    0, checksum FB2C6E6D, selection    1 (pick no duplicates)
1DD 00000000 SECTEE notype       Static       | .text$mn
    Section length  14C, #relocs    B, #linenums    0, checksum  351CC28, selection    1 (pick no duplicates)
1DF 00000000 SECTEF notype       Static       | .text$mn
    Section length  1D0, #relocs   17, #linenums    0, checksum 4999E292, selection    1 (pick no duplicates)
1E1 00000000 SECTF0 notype       Static       | .text$x
    Section length    C, #relocs    1, #linenums    0, checksum 4AFEC4C9, selection    5 (pick associative Section 0xEF)
1E3 00000000 SECTF1 notype       Static       | .text$mn
    Section length  1BE, #relocs   17, #linenums    0, checksum C7487F08, selection    1 (pick no duplicates)
1E5 00000000 SECTF2 notype       Static       | .text$x
    Section length    C, #relocs    1, #linenums    0, checksum 4AFEC4C9, selection    5 (pick associative Section 0xF1)
1E7 00000000 SECTF3 notype       Static       | .text$mn
    Section length  141, #relocs    B, #linenums    0, checksum  CFDE2F6, selection    1 (pick no duplicates)
1E9 00000000 SECTF4 notype       Static       | .text$mn
    Section length  13D, #relocs   11, #linenums    0, checksum 5FCD0B72, selection    1 (pick no duplicates)
1EB 00000000 SECTF5 notype       Static       | .text$mn
    Section length    5, #relocs    0, #linenums    0, checksum 6B2C441E, selection    2 (pick any)
1ED 00000000 SECTF6 notype       Static       | .text$mn
    Section length    8, #relocs    0, #linenums    0, checksum F5D38EC0, selection    2 (pick any)
1EF 00000000 SECTF7 notype       Static       | .text$mn
    Section length  1C2, #relocs   17, #linenums    0, checksum 1430EBB4, selection    1 (pick no duplicates)
1F1 00000000 SECTF8 notype       Static       | .text$x
    Section length    C, #relocs    1, #linenums    0, checksum AE5A4625, selection    5 (pick associative Section 0xF7)
1F3 00000000 SECTF9 notype       Static       | .text$mn
    Section length  15F, #relocs   12, #linenums    0, checksum E506F753, selection    1 (pick no duplicates)
1F5 00000000 SECTFA notype       Static       | .text$x
    Section length    C, #relocs    1, #linenums    0, checksum AE5A4625, selection    5 (pick associative Section 0xF9)
1F7 00000000 SECTFB notype       Static       | .text$mn
    Section length    8, #relocs    1, #linenums    0, checksum 411950D3, selection    2 (pick any)
1F9 00000000 SECTFC notype       Static       | .text$mn
    Section length    3, #relocs    0, #linenums    0, checksum F616562A, selection    2 (pick any)
1FB 00000000 SECTFD notype       Static       | .text$mn
    Section length    3, #relocs    0, #linenums    0, checksum F616562A, selection    2 (pick any)
1FD 00000000 SECTFE notype       Static       | .text$mn
    Section length    5, #relocs    1, #linenums    0, checksum 25C4A5AE, selection    2 (pick any)
1FF 00000000 UNDEF  notype ()    External     | _purecall
200 00000000 UNDEF  notype ()    External     | ??2@YAPEAX_K@Z (void * __cdecl operator new(unsigned __int64))
201 00000000 UNDEF  notype ()    External     | ??3@YAXPEAX@Z (void __cdecl operator delete(void *))
202 00000000 UNDEF  notype ()    External     | atexit
203 00000000 UNDEF  notype ()    External     | memchr
204 00000000 UNDEF  notype ()    External     | memmove
205 00000000 UNDEF  notype ()    External     | ??0exception@std@@QEAA@AEBQEBD@Z (public: __cdecl std::exception::exception(char const * const &))
206 00000000 UNDEF  notype ()    External     | ??0exception@std@@QEAA@AEBV01@@Z (public: __cdecl std::exception::exception(class std::exception const &))
207 00000000 UNDEF  notype ()    External     | ??1exception@std@@UEAA@XZ (public: virtual __cdecl std::exception::~exception(void))
208 00000000 UNDEF  notype ()    External     | ?what@exception@std@@UEBAPEBDXZ (public: virtual char const * __cdecl std::exception::what(void)const )
209 00000000 UNDEF  notype ()    External     | _hypot
20A 00000000 SECTFE notype ()    External     | hypot
20B 00000000 SECTCD notype ()    External     | ?min@?$numeric_limits@H@std@@SAHXZ (public: static int __cdecl std::numeric_limits<int>::min(void))
20C 00000000 SECTC1 notype ()    External     | ?max@?$numeric_limits@H@std@@SAHXZ (public: static int __cdecl std::numeric_limits<int>::max(void))
20D 00000000 SECT5F notype ()    External     | ??2@YAPEAX_KPEAX@Z (void * __cdecl operator new(unsigned __int64,void *))
20E 00000000 SECT60 notype ()    External     | ??3@YAXPEAX0@Z (void __cdecl operator delete(void *,void *))
20F 00000000 SECTC0 notype ()    External     | ?length@?$char_traits@D@std@@SA_KPEBD@Z (public: static unsigned __int64 __cdecl std::char_traits<char>::length(char const *))
210 00000000 SECTA7 notype ()    External     | ?copy@?$char_traits@D@std@@SAPEADPEADPEBD_K@Z (public: static char * __cdecl std::char_traits<char>::copy(char *,char const *,unsigned __int64))
211 00000000 SECTCE notype ()    External     | ?move@?$char_traits@D@std@@SAPEADPEADPEBD_K@Z (public: static char * __cdecl std::char_traits<char>::move(char *,char const *,unsigned __int64))
212 00000000 SECT9D notype ()    External     | ?assign@?$char_traits@D@std@@SAXAEADAEBD@Z (public: static void __cdecl std::char_traits<char>::assign(char &,char const &))
213 00000000 SECT8F notype ()    External     | ?_Orphan_all@_Container_base0@std@@QEAAXXZ (public: void __cdecl std::_Container_base0::_Orphan_all(void))
214 00000000 SECT82 notype ()    External     | ?_Adopt@_Iterator_base0@std@@QEAAXPEBX@Z (public: void __cdecl std::_Iterator_base0::_Adopt(void const *))
215 00000000 UNDEF  notype ()    External     | ?_Xbad_alloc@std@@YAXXZ (void __cdecl std::_Xbad_alloc(void))
216 00000000 UNDEF  notype ()    External     | ?_Xlength_error@std@@YAXPEBD@Z (void __cdecl std::_Xlength_error(char const *))
217 00000000 UNDEF  notype ()    External     | ?_Xout_of_range@std@@YAXPEBD@Z (void __cdecl std::_Xout_of_range(char const *))
218 00000000 SECTE5 notype ()    External     | ?select_on_container_copy_construction@?$allocator@D@std@@QEBA?AV12@XZ (public: class std::allocator<char> __cdecl std::allocator<char>::select_on_container_copy_construction(void)const )
219 00000000 SECT34 notype ()    External     | ??0?$allocator@D@std@@QEAA@XZ (public: __cdecl std::allocator<char>::allocator<char>(void))
21A 00000000 SECT33 notype ()    External     | ??0?$allocator@D@std@@QEAA@AEBV01@@Z (public: __cdecl std::allocator<char>::allocator<char>(class std::allocator<char> const &))
21B 00000000 SECTAA notype ()    External     | ?deallocate@?$allocator@D@std@@QEAAXPEAD_K@Z (public: void __cdecl std::allocator<char>::deallocate(char *,unsigned __int64))
21C 00000000 SECT98 notype ()    External     | ?allocate@?$allocator@D@std@@QEAAPEAD_K@Z (public: char * __cdecl std::allocator<char>::allocate(unsigned __int64))
21D 00000000 SECTC4 notype ()    External     | ?max_size@?$allocator@D@std@@QEBA_KXZ (public: unsigned __int64 __cdecl std::allocator<char>::max_size(void)const )
21E 00000000 SECTC6 notype ()    External     | ?max_size@?$allocator_traits@V?$allocator@D@std@@@std@@SA_KAEBV?$allocator@D@2@@Z (public: static unsigned __int64 __cdecl std::allocator_traits<class std::allocator<char> >::max_size(class std::allocator<char> const &))
21F 00000000 SECTE7 notype ()    External     | ?select_on_container_copy_construction@?$allocator_traits@V?$allocator@D@std@@@std@@SA?AV?$allocator@D@2@AEBV32@@Z (public: static class std::allocator<char> __cdecl std::allocator_traits<class std::allocator<char> >::select_on_container_copy_construction(class std::allocator<char> const &))
220 00000000 SECTE3 notype ()    External     | ?select_on_container_copy_construction@?$_Wrap_alloc@V?$allocator@D@std@@@std@@QEBA?AU12@XZ (public: struct std::_Wrap_alloc<class std::allocator<char> > __cdecl std::_Wrap_alloc<class std::allocator<char> >::select_on_container_copy_construction(void)const )
221 00000000 SECT30 notype ()    External     | ??0?$_Wrap_alloc@V?$allocator@D@std@@@std@@QEAA@XZ (public: __cdecl std::_Wrap_alloc<class std::allocator<char> >::_Wrap_alloc<class std::allocator<char> >(void))
222 00000000 SECT2F notype ()    External     | ??0?$_Wrap_alloc@V?$allocator@D@std@@@std@@QEAA@AEBV?$allocator@D@1@@Z (public: __cdecl std::_Wrap_alloc<class std::allocator<char> >::_Wrap_alloc<class std::allocator<char> >(class std::allocator<char> const &))
223 00000000 SECT96 notype ()    External     | ?allocate@?$_Wrap_alloc@V?$allocator@D@std@@@std@@QEAAPEAD_K@Z (public: char * __cdecl std::_Wrap_alloc<class std::allocator<char> >::allocate(unsigned __int64))
224 00000000 SECTA8 notype ()    External     | ?deallocate@?$_Wrap_alloc@V?$allocator@D@std@@@std@@QEAAXPEAD_K@Z (public: void __cdecl std::_Wrap_alloc<class std::allocator<char> >::deallocate(char *,unsigned __int64))
225 00000000 SECTC2 notype ()    External     | ?max_size@?$_Wrap_alloc@V?$allocator@D@std@@@std@@QEBA_KXZ (public: unsigned __int64 __cdecl std::_Wrap_alloc<class std::allocator<char> >::max_size(void)const )
226 00000000 SECT29 notype ()    External     | ??0?$_String_val@U?$_Simple_types@D@std@@@std@@QEAA@XZ (public: __cdecl std::_String_val<struct std::_Simple_types<char> >::_String_val<struct std::_Simple_types<char> >(void))
227 00000000 SECT8D notype ()    External     | ?_Myptr@?$_String_val@U?$_Simple_types@D@std@@@std@@QEAAPEADXZ (public: char * __cdecl std::_String_val<struct std::_Simple_types<char> >::_Myptr(void))
228 00000000 SECT8E notype ()    External     | ?_Myptr@?$_String_val@U?$_Simple_types@D@std@@@std@@QEBAPEBDXZ (public: char const * __cdecl std::_String_val<struct std::_Simple_types<char> >::_Myptr(void)const )
229 00000000 SECT28 notype ()    External     | ??0?$_String_alloc@$0A@U?$_String_base_types@DV?$allocator@D@std@@@std@@@std@@QEAA@AEBV?$allocator@D@1@@Z (public: __cdecl std::_String_alloc<0,struct std::_String_base_types<char,class std::allocator<char> > >::_String_alloc<0,struct std::_String_base_types<char,class std::allocator<char> > >(class std::allocator<char> const &))
22A 00000000 SECT89 notype ()    External     | ?_Getal@?$_String_alloc@$0A@U?$_String_base_types@DV?$allocator@D@std@@@std@@@std@@QEBA?AU?$_Wrap_alloc@V?$allocator@D@std@@@2@XZ (public: struct std::_Wrap_alloc<class std::allocator<char> > __cdecl std::_String_alloc<0,struct std::_String_base_types<char,class std::allocator<char> > >::_Getal(void)const )
22B 00000000 SECT37 notype ()    External     | ??0?$basic_string@DU?$char_traits@D@std@@V?$allocator@D@2@@std@@QEAA@AEBV01@@Z (public: __cdecl std::basic_string<char,struct std::char_traits<char>,class std::allocator<char> >::basic_string<char,struct std::char_traits<char>,class std::allocator<char> >(class std::basic_string<char,struct std::char_traits<char>,class std::allocator<char> > const &))
22C 00000000 SECT39 notype ()    External     | ??0?$basic_string@DU?$char_traits@D@std@@V?$allocator@D@2@@std@@QEAA@XZ (public: __cdecl std::basic_string<char,struct std::char_traits<char>,class std::allocator<char> >::basic_string<char,struct std::char_traits<char>,class std::allocator<char> >(void))
22D 00000000 SECT38 notype ()    External     | ??0?$basic_string@DU?$char_traits@D@std@@V?$allocator@D@2@@std@@QEAA@PEBD@Z (public: __cdecl std::basic_string<char,struct std::char_traits<char>,class std::allocator<char> >::basic_string<char,struct std::char_traits<char>,class std::allocator<char> >(char const *))
22E 00000000 SECT52 notype ()    External     | ??1?$basic_string@DU?$char_traits@D@std@@V?$allocator@D@2@@std@@QEAA@XZ (public: __cdecl std::basic_string<char,struct std::char_traits<char>,class std::allocator<char> >::~basic_string<char,struct std::char_traits<char>,class std::allocator<char> >(void))
22F 00000000 SECT9A notype ()    External     | ?assign@?$basic_string@DU?$char_traits@D@std@@V?$allocator@D@2@@std@@QEAAAEAV12@AEBV12@_K1@Z (public: class std::basic_string<char,struct std::char_traits<char>,class std::allocator<char> > & __cdecl std::basic_string<char,struct std::char_traits<char>,class std::allocator<char> >::assign(class std::basic_string<char,struct std::char_traits<char>,class std::allocator<char> > const &,unsigned __int64,unsigned __int64))
230 00000000 SECT9C notype ()    External     | ?assign@?$basic_string@DU?$char_traits@D@std@@V?$allocator@D@2@@std@@QEAAAEAV12@PEBD_K@Z (public: class std::basic_string<char,struct std::char_traits<char>,class std::allocator<char> > & __cdecl std::basic_string<char,struct std::char_traits<char>,class std::allocator<char> >::assign(char const *,unsigned __int64))
231 00000000 SECT9B notype ()    External     | ?assign@?$basic_string@DU?$char_traits@D@std@@V?$allocator@D@2@@std@@QEAAAEAV12@PEBD@Z (public: class std::basic_string<char,struct std::char_traits<char>,class std::allocator<char> > & __cdecl std::basic_string<char,struct std::char_traits<char>,class std::allocator<char> >::assign(char const *))
232 00000000 SECTB4 notype ()    External     | ?erase@?$basic_string@DU?$char_traits@D@std@@V?$allocator@D@2@@std@@QEAAAEAV12@_K@Z (public: class std::basic_string<char,struct std::char_traits<char>,class std::allocator<char> > & __cdecl std::basic_string<char,struct std::char_traits<char>,class std::allocator<char> >::erase(unsigned __int64))
233 00000000 SECTB3 notype ()    External     | ?erase@?$basic_string@DU?$char_traits@D@std@@V?$allocator@D@2@@std@@QEAAAEAV12@_K0@Z (public: class std::basic_string<char,struct std::char_traits<char>,class std::allocator<char> > & __cdecl std::basic_string<char,struct std::char_traits<char>,class std::allocator<char> >::erase(unsigned __int64,unsigned __int64))
234 00000000 SECTF5 notype ()    External     | ?size@?$basic_string@DU?$char_traits@D@std@@V?$allocator@D@2@@std@@QEBA_KXZ (public: unsigned __int64 __cdecl std::basic_string<char,struct std::char_traits<char>,class std::allocator<char> >::size(void)const )
235 00000000 SECTC8 notype ()    External     | ?max_size@?$basic_string@DU?$char_traits@D@std@@V?$allocator@D@2@@std@@QEBA_KXZ (public: unsigned __int64 __cdecl std::basic_string<char,struct std::char_traits<char>,class std::allocator<char> >::max_size(void)const )
236 00000000 SECT85 notype ()    External     | ?_Copy@?$basic_string@DU?$char_traits@D@std@@V?$allocator@D@2@@std@@QEAAX_K0@Z (public: void __cdecl std::basic_string<char,struct std::char_traits<char>,class std::allocator<char> >::_Copy(unsigned __int64,unsigned __int64))
237 00000000 SECT88 notype ()    External     | ?_Eos@?$basic_string@DU?$char_traits@D@std@@V?$allocator@D@2@@std@@QEAAX_K@Z (public: void __cdecl std::basic_string<char,struct std::char_traits<char>,class std::allocator<char> >::_Eos(unsigned __int64))
238 00000000 SECT8B notype ()    External     | ?_Grow@?$basic_string@DU?$char_traits@D@std@@V?$allocator@D@2@@std@@QEAA_N_K_N@Z (public: bool __cdecl std::basic_string<char,struct std::char_traits<char>,class std::allocator<char> >::_Grow(unsigned __int64,bool))
239 00000000 SECT8C notype ()    External     | ?_Inside@?$basic_string@DU?$char_traits@D@std@@V?$allocator@D@2@@std@@QEAA_NPEBD@Z (public: bool __cdecl std::basic_string<char,struct std::char_traits<char>,class std::allocator<char> >::_Inside(char const *))
23A 00000000 SECT90 notype ()    External     | ?_Tidy@?$basic_string@DU?$char_traits@D@std@@V?$allocator@D@2@@std@@QEAAX_N_K@Z (public: void __cdecl std::basic_string<char,struct std::char_traits<char>,class std::allocator<char> >::_Tidy(bool,unsigned __int64))
23B 00000000 SECT93 notype ()    External     | ?_Xlen@?$basic_string@DU?$char_traits@D@std@@V?$allocator@D@2@@std@@QEBAXXZ (public: void __cdecl std::basic_string<char,struct std::char_traits<char>,class std::allocator<char> >::_Xlen(void)const )
23C 00000000 SECT95 notype ()    External     | ?_Xran@?$basic_string@DU?$char_traits@D@std@@V?$allocator@D@2@@std@@QEBAXXZ (public: void __cdecl std::basic_string<char,struct std::char_traits<char>,class std::allocator<char> >::_Xran(void)const )
23D 00000000 SECT51 notype ()    External     | ??0runtime_error@std@@QEAA@PEBD@Z (public: __cdecl std::runtime_error::runtime_error(char const *))
23E 00000000 SECT5E notype ()    External     | ??1runtime_error@std@@UEAA@XZ (public: virtual __cdecl std::runtime_error::~runtime_error(void))
23F 00000000 SECT50 notype ()    External     | ??0runtime_error@std@@QEAA@AEBV01@@Z (public: __cdecl std::runtime_error::runtime_error(class std::runtime_error const &))
240 00000000 SECT79 notype ()    External     | ??_Gruntime_error@std@@UEAAPEAXI@Z (public: virtual void * __cdecl std::runtime_error::`scalar deleting destructor'(unsigned int))
241 00000000 UNDEF  notype ()    WeakExternal | ??_Eruntime_error@std@@UEAAPEAXI@Z (public: virtual void * __cdecl std::runtime_error::`vector deleting destructor'(unsigned int))
    Default index      240 library search
243 00000000 SECT4F notype ()    External     | ??0id@locale@std@@QEAA@_K@Z (public: __cdecl std::locale::id::id(unsigned __int64))
244 00000000 SECTB7 notype ()    External     | ?generic_category@std@@YAAEBVerror_category@1@XZ (class std::error_category const & __cdecl std::generic_category(void))
245 00000000 SECTFB notype ()    External     | ?system_category@std@@YAAEBVerror_category@1@XZ (class std::error_category const & __cdecl std::system_category(void))
246 00000000 SECT4D notype ()    External     | ??0error_category@std@@QEAA@XZ (public: __cdecl std::error_category::error_category(void))
247 00000000 SECT5D notype ()    External     | ??1error_category@std@@UEAA@XZ (public: virtual __cdecl std::error_category::~error_category(void))
248 00000000 SECTAD notype ()    External     | ?default_error_condition@error_category@std@@UEBA?AVerror_condition@2@H@Z (public: virtual class std::error_condition __cdecl std::error_category::default_error_condition(int)const )
249 00000000 SECTB2 notype ()    External     | ?equivalent@error_category@std@@UEBA_NHAEBVerror_condition@2@@Z (public: virtual bool __cdecl std::error_category::equivalent(int,class std::error_condition const &)const )
24A 00000000 SECTB1 notype ()    External     | ?equivalent@error_category@std@@UEBA_NAEBVerror_code@2@H@Z (public: virtual bool __cdecl std::error_category::equivalent(class std::error_code const &,int)const )
24B 00000000 SECT65 notype ()    External     | ??8error_category@std@@QEBA_NAEBV01@@Z (public: bool __cdecl std::error_category::operator==(class std::error_category const &)const )
24C 00000000 SECT78 notype ()    External     | ??_Gerror_category@std@@UEAAPEAXI@Z (public: virtual void * __cdecl std::error_category::`scalar deleting destructor'(unsigned int))
24D 00000000 UNDEF  notype ()    WeakExternal | ??_Eerror_category@std@@UEAAPEAXI@Z (public: virtual void * __cdecl std::error_category::`vector deleting destructor'(unsigned int))
    Default index      24C library search
24F 00000000 SECTFC notype ()    External     | ?value@error_code@std@@QEBAHXZ (public: int __cdecl std::error_code::value(void)const )
250 00000000 SECTA1 notype ()    External     | ?category@error_code@std@@QEBAAEBVerror_category@2@XZ (public: class std::error_category const & __cdecl std::error_code::category(void)const )
251 00000000 SECT4E notype ()    External     | ??0error_condition@std@@QEAA@HAEBVerror_category@1@@Z (public: __cdecl std::error_condition::error_condition(int,class std::error_category const &))
252 00000000 SECTFD notype ()    External     | ?value@error_condition@std@@QEBAHXZ (public: int __cdecl std::error_condition::value(void)const )
253 00000000 SECTA2 notype ()    External     | ?category@error_condition@std@@QEBAAEBVerror_category@2@XZ (public: class std::error_category const & __cdecl std::error_condition::category(void)const )
254 00000000 SECT66 notype ()    External     | ??8error_condition@std@@QEBA_NAEBV01@@Z (public: bool __cdecl std::error_condition::operator==(class std::error_condition const &)const )
255 00000000 UNDEF  notype ()    External     | ?_Syserror_map@std@@YAPEBDH@Z (char const * __cdecl std::_Syserror_map(int))
256 00000000 UNDEF  notype ()    External     | ?_Winerror_map@std@@YAPEBDH@Z (char const * __cdecl std::_Winerror_map(int))
257 00000000 SECT4A notype ()    External     | ??0_Generic_error_category@std@@QEAA@XZ (public: __cdecl std::_Generic_error_category::_Generic_error_category(void))
258 00000000 SECTCF notype ()    External     | ?name@_Generic_error_category@std@@UEBAPEBDXZ (public: virtual char const * __cdecl std::_Generic_error_category::name(void)const )
259 00000000 SECTCA notype ()    External     | ?message@_Generic_error_category@std@@UEBA?AV?$basic_string@DU?$char_traits@D@std@@V?$allocator@D@2@@2@H@Z (public: virtual class std::basic_string<char,struct std::char_traits<char>,class std::allocator<char> > __cdecl std::_Generic_error_category::message(int)const )
25A 00000000 SECT5A notype ()    External     | ??1_Generic_error_category@std@@UEAA@XZ (public: virtual __cdecl std::_Generic_error_category::~_Generic_error_category(void))
25B 00000000 SECT75 notype ()    External     | ??_G_Generic_error_category@std@@UEAAPEAXI@Z (public: virtual void * __cdecl std::_Generic_error_category::`scalar deleting destructor'(unsigned int))
25C 00000000 UNDEF  notype ()    WeakExternal | ??_E_Generic_error_category@std@@UEAAPEAXI@Z (public: virtual void * __cdecl std::_Generic_error_category::`vector deleting destructor'(unsigned int))
    Default index      25B library search
25E 00000000 SECT4B notype ()    External     | ??0_Iostream_error_category@std@@QEAA@XZ (public: __cdecl std::_Iostream_error_category::_Iostream_error_category(void))
25F 00000000 SECTD0 notype ()    External     | ?name@_Iostream_error_category@std@@UEBAPEBDXZ (public: virtual char const * __cdecl std::_Iostream_error_category::name(void)const )
260 00000000 SECTCB notype ()    External     | ?message@_Iostream_error_category@std@@UEBA?AV?$basic_string@DU?$char_traits@D@std@@V?$allocator@D@2@@2@H@Z (public: virtual class std::basic_string<char,struct std::char_traits<char>,class std::allocator<char> > __cdecl std::_Iostream_error_category::message(int)const )
261 00000000 SECT5B notype ()    External     | ??1_Iostream_error_category@std@@UEAA@XZ (public: virtual __cdecl std::_Iostream_error_category::~_Iostream_error_category(void))
262 00000000 SECT76 notype ()    External     | ??_G_Iostream_error_category@std@@UEAAPEAXI@Z (public: virtual void * __cdecl std::_Iostream_error_category::`scalar deleting destructor'(unsigned int))
263 00000000 UNDEF  notype ()    WeakExternal | ??_E_Iostream_error_category@std@@UEAAPEAXI@Z (public: virtual void * __cdecl std::_Iostream_error_category::`vector deleting destructor'(unsigned int))
    Default index      262 library search
265 00000000 SECT4C notype ()    External     | ??0_System_error_category@std@@QEAA@XZ (public: __cdecl std::_System_error_category::_System_error_category(void))
266 00000000 SECTD1 notype ()    External     | ?name@_System_error_category@std@@UEBAPEBDXZ (public: virtual char const * __cdecl std::_System_error_category::name(void)const )
267 00000000 SECTCC notype ()    External     | ?message@_System_error_category@std@@UEBA?AV?$basic_string@DU?$char_traits@D@std@@V?$allocator@D@2@@2@H@Z (public: virtual class std::basic_string<char,struct std::char_traits<char>,class std::allocator<char> > __cdecl std::_System_error_category::message(int)const )
268 00000000 SECTAC notype ()    External     | ?default_error_condition@_System_error_category@std@@UEBA?AVerror_condition@2@H@Z (public: virtual class std::error_condition __cdecl std::_System_error_category::default_error_condition(int)const )
269 00000000 SECT5C notype ()    External     | ??1_System_error_category@std@@UEAA@XZ (public: virtual __cdecl std::_System_error_category::~_System_error_category(void))
26A 00000000 SECT77 notype ()    External     | ??_G_System_error_category@std@@UEAAPEAXI@Z (public: virtual void * __cdecl std::_System_error_category::`scalar deleting destructor'(unsigned int))
26B 00000000 UNDEF  notype ()    WeakExternal | ??_E_System_error_category@std@@UEAAPEAXI@Z (public: virtual void * __cdecl std::_System_error_category::`vector deleting destructor'(unsigned int))
    Default index      26A library search
26D 00000000 SECT47 notype ()    External     | ??0OwnedText@ClientMiles@@QEAA@XZ (public: __cdecl ClientMiles::OwnedText::OwnedText(void))
26E 00000000 SECT58 notype ()    External     | ??1OwnedText@ClientMiles@@QEAA@XZ (public: __cdecl ClientMiles::OwnedText::~OwnedText(void))
26F 00000000 SECT46 notype ()    External     | ??0OwnedText@ClientMiles@@QEAA@AEBU01@@Z (public: __cdecl ClientMiles::OwnedText::OwnedText(struct ClientMiles::OwnedText const &))
270 00000000 SECT43 notype ()    External     | ??0Failure@ClientMiles@@QEAA@W4FailureReason@1@PEBD@Z (public: __cdecl ClientMiles::Failure::Failure(enum ClientMiles::FailureReason,char const *))
271 00000000 SECT56 notype ()    External     | ??1Failure@ClientMiles@@UEAA@XZ (public: virtual __cdecl ClientMiles::Failure::~Failure(void))
272 00000000 SECT42 notype ()    External     | ??0Failure@ClientMiles@@QEAA@AEBV01@@Z (public: __cdecl ClientMiles::Failure::Failure(class ClientMiles::Failure const &))
273 00000000 SECT74 notype ()    External     | ??_GFailure@ClientMiles@@UEAAPEAXI@Z (public: virtual void * __cdecl ClientMiles::Failure::`scalar deleting destructor'(unsigned int))
274 00000000 UNDEF  notype ()    WeakExternal | ??_EFailure@ClientMiles@@UEAAPEAXI@Z (public: virtual void * __cdecl ClientMiles::Failure::`vector deleting destructor'(unsigned int))
    Default index      273 library search
276 00000000 SECTF9 notype ()    External     | ?startup@ClientMiles@@YAHXZ (int __cdecl ClientMiles::startup(void))
277 00000000 SECTF4 notype ()    External     | ?shutdown@ClientMiles@@YAXXZ (void __cdecl ClientMiles::shutdown(void))
278 00000000 SECTBB notype ()    External     | ?get_preference@ClientMiles@@YA_JI@Z (__int64 __cdecl ClientMiles::get_preference(unsigned int))
279 00000000 SECTEF notype ()    External     | ?set_preference@ClientMiles@@YA_JI_J@Z (__int64 __cdecl ClientMiles::set_preference(unsigned int,__int64))
27A 00000000 SECTBE notype ()    External     | ?last_errorOwned@ClientMiles@@YA?AUOwnedText@1@XZ (struct ClientMiles::OwnedText __cdecl ClientMiles::last_errorOwned(void))
27B 00000000 SECTF1 notype ()    External     | ?set_redist_directoryOwned@ClientMiles@@YA?AUOwnedText@1@PEBD@Z (struct ClientMiles::OwnedText __cdecl ClientMiles::set_redist_directoryOwned(char const *))
27C 00000000 SECT80 notype ()    External     | ?MSS_versionOwned@ClientMiles@@YA?AUOwnedText@1@XZ (struct ClientMiles::OwnedText __cdecl ClientMiles::MSS_versionOwned(void))
27D 00000000 SECTD3 notype ()    External     | ?open_digital_driver@ClientMiles@@YAPEAUDigitalDriver@1@IHHI@Z (struct ClientMiles::DigitalDriver * __cdecl ClientMiles::open_digital_driver(unsigned int,int,int,unsigned int))
27E 00000000 SECTF7 notype ()    External     | ?speaker_configuration_spec@ClientMiles@@YAHPEAUDigitalDriver@1@@Z (int __cdecl ClientMiles::speaker_configuration_spec(struct ClientMiles::DigitalDriver *))
27F 00000000 SECT41 notype ()    External     | ??0Bytes@MilesTransport@@QEAA@PEBX_K@Z (public: __cdecl MilesTransport::Bytes::Bytes(void const *,unsigned __int64))
280 00000000 SECTE6 notype ()    External     | ?select_on_container_copy_construction@?$allocator@E@std@@QEBA?AV12@XZ (public: class std::allocator<unsigned char> __cdecl std::allocator<unsigned char>::select_on_container_copy_construction(void)const )
281 00000000 SECT36 notype ()    External     | ??0?$allocator@E@std@@QEAA@XZ (public: __cdecl std::allocator<unsigned char>::allocator<unsigned char>(void))
282 00000000 SECT35 notype ()    External     | ??0?$allocator@E@std@@QEAA@AEBV01@@Z (public: __cdecl std::allocator<unsigned char>::allocator<unsigned char>(class std::allocator<unsigned char> const &))
283 00000000 SECTAB notype ()    External     | ?deallocate@?$allocator@E@std@@QEAAXPEAE_K@Z (public: void __cdecl std::allocator<unsigned char>::deallocate(unsigned char *,unsigned __int64))
284 00000000 SECT99 notype ()    External     | ?allocate@?$allocator@E@std@@QEAAPEAE_K@Z (public: unsigned char * __cdecl std::allocator<unsigned char>::allocate(unsigned __int64))
285 00000000 SECTC5 notype ()    External     | ?max_size@?$allocator@E@std@@QEBA_KXZ (public: unsigned __int64 __cdecl std::allocator<unsigned char>::max_size(void)const )
286 00000000 SECTC7 notype ()    External     | ?max_size@?$allocator_traits@V?$allocator@E@std@@@std@@SA_KAEBV?$allocator@E@2@@Z (public: static unsigned __int64 __cdecl std::allocator_traits<class std::allocator<unsigned char> >::max_size(class std::allocator<unsigned char> const &))
287 00000000 SECTE8 notype ()    External     | ?select_on_container_copy_construction@?$allocator_traits@V?$allocator@E@std@@@std@@SA?AV?$allocator@E@2@AEBV32@@Z (public: static class std::allocator<unsigned char> __cdecl std::allocator_traits<class std::allocator<unsigned char> >::select_on_container_copy_construction(class std::allocator<unsigned char> const &))
288 00000000 SECTE4 notype ()    External     | ?select_on_container_copy_construction@?$_Wrap_alloc@V?$allocator@E@std@@@std@@QEBA?AU12@XZ (public: struct std::_Wrap_alloc<class std::allocator<unsigned char> > __cdecl std::_Wrap_alloc<class std::allocator<unsigned char> >::select_on_container_copy_construction(void)const )
289 00000000 SECT32 notype ()    External     | ??0?$_Wrap_alloc@V?$allocator@E@std@@@std@@QEAA@XZ (public: __cdecl std::_Wrap_alloc<class std::allocator<unsigned char> >::_Wrap_alloc<class std::allocator<unsigned char> >(void))
28A 00000000 SECT31 notype ()    External     | ??0?$_Wrap_alloc@V?$allocator@E@std@@@std@@QEAA@AEBV?$allocator@E@1@@Z (public: __cdecl std::_Wrap_alloc<class std::allocator<unsigned char> >::_Wrap_alloc<class std::allocator<unsigned char> >(class std::allocator<unsigned char> const &))
28B 00000000 SECT97 notype ()    External     | ?allocate@?$_Wrap_alloc@V?$allocator@E@std@@@std@@QEAAPEAE_K@Z (public: unsigned char * __cdecl std::_Wrap_alloc<class std::allocator<unsigned char> >::allocate(unsigned __int64))
28C 00000000 SECTA9 notype ()    External     | ?deallocate@?$_Wrap_alloc@V?$allocator@E@std@@@std@@QEAAXPEAE_K@Z (public: void __cdecl std::_Wrap_alloc<class std::allocator<unsigned char> >::deallocate(unsigned char *,unsigned __int64))
28D 00000000 SECTC3 notype ()    External     | ?max_size@?$_Wrap_alloc@V?$allocator@E@std@@@std@@QEBA_KXZ (public: unsigned __int64 __cdecl std::_Wrap_alloc<class std::allocator<unsigned char> >::max_size(void)const )
28E 00000000 SECT2E notype ()    External     | ??0?$_Vector_val@U?$_Simple_types@E@std@@@std@@QEAA@XZ (public: __cdecl std::_Vector_val<struct std::_Simple_types<unsigned char> >::_Vector_val<struct std::_Simple_types<unsigned char> >(void))
28F 00000000 SECT2C notype ()    External     | ??0?$_Vector_alloc@$0A@U?$_Vec_base_types@EV?$allocator@E@std@@@std@@@std@@QEAA@AEBV?$allocator@E@1@@Z (public: __cdecl std::_Vector_alloc<0,struct std::_Vec_base_types<unsigned char,class std::allocator<unsigned char> > >::_Vector_alloc<0,struct std::_Vec_base_types<unsigned char,class std::allocator<unsigned char> > >(class std::allocator<unsigned char> const &))
290 00000000 SECT84 notype ()    External     | ?_Change_alloc@?$_Vector_alloc@$0A@U?$_Vec_base_types@EV?$allocator@E@std@@@std@@@std@@QEAAXAEBU?$_Wrap_alloc@V?$allocator@E@std@@@2@@Z (public: void __cdecl std::_Vector_alloc<0,struct std::_Vec_base_types<unsigned char,class std::allocator<unsigned char> > >::_Change_alloc(struct std::_Wrap_alloc<class std::allocator<unsigned char> > const &))
291 00000000 SECT8A notype ()    External     | ?_Getal@?$_Vector_alloc@$0A@U?$_Vec_base_types@EV?$allocator@E@std@@@std@@@std@@QEBA?AU?$_Wrap_alloc@V?$allocator@E@std@@@2@XZ (public: struct std::_Wrap_alloc<class std::allocator<unsigned char> > __cdecl std::_Vector_alloc<0,struct std::_Vec_base_types<unsigned char,class std::allocator<unsigned char> > >::_Getal(void)const )
292 00000000 SECT40 notype ()    External     | ??0?$vector@EV?$allocator@E@std@@@std@@QEAA@XZ (public: __cdecl std::vector<unsigned char,class std::allocator<unsigned char> >::vector<unsigned char,class std::allocator<unsigned char> >(void))
293 00000000 SECT3E notype ()    External     | ??0?$vector@EV?$allocator@E@std@@@std@@QEAA@AEBV01@@Z (public: __cdecl std::vector<unsigned char,class std::allocator<unsigned char> >::vector<unsigned char,class std::allocator<unsigned char> >(class std::vector<unsigned char,class std::allocator<unsigned char> > const &))
294 00000000 SECT55 notype ()    External     | ??1?$vector@EV?$allocator@E@std@@@std@@QEAA@XZ (public: __cdecl std::vector<unsigned char,class std::allocator<unsigned char> >::~vector<unsigned char,class std::allocator<unsigned char> >(void))
295 00000000 SECT62 notype ()    External     | ??4?$vector@EV?$allocator@E@std@@@std@@QEAAAEAV01@AEBV01@@Z (public: class std::vector<unsigned char,class std::allocator<unsigned char> > & __cdecl std::vector<unsigned char,class std::allocator<unsigned char> >::operator=(class std::vector<unsigned char,class std::allocator<unsigned char> > const &))
296 00000000 SECTA0 notype ()    External     | ?capacity@?$vector@EV?$allocator@E@std@@@std@@QEBA_KXZ (public: unsigned __int64 __cdecl std::vector<unsigned char,class std::allocator<unsigned char> >::capacity(void)const )
297 00000000 SECT9F notype ()    External     | ?begin@?$vector@EV?$allocator@E@std@@@std@@QEBA?AV?$_Vector_const_iterator@V?$_Vector_val@U?$_Simple_types@E@std@@@std@@@2@XZ (public: class std::_Vector_const_iterator<class std::_Vector_val<struct std::_Simple_types<unsigned char> > > __cdecl std::vector<unsigned char,class std::allocator<unsigned char> >::begin(void)const )
298 00000000 SECTB0 notype ()    External     | ?end@?$vector@EV?$allocator@E@std@@@std@@QEBA?AV?$_Vector_const_iterator@V?$_Vector_val@U?$_Simple_types@E@std@@@std@@@2@XZ (public: class std::_Vector_const_iterator<class std::_Vector_val<struct std::_Simple_types<unsigned char> > > __cdecl std::vector<unsigned char,class std::allocator<unsigned char> >::end(void)const )
299 00000000 SECTF6 notype ()    External     | ?size@?$vector@EV?$allocator@E@std@@@std@@QEBA_KXZ (public: unsigned __int64 __cdecl std::vector<unsigned char,class std::allocator<unsigned char> >::size(void)const )
29A 00000000 SECTC9 notype ()    External     | ?max_size@?$vector@EV?$allocator@E@std@@@std@@QEBA_KXZ (public: unsigned __int64 __cdecl std::vector<unsigned char,class std::allocator<unsigned char> >::max_size(void)const )
29B 00000000 SECTAF notype ()    External     | ?empty@?$vector@EV?$allocator@E@std@@@std@@QEBA_NXZ (public: bool __cdecl std::vector<unsigned char,class std::allocator<unsigned char> >::empty(void)const )
29C 00000000 SECT67 notype ()    External     | ??A?$vector@EV?$allocator@E@std@@@std@@QEBAAEBE_K@Z (public: unsigned char const & __cdecl std::vector<unsigned char,class std::allocator<unsigned char> >::operator[](unsigned __int64)const )
29D 00000000 SECT9E notype ()    External     | ?back@?$vector@EV?$allocator@E@std@@@std@@QEBAAEBEXZ (public: unsigned char const & __cdecl std::vector<unsigned char,class std::allocator<unsigned char> >::back(void)const )
29E 00000000 SECTA4 notype ()    External     | ?clear@?$vector@EV?$allocator@E@std@@@std@@QEAAXXZ (public: void __cdecl std::vector<unsigned char,class std::allocator<unsigned char> >::clear(void))
29F 00000000 SECT83 notype ()    External     | ?_Buy@?$vector@EV?$allocator@E@std@@@std@@IEAA_N_K@Z (protected: bool __cdecl std::vector<unsigned char,class std::allocator<unsigned char> >::_Buy(unsigned __int64))
2A0 00000000 SECT87 notype ()    External     | ?_Destroy@?$vector@EV?$allocator@E@std@@@std@@IEAAXPEAE0@Z (protected: void __cdecl std::vector<unsigned char,class std::allocator<unsigned char> >::_Destroy(unsigned char *,unsigned char *))
2A1 00000000 SECT91 notype ()    External     | ?_Tidy@?$vector@EV?$allocator@E@std@@@std@@IEAAXXZ (protected: void __cdecl std::vector<unsigned char,class std::allocator<unsigned char> >::_Tidy(void))
2A2 00000000 SECT94 notype ()    External     | ?_Xlen@?$vector@EV?$allocator@E@std@@@std@@IEBAXXZ (protected: void __cdecl std::vector<unsigned char,class std::allocator<unsigned char> >::_Xlen(void)const )
2A3 00000000 UNDEF  notype ()    External     | ?signedValue@MilesStartup@@YA_JI@Z (__int64 __cdecl MilesStartup::signedValue(unsigned int))
2A4 00000000 SECTBD notype ()    External     | ?knownStatus@StartupBridge@@YA_NI@Z (bool __cdecl StartupBridge::knownStatus(unsigned int))
2A5 00000000 SECT45 notype ()    External     | ??0OwnedReply@StartupBridge@@QEAA@XZ (public: __cdecl StartupBridge::OwnedReply::OwnedReply(void))
2A6 00000000 SECT57 notype ()    External     | ??1OwnedReply@StartupBridge@@QEAA@XZ (public: __cdecl StartupBridge::OwnedReply::~OwnedReply(void))
2A7 00000000 SECT44 notype ()    External     | ??0OwnedReply@StartupBridge@@QEAA@AEBU01@@Z (public: __cdecl StartupBridge::OwnedReply::OwnedReply(struct StartupBridge::OwnedReply const &))
2A8 00000000 SECT64 notype ()    External     | ??4OwnedReply@StartupBridge@@QEAAAEAU01@AEBU01@@Z (public: struct StartupBridge::OwnedReply & __cdecl StartupBridge::OwnedReply::operator=(struct StartupBridge::OwnedReply const &))
2A9 00000000 SECTD2 notype ()    External     | ?nullHandle@StartupBridge@@YA_NAEBUHandle@MilesWire@@@Z (bool __cdecl StartupBridge::nullHandle(struct MilesWire::Handle const &))
2AA 00000000 SECT48 notype ()    External     | ??0Session@ClientMilesPipe@@QEAA@V?$unique_ptr@VChannel@ClientMilesPipe@@U?$default_delete@VChannel@ClientMilesPipe@@@std@@@std@@@Z (public: __cdecl ClientMilesPipe::Session::Session(class std::unique_ptr<class ClientMilesPipe::Channel,struct std::default_delete<class ClientMilesPipe::Channel> >))
2AB 00000000 SECT59 notype ()    External     | ??1Session@ClientMilesPipe@@QEAA@XZ (public: __cdecl ClientMilesPipe::Session::~Session(void))
2AC 00000000 SECTA5 notype ()    External     | ?close@Session@ClientMilesPipe@@QEAAXXZ (public: void __cdecl ClientMilesPipe::Session::close(void))
2AD 00000000 SECTDC notype ()    External     | ?request@Session@ClientMilesPipe@@QEAA?AUOwnedReply@StartupBridge@@IAEBUCall@MilesWire@@UBytes@MilesTransport@@@Z (public: struct StartupBridge::OwnedReply __cdecl ClientMilesPipe::Session::request(unsigned int,struct MilesWire::Call const &,struct MilesTransport::Bytes))
2AE 00000000 SECTDF notype ()    External     | ?requireRunning@Session@ClientMilesPipe@@QEBAXXZ (public: void __cdecl ClientMilesPipe::Session::requireRunning(void)const )
2AF 00000000 SECTDE notype ()    External     | ?requireAvailable@Session@ClientMilesPipe@@QEBAXXZ (public: void __cdecl ClientMilesPipe::Session::requireAvailable(void)const )
2B0 00000000 SECT3A notype ()    External     | ??0?$default_delete@UDigitalDriver@ClientMiles@@@std@@QEAA@XZ (public: __cdecl std::default_delete<struct ClientMiles::DigitalDriver>::default_delete<struct ClientMiles::DigitalDriver>(void))
2B1 00000000 SECT70 notype ()    External     | ??R?$default_delete@UDigitalDriver@ClientMiles@@@std@@QEBAXPEAUDigitalDriver@ClientMiles@@@Z (public: void __cdecl std::default_delete<struct ClientMiles::DigitalDriver>::operator()(struct ClientMiles::DigitalDriver *)const )
2B2 00000000 SECT2A notype ()    External     | ??0?$_Unique_ptr_base@UDigitalDriver@ClientMiles@@U?$default_delete@UDigitalDriver@ClientMiles@@@std@@$00@std@@QEAA@PEAUDigitalDriver@ClientMiles@@@Z (public: __cdecl std::_Unique_ptr_base<struct ClientMiles::DigitalDriver,struct std::default_delete<struct ClientMiles::DigitalDriver>,1>::_Unique_ptr_base<struct ClientMiles::DigitalDriver,struct std::default_delete<struct ClientMiles::DigitalDriver>,1>(struct ClientMiles::DigitalDriver *))
2B3 00000000 SECTB9 notype ()    External     | ?get_deleter@?$_Unique_ptr_base@UDigitalDriver@ClientMiles@@U?$default_delete@UDigitalDriver@ClientMiles@@@std@@$00@std@@QEAAAEAU?$default_delete@UDigitalDriver@ClientMiles@@@2@XZ (public: struct std::default_delete<struct ClientMiles::DigitalDriver> & __cdecl std::_Unique_ptr_base<struct ClientMiles::DigitalDriver,struct std::default_delete<struct ClientMiles::DigitalDriver>,1>::get_deleter(void))
2B4 00000000 SECT3C notype ()    External     | ??0?$unique_ptr@UDigitalDriver@ClientMiles@@U?$default_delete@UDigitalDriver@ClientMiles@@@std@@@std@@QEAA@XZ (public: __cdecl std::unique_ptr<struct ClientMiles::DigitalDriver,struct std::default_delete<struct ClientMiles::DigitalDriver> >::unique_ptr<struct ClientMiles::DigitalDriver,struct std::default_delete<struct ClientMiles::DigitalDriver> >(void))
2B5 00000000 SECT3B notype ()    External     | ??0?$unique_ptr@UDigitalDriver@ClientMiles@@U?$default_delete@UDigitalDriver@ClientMiles@@@std@@@std@@QEAA@PEAUDigitalDriver@ClientMiles@@@Z (public: __cdecl std::unique_ptr<struct ClientMiles::DigitalDriver,struct std::default_delete<struct ClientMiles::DigitalDriver> >::unique_ptr<struct ClientMiles::DigitalDriver,struct std::default_delete<struct ClientMiles::DigitalDriver> >(struct ClientMiles::DigitalDriver *))
2B6 00000000 SECT61 notype ()    External     | ??4?$unique_ptr@UDigitalDriver@ClientMiles@@U?$default_delete@UDigitalDriver@ClientMiles@@@std@@@std@@QEAAAEAV01@$$QEAV01@@Z (public: class std::unique_ptr<struct ClientMiles::DigitalDriver,struct std::default_delete<struct ClientMiles::DigitalDriver> > & __cdecl std::unique_ptr<struct ClientMiles::DigitalDriver,struct std::default_delete<struct ClientMiles::DigitalDriver> >::operator=(class std::unique_ptr<struct ClientMiles::DigitalDriver,struct std::default_delete<struct ClientMiles::DigitalDriver> > &&))
2B7 00000000 SECT53 notype ()    External     | ??1?$unique_ptr@UDigitalDriver@ClientMiles@@U?$default_delete@UDigitalDriver@ClientMiles@@@std@@@std@@QEAA@XZ (public: __cdecl std::unique_ptr<struct ClientMiles::DigitalDriver,struct std::default_delete<struct ClientMiles::DigitalDriver> >::~unique_ptr<struct ClientMiles::DigitalDriver,struct std::default_delete<struct ClientMiles::DigitalDriver> >(void))
2B8 00000000 SECT6D notype ()    External     | ??D?$unique_ptr@UDigitalDriver@ClientMiles@@U?$default_delete@UDigitalDriver@ClientMiles@@@std@@@std@@QEBAAEAUDigitalDriver@ClientMiles@@XZ (public: struct ClientMiles::DigitalDriver & __cdecl std::unique_ptr<struct ClientMiles::DigitalDriver,struct std::default_delete<struct ClientMiles::DigitalDriver> >::operator*(void)const )
2B9 00000000 SECT6A notype ()    External     | ??C?$unique_ptr@UDigitalDriver@ClientMiles@@U?$default_delete@UDigitalDriver@ClientMiles@@@std@@@std@@QEBAPEAUDigitalDriver@ClientMiles@@XZ (public: struct ClientMiles::DigitalDriver * __cdecl std::unique_ptr<struct ClientMiles::DigitalDriver,struct std::default_delete<struct ClientMiles::DigitalDriver> >::operator->(void)const )
2BA 00000000 SECTB8 notype ()    External     | ?get@?$unique_ptr@UDigitalDriver@ClientMiles@@U?$default_delete@UDigitalDriver@ClientMiles@@@std@@@std@@QEBAPEAUDigitalDriver@ClientMiles@@XZ (public: struct ClientMiles::DigitalDriver * __cdecl std::unique_ptr<struct ClientMiles::DigitalDriver,struct std::default_delete<struct ClientMiles::DigitalDriver> >::get(void)const )
2BB 00000000 SECT68 notype ()    External     | ??B?$unique_ptr@UDigitalDriver@ClientMiles@@U?$default_delete@UDigitalDriver@ClientMiles@@@std@@@std@@QEBA_NXZ (public: __cdecl std::unique_ptr<struct ClientMiles::DigitalDriver,struct std::default_delete<struct ClientMiles::DigitalDriver> >::operator bool(void)const )
2BC 00000000 SECTDA notype ()    External     | ?release@?$unique_ptr@UDigitalDriver@ClientMiles@@U?$default_delete@UDigitalDriver@ClientMiles@@@std@@@std@@QEAAPEAUDigitalDriver@ClientMiles@@XZ (public: struct ClientMiles::DigitalDriver * __cdecl std::unique_ptr<struct ClientMiles::DigitalDriver,struct std::default_delete<struct ClientMiles::DigitalDriver> >::release(void))
2BD 00000000 SECTE0 notype ()    External     | ?reset@?$unique_ptr@UDigitalDriver@ClientMiles@@U?$default_delete@UDigitalDriver@ClientMiles@@@std@@@std@@QEAAXPEAUDigitalDriver@ClientMiles@@@Z (public: void __cdecl std::unique_ptr<struct ClientMiles::DigitalDriver,struct std::default_delete<struct ClientMiles::DigitalDriver> >::reset(struct ClientMiles::DigitalDriver *))
2BE 00000000 SECTE9 notype ()    External     | ?selected@Session@ClientMilesPipe@@SAAEAV12@XZ (public: static class ClientMilesPipe::Session & __cdecl ClientMilesPipe::Session::selected(void))
2BF 00000000 SECT71 notype ()    External     | ??R?$default_delete@VChannel@ClientMilesPipe@@@std@@QEBAXPEAVChannel@ClientMilesPipe@@@Z (public: void __cdecl std::default_delete<class ClientMilesPipe::Channel>::operator()(class ClientMilesPipe::Channel *)const )
2C0 00000000 SECT2B notype ()    External     | ??0?$_Unique_ptr_base@VChannel@ClientMilesPipe@@U?$default_delete@VChannel@ClientMilesPipe@@@std@@$00@std@@QEAA@PEAVChannel@ClientMilesPipe@@U?$default_delete@VChannel@ClientMilesPipe@@@1@@Z (public: __cdecl std::_Unique_ptr_base<class ClientMilesPipe::Channel,struct std::default_delete<class ClientMilesPipe::Channel>,1>::_Unique_ptr_base<class ClientMilesPipe::Channel,struct std::default_delete<class ClientMilesPipe::Channel>,1>(class ClientMilesPipe::Channel *,struct std::default_delete<class ClientMilesPipe::Channel>))
2C1 00000000 SECTBA notype ()    External     | ?get_deleter@?$_Unique_ptr_base@VChannel@ClientMilesPipe@@U?$default_delete@VChannel@ClientMilesPipe@@@std@@$00@std@@QEAAAEAU?$default_delete@VChannel@ClientMilesPipe@@@2@XZ (public: struct std::default_delete<class ClientMilesPipe::Channel> & __cdecl std::_Unique_ptr_base<class ClientMilesPipe::Channel,struct std::default_delete<class ClientMilesPipe::Channel>,1>::get_deleter(void))
2C2 00000000 SECT3D notype ()    External     | ??0?$unique_ptr@VChannel@ClientMilesPipe@@U?$default_delete@VChannel@ClientMilesPipe@@@std@@@std@@QEAA@$$QEAV01@@Z (public: __cdecl std::unique_ptr<class ClientMilesPipe::Channel,struct std::default_delete<class ClientMilesPipe::Channel> >::unique_ptr<class ClientMilesPipe::Channel,struct std::default_delete<class ClientMilesPipe::Channel> >(class std::unique_ptr<class ClientMilesPipe::Channel,struct std::default_delete<class ClientMilesPipe::Channel> > &&))
2C3 00000000 SECT54 notype ()    External     | ??1?$unique_ptr@VChannel@ClientMilesPipe@@U?$default_delete@VChannel@ClientMilesPipe@@@std@@@std@@QEAA@XZ (public: __cdecl std::unique_ptr<class ClientMilesPipe::Channel,struct std::default_delete<class ClientMilesPipe::Channel> >::~unique_ptr<class ClientMilesPipe::Channel,struct std::default_delete<class ClientMilesPipe::Channel> >(void))
2C4 00000000 SECT6E notype ()    External     | ??D?$unique_ptr@VChannel@ClientMilesPipe@@U?$default_delete@VChannel@ClientMilesPipe@@@std@@@std@@QEBAAEAVChannel@ClientMilesPipe@@XZ (public: class ClientMilesPipe::Channel & __cdecl std::unique_ptr<class ClientMilesPipe::Channel,struct std::default_delete<class ClientMilesPipe::Channel> >::operator*(void)const )
2C5 00000000 SECT6B notype ()    External     | ??C?$unique_ptr@VChannel@ClientMilesPipe@@U?$default_delete@VChannel@ClientMilesPipe@@@std@@@std@@QEBAPEAVChannel@ClientMilesPipe@@XZ (public: class ClientMilesPipe::Channel * __cdecl std::unique_ptr<class ClientMilesPipe::Channel,struct std::default_delete<class ClientMilesPipe::Channel> >::operator->(void)const )
2C6 00000000 SECT69 notype ()    External     | ??B?$unique_ptr@VChannel@ClientMilesPipe@@U?$default_delete@VChannel@ClientMilesPipe@@@std@@@std@@QEBA_NXZ (public: __cdecl std::unique_ptr<class ClientMilesPipe::Channel,struct std::default_delete<class ClientMilesPipe::Channel> >::operator bool(void)const )
2C7 00000000 SECTDB notype ()    External     | ?release@?$unique_ptr@VChannel@ClientMilesPipe@@U?$default_delete@VChannel@ClientMilesPipe@@@std@@@std@@QEAAPEAVChannel@ClientMilesPipe@@XZ (public: class ClientMilesPipe::Channel * __cdecl std::unique_ptr<class ClientMilesPipe::Channel,struct std::default_delete<class ClientMilesPipe::Channel> >::release(void))
2C8 00000000 SECTED notype ()    External     | ?set_listener_3D_position@ClientMiles@@YAXPEAUDigitalDriver@1@MMM@Z (void __cdecl ClientMiles::set_listener_3D_position(struct ClientMiles::DigitalDriver *,float,float,float))
2C9 00000000 SECTEE notype ()    External     | ?set_listener_3D_velocity_vector@ClientMiles@@YAXPEAUDigitalDriver@1@MMM@Z (void __cdecl ClientMiles::set_listener_3D_velocity_vector(struct ClientMiles::DigitalDriver *,float,float,float))
2CA 00000000 SECTEC notype ()    External     | ?set_listener_3D_orientation@ClientMiles@@YAXPEAUDigitalDriver@1@MMMMMM@Z (void __cdecl ClientMiles::set_listener_3D_orientation(struct ClientMiles::DigitalDriver *,float,float,float,float,float,float))
2CB 00000000 SECTEB notype ()    External     | ?set_3D_rolloff_factor@ClientMiles@@YAXPEAUDigitalDriver@1@M@Z (void __cdecl ClientMiles::set_3D_rolloff_factor(struct ClientMiles::DigitalDriver *,float))
2CC 00000000 SECTEA notype ()    External     | ?serve@ClientMiles@@YAXXZ (void __cdecl ClientMiles::serve(void))
2CD 00000000 SECTE1 notype ()    External     | ?room_type@ClientMiles@@YAHPEAUDigitalDriver@1@@Z (int __cdecl ClientMiles::room_type(struct ClientMiles::DigitalDriver *))
2CE 00000000 SECTF3 notype ()    External     | ?set_room_type@ClientMiles@@YAXPEAUDigitalDriver@1@H@Z (void __cdecl ClientMiles::set_room_type(struct ClientMiles::DigitalDriver *,int))
2CF 00000000 SECTB5 notype ()    External     | ?fail@?A0x82d695a5@@YAXW4FailureReason@ClientMiles@@PEBD@Z (void __cdecl `anonymous namespace'::fail(enum ClientMiles::FailureReason,char const *))
2D0 00000000 SECTA3 notype ()    External     | ?checkStatus@?A0x82d695a5@@YAXI@Z (void __cdecl `anonymous namespace'::checkStatus(unsigned int))
2D1 00000000 SECTD5 notype ()    External     | ?ownedText@?A0x82d695a5@@YA?AUOwnedText@ClientMiles@@AEBUOwnedReply@StartupBridge@@@Z (struct ClientMiles::OwnedText __cdecl `anonymous namespace'::ownedText(struct StartupBridge::OwnedReply const &))
2D2 00000000 SECTB6 notype ()    External     | ?floatBits@?A0x82d695a5@@YAIM@Z (unsigned int __cdecl `anonymous namespace'::floatBits(float))
2D3 00000000 SECTAE notype ()    External     | ?driverCall@?A0x82d695a5@@YA?AUCall@MilesWire@@AEAVSession@ClientMilesPipe@@PEAUDigitalDriver@ClientMiles@@@Z (struct MilesWire::Call __cdecl `anonymous namespace'::driverCall(class ClientMilesPipe::Session &,struct ClientMiles::DigitalDriver *))
2D4 00000000 SECTD9 notype ()    External     | ?preferenceResult@?A0x82d695a5@@YA_JAEBUOwnedReply@StartupBridge@@@Z (__int64 __cdecl `anonymous namespace'::preferenceResult(struct StartupBridge::OwnedReply const &))
2D5 00000000 SECT27 notype ()    External     | ??$move@AEAV?$unique_ptr@VChannel@ClientMilesPipe@@U?$default_delete@VChannel@ClientMilesPipe@@@std@@@std@@@std@@YA$$QEAV?$unique_ptr@VChannel@ClientMilesPipe@@U?$default_delete@VChannel@ClientMilesPipe@@@std@@@0@AEAV10@@Z (class std::unique_ptr<class ClientMilesPipe::Channel,struct std::default_delete<class ClientMilesPipe::Channel> > && __cdecl std::move<class std::unique_ptr<class ClientMilesPipe::Channel,struct std::default_delete<class ClientMilesPipe::Channel> > &>(class std::unique_ptr<class ClientMilesPipe::Channel,struct std::default_delete<class ClientMilesPipe::Channel> > &))
2D6 00000000 SECT26 notype ()    External     | ??$move@AEAV?$unique_ptr@UDigitalDriver@ClientMiles@@U?$default_delete@UDigitalDriver@ClientMiles@@@std@@@std@@@std@@YA$$QEAV?$unique_ptr@UDigitalDriver@ClientMiles@@U?$default_delete@UDigitalDriver@ClientMiles@@@std@@@0@AEAV10@@Z (class std::unique_ptr<struct ClientMiles::DigitalDriver,struct std::default_delete<struct ClientMiles::DigitalDriver> > && __cdecl std::move<class std::unique_ptr<struct ClientMiles::DigitalDriver,struct std::default_delete<struct ClientMiles::DigitalDriver> > &>(class std::unique_ptr<struct ClientMiles::DigitalDriver,struct std::default_delete<struct ClientMiles::DigitalDriver> > &))
2D7 00000000 SECT2D notype ()    External     | ??0?$_Vector_const_iterator@V?$_Vector_val@U?$_Simple_types@E@std@@@std@@@std@@QEAA@PEAEPEBU_Container_base0@1@@Z (public: __cdecl std::_Vector_const_iterator<class std::_Vector_val<struct std::_Simple_types<unsigned char> > >::_Vector_const_iterator<class std::_Vector_val<struct std::_Simple_types<unsigned char> > >(unsigned char *,struct std::_Container_base0 const *))
2D8 00000000 SECT92 notype ()    External     | ?_Unchecked@?$_Vector_const_iterator@V?$_Vector_val@U?$_Simple_types@E@std@@@std@@@std@@QEBAPEBEXZ (public: unsigned char const * __cdecl std::_Vector_const_iterator<class std::_Vector_val<struct std::_Simple_types<unsigned char> > >::_Unchecked(void)const )
2D9 00000000 SECT6C notype ()    External     | ??D?$_Vector_const_iterator@V?$_Vector_val@U?$_Simple_types@E@std@@@std@@@std@@QEBAAEBEXZ (public: unsigned char const & __cdecl std::_Vector_const_iterator<class std::_Vector_val<struct std::_Simple_types<unsigned char> > >::operator*(void)const )
2DA 00000000 SECT72 notype ()    External     | ??Y?$_Vector_const_iterator@V?$_Vector_val@U?$_Simple_types@E@std@@@std@@@std@@QEAAAEAV01@_J@Z (public: class std::_Vector_const_iterator<class std::_Vector_val<struct std::_Simple_types<unsigned char> > > & __cdecl std::_Vector_const_iterator<class std::_Vector_val<struct std::_Simple_types<unsigned char> > >::operator+=(__int64))
2DB 00000000 SECT73 notype ()    External     | ??Z?$_Vector_const_iterator@V?$_Vector_val@U?$_Simple_types@E@std@@@std@@@std@@QEAAAEAV01@_J@Z (public: class std::_Vector_const_iterator<class std::_Vector_val<struct std::_Simple_types<unsigned char> > > & __cdecl std::_Vector_const_iterator<class std::_Vector_val<struct std::_Simple_types<unsigned char> > >::operator-=(__int64))
2DC 00000000 SECT6F notype ()    External     | ??G?$_Vector_const_iterator@V?$_Vector_val@U?$_Simple_types@E@std@@@std@@@std@@QEBA?AV01@_J@Z (public: class std::_Vector_const_iterator<class std::_Vector_val<struct std::_Simple_types<unsigned char> > > __cdecl std::_Vector_const_iterator<class std::_Vector_val<struct std::_Simple_types<unsigned char> > >::operator-(__int64)const )
2DD 00000000 SECT11 notype ()    External     | ??$_Ucopy@V?$_Vector_const_iterator@V?$_Vector_val@U?$_Simple_types@E@std@@@std@@@std@@@?$vector@EV?$allocator@E@std@@@std@@IEAAPEAEV?$_Vector_const_iterator@V?$_Vector_val@U?$_Simple_types@E@std@@@std@@@1@0PEAE@Z (protected: unsigned char * __cdecl std::vector<unsigned char,class std::allocator<unsigned char> >::_Ucopy<class std::_Vector_const_iterator<class std::_Vector_val<struct std::_Simple_types<unsigned char> > > >(class std::_Vector_const_iterator<class std::_Vector_val<struct std::_Simple_types<unsigned char> > >,class std::_Vector_const_iterator<class std::_Vector_val<struct std::_Simple_types<unsigned char> > >,unsigned char *))
2DE 00000000 SECT6  notype ()    External     | ??$?9V?$allocator@E@std@@V01@@std@@YA_NAEBU?$_Wrap_alloc@V?$allocator@E@std@@@0@0@Z (bool __cdecl std::operator!=<class std::allocator<unsigned char>,class std::allocator<unsigned char> >(struct std::_Wrap_alloc<class std::allocator<unsigned char> > const &,struct std::_Wrap_alloc<class std::allocator<unsigned char> > const &))
2DF 00000000 SECT9  notype ()    External     | ??$_Copy_impl@PEAEPEAE@std@@YAPEAEPEAE00@Z (unsigned char * __cdecl std::_Copy_impl<unsigned char *,unsigned char *>(unsigned char *,unsigned char *,unsigned char *))
2E0 00000000 SECT10 notype ()    External     | ??$_Ucopy@PEAE@?$vector@EV?$allocator@E@std@@@std@@IEAAPEAEPEAE00@Z (protected: unsigned char * __cdecl std::vector<unsigned char,class std::allocator<unsigned char> >::_Ucopy<unsigned char *>(unsigned char *,unsigned char *,unsigned char *))
2E1 00000000 SECT5  notype ()    External     | ??$?8V?$allocator@E@std@@V01@@std@@YA_NAEBU?$_Wrap_alloc@V?$allocator@E@std@@@0@0@Z (bool __cdecl std::operator==<class std::allocator<unsigned char>,class std::allocator<unsigned char> >(struct std::_Wrap_alloc<class std::allocator<unsigned char> > const &,struct std::_Wrap_alloc<class std::allocator<unsigned char> > const &))
2E2 00000000 SECT4  notype ()    External     | ??$?8EE@std@@YA_NAEBV?$allocator@E@0@0@Z (bool __cdecl std::operator==<unsigned char,unsigned char>(class std::allocator<unsigned char> const &,class std::allocator<unsigned char> const &))
2E3 00000000 SECT24 notype ()    External     | ??$forward@U?$default_delete@UDigitalDriver@ClientMiles@@@std@@@std@@YA$$QEAU?$default_delete@UDigitalDriver@ClientMiles@@@0@AEAU10@@Z (struct std::default_delete<struct ClientMiles::DigitalDriver> && __cdecl std::forward<struct std::default_delete<struct ClientMiles::DigitalDriver> >(struct std::default_delete<struct ClientMiles::DigitalDriver> &))
2E4 00000000 SECTD7 notype ()    External     | ?pointer_to@?$pointer_traits@PEAUDigitalDriver@ClientMiles@@@std@@SAPEAUDigitalDriver@ClientMiles@@AEAU34@@Z (public: static struct ClientMiles::DigitalDriver * __cdecl std::pointer_traits<struct ClientMiles::DigitalDriver *>::pointer_to(struct ClientMiles::DigitalDriver &))
2E5 00000000 SECT25 notype ()    External     | ??$forward@U?$default_delete@VChannel@ClientMilesPipe@@@std@@@std@@YA$$QEAU?$default_delete@VChannel@ClientMilesPipe@@@0@AEAU10@@Z (struct std::default_delete<class ClientMilesPipe::Channel> && __cdecl std::forward<struct std::default_delete<class ClientMilesPipe::Channel> >(struct std::default_delete<class ClientMilesPipe::Channel> &))
2E6 00000000 SECTD8 notype ()    External     | ?pointer_to@?$pointer_traits@PEAVChannel@ClientMilesPipe@@@std@@SAPEAVChannel@ClientMilesPipe@@AEAV34@@Z (public: static class ClientMilesPipe::Channel * __cdecl std::pointer_traits<class ClientMilesPipe::Channel *>::pointer_to(class ClientMilesPipe::Channel &))
2E7 00000000 SECT1D notype ()    External     | ??$construct@PEADAEAPEAD@?$_Wrap_alloc@V?$allocator@D@std@@@std@@QEAAXPEAPEADAEAPEAD@Z (public: void __cdecl std::_Wrap_alloc<class std::allocator<char> >::construct<char *,char * &>(char * *,char * &))
2E8 00000000 SECT20 notype ()    External     | ??$destroy@PEAD@?$_Wrap_alloc@V?$allocator@D@std@@@std@@QEAAXPEAPEAD@Z (public: void __cdecl std::_Wrap_alloc<class std::allocator<char> >::destroy<char *>(char * *))
2E9 00000000 SECT1A notype ()    External     | ??$addressof@D@std@@YAPEADAEAD@Z (char * __cdecl std::addressof<char>(char &))
2EA 00000000 SECTB  notype ()    External     | ??$_Destroy_range@U?$_Wrap_alloc@V?$allocator@E@std@@@std@@@std@@YAXPEAE0AEAU?$_Wrap_alloc@V?$allocator@E@std@@@0@@Z (void __cdecl std::_Destroy_range<struct std::_Wrap_alloc<class std::allocator<unsigned char> > >(unsigned char *,unsigned char *,struct std::_Wrap_alloc<class std::allocator<unsigned char> > &))
2EB 00000000 SECT1B notype ()    External     | ??$addressof@UDigitalDriver@ClientMiles@@@std@@YAPEAUDigitalDriver@ClientMiles@@AEAU12@@Z (struct ClientMiles::DigitalDriver * __cdecl std::addressof<struct ClientMiles::DigitalDriver>(struct ClientMiles::DigitalDriver &))
2EC 00000000 SECT1C notype ()    External     | ??$addressof@VChannel@ClientMilesPipe@@@std@@YAPEAVChannel@ClientMilesPipe@@AEAV12@@Z (class ClientMilesPipe::Channel * __cdecl std::addressof<class ClientMilesPipe::Channel>(class ClientMilesPipe::Channel &))
2ED 00000000 SECT8  notype ()    External     | ??$_Allocate@E@std@@YAPEAE_KPEAE@Z (unsigned char * __cdecl std::_Allocate<unsigned char>(unsigned __int64,unsigned char *))
2EE 00000000 SECT7  notype ()    External     | ??$_Allocate@D@std@@YAPEAD_KPEAD@Z (char * __cdecl std::_Allocate<char>(unsigned __int64,char *))
2EF 00000000 SECT7A notype ()    Static       | ??__E?_Generic_object@?$_Error_objects@H@std@@2V_Generic_error_category@2@A@@YAXXZ (void __cdecl `dynamic initializer for 'public: static class std::_Generic_error_category std::_Error_objects<int>::_Generic_object''(void))
2F0 00000000 SECT7D notype ()    Static       | ??__F?_Generic_object@?$_Error_objects@H@std@@2V_Generic_error_category@2@A@@YAXXZ (void __cdecl `dynamic atexit destructor for 'public: static class std::_Generic_error_category std::_Error_objects<int>::_Generic_object''(void))
2F1 00000000 SECT7B notype ()    Static       | ??__E?_Iostream_object@?$_Error_objects@H@std@@2V_Iostream_error_category@2@A@@YAXXZ (void __cdecl `dynamic initializer for 'public: static class std::_Iostream_error_category std::_Error_objects<int>::_Iostream_object''(void))
2F2 00000000 SECT7E notype ()    Static       | ??__F?_Iostream_object@?$_Error_objects@H@std@@2V_Iostream_error_category@2@A@@YAXXZ (void __cdecl `dynamic atexit destructor for 'public: static class std::_Iostream_error_category std::_Error_objects<int>::_Iostream_object''(void))
2F3 00000000 SECT7C notype ()    Static       | ??__E?_System_object@?$_Error_objects@H@std@@2V_System_error_category@2@A@@YAXXZ (void __cdecl `dynamic initializer for 'public: static class std::_System_error_category std::_Error_objects<int>::_System_object''(void))
2F4 00000000 SECT7F notype ()    Static       | ??__F?_System_object@?$_Error_objects@H@std@@2V_System_error_category@2@A@@YAXXZ (void __cdecl `dynamic atexit destructor for 'public: static class std::_System_error_category std::_Error_objects<int>::_System_object''(void))
2F5 00000000 SECT19 notype ()    External     | ??$_Uninitialized_copy@V?$_Vector_const_iterator@V?$_Vector_val@U?$_Simple_types@E@std@@@std@@@std@@PEAEU?$_Wrap_alloc@V?$allocator@E@std@@@2@@std@@YAPEAEV?$_Vector_const_iterator@V?$_Vector_val@U?$_Simple_types@E@std@@@std@@@0@0PEAEAEAU?$_Wrap_alloc@V?$allocator@E@std@@@0@@Z (unsigned char * __cdecl std::_Uninitialized_copy<class std::_Vector_const_iterator<class std::_Vector_val<struct std::_Simple_types<unsigned char> > >,unsigned char *,struct std::_Wrap_alloc<class std::allocator<unsigned char> > >(class std::_Vector_const_iterator<class std::_Vector_val<struct std::_Simple_types<unsigned char> > >,class std::_Vector_const_iterator<class std::_Vector_val<struct std::_Simple_types<unsigned char> > >,unsigned char *,struct std::_Wrap_alloc<class std::allocator<unsigned char> > &))
2F6 00000000 SECTE  notype ()    External     | ??$_Ptr_cat@EE@std@@YA?AU_Scalar_ptr_iterator_tag@0@PEBEPEAE@Z (struct std::_Scalar_ptr_iterator_tag __cdecl std::_Ptr_cat<unsigned char,unsigned char>(unsigned char const *,unsigned char *))
2F7 00000000 SECTD  notype ()    External     | ??$_Ptr_cat@EE@std@@YA?AU_Scalar_ptr_iterator_tag@0@PEAE0@Z (struct std::_Scalar_ptr_iterator_tag __cdecl std::_Ptr_cat<unsigned char,unsigned char>(unsigned char *,unsigned char *))
2F8 00000000 SECTA  notype ()    External     | ??$_Copy_impl@PEAEPEAE@std@@YAPEAEPEAE00U_Scalar_ptr_iterator_tag@0@@Z (unsigned char * __cdecl std::_Copy_impl<unsigned char *,unsigned char *>(unsigned char *,unsigned char *,unsigned char *,struct std::_Scalar_ptr_iterator_tag))
2F9 00000000 SECT18 notype ()    External     | ??$_Uninitialized_copy@PEAEPEAEU?$_Wrap_alloc@V?$allocator@E@std@@@std@@@std@@YAPEAEPEAE00AEAU?$_Wrap_alloc@V?$allocator@E@std@@@0@@Z (unsigned char * __cdecl std::_Uninitialized_copy<unsigned char *,unsigned char *,struct std::_Wrap_alloc<class std::allocator<unsigned char> > >(unsigned char *,unsigned char *,unsigned char *,struct std::_Wrap_alloc<class std::allocator<unsigned char> > &))
2FA 00000000 SECT23 notype ()    External     | ??$forward@AEAPEAD@std@@YAAEAPEADAEAPEAD@Z (char * & __cdecl std::forward<char * &>(char * &))
2FB 00000000 SECT1F notype ()    External     | ??$construct@PEADAEAPEAD@?$allocator_traits@V?$allocator@D@std@@@std@@SAXAEAV?$allocator@D@1@PEAPEADAEAPEAD@Z (public: static void __cdecl std::allocator_traits<class std::allocator<char> >::construct<char *,char * &>(class std::allocator<char> &,char * *,char * &))
2FC 00000000 SECT22 notype ()    External     | ??$destroy@PEAD@?$allocator_traits@V?$allocator@D@std@@@std@@SAXAEAV?$allocator@D@1@PEAPEAD@Z (public: static void __cdecl std::allocator_traits<class std::allocator<char> >::destroy<char *>(class std::allocator<char> &,char * *))
2FD 00000000 SECTC  notype ()    External     | ??$_Destroy_range@U?$_Wrap_alloc@V?$allocator@E@std@@@std@@@std@@YAXPEAE0AEAU?$_Wrap_alloc@V?$allocator@E@std@@@0@U_Scalar_ptr_iterator_tag@0@@Z (void __cdecl std::_Destroy_range<struct std::_Wrap_alloc<class std::allocator<unsigned char> > >(unsigned char *,unsigned char *,struct std::_Wrap_alloc<class std::allocator<unsigned char> > &,struct std::_Scalar_ptr_iterator_tag))
2FE 00000000 SECT13 notype ()    External     | ??$_Unchecked@V?$_Vector_val@U?$_Simple_types@E@std@@@std@@@std@@YAPEBEV?$_Vector_const_iterator@V?$_Vector_val@U?$_Simple_types@E@std@@@std@@@0@@Z (unsigned char const * __cdecl std::_Unchecked<class std::_Vector_val<struct std::_Simple_types<unsigned char> > >(class std::_Vector_const_iterator<class std::_Vector_val<struct std::_Simple_types<unsigned char> > >))
2FF 00000000 SECT12 notype ()    External     | ??$_Unchecked@PEAE@std@@YAPEAEPEAE@Z (unsigned char * __cdecl std::_Unchecked<unsigned char *>(unsigned char *))
300 00000000 SECT17 notype ()    External     | ??$_Uninit_copy@PEBEPEAEU?$_Wrap_alloc@V?$allocator@E@std@@@std@@@std@@YAPEAEPEBE0PEAEAEAU?$_Wrap_alloc@V?$allocator@E@std@@@0@@Z (unsigned char * __cdecl std::_Uninit_copy<unsigned char const *,unsigned char *,struct std::_Wrap_alloc<class std::allocator<unsigned char> > >(unsigned char const *,unsigned char const *,unsigned char *,struct std::_Wrap_alloc<class std::allocator<unsigned char> > &))
301 00000000 SECTF  notype ()    External     | ??$_Rechecked@PEAEPEAE@std@@YAAEAPEAEAEAPEAEPEAE@Z (unsigned char * & __cdecl std::_Rechecked<unsigned char *,unsigned char *>(unsigned char * &,unsigned char *))
302 00000000 SECT16 notype ()    External     | ??$_Uninit_copy@PEAEPEAEU?$_Wrap_alloc@V?$allocator@E@std@@@std@@@std@@YAPEAEPEAE00AEAU?$_Wrap_alloc@V?$allocator@E@std@@@0@@Z (unsigned char * __cdecl std::_Uninit_copy<unsigned char *,unsigned char *,struct std::_Wrap_alloc<class std::allocator<unsigned char> > >(unsigned char *,unsigned char *,unsigned char *,struct std::_Wrap_alloc<class std::allocator<unsigned char> > &))
303 00000000 SECT1E notype ()    External     | ??$construct@PEADAEAPEAD@?$allocator@D@std@@QEAAXPEAPEADAEAPEAD@Z (public: void __cdecl std::allocator<char>::construct<char *,char * &>(char * *,char * &))
304 00000000 SECT21 notype ()    External     | ??$destroy@PEAD@?$allocator@D@std@@QEAAXPEAPEAD@Z (public: void __cdecl std::allocator<char>::destroy<char *>(char * *))
305 00000000 SECT14 notype ()    External     | ??$_Uninit_copy@$$CBEE@std@@YAPEAEPEBE0PEAEAEAU?$_Wrap_alloc@V?$allocator@E@std@@@0@U_Scalar_ptr_iterator_tag@0@@Z (unsigned char * __cdecl std::_Uninit_copy<unsigned char const ,unsigned char>(unsigned char const *,unsigned char const *,unsigned char *,struct std::_Wrap_alloc<class std::allocator<unsigned char> > &,struct std::_Scalar_ptr_iterator_tag))
306 00000000 SECT15 notype ()    External     | ??$_Uninit_copy@EE@std@@YAPEAEPEAE00AEAU?$_Wrap_alloc@V?$allocator@E@std@@@0@U_Scalar_ptr_iterator_tag@0@@Z (unsigned char * __cdecl std::_Uninit_copy<unsigned char,unsigned char>(unsigned char *,unsigned char *,unsigned char *,struct std::_Wrap_alloc<class std::allocator<unsigned char> > &,struct std::_Scalar_ptr_iterator_tag))
307 00000000 SECT3F notype ()    Static       | ?catch$0@?0???0?$vector@EV?$allocator@E@std@@@std@@QEAA@AEBV01@@Z@4HA (int `public: __cdecl std::vector<unsigned char,class std::allocator<unsigned char> >::vector<unsigned char,class std::allocator<unsigned char> >(class vector<unsigned char,class std::allocator<unsigned char> >::catch$0 const &)'::`1'::catch$0)
308 00000000 SECT63 notype ()    Static       | ?catch$0@?0???4?$vector@EV?$allocator@E@std@@@std@@QEAAAEAV01@AEBV01@@Z@4HA (int `public: class vector<unsigned char,class std::allocator<unsigned char> >::catch$0 & __cdecl std::vector<unsigned char,class std::allocator<unsigned char> >::operator=(class vector<unsigned char,class std::allocator<unsigned char> >::catch$0 const &)'::`1'::catch$0)
309 00000043 SECT86 notype ()    Static       | ?catch$0@?0??_Copy@?$basic_string@DU?$char_traits@D@std@@V?$allocator@D@2@@std@@QEAAX_K0@Z@4HA (int `public: void __cdecl std::basic_string<char,struct std::char_traits<char>,class std::allocator<char> >::_Copy(unsigned __int64,unsigned __int64)'::`1'::catch$0)
30A 00000000 SECTA6 notype ()    Static       | ?catch$0@?0??close@Session@ClientMilesPipe@@QEAAXXZ@4HA (int `public: void __cdecl ClientMilesPipe::Session::close(void)'::`1'::catch$0)
30B 00000018 SECTDD notype ()    Static       | ?catch$0@?0??request@Session@ClientMilesPipe@@QEAA?AUOwnedReply@StartupBridge@@IAEBUCall@MilesWire@@UBytes@MilesTransport@@@Z@4HA (int `public: struct StartupBridge::OwnedReply __cdecl ClientMilesPipe::Session::request(unsigned int,struct MilesWire::Call const &,struct MilesTransport::Bytes)'::`1'::catch$0)
30C 00000000 SECT86 notype ()    Static       | ?catch$1@?0??_Copy@?$basic_string@DU?$char_traits@D@std@@V?$allocator@D@2@@std@@QEAAX_K0@Z@4HA (int `public: void __cdecl std::basic_string<char,struct std::char_traits<char>,class std::allocator<char> >::_Copy(unsigned __int64,unsigned __int64)'::`1'::catch$1)
30D 00000000 SECT49 notype ()    Static       | ?dtor$0@?0???0Session@ClientMilesPipe@@QEAA@V?$unique_ptr@VChannel@ClientMilesPipe@@U?$default_delete@VChannel@ClientMilesPipe@@@std@@@std@@@Z@4HA (int `public: __cdecl ClientMilesPipe::Session::Session(class std::unique_ptr<class ClientMilesPipe::Channel,struct std::default_delete<class ClientMilesPipe::Channel> >)'::`1'::dtor$0)
30E 00000000 SECT81 notype ()    Static       | ?dtor$0@?0??MSS_versionOwned@ClientMiles@@YA?AUOwnedText@1@XZ@4HA (int `struct MSS_versionOwned::OwnedText __cdecl ClientMiles::MSS_versionOwned(void)'::`1'::dtor$0)
30F 00000000 SECTBC notype ()    Static       | ?dtor$0@?0??get_preference@ClientMiles@@YA_JI@Z@4HA (int `__int64 __cdecl ClientMiles::get_preference(unsigned int)'::`1'::dtor$0)
310 00000000 SECTBF notype ()    Static       | ?dtor$0@?0??last_errorOwned@ClientMiles@@YA?AUOwnedText@1@XZ@4HA (int `struct last_errorOwned::OwnedText __cdecl ClientMiles::last_errorOwned(void)'::`1'::dtor$0)
311 00000000 SECTD4 notype ()    Static       | ?dtor$0@?0??open_digital_driver@ClientMiles@@YAPEAUDigitalDriver@1@IHHI@Z@4HA (int `struct open_digital_driver::DigitalDriver * __cdecl ClientMiles::open_digital_driver(unsigned int,int,int,unsigned int)'::`1'::dtor$0)
312 00000000 SECTD6 notype ()    Static       | ?dtor$0@?0??ownedText@?A0x82d695a5@@YA?AUOwnedText@ClientMiles@@AEBUOwnedReply@StartupBridge@@@Z@4HA (int `struct ClientMiles::OwnedText __cdecl `anonymous namespace'::ownedText(struct StartupBridge::OwnedReply const &)'::`1'::dtor$0)
313 00000000 SECTDD notype ()    Static       | ?dtor$0@?0??request@Session@ClientMilesPipe@@QEAA?AUOwnedReply@StartupBridge@@IAEBUCall@MilesWire@@UBytes@MilesTransport@@@Z@4HA (int `public: struct StartupBridge::OwnedReply __cdecl ClientMilesPipe::Session::request(unsigned int,struct MilesWire::Call const &,struct MilesTransport::Bytes)'::`1'::dtor$0)
314 00000000 SECTE2 notype ()    Static       | ?dtor$0@?0??room_type@ClientMiles@@YAHPEAUDigitalDriver@1@@Z@4HA (int `int __cdecl ClientMiles::room_type(struct room_type::DigitalDriver *)'::`1'::dtor$0)
315 00000000 SECTF0 notype ()    Static       | ?dtor$0@?0??set_preference@ClientMiles@@YA_JI_J@Z@4HA (int `__int64 __cdecl ClientMiles::set_preference(unsigned int,__int64)'::`1'::dtor$0)
316 00000000 SECTF2 notype ()    Static       | ?dtor$0@?0??set_redist_directoryOwned@ClientMiles@@YA?AUOwnedText@1@PEBD@Z@4HA (int `struct set_redist_directoryOwned::OwnedText __cdecl ClientMiles::set_redist_directoryOwned(char const *)'::`1'::dtor$0)
317 00000000 SECTF8 notype ()    Static       | ?dtor$0@?0??speaker_configuration_spec@ClientMiles@@YAHPEAUDigitalDriver@1@@Z@4HA (int `int __cdecl ClientMiles::speaker_configuration_spec(struct speaker_configuration_spec::DigitalDriver *)'::`1'::dtor$0)
318 00000000 SECTFA notype ()    Static       | ?dtor$0@?0??startup@ClientMiles@@YAHXZ@4HA (int `int __cdecl ClientMiles::startup(void)'::`1'::dtor$0)
319 0000000C SECT49 notype ()    Static       | ?dtor$1@?0???0Session@ClientMilesPipe@@QEAA@V?$unique_ptr@VChannel@ClientMilesPipe@@U?$default_delete@VChannel@ClientMilesPipe@@@std@@@std@@@Z@4HA (int `public: __cdecl ClientMilesPipe::Session::Session(class std::unique_ptr<class ClientMilesPipe::Channel,struct std::default_delete<class ClientMilesPipe::Channel> >)'::`1'::dtor$1)
31A 0000000C SECTDD notype ()    Static       | ?dtor$1@?0??request@Session@ClientMilesPipe@@QEAA?AUOwnedReply@StartupBridge@@IAEBUCall@MilesWire@@UBytes@MilesTransport@@@Z@4HA (int `public: struct StartupBridge::OwnedReply __cdecl ClientMilesPipe::Session::request(unsigned int,struct MilesWire::Call const &,struct MilesTransport::Bytes)'::`1'::dtor$1)
31B 0000001C SECT49 notype ()    Static       | ?dtor$2@?0???0Session@ClientMilesPipe@@QEAA@V?$unique_ptr@VChannel@ClientMilesPipe@@U?$default_delete@VChannel@ClientMilesPipe@@@std@@@std@@@Z@4HA (int `public: __cdecl ClientMilesPipe::Session::Session(class std::unique_ptr<class ClientMilesPipe::Channel,struct std::default_delete<class ClientMilesPipe::Channel> >)'::`1'::dtor$2)
31C 00000000 UNDEF  notype ()    External     | _CxxThrowException
31D 00000000 UNDEF  notype ()    External     | __CxxFrameHandler3
31E 00000000 UNDEF  notype ()    External     | __GSHandlerCheck
31F 00000000 UNDEF  notype ()    External     | __GSHandlerCheck_EH
320 00000000 UNDEF  notype ()    External     | __security_check_cookie
321 00000000 UNDEF  notype ()    External     | memcpy
322 00000000 UNDEF  notype ()    External     | memset
323 00000000 SECTA7 notype       Label        | $LN7
324 00000029 SECT98 notype       Label        | $LN10
325 00000000 SECT98 notype       Label        | $LN13
326 00000029 SECT96 notype       Label        | $LN13
327 00000000 SECT96 notype       Label        | $LN16
328 00000000 SECT37 notype       Label        | $LN44
329 00000000 SECT38 notype       Label        | $LN47
32A 00000000 SECT52 notype       Label        | $LN34
32B 0000012B SECT9A notype       Label        | $LN122
32C 00000000 SECT9A notype       Label        | $LN129
32D 00000132 SECT9C notype       Label        | $LN115
32E 00000000 SECT9C notype       Label        | $LN118
32F 0000003D SECTB4 notype       Label        | $LN17
330 00000000 SECTB4 notype       Label        | $LN20
331 000000CB SECTB3 notype       Label        | $LN40
332 00000000 SECTB3 notype       Label        | $LN43
333 00000095 SECT85 notype       Label        | $LN19
334 00000101 SECT85 notype       Label        | $LN183
335 0000000D SECT86 notype ()    Static       | __catch$?_Copy@?$basic_string@DU?$char_traits@D@std@@V?$allocator@D@2@@std@@QEAAX_K0@Z$0
336 00000051 SECT86 notype ()    Static       | __catch$?_Copy@?$basic_string@DU?$char_traits@D@std@@V?$allocator@D@2@@std@@QEAAX_K0@Z$1
337 00000000 SECT85 notype       Label        | $LN185
338 000000CA SECT8B notype       Label        | $LN66
339 00000000 SECT8B notype       Label        | $LN69
33A 00000000 SECT90 notype       Label        | $LN32
33B 00000011 SECT93 notype       Label        | $LN3
33C 00000000 SECT93 notype       Label        | $LN4
33D 00000011 SECT95 notype       Label        | $LN3
33E 00000000 SECT95 notype       Label        | $LN4
33F 00000000 SECT51 notype       Label        | $LN5
340 00000000 SECT50 notype       Label        | $LN5
341 00000000 SECT79 notype       Label        | $LN8
342 00000000 SECTB2 notype       Label        | $LN18
343 00000000 SECT78 notype       Label        | $LN8
344 00000000 SECTCA notype       Label        | $LN51
345 00000000 SECT75 notype       Label        | $LN10
346 00000000 SECTCB notype       Label        | $LN53
347 00000000 SECT76 notype       Label        | $LN12
348 00000000 SECTCC notype       Label        | $LN51
349 00000000 SECTAC notype       Label        | $LN15
34A 00000000 SECT77 notype       Label        | $LN12
34B 00000000 SECT58 notype       Label        | $LN36
34C 00000000 SECT46 notype       Label        | $LN47
34D 00000000 SECT43 notype       Label        | $LN8
34E 00000000 SECT42 notype       Label        | $LN8
34F 00000000 SECT74 notype       Label        | $LN10
350 0000015F SECTF9 notype       Label        | $LN43
351 00000000 SECTF9 notype       Label        | $LN44
352 0000013D SECTF4 notype       Label        | $LN46
353 00000000 SECTF4 notype       Label        | $LN50
354 0000019F SECTBB notype       Label        | $LN57
355 00000000 SECTBB notype       Label        | $LN58
356 000001D0 SECTEF notype       Label        | $LN62
357 00000000 SECTEF notype       Label        | $LN63
358 00000167 SECTBE notype       Label        | $LN48
359 00000000 SECTBE notype       Label        | $LN49
35A 000001BE SECTF1 notype       Label        | $LN55
35B 00000000 SECTF1 notype       Label        | $LN56
35C 00000121 SECT80 notype       Label        | $LN36
35D 00000000 SECT80 notype       Label        | $LN37
35E 00000279 SECTD3 notype       Label        | $LN138
35F 00000000 SECTD3 notype       Label        | $LN139
360 000001C2 SECTF7 notype       Label        | $LN58
361 00000000 SECTF7 notype       Label        | $LN59
362 00000029 SECT99 notype       Label        | $LN10
363 00000000 SECT99 notype       Label        | $LN13
364 00000029 SECT97 notype       Label        | $LN13
365 00000000 SECT97 notype       Label        | $LN16
366 000000AA SECT3E notype       Label        | $LN90
367 0000000D SECT3F notype ()    Static       | __catch$??0?$vector@EV?$allocator@E@std@@@std@@QEAA@AEBV01@@Z$0
368 00000000 SECT3E notype       Label        | $LN91
369 00000000 SECT55 notype       Label        | $LN15
36A 00000101 SECT62 notype       Label        | $LN123
36B 0000000D SECT63 notype ()    Static       | __catch$??4?$vector@EV?$allocator@E@std@@@std@@QEAAAEAV01@AEBV01@@Z$0
36C 00000000 SECT62 notype       Label        | $LN125
36D 00000063 SECT83 notype       Label        | $LN34
36E 00000000 SECT83 notype       Label        | $LN37
36F 00000000 SECT91 notype       Label        | $LN13
370 00000011 SECT94 notype       Label        | $LN3
371 00000000 SECT94 notype       Label        | $LN4
372 00000000 SECT45 notype       Label        | $LN13
373 00000000 SECT57 notype       Label        | $LN17
374 00000000 SECT44 notype       Label        | $LN5
375 00000000 SECT64 notype       Label        | $LN4
376 000000A7 SECT48 notype       Label        | $LN46
377 00000000 SECT48 notype       Label        | $LN47
378 00000000 SECT59 notype       Label        | $LN23
379 0000015E SECTA5 notype       Label        | $LN62
37A 0000000D SECTA6 notype ()    Static       | __catch$?close@Session@ClientMilesPipe@@QEAAXXZ$0
37B 00000000 SECTA5 notype       Label        | $LN63
37C 0000023C SECTDC notype       Label        | $LN100
37D 00000025 SECTDD notype ()    Static       | __catch$?request@Session@ClientMilesPipe@@QEAA?AUOwnedReply@StartupBridge@@IAEBUCall@MilesWire@@UBytes@MilesTransport@@@Z$0
37E 00000000 SECTDC notype       Label        | $LN101
37F 0000005A SECTDF notype       Label        | $LN13
380 00000000 SECTDF notype       Label        | $LN16
381 0000009D SECTDE notype       Label        | $LN23
382 00000000 SECTDE notype       Label        | $LN27
383 00000000 SECT61 notype       Label        | $LN22
384 00000056 SECTE9 notype       Label        | $LN13
385 00000000 SECTE9 notype       Label        | $LN16
386 0000014C SECTED notype       Label        | $LN40
387 00000000 SECTED notype       Label        | $LN43
388 0000014C SECTEE notype       Label        | $LN40
389 00000000 SECTEE notype       Label        | $LN43
38A 00000173 SECTEC notype       Label        | $LN46
38B 00000000 SECTEC notype       Label        | $LN49
38C 00000148 SECTEB notype       Label        | $LN36
38D 00000000 SECTEB notype       Label        | $LN39
38E 00000138 SECTEA notype       Label        | $LN46
38F 00000000 SECTEA notype       Label        | $LN50
390 00000142 SECTE1 notype       Label        | $LN34
391 00000000 SECTE1 notype       Label        | $LN35
392 00000141 SECTF3 notype       Label        | $LN34
393 00000000 SECTF3 notype       Label        | $LN37
394 0000003E SECTB5 notype       Label        | $LN9
395 00000000 SECTB5 notype       Label        | $LN10
396 00000230 SECTA3 notype       Label        | $LN80
397 00000000 SECTA3 notype       Label        | $LN85
398 00000137 SECTD5 notype       Label        | $LN95
399 00000000 SECTD5 notype       Label        | $LN96
39A 000000E7 SECTAE notype       Label        | $LN28
39B 00000000 SECTAE notype       Label        | $LN31
39C 00000000 SECT11 notype       Label        | $LN24
39D 00000000 SECT9  notype       Label        | $LN8
39E 00000000 SECT10 notype       Label        | $LN20
39F 00000026 SECT8  notype       Label        | $LN7
3A0 00000000 SECT8  notype       Label        | $LN10
3A1 00000026 SECT7  notype       Label        | $LN7
3A2 00000000 SECT7  notype       Label        | $LN10
3A3 00000000 SECT19 notype       Label        | $LN22
3A4 00000000 SECTA  notype       Label        | $LN4
3A5 00000000 SECT18 notype       Label        | $LN18
3A6 00000000 SECT17 notype       Label        | $LN8
3A7 00000000 SECT16 notype       Label        | $LN8
3A8 00000000 SECT14 notype       Label        | $LN4
3A9 00000000 SECT15 notype       Label        | $LN4
3AA 00000000 SECTFF notype       Static       | .xdata
    Section length    8, #relocs    0, #linenums    0, checksum F4D9A8A3, selection    5 (pick associative Section 0xA7)
3AC 00000000 SECTFF notype       Static       | $unwind$?copy@?$char_traits@D@std@@SAPEADPEADPEBD_K@Z
3AD 00000000 SECT100 notype       Static      | .pdata
    Section length    C, #relocs    3, #linenums    0, checksum 2B142464, selection    5 (pick associative Section 0xA7)
3AF 00000000 SECT100 notype       Static      | $pdata$?copy@?$char_traits@D@std@@SAPEADPEADPEBD_K@Z
3B0 00000000 SECT101 notype       Static      | .xdata
    Section length    8, #relocs    0, #linenums    0, checksum  FC539D1, selection    5 (pick associative Section 0x98)
3B2 00000000 SECT101 notype       Static      | $unwind$?allocate@?$allocator@D@std@@QEAAPEAD_K@Z
3B3 00000000 SECT102 notype       Static      | .pdata
    Section length    C, #relocs    3, #linenums    0, checksum E639797D, selection    5 (pick associative Section 0x98)
3B5 00000000 SECT102 notype       Static      | $pdata$?allocate@?$allocator@D@std@@QEAAPEAD_K@Z
3B6 00000000 SECT103 notype       Static      | .xdata
    Section length    8, #relocs    0, #linenums    0, checksum  FC539D1, selection    5 (pick associative Section 0x96)
3B8 00000000 SECT103 notype       Static      | $unwind$?allocate@?$_Wrap_alloc@V?$allocator@D@std@@@std@@QEAAPEAD_K@Z
3B9 00000000 SECT104 notype       Static      | .pdata
    Section length    C, #relocs    3, #linenums    0, checksum E639797D, selection    5 (pick associative Section 0x96)
3BB 00000000 SECT104 notype       Static      | $pdata$?allocate@?$_Wrap_alloc@V?$allocator@D@std@@@std@@QEAAPEAD_K@Z
3BC 00000000 SECT105 notype       Static      | .xdata
    Section length    8, #relocs    0, #linenums    0, checksum F4D9A8A3, selection    5 (pick associative Section 0x37)
3BE 00000000 SECT105 notype       Static      | $unwind$??0?$basic_string@DU?$char_traits@D@std@@V?$allocator@D@2@@std@@QEAA@AEBV01@@Z
3BF 00000000 SECT106 notype       Static      | .pdata
    Section length    C, #relocs    3, #linenums    0, checksum 496753E3, selection    5 (pick associative Section 0x37)
3C1 00000000 SECT106 notype       Static      | $pdata$??0?$basic_string@DU?$char_traits@D@std@@V?$allocator@D@2@@std@@QEAA@AEBV01@@Z
3C2 00000000 SECT107 notype       Static      | .xdata
    Section length    8, #relocs    0, #linenums    0, checksum F4D9A8A3, selection    5 (pick associative Section 0x38)
3C4 00000000 SECT107 notype       Static      | $unwind$??0?$basic_string@DU?$char_traits@D@std@@V?$allocator@D@2@@std@@QEAA@PEBD@Z
3C5 00000000 SECT108 notype       Static      | .pdata
    Section length    C, #relocs    3, #linenums    0, checksum D2624632, selection    5 (pick associative Section 0x38)
3C7 00000000 SECT108 notype       Static      | $pdata$??0?$basic_string@DU?$char_traits@D@std@@V?$allocator@D@2@@std@@QEAA@PEBD@Z
3C8 00000000 SECT109 notype       Static      | .xdata
    Section length    8, #relocs    0, #linenums    0, checksum F4D9A8A3, selection    5 (pick associative Section 0x52)
3CA 00000000 SECT109 notype       Static      | $unwind$??1?$basic_string@DU?$char_traits@D@std@@V?$allocator@D@2@@std@@QEAA@XZ
3CB 00000000 SECT10A notype       Static      | .pdata
    Section length    C, #relocs    3, #linenums    0, checksum 496753E3, selection    5 (pick associative Section 0x52)
3CD 00000000 SECT10A notype       Static      | $pdata$??1?$basic_string@DU?$char_traits@D@std@@V?$allocator@D@2@@std@@QEAA@XZ
3CE 00000000 SECT10B notype       Static      | .xdata
    Section length   14, #relocs    0, #linenums    0, checksum F4634387, selection    5 (pick associative Section 0x9A)
3D0 00000000 SECT10B notype       Static      | $unwind$?assign@?$basic_string@DU?$char_traits@D@std@@V?$allocator@D@2@@std@@QEAAAEAV12@AEBV12@_K1@Z
3D1 00000000 SECT10C notype       Static      | .pdata
    Section length    C, #relocs    3, #linenums    0, checksum  26B75B4, selection    5 (pick associative Section 0x9A)
3D3 00000000 SECT10C notype       Static      | $pdata$?assign@?$basic_string@DU?$char_traits@D@std@@V?$allocator@D@2@@std@@QEAAAEAV12@AEBV12@_K1@Z
3D4 00000000 SECT10D notype       Static      | .xdata
    Section length   10, #relocs    0, #linenums    0, checksum ED4F81A7, selection    5 (pick associative Section 0x9C)
3D6 00000000 SECT10D notype       Static      | $unwind$?assign@?$basic_string@DU?$char_traits@D@std@@V?$allocator@D@2@@std@@QEAAAEAV12@PEBD_K@Z
3D7 00000000 SECT10E notype       Static      | .pdata
    Section length    C, #relocs    3, #linenums    0, checksum 619F5FB4, selection    5 (pick associative Section 0x9C)
3D9 00000000 SECT10E notype       Static      | $pdata$?assign@?$basic_string@DU?$char_traits@D@std@@V?$allocator@D@2@@std@@QEAAAEAV12@PEBD_K@Z
3DA 00000000 SECT10F notype       Static      | .xdata
    Section length    8, #relocs    0, #linenums    0, checksum  FC539D1, selection    5 (pick associative Section 0xB4)
3DC 00000000 SECT10F notype       Static      | $unwind$?erase@?$basic_string@DU?$char_traits@D@std@@V?$allocator@D@2@@std@@QEAAAEAV12@_K@Z
3DD 00000000 SECT110 notype       Static      | .pdata
    Section length    C, #relocs    3, #linenums    0, checksum 1EC846AC, selection    5 (pick associative Section 0xB4)
3DF 00000000 SECT110 notype       Static      | $pdata$?erase@?$basic_string@DU?$char_traits@D@std@@V?$allocator@D@2@@std@@QEAAAEAV12@_K@Z
3E0 00000000 SECT111 notype       Static      | .xdata
    Section length    C, #relocs    0, #linenums    0, checksum 2559CD25, selection    5 (pick associative Section 0xB3)
3E2 00000000 SECT111 notype       Static      | $unwind$?erase@?$basic_string@DU?$char_traits@D@std@@V?$allocator@D@2@@std@@QEAAAEAV12@_K0@Z
3E3 00000000 SECT112 notype       Static      | .pdata
    Section length    C, #relocs    3, #linenums    0, checksum 27CC5B61, selection    5 (pick associative Section 0xB3)
3E5 00000000 SECT112 notype       Static      | $pdata$?erase@?$basic_string@DU?$char_traits@D@std@@V?$allocator@D@2@@std@@QEAAAEAV12@_K0@Z
3E6 00000000 SECT113 notype       Static      | .xdata
    Section length   18, #relocs    2, #linenums    0, checksum C6FCA17F, selection    5 (pick associative Section 0x85)
3E8 00000000 SECT113 notype       Static      | $unwind$?_Copy@?$basic_string@DU?$char_traits@D@std@@V?$allocator@D@2@@std@@QEAAX_K0@Z
3E9 00000000 SECT114 notype       Static      | .pdata
    Section length    C, #relocs    3, #linenums    0, checksum 6ADD0B2A, selection    5 (pick associative Section 0x85)
3EB 00000000 SECT114 notype       Static      | $pdata$?_Copy@?$basic_string@DU?$char_traits@D@std@@V?$allocator@D@2@@std@@QEAAX_K0@Z
3EC 00000000 SECT115 notype       Static      | .rdata
    Section length   28, #relocs    3, #linenums    0, checksum 750655C5, selection    5 (pick associative Section 0x85)
3EE 00000000 SECT115 notype       Static      | $cppxdata$?_Copy@?$basic_string@DU?$char_traits@D@std@@V?$allocator@D@2@@std@@QEAAX_K0@Z
3EF 00000000 SECT116 notype       Static      | .xdata
    Section length   20, #relocs    0, #linenums    0, checksum D8090E82, selection    5 (pick associative Section 0x85)
3F1 00000000 SECT116 notype       Static      | $stateUnwindMap$?_Copy@?$basic_string@DU?$char_traits@D@std@@V?$allocator@D@2@@std@@QEAAX_K0@Z
3F2 00000000 SECT117 notype       Static      | .xdata
    Section length   28, #relocs    2, #linenums    0, checksum 3EF07423, selection    5 (pick associative Section 0x85)
3F4 00000000 SECT117 notype       Static      | $tryMap$?_Copy@?$basic_string@DU?$char_traits@D@std@@V?$allocator@D@2@@std@@QEAAX_K0@Z
3F5 00000000 SECT118 notype       Static      | .xdata
    Section length   14, #relocs    1, #linenums    0, checksum   677058, selection    5 (pick associative Section 0x85)
3F7 00000000 SECT118 notype       Static      | $handlerMap$0$?_Copy@?$basic_string@DU?$char_traits@D@std@@V?$allocator@D@2@@std@@QEAAX_K0@Z
3F8 00000000 SECT119 notype       Static      | .xdata
    Section length   14, #relocs    1, #linenums    0, checksum 6B58D0C4, selection    5 (pick associative Section 0x85)
3FA 00000000 SECT119 notype       Static      | $handlerMap$1$?_Copy@?$basic_string@DU?$char_traits@D@std@@V?$allocator@D@2@@std@@QEAAX_K0@Z
3FB 00000000 SECT11A notype       Static      | .xdata
    Section length   40, #relocs    8, #linenums    0, checksum 6B037065, selection    5 (pick associative Section 0x85)
3FD 00000000 SECT11A notype       Static      | $ip2state$?_Copy@?$basic_string@DU?$char_traits@D@std@@V?$allocator@D@2@@std@@QEAAX_K0@Z
3FE 00000000 SECT11B notype       Static      | .xdata
    Section length   10, #relocs    2, #linenums    0, checksum 5840A276, selection    5 (pick associative Section 0x85)
400 00000000 SECT11B notype       Static      | $unwind$?catch$1@?0??_Copy@?$basic_string@DU?$char_traits@D@std@@V?$allocator@D@2@@std@@QEAAX_K0@Z@4HA
401 00000000 SECT11C notype       Static      | .pdata
    Section length    C, #relocs    3, #linenums    0, checksum A712C50E, selection    5 (pick associative Section 0x85)
403 00000000 SECT11C notype       Static      | $pdata$?catch$1@?0??_Copy@?$basic_string@DU?$char_traits@D@std@@V?$allocator@D@2@@std@@QEAAX_K0@Z@4HA
404 00000000 SECT11D notype       Static      | .xdata
    Section length   14, #relocs    2, #linenums    0, checksum CBBD9283, selection    5 (pick associative Section 0x85)
406 00000000 SECT11D notype       Static      | $unwind$?catch$0@?0??_Copy@?$basic_string@DU?$char_traits@D@std@@V?$allocator@D@2@@std@@QEAAX_K0@Z@4HA
407 00000000 SECT11E notype       Static      | .pdata
    Section length    C, #relocs    3, #linenums    0, checksum 9047414F, selection    5 (pick associative Section 0x85)
409 00000000 SECT11E notype       Static      | $pdata$?catch$0@?0??_Copy@?$basic_string@DU?$char_traits@D@std@@V?$allocator@D@2@@std@@QEAAX_K0@Z@4HA
40A 00000000 SECT11F notype       Static      | .xdata
    Section length    C, #relocs    0, #linenums    0, checksum D40F7FF0, selection    5 (pick associative Section 0x8B)
40C 00000000 SECT11F notype       Static      | $unwind$?_Grow@?$basic_string@DU?$char_traits@D@std@@V?$allocator@D@2@@std@@QEAA_N_K_N@Z
40D 00000000 SECT120 notype       Static      | .pdata
    Section length    C, #relocs    3, #linenums    0, checksum 69312319, selection    5 (pick associative Section 0x8B)
40F 00000000 SECT120 notype       Static      | $pdata$?_Grow@?$basic_string@DU?$char_traits@D@std@@V?$allocator@D@2@@std@@QEAA_N_K_N@Z
410 00000000 SECT121 notype       Static      | .xdata
    Section length   14, #relocs    3, #linenums    0, checksum AB8AB99C, selection    5 (pick associative Section 0x8B)
412 00000000 SECT121 notype       Static      | $chain$0$?_Grow@?$basic_string@DU?$char_traits@D@std@@V?$allocator@D@2@@std@@QEAA_N_K_N@Z
413 00000000 SECT122 notype       Static      | .pdata
    Section length    C, #relocs    3, #linenums    0, checksum CCB4FC0F, selection    5 (pick associative Section 0x8B)
415 00000000 SECT122 notype       Static      | $pdata$0$?_Grow@?$basic_string@DU?$char_traits@D@std@@V?$allocator@D@2@@std@@QEAA_N_K_N@Z
416 00000000 SECT123 notype       Static      | .xdata
    Section length   14, #relocs    3, #linenums    0, checksum 5FA7262D, selection    5 (pick associative Section 0x8B)
418 00000000 SECT123 notype       Static      | $chain$1$?_Grow@?$basic_string@DU?$char_traits@D@std@@V?$allocator@D@2@@std@@QEAA_N_K_N@Z
419 00000000 SECT124 notype       Static      | .pdata
    Section length    C, #relocs    3, #linenums    0, checksum A32A4DB1, selection    5 (pick associative Section 0x8B)
41B 00000000 SECT124 notype       Static      | $pdata$1$?_Grow@?$basic_string@DU?$char_traits@D@std@@V?$allocator@D@2@@std@@QEAA_N_K_N@Z
41C 00000000 SECT125 notype       Static      | .xdata
    Section length   14, #relocs    3, #linenums    0, checksum 282AD3DE, selection    5 (pick associative Section 0x8B)
41E 00000000 SECT125 notype       Static      | $chain$2$?_Grow@?$basic_string@DU?$char_traits@D@std@@V?$allocator@D@2@@std@@QEAA_N_K_N@Z
41F 00000000 SECT126 notype       Static      | .pdata
    Section length    C, #relocs    3, #linenums    0, checksum 227C722A, selection    5 (pick associative Section 0x8B)
421 00000000 SECT126 notype       Static      | $pdata$2$?_Grow@?$basic_string@DU?$char_traits@D@std@@V?$allocator@D@2@@std@@QEAA_N_K_N@Z
422 00000000 SECT127 notype       Static      | .xdata
    Section length   10, #relocs    3, #linenums    0, checksum 1A7DA75D, selection    5 (pick associative Section 0x8B)
424 00000000 SECT127 notype       Static      | $chain$3$?_Grow@?$basic_string@DU?$char_traits@D@std@@V?$allocator@D@2@@std@@QEAA_N_K_N@Z
425 00000000 SECT128 notype       Static      | .pdata
    Section length    C, #relocs    3, #linenums    0, checksum 387D9676, selection    5 (pick associative Section 0x8B)
427 00000000 SECT128 notype       Static      | $pdata$3$?_Grow@?$basic_string@DU?$char_traits@D@std@@V?$allocator@D@2@@std@@QEAA_N_K_N@Z
428 00000000 SECT129 notype       Static      | .xdata
    Section length   10, #relocs    3, #linenums    0, checksum 75E316E3, selection    5 (pick associative Section 0x8B)
42A 00000000 SECT129 notype       Static      | $chain$4$?_Grow@?$basic_string@DU?$char_traits@D@std@@V?$allocator@D@2@@std@@QEAA_N_K_N@Z
42B 00000000 SECT12A notype       Static      | .pdata
    Section length    C, #relocs    3, #linenums    0, checksum CD17DFF5, selection    5 (pick associative Section 0x8B)
42D 00000000 SECT12A notype       Static      | $pdata$4$?_Grow@?$basic_string@DU?$char_traits@D@std@@V?$allocator@D@2@@std@@QEAA_N_K_N@Z
42E 00000000 SECT12B notype       Static      | .xdata
    Section length   10, #relocs    3, #linenums    0, checksum D066C9F5, selection    5 (pick associative Section 0x8B)
430 00000000 SECT12B notype       Static      | $chain$5$?_Grow@?$basic_string@DU?$char_traits@D@std@@V?$allocator@D@2@@std@@QEAA_N_K_N@Z
431 00000000 SECT12C notype       Static      | .pdata
    Section length    C, #relocs    3, #linenums    0, checksum  12703F5, selection    5 (pick associative Section 0x8B)
433 00000000 SECT12C notype       Static      | $pdata$5$?_Grow@?$basic_string@DU?$char_traits@D@std@@V?$allocator@D@2@@std@@QEAA_N_K_N@Z
434 00000000 SECT12D notype       Static      | .xdata
    Section length    C, #relocs    0, #linenums    0, checksum EE051E80, selection    5 (pick associative Section 0x90)
436 00000000 SECT12D notype       Static      | $unwind$?_Tidy@?$basic_string@DU?$char_traits@D@std@@V?$allocator@D@2@@std@@QEAAX_N_K@Z
437 00000000 SECT12E notype       Static      | .pdata
    Section length    C, #relocs    3, #linenums    0, checksum 21D12D7D, selection    5 (pick associative Section 0x90)
439 00000000 SECT12E notype       Static      | $pdata$?_Tidy@?$basic_string@DU?$char_traits@D@std@@V?$allocator@D@2@@std@@QEAAX_N_K@Z
43A 00000000 SECT12F notype       Static      | .xdata
    Section length   14, #relocs    3, #linenums    0, checksum 2FCD1629, selection    5 (pick associative Section 0x90)
43C 00000000 SECT12F notype       Static      | $chain$0$?_Tidy@?$basic_string@DU?$char_traits@D@std@@V?$allocator@D@2@@std@@QEAAX_N_K@Z
43D 00000000 SECT130 notype       Static      | .pdata
    Section length    C, #relocs    3, #linenums    0, checksum 63420F5E, selection    5 (pick associative Section 0x90)
43F 00000000 SECT130 notype       Static      | $pdata$0$?_Tidy@?$basic_string@DU?$char_traits@D@std@@V?$allocator@D@2@@std@@QEAAX_N_K@Z
440 00000000 SECT131 notype       Static      | .xdata
    Section length   10, #relocs    3, #linenums    0, checksum 9886C791, selection    5 (pick associative Section 0x90)
442 00000000 SECT131 notype       Static      | $chain$1$?_Tidy@?$basic_string@DU?$char_traits@D@std@@V?$allocator@D@2@@std@@QEAAX_N_K@Z
443 00000000 SECT132 notype       Static      | .pdata
    Section length    C, #relocs    3, #linenums    0, checksum  C45DF99, selection    5 (pick associative Section 0x90)
445 00000000 SECT132 notype       Static      | $pdata$1$?_Tidy@?$basic_string@DU?$char_traits@D@std@@V?$allocator@D@2@@std@@QEAAX_N_K@Z
446 00000000 SECT133 notype       Static      | .xdata
    Section length    8, #relocs    0, #linenums    0, checksum  FC539D1, selection    5 (pick associative Section 0x93)
448 00000000 SECT133 notype       Static      | $unwind$?_Xlen@?$basic_string@DU?$char_traits@D@std@@V?$allocator@D@2@@std@@QEBAXXZ
449 00000000 SECT134 notype       Static      | .pdata
    Section length    C, #relocs    3, #linenums    0, checksum B01131B5, selection    5 (pick associative Section 0x93)
44B 00000000 SECT134 notype       Static      | $pdata$?_Xlen@?$basic_string@DU?$char_traits@D@std@@V?$allocator@D@2@@std@@QEBAXXZ
44C 00000000 SECT135 notype       Static      | .xdata
    Section length    8, #relocs    0, #linenums    0, checksum  FC539D1, selection    5 (pick associative Section 0x95)
44E 00000000 SECT135 notype       Static      | $unwind$?_Xran@?$basic_string@DU?$char_traits@D@std@@V?$allocator@D@2@@std@@QEBAXXZ
44F 00000000 SECT136 notype       Static      | .pdata
    Section length    C, #relocs    3, #linenums    0, checksum B01131B5, selection    5 (pick associative Section 0x95)
451 00000000 SECT136 notype       Static      | $pdata$?_Xran@?$basic_string@DU?$char_traits@D@std@@V?$allocator@D@2@@std@@QEBAXXZ
452 00000000 SECT137 notype       Static      | .xdata
    Section length    8, #relocs    0, #linenums    0, checksum 1DC3B86B, selection    5 (pick associative Section 0x51)
454 00000000 SECT137 notype       Static      | $unwind$??0runtime_error@std@@QEAA@PEBD@Z
455 00000000 SECT138 notype       Static      | .pdata
    Section length    C, #relocs    3, #linenums    0, checksum 68B67E9E, selection    5 (pick associative Section 0x51)
457 00000000 SECT138 notype       Static      | $pdata$??0runtime_error@std@@QEAA@PEBD@Z
458 00000000 SECT139 notype       Static      | .xdata
    Section length    8, #relocs    0, #linenums    0, checksum F4D9A8A3, selection    5 (pick associative Section 0x50)
45A 00000000 SECT139 notype       Static      | $unwind$??0runtime_error@std@@QEAA@AEBV01@@Z
45B 00000000 SECT13A notype       Static      | .pdata
    Section length    C, #relocs    3, #linenums    0, checksum 35DC62C8, selection    5 (pick associative Section 0x50)
45D 00000000 SECT13A notype       Static      | $pdata$??0runtime_error@std@@QEAA@AEBV01@@Z
45E 00000000 SECT13B notype       Static      | .xdata
    Section length    C, #relocs    0, #linenums    0, checksum 2559CD25, selection    5 (pick associative Section 0x79)
460 00000000 SECT13B notype       Static      | $unwind$??_Gruntime_error@std@@UEAAPEAXI@Z
461 00000000 SECT13C notype       Static      | .pdata
    Section length    C, #relocs    3, #linenums    0, checksum 205670FA, selection    5 (pick associative Section 0x79)
463 00000000 SECT13C notype       Static      | $pdata$??_Gruntime_error@std@@UEAAPEAXI@Z
464 00000000 SECT13D notype       Static      | .xdata
    Section length    8, #relocs    0, #linenums    0, checksum BC0E6383, selection    5 (pick associative Section 0xB2)
466 00000000 SECT13D notype       Static      | $unwind$?equivalent@error_category@std@@UEBA_NHAEBVerror_condition@2@@Z
467 00000000 SECT13E notype       Static      | .pdata
    Section length    C, #relocs    3, #linenums    0, checksum 8F085A64, selection    5 (pick associative Section 0xB2)
469 00000000 SECT13E notype       Static      | $pdata$?equivalent@error_category@std@@UEBA_NHAEBVerror_condition@2@@Z
46A 00000000 SECT13F notype       Static      | .xdata
    Section length    8, #relocs    0, #linenums    0, checksum F4D9A8A3, selection    5 (pick associative Section 0x78)
46C 00000000 SECT13F notype       Static      | $unwind$??_Gerror_category@std@@UEAAPEAXI@Z
46D 00000000 SECT140 notype       Static      | .pdata
    Section length    C, #relocs    3, #linenums    0, checksum 3F196BD1, selection    5 (pick associative Section 0x78)
46F 00000000 SECT140 notype       Static      | $pdata$??_Gerror_category@std@@UEAAPEAXI@Z
470 00000000 SECT141 notype       Static      | .xdata
    Section length    C, #relocs    0, #linenums    0, checksum 57846775, selection    5 (pick associative Section 0xCA)
472 00000000 SECT141 notype       Static      | $unwind$?message@_Generic_error_category@std@@UEBA?AV?$basic_string@DU?$char_traits@D@std@@V?$allocator@D@2@@2@H@Z
473 00000000 SECT142 notype       Static      | .pdata
    Section length    C, #relocs    3, #linenums    0, checksum 92CEA7C6, selection    5 (pick associative Section 0xCA)
475 00000000 SECT142 notype       Static      | $pdata$?message@_Generic_error_category@std@@UEBA?AV?$basic_string@DU?$char_traits@D@std@@V?$allocator@D@2@@2@H@Z
476 00000000 SECT143 notype       Static      | .xdata
    Section length    8, #relocs    0, #linenums    0, checksum F4D9A8A3, selection    5 (pick associative Section 0x75)
478 00000000 SECT143 notype       Static      | $unwind$??_G_Generic_error_category@std@@UEAAPEAXI@Z
479 00000000 SECT144 notype       Static      | .pdata
    Section length    C, #relocs    3, #linenums    0, checksum 3F196BD1, selection    5 (pick associative Section 0x75)
47B 00000000 SECT144 notype       Static      | $pdata$??_G_Generic_error_category@std@@UEAAPEAXI@Z
47C 00000000 SECT145 notype       Static      | .xdata
    Section length    8, #relocs    0, #linenums    0, checksum BC0E6383, selection    5 (pick associative Section 0xCB)
47E 00000000 SECT145 notype       Static      | $unwind$?message@_Iostream_error_category@std@@UEBA?AV?$basic_string@DU?$char_traits@D@std@@V?$allocator@D@2@@2@H@Z
47F 00000000 SECT146 notype       Static      | .pdata
    Section length    C, #relocs    3, #linenums    0, checksum B298D73C, selection    5 (pick associative Section 0xCB)
481 00000000 SECT146 notype       Static      | $pdata$?message@_Iostream_error_category@std@@UEBA?AV?$basic_string@DU?$char_traits@D@std@@V?$allocator@D@2@@2@H@Z
482 00000000 SECT147 notype       Static      | .xdata
    Section length    8, #relocs    0, #linenums    0, checksum F4D9A8A3, selection    5 (pick associative Section 0x76)
484 00000000 SECT147 notype       Static      | $unwind$??_G_Iostream_error_category@std@@UEAAPEAXI@Z
485 00000000 SECT148 notype       Static      | .pdata
    Section length    C, #relocs    3, #linenums    0, checksum 3F196BD1, selection    5 (pick associative Section 0x76)
487 00000000 SECT148 notype       Static      | $pdata$??_G_Iostream_error_category@std@@UEAAPEAXI@Z
488 00000000 SECT149 notype       Static      | .xdata
    Section length    C, #relocs    0, #linenums    0, checksum 57846775, selection    5 (pick associative Section 0xCC)
48A 00000000 SECT149 notype       Static      | $unwind$?message@_System_error_category@std@@UEBA?AV?$basic_string@DU?$char_traits@D@std@@V?$allocator@D@2@@2@H@Z
48B 00000000 SECT14A notype       Static      | .pdata
    Section length    C, #relocs    3, #linenums    0, checksum 92CEA7C6, selection    5 (pick associative Section 0xCC)
48D 00000000 SECT14A notype       Static      | $pdata$?message@_System_error_category@std@@UEBA?AV?$basic_string@DU?$char_traits@D@std@@V?$allocator@D@2@@2@H@Z
48E 00000000 SECT14B notype       Static      | .xdata
    Section length    C, #relocs    0, #linenums    0, checksum 2559CD25, selection    5 (pick associative Section 0xAC)
490 00000000 SECT14B notype       Static      | $unwind$?default_error_condition@_System_error_category@std@@UEBA?AVerror_condition@2@H@Z
491 00000000 SECT14C notype       Static      | .pdata
    Section length    C, #relocs    3, #linenums    0, checksum 5CED41D1, selection    5 (pick associative Section 0xAC)
493 00000000 SECT14C notype       Static      | $pdata$?default_error_condition@_System_error_category@std@@UEBA?AVerror_condition@2@H@Z
494 00000000 SECT14D notype       Static      | .xdata
    Section length    8, #relocs    0, #linenums    0, checksum F4D9A8A3, selection    5 (pick associative Section 0x77)
496 00000000 SECT14D notype       Static      | $unwind$??_G_System_error_category@std@@UEAAPEAXI@Z
497 00000000 SECT14E notype       Static      | .pdata
    Section length    C, #relocs    3, #linenums    0, checksum 3F196BD1, selection    5 (pick associative Section 0x77)
499 00000000 SECT14E notype       Static      | $pdata$??_G_System_error_category@std@@UEAAPEAXI@Z
49A 00000000 SECT14F notype       Static      | .xdata
    Section length    8, #relocs    0, #linenums    0, checksum F4D9A8A3, selection    5 (pick associative Section 0x58)
49C 00000000 SECT14F notype       Static      | $unwind$??1OwnedText@ClientMiles@@QEAA@XZ
49D 00000000 SECT150 notype       Static      | .pdata
    Section length    C, #relocs    3, #linenums    0, checksum  B42549E, selection    5 (pick associative Section 0x58)
49F 00000000 SECT150 notype       Static      | $pdata$??1OwnedText@ClientMiles@@QEAA@XZ
4A0 00000000 SECT151 notype       Static      | .xdata
    Section length    8, #relocs    0, #linenums    0, checksum F4D9A8A3, selection    5 (pick associative Section 0x46)
4A2 00000000 SECT151 notype       Static      | $unwind$??0OwnedText@ClientMiles@@QEAA@AEBU01@@Z
4A3 00000000 SECT152 notype       Static      | .pdata
    Section length    C, #relocs    3, #linenums    0, checksum 5CED41D1, selection    5 (pick associative Section 0x46)
4A5 00000000 SECT152 notype       Static      | $pdata$??0OwnedText@ClientMiles@@QEAA@AEBU01@@Z
4A6 00000000 SECT153 notype       Static      | .xdata
    Section length    C, #relocs    0, #linenums    0, checksum EE051E80, selection    5 (pick associative Section 0x43)
4A8 00000000 SECT153 notype       Static      | $unwind$??0Failure@ClientMiles@@QEAA@W4FailureReason@1@PEBD@Z
4A9 00000000 SECT154 notype       Static      | .pdata
    Section length    C, #relocs    3, #linenums    0, checksum 9A824856, selection    5 (pick associative Section 0x43)
4AB 00000000 SECT154 notype       Static      | $pdata$??0Failure@ClientMiles@@QEAA@W4FailureReason@1@PEBD@Z
4AC 00000000 SECT155 notype       Static      | .xdata
    Section length    C, #relocs    0, #linenums    0, checksum 2559CD25, selection    5 (pick associative Section 0x42)
4AE 00000000 SECT155 notype       Static      | $unwind$??0Failure@ClientMiles@@QEAA@AEBV01@@Z
4AF 00000000 SECT156 notype       Static      | .pdata
    Section length    C, #relocs    3, #linenums    0, checksum  B42549E, selection    5 (pick associative Section 0x42)
4B1 00000000 SECT156 notype       Static      | $pdata$??0Failure@ClientMiles@@QEAA@AEBV01@@Z
4B2 00000000 SECT157 notype       Static      | .xdata
    Section length    C, #relocs    0, #linenums    0, checksum 2559CD25, selection    5 (pick associative Section 0x74)
4B4 00000000 SECT157 notype       Static      | $unwind$??_GFailure@ClientMiles@@UEAAPEAXI@Z
4B5 00000000 SECT158 notype       Static      | .pdata
    Section length    C, #relocs    3, #linenums    0, checksum 205670FA, selection    5 (pick associative Section 0x74)
4B7 00000000 SECT158 notype       Static      | $pdata$??_GFailure@ClientMiles@@UEAAPEAXI@Z
4B8 00000000 SECT159 notype       Static      | .xdata
    Section length   1C, #relocs    2, #linenums    0, checksum  EB3895C, selection    5 (pick associative Section 0xF9)
4BA 00000000 SECT159 notype       Static      | $unwind$?startup@ClientMiles@@YAHXZ
4BB 00000000 SECT15A notype       Static      | .pdata
    Section length    C, #relocs    3, #linenums    0, checksum 2A71EADE, selection    5 (pick associative Section 0xF9)
4BD 00000000 SECT15A notype       Static      | $pdata$?startup@ClientMiles@@YAHXZ
4BE 00000000 SECT15B notype       Static      | .rdata
    Section length   28, #relocs    2, #linenums    0, checksum D95C0F75, selection    5 (pick associative Section 0xF9)
4C0 00000000 SECT15B notype       Static      | $cppxdata$?startup@ClientMiles@@YAHXZ
4C1 00000000 SECT15C notype       Static      | .xdata
    Section length    8, #relocs    1, #linenums    0, checksum 9ADD2096, selection    5 (pick associative Section 0xF9)
4C3 00000000 SECT15C notype       Static      | $stateUnwindMap$?startup@ClientMiles@@YAHXZ
4C4 00000000 SECT15D notype       Static      | .xdata
    Section length   18, #relocs    3, #linenums    0, checksum 42752CB8, selection    5 (pick associative Section 0xF9)
4C6 00000000 SECT15D notype       Static      | $ip2state$?startup@ClientMiles@@YAHXZ
4C7 00000000 SECT15E notype       Static      | .xdata
    Section length   14, #relocs    1, #linenums    0, checksum E44CCF58, selection    5 (pick associative Section 0xF4)
4C9 00000000 SECT15E notype       Static      | $unwind$?shutdown@ClientMiles@@YAXXZ
4CA 00000000 SECT15F notype       Static      | .pdata
    Section length    C, #relocs    3, #linenums    0, checksum B8BF4D18, selection    5 (pick associative Section 0xF4)
4CC 00000000 SECT15F notype       Static      | $pdata$?shutdown@ClientMiles@@YAXXZ
4CD 00000000 SECT160 notype       Static      | .xdata
    Section length   20, #relocs    2, #linenums    0, checksum C8FCE3C1, selection    5 (pick associative Section 0xBB)
4CF 00000000 SECT160 notype       Static      | $unwind$?get_preference@ClientMiles@@YA_JI@Z
4D0 00000000 SECT161 notype       Static      | .pdata
    Section length    C, #relocs    3, #linenums    0, checksum 50D7ADE9, selection    5 (pick associative Section 0xBB)
4D2 00000000 SECT161 notype       Static      | $pdata$?get_preference@ClientMiles@@YA_JI@Z
4D3 00000000 SECT162 notype       Static      | .rdata
    Section length   28, #relocs    2, #linenums    0, checksum D95C0F75, selection    5 (pick associative Section 0xBB)
4D5 00000000 SECT162 notype       Static      | $cppxdata$?get_preference@ClientMiles@@YA_JI@Z
4D6 00000000 SECT163 notype       Static      | .xdata
    Section length    8, #relocs    1, #linenums    0, checksum 9ADD2096, selection    5 (pick associative Section 0xBB)
4D8 00000000 SECT163 notype       Static      | $stateUnwindMap$?get_preference@ClientMiles@@YA_JI@Z
4D9 00000000 SECT164 notype       Static      | .xdata
    Section length   18, #relocs    3, #linenums    0, checksum C4128943, selection    5 (pick associative Section 0xBB)
4DB 00000000 SECT164 notype       Static      | $ip2state$?get_preference@ClientMiles@@YA_JI@Z
4DC 00000000 SECT165 notype       Static      | .xdata
    Section length   24, #relocs    2, #linenums    0, checksum F74C4BA2, selection    5 (pick associative Section 0xEF)
4DE 00000000 SECT165 notype       Static      | $unwind$?set_preference@ClientMiles@@YA_JI_J@Z
4DF 00000000 SECT166 notype       Static      | .pdata
    Section length    C, #relocs    3, #linenums    0, checksum A06A7DA8, selection    5 (pick associative Section 0xEF)
4E1 00000000 SECT166 notype       Static      | $pdata$?set_preference@ClientMiles@@YA_JI_J@Z
4E2 00000000 SECT167 notype       Static      | .rdata
    Section length   28, #relocs    2, #linenums    0, checksum D95C0F75, selection    5 (pick associative Section 0xEF)
4E4 00000000 SECT167 notype       Static      | $cppxdata$?set_preference@ClientMiles@@YA_JI_J@Z
4E5 00000000 SECT168 notype       Static      | .xdata
    Section length    8, #relocs    1, #linenums    0, checksum 9ADD2096, selection    5 (pick associative Section 0xEF)
4E7 00000000 SECT168 notype       Static      | $stateUnwindMap$?set_preference@ClientMiles@@YA_JI_J@Z
4E8 00000000 SECT169 notype       Static      | .xdata
    Section length   18, #relocs    3, #linenums    0, checksum E7A24B20, selection    5 (pick associative Section 0xEF)
4EA 00000000 SECT169 notype       Static      | $ip2state$?set_preference@ClientMiles@@YA_JI_J@Z
4EB 00000000 SECT16A notype       Static      | .xdata
    Section length   1C, #relocs    2, #linenums    0, checksum 199BED9C, selection    5 (pick associative Section 0xBE)
4ED 00000000 SECT16A notype       Static      | $unwind$?last_errorOwned@ClientMiles@@YA?AUOwnedText@1@XZ
4EE 00000000 SECT16B notype       Static      | .pdata
    Section length    C, #relocs    3, #linenums    0, checksum 7C59A216, selection    5 (pick associative Section 0xBE)
4F0 00000000 SECT16B notype       Static      | $pdata$?last_errorOwned@ClientMiles@@YA?AUOwnedText@1@XZ
4F1 00000000 SECT16C notype       Static      | .rdata
    Section length   28, #relocs    2, #linenums    0, checksum DF50798B, selection    5 (pick associative Section 0xBE)
4F3 00000000 SECT16C notype       Static      | $cppxdata$?last_errorOwned@ClientMiles@@YA?AUOwnedText@1@XZ
4F4 00000000 SECT16D notype       Static      | .xdata
    Section length    8, #relocs    1, #linenums    0, checksum 9ADD2096, selection    5 (pick associative Section 0xBE)
4F6 00000000 SECT16D notype       Static      | $stateUnwindMap$?last_errorOwned@ClientMiles@@YA?AUOwnedText@1@XZ
4F7 00000000 SECT16E notype       Static      | .xdata
    Section length   18, #relocs    3, #linenums    0, checksum 151C6145, selection    5 (pick associative Section 0xBE)
4F9 00000000 SECT16E notype       Static      | $ip2state$?last_errorOwned@ClientMiles@@YA?AUOwnedText@1@XZ
4FA 00000000 SECT16F notype       Static      | .xdata
    Section length   24, #relocs    2, #linenums    0, checksum DA2793B9, selection    5 (pick associative Section 0xF1)
4FC 00000000 SECT16F notype       Static      | $unwind$?set_redist_directoryOwned@ClientMiles@@YA?AUOwnedText@1@PEBD@Z
4FD 00000000 SECT170 notype       Static      | .pdata
    Section length    C, #relocs    3, #linenums    0, checksum 650BCF21, selection    5 (pick associative Section 0xF1)
4FF 00000000 SECT170 notype       Static      | $pdata$?set_redist_directoryOwned@ClientMiles@@YA?AUOwnedText@1@PEBD@Z
500 00000000 SECT171 notype       Static      | .rdata
    Section length   28, #relocs    2, #linenums    0, checksum DF50798B, selection    5 (pick associative Section 0xF1)
502 00000000 SECT171 notype       Static      | $cppxdata$?set_redist_directoryOwned@ClientMiles@@YA?AUOwnedText@1@PEBD@Z
503 00000000 SECT172 notype       Static      | .xdata
    Section length    8, #relocs    1, #linenums    0, checksum 9ADD2096, selection    5 (pick associative Section 0xF1)
505 00000000 SECT172 notype       Static      | $stateUnwindMap$?set_redist_directoryOwned@ClientMiles@@YA?AUOwnedText@1@PEBD@Z
506 00000000 SECT173 notype       Static      | .xdata
    Section length   18, #relocs    3, #linenums    0, checksum AB45FB7C, selection    5 (pick associative Section 0xF1)
508 00000000 SECT173 notype       Static      | $ip2state$?set_redist_directoryOwned@ClientMiles@@YA?AUOwnedText@1@PEBD@Z
509 00000000 SECT174 notype       Static      | .xdata
    Section length   1C, #relocs    2, #linenums    0, checksum 199BED9C, selection    5 (pick associative Section 0x80)
50B 00000000 SECT174 notype       Static      | $unwind$?MSS_versionOwned@ClientMiles@@YA?AUOwnedText@1@XZ
50C 00000000 SECT175 notype       Static      | .pdata
    Section length    C, #relocs    3, #linenums    0, checksum 93AB697C, selection    5 (pick associative Section 0x80)
50E 00000000 SECT175 notype       Static      | $pdata$?MSS_versionOwned@ClientMiles@@YA?AUOwnedText@1@XZ
50F 00000000 SECT176 notype       Static      | .rdata
    Section length   28, #relocs    2, #linenums    0, checksum C761A273, selection    5 (pick associative Section 0x80)
511 00000000 SECT176 notype       Static      | $cppxdata$?MSS_versionOwned@ClientMiles@@YA?AUOwnedText@1@XZ
512 00000000 SECT177 notype       Static      | .xdata
    Section length    8, #relocs    1, #linenums    0, checksum 9ADD2096, selection    5 (pick associative Section 0x80)
514 00000000 SECT177 notype       Static      | $stateUnwindMap$?MSS_versionOwned@ClientMiles@@YA?AUOwnedText@1@XZ
515 00000000 SECT178 notype       Static      | .xdata
    Section length   18, #relocs    3, #linenums    0, checksum EA653F0C, selection    5 (pick associative Section 0x80)
517 00000000 SECT178 notype       Static      | $ip2state$?MSS_versionOwned@ClientMiles@@YA?AUOwnedText@1@XZ
518 00000000 SECT179 notype       Static      | .xdata
    Section length   2C, #relocs    2, #linenums    0, checksum 27117064, selection    5 (pick associative Section 0xD3)
51A 00000000 SECT179 notype       Static      | $unwind$?open_digital_driver@ClientMiles@@YAPEAUDigitalDriver@1@IHHI@Z
51B 00000000 SECT17A notype       Static      | .pdata
    Section length    C, #relocs    3, #linenums    0, checksum 24809B92, selection    5 (pick associative Section 0xD3)
51D 00000000 SECT17A notype       Static      | $pdata$?open_digital_driver@ClientMiles@@YAPEAUDigitalDriver@1@IHHI@Z
51E 00000000 SECT17B notype       Static      | .rdata
    Section length   28, #relocs    2, #linenums    0, checksum 5D7F92A0, selection    5 (pick associative Section 0xD3)
520 00000000 SECT17B notype       Static      | $cppxdata$?open_digital_driver@ClientMiles@@YAPEAUDigitalDriver@1@IHHI@Z
521 00000000 SECT17C notype       Static      | .xdata
    Section length    8, #relocs    1, #linenums    0, checksum 9ADD2096, selection    5 (pick associative Section 0xD3)
523 00000000 SECT17C notype       Static      | $stateUnwindMap$?open_digital_driver@ClientMiles@@YAPEAUDigitalDriver@1@IHHI@Z
524 00000000 SECT17D notype       Static      | .xdata
    Section length   28, #relocs    5, #linenums    0, checksum EB70508A, selection    5 (pick associative Section 0xD3)
526 00000000 SECT17D notype       Static      | $ip2state$?open_digital_driver@ClientMiles@@YAPEAUDigitalDriver@1@IHHI@Z
527 00000000 SECT17E notype       Static      | .xdata
    Section length   20, #relocs    2, #linenums    0, checksum 2D836AF9, selection    5 (pick associative Section 0xF7)
529 00000000 SECT17E notype       Static      | $unwind$?speaker_configuration_spec@ClientMiles@@YAHPEAUDigitalDriver@1@@Z
52A 00000000 SECT17F notype       Static      | .pdata
    Section length    C, #relocs    3, #linenums    0, checksum 9EF44BFE, selection    5 (pick associative Section 0xF7)
52C 00000000 SECT17F notype       Static      | $pdata$?speaker_configuration_spec@ClientMiles@@YAHPEAUDigitalDriver@1@@Z
52D 00000000 SECT180 notype       Static      | .rdata
    Section length   28, #relocs    2, #linenums    0, checksum D95C0F75, selection    5 (pick associative Section 0xF7)
52F 00000000 SECT180 notype       Static      | $cppxdata$?speaker_configuration_spec@ClientMiles@@YAHPEAUDigitalDriver@1@@Z
530 00000000 SECT181 notype       Static      | .xdata
    Section length    8, #relocs    1, #linenums    0, checksum 9ADD2096, selection    5 (pick associative Section 0xF7)
532 00000000 SECT181 notype       Static      | $stateUnwindMap$?speaker_configuration_spec@ClientMiles@@YAHPEAUDigitalDriver@1@@Z
533 00000000 SECT182 notype       Static      | .xdata
    Section length   18, #relocs    3, #linenums    0, checksum  ABC061A, selection    5 (pick associative Section 0xF7)
535 00000000 SECT182 notype       Static      | $ip2state$?speaker_configuration_spec@ClientMiles@@YAHPEAUDigitalDriver@1@@Z
536 00000000 SECT183 notype       Static      | .xdata
    Section length    8, #relocs    0, #linenums    0, checksum  FC539D1, selection    5 (pick associative Section 0x99)
538 00000000 SECT183 notype       Static      | $unwind$?allocate@?$allocator@E@std@@QEAAPEAE_K@Z
539 00000000 SECT184 notype       Static      | .pdata
    Section length    C, #relocs    3, #linenums    0, checksum E639797D, selection    5 (pick associative Section 0x99)
53B 00000000 SECT184 notype       Static      | $pdata$?allocate@?$allocator@E@std@@QEAAPEAE_K@Z
53C 00000000 SECT185 notype       Static      | .xdata
    Section length    8, #relocs    0, #linenums    0, checksum  FC539D1, selection    5 (pick associative Section 0x97)
53E 00000000 SECT185 notype       Static      | $unwind$?allocate@?$_Wrap_alloc@V?$allocator@E@std@@@std@@QEAAPEAE_K@Z
53F 00000000 SECT186 notype       Static      | .pdata
    Section length    C, #relocs    3, #linenums    0, checksum E639797D, selection    5 (pick associative Section 0x97)
541 00000000 SECT186 notype       Static      | $pdata$?allocate@?$_Wrap_alloc@V?$allocator@E@std@@@std@@QEAAPEAE_K@Z
542 00000000 SECT187 notype       Static      | .xdata
    Section length   18, #relocs    2, #linenums    0, checksum 4841A8E5, selection    5 (pick associative Section 0x3E)
544 00000000 SECT187 notype       Static      | $unwind$??0?$vector@EV?$allocator@E@std@@@std@@QEAA@AEBV01@@Z
545 00000000 SECT188 notype       Static      | .pdata
    Section length    C, #relocs    3, #linenums    0, checksum 3B8DFB44, selection    5 (pick associative Section 0x3E)
547 00000000 SECT188 notype       Static      | $pdata$??0?$vector@EV?$allocator@E@std@@@std@@QEAA@AEBV01@@Z
548 00000000 SECT189 notype       Static      | .rdata
    Section length   28, #relocs    3, #linenums    0, checksum  849A3B3, selection    5 (pick associative Section 0x3E)
54A 00000000 SECT189 notype       Static      | $cppxdata$??0?$vector@EV?$allocator@E@std@@@std@@QEAA@AEBV01@@Z
54B 00000000 SECT18A notype       Static      | .xdata
    Section length   10, #relocs    0, #linenums    0, checksum 8999943C, selection    5 (pick associative Section 0x3E)
54D 00000000 SECT18A notype       Static      | $stateUnwindMap$??0?$vector@EV?$allocator@E@std@@@std@@QEAA@AEBV01@@Z
54E 00000000 SECT18B notype       Static      | .xdata
    Section length   14, #relocs    1, #linenums    0, checksum 570F4CF1, selection    5 (pick associative Section 0x3E)
550 00000000 SECT18B notype       Static      | $tryMap$??0?$vector@EV?$allocator@E@std@@@std@@QEAA@AEBV01@@Z
551 00000000 SECT18C notype       Static      | .xdata
    Section length   14, #relocs    1, #linenums    0, checksum   677058, selection    5 (pick associative Section 0x3E)
553 00000000 SECT18C notype       Static      | $handlerMap$0$??0?$vector@EV?$allocator@E@std@@@std@@QEAA@AEBV01@@Z
554 00000000 SECT18D notype       Static      | .xdata
    Section length   28, #relocs    5, #linenums    0, checksum 73E7A56F, selection    5 (pick associative Section 0x3E)
556 00000000 SECT18D notype       Static      | $ip2state$??0?$vector@EV?$allocator@E@std@@@std@@QEAA@AEBV01@@Z
557 00000000 SECT18E notype       Static      | .xdata
    Section length   10, #relocs    2, #linenums    0, checksum 5840A276, selection    5 (pick associative Section 0x3E)
559 00000000 SECT18E notype       Static      | $unwind$?catch$0@?0???0?$vector@EV?$allocator@E@std@@@std@@QEAA@AEBV01@@Z@4HA
55A 00000000 SECT18F notype       Static      | .pdata
    Section length    C, #relocs    3, #linenums    0, checksum F9766256, selection    5 (pick associative Section 0x3E)
55C 00000000 SECT18F notype       Static      | $pdata$?catch$0@?0???0?$vector@EV?$allocator@E@std@@@std@@QEAA@AEBV01@@Z@4HA
55D 00000000 SECT190 notype       Static      | .xdata
    Section length    8, #relocs    0, #linenums    0, checksum F4D9A8A3, selection    5 (pick associative Section 0x55)
55F 00000000 SECT190 notype       Static      | $unwind$??1?$vector@EV?$allocator@E@std@@@std@@QEAA@XZ
560 00000000 SECT191 notype       Static      | .pdata
    Section length    C, #relocs    3, #linenums    0, checksum E639797D, selection    5 (pick associative Section 0x55)
562 00000000 SECT191 notype       Static      | $pdata$??1?$vector@EV?$allocator@E@std@@@std@@QEAA@XZ
563 00000000 SECT192 notype       Static      | .xdata
    Section length   1C, #relocs    2, #linenums    0, checksum 5EC79F4D, selection    5 (pick associative Section 0x62)
565 00000000 SECT192 notype       Static      | $unwind$??4?$vector@EV?$allocator@E@std@@@std@@QEAAAEAV01@AEBV01@@Z
566 00000000 SECT193 notype       Static      | .pdata
    Section length    C, #relocs    3, #linenums    0, checksum 6ADD0B2A, selection    5 (pick associative Section 0x62)
568 00000000 SECT193 notype       Static      | $pdata$??4?$vector@EV?$allocator@E@std@@@std@@QEAAAEAV01@AEBV01@@Z
569 00000000 SECT194 notype       Static      | .rdata
    Section length   28, #relocs    3, #linenums    0, checksum  849A3B3, selection    5 (pick associative Section 0x62)
56B 00000000 SECT194 notype       Static      | $cppxdata$??4?$vector@EV?$allocator@E@std@@@std@@QEAAAEAV01@AEBV01@@Z
56C 00000000 SECT195 notype       Static      | .xdata
    Section length   10, #relocs    0, #linenums    0, checksum 8999943C, selection    5 (pick associative Section 0x62)
56E 00000000 SECT195 notype       Static      | $stateUnwindMap$??4?$vector@EV?$allocator@E@std@@@std@@QEAAAEAV01@AEBV01@@Z
56F 00000000 SECT196 notype       Static      | .xdata
    Section length   14, #relocs    1, #linenums    0, checksum 570F4CF1, selection    5 (pick associative Section 0x62)
571 00000000 SECT196 notype       Static      | $tryMap$??4?$vector@EV?$allocator@E@std@@@std@@QEAAAEAV01@AEBV01@@Z
572 00000000 SECT197 notype       Static      | .xdata
    Section length   14, #relocs    1, #linenums    0, checksum   677058, selection    5 (pick associative Section 0x62)
574 00000000 SECT197 notype       Static      | $handlerMap$0$??4?$vector@EV?$allocator@E@std@@@std@@QEAAAEAV01@AEBV01@@Z
575 00000000 SECT198 notype       Static      | .xdata
    Section length   28, #relocs    5, #linenums    0, checksum DCB3BD95, selection    5 (pick associative Section 0x62)
577 00000000 SECT198 notype       Static      | $ip2state$??4?$vector@EV?$allocator@E@std@@@std@@QEAAAEAV01@AEBV01@@Z
578 00000000 SECT199 notype       Static      | .xdata
    Section length   10, #relocs    2, #linenums    0, checksum 5840A276, selection    5 (pick associative Section 0x62)
57A 00000000 SECT199 notype       Static      | $unwind$?catch$0@?0???4?$vector@EV?$allocator@E@std@@@std@@QEAAAEAV01@AEBV01@@Z@4HA
57B 00000000 SECT19A notype       Static      | .pdata
    Section length    C, #relocs    3, #linenums    0, checksum F9766256, selection    5 (pick associative Section 0x62)
57D 00000000 SECT19A notype       Static      | $pdata$?catch$0@?0???4?$vector@EV?$allocator@E@std@@@std@@QEAAAEAV01@AEBV01@@Z@4HA
57E 00000000 SECT19B notype       Static      | .xdata
    Section length    C, #relocs    0, #linenums    0, checksum 2559CD25, selection    5 (pick associative Section 0x83)
580 00000000 SECT19B notype       Static      | $unwind$?_Buy@?$vector@EV?$allocator@E@std@@@std@@IEAA_N_K@Z
581 00000000 SECT19C notype       Static      | .pdata
    Section length    C, #relocs    3, #linenums    0, checksum 5E64A758, selection    5 (pick associative Section 0x83)
583 00000000 SECT19C notype       Static      | $pdata$?_Buy@?$vector@EV?$allocator@E@std@@@std@@IEAA_N_K@Z
584 00000000 SECT19D notype       Static      | .xdata
    Section length    8, #relocs    0, #linenums    0, checksum F4D9A8A3, selection    5 (pick associative Section 0x91)
586 00000000 SECT19D notype       Static      | $unwind$?_Tidy@?$vector@EV?$allocator@E@std@@@std@@IEAAXXZ
587 00000000 SECT19E notype       Static      | .pdata
    Section length    C, #relocs    3, #linenums    0, checksum E639797D, selection    5 (pick associative Section 0x91)
589 00000000 SECT19E notype       Static      | $pdata$?_Tidy@?$vector@EV?$allocator@E@std@@@std@@IEAAXXZ
58A 00000000 SECT19F notype       Static      | .xdata
    Section length    8, #relocs    0, #linenums    0, checksum  FC539D1, selection    5 (pick associative Section 0x94)
58C 00000000 SECT19F notype       Static      | $unwind$?_Xlen@?$vector@EV?$allocator@E@std@@@std@@IEBAXXZ
58D 00000000 SECT1A0 notype       Static      | .pdata
    Section length    C, #relocs    3, #linenums    0, checksum B01131B5, selection    5 (pick associative Section 0x94)
58F 00000000 SECT1A0 notype       Static      | $pdata$?_Xlen@?$vector@EV?$allocator@E@std@@@std@@IEBAXXZ
590 00000000 SECT1A1 notype       Static      | .xdata
    Section length    8, #relocs    0, #linenums    0, checksum F4D9A8A3, selection    5 (pick associative Section 0x45)
592 00000000 SECT1A1 notype       Static      | $unwind$??0OwnedReply@StartupBridge@@QEAA@XZ
593 00000000 SECT1A2 notype       Static      | .pdata
    Section length    C, #relocs    3, #linenums    0, checksum A41C7E00, selection    5 (pick associative Section 0x45)
595 00000000 SECT1A2 notype       Static      | $pdata$??0OwnedReply@StartupBridge@@QEAA@XZ
596 00000000 SECT1A3 notype       Static      | .xdata
    Section length    8, #relocs    0, #linenums    0, checksum F4D9A8A3, selection    5 (pick associative Section 0x57)
598 00000000 SECT1A3 notype       Static      | $unwind$??1OwnedReply@StartupBridge@@QEAA@XZ
599 00000000 SECT1A4 notype       Static      | .pdata
    Section length    C, #relocs    3, #linenums    0, checksum A41C7E00, selection    5 (pick associative Section 0x57)
59B 00000000 SECT1A4 notype       Static      | $pdata$??1OwnedReply@StartupBridge@@QEAA@XZ
59C 00000000 SECT1A5 notype       Static      | .xdata
    Section length    8, #relocs    0, #linenums    0, checksum F4D9A8A3, selection    5 (pick associative Section 0x44)
59E 00000000 SECT1A5 notype       Static      | $unwind$??0OwnedReply@StartupBridge@@QEAA@AEBU01@@Z
59F 00000000 SECT1A6 notype       Static      | .pdata
    Section length    C, #relocs    3, #linenums    0, checksum EFF2CB6A, selection    5 (pick associative Section 0x44)
5A1 00000000 SECT1A6 notype       Static      | $pdata$??0OwnedReply@StartupBridge@@QEAA@AEBU01@@Z
5A2 00000000 SECT1A7 notype       Static      | .xdata
    Section length    8, #relocs    0, #linenums    0, checksum F4D9A8A3, selection    5 (pick associative Section 0x64)
5A4 00000000 SECT1A7 notype       Static      | $unwind$??4OwnedReply@StartupBridge@@QEAAAEAU01@AEBU01@@Z
5A5 00000000 SECT1A8 notype       Static      | .pdata
    Section length    C, #relocs    3, #linenums    0, checksum EFF2CB6A, selection    5 (pick associative Section 0x64)
5A7 00000000 SECT1A8 notype       Static      | $pdata$??4OwnedReply@StartupBridge@@QEAAAEAU01@AEBU01@@Z
5A8 00000000 SECT1A9 notype       Static      | .xdata
    Section length   10, #relocs    2, #linenums    0, checksum  7F4D4AB, selection    5 (pick associative Section 0x48)
5AA 00000000 SECT1A9 notype       Static      | $unwind$??0Session@ClientMilesPipe@@QEAA@V?$unique_ptr@VChannel@ClientMilesPipe@@U?$default_delete@VChannel@ClientMilesPipe@@@std@@@std@@@Z
5AB 00000000 SECT1AA notype       Static      | .pdata
    Section length    C, #relocs    3, #linenums    0, checksum A088EE95, selection    5 (pick associative Section 0x48)
5AD 00000000 SECT1AA notype       Static      | $pdata$??0Session@ClientMilesPipe@@QEAA@V?$unique_ptr@VChannel@ClientMilesPipe@@U?$default_delete@VChannel@ClientMilesPipe@@@std@@@std@@@Z
5AE 00000000 SECT1AB notype       Static      | .rdata
    Section length   28, #relocs    2, #linenums    0, checksum 5642FCB7, selection    5 (pick associative Section 0x48)
5B0 00000000 SECT1AB notype       Static      | $cppxdata$??0Session@ClientMilesPipe@@QEAA@V?$unique_ptr@VChannel@ClientMilesPipe@@U?$default_delete@VChannel@ClientMilesPipe@@@std@@@std@@@Z
5B1 00000000 SECT1AC notype       Static      | .xdata
    Section length   18, #relocs    3, #linenums    0, checksum 90943541, selection    5 (pick associative Section 0x48)
5B3 00000000 SECT1AC notype       Static      | $stateUnwindMap$??0Session@ClientMilesPipe@@QEAA@V?$unique_ptr@VChannel@ClientMilesPipe@@U?$default_delete@VChannel@ClientMilesPipe@@@std@@@std@@@Z
5B4 00000000 SECT1AD notype       Static      | .xdata
    Section length   38, #relocs    7, #linenums    0, checksum 10CA8A46, selection    5 (pick associative Section 0x48)
5B6 00000000 SECT1AD notype       Static      | $ip2state$??0Session@ClientMilesPipe@@QEAA@V?$unique_ptr@VChannel@ClientMilesPipe@@U?$default_delete@VChannel@ClientMilesPipe@@@std@@@std@@@Z
5B7 00000000 SECT1AE notype       Static      | .xdata
    Section length    8, #relocs    0, #linenums    0, checksum F4D9A8A3, selection    5 (pick associative Section 0x59)
5B9 00000000 SECT1AE notype       Static      | $unwind$??1Session@ClientMilesPipe@@QEAA@XZ
5BA 00000000 SECT1AF notype       Static      | .pdata
    Section length    C, #relocs    3, #linenums    0, checksum 7E32D7A2, selection    5 (pick associative Section 0x59)
5BC 00000000 SECT1AF notype       Static      | $pdata$??1Session@ClientMilesPipe@@QEAA@XZ
5BD 00000000 SECT1B0 notype       Static      | .xdata
    Section length   18, #relocs    2, #linenums    0, checksum D344E19F, selection    5 (pick associative Section 0xA5)
5BF 00000000 SECT1B0 notype       Static      | $unwind$?close@Session@ClientMilesPipe@@QEAAXXZ
5C0 00000000 SECT1B1 notype       Static      | .pdata
    Section length    C, #relocs    3, #linenums    0, checksum E6DBEA40, selection    5 (pick associative Section 0xA5)
5C2 00000000 SECT1B1 notype       Static      | $pdata$?close@Session@ClientMilesPipe@@QEAAXXZ
5C3 00000000 SECT1B2 notype       Static      | .rdata
    Section length   28, #relocs    3, #linenums    0, checksum 7CA7FA57, selection    5 (pick associative Section 0xA5)
5C5 00000000 SECT1B2 notype       Static      | $cppxdata$?close@Session@ClientMilesPipe@@QEAAXXZ
5C6 00000000 SECT1B3 notype       Static      | .xdata
    Section length   10, #relocs    0, #linenums    0, checksum 8999943C, selection    5 (pick associative Section 0xA5)
5C8 00000000 SECT1B3 notype       Static      | $stateUnwindMap$?close@Session@ClientMilesPipe@@QEAAXXZ
5C9 00000000 SECT1B4 notype       Static      | .xdata
    Section length   14, #relocs    1, #linenums    0, checksum 570F4CF1, selection    5 (pick associative Section 0xA5)
5CB 00000000 SECT1B4 notype       Static      | $tryMap$?close@Session@ClientMilesPipe@@QEAAXXZ
5CC 00000000 SECT1B5 notype       Static      | .xdata
    Section length   14, #relocs    1, #linenums    0, checksum 6B58D0C4, selection    5 (pick associative Section 0xA5)
5CE 00000000 SECT1B5 notype       Static      | $handlerMap$0$?close@Session@ClientMilesPipe@@QEAAXXZ
5CF 00000000 SECT1B6 notype       Static      | .xdata
    Section length   28, #relocs    5, #linenums    0, checksum 9E543F35, selection    5 (pick associative Section 0xA5)
5D1 00000000 SECT1B6 notype       Static      | $ip2state$?close@Session@ClientMilesPipe@@QEAAXXZ
5D2 00000000 SECT1B7 notype       Static      | .xdata
    Section length   10, #relocs    2, #linenums    0, checksum  894344E, selection    5 (pick associative Section 0xA5)
5D4 00000000 SECT1B7 notype       Static      | $unwind$?catch$0@?0??close@Session@ClientMilesPipe@@QEAAXXZ@4HA
5D5 00000000 SECT1B8 notype       Static      | .pdata
    Section length    C, #relocs    3, #linenums    0, checksum  289E689, selection    5 (pick associative Section 0xA5)
5D7 00000000 SECT1B8 notype       Static      | $pdata$?catch$0@?0??close@Session@ClientMilesPipe@@QEAAXXZ@4HA
5D8 00000000 SECT1B9 notype       Static      | .xdata
    Section length   20, #relocs    2, #linenums    0, checksum C4F97B8C, selection    5 (pick associative Section 0xDC)
5DA 00000000 SECT1B9 notype       Static      | $unwind$?request@Session@ClientMilesPipe@@QEAA?AUOwnedReply@StartupBridge@@IAEBUCall@MilesWire@@UBytes@MilesTransport@@@Z
5DB 00000000 SECT1BA notype       Static      | .pdata
    Section length    C, #relocs    3, #linenums    0, checksum 45FD571B, selection    5 (pick associative Section 0xDC)
5DD 00000000 SECT1BA notype       Static      | $pdata$?request@Session@ClientMilesPipe@@QEAA?AUOwnedReply@StartupBridge@@IAEBUCall@MilesWire@@UBytes@MilesTransport@@@Z
5DE 00000000 SECT1BB notype       Static      | .rdata
    Section length   28, #relocs    3, #linenums    0, checksum E1AA1182, selection    5 (pick associative Section 0xDC)
5E0 00000000 SECT1BB notype       Static      | $cppxdata$?request@Session@ClientMilesPipe@@QEAA?AUOwnedReply@StartupBridge@@IAEBUCall@MilesWire@@UBytes@MilesTransport@@@Z
5E1 00000000 SECT1BC notype       Static      | .xdata
    Section length   20, #relocs    2, #linenums    0, checksum 489D3BC3, selection    5 (pick associative Section 0xDC)
5E3 00000000 SECT1BC notype       Static      | $stateUnwindMap$?request@Session@ClientMilesPipe@@QEAA?AUOwnedReply@StartupBridge@@IAEBUCall@MilesWire@@UBytes@MilesTransport@@@Z
5E4 00000000 SECT1BD notype       Static      | .xdata
    Section length   14, #relocs    1, #linenums    0, checksum 59F3CC4B, selection    5 (pick associative Section 0xDC)
5E6 00000000 SECT1BD notype       Static      | $tryMap$?request@Session@ClientMilesPipe@@QEAA?AUOwnedReply@StartupBridge@@IAEBUCall@MilesWire@@UBytes@MilesTransport@@@Z
5E7 00000000 SECT1BE notype       Static      | .xdata
    Section length   14, #relocs    1, #linenums    0, checksum 6B58D0C4, selection    5 (pick associative Section 0xDC)
5E9 00000000 SECT1BE notype       Static      | $handlerMap$0$?request@Session@ClientMilesPipe@@QEAA?AUOwnedReply@StartupBridge@@IAEBUCall@MilesWire@@UBytes@MilesTransport@@@Z
5EA 00000000 SECT1BF notype       Static      | .xdata
    Section length   50, #relocs    A, #linenums    0, checksum A4188248, selection    5 (pick associative Section 0xDC)
5EC 00000000 SECT1BF notype       Static      | $ip2state$?request@Session@ClientMilesPipe@@QEAA?AUOwnedReply@StartupBridge@@IAEBUCall@MilesWire@@UBytes@MilesTransport@@@Z
5ED 00000000 SECT1C0 notype       Static      | .xdata
    Section length   10, #relocs    2, #linenums    0, checksum  894344E, selection    5 (pick associative Section 0xDC)
5EF 00000000 SECT1C0 notype       Static      | $unwind$?catch$0@?0??request@Session@ClientMilesPipe@@QEAA?AUOwnedReply@StartupBridge@@IAEBUCall@MilesWire@@UBytes@MilesTransport@@@Z@4HA
5F0 00000000 SECT1C1 notype       Static      | .pdata
    Section length    C, #relocs    3, #linenums    0, checksum  289E689, selection    5 (pick associative Section 0xDC)
5F2 00000000 SECT1C1 notype       Static      | $pdata$?catch$0@?0??request@Session@ClientMilesPipe@@QEAA?AUOwnedReply@StartupBridge@@IAEBUCall@MilesWire@@UBytes@MilesTransport@@@Z@4HA
5F3 00000000 SECT1C2 notype       Static      | .xdata
    Section length    8, #relocs    0, #linenums    0, checksum 84432563, selection    5 (pick associative Section 0xDF)
5F5 00000000 SECT1C2 notype       Static      | $unwind$?requireRunning@Session@ClientMilesPipe@@QEBAXXZ
5F6 00000000 SECT1C3 notype       Static      | .pdata
    Section length    C, #relocs    3, #linenums    0, checksum C4E6EF0E, selection    5 (pick associative Section 0xDF)
5F8 00000000 SECT1C3 notype       Static      | $pdata$?requireRunning@Session@ClientMilesPipe@@QEBAXXZ
5F9 00000000 SECT1C4 notype       Static      | .xdata
    Section length    8, #relocs    0, #linenums    0, checksum 9E6AAF91, selection    5 (pick associative Section 0xDE)
5FB 00000000 SECT1C4 notype       Static      | $unwind$?requireAvailable@Session@ClientMilesPipe@@QEBAXXZ
5FC 00000000 SECT1C5 notype       Static      | .pdata
    Section length    C, #relocs    3, #linenums    0, checksum B485A120, selection    5 (pick associative Section 0xDE)
5FE 00000000 SECT1C5 notype       Static      | $pdata$?requireAvailable@Session@ClientMilesPipe@@QEBAXXZ
5FF 00000000 SECT1C6 notype       Static      | .xdata
    Section length    8, #relocs    0, #linenums    0, checksum F4D9A8A3, selection    5 (pick associative Section 0x61)
601 00000000 SECT1C6 notype       Static      | $unwind$??4?$unique_ptr@UDigitalDriver@ClientMiles@@U?$default_delete@UDigitalDriver@ClientMiles@@@std@@@std@@QEAAAEAV01@$$QEAV01@@Z
602 00000000 SECT1C7 notype       Static      | .pdata
    Section length    C, #relocs    3, #linenums    0, checksum 496753E3, selection    5 (pick associative Section 0x61)
604 00000000 SECT1C7 notype       Static      | $pdata$??4?$unique_ptr@UDigitalDriver@ClientMiles@@U?$default_delete@UDigitalDriver@ClientMiles@@@std@@@std@@QEAAAEAV01@$$QEAV01@@Z
605 00000000 SECT1C8 notype       Static      | .xdata
    Section length    8, #relocs    0, #linenums    0, checksum 9E6AAF91, selection    5 (pick associative Section 0xE9)
607 00000000 SECT1C8 notype       Static      | $unwind$?selected@Session@ClientMilesPipe@@SAAEAV12@XZ
608 00000000 SECT1C9 notype       Static      | .pdata
    Section length    C, #relocs    3, #linenums    0, checksum 9349FA41, selection    5 (pick associative Section 0xE9)
60A 00000000 SECT1C9 notype       Static      | $pdata$?selected@Session@ClientMilesPipe@@SAAEAV12@XZ
60B 00000000 SECT1CA notype       Static      | .xdata
    Section length   24, #relocs    1, #linenums    0, checksum 4EAC1851, selection    5 (pick associative Section 0xED)
60D 00000000 SECT1CA notype       Static      | $unwind$?set_listener_3D_position@ClientMiles@@YAXPEAUDigitalDriver@1@MMM@Z
60E 00000000 SECT1CB notype       Static      | .pdata
    Section length    C, #relocs    3, #linenums    0, checksum D845DC16, selection    5 (pick associative Section 0xED)
610 00000000 SECT1CB notype       Static      | $pdata$?set_listener_3D_position@ClientMiles@@YAXPEAUDigitalDriver@1@MMM@Z
611 00000000 SECT1CC notype       Static      | .xdata
    Section length   24, #relocs    1, #linenums    0, checksum 4EAC1851, selection    5 (pick associative Section 0xEE)
613 00000000 SECT1CC notype       Static      | $unwind$?set_listener_3D_velocity_vector@ClientMiles@@YAXPEAUDigitalDriver@1@MMM@Z
614 00000000 SECT1CD notype       Static      | .pdata
    Section length    C, #relocs    3, #linenums    0, checksum D845DC16, selection    5 (pick associative Section 0xEE)
616 00000000 SECT1CD notype       Static      | $pdata$?set_listener_3D_velocity_vector@ClientMiles@@YAXPEAUDigitalDriver@1@MMM@Z
617 00000000 SECT1CE notype       Static      | .xdata
    Section length   24, #relocs    1, #linenums    0, checksum 4EAC1851, selection    5 (pick associative Section 0xEC)
619 00000000 SECT1CE notype       Static      | $unwind$?set_listener_3D_orientation@ClientMiles@@YAXPEAUDigitalDriver@1@MMMMMM@Z
61A 00000000 SECT1CF notype       Static      | .pdata
    Section length    C, #relocs    3, #linenums    0, checksum 84A89DC7, selection    5 (pick associative Section 0xEC)
61C 00000000 SECT1CF notype       Static      | $pdata$?set_listener_3D_orientation@ClientMiles@@YAXPEAUDigitalDriver@1@MMMMMM@Z
61D 00000000 SECT1D0 notype       Static      | .xdata
    Section length   18, #relocs    1, #linenums    0, checksum 9F264865, selection    5 (pick associative Section 0xEB)
61F 00000000 SECT1D0 notype       Static      | $unwind$?set_3D_rolloff_factor@ClientMiles@@YAXPEAUDigitalDriver@1@M@Z
620 00000000 SECT1D1 notype       Static      | .pdata
    Section length    C, #relocs    3, #linenums    0, checksum 5C0FD2EC, selection    5 (pick associative Section 0xEB)
622 00000000 SECT1D1 notype       Static      | $pdata$?set_3D_rolloff_factor@ClientMiles@@YAXPEAUDigitalDriver@1@M@Z
623 00000000 SECT1D2 notype       Static      | .xdata
    Section length   14, #relocs    1, #linenums    0, checksum E44CCF58, selection    5 (pick associative Section 0xEA)
625 00000000 SECT1D2 notype       Static      | $unwind$?serve@ClientMiles@@YAXXZ
626 00000000 SECT1D3 notype       Static      | .pdata
    Section length    C, #relocs    3, #linenums    0, checksum F05F437C, selection    5 (pick associative Section 0xEA)
628 00000000 SECT1D3 notype       Static      | $pdata$?serve@ClientMiles@@YAXXZ
629 00000000 SECT1D4 notype       Static      | .xdata
    Section length   18, #relocs    2, #linenums    0, checksum 1D1DBFC7, selection    5 (pick associative Section 0xE1)
62B 00000000 SECT1D4 notype       Static      | $unwind$?room_type@ClientMiles@@YAHPEAUDigitalDriver@1@@Z
62C 00000000 SECT1D5 notype       Static      | .pdata
    Section length    C, #relocs    3, #linenums    0, checksum CDCFCE24, selection    5 (pick associative Section 0xE1)
62E 00000000 SECT1D5 notype       Static      | $pdata$?room_type@ClientMiles@@YAHPEAUDigitalDriver@1@@Z
62F 00000000 SECT1D6 notype       Static      | .rdata
    Section length   28, #relocs    2, #linenums    0, checksum D95C0F75, selection    5 (pick associative Section 0xE1)
631 00000000 SECT1D6 notype       Static      | $cppxdata$?room_type@ClientMiles@@YAHPEAUDigitalDriver@1@@Z
632 00000000 SECT1D7 notype       Static      | .xdata
    Section length    8, #relocs    1, #linenums    0, checksum 9ADD2096, selection    5 (pick associative Section 0xE1)
634 00000000 SECT1D7 notype       Static      | $stateUnwindMap$?room_type@ClientMiles@@YAHPEAUDigitalDriver@1@@Z
635 00000000 SECT1D8 notype       Static      | .xdata
    Section length   18, #relocs    3, #linenums    0, checksum F1F511AE, selection    5 (pick associative Section 0xE1)
637 00000000 SECT1D8 notype       Static      | $ip2state$?room_type@ClientMiles@@YAHPEAUDigitalDriver@1@@Z
638 00000000 SECT1D9 notype       Static      | .xdata
    Section length   18, #relocs    1, #linenums    0, checksum 74AC9B75, selection    5 (pick associative Section 0xF3)
63A 00000000 SECT1D9 notype       Static      | $unwind$?set_room_type@ClientMiles@@YAXPEAUDigitalDriver@1@H@Z
63B 00000000 SECT1DA notype       Static      | .pdata
    Section length    C, #relocs    3, #linenums    0, checksum 4340C9C7, selection    5 (pick associative Section 0xF3)
63D 00000000 SECT1DA notype       Static      | $pdata$?set_room_type@ClientMiles@@YAXPEAUDigitalDriver@1@H@Z
63E 00000000 SECT1DB notype       Static      | .xdata
    Section length    8, #relocs    0, #linenums    0, checksum 84432563, selection    5 (pick associative Section 0xB5)
640 00000000 SECT1DB notype       Static      | $unwind$?fail@?A0x82d695a5@@YAXW4FailureReason@ClientMiles@@PEBD@Z
641 00000000 SECT1DC notype       Static      | .pdata
    Section length    C, #relocs    3, #linenums    0, checksum 9047414F, selection    5 (pick associative Section 0xB5)
643 00000000 SECT1DC notype       Static      | $pdata$?fail@?A0x82d695a5@@YAXW4FailureReason@ClientMiles@@PEBD@Z
644 00000000 SECT1DD notype       Static      | .xdata
    Section length    8, #relocs    0, #linenums    0, checksum 67DA2484, selection    5 (pick associative Section 0xA3)
646 00000000 SECT1DD notype       Static      | $unwind$?checkStatus@?A0x82d695a5@@YAXI@Z
647 00000000 SECT1DE notype       Static      | .pdata
    Section length    C, #relocs    3, #linenums    0, checksum 12524254, selection    5 (pick associative Section 0xA3)
649 00000000 SECT1DE notype       Static      | $pdata$?checkStatus@?A0x82d695a5@@YAXI@Z
64A 00000000 SECT1DF notype       Static      | .xdata
    Section length   18, #relocs    2, #linenums    0, checksum BAD2730C, selection    5 (pick associative Section 0xD5)
64C 00000000 SECT1DF notype       Static      | $unwind$?ownedText@?A0x82d695a5@@YA?AUOwnedText@ClientMiles@@AEBUOwnedReply@StartupBridge@@@Z
64D 00000000 SECT1E0 notype       Static      | .pdata
    Section length    C, #relocs    3, #linenums    0, checksum 297F51D0, selection    5 (pick associative Section 0xD5)
64F 00000000 SECT1E0 notype       Static      | $pdata$?ownedText@?A0x82d695a5@@YA?AUOwnedText@ClientMiles@@AEBUOwnedReply@StartupBridge@@@Z
650 00000000 SECT1E1 notype       Static      | .rdata
    Section length   28, #relocs    2, #linenums    0, checksum 8A54F53D, selection    5 (pick associative Section 0xD5)
652 00000000 SECT1E1 notype       Static      | $cppxdata$?ownedText@?A0x82d695a5@@YA?AUOwnedText@ClientMiles@@AEBUOwnedReply@StartupBridge@@@Z
653 00000000 SECT1E2 notype       Static      | .xdata
    Section length    8, #relocs    1, #linenums    0, checksum 9ADD2096, selection    5 (pick associative Section 0xD5)
655 00000000 SECT1E2 notype       Static      | $stateUnwindMap$?ownedText@?A0x82d695a5@@YA?AUOwnedText@ClientMiles@@AEBUOwnedReply@StartupBridge@@@Z
656 00000000 SECT1E3 notype       Static      | .xdata
    Section length   10, #relocs    2, #linenums    0, checksum F3D35C25, selection    5 (pick associative Section 0xD5)
658 00000000 SECT1E3 notype       Static      | $ip2state$?ownedText@?A0x82d695a5@@YA?AUOwnedText@ClientMiles@@AEBUOwnedReply@StartupBridge@@@Z
659 00000000 SECT1E4 notype       Static      | .xdata
    Section length    8, #relocs    0, #linenums    0, checksum B96BC9FB, selection    5 (pick associative Section 0xD5)
65B 00000000 SECT1E4 notype       Static      | $unwind$?dtor$0@?0??ownedText@?A0x82d695a5@@YA?AUOwnedText@ClientMiles@@AEBUOwnedReply@StartupBridge@@@Z@4HA
65C 00000000 SECT1E5 notype       Static      | .pdata
    Section length    C, #relocs    3, #linenums    0, checksum 3F196BD1, selection    5 (pick associative Section 0xD5)
65E 00000000 SECT1E5 notype       Static      | $pdata$?dtor$0@?0??ownedText@?A0x82d695a5@@YA?AUOwnedText@ClientMiles@@AEBUOwnedReply@StartupBridge@@@Z@4HA
65F 00000000 SECT1E6 notype       Static      | .xdata
    Section length   10, #relocs    0, #linenums    0, checksum D9ABE44E, selection    5 (pick associative Section 0xAE)
661 00000000 SECT1E6 notype       Static      | $unwind$?driverCall@?A0x82d695a5@@YA?AUCall@MilesWire@@AEAVSession@ClientMilesPipe@@PEAUDigitalDriver@ClientMiles@@@Z
662 00000000 SECT1E7 notype       Static      | .pdata
    Section length    C, #relocs    3, #linenums    0, checksum 89152C78, selection    5 (pick associative Section 0xAE)
664 00000000 SECT1E7 notype       Static      | $pdata$?driverCall@?A0x82d695a5@@YA?AUCall@MilesWire@@AEAVSession@ClientMilesPipe@@PEAUDigitalDriver@ClientMiles@@@Z
665 00000000 SECT1E8 notype       Static      | .xdata
    Section length    8, #relocs    0, #linenums    0, checksum F4D9A8A3, selection    5 (pick associative Section 0x11)
667 00000000 SECT1E8 notype       Static      | $unwind$??$_Ucopy@V?$_Vector_const_iterator@V?$_Vector_val@U?$_Simple_types@E@std@@@std@@@std@@@?$vector@EV?$allocator@E@std@@@std@@IEAAPEAEV?$_Vector_const_iterator@V?$_Vector_val@U?$_Simple_types@E@std@@@std@@@1@0PEAE@Z
668 00000000 SECT1E9 notype       Static      | .pdata
    Section length    C, #relocs    3, #linenums    0, checksum F9766256, selection    5 (pick associative Section 0x11)
66A 00000000 SECT1E9 notype       Static      | $pdata$??$_Ucopy@V?$_Vector_const_iterator@V?$_Vector_val@U?$_Simple_types@E@std@@@std@@@std@@@?$vector@EV?$allocator@E@std@@@std@@IEAAPEAEV?$_Vector_const_iterator@V?$_Vector_val@U?$_Simple_types@E@std@@@std@@@1@0PEAE@Z
66B 00000000 SECT1EA notype       Static      | .xdata
    Section length    C, #relocs    0, #linenums    0, checksum 2559CD25, selection    5 (pick associative Section 0x9)
66D 00000000 SECT1EA notype       Static      | $unwind$??$_Copy_impl@PEAEPEAE@std@@YAPEAEPEAE00@Z
66E 00000000 SECT1EB notype       Static      | .pdata
    Section length    C, #relocs    3, #linenums    0, checksum 85CD537D, selection    5 (pick associative Section 0x9)
670 00000000 SECT1EB notype       Static      | $pdata$??$_Copy_impl@PEAEPEAE@std@@YAPEAEPEAE00@Z
671 00000000 SECT1EC notype       Static      | .xdata
    Section length    8, #relocs    0, #linenums    0, checksum F4D9A8A3, selection    5 (pick associative Section 0x10)
673 00000000 SECT1EC notype       Static      | $unwind$??$_Ucopy@PEAE@?$vector@EV?$allocator@E@std@@@std@@IEAAPEAEPEAE00@Z
674 00000000 SECT1ED notype       Static      | .pdata
    Section length    C, #relocs    3, #linenums    0, checksum F9766256, selection    5 (pick associative Section 0x10)
676 00000000 SECT1ED notype       Static      | $pdata$??$_Ucopy@PEAE@?$vector@EV?$allocator@E@std@@@std@@IEAAPEAEPEAE00@Z
677 00000000 SECT1EE notype       Static      | .xdata
    Section length    8, #relocs    0, #linenums    0, checksum  FC539D1, selection    5 (pick associative Section 0x8)
679 00000000 SECT1EE notype       Static      | $unwind$??$_Allocate@E@std@@YAPEAE_KPEAE@Z
67A 00000000 SECT1EF notype       Static      | .pdata
    Section length    C, #relocs    3, #linenums    0, checksum 3F196BD1, selection    5 (pick associative Section 0x8)
67C 00000000 SECT1EF notype       Static      | $pdata$??$_Allocate@E@std@@YAPEAE_KPEAE@Z
67D 00000000 SECT1F0 notype       Static      | .xdata
    Section length    8, #relocs    0, #linenums    0, checksum  FC539D1, selection    5 (pick associative Section 0x7)
67F 00000000 SECT1F0 notype       Static      | $unwind$??$_Allocate@D@std@@YAPEAD_KPEAD@Z
680 00000000 SECT1F1 notype       Static      | .pdata
    Section length    C, #relocs    3, #linenums    0, checksum 3F196BD1, selection    5 (pick associative Section 0x7)
682 00000000 SECT1F1 notype       Static      | $pdata$??$_Allocate@D@std@@YAPEAD_KPEAD@Z
683 00000000 SECT1F2 notype       Static      | .xdata
    Section length    8, #relocs    0, #linenums    0, checksum F4D9A8A3, selection    5 (pick associative Section 0x19)
685 00000000 SECT1F2 notype       Static      | $unwind$??$_Uninitialized_copy@V?$_Vector_const_iterator@V?$_Vector_val@U?$_Simple_types@E@std@@@std@@@std@@PEAEU?$_Wrap_alloc@V?$allocator@E@std@@@2@@std@@YAPEAEV?$_Vector_const_iterator@V?$_Vector_val@U?$_Simple_types@E@std@@@std@@@0@0PEAEAEAU?$_Wrap_alloc@V?$allocator@E@std@@@0@@Z
686 00000000 SECT1F3 notype       Static      | .pdata
    Section length    C, #relocs    3, #linenums    0, checksum 3F196BD1, selection    5 (pick associative Section 0x19)
688 00000000 SECT1F3 notype       Static      | $pdata$??$_Uninitialized_copy@V?$_Vector_const_iterator@V?$_Vector_val@U?$_Simple_types@E@std@@@std@@@std@@PEAEU?$_Wrap_alloc@V?$allocator@E@std@@@2@@std@@YAPEAEV?$_Vector_const_iterator@V?$_Vector_val@U?$_Simple_types@E@std@@@std@@@0@0PEAEAEAU?$_Wrap_alloc@V?$allocator@E@std@@@0@@Z
689 00000000 SECT1F4 notype       Static      | .xdata
    Section length    C, #relocs    0, #linenums    0, checksum 2559CD25, selection    5 (pick associative Section 0xA)
68B 00000000 SECT1F4 notype       Static      | $unwind$??$_Copy_impl@PEAEPEAE@std@@YAPEAEPEAE00U_Scalar_ptr_iterator_tag@0@@Z
68C 00000000 SECT1F5 notype       Static      | .pdata
    Section length    C, #relocs    3, #linenums    0, checksum 85CD537D, selection    5 (pick associative Section 0xA)
68E 00000000 SECT1F5 notype       Static      | $pdata$??$_Copy_impl@PEAEPEAE@std@@YAPEAEPEAE00U_Scalar_ptr_iterator_tag@0@@Z
68F 00000000 SECT1F6 notype       Static      | .xdata
    Section length    8, #relocs    0, #linenums    0, checksum F4D9A8A3, selection    5 (pick associative Section 0x18)
691 00000000 SECT1F6 notype       Static      | $unwind$??$_Uninitialized_copy@PEAEPEAEU?$_Wrap_alloc@V?$allocator@E@std@@@std@@@std@@YAPEAEPEAE00AEAU?$_Wrap_alloc@V?$allocator@E@std@@@0@@Z
692 00000000 SECT1F7 notype       Static      | .pdata
    Section length    C, #relocs    3, #linenums    0, checksum 3F196BD1, selection    5 (pick associative Section 0x18)
694 00000000 SECT1F7 notype       Static      | $pdata$??$_Uninitialized_copy@PEAEPEAEU?$_Wrap_alloc@V?$allocator@E@std@@@std@@@std@@YAPEAEPEAE00AEAU?$_Wrap_alloc@V?$allocator@E@std@@@0@@Z
695 00000000 SECT1F8 notype       Static      | .xdata
    Section length    8, #relocs    0, #linenums    0, checksum F4D9A8A3, selection    5 (pick associative Section 0x17)
697 00000000 SECT1F8 notype       Static      | $unwind$??$_Uninit_copy@PEBEPEAEU?$_Wrap_alloc@V?$allocator@E@std@@@std@@@std@@YAPEAEPEBE0PEAEAEAU?$_Wrap_alloc@V?$allocator@E@std@@@0@@Z
698 00000000 SECT1F9 notype       Static      | .pdata
    Section length    C, #relocs    3, #linenums    0, checksum 3F196BD1, selection    5 (pick associative Section 0x17)
69A 00000000 SECT1F9 notype       Static      | $pdata$??$_Uninit_copy@PEBEPEAEU?$_Wrap_alloc@V?$allocator@E@std@@@std@@@std@@YAPEAEPEBE0PEAEAEAU?$_Wrap_alloc@V?$allocator@E@std@@@0@@Z
69B 00000000 SECT1FA notype       Static      | .xdata
    Section length    8, #relocs    0, #linenums    0, checksum F4D9A8A3, selection    5 (pick associative Section 0x16)
69D 00000000 SECT1FA notype       Static      | $unwind$??$_Uninit_copy@PEAEPEAEU?$_Wrap_alloc@V?$allocator@E@std@@@std@@@std@@YAPEAEPEAE00AEAU?$_Wrap_alloc@V?$allocator@E@std@@@0@@Z
69E 00000000 SECT1FB notype       Static      | .pdata
    Section length    C, #relocs    3, #linenums    0, checksum 3F196BD1, selection    5 (pick associative Section 0x16)
6A0 00000000 SECT1FB notype       Static      | $pdata$??$_Uninit_copy@PEAEPEAEU?$_Wrap_alloc@V?$allocator@E@std@@@std@@@std@@YAPEAEPEAE00AEAU?$_Wrap_alloc@V?$allocator@E@std@@@0@@Z
6A1 00000000 SECT1FC notype       Static      | .xdata
    Section length    8, #relocs    0, #linenums    0, checksum F4D9A8A3, selection    5 (pick associative Section 0x14)
6A3 00000000 SECT1FC notype       Static      | $unwind$??$_Uninit_copy@$$CBEE@std@@YAPEAEPEBE0PEAEAEAU?$_Wrap_alloc@V?$allocator@E@std@@@0@U_Scalar_ptr_iterator_tag@0@@Z
6A4 00000000 SECT1FD notype       Static      | .pdata
    Section length    C, #relocs    3, #linenums    0, checksum 3F196BD1, selection    5 (pick associative Section 0x14)
6A6 00000000 SECT1FD notype       Static      | $pdata$??$_Uninit_copy@$$CBEE@std@@YAPEAEPEBE0PEAEAEAU?$_Wrap_alloc@V?$allocator@E@std@@@0@U_Scalar_ptr_iterator_tag@0@@Z
6A7 00000000 SECT1FE notype       Static      | .xdata
    Section length    8, #relocs    0, #linenums    0, checksum F4D9A8A3, selection    5 (pick associative Section 0x15)
6A9 00000000 SECT1FE notype       Static      | $unwind$??$_Uninit_copy@EE@std@@YAPEAEPEAE00AEAU?$_Wrap_alloc@V?$allocator@E@std@@@0@U_Scalar_ptr_iterator_tag@0@@Z
6AA 00000000 SECT1FF notype       Static      | .pdata
    Section length    C, #relocs    3, #linenums    0, checksum 3F196BD1, selection    5 (pick associative Section 0x15)
6AC 00000000 SECT1FF notype       Static      | $pdata$??$_Uninit_copy@EE@std@@YAPEAEPEAE00AEAU?$_Wrap_alloc@V?$allocator@E@std@@@0@U_Scalar_ptr_iterator_tag@0@@Z
6AD 00000009 SECT3  notype       Static       | piecewise_construct
6AE 00000008 SECT3  notype       Static       | allocator_arg
6AF 00000000 SECT200 notype       Static      | .rdata
    Section length   18, #relocs    3, #linenums    0, checksum        0, selection    6 (pick largest)
6B1 00000008 SECT200 notype       External    | ??_7runtime_error@std@@6B@ (const std::runtime_error::`vftable')
6B2 00000000 UNDEF  notype       External     | ??_7type_info@@6B@ (const type_info::`vftable')
6B3 00000000 SECT201 notype       Static      | .data$r
    Section length   28, #relocs    1, #linenums    0, checksum D357CA60, selection    2 (pick any)
6B5 00000000 SECT201 notype       External    | ??_R0?AVruntime_error@std@@@8 (class std::runtime_error `RTTI Type Descriptor')
6B6 00000000 SECT202 notype       Static      | .xdata$x
    Section length   24, #relocs    2, #linenums    0, checksum BC1A9E34, selection    2 (pick any)
6B8 00000000 SECT202 notype       External    | _CT??_R0?AVruntime_error@std@@@8??0runtime_error@std@@QEAA@AEBV01@@Z24
6B9 00000000 SECT203 notype       Static      | .data$r
    Section length   24, #relocs    1, #linenums    0, checksum 54BC55F2, selection    2 (pick any)
6BB 00000000 SECT203 notype       External    | ??_R0?AVexception@std@@@8 (class std::exception `RTTI Type Descriptor')
6BC 00000000 SECT204 notype       Static      | .xdata$x
    Section length   24, #relocs    2, #linenums    0, checksum BC1A9E34, selection    2 (pick any)
6BE 00000000 SECT204 notype       External    | _CT??_R0?AVexception@std@@@8??0exception@std@@QEAA@AEBV01@@Z24
6BF 00000000 SECT205 notype       Static      | .rdata
    Section length   38, #relocs    7, #linenums    0, checksum        0, selection    6 (pick largest)
6C1 00000008 SECT205 notype       External    | ??_7error_category@std@@6B@ (const std::error_category::`vftable')
6C2 00000000 SECT206 notype       Static      | .rdata
    Section length   38, #relocs    7, #linenums    0, checksum        0, selection    6 (pick largest)
6C4 00000008 SECT206 notype       External    | ??_7_Generic_error_category@std@@6B@ (const std::_Generic_error_category::`vftable')
6C5 00000000 SECT207 notype       Static      | .rdata
    Section length    8, #relocs    0, #linenums    0, checksum A86CFC2B, selection    2 (pick any)
6C7 00000000 SECT207 notype       External    | ??_C@_07DCLBNMLN@generic?$AA@ (`string')
6C8 00000000 SECT208 notype       Static      | .rdata
    Section length    E, #relocs    0, #linenums    0, checksum 3BD6D632, selection    2 (pick any)
6CA 00000000 SECT208 notype       External    | ??_C@_0O@BFJCFAAK@unknown?5error?$AA@ (`string')
6CB 00000000 SECT209 notype       Static      | .rdata
    Section length   38, #relocs    7, #linenums    0, checksum        0, selection    6 (pick largest)
6CD 00000008 SECT209 notype       External    | ??_7_Iostream_error_category@std@@6B@ (const std::_Iostream_error_category::`vftable')
6CE 00000000 SECT20A notype       Static      | .rdata
    Section length    9, #relocs    0, #linenums    0, checksum A29400EA, selection    2 (pick any)
6D0 00000000 SECT20A notype       External    | ??_C@_08LLGCOLLL@iostream?$AA@ (`string')
6D1 00000000 SECT20B notype       Static      | .rdata
    Section length   16, #relocs    0, #linenums    0, checksum A7E7FC63, selection    2 (pick any)
6D3 00000000 SECT20B notype       External    | ??_C@_0BG@PADBLCHM@iostream?5stream?5error?$AA@ (`string')
6D4 00000000 SECT20C notype       Static      | .rdata
    Section length   38, #relocs    7, #linenums    0, checksum        0, selection    6 (pick largest)
6D6 00000008 SECT20C notype       External    | ??_7_System_error_category@std@@6B@ (const std::_System_error_category::`vftable')
6D7 00000000 SECT20D notype       Static      | .rdata
    Section length    7, #relocs    0, #linenums    0, checksum 35CD274A, selection    2 (pick any)
6D9 00000000 SECT20D notype       External    | ??_C@_06FHFOAHML@system?$AA@ (`string')
6DA 00000000 SECT20E notype       Static      | .data
    Section length    8, #relocs    1, #linenums    0, checksum        0, selection    2 (pick any)
6DC 00000000 SECT20E notype       External    | ?_Generic_object@?$_Error_objects@H@std@@2V_Generic_error_category@2@A (public: static class std::_Generic_error_category std::_Error_objects<int>::_Generic_object)
6DD 00000000 SECT20F notype       Static      | .data
    Section length    8, #relocs    1, #linenums    0, checksum        0, selection    2 (pick any)
6DF 00000000 SECT20F notype       External    | ?_Iostream_object@?$_Error_objects@H@std@@2V_Iostream_error_category@2@A (public: static class std::_Iostream_error_category std::_Error_objects<int>::_Iostream_object)
6E0 00000000 SECT210 notype       Static      | .data
    Section length    8, #relocs    1, #linenums    0, checksum        0, selection    2 (pick any)
6E2 00000000 SECT210 notype       External    | ?_System_object@?$_Error_objects@H@std@@2V_System_error_category@2@A (public: static class std::_System_error_category std::_Error_objects<int>::_System_object)
6E3 00000000 SECT211 notype       Static      | .bss
    Section length    8, #relocs    0, #linenums    0, checksum        0, selection    2 (pick any)
6E5 00000000 SECT211 notype       External    | ?id@?$num_put@DV?$back_insert_iterator@V?$basic_string@DU?$char_traits@D@std@@V?$allocator@D@2@@std@@@std@@@std@@2V0locale@2@A (public: static class std::locale::id std::num_put<char,class std::back_insert_iterator<class std::basic_string<char,struct std::char_traits<char>,class std::allocator<char> > > >::id)
6E6 00000000 SECT212 notype       Static      | .bss
    Section length    8, #relocs    0, #linenums    0, checksum        0, selection    2 (pick any)
6E8 00000000 SECT212 notype       External    | ?id@?$num_put@_WV?$back_insert_iterator@V?$basic_string@_WU?$char_traits@_W@std@@V?$allocator@_W@2@@std@@@std@@@std@@2V0locale@2@A (public: static class std::locale::id std::num_put<wchar_t,class std::back_insert_iterator<class std::basic_string<wchar_t,struct std::char_traits<wchar_t>,class std::allocator<wchar_t> > > >::id)
6E9 00000000 SECT213 notype       Static      | .rdata
    Section length   18, #relocs    3, #linenums    0, checksum        0, selection    6 (pick largest)
6EB 00000008 SECT213 notype       External    | ??_7Failure@ClientMiles@@6B@ (const ClientMiles::Failure::`vftable')
6EC 00000000 SECT214 notype       Static      | .xdata$x
    Section length   1C, #relocs    2, #linenums    0, checksum        0, selection    2 (pick any)
6EE 00000000 SECT214 notype       External    | _TI3?AVFailure@ClientMiles@@
6EF 00000000 SECT215 notype       Static      | .xdata$x
    Section length   1C, #relocs    3, #linenums    0, checksum 29C8B4F2, selection    2 (pick any)
6F1 00000000 SECT215 notype       External    | _CTA3?AVFailure@ClientMiles@@
6F2 00000000 SECT216 notype       Static      | .data$r
    Section length   2A, #relocs    1, #linenums    0, checksum 8930EEE7, selection    2 (pick any)
6F4 00000000 SECT216 notype       External    | ??_R0?AVFailure@ClientMiles@@@8 (class ClientMiles::Failure `RTTI Type Descriptor')
6F5 00000000 SECT217 notype       Static      | .xdata$x
    Section length   24, #relocs    2, #linenums    0, checksum EA32D6FC, selection    2 (pick any)
6F7 00000000 SECT217 notype       External    | _CT??_R0?AVFailure@ClientMiles@@@8??0Failure@ClientMiles@@QEAA@AEBV01@@Z32
6F8 00000000 SECT218 notype       Static      | .rdata
    Section length   1C, #relocs    0, #linenums    0, checksum AD85E5AB, selection    2 (pick any)
6FA 00000000 SECT218 notype       External    | ??_C@_0BM@NCAKGNLN@unsupported?5Miles?5operation?$AA@ (`string')
6FB 00000000 SECT219 notype       Static      | .rdata
    Section length   15, #relocs    0, #linenums    0, checksum A7E5A44F, selection    2 (pick any)
6FD 00000000 SECT219 notype       External    | ??_C@_0BF@BJBOJODL@invalid?5Miles?5driver?$AA@ (`string')
6FE 00000000 SECT21A notype       Static      | .rdata
    Section length   18, #relocs    0, #linenums    0, checksum 1106C5DD, selection    2 (pick any)
700 00000000 SECT21A notype       External    | ??_C@_0BI@ENDIPAAC@invalid?5Miles?5arguments?$AA@ (`string')
701 00000000 SECT21B notype       Static      | .rdata
    Section length   22, #relocs    0, #linenums    0, checksum 2A71CF8E, selection    2 (pick any)
703 00000000 SECT21B notype       External    | ??_C@_0CC@JEPPFMFL@Miles?5lifecycle?5refused?5operatio@ (`string')
704 00000000 SECT21C notype       Static      | .rdata
    Section length   20, #relocs    0, #linenums    0, checksum 91BEC2BE, selection    2 (pick any)
706 00000000 SECT21C notype       External    | ??_C@_0CA@HHELGIOM@Miles?5result?5exceeds?5text?5limit?$AA@ (`string')
707 00000000 SECT21D notype       Static      | .rdata
    Section length   1B, #relocs    0, #linenums    0, checksum BD7CFCA4, selection    2 (pick any)
709 00000000 SECT21D notype       External    | ??_C@_0BL@FIPJFBOI@Miles?5retained?5input?5limit?$AA@ (`string')
70A 00000000 SECT21E notype       Static      | .rdata
    Section length   1B, #relocs    0, #linenums    0, checksum 9C044307, selection    2 (pick any)
70C 00000000 SECT21E notype       External    | ??_C@_0BL@HJIBOOEL@Miles?5version?5query?5failed?$AA@ (`string')
70D 00000000 SECT21F notype       Static      | .rdata
    Section length   17, #relocs    0, #linenums    0, checksum F68748CA, selection    2 (pick any)
70F 00000000 SECT21F notype       External    | ??_C@_0BH@HLNIJDHB@unknown?5backend?5result?$AA@ (`string')
710 00000000 SECT220 notype       Static      | .rdata
    Section length   1B, #relocs    0, #linenums    0, checksum 81187A6B, selection    2 (pick any)
712 00000000 SECT220 notype       External    | ??_C@_0BL@GEJNNHCH@invalid?5owned?5backend?5text?$AA@ (`string')
713 00000000 SECT221 notype       Static      | .rdata
    Section length   21, #relocs    0, #linenums    0, checksum 491E04D8, selection    2 (pick any)
715 00000000 SECT221 notype       External    | ??_C@_0CB@MMJNMBKK@null?5backend?5text?5contains?5bytes@ (`string')
716 00000000 SECT222 notype       Static      | .rdata
    Section length   31, #relocs    0, #linenums    0, checksum C30E3113, selection    2 (pick any)
718 00000000 SECT222 notype       External    | ??_C@_0DB@GOGEMOBJ@driver?5does?5not?5belong?5to?5select@ (`string')
719 00000000 SECT223 notype       Static      | .rdata
    Section length   23, #relocs    0, #linenums    0, checksum 396B74E0, selection    2 (pick any)
71B 00000000 SECT223 notype       External    | ??_C@_0CD@MPGMNMCI@one?5Miles?5session?5must?5be?5select@ (`string')
71C 00000000 SECT224 notype       Static      | .rdata
    Section length   22, #relocs    0, #linenums    0, checksum CC6B2EA4, selection    2 (pick any)
71E 00000000 SECT224 notype       External    | ??_C@_0CC@HCOFLNHB@Miles?5implementation?5not?5selecte@ (`string')
71F 00000000 SECT225 notype       Static      | .rdata
    Section length   27, #relocs    0, #linenums    0, checksum 714BDA82, selection    2 (pick any)
721 00000000 SECT225 notype       External    | ??_C@_0CH@OEGNBFN@Miles?5session?5has?5an?5uncertain?5o@ (`string')
722 00000000 SECT226 notype       Static      | .rdata
    Section length   1E, #relocs    0, #linenums    0, checksum E28B073A, selection    2 (pick any)
724 00000000 SECT226 notype       External    | ??_C@_0BO@BNHAMGHA@Miles?5session?5already?5stopped?$AA@ (`string')
725 00000000 SECT227 notype       Static      | .rdata
    Section length   15, #relocs    0, #linenums    0, checksum 9C5F7BDB, selection    2 (pick any)
727 00000000 SECT227 notype       External    | ??_C@_0BF@CCKEEBKP@Miles?5is?5not?5started?$AA@ (`string')
728 00000000 SECT228 notype       Static      | .rdata
    Section length   2B, #relocs    0, #linenums    0, checksum CFD2DA50, selection    2 (pick any)
72A 00000000 SECT228 notype       External    | ??_C@_0CL@MIKEIOJO@Miles?5session?5cannot?5issue?5anoth@ (`string')
72B 00000000 SECT229 notype       Static      | .rdata
    Section length   15, #relocs    0, #linenums    0, checksum 2AF02C46, selection    2 (pick any)
72D 00000000 SECT229 notype       External    | ??_C@_0BF@JEALBGDC@Miles?5channel?5failed?$AA@ (`string')
72E 00000000 SECT22A notype       Static      | .rdata
    Section length   1D, #relocs    0, #linenums    0, checksum E210689B, selection    2 (pick any)
730 00000000 SECT22A notype       External    | ??_C@_0BN@BGLLFCEC@unknown?5Miles?5channel?5status?$AA@ (`string')
731 00000000 SECT22B notype       Static      | .rdata
    Section length   26, #relocs    0, #linenums    0, checksum 68F70BE2, selection    2 (pick any)
733 00000000 SECT22B notype       External    | ??_C@_0CG@PPBGPKO@cannot?5retry?5an?5uncertain?5Miles?5@ (`string')
734 00000000 SECT22C notype       Static      | .rdata
    Section length   22, #relocs    0, #linenums    0, checksum 2B8901CB, selection    2 (pick any)
736 00000000 SECT22C notype       External    | ??_C@_0CC@JFAHJCBO@Miles?5shutdown?5must?5precede?5clos@ (`string')
737 00000000 SECT22D notype       Static      | .rdata
    Section length   1E, #relocs    0, #linenums    0, checksum 170CE9BA, selection    2 (pick any)
739 00000000 SECT22D notype       External    | ??_C@_0BO@OIPHCIPA@Miles?5channel?5teardown?5failed?$AA@ (`string')
73A 00000000 SECT22E notype       Static      | .rdata
    Section length   20, #relocs    0, #linenums    0, checksum 733D4EDD, selection    2 (pick any)
73C 00000000 SECT22E notype       External    | ??_C@_0CA@JFMIOEIP@Miles?5startup?5already?5completed?$AA@ (`string')
73D 00000000 SECT22F notype       Static      | .rdata
    Section length   22, #relocs    0, #linenums    0, checksum 4D897123, selection    2 (pick any)
73F 00000000 SECT22F notype       External    | ??_C@_0CC@PDAHOCPG@unsupported?5preference?5identifie@ (`string')
740 00000000 SECT230 notype       Static      | .rdata
    Section length   1D, #relocs    0, #linenums    0, checksum 438C2DEE, selection    2 (pick any)
742 00000000 SECT230 notype       External    | ??_C@_0BN@LHCHBHDH@unsupported?5preference?5value?$AA@ (`string')
743 00000000 SECT231 notype       Static      | .rdata
    Section length   1E, #relocs    0, #linenums    0, checksum 741C0871, selection    2 (pick any)
745 00000000 SECT231 notype       External    | ??_C@_0BO@ILOHMJDL@null?5redistribution?5directory?$AA@ (`string')
746 00000000 SECT232 notype       Static      | .rdata
    Section length   27, #relocs    0, #linenums    0, checksum DE61D7C2, selection    2 (pick any)
748 00000000 SECT232 notype       External    | ??_C@_0CH@KBGMNMBN@redistribution?5directory?5exceeds@ (`string')
749 00000000 SECT233 notype       Static      | .rdata
    Section length   23, #relocs    0, #linenums    0, checksum 4387C10F, selection    2 (pick any)
74B 00000000 SECT233 notype       External    | ??_C@_0CD@LFIAGJMH@unsupported?5digital?5driver?5reque@ (`string')
74C 00000000 SECT234 notype       Static      | .bss
    Section length    8, #relocs    0, #linenums    0, checksum        0, selection    2 (pick any)
74E 00000000 SECT234 notype       External    | ?id@?$numpunct@D@std@@2V0locale@2@A (public: static class std::locale::id std::numpunct<char>::id)
74F 00000000 SECT235 notype       Static      | .bss
    Section length    8, #relocs    0, #linenums    0, checksum        0, selection    2 (pick any)
751 00000000 SECT235 notype       External    | ?id@?$numpunct@_W@std@@2V0locale@2@A (public: static class std::locale::id std::numpunct<wchar_t>::id)
752 00000000 SECT236 notype       Static      | .rdata
    Section length   10, #relocs    0, #linenums    0, checksum 869C5FA0, selection    2 (pick any)
754 00000000 SECT236 notype       External    | ??_C@_0BA@JFNIOLAK@string?5too?5long?$AA@ (`string')
755 00000000 SECT237 notype       Static      | .rdata
    Section length   18, #relocs    0, #linenums    0, checksum 79C52538, selection    2 (pick any)
757 00000000 SECT237 notype       External    | ??_C@_0BI@CFPLBAOH@invalid?5string?5position?$AA@ (`string')
758 00000000 SECT238 notype       Static      | .rdata
    Section length   13, #relocs    0, #linenums    0, checksum CEE728DA, selection    2 (pick any)
75A 00000000 SECT238 notype       External    | ??_C@_0BD@OLBABOEK@vector?$DMT?$DO?5too?5long?$AA@ (`string')
75B 00000000 SECT239 notype       Static      | .rdata$r
    Section length   24, #relocs    2, #linenums    0, checksum 3AD97647, selection    2 (pick any)
75D 00000000 SECT239 notype       External    | ??_R1A@?0A@EA@exception@std@@8 (std::exception::`RTTI Base Class Descriptor at (0,-1,0,64)')
75E 00000000 SECT23A notype       Static      | .rdata$r
    Section length   14, #relocs    1, #linenums    0, checksum CCAA009E, selection    2 (pick any)
760 00000000 SECT23A notype       External    | ??_R3exception@std@@8 (std::exception::`RTTI Class Hierarchy Descriptor')
761 00000000 SECT23B notype       Static      | .rdata$r
    Section length    C, #relocs    1, #linenums    0, checksum        0, selection    2 (pick any)
763 00000000 SECT23B notype       External    | ??_R2exception@std@@8 (std::exception::`RTTI Base Class Array')
764 00000000 SECT23C notype       Static      | .rdata$r
    Section length   24, #relocs    3, #linenums    0, checksum 81256527, selection    2 (pick any)
766 00000000 SECT23C notype       External    | ??_R4runtime_error@std@@6B@ (const std::runtime_error::`RTTI Complete Object Locator')
767 00000000 SECT23D notype       Static      | .rdata$r
    Section length   14, #relocs    1, #linenums    0, checksum 4225077D, selection    2 (pick any)
769 00000000 SECT23D notype       External    | ??_R3runtime_error@std@@8 (std::runtime_error::`RTTI Class Hierarchy Descriptor')
76A 00000000 SECT23E notype       Static      | .rdata$r
    Section length   14, #relocs    2, #linenums    0, checksum        0, selection    2 (pick any)
76C 00000000 SECT23E notype       External    | ??_R2runtime_error@std@@8 (std::runtime_error::`RTTI Base Class Array')
76D 00000000 SECT23F notype       Static      | .rdata$r
    Section length   24, #relocs    2, #linenums    0, checksum BBFC1360, selection    2 (pick any)
76F 00000000 SECT23F notype       External    | ??_R1A@?0A@EA@runtime_error@std@@8 (std::runtime_error::`RTTI Base Class Descriptor at (0,-1,0,64)')
770 00000000 SECT240 notype       Static      | .rdata$r
    Section length   24, #relocs    3, #linenums    0, checksum 81256527, selection    2 (pick any)
772 00000000 SECT240 notype       External    | ??_R4error_category@std@@6B@ (const std::error_category::`RTTI Complete Object Locator')
773 00000000 SECT241 notype       Static      | .data$r
    Section length   29, #relocs    1, #linenums    0, checksum 57781CE5, selection    2 (pick any)
775 00000000 SECT241 notype       External    | ??_R0?AVerror_category@std@@@8 (class std::error_category `RTTI Type Descriptor')
776 00000000 SECT242 notype       Static      | .rdata$r
    Section length   14, #relocs    1, #linenums    0, checksum CCAA009E, selection    2 (pick any)
778 00000000 SECT242 notype       External    | ??_R3error_category@std@@8 (std::error_category::`RTTI Class Hierarchy Descriptor')
779 00000000 SECT243 notype       Static      | .rdata$r
    Section length    C, #relocs    1, #linenums    0, checksum        0, selection    2 (pick any)
77B 00000000 SECT243 notype       External    | ??_R2error_category@std@@8 (std::error_category::`RTTI Base Class Array')
77C 00000000 SECT244 notype       Static      | .rdata$r
    Section length   24, #relocs    2, #linenums    0, checksum 3AD97647, selection    2 (pick any)
77E 00000000 SECT244 notype       External    | ??_R1A@?0A@EA@error_category@std@@8 (std::error_category::`RTTI Base Class Descriptor at (0,-1,0,64)')
77F 00000000 SECT245 notype       Static      | .rdata$r
    Section length   24, #relocs    3, #linenums    0, checksum 81256527, selection    2 (pick any)
781 00000000 SECT245 notype       External    | ??_R4_Generic_error_category@std@@6B@ (const std::_Generic_error_category::`RTTI Complete Object Locator')
782 00000000 SECT246 notype       Static      | .data$r
    Section length   32, #relocs    1, #linenums    0, checksum 61E25741, selection    2 (pick any)
784 00000000 SECT246 notype       External    | ??_R0?AV_Generic_error_category@std@@@8 (class std::_Generic_error_category `RTTI Type Descriptor')
785 00000000 SECT247 notype       Static      | .rdata$r
    Section length   14, #relocs    1, #linenums    0, checksum 4225077D, selection    2 (pick any)
787 00000000 SECT247 notype       External    | ??_R3_Generic_error_category@std@@8 (std::_Generic_error_category::`RTTI Class Hierarchy Descriptor')
788 00000000 SECT248 notype       Static      | .rdata$r
    Section length   14, #relocs    2, #linenums    0, checksum        0, selection    2 (pick any)
78A 00000000 SECT248 notype       External    | ??_R2_Generic_error_category@std@@8 (std::_Generic_error_category::`RTTI Base Class Array')
78B 00000000 SECT249 notype       Static      | .rdata$r
    Section length   24, #relocs    2, #linenums    0, checksum BBFC1360, selection    2 (pick any)
78D 00000000 SECT249 notype       External    | ??_R1A@?0A@EA@_Generic_error_category@std@@8 (std::_Generic_error_category::`RTTI Base Class Descriptor at (0,-1,0,64)')
78E 00000000 SECT24A notype       Static      | .rdata$r
    Section length   24, #relocs    3, #linenums    0, checksum 81256527, selection    2 (pick any)
790 00000000 SECT24A notype       External    | ??_R4_Iostream_error_category@std@@6B@ (const std::_Iostream_error_category::`RTTI Complete Object Locator')
791 00000000 SECT24B notype       Static      | .data$r
    Section length   33, #relocs    1, #linenums    0, checksum 9ABBB05D, selection    2 (pick any)
793 00000000 SECT24B notype       External    | ??_R0?AV_Iostream_error_category@std@@@8 (class std::_Iostream_error_category `RTTI Type Descriptor')
794 00000000 SECT24C notype       Static      | .rdata$r
    Section length   14, #relocs    1, #linenums    0, checksum 8E8F07E3, selection    2 (pick any)
796 00000000 SECT24C notype       External    | ??_R3_Iostream_error_category@std@@8 (std::_Iostream_error_category::`RTTI Class Hierarchy Descriptor')
797 00000000 SECT24D notype       Static      | .rdata$r
    Section length   1C, #relocs    3, #linenums    0, checksum        0, selection    2 (pick any)
799 00000000 SECT24D notype       External    | ??_R2_Iostream_error_category@std@@8 (std::_Iostream_error_category::`RTTI Base Class Array')
79A 00000000 SECT24E notype       Static      | .rdata$r
    Section length   24, #relocs    2, #linenums    0, checksum E3E2BA48, selection    2 (pick any)
79C 00000000 SECT24E notype       External    | ??_R1A@?0A@EA@_Iostream_error_category@std@@8 (std::_Iostream_error_category::`RTTI Base Class Descriptor at (0,-1,0,64)')
79D 00000000 SECT24F notype       Static      | .rdata$r
    Section length   24, #relocs    3, #linenums    0, checksum 81256527, selection    2 (pick any)
79F 00000000 SECT24F notype       External    | ??_R4_System_error_category@std@@6B@ (const std::_System_error_category::`RTTI Complete Object Locator')
7A0 00000000 SECT250 notype       Static      | .data$r
    Section length   31, #relocs    1, #linenums    0, checksum FF15FF41, selection    2 (pick any)
7A2 00000000 SECT250 notype       External    | ??_R0?AV_System_error_category@std@@@8 (class std::_System_error_category `RTTI Type Descriptor')
7A3 00000000 SECT251 notype       Static      | .rdata$r
    Section length   14, #relocs    1, #linenums    0, checksum 8E8F07E3, selection    2 (pick any)
7A5 00000000 SECT251 notype       External    | ??_R3_System_error_category@std@@8 (std::_System_error_category::`RTTI Class Hierarchy Descriptor')
7A6 00000000 SECT252 notype       Static      | .rdata$r
    Section length   1C, #relocs    3, #linenums    0, checksum        0, selection    2 (pick any)
7A8 00000000 SECT252 notype       External    | ??_R2_System_error_category@std@@8 (std::_System_error_category::`RTTI Base Class Array')
7A9 00000000 SECT253 notype       Static      | .rdata$r
    Section length   24, #relocs    2, #linenums    0, checksum E3E2BA48, selection    2 (pick any)
7AB 00000000 SECT253 notype       External    | ??_R1A@?0A@EA@_System_error_category@std@@8 (std::_System_error_category::`RTTI Base Class Descriptor at (0,-1,0,64)')
7AC 00000000 SECT254 notype       Static      | .rdata$r
    Section length   24, #relocs    3, #linenums    0, checksum 81256527, selection    2 (pick any)
7AE 00000000 SECT254 notype       External    | ??_R4Failure@ClientMiles@@6B@ (const ClientMiles::Failure::`RTTI Complete Object Locator')
7AF 00000000 SECT255 notype       Static      | .rdata$r
    Section length   14, #relocs    1, #linenums    0, checksum 8E8F07E3, selection    2 (pick any)
7B1 00000000 SECT255 notype       External    | ??_R3Failure@ClientMiles@@8 (ClientMiles::Failure::`RTTI Class Hierarchy Descriptor')
7B2 00000000 SECT256 notype       Static      | .rdata$r
    Section length   1C, #relocs    3, #linenums    0, checksum        0, selection    2 (pick any)
7B4 00000000 SECT256 notype       External    | ??_R2Failure@ClientMiles@@8 (ClientMiles::Failure::`RTTI Base Class Array')
7B5 00000000 SECT257 notype       Static      | .rdata$r
    Section length   24, #relocs    2, #linenums    0, checksum E3E2BA48, selection    2 (pick any)
7B7 00000000 SECT257 notype       External    | ??_R1A@?0A@EA@Failure@ClientMiles@@8 (ClientMiles::Failure::`RTTI Base Class Descriptor at (0,-1,0,64)')
7B8 00000000 UNDEF  notype       External     | __security_cookie
7B9 00000000 UNDEF  notype       External     | _fltused
7BA 00000000 SECT258 notype       Static      | .CRT$XCU
    Section length    8, #relocs    1, #linenums    0, checksum        0, selection    5 (pick associative Section 0x20E)
7BC 00000000 SECT258 notype       Static      | ?_Generic_object$initializer$@?$_Error_objects@H@std@@2P6AXXZEA (public: static void (__cdecl* std::_Error_objects<int>::_Generic_object$initializer$)(void))
7BD 00000000 SECT259 notype       Static      | .CRT$XCU
    Section length    8, #relocs    1, #linenums    0, checksum        0, selection    5 (pick associative Section 0x20F)
7BF 00000000 SECT259 notype       Static      | ?_Iostream_object$initializer$@?$_Error_objects@H@std@@2P6AXXZEA (public: static void (__cdecl* std::_Error_objects<int>::_Iostream_object$initializer$)(void))
7C0 00000000 SECT25A notype       Static      | .CRT$XCU
    Section length    8, #relocs    1, #linenums    0, checksum        0, selection    5 (pick associative Section 0x210)
7C2 00000000 SECT25A notype       Static      | ?_System_object$initializer$@?$_Error_objects@H@std@@2P6AXXZEA (public: static void (__cdecl* std::_Error_objects<int>::_System_object$initializer$)(void))

String Table Size = 0xAF1E bytes

  Summary

          18 .CRT$XCU
          2A .bss
          18 .data
         135 .data$r
          88 .debug$S
         320 .drectve
         4A4 .pdata
         775 .rdata
         2F4 .rdata$r
          24 .text$di
        36F2 .text$mn
         24F .text$x
          2D .text$yd
         9C4 .xdata
          A4 .xdata$x
