Microsoft (R) COFF/PE Dumper Version 12.00.40629.0
Copyright (C) Microsoft Corporation.  All rights reserved.


Dump of file C:\stream-native38\native-v1\00\unit.obj

File Type: COFF OBJECT

COFF SYMBOL TABLE
000 00E19EB5 ABS    notype       Static       | @comp.id
001 80000190 ABS    notype       Static       | @feat.00
002 00000000 SECT1  notype       Static       | .drectve
    Section length  320, #relocs    0, #linenums    0, checksum        0
004 00000000 SECT2  notype       Static       | .debug$S
    Section length   7C, #relocs    0, #linenums    0, checksum        0
006 00000000 SECT3  notype       Static       | .bss
    Section length    A, #relocs    0, #linenums    0, checksum        0
008 00000000 SECT3  notype       External     | ?selectedSession@?A0x4bb42cee@@3PEAVSession@ClientMilesPipe@@EA (class ClientMilesPipe::Session * `anonymous namespace'::selectedSession)
009 00000000 SECT4  notype       Static       | .text$mn
    Section length    3, #relocs    0, #linenums    0, checksum DE285C5B, selection    2 (pick any)
00B 00000000 SECT5  notype       Static       | .text$mn
    Section length    3, #relocs    0, #linenums    0, checksum DE285C5B, selection    2 (pick any)
00D 00000000 SECT6  notype       Static       | .text$mn
    Section length    3, #relocs    0, #linenums    0, checksum EE7875BA, selection    2 (pick any)
00F 00000000 SECT7  notype       Static       | .text$mn
    Section length   26, #relocs    2, #linenums    0, checksum ACD6AFDA, selection    2 (pick any)
011 00000000 SECT8  notype       Static       | .text$mn
    Section length   26, #relocs    2, #linenums    0, checksum ACD6AFDA, selection    2 (pick any)
013 00000000 SECT9  notype       Static       | .text$mn
    Section length   37, #relocs    2, #linenums    0, checksum 1412B13E, selection    2 (pick any)
015 00000000 SECTA  notype       Static       | .text$mn
    Section length   37, #relocs    2, #linenums    0, checksum 1412B13E, selection    2 (pick any)
017 00000000 SECTB  notype       Static       | .text$mn
    Section length   38, #relocs    1, #linenums    0, checksum 3361FF08, selection    2 (pick any)
019 00000000 SECTC  notype       Static       | .text$x
    Section length   20, #relocs    2, #linenums    0, checksum 452F2CFA, selection    5 (pick associative Section 0xB)
01B 00000000 SECTD  notype       Static       | .text$mn
    Section length   38, #relocs    1, #linenums    0, checksum 3361FF08, selection    2 (pick any)
01D 00000000 SECTE  notype       Static       | .text$x
    Section length   20, #relocs    2, #linenums    0, checksum 452F2CFA, selection    5 (pick associative Section 0xD)
01F 00000000 SECTF  notype       Static       | .text$mn
    Section length   30, #relocs    1, #linenums    0, checksum FFE3FFFB, selection    2 (pick any)
021 00000000 SECT10 notype       Static       | .text$mn
    Section length   30, #relocs    1, #linenums    0, checksum FFE3FFFB, selection    2 (pick any)
023 00000000 SECT11 notype       Static       | .text$mn
    Section length    3, #relocs    0, #linenums    0, checksum 922B422E, selection    2 (pick any)
025 00000000 SECT12 notype       Static       | .text$mn
    Section length    3, #relocs    0, #linenums    0, checksum 922B422E, selection    2 (pick any)
027 00000000 SECT13 notype       Static       | .text$mn
    Section length   60, #relocs    3, #linenums    0, checksum C6D63BA7, selection    2 (pick any)
029 00000000 SECT14 notype       Static       | .text$mn
    Section length   60, #relocs    3, #linenums    0, checksum C6D63BA7, selection    2 (pick any)
02B 00000000 SECT15 notype       Static       | .text$mn
    Section length    6, #relocs    0, #linenums    0, checksum C5956564, selection    2 (pick any)
02D 00000000 SECT16 notype       Static       | .text$mn
    Section length    6, #relocs    0, #linenums    0, checksum C5956564, selection    2 (pick any)
02F 00000000 SECT17 notype       Static       | .text$mn
    Section length    7, #relocs    0, #linenums    0, checksum 7097318A, selection    2 (pick any)
031 00000000 SECT18 notype       Static       | .text$mn
    Section length   20, #relocs    1, #linenums    0, checksum  2F7F4E4, selection    2 (pick any)
033 00000000 SECT19 notype       Static       | .text$mn
    Section length   20, #relocs    1, #linenums    0, checksum  2F7F4E4, selection    2 (pick any)
035 00000000 SECT1A notype       Static       | .text$mn
    Section length    4, #relocs    0, #linenums    0, checksum 634CF1B6, selection    2 (pick any)
037 00000000 SECT1B notype       Static       | .text$mn
    Section length    4, #relocs    0, #linenums    0, checksum 634CF1B6, selection    2 (pick any)
039 00000000 SECT1C notype       Static       | .text$mn
    Section length   26, #relocs    1, #linenums    0, checksum 6C0B3121, selection    2 (pick any)
03B 00000000 SECT1D notype       Static       | .text$mn
    Section length   26, #relocs    1, #linenums    0, checksum 6C0B3121, selection    2 (pick any)
03D 00000000 SECT1E notype       Static       | .text$mn
    Section length   26, #relocs    1, #linenums    0, checksum 6C0B3121, selection    2 (pick any)
03F 00000000 SECT1F notype       Static       | .text$mn
    Section length   26, #relocs    1, #linenums    0, checksum 6C0B3121, selection    2 (pick any)
041 00000000 SECT20 notype       Static       | .text$mn
    Section length   26, #relocs    1, #linenums    0, checksum 6C0B3121, selection    2 (pick any)
043 00000000 SECT21 notype       Static       | .text$mn
    Section length   26, #relocs    1, #linenums    0, checksum 6C0B3121, selection    2 (pick any)
045 00000000 SECT22 notype       Static       | .text$mn
    Section length    4, #relocs    0, #linenums    0, checksum 634CF1B6, selection    2 (pick any)
047 00000000 SECT23 notype       Static       | .text$mn
    Section length    4, #relocs    0, #linenums    0, checksum 634CF1B6, selection    2 (pick any)
049 00000000 SECT24 notype       Static       | .text$mn
    Section length    4, #relocs    0, #linenums    0, checksum 634CF1B6, selection    2 (pick any)
04B 00000000 SECT25 notype       Static       | .text$mn
    Section length    4, #relocs    0, #linenums    0, checksum 634CF1B6, selection    2 (pick any)
04D 00000000 SECT26 notype       Static       | .text$mn
    Section length    4, #relocs    0, #linenums    0, checksum 634CF1B6, selection    2 (pick any)
04F 00000000 SECT27 notype       Static       | .text$mn
    Section length    4, #relocs    0, #linenums    0, checksum 634CF1B6, selection    2 (pick any)
051 00000000 SECT28 notype       Static       | .text$mn
    Section length    4, #relocs    0, #linenums    0, checksum 634CF1B6, selection    2 (pick any)
053 00000000 SECT29 notype       Static       | .text$mn
    Section length    4, #relocs    0, #linenums    0, checksum 634CF1B6, selection    2 (pick any)
055 00000000 SECT2A notype       Static       | .text$mn
    Section length    4, #relocs    0, #linenums    0, checksum 634CF1B6, selection    2 (pick any)
057 00000000 SECT2B notype       Static       | .text$mn
    Section length    C, #relocs    0, #linenums    0, checksum 25E6E91D, selection    2 (pick any)
059 00000000 SECT2C notype       Static       | .text$mn
    Section length    C, #relocs    0, #linenums    0, checksum 25E6E91D, selection    2 (pick any)
05B 00000000 SECT2D notype       Static       | .text$mn
    Section length    C, #relocs    0, #linenums    0, checksum 25E6E91D, selection    2 (pick any)
05D 00000000 SECT2E notype       Static       | .text$mn
    Section length    C, #relocs    0, #linenums    0, checksum 25E6E91D, selection    2 (pick any)
05F 00000000 SECT2F notype       Static       | .text$mn
    Section length    C, #relocs    0, #linenums    0, checksum 25E6E91D, selection    2 (pick any)
061 00000000 SECT30 notype       Static       | .text$mn
    Section length    C, #relocs    0, #linenums    0, checksum 25E6E91D, selection    2 (pick any)
063 00000000 SECT31 notype       Static       | .text$mn
    Section length    C, #relocs    0, #linenums    0, checksum 25E6E91D, selection    2 (pick any)
065 00000000 SECT32 notype       Static       | .text$mn
    Section length    C, #relocs    0, #linenums    0, checksum 25E6E91D, selection    2 (pick any)
067 00000000 SECT33 notype       Static       | .text$mn
    Section length    C, #relocs    0, #linenums    0, checksum 25E6E91D, selection    2 (pick any)
069 00000000 SECT34 notype       Static       | .text$mn
    Section length   13, #relocs    0, #linenums    0, checksum C2F35D1D, selection    2 (pick any)
06B 00000000 SECT35 notype       Static       | .text$mn
    Section length   13, #relocs    0, #linenums    0, checksum C2F35D1D, selection    2 (pick any)
06D 00000000 SECT36 notype       Static       | .text$mn
    Section length   13, #relocs    0, #linenums    0, checksum C2F35D1D, selection    2 (pick any)
06F 00000000 SECT37 notype       Static       | .text$mn
    Section length   13, #relocs    0, #linenums    0, checksum C2F35D1D, selection    2 (pick any)
071 00000000 SECT38 notype       Static       | .text$mn
    Section length   13, #relocs    0, #linenums    0, checksum C2F35D1D, selection    2 (pick any)
073 00000000 SECT39 notype       Static       | .text$mn
    Section length   13, #relocs    0, #linenums    0, checksum C2F35D1D, selection    2 (pick any)
075 00000000 SECT3A notype       Static       | .text$mn
    Section length    3, #relocs    0, #linenums    0, checksum 922B422E, selection    2 (pick any)
077 00000000 SECT3B notype       Static       | .text$mn
    Section length    3, #relocs    0, #linenums    0, checksum 922B422E, selection    2 (pick any)
079 00000000 SECT3C notype       Static       | .text$mn
    Section length    3, #relocs    0, #linenums    0, checksum 922B422E, selection    2 (pick any)
07B 00000000 SECT3D notype       Static       | .text$mn
    Section length    3, #relocs    0, #linenums    0, checksum 922B422E, selection    2 (pick any)
07D 00000000 SECT3E notype       Static       | .text$mn
    Section length    3, #relocs    0, #linenums    0, checksum 922B422E, selection    2 (pick any)
07F 00000000 SECT3F notype       Static       | .text$mn
    Section length    3, #relocs    0, #linenums    0, checksum 922B422E, selection    2 (pick any)
081 00000000 SECT40 notype       Static       | .text$mn
    Section length    3, #relocs    0, #linenums    0, checksum 922B422E, selection    2 (pick any)
083 00000000 SECT41 notype       Static       | .text$mn
    Section length    3, #relocs    0, #linenums    0, checksum 922B422E, selection    2 (pick any)
085 00000000 SECT42 notype       Static       | .text$mn
    Section length    3, #relocs    0, #linenums    0, checksum 922B422E, selection    2 (pick any)
087 00000000 SECT43 notype       Static       | .text$mn
    Section length    D, #relocs    1, #linenums    0, checksum 6A6AE96C, selection    2 (pick any)
089 00000000 SECT44 notype       Static       | .text$mn
    Section length    D, #relocs    1, #linenums    0, checksum 6A6AE96C, selection    2 (pick any)
08B 00000000 SECT45 notype       Static       | .text$mn
    Section length    D, #relocs    1, #linenums    0, checksum 6A6AE96C, selection    2 (pick any)
08D 00000000 SECT46 notype       Static       | .text$mn
    Section length    D, #relocs    1, #linenums    0, checksum 6A6AE96C, selection    2 (pick any)
08F 00000000 SECT47 notype       Static       | .text$mn
    Section length    D, #relocs    1, #linenums    0, checksum 6A6AE96C, selection    2 (pick any)
091 00000000 SECT48 notype       Static       | .text$mn
    Section length    D, #relocs    1, #linenums    0, checksum 6A6AE96C, selection    2 (pick any)
093 00000000 SECT49 notype       Static       | .text$mn
    Section length    4, #relocs    0, #linenums    0, checksum 634CF1B6, selection    2 (pick any)
095 00000000 SECT4A notype       Static       | .text$mn
    Section length    4, #relocs    0, #linenums    0, checksum 634CF1B6, selection    2 (pick any)
097 00000000 SECT4B notype       Static       | .text$mn
    Section length    4, #relocs    0, #linenums    0, checksum 634CF1B6, selection    2 (pick any)
099 00000000 SECT4C notype       Static       | .text$mn
    Section length    4, #relocs    0, #linenums    0, checksum 634CF1B6, selection    2 (pick any)
09B 00000000 SECT4D notype       Static       | .text$mn
    Section length    4, #relocs    0, #linenums    0, checksum 634CF1B6, selection    2 (pick any)
09D 00000000 SECT4E notype       Static       | .text$mn
    Section length    4, #relocs    0, #linenums    0, checksum 634CF1B6, selection    2 (pick any)
09F 00000000 SECT4F notype       Static       | .text$mn
    Section length    4, #relocs    0, #linenums    0, checksum 634CF1B6, selection    2 (pick any)
0A1 00000000 SECT50 notype       Static       | .text$mn
    Section length    4, #relocs    0, #linenums    0, checksum 634CF1B6, selection    2 (pick any)
0A3 00000000 SECT51 notype       Static       | .text$mn
    Section length    4, #relocs    0, #linenums    0, checksum 634CF1B6, selection    2 (pick any)
0A5 00000000 SECT52 notype       Static       | .text$mn
    Section length    4, #relocs    0, #linenums    0, checksum 634CF1B6, selection    2 (pick any)
0A7 00000000 SECT53 notype       Static       | .text$mn
    Section length    4, #relocs    0, #linenums    0, checksum 634CF1B6, selection    2 (pick any)
0A9 00000000 SECT54 notype       Static       | .text$mn
    Section length    4, #relocs    0, #linenums    0, checksum 634CF1B6, selection    2 (pick any)
0AB 00000000 SECT55 notype       Static       | .text$mn
    Section length    4, #relocs    0, #linenums    0, checksum 634CF1B6, selection    2 (pick any)
0AD 00000000 SECT56 notype       Static       | .text$mn
    Section length   27, #relocs    0, #linenums    0, checksum CE844D55, selection    2 (pick any)
0AF 00000000 SECT57 notype       Static       | .text$mn
    Section length   27, #relocs    0, #linenums    0, checksum CE844D55, selection    2 (pick any)
0B1 00000000 SECT58 notype       Static       | .text$mn
    Section length   28, #relocs    1, #linenums    0, checksum F2E43225, selection    2 (pick any)
0B3 00000000 SECT59 notype       Static       | .text$mn
    Section length   28, #relocs    1, #linenums    0, checksum F2E43225, selection    2 (pick any)
0B5 00000000 SECT5A notype       Static       | .text$mn
    Section length   28, #relocs    1, #linenums    0, checksum F2E43225, selection    2 (pick any)
0B7 00000000 SECT5B notype       Static       | .text$mn
    Section length   28, #relocs    1, #linenums    0, checksum F2E43225, selection    2 (pick any)
0B9 00000000 SECT5C notype       Static       | .text$mn
    Section length    7, #relocs    0, #linenums    0, checksum 7097318A, selection    2 (pick any)
0BB 00000000 SECT5D notype       Static       | .text$mn
    Section length    7, #relocs    0, #linenums    0, checksum 7097318A, selection    2 (pick any)
0BD 00000000 SECT5E notype       Static       | .text$mn
    Section length    7, #relocs    0, #linenums    0, checksum 7097318A, selection    2 (pick any)
0BF 00000000 SECT5F notype       Static       | .text$mn
    Section length    7, #relocs    0, #linenums    0, checksum 7097318A, selection    2 (pick any)
0C1 00000000 SECT60 notype       Static       | .text$mn
    Section length    7, #relocs    0, #linenums    0, checksum 7097318A, selection    2 (pick any)
0C3 00000000 SECT61 notype       Static       | .text$mn
    Section length    7, #relocs    0, #linenums    0, checksum 7097318A, selection    2 (pick any)
0C5 00000000 SECT62 notype       Static       | .text$mn
    Section length    7, #relocs    0, #linenums    0, checksum 7097318A, selection    2 (pick any)
0C7 00000000 SECT63 notype       Static       | .text$mn
    Section length    7, #relocs    0, #linenums    0, checksum 7097318A, selection    2 (pick any)
0C9 00000000 SECT64 notype       Static       | .text$mn
    Section length    D, #relocs    0, #linenums    0, checksum FB398214, selection    2 (pick any)
0CB 00000000 SECT65 notype       Static       | .text$mn
    Section length    D, #relocs    0, #linenums    0, checksum FB398214, selection    2 (pick any)
0CD 00000000 SECT66 notype       Static       | .text$mn
    Section length    E, #relocs    0, #linenums    0, checksum 3D05B36D, selection    2 (pick any)
0CF 00000000 SECT67 notype       Static       | .text$mn
    Section length    E, #relocs    0, #linenums    0, checksum 3D05B36D, selection    2 (pick any)
0D1 00000000 SECT68 notype       Static       | .text$mn
    Section length    7, #relocs    0, #linenums    0, checksum 7097318A, selection    2 (pick any)
0D3 00000000 SECT69 notype       Static       | .text$mn
    Section length    7, #relocs    0, #linenums    0, checksum 7097318A, selection    2 (pick any)
0D5 00000000 SECT6A notype       Static       | .text$mn
    Section length    7, #relocs    0, #linenums    0, checksum 7097318A, selection    2 (pick any)
0D7 00000000 SECT6B notype       Static       | .text$mn
    Section length    7, #relocs    0, #linenums    0, checksum 7097318A, selection    2 (pick any)
0D9 00000000 SECT6C notype       Static       | .text$mn
    Section length    7, #relocs    0, #linenums    0, checksum 7097318A, selection    2 (pick any)
0DB 00000000 SECT6D notype       Static       | .text$mn
    Section length    7, #relocs    0, #linenums    0, checksum 7097318A, selection    2 (pick any)
0DD 00000000 SECT6E notype       Static       | .text$mn
    Section length    7, #relocs    0, #linenums    0, checksum 7097318A, selection    2 (pick any)
0DF 00000000 SECT6F notype       Static       | .text$mn
    Section length   11, #relocs    0, #linenums    0, checksum 3D1758C6, selection    2 (pick any)
0E1 00000000 SECT70 notype       Static       | .text$mn
    Section length    7, #relocs    0, #linenums    0, checksum 7097318A, selection    2 (pick any)
0E3 00000000 SECT71 notype       Static       | .text$mn
    Section length   11, #relocs    0, #linenums    0, checksum 3D1758C6, selection    2 (pick any)
0E5 00000000 SECT72 notype       Static       | .text$mn
    Section length    4, #relocs    0, #linenums    0, checksum 634CF1B6, selection    2 (pick any)
0E7 00000000 SECT73 notype       Static       | .text$mn
    Section length    4, #relocs    0, #linenums    0, checksum 634CF1B6, selection    2 (pick any)
0E9 00000000 SECT74 notype       Static       | .text$mn
    Section length    4, #relocs    0, #linenums    0, checksum 634CF1B6, selection    2 (pick any)
0EB 00000000 SECT75 notype       Static       | .text$mn
    Section length    4, #relocs    0, #linenums    0, checksum 634CF1B6, selection    2 (pick any)
0ED 00000000 SECT76 notype       Static       | .text$mn
    Section length    4, #relocs    0, #linenums    0, checksum 634CF1B6, selection    2 (pick any)
0EF 00000000 SECT77 notype       Static       | .text$mn
    Section length    4, #relocs    0, #linenums    0, checksum 634CF1B6, selection    2 (pick any)
0F1 00000000 SECT78 notype       Static       | .text$mn
    Section length    4, #relocs    0, #linenums    0, checksum 634CF1B6, selection    2 (pick any)
0F3 00000000 SECT79 notype       Static       | .text$mn
    Section length    4, #relocs    0, #linenums    0, checksum 634CF1B6, selection    2 (pick any)
0F5 00000000 SECT7A notype       Static       | .text$mn
    Section length    4, #relocs    0, #linenums    0, checksum 634CF1B6, selection    2 (pick any)
0F7 00000000 SECT7B notype       Static       | .text$mn
    Section length    4, #relocs    0, #linenums    0, checksum 634CF1B6, selection    2 (pick any)
0F9 00000000 SECT7C notype       Static       | .text$mn
    Section length    4, #relocs    0, #linenums    0, checksum 634CF1B6, selection    2 (pick any)
0FB 00000000 SECT7D notype       Static       | .text$mn
    Section length    4, #relocs    0, #linenums    0, checksum 634CF1B6, selection    2 (pick any)
0FD 00000000 SECT7E notype       Static       | .text$mn
    Section length    4, #relocs    0, #linenums    0, checksum 634CF1B6, selection    2 (pick any)
0FF 00000000 SECT7F notype       Static       | .text$mn
    Section length    4, #relocs    0, #linenums    0, checksum 634CF1B6, selection    2 (pick any)
101 00000000 SECT80 notype       Static       | .text$mn
    Section length   31, #relocs    1, #linenums    0, checksum 102F4FFA, selection    2 (pick any)
103 00000000 SECT81 notype       Static       | .text$mn
    Section length   3C, #relocs    1, #linenums    0, checksum 76EAF9E1, selection    2 (pick any)
105 00000000 SECT82 notype       Static       | .text$mn
    Section length   17, #relocs    0, #linenums    0, checksum F9A9D51A, selection    2 (pick any)
107 00000000 SECT83 notype       Static       | .text$mn
    Section length    4, #relocs    0, #linenums    0, checksum 634CF1B6, selection    2 (pick any)
109 00000000 SECT84 notype       Static       | .text$mn
    Section length    4, #relocs    0, #linenums    0, checksum 634CF1B6, selection    2 (pick any)
10B 00000000 SECT85 notype       Static       | .text$mn
    Section length    4, #relocs    0, #linenums    0, checksum 634CF1B6, selection    2 (pick any)
10D 00000000 SECT86 notype       Static       | .text$mn
    Section length    4, #relocs    0, #linenums    0, checksum 634CF1B6, selection    2 (pick any)
10F 00000000 SECT87 notype       Static       | .text$mn
    Section length   28, #relocs    1, #linenums    0, checksum F2E43225, selection    2 (pick any)
111 00000000 SECT88 notype       Static       | .text$mn
    Section length   28, #relocs    1, #linenums    0, checksum F2E43225, selection    2 (pick any)
113 00000000 SECT89 notype       Static       | .text$mn
    Section length    7, #relocs    0, #linenums    0, checksum 7097318A, selection    2 (pick any)
115 00000000 SECT8A notype       Static       | .text$mn
    Section length    B, #relocs    0, #linenums    0, checksum 82DF0887, selection    2 (pick any)
117 00000000 SECT8B notype       Static       | .text$mn
    Section length   11, #relocs    0, #linenums    0, checksum FBCE3E06, selection    2 (pick any)
119 00000000 SECT8C notype       Static       | .text$mn
    Section length    7, #relocs    0, #linenums    0, checksum 7097318A, selection    2 (pick any)
11B 00000000 SECT8D notype       Static       | .text$mn
    Section length   11, #relocs    0, #linenums    0, checksum FBCE3E06, selection    2 (pick any)
11D 00000000 SECT8E notype       Static       | .text$mn
    Section length    7, #relocs    0, #linenums    0, checksum 7097318A, selection    2 (pick any)
11F 00000000 SECT8F notype       Static       | .text$mn
    Section length    7, #relocs    0, #linenums    0, checksum 7097318A, selection    2 (pick any)
121 00000000 SECT90 notype       Static       | .text$mn
    Section length   11, #relocs    0, #linenums    0, checksum FBCE3E06, selection    2 (pick any)
123 00000000 SECT91 notype       Static       | .text$mn
    Section length   AA, #relocs    5, #linenums    0, checksum 64C632AA, selection    2 (pick any)
125 00000000 SECT92 notype       Static       | .text$x
    Section length   20, #relocs    2, #linenums    0, checksum 7C6EA17D, selection    5 (pick associative Section 0x91)
127 00000000 SECT93 notype       Static       | .text$mn
    Section length   11, #relocs    0, #linenums    0, checksum 3D1758C6, selection    2 (pick any)
129 00000000 SECT94 notype       Static       | .text$mn
    Section length    B, #relocs    0, #linenums    0, checksum 39A4976E, selection    2 (pick any)
12B 00000000 SECT95 notype       Static       | .text$mn
    Section length   33, #relocs    2, #linenums    0, checksum 9CE0BBB7, selection    2 (pick any)
12D 00000000 SECT96 notype       Static       | .text$mn
    Section length   39, #relocs    2, #linenums    0, checksum F3F76785, selection    2 (pick any)
12F 00000000 SECT97 notype       Static       | .text$mn
    Section length   46, #relocs    1, #linenums    0, checksum B148FA53, selection    2 (pick any)
131 00000000 SECT98 notype       Static       | .text$mn
    Section length   2B, #relocs    1, #linenums    0, checksum  8456791, selection    2 (pick any)
133 00000000 SECT99 notype       Static       | .text$mn
    Section length   19, #relocs    0, #linenums    0, checksum  89F7C8A, selection    2 (pick any)
135 00000000 SECT9A notype       Static       | .text$mn
    Section length   3F, #relocs    1, #linenums    0, checksum  6328A5B, selection    2 (pick any)
137 00000000 SECT9B notype       Static       | .text$mn
    Section length   1B, #relocs    0, #linenums    0, checksum D9553AD4, selection    2 (pick any)
139 00000000 SECT9C notype       Static       | .text$mn
    Section length    F, #relocs    0, #linenums    0, checksum 1D23541D, selection    2 (pick any)
13B 00000000 SECT9D notype       Static       | .text$mn
    Section length   63, #relocs    2, #linenums    0, checksum 60C0CD7B, selection    2 (pick any)
13D 00000000 SECT9E notype       Static       | .text$x
    Section length    C, #relocs    1, #linenums    0, checksum 68DE4CB4, selection    5 (pick associative Section 0x9D)
13F 00000000 SECT9F notype       Static       | .text$mn
    Section length   DF, #relocs    9, #linenums    0, checksum FEAEA331, selection    1 (pick no duplicates)
141 00000000 SECTA0 notype       Static       | .text$x
    Section length   48, #relocs    5, #linenums    0, checksum 5666FE47, selection    5 (pick associative Section 0x9F)
143 00000000 SECTA1 notype       Static       | .text$mn
    Section length    E, #relocs    1, #linenums    0, checksum 1D727DB6, selection    2 (pick any)
145 00000000 SECTA2 notype       Static       | .text$mn
    Section length    E, #relocs    1, #linenums    0, checksum 1D727DB6, selection    2 (pick any)
147 00000000 SECTA3 notype       Static       | .text$mn
    Section length    E, #relocs    1, #linenums    0, checksum 1D727DB6, selection    2 (pick any)
149 00000000 SECTA4 notype       Static       | .text$mn
    Section length    E, #relocs    1, #linenums    0, checksum 1D727DB6, selection    2 (pick any)
14B 00000000 SECTA5 notype       Static       | .text$mn
    Section length    A, #relocs    0, #linenums    0, checksum 552F6FC4, selection    2 (pick any)
14D 00000000 SECTA6 notype       Static       | .text$mn
    Section length    7, #relocs    0, #linenums    0, checksum 7097318A, selection    2 (pick any)
14F 00000000 SECTA7 notype       Static       | .text$mn
    Section length   2A, #relocs    2, #linenums    0, checksum 15580513, selection    2 (pick any)
151 00000000 SECTA8 notype       Static       | .text$mn
    Section length   21, #relocs    2, #linenums    0, checksum CFB2977D, selection    2 (pick any)
153 00000000 SECTA9 notype       Static       | .text$mn
    Section length   2A, #relocs    2, #linenums    0, checksum 15580513, selection    2 (pick any)
155 00000000 SECTAA notype       Static       | .text$mn
    Section length    8, #relocs    1, #linenums    0, checksum 72A29336, selection    2 (pick any)
157 00000000 SECTAB notype       Static       | .text$mn
    Section length    8, #relocs    1, #linenums    0, checksum 72A29336, selection    2 (pick any)
159 00000000 SECTAC notype       Static       | .text$mn
    Section length    8, #relocs    1, #linenums    0, checksum 72A29336, selection    2 (pick any)
15B 00000000 SECTAD notype       Static       | .text$mn
    Section length    8, #relocs    1, #linenums    0, checksum 72A29336, selection    2 (pick any)
15D 00000000 SECTAE notype       Static       | .text$mn
    Section length   31, #relocs    1, #linenums    0, checksum 6A044D3B, selection    2 (pick any)
15F 00000000 SECTAF notype       Static       | .text$mn
    Section length   68, #relocs    3, #linenums    0, checksum  6AC07E4, selection    2 (pick any)
161 00000000 SECTB0 notype       Static       | .text$mn
    Section length   68, #relocs    3, #linenums    0, checksum  6AC07E4, selection    2 (pick any)
163 00000000 SECTB1 notype       Static       | .text$mn
    Section length    D, #relocs    1, #linenums    0, checksum F3888F6D, selection    2 (pick any)
165 00000000 SECTB2 notype       Static       | .text$mn
    Section length    D, #relocs    1, #linenums    0, checksum F3888F6D, selection    2 (pick any)
167 00000000 SECTB3 notype       Static       | .text$mn
    Section length    D, #relocs    1, #linenums    0, checksum F3888F6D, selection    2 (pick any)
169 00000000 SECTB4 notype       Static       | .text$mn
    Section length   32, #relocs    3, #linenums    0, checksum 23476F0A, selection    2 (pick any)
16B 00000000 SECTB5 notype       Static       | .text$mn
    Section length   14, #relocs    0, #linenums    0, checksum F06C8908, selection    2 (pick any)
16D 00000000 SECTB6 notype       Static       | .text$mn
    Section length   29, #relocs    1, #linenums    0, checksum F7CDA570, selection    2 (pick any)
16F 00000000 SECTB7 notype       Static       | .text$mn
    Section length    5, #relocs    1, #linenums    0, checksum 25C4A5AE, selection    2 (pick any)
171 00000000 SECTB8 notype       Static       | .text$mn
    Section length   2B, #relocs    1, #linenums    0, checksum 60EF6DBE, selection    2 (pick any)
173 00000000 SECTB9 notype       Static       | .text$mn
    Section length   33, #relocs    1, #linenums    0, checksum 4E80438E, selection    2 (pick any)
175 00000000 SECTBA notype       Static       | .text$mn
    Section length   1F, #relocs    2, #linenums    0, checksum D39E6790, selection    2 (pick any)
177 00000000 SECTBB notype       Static       | .text$mn
    Section length   72, #relocs    6, #linenums    0, checksum 88C9C434, selection    1 (pick no duplicates)
179 00000000 SECTBC notype       Static       | .text$mn
    Section length    B, #relocs    1, #linenums    0, checksum 9ED5CDC2, selection    2 (pick any)
17B 00000000 SECTBD notype       Static       | .text$mn
    Section length    B, #relocs    1, #linenums    0, checksum 9ED5CDC2, selection    2 (pick any)
17D 00000000 SECTBE notype       Static       | .text$mn
    Section length    B, #relocs    1, #linenums    0, checksum 9ED5CDC2, selection    2 (pick any)
17F 00000000 SECTBF notype       Static       | .text$mn
    Section length    B, #relocs    1, #linenums    0, checksum 9ED5CDC2, selection    2 (pick any)
181 00000000 SECTC0 notype       Static       | .text$mn
    Section length    5, #relocs    1, #linenums    0, checksum 25C4A5AE, selection    2 (pick any)
183 00000000 SECTC1 notype       Static       | .text$mn
    Section length    5, #relocs    1, #linenums    0, checksum 25C4A5AE, selection    2 (pick any)
185 00000000 SECTC2 notype       Static       | .text$mn
    Section length    4, #relocs    0, #linenums    0, checksum 4861A275, selection    2 (pick any)
187 00000000 SECTC3 notype       Static       | .text$mn
    Section length    3, #relocs    0, #linenums    0, checksum 922B422E, selection    2 (pick any)
189 00000000 SECTC4 notype       Static       | .text$mn
    Section length   31, #relocs    1, #linenums    0, checksum 97D41D6B, selection    2 (pick any)
18B 00000000 SECTC5 notype       Static       | .text$mn
    Section length  101, #relocs    6, #linenums    0, checksum 35E9A206, selection    2 (pick any)
18D 00000000 SECTC6 notype       Static       | .text$x
    Section length   20, #relocs    2, #linenums    0, checksum 7C6EA17D, selection    5 (pick associative Section 0xC5)
18F 00000000 SECTC7 notype       Static       | .text$mn
    Section length   46, #relocs    1, #linenums    0, checksum B148FA53, selection    2 (pick any)
191 00000000 SECTC8 notype       Static       | .text$mn
    Section length    A, #relocs    0, #linenums    0, checksum 350C78E7, selection    2 (pick any)
193 00000000 SECTC9 notype       Static       | .text$mn
    Section length    A, #relocs    0, #linenums    0, checksum 350C78E7, selection    2 (pick any)
195 00000000 SECTCA notype       Static       | .text$mn
    Section length    7, #relocs    0, #linenums    0, checksum D1127834, selection    2 (pick any)
197 00000000 SECTCB notype       Static       | .text$mn
    Section length   16, #relocs    0, #linenums    0, checksum  84D1194, selection    2 (pick any)
199 00000000 SECTCC notype       Static       | .text$mn
    Section length    A, #relocs    0, #linenums    0, checksum 34CE12D0, selection    2 (pick any)
19B 00000000 SECTCD notype       Static       | .text$mn
    Section length    A, #relocs    0, #linenums    0, checksum 34CE12D0, selection    2 (pick any)
19D 00000000 SECTCE notype       Static       | .text$mn
    Section length    7, #relocs    0, #linenums    0, checksum 99B41EF8, selection    2 (pick any)
19F 00000000 SECTCF notype       Static       | .text$mn
    Section length    9, #relocs    0, #linenums    0, checksum 6EC7D1E2, selection    2 (pick any)
1A1 00000000 SECTD0 notype       Static       | .text$mn
    Section length    9, #relocs    0, #linenums    0, checksum 6EC7D1E2, selection    2 (pick any)
1A3 00000000 SECTD1 notype       Static       | .text$mn
    Section length    8, #relocs    0, #linenums    0, checksum F55AA9B3, selection    2 (pick any)
1A5 00000000 SECTD2 notype       Static       | .text$mn
    Section length    8, #relocs    0, #linenums    0, checksum F55AA9B3, selection    2 (pick any)
1A7 00000000 SECTD3 notype       Static       | .text$mn
    Section length    4, #relocs    0, #linenums    0, checksum A8B626F8, selection    2 (pick any)
1A9 00000000 SECTD4 notype       Static       | .text$mn
    Section length    4, #relocs    0, #linenums    0, checksum A8B626F8, selection    2 (pick any)
1AB 00000000 SECTD5 notype       Static       | .text$mn
    Section length    4, #relocs    0, #linenums    0, checksum A8B626F8, selection    2 (pick any)
1AD 00000000 SECTD6 notype       Static       | .text$mn
    Section length    4, #relocs    0, #linenums    0, checksum A8B626F8, selection    2 (pick any)
1AF 00000000 SECTD7 notype       Static       | .text$mn
    Section length    8, #relocs    0, #linenums    0, checksum F55AA9B3, selection    2 (pick any)
1B1 00000000 SECTD8 notype       Static       | .text$mn
    Section length    8, #relocs    0, #linenums    0, checksum F55AA9B3, selection    2 (pick any)
1B3 00000000 SECTD9 notype       Static       | .text$mn
    Section length    8, #relocs    0, #linenums    0, checksum F55AA9B3, selection    2 (pick any)
1B5 00000000 SECTDA notype       Static       | .text$mn
    Section length    8, #relocs    0, #linenums    0, checksum F55AA9B3, selection    2 (pick any)
1B7 00000000 SECTDB notype       Static       | .text$mn
    Section length    4, #relocs    0, #linenums    0, checksum A8B626F8, selection    2 (pick any)
1B9 00000000 SECTDC notype       Static       | .text$mn
    Section length    4, #relocs    0, #linenums    0, checksum A8B626F8, selection    2 (pick any)
1BB 00000000 SECTDD notype       Static       | .text$mn
    Section length    4, #relocs    0, #linenums    0, checksum A8B626F8, selection    2 (pick any)
1BD 00000000 SECTDE notype       Static       | .text$mn
    Section length    4, #relocs    0, #linenums    0, checksum A8B626F8, selection    2 (pick any)
1BF 00000000 SECTDF notype       Static       | .text$mn
    Section length    4, #relocs    0, #linenums    0, checksum A8B626F8, selection    2 (pick any)
1C1 00000000 SECTE0 notype       Static       | .text$mn
    Section length   10, #relocs    0, #linenums    0, checksum 40AA5CFD, selection    2 (pick any)
1C3 00000000 SECTE1 notype       Static       | .text$mn
    Section length    D, #relocs    0, #linenums    0, checksum 149540AC, selection    2 (pick any)
1C5 00000000 SECTE2 notype       Static       | .text$mn
    Section length   10, #relocs    0, #linenums    0, checksum 40AA5CFD, selection    2 (pick any)
1C7 00000000 SECTE3 notype       Static       | .text$mn
    Section length    D, #relocs    0, #linenums    0, checksum 149540AC, selection    2 (pick any)
1C9 00000000 SECTE4 notype       Static       | .text$mn
    Section length    D, #relocs    0, #linenums    0, checksum 149540AC, selection    2 (pick any)
1CB 00000000 SECTE5 notype       Static       | .text$mn
    Section length    D, #relocs    0, #linenums    0, checksum 149540AC, selection    2 (pick any)
1CD 00000000 SECTE6 notype       Static       | .text$mn
    Section length    E, #relocs    0, #linenums    0, checksum 4B29912A, selection    2 (pick any)
1CF 00000000 SECTE7 notype       Static       | .text$mn
    Section length    E, #relocs    0, #linenums    0, checksum 4B29912A, selection    2 (pick any)
1D1 00000000 SECTE8 notype       Static       | .text$mn
    Section length    E, #relocs    0, #linenums    0, checksum 4B29912A, selection    2 (pick any)
1D3 00000000 SECTE9 notype       Static       | .text$mn
    Section length    E, #relocs    0, #linenums    0, checksum 4B29912A, selection    2 (pick any)
1D5 00000000 SECTEA notype       Static       | .text$mn
    Section length    D, #relocs    0, #linenums    0, checksum 5302AED0, selection    2 (pick any)
1D7 00000000 SECTEB notype       Static       | .text$mn
    Section length    8, #relocs    1, #linenums    0, checksum E5DEFF2C, selection    2 (pick any)
1D9 00000000 SECTEC notype       Static       | .text$mn
    Section length    8, #relocs    1, #linenums    0, checksum E5DEFF2C, selection    2 (pick any)
1DB 00000000 SECTED notype       Static       | .text$mn
    Section length    8, #relocs    1, #linenums    0, checksum E5DEFF2C, selection    2 (pick any)
1DD 00000000 SECTEE notype       Static       | .text$mn
    Section length   2C, #relocs    3, #linenums    0, checksum 9FEC3EC4, selection    2 (pick any)
1DF 00000000 SECTEF notype       Static       | .text$mn
    Section length   17, #relocs    0, #linenums    0, checksum B14E635D, selection    2 (pick any)
1E1 00000000 SECTF0 notype       Static       | .text$mn
    Section length    7, #relocs    0, #linenums    0, checksum 8274A73F, selection    2 (pick any)
1E3 00000000 SECTF1 notype       Static       | .text$mn
    Section length    7, #relocs    0, #linenums    0, checksum 698B2064, selection    2 (pick any)
1E5 00000000 SECTF2 notype       Static       | .text$mn
    Section length   38, #relocs    2, #linenums    0, checksum AF53727A, selection    2 (pick any)
1E7 00000000 SECTF3 notype       Static       | .text$mn
    Section length   38, #relocs    2, #linenums    0, checksum AF53727A, selection    2 (pick any)
1E9 00000000 SECTF4 notype       Static       | .text$mn
    Section length   2F, #relocs    2, #linenums    0, checksum E8707B62, selection    2 (pick any)
1EB 00000000 SECTF5 notype       Static       | .text$mn
    Section length   3B, #relocs    3, #linenums    0, checksum 7DCCB029, selection    2 (pick any)
1ED 00000000 SECTF6 notype       Static       | .text$mn
    Section length   26, #relocs    2, #linenums    0, checksum 8D85D357, selection    2 (pick any)
1EF 00000000 SECTF7 notype       Static       | .text$mn
    Section length   26, #relocs    2, #linenums    0, checksum 8D85D357, selection    2 (pick any)
1F1 00000000 SECTF8 notype       Static       | .text$mn
    Section length   26, #relocs    2, #linenums    0, checksum 8D85D357, selection    2 (pick any)
1F3 00000000 SECTF9 notype       Static       | .text$mn
    Section length   26, #relocs    2, #linenums    0, checksum 8D85D357, selection    2 (pick any)
1F5 00000000 SECTFA notype       Static       | .text$mn
    Section length   2F, #relocs    2, #linenums    0, checksum E8707B62, selection    2 (pick any)
1F7 00000000 SECTFB notype       Static       | .text$mn
    Section length   2F, #relocs    2, #linenums    0, checksum E8707B62, selection    2 (pick any)
1F9 00000000 SECTFC notype       Static       | .text$di
    Section length    C, #relocs    2, #linenums    0, checksum 5A209788, selection    2 (pick any)
1FB 00000000 SECTFD notype       Static       | .text$di
    Section length    C, #relocs    2, #linenums    0, checksum 5A209788, selection    2 (pick any)
1FD 00000000 SECTFE notype       Static       | .text$di
    Section length    C, #relocs    2, #linenums    0, checksum 5A209788, selection    2 (pick any)
1FF 00000000 SECTFF notype       Static       | .text$yd
    Section length    F, #relocs    2, #linenums    0, checksum 9982EF90, selection    2 (pick any)
201 00000000 SECT100 notype       Static      | .text$yd
    Section length    F, #relocs    2, #linenums    0, checksum 9982EF90, selection    2 (pick any)
203 00000000 SECT101 notype       Static      | .text$yd
    Section length    F, #relocs    2, #linenums    0, checksum 9982EF90, selection    2 (pick any)
205 00000000 SECT102 notype       Static      | .text$mn
    Section length  121, #relocs    D, #linenums    0, checksum 2D12BE51, selection    1 (pick no duplicates)
207 00000000 SECT103 notype       Static      | .text$x
    Section length    C, #relocs    1, #linenums    0, checksum 4AFEC4C9, selection    5 (pick associative Section 0x102)
209 00000000 SECT104 notype       Static      | .text$mn
    Section length    3, #relocs    0, #linenums    0, checksum 922B422E, selection    2 (pick any)
20B 00000000 SECT105 notype       Static      | .text$mn
    Section length   63, #relocs    4, #linenums    0, checksum 9C86F710, selection    2 (pick any)
20D 00000000 SECT106 notype       Static      | .text$mn
    Section length    A, #relocs    1, #linenums    0, checksum F630D081, selection    2 (pick any)
20F 00000000 SECT107 notype       Static      | .text$mn
    Section length    A, #relocs    1, #linenums    0, checksum F630D081, selection    2 (pick any)
211 00000000 SECT108 notype       Static      | .text$mn
    Section length   59, #relocs    2, #linenums    0, checksum 61C5D41C, selection    2 (pick any)
213 00000000 SECT109 notype       Static      | .text$x
    Section length   20, #relocs    2, #linenums    0, checksum E95A00AC, selection    5 (pick associative Section 0x108)
215 00000000 SECT10A notype       Static      | .text$mn
    Section length   59, #relocs    2, #linenums    0, checksum 61C5D41C, selection    2 (pick any)
217 00000000 SECT10B notype       Static      | .text$x
    Section length   20, #relocs    2, #linenums    0, checksum E95A00AC, selection    5 (pick associative Section 0x10A)
219 00000000 SECT10C notype       Static      | .text$mn
    Section length    3, #relocs    0, #linenums    0, checksum 922B422E, selection    2 (pick any)
21B 00000000 SECT10D notype       Static      | .text$mn
    Section length  101, #relocs    4, #linenums    0, checksum EF933E80, selection    2 (pick any)
21D 00000000 SECT10E notype       Static      | .text$x
    Section length   81, #relocs    5, #linenums    0, checksum D566DCAD, selection    5 (pick associative Section 0x10D)
21F 00000000 SECT10F notype       Static      | .text$mn
    Section length    3, #relocs    0, #linenums    0, checksum 922B422E, selection    2 (pick any)
221 00000000 SECT110 notype       Static      | .text$mn
    Section length   18, #relocs    0, #linenums    0, checksum E48843A0, selection    2 (pick any)
223 00000000 SECT111 notype       Static      | .text$mn
    Section length    8, #relocs    1, #linenums    0, checksum E5DEFF2C, selection    2 (pick any)
225 00000000 SECT112 notype       Static      | .text$mn
    Section length    8, #relocs    1, #linenums    0, checksum E5DEFF2C, selection    2 (pick any)
227 00000000 SECT113 notype       Static      | .text$mn
    Section length   24, #relocs    2, #linenums    0, checksum E0D3F589, selection    2 (pick any)
229 00000000 SECT114 notype       Static      | .text$mn
    Section length   24, #relocs    2, #linenums    0, checksum E0D3F589, selection    2 (pick any)
22B 00000000 SECT115 notype       Static      | .text$mn
    Section length    4, #relocs    0, #linenums    0, checksum 4861A275, selection    2 (pick any)
22D 00000000 SECT116 notype       Static      | .text$mn
    Section length    4, #relocs    0, #linenums    0, checksum 4861A275, selection    2 (pick any)
22F 00000000 SECT117 notype       Static      | .text$mn
    Section length    4, #relocs    0, #linenums    0, checksum 4861A275, selection    2 (pick any)
231 00000000 SECT118 notype       Static      | .text$mn
    Section length    4, #relocs    0, #linenums    0, checksum 4861A275, selection    2 (pick any)
233 00000000 SECT119 notype       Static      | .text$mn
    Section length   CA, #relocs    5, #linenums    0, checksum BDA3FE7B, selection    2 (pick any)
235 00000000 SECT11A notype       Static      | .text$mn
    Section length   34, #relocs    2, #linenums    0, checksum 417C26D2, selection    2 (pick any)
237 00000000 SECT11B notype       Static      | .text$mn
    Section length   34, #relocs    2, #linenums    0, checksum 417C26D2, selection    2 (pick any)
239 00000000 SECT11C notype       Static      | .text$mn
    Section length   3D, #relocs    0, #linenums    0, checksum 8BC45D8F, selection    2 (pick any)
23B 00000000 SECT11D notype       Static      | .text$mn
    Section length    7, #relocs    0, #linenums    0, checksum 88B5AB08, selection    2 (pick any)
23D 00000000 SECT11E notype       Static      | .text$mn
    Section length    7, #relocs    0, #linenums    0, checksum 88B5AB08, selection    2 (pick any)
23F 00000000 SECT11F notype       Static      | .text$mn
    Section length    4, #relocs    0, #linenums    0, checksum A8B626F8, selection    2 (pick any)
241 00000000 SECT120 notype       Static      | .text$mn
    Section length    4, #relocs    0, #linenums    0, checksum A8B626F8, selection    2 (pick any)
243 00000000 SECT121 notype       Static      | .text$mn
    Section length    F, #relocs    0, #linenums    0, checksum BA7F8787, selection    2 (pick any)
245 00000000 SECT122 notype       Static      | .text$mn
    Section length    F, #relocs    0, #linenums    0, checksum BA7F8787, selection    2 (pick any)
247 00000000 SECT123 notype       Static      | .text$mn
    Section length    5, #relocs    0, #linenums    0, checksum 4E471BC2, selection    2 (pick any)
249 00000000 SECT124 notype       Static      | .text$mn
    Section length    5, #relocs    0, #linenums    0, checksum 4E471BC2, selection    2 (pick any)
24B 00000000 SECT125 notype       Static      | .text$mn
    Section length    4, #relocs    0, #linenums    0, checksum 634CF1B6, selection    2 (pick any)
24D 00000000 SECT126 notype       Static      | .text$mn
    Section length    4, #relocs    0, #linenums    0, checksum 634CF1B6, selection    2 (pick any)
24F 00000000 SECT127 notype       Static      | .text$mn
    Section length    3, #relocs    0, #linenums    0, checksum 922B422E, selection    2 (pick any)
251 00000000 SECT128 notype       Static      | .text$mn
    Section length    5, #relocs    0, #linenums    0, checksum CC5C839B, selection    2 (pick any)
253 00000000 SECT129 notype       Static      | .text$mn
    Section length    5, #relocs    0, #linenums    0, checksum CC5C839B, selection    2 (pick any)
255 00000000 SECT12A notype       Static      | .text$mn
    Section length   58, #relocs    2, #linenums    0, checksum A4FE17E4, selection    2 (pick any)
257 00000000 SECT12B notype       Static      | .text$mn
    Section length   61, #relocs    2, #linenums    0, checksum FBC111DF, selection    2 (pick any)
259 00000000 SECT12C notype       Static      | .text$mn
    Section length   61, #relocs    2, #linenums    0, checksum FBC111DF, selection    2 (pick any)
25B 00000000 SECT12D notype       Static      | .text$mn
    Section length   29, #relocs    1, #linenums    0, checksum F7CDA570, selection    2 (pick any)
25D 00000000 SECT12E notype       Static      | .text$mn
    Section length    4, #relocs    0, #linenums    0, checksum A8B626F8, selection    2 (pick any)
25F 00000000 SECT12F notype       Static      | .text$mn
    Section length    A, #relocs    0, #linenums    0, checksum D93D5643, selection    2 (pick any)
261 00000000 SECT130 notype       Static      | .text$mn
    Section length    A, #relocs    0, #linenums    0, checksum D93D5643, selection    2 (pick any)
263 00000000 SECT131 notype       Static      | .text$mn
    Section length   1D, #relocs    0, #linenums    0, checksum 52559DBB, selection    2 (pick any)
265 00000000 SECT132 notype       Static      | .text$mn
    Section length   1D, #relocs    0, #linenums    0, checksum 52559DBB, selection    2 (pick any)
267 00000000 SECT133 notype       Static      | .text$mn
    Section length   11, #relocs    2, #linenums    0, checksum C3A57F85, selection    2 (pick any)
269 00000000 SECT134 notype       Static      | .text$mn
    Section length   11, #relocs    2, #linenums    0, checksum C3A57F85, selection    2 (pick any)
26B 00000000 SECT135 notype       Static      | .text$mn
    Section length   11, #relocs    2, #linenums    0, checksum C3A57F85, selection    2 (pick any)
26D 00000000 SECT136 notype       Static      | .text$mn
    Section length   29, #relocs    2, #linenums    0, checksum 7FB1E8A3, selection    2 (pick any)
26F 00000000 SECT137 notype       Static      | .text$mn
    Section length   29, #relocs    2, #linenums    0, checksum 7FB1E8A3, selection    2 (pick any)
271 00000000 SECT138 notype       Static      | .text$mn
    Section length   37, #relocs    2, #linenums    0, checksum 80F793AF, selection    2 (pick any)
273 00000000 SECT139 notype       Static      | .text$mn
    Section length   37, #relocs    2, #linenums    0, checksum 80F793AF, selection    2 (pick any)
275 00000000 SECT13A notype       Static      | .text$mn
    Section length   29, #relocs    2, #linenums    0, checksum 7FB1E8A3, selection    2 (pick any)
277 00000000 SECT13B notype       Static      | .text$mn
    Section length   29, #relocs    2, #linenums    0, checksum 7FB1E8A3, selection    2 (pick any)
279 00000000 SECT13C notype       Static      | .text$mn
    Section length   37, #relocs    2, #linenums    0, checksum 80F793AF, selection    2 (pick any)
27B 00000000 SECT13D notype       Static      | .text$mn
    Section length   37, #relocs    2, #linenums    0, checksum 80F793AF, selection    2 (pick any)
27D 00000000 SECT13E notype       Static      | .text$mn
    Section length  309, #relocs   17, #linenums    0, checksum 5C244157, selection    1 (pick no duplicates)
27F 00000000 SECT13F notype       Static      | .text$x
    Section length   4E, #relocs    5, #linenums    0, checksum 46467DA1, selection    5 (pick associative Section 0x13E)
281 00000000 SECT140 notype       Static      | .text$mn
    Section length  12B, #relocs    9, #linenums    0, checksum 1F4C19F6, selection    2 (pick any)
283 00000000 SECT141 notype       Static      | .text$mn
    Section length   20, #relocs    2, #linenums    0, checksum 3680069B, selection    2 (pick any)
285 00000000 SECT142 notype       Static      | .text$mn
    Section length  132, #relocs    5, #linenums    0, checksum F4AA980A, selection    2 (pick any)
287 00000000 SECT143 notype       Static      | .text$mn
    Section length    6, #relocs    0, #linenums    0, checksum 30886F99, selection    2 (pick any)
289 00000000 SECT144 notype       Static      | .text$mn
    Section length    8, #relocs    0, #linenums    0, checksum 656B7F2B, selection    2 (pick any)
28B 00000000 SECT145 notype       Static      | .text$mn
    Section length    D, #relocs    0, #linenums    0, checksum 555DDB78, selection    2 (pick any)
28D 00000000 SECT146 notype       Static      | .text$mn
    Section length    D, #relocs    0, #linenums    0, checksum 555DDB78, selection    2 (pick any)
28F 00000000 SECT147 notype       Static      | .text$mn
    Section length    A, #relocs    0, #linenums    0, checksum D93D5643, selection    2 (pick any)
291 00000000 SECT148 notype       Static      | .text$mn
    Section length    8, #relocs    0, #linenums    0, checksum A5435283, selection    2 (pick any)
293 00000000 SECT149 notype       Static      | .text$mn
    Section length    5, #relocs    0, #linenums    0, checksum E937DC47, selection    2 (pick any)
295 00000000 SECT14A notype       Static      | .text$mn
    Section length    5, #relocs    0, #linenums    0, checksum E937DC47, selection    2 (pick any)
297 00000000 SECT14B notype       Static      | .text$mn
    Section length  230, #relocs   28, #linenums    0, checksum 18C82198, selection    1 (pick no duplicates)
299 00000000 SECT14C notype       Static      | .text$mn
    Section length   61, #relocs    2, #linenums    0, checksum FBC111DF, selection    2 (pick any)
29B 00000000 SECT14D notype       Static      | .text$mn
    Section length   61, #relocs    2, #linenums    0, checksum FBC111DF, selection    2 (pick any)
29D 00000000 SECT14E notype       Static      | .text$mn
    Section length    8, #relocs    0, #linenums    0, checksum F80BA039, selection    2 (pick any)
29F 00000000 SECT14F notype       Static      | .text$mn
    Section length  15E, #relocs    F, #linenums    0, checksum 7006FE08, selection    1 (pick no duplicates)
2A1 00000000 SECT150 notype       Static      | .text$x
    Section length   5C, #relocs    5, #linenums    0, checksum 667BA1C8, selection    5 (pick associative Section 0x14F)
2A3 00000000 SECT151 notype       Static      | .text$mn
    Section length  191, #relocs    E, #linenums    0, checksum F539E98F, selection    1 (pick no duplicates)
2A5 00000000 SECT152 notype       Static      | .text$mn
    Section length   D5, #relocs    7, #linenums    0, checksum 9205E1FA, selection    1 (pick no duplicates)
2A7 00000000 SECT153 notype       Static      | .text$mn
    Section length   1C, #relocs    1, #linenums    0, checksum 94C8F01D, selection    2 (pick any)
2A9 00000000 SECT154 notype       Static      | .text$mn
    Section length    8, #relocs    1, #linenums    0, checksum E5DEFF2C, selection    2 (pick any)
2AB 00000000 SECT155 notype       Static      | .text$mn
    Section length    8, #relocs    1, #linenums    0, checksum E5DEFF2C, selection    2 (pick any)
2AD 00000000 SECT156 notype       Static      | .text$mn
    Section length    8, #relocs    1, #linenums    0, checksum E5DEFF2C, selection    2 (pick any)
2AF 00000000 SECT157 notype       Static      | .text$mn
    Section length    8, #relocs    1, #linenums    0, checksum E5DEFF2C, selection    2 (pick any)
2B1 00000000 SECT158 notype       Static      | .text$mn
    Section length    8, #relocs    1, #linenums    0, checksum E5DEFF2C, selection    2 (pick any)
2B3 00000000 SECT159 notype       Static      | .text$mn
    Section length    8, #relocs    1, #linenums    0, checksum E5DEFF2C, selection    2 (pick any)
2B5 00000000 SECT15A notype       Static      | .text$mn
    Section length    8, #relocs    1, #linenums    0, checksum E5DEFF2C, selection    2 (pick any)
2B7 00000000 SECT15B notype       Static      | .text$mn
    Section length    8, #relocs    1, #linenums    0, checksum E5DEFF2C, selection    2 (pick any)
2B9 00000000 SECT15C notype       Static      | .text$mn
    Section length   3F, #relocs    3, #linenums    0, checksum D4103894, selection    2 (pick any)
2BB 00000000 SECT15D notype       Static      | .text$mn
    Section length    B, #relocs    0, #linenums    0, checksum 6353D6E7, selection    2 (pick any)
2BD 00000000 SECT15E notype       Static      | .text$mn
    Section length   E7, #relocs    C, #linenums    0, checksum 29D62891, selection    1 (pick no duplicates)
2BF 00000000 SECT15F notype       Static      | .text$mn
    Section length    B, #relocs    0, #linenums    0, checksum A65DD3AB, selection    2 (pick any)
2C1 00000000 SECT160 notype       Static      | .text$mn
    Section length    A, #relocs    0, #linenums    0, checksum D93D5643, selection    2 (pick any)
2C3 00000000 SECT161 notype       Static      | .text$mn
    Section length    A, #relocs    0, #linenums    0, checksum D93D5643, selection    2 (pick any)
2C5 00000000 SECT162 notype       Static      | .text$mn
    Section length    B, #relocs    0, #linenums    0, checksum 149889B6, selection    2 (pick any)
2C7 00000000 SECT163 notype       Static      | .text$mn
    Section length  117, #relocs    C, #linenums    0, checksum 84141E84, selection    1 (pick no duplicates)
2C9 00000000 SECT164 notype       Static      | .text$mn
    Section length   11, #relocs    0, #linenums    0, checksum 8B1C85E7, selection    2 (pick any)
2CB 00000000 SECT165 notype       Static      | .text$mn
    Section length   37, #relocs    0, #linenums    0, checksum 49911EBE, selection    2 (pick any)
2CD 00000000 SECT166 notype       Static      | .text$mn
    Section length   CB, #relocs    3, #linenums    0, checksum  9BF8609, selection    2 (pick any)
2CF 00000000 SECT167 notype       Static      | .text$mn
    Section length   3D, #relocs    2, #linenums    0, checksum 267D4410, selection    2 (pick any)
2D1 00000000 SECT168 notype       Static      | .text$mn
    Section length   62, #relocs    2, #linenums    0, checksum 5FA01D7D, selection    2 (pick any)
2D3 00000000 SECT169 notype       Static      | .text$mn
    Section length   62, #relocs    2, #linenums    0, checksum 5FA01D7D, selection    2 (pick any)
2D5 00000000 SECT16A notype       Static      | .text$mn
    Section length   3E, #relocs    4, #linenums    0, checksum FC61DFFE, selection    1 (pick no duplicates)
2D7 00000000 SECT16B notype       Static      | .text$mn
    Section length    B, #relocs    0, #linenums    0, checksum  757E6F0, selection    1 (pick no duplicates)
2D9 00000000 SECT16C notype       Static      | .text$mn
    Section length    8, #relocs    1, #linenums    0, checksum 411950D3, selection    2 (pick any)
2DB 00000000 SECT16D notype       Static      | .text$mn
    Section length    4, #relocs    0, #linenums    0, checksum A8B626F8, selection    2 (pick any)
2DD 00000000 SECT16E notype       Static      | .text$mn
    Section length    4, #relocs    0, #linenums    0, checksum A8B626F8, selection    2 (pick any)
2DF 00000000 SECT16F notype       Static      | .text$mn
    Section length    4, #relocs    0, #linenums    0, checksum A8B626F8, selection    2 (pick any)
2E1 00000000 SECT170 notype       Static      | .text$mn
    Section length    4, #relocs    0, #linenums    0, checksum 634CF1B6, selection    2 (pick any)
2E3 00000000 SECT171 notype       Static      | .text$mn
    Section length    4, #relocs    0, #linenums    0, checksum 634CF1B6, selection    2 (pick any)
2E5 00000000 SECT172 notype       Static      | .text$mn
    Section length    4, #relocs    0, #linenums    0, checksum 634CF1B6, selection    2 (pick any)
2E7 00000000 SECT173 notype       Static      | .text$mn
    Section length    4, #relocs    0, #linenums    0, checksum 634CF1B6, selection    2 (pick any)
2E9 00000000 SECT174 notype       Static      | .text$mn
    Section length    4, #relocs    0, #linenums    0, checksum 634CF1B6, selection    2 (pick any)
2EB 00000000 SECT175 notype       Static      | .text$mn
    Section length  19F, #relocs   17, #linenums    0, checksum 22FB4C42, selection    1 (pick no duplicates)
2ED 00000000 SECT176 notype       Static      | .text$x
    Section length    C, #relocs    1, #linenums    0, checksum 4AFEC4C9, selection    5 (pick associative Section 0x175)
2EF 00000000 SECT177 notype       Static      | .text$mn
    Section length   18, #relocs    0, #linenums    0, checksum B15CD7DA, selection    2 (pick any)
2F1 00000000 SECT178 notype       Static      | .text$mn
    Section length  167, #relocs   12, #linenums    0, checksum 18CCE30A, selection    1 (pick no duplicates)
2F3 00000000 SECT179 notype       Static      | .text$x
    Section length    C, #relocs    1, #linenums    0, checksum 4AFEC4C9, selection    5 (pick associative Section 0x178)
2F5 00000000 SECT17A notype       Static      | .text$mn
    Section length   1A, #relocs    0, #linenums    0, checksum C56B2586, selection    2 (pick any)
2F7 00000000 SECT17B notype       Static      | .text$mn
    Section length   D9, #relocs    B, #linenums    0, checksum F2E44885, selection    1 (pick no duplicates)
2F9 00000000 SECT17C notype       Static      | .text$mn
    Section length    6, #relocs    0, #linenums    0, checksum F6AA92BB, selection    2 (pick any)
2FB 00000000 SECT17D notype       Static      | .text$mn
    Section length    5, #relocs    0, #linenums    0, checksum 999AA3DD, selection    2 (pick any)
2FD 00000000 SECT17E notype       Static      | .text$mn
    Section length    5, #relocs    0, #linenums    0, checksum 999AA3DD, selection    2 (pick any)
2FF 00000000 SECT17F notype       Static      | .text$mn
    Section length    B, #relocs    0, #linenums    0, checksum D4DDA399, selection    2 (pick any)
301 00000000 SECT180 notype       Static      | .text$mn
    Section length    B, #relocs    0, #linenums    0, checksum D4DDA399, selection    2 (pick any)
303 00000000 SECT181 notype       Static      | .text$mn
    Section length    5, #relocs    0, #linenums    0, checksum 999AA3DD, selection    2 (pick any)
305 00000000 SECT182 notype       Static      | .text$mn
    Section length    5, #relocs    0, #linenums    0, checksum 999AA3DD, selection    2 (pick any)
307 00000000 SECT183 notype       Static      | .text$mn
    Section length    B, #relocs    0, #linenums    0, checksum D4DDA399, selection    2 (pick any)
309 00000000 SECT184 notype       Static      | .text$mn
    Section length    B, #relocs    0, #linenums    0, checksum D4DDA399, selection    2 (pick any)
30B 00000000 SECT185 notype       Static      | .text$mn
    Section length    5, #relocs    0, #linenums    0, checksum 999AA3DD, selection    2 (pick any)
30D 00000000 SECT186 notype       Static      | .text$mn
    Section length    5, #relocs    0, #linenums    0, checksum 999AA3DD, selection    2 (pick any)
30F 00000000 SECT187 notype       Static      | .text$mn
    Section length    B, #relocs    0, #linenums    0, checksum D4DDA399, selection    2 (pick any)
311 00000000 SECT188 notype       Static      | .text$mn
    Section length    B, #relocs    0, #linenums    0, checksum D4DDA399, selection    2 (pick any)
313 00000000 SECT189 notype       Static      | .text$mn
    Section length    8, #relocs    0, #linenums    0, checksum E4FAD4B1, selection    2 (pick any)
315 00000000 SECT18A notype       Static      | .text$mn
    Section length    B, #relocs    0, #linenums    0, checksum D4DDA399, selection    2 (pick any)
317 00000000 SECT18B notype       Static      | .text$mn
    Section length    B, #relocs    0, #linenums    0, checksum D4DDA399, selection    2 (pick any)
319 00000000 SECT18C notype       Static      | .text$mn
    Section length    5, #relocs    0, #linenums    0, checksum 999AA3DD, selection    2 (pick any)
31B 00000000 SECT18D notype       Static      | .text$mn
    Section length   62, #relocs    3, #linenums    0, checksum D76CD647, selection    2 (pick any)
31D 00000000 SECT18E notype       Static      | .text$mn
    Section length   4D, #relocs    3, #linenums    0, checksum 1A40C351, selection    2 (pick any)
31F 00000000 SECT18F notype       Static      | .text$mn
    Section length   62, #relocs    3, #linenums    0, checksum D76CD647, selection    2 (pick any)
321 00000000 SECT190 notype       Static      | .text$mn
    Section length    6, #relocs    0, #linenums    0, checksum CF779A59, selection    2 (pick any)
323 00000000 SECT191 notype       Static      | .text$mn
    Section length    E, #relocs    1, #linenums    0, checksum 2EF5F26D, selection    2 (pick any)
325 00000000 SECT192 notype       Static      | .text$mn
    Section length    8, #relocs    1, #linenums    0, checksum 411950D3, selection    2 (pick any)
327 00000000 SECT193 notype       Static      | .text$mn
    Section length    8, #relocs    1, #linenums    0, checksum 411950D3, selection    2 (pick any)
329 00000000 SECT194 notype       Static      | .text$mn
    Section length    8, #relocs    1, #linenums    0, checksum 411950D3, selection    2 (pick any)
32B 00000000 SECT195 notype       Static      | .text$mn
    Section length   17, #relocs    0, #linenums    0, checksum D0B17C90, selection    2 (pick any)
32D 00000000 SECT196 notype       Static      | .text$mn
    Section length  279, #relocs   1B, #linenums    0, checksum 117FDF1A, selection    1 (pick no duplicates)
32F 00000000 SECT197 notype       Static      | .text$x
    Section length    C, #relocs    1, #linenums    0, checksum 70C84522, selection    5 (pick associative Section 0x196)
331 00000000 SECT198 notype       Static      | .text$mn
    Section length  3FF, #relocs   21, #linenums    0, checksum CB553FB4, selection    1 (pick no duplicates)
333 00000000 SECT199 notype       Static      | .text$x
    Section length   52, #relocs    5, #linenums    0, checksum 1AE5130A, selection    5 (pick associative Section 0x198)
335 00000000 SECT19A notype       Static      | .text$mn
    Section length   DE, #relocs    B, #linenums    0, checksum 19F596BB, selection    1 (pick no duplicates)
337 00000000 SECT19B notype       Static      | .text$mn
    Section length  137, #relocs    C, #linenums    0, checksum 3FCC2F83, selection    1 (pick no duplicates)
339 00000000 SECT19C notype       Static      | .text$x
    Section length   26, #relocs    1, #linenums    0, checksum 3217F3D7, selection    5 (pick associative Section 0x19B)
33B 00000000 SECT19D notype       Static      | .text$mn
    Section length    4, #relocs    0, #linenums    0, checksum 634CF1B6, selection    2 (pick any)
33D 00000000 SECT19E notype       Static      | .text$mn
    Section length    4, #relocs    0, #linenums    0, checksum 634CF1B6, selection    2 (pick any)
33F 00000000 SECT19F notype       Static      | .text$mn
    Section length    4, #relocs    0, #linenums    0, checksum 634CF1B6, selection    2 (pick any)
341 00000000 SECT1A0 notype       Static      | .text$mn
    Section length    4, #relocs    0, #linenums    0, checksum 634CF1B6, selection    2 (pick any)
343 00000000 SECT1A1 notype       Static      | .text$mn
    Section length    4, #relocs    0, #linenums    0, checksum 634CF1B6, selection    2 (pick any)
345 00000000 SECT1A2 notype       Static      | .text$mn
    Section length    4, #relocs    0, #linenums    0, checksum 634CF1B6, selection    2 (pick any)
347 00000000 SECT1A3 notype       Static      | .text$mn
    Section length   41, #relocs    2, #linenums    0, checksum B22D1E81, selection    2 (pick any)
349 00000000 SECT1A4 notype       Static      | .text$mn
    Section length   41, #relocs    2, #linenums    0, checksum B22D1E81, selection    2 (pick any)
34B 00000000 SECT1A5 notype       Static      | .text$mn
    Section length    8, #relocs    1, #linenums    0, checksum 61974E9E, selection    1 (pick no duplicates)
34D 00000000 SECT1A6 notype       Static      | .text$mn
    Section length   63, #relocs    3, #linenums    0, checksum 3B871530, selection    2 (pick any)
34F 00000000 SECT1A7 notype       Static      | .text$mn
    Section length   63, #relocs    3, #linenums    0, checksum 3B871530, selection    2 (pick any)
351 00000000 SECT1A8 notype       Static      | .text$mn
    Section length   49, #relocs    5, #linenums    0, checksum EDE19076, selection    1 (pick no duplicates)
353 00000000 SECT1A9 notype       Static      | .text$mn
    Section length    B, #relocs    0, #linenums    0, checksum 5FE626ED, selection    2 (pick any)
355 00000000 SECT1AA notype       Static      | .text$mn
    Section length    B, #relocs    0, #linenums    0, checksum 5FE626ED, selection    2 (pick any)
357 00000000 SECT1AB notype       Static      | .text$mn
    Section length    B, #relocs    0, #linenums    0, checksum 5FE626ED, selection    2 (pick any)
359 00000000 SECT1AC notype       Static      | .text$mn
    Section length    B, #relocs    0, #linenums    0, checksum 5FE626ED, selection    2 (pick any)
35B 00000000 SECT1AD notype       Static      | .text$mn
    Section length  169, #relocs    E, #linenums    0, checksum 382C1822, selection    1 (pick no duplicates)
35D 00000000 SECT1AE notype       Static      | .text$mn
    Section length  23C, #relocs   12, #linenums    0, checksum 58B62155, selection    1 (pick no duplicates)
35F 00000000 SECT1AF notype       Static      | .text$x
    Section length   74, #relocs    7, #linenums    0, checksum C2520922, selection    5 (pick associative Section 0x1AE)
361 00000000 SECT1B0 notype       Static      | .text$mn
    Section length   9D, #relocs    A, #linenums    0, checksum F436DDF5, selection    1 (pick no duplicates)
363 00000000 SECT1B1 notype       Static      | .text$mn
    Section length   5A, #relocs    6, #linenums    0, checksum 9B0AB404, selection    1 (pick no duplicates)
365 00000000 SECT1B2 notype       Static      | .text$mn
    Section length   14, #relocs    1, #linenums    0, checksum D53CF8B7, selection    2 (pick any)
367 00000000 SECT1B3 notype       Static      | .text$mn
    Section length  142, #relocs    C, #linenums    0, checksum 427A7E17, selection    1 (pick no duplicates)
369 00000000 SECT1B4 notype       Static      | .text$x
    Section length    C, #relocs    1, #linenums    0, checksum 10A207CD, selection    5 (pick associative Section 0x1B3)
36B 00000000 SECT1B5 notype       Static      | .text$mn
    Section length   1C, #relocs    0, #linenums    0, checksum D39EBA0C, selection    1 (pick no duplicates)
36D 00000000 SECT1B6 notype       Static      | .text$mn
    Section length   62, #relocs    2, #linenums    0, checksum 23130A31, selection    1 (pick no duplicates)
36F 00000000 SECT1B7 notype       Static      | .text$mn
    Section length  1D8, #relocs    D, #linenums    0, checksum B9225F55, selection    1 (pick no duplicates)
371 00000000 SECT1B8 notype       Static      | .text$x
    Section length    C, #relocs    1, #linenums    0, checksum 2CABC486, selection    5 (pick associative Section 0x1B7)
373 00000000 SECT1B9 notype       Static      | .text$mn
    Section length    9, #relocs    0, #linenums    0, checksum 6244F2B5, selection    1 (pick no duplicates)
375 00000000 SECT1BA notype       Static      | .text$mn
    Section length  1B0, #relocs    F, #linenums    0, checksum 73A28C5B, selection    1 (pick no duplicates)
377 00000000 SECT1BB notype       Static      | .text$x
    Section length    C, #relocs    1, #linenums    0, checksum AE5A4625, selection    5 (pick associative Section 0x1BA)
379 00000000 SECT1BC notype       Static      | .text$mn
    Section length  155, #relocs    D, #linenums    0, checksum DEA52B6B, selection    1 (pick no duplicates)
37B 00000000 SECT1BD notype       Static      | .text$x
    Section length    C, #relocs    1, #linenums    0, checksum AE5A4625, selection    5 (pick associative Section 0x1BC)
37D 00000000 SECT1BE notype       Static      | .text$mn
    Section length  197, #relocs   12, #linenums    0, checksum 71D2183F, selection    1 (pick no duplicates)
37F 00000000 SECT1BF notype       Static      | .text$mn
    Section length   13, #relocs    1, #linenums    0, checksum B5423305, selection    1 (pick no duplicates)
381 00000000 SECT1C0 notype       Static      | .text$mn
    Section length  197, #relocs   12, #linenums    0, checksum 92654CEB, selection    1 (pick no duplicates)
383 00000000 SECT1C1 notype       Static      | .text$mn
    Section length   13, #relocs    1, #linenums    0, checksum 7D80E897, selection    1 (pick no duplicates)
385 00000000 SECT1C2 notype       Static      | .text$mn
    Section length    4, #relocs    0, #linenums    0, checksum 4861A275, selection    2 (pick any)
387 00000000 SECT1C3 notype       Static      | .text$mn
    Section length    4, #relocs    0, #linenums    0, checksum 4861A275, selection    2 (pick any)
389 00000000 SECT1C4 notype       Static      | .text$mn
    Section length    4, #relocs    0, #linenums    0, checksum 4861A275, selection    2 (pick any)
38B 00000000 SECT1C5 notype       Static      | .text$mn
    Section length    4, #relocs    0, #linenums    0, checksum 4861A275, selection    2 (pick any)
38D 00000000 SECT1C6 notype       Static      | .text$mn
    Section length    4, #relocs    0, #linenums    0, checksum 634CF1B6, selection    2 (pick any)
38F 00000000 SECT1C7 notype       Static      | .text$mn
    Section length    4, #relocs    0, #linenums    0, checksum 634CF1B6, selection    2 (pick any)
391 00000000 SECT1C8 notype       Static      | .text$mn
    Section length   56, #relocs    6, #linenums    0, checksum 8B7EA746, selection    1 (pick no duplicates)
393 00000000 SECT1C9 notype       Static      | .text$mn
    Section length  138, #relocs   11, #linenums    0, checksum 7632B1B1, selection    1 (pick no duplicates)
395 00000000 SECT1CA notype       Static      | .text$mn
    Section length  148, #relocs    B, #linenums    0, checksum 56207B01, selection    1 (pick no duplicates)
397 00000000 SECT1CB notype       Static      | .text$mn
    Section length  173, #relocs    B, #linenums    0, checksum 126A2C35, selection    1 (pick no duplicates)
399 00000000 SECT1CC notype       Static      | .text$mn
    Section length  14C, #relocs    B, #linenums    0, checksum FB2C6E6D, selection    1 (pick no duplicates)
39B 00000000 SECT1CD notype       Static      | .text$mn
    Section length  14C, #relocs    B, #linenums    0, checksum  351CC28, selection    1 (pick no duplicates)
39D 00000000 SECT1CE notype       Static      | .text$mn
    Section length  1D0, #relocs   17, #linenums    0, checksum 4999E292, selection    1 (pick no duplicates)
39F 00000000 SECT1CF notype       Static      | .text$x
    Section length    C, #relocs    1, #linenums    0, checksum 4AFEC4C9, selection    5 (pick associative Section 0x1CE)
3A1 00000000 SECT1D0 notype       Static      | .text$mn
    Section length  1BE, #relocs   17, #linenums    0, checksum C7487F08, selection    1 (pick no duplicates)
3A3 00000000 SECT1D1 notype       Static      | .text$x
    Section length    C, #relocs    1, #linenums    0, checksum 4AFEC4C9, selection    5 (pick associative Section 0x1D0)
3A5 00000000 SECT1D2 notype       Static      | .text$mn
    Section length  141, #relocs    B, #linenums    0, checksum  CFDE2F6, selection    1 (pick no duplicates)
3A7 00000000 SECT1D3 notype       Static      | .text$mn
    Section length  1C2, #relocs   12, #linenums    0, checksum 397A04E5, selection    1 (pick no duplicates)
3A9 00000000 SECT1D4 notype       Static      | .text$mn
    Section length  1C8, #relocs   12, #linenums    0, checksum D71121A4, selection    1 (pick no duplicates)
3AB 00000000 SECT1D5 notype       Static      | .text$mn
    Section length  1C8, #relocs   12, #linenums    0, checksum 15994012, selection    1 (pick no duplicates)
3AD 00000000 SECT1D6 notype       Static      | .text$mn
    Section length  1A3, #relocs   12, #linenums    0, checksum F2717139, selection    1 (pick no duplicates)
3AF 00000000 SECT1D7 notype       Static      | .text$mn
    Section length  1A0, #relocs   12, #linenums    0, checksum 2FFFB857, selection    1 (pick no duplicates)
3B1 00000000 SECT1D8 notype       Static      | .text$mn
    Section length  1A0, #relocs   12, #linenums    0, checksum A8724E7A, selection    1 (pick no duplicates)
3B3 00000000 SECT1D9 notype       Static      | .text$mn
    Section length  1A3, #relocs   12, #linenums    0, checksum AC42B265, selection    1 (pick no duplicates)
3B5 00000000 SECT1DA notype       Static      | .text$mn
    Section length  1A3, #relocs   12, #linenums    0, checksum EAEEB68E, selection    1 (pick no duplicates)
3B7 00000000 SECT1DB notype       Static      | .text$mn
    Section length  151, #relocs    C, #linenums    0, checksum 7F751C5D, selection    1 (pick no duplicates)
3B9 00000000 SECT1DC notype       Static      | .text$mn
    Section length  1A0, #relocs   12, #linenums    0, checksum 86EE0057, selection    1 (pick no duplicates)
3BB 00000000 SECT1DD notype       Static      | .text$mn
    Section length  165, #relocs    C, #linenums    0, checksum BA513BF5, selection    1 (pick no duplicates)
3BD 00000000 SECT1DE notype       Static      | .text$mn
    Section length  165, #relocs    C, #linenums    0, checksum FF238EFE, selection    1 (pick no duplicates)
3BF 00000000 SECT1DF notype       Static      | .text$mn
    Section length  15D, #relocs    C, #linenums    0, checksum 2EB5A272, selection    1 (pick no duplicates)
3C1 00000000 SECT1E0 notype       Static      | .text$mn
    Section length  14E, #relocs    C, #linenums    0, checksum E6DC6C18, selection    1 (pick no duplicates)
3C3 00000000 SECT1E1 notype       Static      | .text$mn
    Section length  14E, #relocs    C, #linenums    0, checksum D9BF5093, selection    1 (pick no duplicates)
3C5 00000000 SECT1E2 notype       Static      | .text$mn
    Section length  20C, #relocs   15, #linenums    0, checksum 8029AEF7, selection    1 (pick no duplicates)
3C7 00000000 SECT1E3 notype       Static      | .text$mn
    Section length    5, #relocs    0, #linenums    0, checksum 6B2C441E, selection    2 (pick any)
3C9 00000000 SECT1E4 notype       Static      | .text$mn
    Section length    5, #relocs    0, #linenums    0, checksum E937DC47, selection    2 (pick any)
3CB 00000000 SECT1E5 notype       Static      | .text$mn
    Section length    8, #relocs    0, #linenums    0, checksum F5D38EC0, selection    2 (pick any)
3CD 00000000 SECT1E6 notype       Static      | .text$mn
    Section length  1C2, #relocs   17, #linenums    0, checksum 1430EBB4, selection    1 (pick no duplicates)
3CF 00000000 SECT1E7 notype       Static      | .text$x
    Section length    C, #relocs    1, #linenums    0, checksum AE5A4625, selection    5 (pick associative Section 0x1E6)
3D1 00000000 SECT1E8 notype       Static      | .text$mn
    Section length  192, #relocs   12, #linenums    0, checksum 44E55318, selection    1 (pick no duplicates)
3D3 00000000 SECT1E9 notype       Static      | .text$mn
    Section length  140, #relocs    C, #linenums    0, checksum 8258117B, selection    1 (pick no duplicates)
3D5 00000000 SECT1EA notype       Static      | .text$mn
    Section length  15F, #relocs   12, #linenums    0, checksum E506F753, selection    1 (pick no duplicates)
3D7 00000000 SECT1EB notype       Static      | .text$x
    Section length    C, #relocs    1, #linenums    0, checksum AE5A4625, selection    5 (pick associative Section 0x1EA)
3D9 00000000 SECT1EC notype       Static      | .text$mn
    Section length  192, #relocs   12, #linenums    0, checksum 3167EA27, selection    1 (pick no duplicates)
3DB 00000000 SECT1ED notype       Static      | .text$mn
    Section length   4F, #relocs    2, #linenums    0, checksum 5CFB4CF5, selection    1 (pick no duplicates)
3DD 00000000 SECT1EE notype       Static      | .text$mn
    Section length  1CA, #relocs    F, #linenums    0, checksum 5836252C, selection    1 (pick no duplicates)
3DF 00000000 SECT1EF notype       Static      | .text$x
    Section length    C, #relocs    1, #linenums    0, checksum  29A0454, selection    5 (pick associative Section 0x1EE)
3E1 00000000 SECT1F0 notype       Static      | .text$mn
    Section length  24D, #relocs   12, #linenums    0, checksum  16B0776, selection    1 (pick no duplicates)
3E3 00000000 SECT1F1 notype       Static      | .text$x
    Section length    C, #relocs    1, #linenums    0, checksum 806B86F7, selection    5 (pick associative Section 0x1F0)
3E5 00000000 SECT1F2 notype       Static      | .text$mn
    Section length  15B, #relocs    D, #linenums    0, checksum 24EB87F4, selection    1 (pick no duplicates)
3E7 00000000 SECT1F3 notype       Static      | .text$x
    Section length    C, #relocs    1, #linenums    0, checksum 10A207CD, selection    5 (pick associative Section 0x1F2)
3E9 00000000 SECT1F4 notype       Static      | .text$mn
    Section length    8, #relocs    1, #linenums    0, checksum 411950D3, selection    2 (pick any)
3EB 00000000 SECT1F5 notype       Static      | .text$mn
    Section length    5, #relocs    0, #linenums    0, checksum 45E3E789, selection    2 (pick any)
3ED 00000000 SECT1F6 notype       Static      | .text$mn
    Section length    3, #relocs    0, #linenums    0, checksum F616562A, selection    2 (pick any)
3EF 00000000 SECT1F7 notype       Static      | .text$mn
    Section length    3, #relocs    0, #linenums    0, checksum F616562A, selection    2 (pick any)
3F1 00000000 SECT1F8 notype       Static      | .text$mn
    Section length    5, #relocs    1, #linenums    0, checksum 25C4A5AE, selection    2 (pick any)
3F3 00000000 UNDEF  notype ()    External     | _purecall
3F4 00000000 UNDEF  notype ()    External     | ??2@YAPEAX_K@Z (void * __cdecl operator new(unsigned __int64))
3F5 00000000 UNDEF  notype ()    External     | ??3@YAXPEAX@Z (void __cdecl operator delete(void *))
3F6 00000000 UNDEF  notype ()    External     | atexit
3F7 00000000 UNDEF  notype ()    External     | memchr
3F8 00000000 UNDEF  notype ()    External     | memmove
3F9 00000000 UNDEF  notype ()    External     | ??0exception@std@@QEAA@AEBQEBD@Z (public: __cdecl std::exception::exception(char const * const &))
3FA 00000000 UNDEF  notype ()    External     | ??0exception@std@@QEAA@AEBV01@@Z (public: __cdecl std::exception::exception(class std::exception const &))
3FB 00000000 UNDEF  notype ()    External     | ??1exception@std@@UEAA@XZ (public: virtual __cdecl std::exception::~exception(void))
3FC 00000000 UNDEF  notype ()    External     | ?what@exception@std@@UEBAPEBDXZ (public: virtual char const * __cdecl std::exception::what(void)const )
3FD 00000000 UNDEF  notype ()    External     | _hypot
3FE 00000000 SECT1F8 notype ()    External    | hypot
3FF 00000000 SECT190 notype ()    External    | ?min@?$numeric_limits@H@std@@SAHXZ (public: static int __cdecl std::numeric_limits<int>::min(void))
400 00000000 SECT17C notype ()    External    | ?max@?$numeric_limits@H@std@@SAHXZ (public: static int __cdecl std::numeric_limits<int>::max(void))
401 00000000 SECTC2 notype ()    External     | ??2@YAPEAX_KPEAX@Z (void * __cdecl operator new(unsigned __int64,void *))
402 00000000 SECTC3 notype ()    External     | ??3@YAXPEAX0@Z (void __cdecl operator delete(void *,void *))
403 00000000 SECT17A notype ()    External    | ?length@?$char_traits@D@std@@SA_KPEBD@Z (public: static unsigned __int64 __cdecl std::char_traits<char>::length(char const *))
404 00000000 SECT153 notype ()    External    | ?copy@?$char_traits@D@std@@SAPEADPEADPEBD_K@Z (public: static char * __cdecl std::char_traits<char>::copy(char *,char const *,unsigned __int64))
405 00000000 SECT191 notype ()    External    | ?move@?$char_traits@D@std@@SAPEADPEADPEBD_K@Z (public: static char * __cdecl std::char_traits<char>::move(char *,char const *,unsigned __int64))
406 00000000 SECT143 notype ()    External    | ?assign@?$char_traits@D@std@@SAXAEADAEBD@Z (public: static void __cdecl std::char_traits<char>::assign(char &,char const &))
407 00000000 SECT127 notype ()    External    | ?_Orphan_all@_Container_base0@std@@QEAAXXZ (public: void __cdecl std::_Container_base0::_Orphan_all(void))
408 00000000 SECT104 notype ()    External    | ?_Adopt@_Iterator_base0@std@@QEAAXPEBX@Z (public: void __cdecl std::_Iterator_base0::_Adopt(void const *))
409 00000000 UNDEF  notype ()    External     | ?_Xbad_alloc@std@@YAXXZ (void __cdecl std::_Xbad_alloc(void))
40A 00000000 UNDEF  notype ()    External     | ?_Xlength_error@std@@YAXPEBD@Z (void __cdecl std::_Xlength_error(char const *))
40B 00000000 UNDEF  notype ()    External     | ?_Xout_of_range@std@@YAXPEBD@Z (void __cdecl std::_Xout_of_range(char const *))
40C 00000000 SECTA7 notype ()    External     | ??0logic_error@std@@QEAA@PEBD@Z (public: __cdecl std::logic_error::logic_error(char const *))
40D 00000000 SECTC0 notype ()    External     | ??1logic_error@std@@UEAA@XZ (public: virtual __cdecl std::logic_error::~logic_error(void))
40E 00000000 SECTFA notype ()    External     | ??_Glogic_error@std@@UEAAPEAXI@Z (public: virtual void * __cdecl std::logic_error::`scalar deleting destructor'(unsigned int))
40F 00000000 UNDEF  notype ()    WeakExternal | ??_Elogic_error@std@@UEAAPEAXI@Z (public: virtual void * __cdecl std::logic_error::`vector deleting destructor'(unsigned int))
    Default index      40E library search
411 00000000 SECT1C4 notype ()    External    | ?select_on_container_copy_construction@?$allocator@D@std@@QEBA?AV12@XZ (public: class std::allocator<char> __cdecl std::allocator<char>::select_on_container_copy_construction(void)const )
412 00000000 SECT79 notype ()    External     | ??0?$allocator@D@std@@QEAA@XZ (public: __cdecl std::allocator<char>::allocator<char>(void))
413 00000000 SECT78 notype ()    External     | ??0?$allocator@D@std@@QEAA@AEBV01@@Z (public: __cdecl std::allocator<char>::allocator<char>(class std::allocator<char> const &))
414 00000000 SECT158 notype ()    External    | ?deallocate@?$allocator@D@std@@QEAAXPEAD_K@Z (public: void __cdecl std::allocator<char>::deallocate(char *,unsigned __int64))
415 00000000 SECT13A notype ()    External    | ?allocate@?$allocator@D@std@@QEAAPEAD_K@Z (public: char * __cdecl std::allocator<char>::allocate(unsigned __int64))
416 00000000 SECT181 notype ()    External    | ?max_size@?$allocator@D@std@@QEBA_KXZ (public: unsigned __int64 __cdecl std::allocator<char>::max_size(void)const )
417 00000000 SECT185 notype ()    External    | ?max_size@?$allocator_traits@V?$allocator@D@std@@@std@@SA_KAEBV?$allocator@D@2@@Z (public: static unsigned __int64 __cdecl std::allocator_traits<class std::allocator<char> >::max_size(class std::allocator<char> const &))
418 00000000 SECT1C6 notype ()    External    | ?select_on_container_copy_construction@?$allocator_traits@V?$allocator@D@std@@@std@@SA?AV?$allocator@D@2@AEBV32@@Z (public: static class std::allocator<char> __cdecl std::allocator_traits<class std::allocator<char> >::select_on_container_copy_construction(class std::allocator<char> const &))
419 00000000 SECT1C2 notype ()    External    | ?select_on_container_copy_construction@?$_Wrap_alloc@V?$allocator@D@std@@@std@@QEBA?AU12@XZ (public: struct std::_Wrap_alloc<class std::allocator<char> > __cdecl std::_Wrap_alloc<class std::allocator<char> >::select_on_container_copy_construction(void)const )
41A 00000000 SECT73 notype ()    External     | ??0?$_Wrap_alloc@V?$allocator@D@std@@@std@@QEAA@XZ (public: __cdecl std::_Wrap_alloc<class std::allocator<char> >::_Wrap_alloc<class std::allocator<char> >(void))
41B 00000000 SECT72 notype ()    External     | ??0?$_Wrap_alloc@V?$allocator@D@std@@@std@@QEAA@AEBV?$allocator@D@1@@Z (public: __cdecl std::_Wrap_alloc<class std::allocator<char> >::_Wrap_alloc<class std::allocator<char> >(class std::allocator<char> const &))
41C 00000000 SECT136 notype ()    External    | ?allocate@?$_Wrap_alloc@V?$allocator@D@std@@@std@@QEAAPEAD_K@Z (public: char * __cdecl std::_Wrap_alloc<class std::allocator<char> >::allocate(unsigned __int64))
41D 00000000 SECT154 notype ()    External    | ?deallocate@?$_Wrap_alloc@V?$allocator@D@std@@@std@@QEAAXPEAD_K@Z (public: void __cdecl std::_Wrap_alloc<class std::allocator<char> >::deallocate(char *,unsigned __int64))
41E 00000000 SECT17D notype ()    External    | ?max_size@?$_Wrap_alloc@V?$allocator@D@std@@@std@@QEBA_KXZ (public: unsigned __int64 __cdecl std::_Wrap_alloc<class std::allocator<char> >::max_size(void)const )
41F 00000000 SECT67 notype ()    External     | ??0?$_String_val@U?$_Simple_types@D@std@@@std@@QEAA@XZ (public: __cdecl std::_String_val<struct std::_Simple_types<char> >::_String_val<struct std::_Simple_types<char> >(void))
420 00000000 SECT121 notype ()    External    | ?_Myptr@?$_String_val@U?$_Simple_types@D@std@@@std@@QEAAPEADXZ (public: char * __cdecl std::_String_val<struct std::_Simple_types<char> >::_Myptr(void))
421 00000000 SECT122 notype ()    External    | ?_Myptr@?$_String_val@U?$_Simple_types@D@std@@@std@@QEBAPEBDXZ (public: char const * __cdecl std::_String_val<struct std::_Simple_types<char> >::_Myptr(void)const )
422 00000000 SECT66 notype ()    External     | ??0?$_String_alloc@$0A@U?$_String_base_types@DV?$allocator@D@std@@@std@@@std@@QEAA@AEBV?$allocator@D@1@@Z (public: __cdecl std::_String_alloc<0,struct std::_String_base_types<char,class std::allocator<char> > >::_String_alloc<0,struct std::_String_base_types<char,class std::allocator<char> > >(class std::allocator<char> const &))
423 00000000 SECT117 notype ()    External    | ?_Getal@?$_String_alloc@$0A@U?$_String_base_types@DV?$allocator@D@std@@@std@@@std@@QEBA?AU?$_Wrap_alloc@V?$allocator@D@std@@@2@XZ (public: struct std::_Wrap_alloc<class std::allocator<char> > __cdecl std::_String_alloc<0,struct std::_String_base_types<char,class std::allocator<char> > >::_Getal(void)const )
424 00000000 SECT80 notype ()    External     | ??0?$basic_string@DU?$char_traits@D@std@@V?$allocator@D@2@@std@@QEAA@AEBV01@@Z (public: __cdecl std::basic_string<char,struct std::char_traits<char>,class std::allocator<char> >::basic_string<char,struct std::char_traits<char>,class std::allocator<char> >(class std::basic_string<char,struct std::char_traits<char>,class std::allocator<char> > const &))
425 00000000 SECT82 notype ()    External     | ??0?$basic_string@DU?$char_traits@D@std@@V?$allocator@D@2@@std@@QEAA@XZ (public: __cdecl std::basic_string<char,struct std::char_traits<char>,class std::allocator<char> >::basic_string<char,struct std::char_traits<char>,class std::allocator<char> >(void))
426 00000000 SECT81 notype ()    External     | ??0?$basic_string@DU?$char_traits@D@std@@V?$allocator@D@2@@std@@QEAA@PEBD@Z (public: __cdecl std::basic_string<char,struct std::char_traits<char>,class std::allocator<char> >::basic_string<char,struct std::char_traits<char>,class std::allocator<char> >(char const *))
427 00000000 SECTAE notype ()    External     | ??1?$basic_string@DU?$char_traits@D@std@@V?$allocator@D@2@@std@@QEAA@XZ (public: __cdecl std::basic_string<char,struct std::char_traits<char>,class std::allocator<char> >::~basic_string<char,struct std::char_traits<char>,class std::allocator<char> >(void))
428 00000000 SECT140 notype ()    External    | ?assign@?$basic_string@DU?$char_traits@D@std@@V?$allocator@D@2@@std@@QEAAAEAV12@AEBV12@_K1@Z (public: class std::basic_string<char,struct std::char_traits<char>,class std::allocator<char> > & __cdecl std::basic_string<char,struct std::char_traits<char>,class std::allocator<char> >::assign(class std::basic_string<char,struct std::char_traits<char>,class std::allocator<char> > const &,unsigned __int64,unsigned __int64))
429 00000000 SECT142 notype ()    External    | ?assign@?$basic_string@DU?$char_traits@D@std@@V?$allocator@D@2@@std@@QEAAAEAV12@PEBD_K@Z (public: class std::basic_string<char,struct std::char_traits<char>,class std::allocator<char> > & __cdecl std::basic_string<char,struct std::char_traits<char>,class std::allocator<char> >::assign(char const *,unsigned __int64))
42A 00000000 SECT141 notype ()    External    | ?assign@?$basic_string@DU?$char_traits@D@std@@V?$allocator@D@2@@std@@QEAAAEAV12@PEBD@Z (public: class std::basic_string<char,struct std::char_traits<char>,class std::allocator<char> > & __cdecl std::basic_string<char,struct std::char_traits<char>,class std::allocator<char> >::assign(char const *))
42B 00000000 SECT167 notype ()    External    | ?erase@?$basic_string@DU?$char_traits@D@std@@V?$allocator@D@2@@std@@QEAAAEAV12@_K@Z (public: class std::basic_string<char,struct std::char_traits<char>,class std::allocator<char> > & __cdecl std::basic_string<char,struct std::char_traits<char>,class std::allocator<char> >::erase(unsigned __int64))
42C 00000000 SECT166 notype ()    External    | ?erase@?$basic_string@DU?$char_traits@D@std@@V?$allocator@D@2@@std@@QEAAAEAV12@_K0@Z (public: class std::basic_string<char,struct std::char_traits<char>,class std::allocator<char> > & __cdecl std::basic_string<char,struct std::char_traits<char>,class std::allocator<char> >::erase(unsigned __int64,unsigned __int64))
42D 00000000 SECT1E3 notype ()    External    | ?size@?$basic_string@DU?$char_traits@D@std@@V?$allocator@D@2@@std@@QEBA_KXZ (public: unsigned __int64 __cdecl std::basic_string<char,struct std::char_traits<char>,class std::allocator<char> >::size(void)const )
42E 00000000 SECT189 notype ()    External    | ?max_size@?$basic_string@DU?$char_traits@D@std@@V?$allocator@D@2@@std@@QEBA_KXZ (public: unsigned __int64 __cdecl std::basic_string<char,struct std::char_traits<char>,class std::allocator<char> >::max_size(void)const )
42F 00000000 SECT10D notype ()    External    | ?_Copy@?$basic_string@DU?$char_traits@D@std@@V?$allocator@D@2@@std@@QEAAX_K0@Z (public: void __cdecl std::basic_string<char,struct std::char_traits<char>,class std::allocator<char> >::_Copy(unsigned __int64,unsigned __int64))
430 00000000 SECT110 notype ()    External    | ?_Eos@?$basic_string@DU?$char_traits@D@std@@V?$allocator@D@2@@std@@QEAAX_K@Z (public: void __cdecl std::basic_string<char,struct std::char_traits<char>,class std::allocator<char> >::_Eos(unsigned __int64))
431 00000000 SECT119 notype ()    External    | ?_Grow@?$basic_string@DU?$char_traits@D@std@@V?$allocator@D@2@@std@@QEAA_N_K_N@Z (public: bool __cdecl std::basic_string<char,struct std::char_traits<char>,class std::allocator<char> >::_Grow(unsigned __int64,bool))
432 00000000 SECT11C notype ()    External    | ?_Inside@?$basic_string@DU?$char_traits@D@std@@V?$allocator@D@2@@std@@QEAA_NPEBD@Z (public: bool __cdecl std::basic_string<char,struct std::char_traits<char>,class std::allocator<char> >::_Inside(char const *))
433 00000000 SECT12A notype ()    External    | ?_Tidy@?$basic_string@DU?$char_traits@D@std@@V?$allocator@D@2@@std@@QEAAX_N_K@Z (public: void __cdecl std::basic_string<char,struct std::char_traits<char>,class std::allocator<char> >::_Tidy(bool,unsigned __int64))
434 00000000 SECT133 notype ()    External    | ?_Xlen@?$basic_string@DU?$char_traits@D@std@@V?$allocator@D@2@@std@@QEBAXXZ (public: void __cdecl std::basic_string<char,struct std::char_traits<char>,class std::allocator<char> >::_Xlen(void)const )
435 00000000 SECT135 notype ()    External    | ?_Xran@?$basic_string@DU?$char_traits@D@std@@V?$allocator@D@2@@std@@QEBAXXZ (public: void __cdecl std::basic_string<char,struct std::char_traits<char>,class std::allocator<char> >::_Xran(void)const )
436 00000000 SECTA9 notype ()    External     | ??0runtime_error@std@@QEAA@PEBD@Z (public: __cdecl std::runtime_error::runtime_error(char const *))
437 00000000 SECTC1 notype ()    External     | ??1runtime_error@std@@UEAA@XZ (public: virtual __cdecl std::runtime_error::~runtime_error(void))
438 00000000 SECTA8 notype ()    External     | ??0runtime_error@std@@QEAA@AEBV01@@Z (public: __cdecl std::runtime_error::runtime_error(class std::runtime_error const &))
439 00000000 SECTFB notype ()    External     | ??_Gruntime_error@std@@UEAAPEAXI@Z (public: virtual void * __cdecl std::runtime_error::`scalar deleting destructor'(unsigned int))
43A 00000000 UNDEF  notype ()    WeakExternal | ??_Eruntime_error@std@@UEAAPEAXI@Z (public: virtual void * __cdecl std::runtime_error::`vector deleting destructor'(unsigned int))
    Default index      439 library search
43C 00000000 SECTA6 notype ()    External     | ??0id@locale@std@@QEAA@_K@Z (public: __cdecl std::locale::id::id(unsigned __int64))
43D 00000000 SECT16C notype ()    External    | ?generic_category@std@@YAAEBVerror_category@1@XZ (class std::error_category const & __cdecl std::generic_category(void))
43E 00000000 SECT1F4 notype ()    External    | ?system_category@std@@YAAEBVerror_category@1@XZ (class std::error_category const & __cdecl std::system_category(void))
43F 00000000 SECTA4 notype ()    External     | ??0error_category@std@@QEAA@XZ (public: __cdecl std::error_category::error_category(void))
440 00000000 SECTBF notype ()    External     | ??1error_category@std@@UEAA@XZ (public: virtual __cdecl std::error_category::~error_category(void))
441 00000000 SECT15D notype ()    External    | ?default_error_condition@error_category@std@@UEBA?AVerror_condition@2@H@Z (public: virtual class std::error_condition __cdecl std::error_category::default_error_condition(int)const )
442 00000000 SECT165 notype ()    External    | ?equivalent@error_category@std@@UEBA_NHAEBVerror_condition@2@@Z (public: virtual bool __cdecl std::error_category::equivalent(int,class std::error_condition const &)const )
443 00000000 SECT164 notype ()    External    | ?equivalent@error_category@std@@UEBA_NAEBVerror_code@2@H@Z (public: virtual bool __cdecl std::error_category::equivalent(class std::error_code const &,int)const )
444 00000000 SECTCA notype ()    External     | ??8error_category@std@@QEBA_NAEBV01@@Z (public: bool __cdecl std::error_category::operator==(class std::error_category const &)const )
445 00000000 SECTF9 notype ()    External     | ??_Gerror_category@std@@UEAAPEAXI@Z (public: virtual void * __cdecl std::error_category::`scalar deleting destructor'(unsigned int))
446 00000000 UNDEF  notype ()    WeakExternal | ??_Eerror_category@std@@UEAAPEAXI@Z (public: virtual void * __cdecl std::error_category::`vector deleting destructor'(unsigned int))
    Default index      445 library search
448 00000000 SECT1F6 notype ()    External    | ?value@error_code@std@@QEBAHXZ (public: int __cdecl std::error_code::value(void)const )
449 00000000 SECT149 notype ()    External    | ?category@error_code@std@@QEBAAEBVerror_category@2@XZ (public: class std::error_category const & __cdecl std::error_code::category(void)const )
44A 00000000 SECTA5 notype ()    External     | ??0error_condition@std@@QEAA@HAEBVerror_category@1@@Z (public: __cdecl std::error_condition::error_condition(int,class std::error_category const &))
44B 00000000 SECT1F7 notype ()    External    | ?value@error_condition@std@@QEBAHXZ (public: int __cdecl std::error_condition::value(void)const )
44C 00000000 SECT14A notype ()    External    | ?category@error_condition@std@@QEBAAEBVerror_category@2@XZ (public: class std::error_category const & __cdecl std::error_condition::category(void)const )
44D 00000000 SECTCB notype ()    External     | ??8error_condition@std@@QEBA_NAEBV01@@Z (public: bool __cdecl std::error_condition::operator==(class std::error_condition const &)const )
44E 00000000 UNDEF  notype ()    External     | ?_Syserror_map@std@@YAPEBDH@Z (char const * __cdecl std::_Syserror_map(int))
44F 00000000 UNDEF  notype ()    External     | ?_Winerror_map@std@@YAPEBDH@Z (char const * __cdecl std::_Winerror_map(int))
450 00000000 SECTA1 notype ()    External     | ??0_Generic_error_category@std@@QEAA@XZ (public: __cdecl std::_Generic_error_category::_Generic_error_category(void))
451 00000000 SECT192 notype ()    External    | ?name@_Generic_error_category@std@@UEBAPEBDXZ (public: virtual char const * __cdecl std::_Generic_error_category::name(void)const )
452 00000000 SECT18D notype ()    External    | ?message@_Generic_error_category@std@@UEBA?AV?$basic_string@DU?$char_traits@D@std@@V?$allocator@D@2@@2@H@Z (public: virtual class std::basic_string<char,struct std::char_traits<char>,class std::allocator<char> > __cdecl std::_Generic_error_category::message(int)const )
453 00000000 SECTBC notype ()    External     | ??1_Generic_error_category@std@@UEAA@XZ (public: virtual __cdecl std::_Generic_error_category::~_Generic_error_category(void))
454 00000000 SECTF6 notype ()    External     | ??_G_Generic_error_category@std@@UEAAPEAXI@Z (public: virtual void * __cdecl std::_Generic_error_category::`scalar deleting destructor'(unsigned int))
455 00000000 UNDEF  notype ()    WeakExternal | ??_E_Generic_error_category@std@@UEAAPEAXI@Z (public: virtual void * __cdecl std::_Generic_error_category::`vector deleting destructor'(unsigned int))
    Default index      454 library search
457 00000000 SECTA2 notype ()    External     | ??0_Iostream_error_category@std@@QEAA@XZ (public: __cdecl std::_Iostream_error_category::_Iostream_error_category(void))
458 00000000 SECT193 notype ()    External    | ?name@_Iostream_error_category@std@@UEBAPEBDXZ (public: virtual char const * __cdecl std::_Iostream_error_category::name(void)const )
459 00000000 SECT18E notype ()    External    | ?message@_Iostream_error_category@std@@UEBA?AV?$basic_string@DU?$char_traits@D@std@@V?$allocator@D@2@@2@H@Z (public: virtual class std::basic_string<char,struct std::char_traits<char>,class std::allocator<char> > __cdecl std::_Iostream_error_category::message(int)const )
45A 00000000 SECTBD notype ()    External     | ??1_Iostream_error_category@std@@UEAA@XZ (public: virtual __cdecl std::_Iostream_error_category::~_Iostream_error_category(void))
45B 00000000 SECTF7 notype ()    External     | ??_G_Iostream_error_category@std@@UEAAPEAXI@Z (public: virtual void * __cdecl std::_Iostream_error_category::`scalar deleting destructor'(unsigned int))
45C 00000000 UNDEF  notype ()    WeakExternal | ??_E_Iostream_error_category@std@@UEAAPEAXI@Z (public: virtual void * __cdecl std::_Iostream_error_category::`vector deleting destructor'(unsigned int))
    Default index      45B library search
45E 00000000 SECTA3 notype ()    External     | ??0_System_error_category@std@@QEAA@XZ (public: __cdecl std::_System_error_category::_System_error_category(void))
45F 00000000 SECT194 notype ()    External    | ?name@_System_error_category@std@@UEBAPEBDXZ (public: virtual char const * __cdecl std::_System_error_category::name(void)const )
460 00000000 SECT18F notype ()    External    | ?message@_System_error_category@std@@UEBA?AV?$basic_string@DU?$char_traits@D@std@@V?$allocator@D@2@@2@H@Z (public: virtual class std::basic_string<char,struct std::char_traits<char>,class std::allocator<char> > __cdecl std::_System_error_category::message(int)const )
461 00000000 SECT15C notype ()    External    | ?default_error_condition@_System_error_category@std@@UEBA?AVerror_condition@2@H@Z (public: virtual class std::error_condition __cdecl std::_System_error_category::default_error_condition(int)const )
462 00000000 SECTBE notype ()    External     | ??1_System_error_category@std@@UEAA@XZ (public: virtual __cdecl std::_System_error_category::~_System_error_category(void))
463 00000000 SECTF8 notype ()    External     | ??_G_System_error_category@std@@UEAAPEAXI@Z (public: virtual void * __cdecl std::_System_error_category::`scalar deleting destructor'(unsigned int))
464 00000000 UNDEF  notype ()    WeakExternal | ??_E_System_error_category@std@@UEAAPEAXI@Z (public: virtual void * __cdecl std::_System_error_category::`vector deleting destructor'(unsigned int))
    Default index      463 library search
466 00000000 SECT9B notype ()    External     | ??0OwnedText@ClientMiles@@QEAA@XZ (public: __cdecl ClientMiles::OwnedText::OwnedText(void))
467 00000000 SECTB9 notype ()    External     | ??1OwnedText@ClientMiles@@QEAA@XZ (public: __cdecl ClientMiles::OwnedText::~OwnedText(void))
468 00000000 SECT9A notype ()    External     | ??0OwnedText@ClientMiles@@QEAA@AEBU01@@Z (public: __cdecl ClientMiles::OwnedText::OwnedText(struct ClientMiles::OwnedText const &))
469 00000000 SECT96 notype ()    External     | ??0Failure@ClientMiles@@QEAA@W4FailureReason@1@PEBD@Z (public: __cdecl ClientMiles::Failure::Failure(enum ClientMiles::FailureReason,char const *))
46A 00000000 SECTB7 notype ()    External     | ??1Failure@ClientMiles@@UEAA@XZ (public: virtual __cdecl ClientMiles::Failure::~Failure(void))
46B 00000000 SECT95 notype ()    External     | ??0Failure@ClientMiles@@QEAA@AEBV01@@Z (public: __cdecl ClientMiles::Failure::Failure(class ClientMiles::Failure const &))
46C 00000000 SECTF4 notype ()    External     | ??_GFailure@ClientMiles@@UEAAPEAXI@Z (public: virtual void * __cdecl ClientMiles::Failure::`scalar deleting destructor'(unsigned int))
46D 00000000 UNDEF  notype ()    WeakExternal | ??_EFailure@ClientMiles@@UEAAPEAXI@Z (public: virtual void * __cdecl ClientMiles::Failure::`vector deleting destructor'(unsigned int))
    Default index      46C library search
46F 00000000 SECT1EA notype ()    External    | ?startup@ClientMiles@@YAHXZ (int __cdecl ClientMiles::startup(void))
470 00000000 SECT1E2 notype ()    External    | ?shutdown@ClientMiles@@YAXXZ (void __cdecl ClientMiles::shutdown(void))
471 00000000 SECT175 notype ()    External    | ?get_preference@ClientMiles@@YA_JI@Z (__int64 __cdecl ClientMiles::get_preference(unsigned int))
472 00000000 SECT1CE notype ()    External    | ?set_preference@ClientMiles@@YA_JI_J@Z (__int64 __cdecl ClientMiles::set_preference(unsigned int,__int64))
473 00000000 SECT178 notype ()    External    | ?last_errorOwned@ClientMiles@@YA?AUOwnedText@1@XZ (struct ClientMiles::OwnedText __cdecl ClientMiles::last_errorOwned(void))
474 00000000 SECT1D0 notype ()    External    | ?set_redist_directoryOwned@ClientMiles@@YA?AUOwnedText@1@PEBD@Z (struct ClientMiles::OwnedText __cdecl ClientMiles::set_redist_directoryOwned(char const *))
475 00000000 SECT102 notype ()    External    | ?MSS_versionOwned@ClientMiles@@YA?AUOwnedText@1@XZ (struct ClientMiles::OwnedText __cdecl ClientMiles::MSS_versionOwned(void))
476 00000000 SECT196 notype ()    External    | ?open_digital_driver@ClientMiles@@YAPEAUDigitalDriver@1@IHHI@Z (struct ClientMiles::DigitalDriver * __cdecl ClientMiles::open_digital_driver(unsigned int,int,int,unsigned int))
477 00000000 SECT1E6 notype ()    External    | ?speaker_configuration_spec@ClientMiles@@YAHPEAUDigitalDriver@1@@Z (int __cdecl ClientMiles::speaker_configuration_spec(struct ClientMiles::DigitalDriver *))
478 00000000 SECT94 notype ()    External     | ??0Bytes@MilesTransport@@QEAA@PEBX_K@Z (public: __cdecl MilesTransport::Bytes::Bytes(void const *,unsigned __int64))
479 00000000 SECT1C5 notype ()    External    | ?select_on_container_copy_construction@?$allocator@E@std@@QEBA?AV12@XZ (public: class std::allocator<unsigned char> __cdecl std::allocator<unsigned char>::select_on_container_copy_construction(void)const )
47A 00000000 SECT7B notype ()    External     | ??0?$allocator@E@std@@QEAA@XZ (public: __cdecl std::allocator<unsigned char>::allocator<unsigned char>(void))
47B 00000000 SECT7A notype ()    External     | ??0?$allocator@E@std@@QEAA@AEBV01@@Z (public: __cdecl std::allocator<unsigned char>::allocator<unsigned char>(class std::allocator<unsigned char> const &))
47C 00000000 SECT159 notype ()    External    | ?deallocate@?$allocator@E@std@@QEAAXPEAE_K@Z (public: void __cdecl std::allocator<unsigned char>::deallocate(unsigned char *,unsigned __int64))
47D 00000000 SECT13B notype ()    External    | ?allocate@?$allocator@E@std@@QEAAPEAE_K@Z (public: unsigned char * __cdecl std::allocator<unsigned char>::allocate(unsigned __int64))
47E 00000000 SECT182 notype ()    External    | ?max_size@?$allocator@E@std@@QEBA_KXZ (public: unsigned __int64 __cdecl std::allocator<unsigned char>::max_size(void)const )
47F 00000000 SECT186 notype ()    External    | ?max_size@?$allocator_traits@V?$allocator@E@std@@@std@@SA_KAEBV?$allocator@E@2@@Z (public: static unsigned __int64 __cdecl std::allocator_traits<class std::allocator<unsigned char> >::max_size(class std::allocator<unsigned char> const &))
480 00000000 SECT1C7 notype ()    External    | ?select_on_container_copy_construction@?$allocator_traits@V?$allocator@E@std@@@std@@SA?AV?$allocator@E@2@AEBV32@@Z (public: static class std::allocator<unsigned char> __cdecl std::allocator_traits<class std::allocator<unsigned char> >::select_on_container_copy_construction(class std::allocator<unsigned char> const &))
481 00000000 SECT1C3 notype ()    External    | ?select_on_container_copy_construction@?$_Wrap_alloc@V?$allocator@E@std@@@std@@QEBA?AU12@XZ (public: struct std::_Wrap_alloc<class std::allocator<unsigned char> > __cdecl std::_Wrap_alloc<class std::allocator<unsigned char> >::select_on_container_copy_construction(void)const )
482 00000000 SECT75 notype ()    External     | ??0?$_Wrap_alloc@V?$allocator@E@std@@@std@@QEAA@XZ (public: __cdecl std::_Wrap_alloc<class std::allocator<unsigned char> >::_Wrap_alloc<class std::allocator<unsigned char> >(void))
483 00000000 SECT74 notype ()    External     | ??0?$_Wrap_alloc@V?$allocator@E@std@@@std@@QEAA@AEBV?$allocator@E@1@@Z (public: __cdecl std::_Wrap_alloc<class std::allocator<unsigned char> >::_Wrap_alloc<class std::allocator<unsigned char> >(class std::allocator<unsigned char> const &))
484 00000000 SECT137 notype ()    External    | ?allocate@?$_Wrap_alloc@V?$allocator@E@std@@@std@@QEAAPEAE_K@Z (public: unsigned char * __cdecl std::_Wrap_alloc<class std::allocator<unsigned char> >::allocate(unsigned __int64))
485 00000000 SECT155 notype ()    External    | ?deallocate@?$_Wrap_alloc@V?$allocator@E@std@@@std@@QEAAXPEAE_K@Z (public: void __cdecl std::_Wrap_alloc<class std::allocator<unsigned char> >::deallocate(unsigned char *,unsigned __int64))
486 00000000 SECT17E notype ()    External    | ?max_size@?$_Wrap_alloc@V?$allocator@E@std@@@std@@QEBA_KXZ (public: unsigned __int64 __cdecl std::_Wrap_alloc<class std::allocator<unsigned char> >::max_size(void)const )
487 00000000 SECT71 notype ()    External     | ??0?$_Vector_val@U?$_Simple_types@E@std@@@std@@QEAA@XZ (public: __cdecl std::_Vector_val<struct std::_Simple_types<unsigned char> >::_Vector_val<struct std::_Simple_types<unsigned char> >(void))
488 00000000 SECT6F notype ()    External     | ??0?$_Vector_alloc@$0A@U?$_Vec_base_types@EV?$allocator@E@std@@@std@@@std@@QEAA@AEBV?$allocator@E@1@@Z (public: __cdecl std::_Vector_alloc<0,struct std::_Vec_base_types<unsigned char,class std::allocator<unsigned char> > >::_Vector_alloc<0,struct std::_Vec_base_types<unsigned char,class std::allocator<unsigned char> > >(class std::allocator<unsigned char> const &))
489 00000000 SECT10C notype ()    External    | ?_Change_alloc@?$_Vector_alloc@$0A@U?$_Vec_base_types@EV?$allocator@E@std@@@std@@@std@@QEAAXAEBU?$_Wrap_alloc@V?$allocator@E@std@@@2@@Z (public: void __cdecl std::_Vector_alloc<0,struct std::_Vec_base_types<unsigned char,class std::allocator<unsigned char> > >::_Change_alloc(struct std::_Wrap_alloc<class std::allocator<unsigned char> > const &))
48A 00000000 SECT118 notype ()    External    | ?_Getal@?$_Vector_alloc@$0A@U?$_Vec_base_types@EV?$allocator@E@std@@@std@@@std@@QEBA?AU?$_Wrap_alloc@V?$allocator@E@std@@@2@XZ (public: struct std::_Wrap_alloc<class std::allocator<unsigned char> > __cdecl std::_Vector_alloc<0,struct std::_Vec_base_types<unsigned char,class std::allocator<unsigned char> > >::_Getal(void)const )
48B 00000000 SECT93 notype ()    External     | ??0?$vector@EV?$allocator@E@std@@@std@@QEAA@XZ (public: __cdecl std::vector<unsigned char,class std::allocator<unsigned char> >::vector<unsigned char,class std::allocator<unsigned char> >(void))
48C 00000000 SECT91 notype ()    External     | ??0?$vector@EV?$allocator@E@std@@@std@@QEAA@AEBV01@@Z (public: __cdecl std::vector<unsigned char,class std::allocator<unsigned char> >::vector<unsigned char,class std::allocator<unsigned char> >(class std::vector<unsigned char,class std::allocator<unsigned char> > const &))
48D 00000000 SECTB6 notype ()    External     | ??1?$vector@EV?$allocator@E@std@@@std@@QEAA@XZ (public: __cdecl std::vector<unsigned char,class std::allocator<unsigned char> >::~vector<unsigned char,class std::allocator<unsigned char> >(void))
48E 00000000 SECTC5 notype ()    External     | ??4?$vector@EV?$allocator@E@std@@@std@@QEAAAEAV01@AEBV01@@Z (public: class std::vector<unsigned char,class std::allocator<unsigned char> > & __cdecl std::vector<unsigned char,class std::allocator<unsigned char> >::operator=(class std::vector<unsigned char,class std::allocator<unsigned char> > const &))
48F 00000000 SECT148 notype ()    External    | ?capacity@?$vector@EV?$allocator@E@std@@@std@@QEBA_KXZ (public: unsigned __int64 __cdecl std::vector<unsigned char,class std::allocator<unsigned char> >::capacity(void)const )
490 00000000 SECT147 notype ()    External    | ?begin@?$vector@EV?$allocator@E@std@@@std@@QEBA?AV?$_Vector_const_iterator@V?$_Vector_val@U?$_Simple_types@E@std@@@std@@@2@XZ (public: class std::_Vector_const_iterator<class std::_Vector_val<struct std::_Simple_types<unsigned char> > > __cdecl std::vector<unsigned char,class std::allocator<unsigned char> >::begin(void)const )
491 00000000 SECT162 notype ()    External    | ?end@?$vector@EV?$allocator@E@std@@@std@@QEBA?AV?$_Vector_const_iterator@V?$_Vector_val@U?$_Simple_types@E@std@@@std@@@2@XZ (public: class std::_Vector_const_iterator<class std::_Vector_val<struct std::_Simple_types<unsigned char> > > __cdecl std::vector<unsigned char,class std::allocator<unsigned char> >::end(void)const )
492 00000000 SECT1E5 notype ()    External    | ?size@?$vector@EV?$allocator@E@std@@@std@@QEBA_KXZ (public: unsigned __int64 __cdecl std::vector<unsigned char,class std::allocator<unsigned char> >::size(void)const )
493 00000000 SECT18C notype ()    External    | ?max_size@?$vector@EV?$allocator@E@std@@@std@@QEBA_KXZ (public: unsigned __int64 __cdecl std::vector<unsigned char,class std::allocator<unsigned char> >::max_size(void)const )
494 00000000 SECT15F notype ()    External    | ?empty@?$vector@EV?$allocator@E@std@@@std@@QEBA_NXZ (public: bool __cdecl std::vector<unsigned char,class std::allocator<unsigned char> >::empty(void)const )
495 00000000 SECTCE notype ()    External     | ??A?$vector@EV?$allocator@E@std@@@std@@QEBAAEBE_K@Z (public: unsigned char const & __cdecl std::vector<unsigned char,class std::allocator<unsigned char> >::operator[](unsigned __int64)const )
496 00000000 SECT144 notype ()    External    | ?back@?$vector@EV?$allocator@E@std@@@std@@QEBAAEBEXZ (public: unsigned char const & __cdecl std::vector<unsigned char,class std::allocator<unsigned char> >::back(void)const )
497 00000000 SECT14E notype ()    External    | ?clear@?$vector@EV?$allocator@E@std@@@std@@QEAAXXZ (public: void __cdecl std::vector<unsigned char,class std::allocator<unsigned char> >::clear(void))
498 00000000 SECT105 notype ()    External    | ?_Buy@?$vector@EV?$allocator@E@std@@@std@@IEAA_N_K@Z (protected: bool __cdecl std::vector<unsigned char,class std::allocator<unsigned char> >::_Buy(unsigned __int64))
499 00000000 SECT10F notype ()    External    | ?_Destroy@?$vector@EV?$allocator@E@std@@@std@@IEAAXPEAE0@Z (protected: void __cdecl std::vector<unsigned char,class std::allocator<unsigned char> >::_Destroy(unsigned char *,unsigned char *))
49A 00000000 SECT12D notype ()    External    | ?_Tidy@?$vector@EV?$allocator@E@std@@@std@@IEAAXXZ (protected: void __cdecl std::vector<unsigned char,class std::allocator<unsigned char> >::_Tidy(void))
49B 00000000 SECT134 notype ()    External    | ?_Xlen@?$vector@EV?$allocator@E@std@@@std@@IEBAXXZ (protected: void __cdecl std::vector<unsigned char,class std::allocator<unsigned char> >::_Xlen(void)const )
49C 00000000 UNDEF  notype ()    External     | ?signedValue@MilesStartup@@YA_JI@Z (__int64 __cdecl MilesStartup::signedValue(unsigned int))
49D 00000000 SECT177 notype ()    External    | ?knownStatus@StartupBridge@@YA_NI@Z (bool __cdecl StartupBridge::knownStatus(unsigned int))
49E 00000000 SECT98 notype ()    External     | ??0OwnedReply@StartupBridge@@QEAA@XZ (public: __cdecl StartupBridge::OwnedReply::OwnedReply(void))
49F 00000000 SECTB8 notype ()    External     | ??1OwnedReply@StartupBridge@@QEAA@XZ (public: __cdecl StartupBridge::OwnedReply::~OwnedReply(void))
4A0 00000000 SECT97 notype ()    External     | ??0OwnedReply@StartupBridge@@QEAA@AEBU01@@Z (public: __cdecl StartupBridge::OwnedReply::OwnedReply(struct StartupBridge::OwnedReply const &))
4A1 00000000 SECTC7 notype ()    External     | ??4OwnedReply@StartupBridge@@QEAAAEAU01@AEBU01@@Z (public: struct StartupBridge::OwnedReply & __cdecl StartupBridge::OwnedReply::operator=(struct StartupBridge::OwnedReply const &))
4A2 00000000 SECT195 notype ()    External    | ?nullHandle@StartupBridge@@YA_NAEBUHandle@MilesWire@@@Z (bool __cdecl StartupBridge::nullHandle(struct MilesWire::Handle const &))
4A3 00000000 SECT9F notype ()    External     | ??0Session@ClientMilesPipe@@QEAA@V?$unique_ptr@VChannel@ClientMilesPipe@@U?$default_delete@VChannel@ClientMilesPipe@@@std@@@std@@@Z (public: __cdecl ClientMilesPipe::Session::Session(class std::unique_ptr<class ClientMilesPipe::Channel,struct std::default_delete<class ClientMilesPipe::Channel> >))
4A4 00000000 SECTBB notype ()    External     | ??1Session@ClientMilesPipe@@QEAA@XZ (public: __cdecl ClientMilesPipe::Session::~Session(void))
4A5 00000000 SECT14F notype ()    External    | ?close@Session@ClientMilesPipe@@QEAAXXZ (public: void __cdecl ClientMilesPipe::Session::close(void))
4A6 00000000 SECT1AE notype ()    External    | ?request@Session@ClientMilesPipe@@QEAA?AUOwnedReply@StartupBridge@@IAEBUCall@MilesWire@@UBytes@MilesTransport@@@Z (public: struct StartupBridge::OwnedReply __cdecl ClientMilesPipe::Session::request(unsigned int,struct MilesWire::Call const &,struct MilesTransport::Bytes))
4A7 00000000 SECT1F5 notype ()    External    | ?uncertain@Session@ClientMilesPipe@@QEBA_NXZ (public: bool __cdecl ClientMilesPipe::Session::uncertain(void)const )
4A8 00000000 SECT1B9 notype ()    External    | ?sampleProxyCount@Session@ClientMilesPipe@@QEBA_KXZ (public: unsigned __int64 __cdecl ClientMilesPipe::Session::sampleProxyCount(void)const )
4A9 00000000 SECT1A8 notype ()    External    | ?rejectResult@Session@ClientMilesPipe@@QEAAXXZ (public: void __cdecl ClientMilesPipe::Session::rejectResult(void))
4AA 00000000 SECT1B1 notype ()    External    | ?requireRunning@Session@ClientMilesPipe@@QEBAXXZ (public: void __cdecl ClientMilesPipe::Session::requireRunning(void)const )
4AB 00000000 SECT1B0 notype ()    External    | ?requireAvailable@Session@ClientMilesPipe@@QEBAXXZ (public: void __cdecl ClientMilesPipe::Session::requireAvailable(void)const )
4AC 00000000 SECT83 notype ()    External     | ??0?$default_delete@UDigitalDriver@ClientMiles@@@std@@QEAA@XZ (public: __cdecl std::default_delete<struct ClientMiles::DigitalDriver>::default_delete<struct ClientMiles::DigitalDriver>(void))
4AD 00000000 SECTEB notype ()    External     | ??R?$default_delete@UDigitalDriver@ClientMiles@@@std@@QEBAXPEAUDigitalDriver@ClientMiles@@@Z (public: void __cdecl std::default_delete<struct ClientMiles::DigitalDriver>::operator()(struct ClientMiles::DigitalDriver *)const )
4AE 00000000 SECT68 notype ()    External     | ??0?$_Unique_ptr_base@UDigitalDriver@ClientMiles@@U?$default_delete@UDigitalDriver@ClientMiles@@@std@@$00@std@@QEAA@PEAUDigitalDriver@ClientMiles@@@Z (public: __cdecl std::_Unique_ptr_base<struct ClientMiles::DigitalDriver,struct std::default_delete<struct ClientMiles::DigitalDriver>,1>::_Unique_ptr_base<struct ClientMiles::DigitalDriver,struct std::default_delete<struct ClientMiles::DigitalDriver>,1>(struct ClientMiles::DigitalDriver *))
4AF 00000000 SECT170 notype ()    External    | ?get_deleter@?$_Unique_ptr_base@UDigitalDriver@ClientMiles@@U?$default_delete@UDigitalDriver@ClientMiles@@@std@@$00@std@@QEAAAEAU?$default_delete@UDigitalDriver@ClientMiles@@@2@XZ (public: struct std::default_delete<struct ClientMiles::DigitalDriver> & __cdecl std::_Unique_ptr_base<struct ClientMiles::DigitalDriver,struct std::default_delete<struct ClientMiles::DigitalDriver>,1>::get_deleter(void))
4B0 00000000 SECT8A notype ()    External     | ??0?$unique_ptr@UDigitalDriver@ClientMiles@@U?$default_delete@UDigitalDriver@ClientMiles@@@std@@@std@@QEAA@XZ (public: __cdecl std::unique_ptr<struct ClientMiles::DigitalDriver,struct std::default_delete<struct ClientMiles::DigitalDriver> >::unique_ptr<struct ClientMiles::DigitalDriver,struct std::default_delete<struct ClientMiles::DigitalDriver> >(void))
4B1 00000000 SECT89 notype ()    External     | ??0?$unique_ptr@UDigitalDriver@ClientMiles@@U?$default_delete@UDigitalDriver@ClientMiles@@@std@@@std@@QEAA@PEAUDigitalDriver@ClientMiles@@@Z (public: __cdecl std::unique_ptr<struct ClientMiles::DigitalDriver,struct std::default_delete<struct ClientMiles::DigitalDriver> >::unique_ptr<struct ClientMiles::DigitalDriver,struct std::default_delete<struct ClientMiles::DigitalDriver> >(struct ClientMiles::DigitalDriver *))
4B2 00000000 SECTC4 notype ()    External     | ??4?$unique_ptr@UDigitalDriver@ClientMiles@@U?$default_delete@UDigitalDriver@ClientMiles@@@std@@@std@@QEAAAEAV01@$$QEAV01@@Z (public: class std::unique_ptr<struct ClientMiles::DigitalDriver,struct std::default_delete<struct ClientMiles::DigitalDriver> > & __cdecl std::unique_ptr<struct ClientMiles::DigitalDriver,struct std::default_delete<struct ClientMiles::DigitalDriver> >::operator=(class std::unique_ptr<struct ClientMiles::DigitalDriver,struct std::default_delete<struct ClientMiles::DigitalDriver> > &&))
4B3 00000000 SECTB1 notype ()    External     | ??1?$unique_ptr@UDigitalDriver@ClientMiles@@U?$default_delete@UDigitalDriver@ClientMiles@@@std@@@std@@QEAA@XZ (public: __cdecl std::unique_ptr<struct ClientMiles::DigitalDriver,struct std::default_delete<struct ClientMiles::DigitalDriver> >::~unique_ptr<struct ClientMiles::DigitalDriver,struct std::default_delete<struct ClientMiles::DigitalDriver> >(void))
4B4 00000000 SECTDC notype ()    External     | ??D?$unique_ptr@UDigitalDriver@ClientMiles@@U?$default_delete@UDigitalDriver@ClientMiles@@@std@@@std@@QEBAAEAUDigitalDriver@ClientMiles@@XZ (public: struct ClientMiles::DigitalDriver & __cdecl std::unique_ptr<struct ClientMiles::DigitalDriver,struct std::default_delete<struct ClientMiles::DigitalDriver> >::operator*(void)const )
4B5 00000000 SECTD3 notype ()    External     | ??C?$unique_ptr@UDigitalDriver@ClientMiles@@U?$default_delete@UDigitalDriver@ClientMiles@@@std@@@std@@QEBAPEAUDigitalDriver@ClientMiles@@XZ (public: struct ClientMiles::DigitalDriver * __cdecl std::unique_ptr<struct ClientMiles::DigitalDriver,struct std::default_delete<struct ClientMiles::DigitalDriver> >::operator->(void)const )
4B6 00000000 SECT16D notype ()    External    | ?get@?$unique_ptr@UDigitalDriver@ClientMiles@@U?$default_delete@UDigitalDriver@ClientMiles@@@std@@@std@@QEBAPEAUDigitalDriver@ClientMiles@@XZ (public: struct ClientMiles::DigitalDriver * __cdecl std::unique_ptr<struct ClientMiles::DigitalDriver,struct std::default_delete<struct ClientMiles::DigitalDriver> >::get(void)const )
4B7 00000000 SECTCF notype ()    External     | ??B?$unique_ptr@UDigitalDriver@ClientMiles@@U?$default_delete@UDigitalDriver@ClientMiles@@@std@@@std@@QEBA_NXZ (public: __cdecl std::unique_ptr<struct ClientMiles::DigitalDriver,struct std::default_delete<struct ClientMiles::DigitalDriver> >::operator bool(void)const )
4B8 00000000 SECT1A9 notype ()    External    | ?release@?$unique_ptr@UDigitalDriver@ClientMiles@@U?$default_delete@UDigitalDriver@ClientMiles@@@std@@@std@@QEAAPEAUDigitalDriver@ClientMiles@@XZ (public: struct ClientMiles::DigitalDriver * __cdecl std::unique_ptr<struct ClientMiles::DigitalDriver,struct std::default_delete<struct ClientMiles::DigitalDriver> >::release(void))
4B9 00000000 SECT1B2 notype ()    External    | ?reset@?$unique_ptr@UDigitalDriver@ClientMiles@@U?$default_delete@UDigitalDriver@ClientMiles@@@std@@@std@@QEAAXPEAUDigitalDriver@ClientMiles@@@Z (public: void __cdecl std::unique_ptr<struct ClientMiles::DigitalDriver,struct std::default_delete<struct ClientMiles::DigitalDriver> >::reset(struct ClientMiles::DigitalDriver *))
4BA 00000000 SECT86 notype ()    External     | ??0?$default_delete@USampleState@ClientMilesPipe@@@std@@QEAA@XZ (public: __cdecl std::default_delete<struct ClientMilesPipe::SampleState>::default_delete<struct ClientMilesPipe::SampleState>(void))
4BB 00000000 SECTEE notype ()    External     | ??R?$default_delete@USampleState@ClientMilesPipe@@@std@@QEBAXPEAUSampleState@ClientMilesPipe@@@Z (public: void __cdecl std::default_delete<struct ClientMilesPipe::SampleState>::operator()(struct ClientMilesPipe::SampleState *)const )
4BC 00000000 SECT6D notype ()    External     | ??0?$_Unique_ptr_base@USampleState@ClientMilesPipe@@U?$default_delete@USampleState@ClientMilesPipe@@@std@@$00@std@@QEAA@PEAUSampleState@ClientMilesPipe@@@Z (public: __cdecl std::_Unique_ptr_base<struct ClientMilesPipe::SampleState,struct std::default_delete<struct ClientMilesPipe::SampleState>,1>::_Unique_ptr_base<struct ClientMilesPipe::SampleState,struct std::default_delete<struct ClientMilesPipe::SampleState>,1>(struct ClientMilesPipe::SampleState *))
4BD 00000000 SECT173 notype ()    External    | ?get_deleter@?$_Unique_ptr_base@USampleState@ClientMilesPipe@@U?$default_delete@USampleState@ClientMilesPipe@@@std@@$00@std@@QEAAAEAU?$default_delete@USampleState@ClientMilesPipe@@@2@XZ (public: struct std::default_delete<struct ClientMilesPipe::SampleState> & __cdecl std::_Unique_ptr_base<struct ClientMilesPipe::SampleState,struct std::default_delete<struct ClientMilesPipe::SampleState>,1>::get_deleter(void))
4BE 00000000 SECT8F notype ()    External     | ??0?$unique_ptr@USampleState@ClientMilesPipe@@U?$default_delete@USampleState@ClientMilesPipe@@@std@@@std@@QEAA@PEAUSampleState@ClientMilesPipe@@@Z (public: __cdecl std::unique_ptr<struct ClientMilesPipe::SampleState,struct std::default_delete<struct ClientMilesPipe::SampleState> >::unique_ptr<struct ClientMilesPipe::SampleState,struct std::default_delete<struct ClientMilesPipe::SampleState> >(struct ClientMilesPipe::SampleState *))
4BF 00000000 SECTB4 notype ()    External     | ??1?$unique_ptr@USampleState@ClientMilesPipe@@U?$default_delete@USampleState@ClientMilesPipe@@@std@@@std@@QEAA@XZ (public: __cdecl std::unique_ptr<struct ClientMilesPipe::SampleState,struct std::default_delete<struct ClientMilesPipe::SampleState> >::~unique_ptr<struct ClientMilesPipe::SampleState,struct std::default_delete<struct ClientMilesPipe::SampleState> >(void))
4C0 00000000 SECTDE notype ()    External     | ??D?$unique_ptr@USampleState@ClientMilesPipe@@U?$default_delete@USampleState@ClientMilesPipe@@@std@@@std@@QEBAAEAUSampleState@ClientMilesPipe@@XZ (public: struct ClientMilesPipe::SampleState & __cdecl std::unique_ptr<struct ClientMilesPipe::SampleState,struct std::default_delete<struct ClientMilesPipe::SampleState> >::operator*(void)const )
4C1 00000000 SECTD5 notype ()    External     | ??C?$unique_ptr@USampleState@ClientMilesPipe@@U?$default_delete@USampleState@ClientMilesPipe@@@std@@@std@@QEBAPEAUSampleState@ClientMilesPipe@@XZ (public: struct ClientMilesPipe::SampleState * __cdecl std::unique_ptr<struct ClientMilesPipe::SampleState,struct std::default_delete<struct ClientMilesPipe::SampleState> >::operator->(void)const )
4C2 00000000 SECT1C8 notype ()    External    | ?selected@Session@ClientMilesPipe@@SAAEAV12@XZ (public: static class ClientMilesPipe::Session & __cdecl ClientMilesPipe::Session::selected(void))
4C3 00000000 SECTEF notype ()    External     | ??R?$default_delete@VChannel@ClientMilesPipe@@@std@@QEBAXPEAVChannel@ClientMilesPipe@@@Z (public: void __cdecl std::default_delete<class ClientMilesPipe::Channel>::operator()(class ClientMilesPipe::Channel *)const )
4C4 00000000 SECT6E notype ()    External     | ??0?$_Unique_ptr_base@VChannel@ClientMilesPipe@@U?$default_delete@VChannel@ClientMilesPipe@@@std@@$00@std@@QEAA@PEAVChannel@ClientMilesPipe@@U?$default_delete@VChannel@ClientMilesPipe@@@1@@Z (public: __cdecl std::_Unique_ptr_base<class ClientMilesPipe::Channel,struct std::default_delete<class ClientMilesPipe::Channel>,1>::_Unique_ptr_base<class ClientMilesPipe::Channel,struct std::default_delete<class ClientMilesPipe::Channel>,1>(class ClientMilesPipe::Channel *,struct std::default_delete<class ClientMilesPipe::Channel>))
4C5 00000000 SECT174 notype ()    External    | ?get_deleter@?$_Unique_ptr_base@VChannel@ClientMilesPipe@@U?$default_delete@VChannel@ClientMilesPipe@@@std@@$00@std@@QEAAAEAU?$default_delete@VChannel@ClientMilesPipe@@@2@XZ (public: struct std::default_delete<class ClientMilesPipe::Channel> & __cdecl std::_Unique_ptr_base<class ClientMilesPipe::Channel,struct std::default_delete<class ClientMilesPipe::Channel>,1>::get_deleter(void))
4C6 00000000 SECT90 notype ()    External     | ??0?$unique_ptr@VChannel@ClientMilesPipe@@U?$default_delete@VChannel@ClientMilesPipe@@@std@@@std@@QEAA@$$QEAV01@@Z (public: __cdecl std::unique_ptr<class ClientMilesPipe::Channel,struct std::default_delete<class ClientMilesPipe::Channel> >::unique_ptr<class ClientMilesPipe::Channel,struct std::default_delete<class ClientMilesPipe::Channel> >(class std::unique_ptr<class ClientMilesPipe::Channel,struct std::default_delete<class ClientMilesPipe::Channel> > &&))
4C7 00000000 SECTB5 notype ()    External     | ??1?$unique_ptr@VChannel@ClientMilesPipe@@U?$default_delete@VChannel@ClientMilesPipe@@@std@@@std@@QEAA@XZ (public: __cdecl std::unique_ptr<class ClientMilesPipe::Channel,struct std::default_delete<class ClientMilesPipe::Channel> >::~unique_ptr<class ClientMilesPipe::Channel,struct std::default_delete<class ClientMilesPipe::Channel> >(void))
4C8 00000000 SECTDF notype ()    External     | ??D?$unique_ptr@VChannel@ClientMilesPipe@@U?$default_delete@VChannel@ClientMilesPipe@@@std@@@std@@QEBAAEAVChannel@ClientMilesPipe@@XZ (public: class ClientMilesPipe::Channel & __cdecl std::unique_ptr<class ClientMilesPipe::Channel,struct std::default_delete<class ClientMilesPipe::Channel> >::operator*(void)const )
4C9 00000000 SECTD6 notype ()    External     | ??C?$unique_ptr@VChannel@ClientMilesPipe@@U?$default_delete@VChannel@ClientMilesPipe@@@std@@@std@@QEBAPEAVChannel@ClientMilesPipe@@XZ (public: class ClientMilesPipe::Channel * __cdecl std::unique_ptr<class ClientMilesPipe::Channel,struct std::default_delete<class ClientMilesPipe::Channel> >::operator->(void)const )
4CA 00000000 SECTD0 notype ()    External     | ??B?$unique_ptr@VChannel@ClientMilesPipe@@U?$default_delete@VChannel@ClientMilesPipe@@@std@@@std@@QEBA_NXZ (public: __cdecl std::unique_ptr<class ClientMilesPipe::Channel,struct std::default_delete<class ClientMilesPipe::Channel> >::operator bool(void)const )
4CB 00000000 SECT1AC notype ()    External    | ?release@?$unique_ptr@VChannel@ClientMilesPipe@@U?$default_delete@VChannel@ClientMilesPipe@@@std@@@std@@QEAAPEAVChannel@ClientMilesPipe@@XZ (public: class ClientMilesPipe::Channel * __cdecl std::unique_ptr<class ClientMilesPipe::Channel,struct std::default_delete<class ClientMilesPipe::Channel> >::release(void))
4CC 00000000 SECT13E notype ()    External    | ?allocate_sample_handle@ClientMiles@@YAPEAUSample@1@PEAUDigitalDriver@1@@Z (struct ClientMiles::Sample * __cdecl ClientMiles::allocate_sample_handle(struct ClientMiles::DigitalDriver *))
4CD 00000000 SECT1BA notype ()    External    | ?sample_ms_position@ClientMiles@@YAXPEAUSample@1@PEAH1@Z (void __cdecl ClientMiles::sample_ms_position(struct ClientMiles::Sample *,int *,int *))
4CE 00000000 SECT163 notype ()    External    | ?end_sample@ClientMiles@@YAXPEAUSample@1@@Z (void __cdecl ClientMiles::end_sample(struct ClientMiles::Sample *))
4CF 00000000 SECT1AD notype ()    External    | ?release_sample_handle@ClientMiles@@YAXPEAUSample@1@@Z (void __cdecl ClientMiles::release_sample_handle(struct ClientMiles::Sample *))
4D0 00000000 SECT1E8 notype ()    External    | ?start_sample@ClientMiles@@YAXPEAUSample@1@@Z (void __cdecl ClientMiles::start_sample(struct ClientMiles::Sample *))
4D1 00000000 SECT1EC notype ()    External    | ?stop_sample@ClientMiles@@YAXPEAUSample@1@@Z (void __cdecl ClientMiles::stop_sample(struct ClientMiles::Sample *))
4D2 00000000 SECT1C0 notype ()    External    | ?sample_status@ClientMiles@@YAIPEAUSample@1@@Z (unsigned int __cdecl ClientMiles::sample_status(struct ClientMiles::Sample *))
4D3 00000000 SECT1D7 notype ()    External    | ?set_sample_loop_count@ClientMiles@@YAXPEAUSample@1@H@Z (void __cdecl ClientMiles::set_sample_loop_count(struct ClientMiles::Sample *,int))
4D4 00000000 SECT1D6 notype ()    External    | ?set_sample_loop_block@ClientMiles@@YAXPEAUSample@1@HH@Z (void __cdecl ClientMiles::set_sample_loop_block(struct ClientMiles::Sample *,int,int))
4D5 00000000 SECT1D8 notype ()    External    | ?set_sample_ms_position@ClientMiles@@YAXPEAUSample@1@H@Z (void __cdecl ClientMiles::set_sample_ms_position(struct ClientMiles::Sample *,int))
4D6 00000000 SECT1DC notype ()    External    | ?set_sample_position@ClientMiles@@YAXPEAUSample@1@I@Z (void __cdecl ClientMiles::set_sample_position(struct ClientMiles::Sample *,unsigned int))
4D7 00000000 SECT1BE notype ()    External    | ?sample_position@ClientMiles@@YAIPEAUSample@1@@Z (unsigned int __cdecl ClientMiles::sample_position(struct ClientMiles::Sample *))
4D8 00000000 SECT1DB notype ()    External    | ?set_sample_playback_rate@ClientMiles@@YAXPEAUSample@1@H@Z (void __cdecl ClientMiles::set_sample_playback_rate(struct ClientMiles::Sample *,int))
4D9 00000000 SECT1BC notype ()    External    | ?sample_playback_rate@ClientMiles@@YAHPEAUSample@1@@Z (int __cdecl ClientMiles::sample_playback_rate(struct ClientMiles::Sample *))
4DA 00000000 SECT1DE notype ()    External    | ?set_sample_volume_levels@ClientMiles@@YAXPEAUSample@1@MM@Z (void __cdecl ClientMiles::set_sample_volume_levels(struct ClientMiles::Sample *,float,float))
4DB 00000000 SECT1C1 notype ()    External    | ?sample_volume_levels@ClientMiles@@YAXPEAUSample@1@PEAM1@Z (void __cdecl ClientMiles::sample_volume_levels(struct ClientMiles::Sample *,float *,float *))
4DC 00000000 SECT1DD notype ()    External    | ?set_sample_reverb_levels@ClientMiles@@YAXPEAUSample@1@MM@Z (void __cdecl ClientMiles::set_sample_reverb_levels(struct ClientMiles::Sample *,float,float))
4DD 00000000 SECT1BF notype ()    External    | ?sample_reverb_levels@ClientMiles@@YAXPEAUSample@1@PEAM1@Z (void __cdecl ClientMiles::sample_reverb_levels(struct ClientMiles::Sample *,float *,float *))
4DE 00000000 SECT1D4 notype ()    External    | ?set_sample_3D_position@ClientMiles@@YAXPEAUSample@1@MMM@Z (void __cdecl ClientMiles::set_sample_3D_position(struct ClientMiles::Sample *,float,float,float))
4DF 00000000 SECT1D5 notype ()    External    | ?set_sample_3D_velocity_vector@ClientMiles@@YAXPEAUSample@1@MMM@Z (void __cdecl ClientMiles::set_sample_3D_velocity_vector(struct ClientMiles::Sample *,float,float,float))
4E0 00000000 SECT1D3 notype ()    External    | ?set_sample_3D_distances@ClientMiles@@YAXPEAUSample@1@MMH@Z (void __cdecl ClientMiles::set_sample_3D_distances(struct ClientMiles::Sample *,float,float,int))
4E1 00000000 SECT1DA notype ()    External    | ?set_sample_occlusion@ClientMiles@@YAXPEAUSample@1@M@Z (void __cdecl ClientMiles::set_sample_occlusion(struct ClientMiles::Sample *,float))
4E2 00000000 SECT1D9 notype ()    External    | ?set_sample_obstruction@ClientMiles@@YAXPEAUSample@1@M@Z (void __cdecl ClientMiles::set_sample_obstruction(struct ClientMiles::Sample *,float))
4E3 00000000 SECT198 notype ()    External    | ?open_stream@ClientMiles@@YAPEAUOwnedStream@1@PEAUDigitalDriver@1@PEBDH@Z (struct ClientMiles::OwnedStream * __cdecl ClientMiles::open_stream(struct ClientMiles::DigitalDriver *,char const *,int))
4E4 00000000 SECT151 notype ()    External    | ?close_stream@ClientMiles@@YAXPEAUOwnedStream@1@@Z (void __cdecl ClientMiles::close_stream(struct ClientMiles::OwnedStream *))
4E5 00000000 SECT1F0 notype ()    External    | ?stream_sample_handle@ClientMiles@@YAPEAUSample@1@PEAUOwnedStream@1@@Z (struct ClientMiles::Sample * __cdecl ClientMiles::stream_sample_handle(struct ClientMiles::OwnedStream *))
4E6 00000000 SECT1E9 notype ()    External    | ?start_stream@ClientMiles@@YAXPEAUOwnedStream@1@@Z (void __cdecl ClientMiles::start_stream(struct ClientMiles::OwnedStream *))
4E7 00000000 SECT1E0 notype ()    External    | ?set_stream_loop_count@ClientMiles@@YAXPEAUOwnedStream@1@H@Z (void __cdecl ClientMiles::set_stream_loop_count(struct ClientMiles::OwnedStream *,int))
4E8 00000000 SECT1DF notype ()    External    | ?set_stream_loop_block@ClientMiles@@YAXPEAUOwnedStream@1@HH@Z (void __cdecl ClientMiles::set_stream_loop_block(struct ClientMiles::OwnedStream *,int,int))
4E9 00000000 SECT1F2 notype ()    External    | ?stream_status@ClientMiles@@YAHPEAUOwnedStream@1@@Z (int __cdecl ClientMiles::stream_status(struct ClientMiles::OwnedStream *))
4EA 00000000 SECT1E1 notype ()    External    | ?set_stream_ms_position@ClientMiles@@YAXPEAUOwnedStream@1@H@Z (void __cdecl ClientMiles::set_stream_ms_position(struct ClientMiles::OwnedStream *,int))
4EB 00000000 SECT1EE notype ()    External    | ?stream_ms_position@ClientMiles@@YAXPEAUOwnedStream@1@PEAH1@Z (void __cdecl ClientMiles::stream_ms_position(struct ClientMiles::OwnedStream *,int *,int *))
4EC 00000000 SECT1CC notype ()    External    | ?set_listener_3D_position@ClientMiles@@YAXPEAUDigitalDriver@1@MMM@Z (void __cdecl ClientMiles::set_listener_3D_position(struct ClientMiles::DigitalDriver *,float,float,float))
4ED 00000000 SECT1CD notype ()    External    | ?set_listener_3D_velocity_vector@ClientMiles@@YAXPEAUDigitalDriver@1@MMM@Z (void __cdecl ClientMiles::set_listener_3D_velocity_vector(struct ClientMiles::DigitalDriver *,float,float,float))
4EE 00000000 SECT1CB notype ()    External    | ?set_listener_3D_orientation@ClientMiles@@YAXPEAUDigitalDriver@1@MMMMMM@Z (void __cdecl ClientMiles::set_listener_3D_orientation(struct ClientMiles::DigitalDriver *,float,float,float,float,float,float))
4EF 00000000 SECT1CA notype ()    External    | ?set_3D_rolloff_factor@ClientMiles@@YAXPEAUDigitalDriver@1@M@Z (void __cdecl ClientMiles::set_3D_rolloff_factor(struct ClientMiles::DigitalDriver *,float))
4F0 00000000 SECT1C9 notype ()    External    | ?serve@ClientMiles@@YAXXZ (void __cdecl ClientMiles::serve(void))
4F1 00000000 SECT1B3 notype ()    External    | ?room_type@ClientMiles@@YAHPEAUDigitalDriver@1@@Z (int __cdecl ClientMiles::room_type(struct ClientMiles::DigitalDriver *))
4F2 00000000 SECT1D2 notype ()    External    | ?set_room_type@ClientMiles@@YAXPEAUDigitalDriver@1@H@Z (void __cdecl ClientMiles::set_room_type(struct ClientMiles::DigitalDriver *,int))
4F3 00000000 SECT9C notype ()    External     | ??0Sample@ClientMiles@@QEAA@XZ (public: __cdecl ClientMiles::Sample::Sample(void))
4F4 00000000 SECT99 notype ()    External     | ??0OwnedStream@ClientMiles@@QEAA@XZ (public: __cdecl ClientMiles::OwnedStream::OwnedStream(void))
4F5 00000000 SECT7F notype ()    External     | ??0?$allocator@V?$unique_ptr@USample@ClientMiles@@U?$default_delete@USample@ClientMiles@@@std@@@std@@@std@@QEAA@XZ (public: __cdecl std::allocator<class std::unique_ptr<struct ClientMiles::Sample,struct std::default_delete<struct ClientMiles::Sample> > >::allocator<class std::unique_ptr<struct ClientMiles::Sample,struct std::default_delete<struct ClientMiles::Sample> > >(void))
4F6 00000000 SECT7D notype ()    External     | ??0?$allocator@U?$_List_node@V?$unique_ptr@USample@ClientMiles@@U?$default_delete@USample@ClientMiles@@@std@@@std@@PEAX@std@@@std@@QEAA@XZ (public: __cdecl std::allocator<struct std::_List_node<class std::unique_ptr<struct ClientMiles::Sample,struct std::default_delete<struct ClientMiles::Sample> >,void *> >::allocator<struct std::_List_node<class std::unique_ptr<struct ClientMiles::Sample,struct std::default_delete<struct ClientMiles::Sample> >,void *> >(void))
4F7 00000000 SECT15B notype ()    External    | ?deallocate@?$allocator@U?$_List_node@V?$unique_ptr@USample@ClientMiles@@U?$default_delete@USample@ClientMiles@@@std@@@std@@PEAX@std@@@std@@QEAAXPEAU?$_List_node@V?$unique_ptr@USample@ClientMiles@@U?$default_delete@USample@ClientMiles@@@std@@@std@@PEAX@2@_K@Z (public: void __cdecl std::allocator<struct std::_List_node<class std::unique_ptr<struct ClientMiles::Sample,struct std::default_delete<struct ClientMiles::Sample> >,void *> >::deallocate(struct std::_List_node<class std::unique_ptr<struct ClientMiles::Sample,struct std::default_delete<struct ClientMiles::Sample> >,void *> *,unsigned __int64))
4F8 00000000 SECT13D notype ()    External    | ?allocate@?$allocator@U?$_List_node@V?$unique_ptr@USample@ClientMiles@@U?$default_delete@USample@ClientMiles@@@std@@@std@@PEAX@std@@@std@@QEAAPEAU?$_List_node@V?$unique_ptr@USample@ClientMiles@@U?$default_delete@USample@ClientMiles@@@std@@@std@@PEAX@2@_K@Z (public: struct std::_List_node<class std::unique_ptr<struct ClientMiles::Sample,struct std::default_delete<struct ClientMiles::Sample> >,void *> * __cdecl std::allocator<struct std::_List_node<class std::unique_ptr<struct ClientMiles::Sample,struct std::default_delete<struct ClientMiles::Sample> >,void *> >::allocate(unsigned __int64))
4F9 00000000 SECT184 notype ()    External    | ?max_size@?$allocator@U?$_List_node@V?$unique_ptr@USample@ClientMiles@@U?$default_delete@USample@ClientMiles@@@std@@@std@@PEAX@std@@@std@@QEBA_KXZ (public: unsigned __int64 __cdecl std::allocator<struct std::_List_node<class std::unique_ptr<struct ClientMiles::Sample,struct std::default_delete<struct ClientMiles::Sample> >,void *> >::max_size(void)const )
4FA 00000000 SECT188 notype ()    External    | ?max_size@?$allocator_traits@V?$allocator@U?$_List_node@V?$unique_ptr@USample@ClientMiles@@U?$default_delete@USample@ClientMiles@@@std@@@std@@PEAX@std@@@std@@@std@@SA_KAEBV?$allocator@U?$_List_node@V?$unique_ptr@USample@ClientMiles@@U?$default_delete@USample@ClientMiles@@@std@@@std@@PEAX@std@@@2@@Z (public: static unsigned __int64 __cdecl std::allocator_traits<class std::allocator<struct std::_List_node<class std::unique_ptr<struct ClientMiles::Sample,struct std::default_delete<struct ClientMiles::Sample> >,void *> > >::max_size(class std::allocator<struct std::_List_node<class std::unique_ptr<struct ClientMiles::Sample,struct std::default_delete<struct ClientMiles::Sample> >,void *> > const &))
4FB 00000000 SECT77 notype ()    External     | ??0?$_Wrap_alloc@V?$allocator@U?$_List_node@V?$unique_ptr@USample@ClientMiles@@U?$default_delete@USample@ClientMiles@@@std@@@std@@PEAX@std@@@std@@@std@@QEAA@XZ (public: __cdecl std::_Wrap_alloc<class std::allocator<struct std::_List_node<class std::unique_ptr<struct ClientMiles::Sample,struct std::default_delete<struct ClientMiles::Sample> >,void *> > >::_Wrap_alloc<class std::allocator<struct std::_List_node<class std::unique_ptr<struct ClientMiles::Sample,struct std::default_delete<struct ClientMiles::Sample> >,void *> > >(void))
4FC 00000000 SECT139 notype ()    External    | ?allocate@?$_Wrap_alloc@V?$allocator@U?$_List_node@V?$unique_ptr@USample@ClientMiles@@U?$default_delete@USample@ClientMiles@@@std@@@std@@PEAX@std@@@std@@@std@@QEAAPEAU?$_List_node@V?$unique_ptr@USample@ClientMiles@@U?$default_delete@USample@ClientMiles@@@std@@@std@@PEAX@2@_K@Z (public: struct std::_List_node<class std::unique_ptr<struct ClientMiles::Sample,struct std::default_delete<struct ClientMiles::Sample> >,void *> * __cdecl std::_Wrap_alloc<class std::allocator<struct std::_List_node<class std::unique_ptr<struct ClientMiles::Sample,struct std::default_delete<struct ClientMiles::Sample> >,void *> > >::allocate(unsigned __int64))
4FD 00000000 SECT157 notype ()    External    | ?deallocate@?$_Wrap_alloc@V?$allocator@U?$_List_node@V?$unique_ptr@USample@ClientMiles@@U?$default_delete@USample@ClientMiles@@@std@@@std@@PEAX@std@@@std@@@std@@QEAAXPEAU?$_List_node@V?$unique_ptr@USample@ClientMiles@@U?$default_delete@USample@ClientMiles@@@std@@@std@@PEAX@2@_K@Z (public: void __cdecl std::_Wrap_alloc<class std::allocator<struct std::_List_node<class std::unique_ptr<struct ClientMiles::Sample,struct std::default_delete<struct ClientMiles::Sample> >,void *> > >::deallocate(struct std::_List_node<class std::unique_ptr<struct ClientMiles::Sample,struct std::default_delete<struct ClientMiles::Sample> >,void *> *,unsigned __int64))
4FE 00000000 SECT180 notype ()    External    | ?max_size@?$_Wrap_alloc@V?$allocator@U?$_List_node@V?$unique_ptr@USample@ClientMiles@@U?$default_delete@USample@ClientMiles@@@std@@@std@@PEAX@std@@@std@@@std@@QEBA_KXZ (public: unsigned __int64 __cdecl std::_Wrap_alloc<class std::allocator<struct std::_List_node<class std::unique_ptr<struct ClientMiles::Sample,struct std::default_delete<struct ClientMiles::Sample> >,void *> > >::max_size(void)const )
4FF 00000000 SECT65 notype ()    External     | ??0?$_List_val@U?$_List_simple_types@V?$unique_ptr@USample@ClientMiles@@U?$default_delete@USample@ClientMiles@@@std@@@std@@@std@@@std@@QEAA@XZ (public: __cdecl std::_List_val<struct std::_List_simple_types<class std::unique_ptr<struct ClientMiles::Sample,struct std::default_delete<struct ClientMiles::Sample> > > >::_List_val<struct std::_List_simple_types<class std::unique_ptr<struct ClientMiles::Sample,struct std::default_delete<struct ClientMiles::Sample> > > >(void))
500 00000000 SECT126 notype ()    External    | ?_Nextnode@?$_List_val@U?$_List_simple_types@V?$unique_ptr@USample@ClientMiles@@U?$default_delete@USample@ClientMiles@@@std@@@std@@@std@@@std@@SAAEAPEAU?$_List_node@V?$unique_ptr@USample@ClientMiles@@U?$default_delete@USample@ClientMiles@@@std@@@std@@PEAX@2@PEAU32@@Z (public: static struct std::_List_node<class std::unique_ptr<struct ClientMiles::Sample,struct std::default_delete<struct ClientMiles::Sample> >,void *> * & __cdecl std::_List_val<struct std::_List_simple_types<class std::unique_ptr<struct ClientMiles::Sample,struct std::default_delete<struct ClientMiles::Sample> > > >::_Nextnode(struct std::_List_node<class std::unique_ptr<struct ClientMiles::Sample,struct std::default_delete<struct ClientMiles::Sample> >,void *> *))
501 00000000 SECT129 notype ()    External    | ?_Prevnode@?$_List_val@U?$_List_simple_types@V?$unique_ptr@USample@ClientMiles@@U?$default_delete@USample@ClientMiles@@@std@@@std@@@std@@@std@@SAAEAPEAU?$_List_node@V?$unique_ptr@USample@ClientMiles@@U?$default_delete@USample@ClientMiles@@@std@@@std@@PEAX@2@PEAU32@@Z (public: static struct std::_List_node<class std::unique_ptr<struct ClientMiles::Sample,struct std::default_delete<struct ClientMiles::Sample> >,void *> * & __cdecl std::_List_val<struct std::_List_simple_types<class std::unique_ptr<struct ClientMiles::Sample,struct std::default_delete<struct ClientMiles::Sample> > > >::_Prevnode(struct std::_List_node<class std::unique_ptr<struct ClientMiles::Sample,struct std::default_delete<struct ClientMiles::Sample> >,void *> *))
502 00000000 SECT124 notype ()    External    | ?_Myval@?$_List_val@U?$_List_simple_types@V?$unique_ptr@USample@ClientMiles@@U?$default_delete@USample@ClientMiles@@@std@@@std@@@std@@@std@@SAAEAV?$unique_ptr@USample@ClientMiles@@U?$default_delete@USample@ClientMiles@@@std@@@2@PEAU?$_List_node@V?$unique_ptr@USample@ClientMiles@@U?$default_delete@USample@ClientMiles@@@std@@@std@@PEAX@2@@Z (public: static class std::unique_ptr<struct ClientMiles::Sample,struct std::default_delete<struct ClientMiles::Sample> > & __cdecl std::_List_val<struct std::_List_simple_types<class std::unique_ptr<struct ClientMiles::Sample,struct std::default_delete<struct ClientMiles::Sample> > > >::_Myval(struct std::_List_node<class std::unique_ptr<struct ClientMiles::Sample,struct std::default_delete<struct ClientMiles::Sample> >,void *> *))
503 00000000 SECT59 notype ()    External     | ??0?$_List_alloc@$0A@U?$_List_base_types@V?$unique_ptr@USample@ClientMiles@@U?$default_delete@USample@ClientMiles@@@std@@@std@@V?$allocator@V?$unique_ptr@USample@ClientMiles@@U?$default_delete@USample@ClientMiles@@@std@@@std@@@2@@std@@@std@@QEAA@AEBV?$allocator@V?$unique_ptr@USample@ClientMiles@@U?$default_delete@USample@ClientMiles@@@std@@@std@@@1@@Z (public: __cdecl std::_List_alloc<0,struct std::_List_base_types<class std::unique_ptr<struct ClientMiles::Sample,struct std::default_delete<struct ClientMiles::Sample> >,class std::allocator<class std::unique_ptr<struct ClientMiles::Sample,struct std::default_delete<struct ClientMiles::Sample> > > > >::_List_alloc<0,struct std::_List_base_types<class std::unique_ptr<struct ClientMiles::Sample,struct std::default_delete<struct ClientMiles::Sample> >,class std::allocator<class std::unique_ptr<struct ClientMiles::Sample,struct std::default_delete<struct ClientMiles::Sample> > > > >(class std::allocator<class std::unique_ptr<struct ClientMiles::Sample,struct std::default_delete<struct ClientMiles::Sample> > > const &))
504 00000000 SECTAB notype ()    External     | ??1?$_List_alloc@$0A@U?$_List_base_types@V?$unique_ptr@USample@ClientMiles@@U?$default_delete@USample@ClientMiles@@@std@@@std@@V?$allocator@V?$unique_ptr@USample@ClientMiles@@U?$default_delete@USample@ClientMiles@@@std@@@std@@@2@@std@@@std@@QEAA@XZ (public: __cdecl std::_List_alloc<0,struct std::_List_base_types<class std::unique_ptr<struct ClientMiles::Sample,struct std::default_delete<struct ClientMiles::Sample> >,class std::allocator<class std::unique_ptr<struct ClientMiles::Sample,struct std::default_delete<struct ClientMiles::Sample> > > > >::~_List_alloc<0,struct std::_List_base_types<class std::unique_ptr<struct ClientMiles::Sample,struct std::default_delete<struct ClientMiles::Sample> >,class std::allocator<class std::unique_ptr<struct ClientMiles::Sample,struct std::default_delete<struct ClientMiles::Sample> > > > >(void))
505 00000000 SECT107 notype ()    External    | ?_Buyheadnode@?$_List_alloc@$0A@U?$_List_base_types@V?$unique_ptr@USample@ClientMiles@@U?$default_delete@USample@ClientMiles@@@std@@@std@@V?$allocator@V?$unique_ptr@USample@ClientMiles@@U?$default_delete@USample@ClientMiles@@@std@@@std@@@2@@std@@@std@@QEAAPEAU?$_List_node@V?$unique_ptr@USample@ClientMiles@@U?$default_delete@USample@ClientMiles@@@std@@@std@@PEAX@2@XZ (public: struct std::_List_node<class std::unique_ptr<struct ClientMiles::Sample,struct std::default_delete<struct ClientMiles::Sample> >,void *> * __cdecl std::_List_alloc<0,struct std::_List_base_types<class std::unique_ptr<struct ClientMiles::Sample,struct std::default_delete<struct ClientMiles::Sample> >,class std::allocator<class std::unique_ptr<struct ClientMiles::Sample,struct std::default_delete<struct ClientMiles::Sample> > > > >::_Buyheadnode(void))
506 00000000 SECT112 notype ()    External    | ?_Freeheadnode@?$_List_alloc@$0A@U?$_List_base_types@V?$unique_ptr@USample@ClientMiles@@U?$default_delete@USample@ClientMiles@@@std@@@std@@V?$allocator@V?$unique_ptr@USample@ClientMiles@@U?$default_delete@USample@ClientMiles@@@std@@@std@@@2@@std@@@std@@QEAAXPEAU?$_List_node@V?$unique_ptr@USample@ClientMiles@@U?$default_delete@USample@ClientMiles@@@std@@@std@@PEAX@2@@Z (public: void __cdecl std::_List_alloc<0,struct std::_List_base_types<class std::unique_ptr<struct ClientMiles::Sample,struct std::default_delete<struct ClientMiles::Sample> >,class std::allocator<class std::unique_ptr<struct ClientMiles::Sample,struct std::default_delete<struct ClientMiles::Sample> > > > >::_Freeheadnode(struct std::_List_node<class std::unique_ptr<struct ClientMiles::Sample,struct std::default_delete<struct ClientMiles::Sample> >,void *> *))
507 00000000 SECT10A notype ()    External    | ?_Buynode0@?$_List_alloc@$0A@U?$_List_base_types@V?$unique_ptr@USample@ClientMiles@@U?$default_delete@USample@ClientMiles@@@std@@@std@@V?$allocator@V?$unique_ptr@USample@ClientMiles@@U?$default_delete@USample@ClientMiles@@@std@@@std@@@2@@std@@@std@@QEAAPEAU?$_List_node@V?$unique_ptr@USample@ClientMiles@@U?$default_delete@USample@ClientMiles@@@std@@@std@@PEAX@2@PEAU32@0@Z (public: struct std::_List_node<class std::unique_ptr<struct ClientMiles::Sample,struct std::default_delete<struct ClientMiles::Sample> >,void *> * __cdecl std::_List_alloc<0,struct std::_List_base_types<class std::unique_ptr<struct ClientMiles::Sample,struct std::default_delete<struct ClientMiles::Sample> >,class std::allocator<class std::unique_ptr<struct ClientMiles::Sample,struct std::default_delete<struct ClientMiles::Sample> > > > >::_Buynode0(struct std::_List_node<class std::unique_ptr<struct ClientMiles::Sample,struct std::default_delete<struct ClientMiles::Sample> >,void *> *,struct std::_List_node<class std::unique_ptr<struct ClientMiles::Sample,struct std::default_delete<struct ClientMiles::Sample> >,void *> *))
508 00000000 SECT116 notype ()    External    | ?_Getal@?$_List_alloc@$0A@U?$_List_base_types@V?$unique_ptr@USample@ClientMiles@@U?$default_delete@USample@ClientMiles@@@std@@@std@@V?$allocator@V?$unique_ptr@USample@ClientMiles@@U?$default_delete@USample@ClientMiles@@@std@@@std@@@2@@std@@@std@@QEBA?AU?$_Wrap_alloc@V?$allocator@U?$_List_node@V?$unique_ptr@USample@ClientMiles@@U?$default_delete@USample@ClientMiles@@@std@@@std@@PEAX@std@@@std@@@2@XZ (public: struct std::_Wrap_alloc<class std::allocator<struct std::_List_node<class std::unique_ptr<struct ClientMiles::Sample,struct std::default_delete<struct ClientMiles::Sample> >,void *> > > __cdecl std::_List_alloc<0,struct std::_List_base_types<class std::unique_ptr<struct ClientMiles::Sample,struct std::default_delete<struct ClientMiles::Sample> >,class std::allocator<class std::unique_ptr<struct ClientMiles::Sample,struct std::default_delete<struct ClientMiles::Sample> > > > >::_Getal(void)const )
509 00000000 SECT5B notype ()    External     | ??0?$_List_buy@V?$unique_ptr@USample@ClientMiles@@U?$default_delete@USample@ClientMiles@@@std@@@std@@V?$allocator@V?$unique_ptr@USample@ClientMiles@@U?$default_delete@USample@ClientMiles@@@std@@@std@@@2@@std@@QEAA@AEBV?$allocator@V?$unique_ptr@USample@ClientMiles@@U?$default_delete@USample@ClientMiles@@@std@@@std@@@1@@Z (public: __cdecl std::_List_buy<class std::unique_ptr<struct ClientMiles::Sample,struct std::default_delete<struct ClientMiles::Sample> >,class std::allocator<class std::unique_ptr<struct ClientMiles::Sample,struct std::default_delete<struct ClientMiles::Sample> > > >::_List_buy<class std::unique_ptr<struct ClientMiles::Sample,struct std::default_delete<struct ClientMiles::Sample> >,class std::allocator<class std::unique_ptr<struct ClientMiles::Sample,struct std::default_delete<struct ClientMiles::Sample> > > >(class std::allocator<class std::unique_ptr<struct ClientMiles::Sample,struct std::default_delete<struct ClientMiles::Sample> > > const &))
50A 00000000 SECT114 notype ()    External    | ?_Freenode@?$_List_buy@V?$unique_ptr@USample@ClientMiles@@U?$default_delete@USample@ClientMiles@@@std@@@std@@V?$allocator@V?$unique_ptr@USample@ClientMiles@@U?$default_delete@USample@ClientMiles@@@std@@@std@@@2@@std@@QEAAXPEAU?$_List_node@V?$unique_ptr@USample@ClientMiles@@U?$default_delete@USample@ClientMiles@@@std@@@std@@PEAX@2@@Z (public: void __cdecl std::_List_buy<class std::unique_ptr<struct ClientMiles::Sample,struct std::default_delete<struct ClientMiles::Sample> >,class std::allocator<class std::unique_ptr<struct ClientMiles::Sample,struct std::default_delete<struct ClientMiles::Sample> > > >::_Freenode(struct std::_List_node<class std::unique_ptr<struct ClientMiles::Sample,struct std::default_delete<struct ClientMiles::Sample> >,void *> *))
50B 00000000 SECTAD notype ()    External     | ??1?$_List_buy@V?$unique_ptr@USample@ClientMiles@@U?$default_delete@USample@ClientMiles@@@std@@@std@@V?$allocator@V?$unique_ptr@USample@ClientMiles@@U?$default_delete@USample@ClientMiles@@@std@@@std@@@2@@std@@QEAA@XZ (public: __cdecl std::_List_buy<class std::unique_ptr<struct ClientMiles::Sample,struct std::default_delete<struct ClientMiles::Sample> >,class std::allocator<class std::unique_ptr<struct ClientMiles::Sample,struct std::default_delete<struct ClientMiles::Sample> > > >::~_List_buy<class std::unique_ptr<struct ClientMiles::Sample,struct std::default_delete<struct ClientMiles::Sample> >,class std::allocator<class std::unique_ptr<struct ClientMiles::Sample,struct std::default_delete<struct ClientMiles::Sample> > > >(void))
50C 00000000 SECT88 notype ()    External     | ??0?$list@V?$unique_ptr@USample@ClientMiles@@U?$default_delete@USample@ClientMiles@@@std@@@std@@V?$allocator@V?$unique_ptr@USample@ClientMiles@@U?$default_delete@USample@ClientMiles@@@std@@@std@@@2@@std@@QEAA@XZ (public: __cdecl std::list<class std::unique_ptr<struct ClientMiles::Sample,struct std::default_delete<struct ClientMiles::Sample> >,class std::allocator<class std::unique_ptr<struct ClientMiles::Sample,struct std::default_delete<struct ClientMiles::Sample> > > >::list<class std::unique_ptr<struct ClientMiles::Sample,struct std::default_delete<struct ClientMiles::Sample> >,class std::allocator<class std::unique_ptr<struct ClientMiles::Sample,struct std::default_delete<struct ClientMiles::Sample> > > >(void))
50D 00000000 SECT1A7 notype ()    External    | ?push_back@?$list@V?$unique_ptr@USample@ClientMiles@@U?$default_delete@USample@ClientMiles@@@std@@@std@@V?$allocator@V?$unique_ptr@USample@ClientMiles@@U?$default_delete@USample@ClientMiles@@@std@@@std@@@2@@std@@QEAAX$$QEAV?$unique_ptr@USample@ClientMiles@@U?$default_delete@USample@ClientMiles@@@std@@@2@@Z (public: void __cdecl std::list<class std::unique_ptr<struct ClientMiles::Sample,struct std::default_delete<struct ClientMiles::Sample> >,class std::allocator<class std::unique_ptr<struct ClientMiles::Sample,struct std::default_delete<struct ClientMiles::Sample> > > >::push_back(class std::unique_ptr<struct ClientMiles::Sample,struct std::default_delete<struct ClientMiles::Sample> > &&))
50E 00000000 SECTB0 notype ()    External     | ??1?$list@V?$unique_ptr@USample@ClientMiles@@U?$default_delete@USample@ClientMiles@@@std@@@std@@V?$allocator@V?$unique_ptr@USample@ClientMiles@@U?$default_delete@USample@ClientMiles@@@std@@@std@@@2@@std@@QEAA@XZ (public: __cdecl std::list<class std::unique_ptr<struct ClientMiles::Sample,struct std::default_delete<struct ClientMiles::Sample> >,class std::allocator<class std::unique_ptr<struct ClientMiles::Sample,struct std::default_delete<struct ClientMiles::Sample> > > >::~list<class std::unique_ptr<struct ClientMiles::Sample,struct std::default_delete<struct ClientMiles::Sample> >,class std::allocator<class std::unique_ptr<struct ClientMiles::Sample,struct std::default_delete<struct ClientMiles::Sample> > > >(void))
50F 00000000 SECT146 notype ()    External    | ?begin@?$list@V?$unique_ptr@USample@ClientMiles@@U?$default_delete@USample@ClientMiles@@@std@@@std@@V?$allocator@V?$unique_ptr@USample@ClientMiles@@U?$default_delete@USample@ClientMiles@@@std@@@std@@@2@@std@@QEAA?AV?$_List_iterator@V?$_List_val@U?$_List_simple_types@V?$unique_ptr@USample@ClientMiles@@U?$default_delete@USample@ClientMiles@@@std@@@std@@@std@@@std@@@2@XZ (public: class std::_List_iterator<class std::_List_val<struct std::_List_simple_types<class std::unique_ptr<struct ClientMiles::Sample,struct std::default_delete<struct ClientMiles::Sample> > > > > __cdecl std::list<class std::unique_ptr<struct ClientMiles::Sample,struct std::default_delete<struct ClientMiles::Sample> >,class std::allocator<class std::unique_ptr<struct ClientMiles::Sample,struct std::default_delete<struct ClientMiles::Sample> > > >::begin(void))
510 00000000 SECT161 notype ()    External    | ?end@?$list@V?$unique_ptr@USample@ClientMiles@@U?$default_delete@USample@ClientMiles@@@std@@@std@@V?$allocator@V?$unique_ptr@USample@ClientMiles@@U?$default_delete@USample@ClientMiles@@@std@@@std@@@2@@std@@QEAA?AV?$_List_iterator@V?$_List_val@U?$_List_simple_types@V?$unique_ptr@USample@ClientMiles@@U?$default_delete@USample@ClientMiles@@@std@@@std@@@std@@@std@@@2@XZ (public: class std::_List_iterator<class std::_List_val<struct std::_List_simple_types<class std::unique_ptr<struct ClientMiles::Sample,struct std::default_delete<struct ClientMiles::Sample> > > > > __cdecl std::list<class std::unique_ptr<struct ClientMiles::Sample,struct std::default_delete<struct ClientMiles::Sample> >,class std::allocator<class std::unique_ptr<struct ClientMiles::Sample,struct std::default_delete<struct ClientMiles::Sample> > > >::end(void))
511 00000000 SECT130 notype ()    External    | ?_Unchecked_end@?$list@V?$unique_ptr@USample@ClientMiles@@U?$default_delete@USample@ClientMiles@@@std@@@std@@V?$allocator@V?$unique_ptr@USample@ClientMiles@@U?$default_delete@USample@ClientMiles@@@std@@@std@@@2@@std@@QEAA?AV?$_List_unchecked_iterator@V?$_List_val@U?$_List_simple_types@V?$unique_ptr@USample@ClientMiles@@U?$default_delete@USample@ClientMiles@@@std@@@std@@@std@@@std@@@2@XZ (public: class std::_List_unchecked_iterator<class std::_List_val<struct std::_List_simple_types<class std::unique_ptr<struct ClientMiles::Sample,struct std::default_delete<struct ClientMiles::Sample> > > > > __cdecl std::list<class std::unique_ptr<struct ClientMiles::Sample,struct std::default_delete<struct ClientMiles::Sample> >,class std::allocator<class std::unique_ptr<struct ClientMiles::Sample,struct std::default_delete<struct ClientMiles::Sample> > > >::_Unchecked_end(void))
512 00000000 SECT11E notype ()    External    | ?_Make_iter@?$list@V?$unique_ptr@USample@ClientMiles@@U?$default_delete@USample@ClientMiles@@@std@@@std@@V?$allocator@V?$unique_ptr@USample@ClientMiles@@U?$default_delete@USample@ClientMiles@@@std@@@std@@@2@@std@@QEBA?AV?$_List_iterator@V?$_List_val@U?$_List_simple_types@V?$unique_ptr@USample@ClientMiles@@U?$default_delete@USample@ClientMiles@@@std@@@std@@@std@@@std@@@2@V?$_List_const_iterator@V?$_List_val@U?$_List_simple_types@V?$unique_ptr@USample@ClientMiles@@U?$default_delete@USample@ClientMiles@@@std@@@std@@@std@@@std@@@2@@Z (public: class std::_List_iterator<class std::_List_val<struct std::_List_simple_types<class std::unique_ptr<struct ClientMiles::Sample,struct std::default_delete<struct ClientMiles::Sample> > > > > __cdecl std::list<class std::unique_ptr<struct ClientMiles::Sample,struct std::default_delete<struct ClientMiles::Sample> >,class std::allocator<class std::unique_ptr<struct ClientMiles::Sample,struct std::default_delete<struct ClientMiles::Sample> > > >::_Make_iter(class std::_List_const_iterator<class std::_List_val<struct std::_List_simple_types<class std::unique_ptr<struct ClientMiles::Sample,struct std::default_delete<struct ClientMiles::Sample> > > > >)const )
513 00000000 SECT1E4 notype ()    External    | ?size@?$list@V?$unique_ptr@USample@ClientMiles@@U?$default_delete@USample@ClientMiles@@@std@@@std@@V?$allocator@V?$unique_ptr@USample@ClientMiles@@U?$default_delete@USample@ClientMiles@@@std@@@std@@@2@@std@@QEBA_KXZ (public: unsigned __int64 __cdecl std::list<class std::unique_ptr<struct ClientMiles::Sample,struct std::default_delete<struct ClientMiles::Sample> >,class std::allocator<class std::unique_ptr<struct ClientMiles::Sample,struct std::default_delete<struct ClientMiles::Sample> > > >::size(void)const )
514 00000000 SECT18B notype ()    External    | ?max_size@?$list@V?$unique_ptr@USample@ClientMiles@@U?$default_delete@USample@ClientMiles@@@std@@@std@@V?$allocator@V?$unique_ptr@USample@ClientMiles@@U?$default_delete@USample@ClientMiles@@@std@@@std@@@2@@std@@QEBA_KXZ (public: unsigned __int64 __cdecl std::list<class std::unique_ptr<struct ClientMiles::Sample,struct std::default_delete<struct ClientMiles::Sample> >,class std::allocator<class std::unique_ptr<struct ClientMiles::Sample,struct std::default_delete<struct ClientMiles::Sample> > > >::max_size(void)const )
515 00000000 SECT1A4 notype ()    External    | ?pop_back@?$list@V?$unique_ptr@USample@ClientMiles@@U?$default_delete@USample@ClientMiles@@@std@@@std@@V?$allocator@V?$unique_ptr@USample@ClientMiles@@U?$default_delete@USample@ClientMiles@@@std@@@std@@@2@@std@@QEAAXXZ (public: void __cdecl std::list<class std::unique_ptr<struct ClientMiles::Sample,struct std::default_delete<struct ClientMiles::Sample> >,class std::allocator<class std::unique_ptr<struct ClientMiles::Sample,struct std::default_delete<struct ClientMiles::Sample> > > >::pop_back(void))
516 00000000 SECT132 notype ()    External    | ?_Unlinknode@?$list@V?$unique_ptr@USample@ClientMiles@@U?$default_delete@USample@ClientMiles@@@std@@@std@@V?$allocator@V?$unique_ptr@USample@ClientMiles@@U?$default_delete@USample@ClientMiles@@@std@@@std@@@2@@std@@QEAAPEAU?$_List_node@V?$unique_ptr@USample@ClientMiles@@U?$default_delete@USample@ClientMiles@@@std@@@std@@PEAX@2@V?$_List_const_iterator@V?$_List_val@U?$_List_simple_types@V?$unique_ptr@USample@ClientMiles@@U?$default_delete@USample@ClientMiles@@@std@@@std@@@std@@@std@@@2@@Z (public: struct std::_List_node<class std::unique_ptr<struct ClientMiles::Sample,struct std::default_delete<struct ClientMiles::Sample> >,void *> * __cdecl std::list<class std::unique_ptr<struct ClientMiles::Sample,struct std::default_delete<struct ClientMiles::Sample> >,class std::allocator<class std::unique_ptr<struct ClientMiles::Sample,struct std::default_delete<struct ClientMiles::Sample> > > >::_Unlinknode(class std::_List_const_iterator<class std::_List_val<struct std::_List_simple_types<class std::unique_ptr<struct ClientMiles::Sample,struct std::default_delete<struct ClientMiles::Sample> > > > >))
517 00000000 SECT169 notype ()    External    | ?erase@?$list@V?$unique_ptr@USample@ClientMiles@@U?$default_delete@USample@ClientMiles@@@std@@@std@@V?$allocator@V?$unique_ptr@USample@ClientMiles@@U?$default_delete@USample@ClientMiles@@@std@@@std@@@2@@std@@QEAA?AV?$_List_iterator@V?$_List_val@U?$_List_simple_types@V?$unique_ptr@USample@ClientMiles@@U?$default_delete@USample@ClientMiles@@@std@@@std@@@std@@@std@@@2@V?$_List_const_iterator@V?$_List_val@U?$_List_simple_types@V?$unique_ptr@USample@ClientMiles@@U?$default_delete@USample@ClientMiles@@@std@@@std@@@std@@@std@@@2@@Z (public: class std::_List_iterator<class std::_List_val<struct std::_List_simple_types<class std::unique_ptr<struct ClientMiles::Sample,struct std::default_delete<struct ClientMiles::Sample> > > > > __cdecl std::list<class std::unique_ptr<struct ClientMiles::Sample,struct std::default_delete<struct ClientMiles::Sample> >,class std::allocator<class std::unique_ptr<struct ClientMiles::Sample,struct std::default_delete<struct ClientMiles::Sample> > > >::erase(class std::_List_const_iterator<class std::_List_val<struct std::_List_simple_types<class std::unique_ptr<struct ClientMiles::Sample,struct std::default_delete<struct ClientMiles::Sample> > > > >))
518 00000000 SECT14D notype ()    External    | ?clear@?$list@V?$unique_ptr@USample@ClientMiles@@U?$default_delete@USample@ClientMiles@@@std@@@std@@V?$allocator@V?$unique_ptr@USample@ClientMiles@@U?$default_delete@USample@ClientMiles@@@std@@@std@@@2@@std@@QEAAXXZ (public: void __cdecl std::list<class std::unique_ptr<struct ClientMiles::Sample,struct std::default_delete<struct ClientMiles::Sample> >,class std::allocator<class std::unique_ptr<struct ClientMiles::Sample,struct std::default_delete<struct ClientMiles::Sample> > > >::clear(void))
519 00000000 SECT12C notype ()    External    | ?_Tidy@?$list@V?$unique_ptr@USample@ClientMiles@@U?$default_delete@USample@ClientMiles@@@std@@@std@@V?$allocator@V?$unique_ptr@USample@ClientMiles@@U?$default_delete@USample@ClientMiles@@@std@@@std@@@2@@std@@QEAAXXZ (public: void __cdecl std::list<class std::unique_ptr<struct ClientMiles::Sample,struct std::default_delete<struct ClientMiles::Sample> >,class std::allocator<class std::unique_ptr<struct ClientMiles::Sample,struct std::default_delete<struct ClientMiles::Sample> > > >::_Tidy(void))
51A 00000000 SECT11B notype ()    External    | ?_Incsize@?$list@V?$unique_ptr@USample@ClientMiles@@U?$default_delete@USample@ClientMiles@@@std@@@std@@V?$allocator@V?$unique_ptr@USample@ClientMiles@@U?$default_delete@USample@ClientMiles@@@std@@@std@@@2@@std@@QEAAX_K@Z (public: void __cdecl std::list<class std::unique_ptr<struct ClientMiles::Sample,struct std::default_delete<struct ClientMiles::Sample> >,class std::allocator<class std::unique_ptr<struct ClientMiles::Sample,struct std::default_delete<struct ClientMiles::Sample> > > >::_Incsize(unsigned __int64))
51B 00000000 SECT7E notype ()    External     | ??0?$allocator@V?$unique_ptr@UOwnedStream@ClientMiles@@U?$default_delete@UOwnedStream@ClientMiles@@@std@@@std@@@std@@QEAA@XZ (public: __cdecl std::allocator<class std::unique_ptr<struct ClientMiles::OwnedStream,struct std::default_delete<struct ClientMiles::OwnedStream> > >::allocator<class std::unique_ptr<struct ClientMiles::OwnedStream,struct std::default_delete<struct ClientMiles::OwnedStream> > >(void))
51C 00000000 SECT7C notype ()    External     | ??0?$allocator@U?$_List_node@V?$unique_ptr@UOwnedStream@ClientMiles@@U?$default_delete@UOwnedStream@ClientMiles@@@std@@@std@@PEAX@std@@@std@@QEAA@XZ (public: __cdecl std::allocator<struct std::_List_node<class std::unique_ptr<struct ClientMiles::OwnedStream,struct std::default_delete<struct ClientMiles::OwnedStream> >,void *> >::allocator<struct std::_List_node<class std::unique_ptr<struct ClientMiles::OwnedStream,struct std::default_delete<struct ClientMiles::OwnedStream> >,void *> >(void))
51D 00000000 SECT15A notype ()    External    | ?deallocate@?$allocator@U?$_List_node@V?$unique_ptr@UOwnedStream@ClientMiles@@U?$default_delete@UOwnedStream@ClientMiles@@@std@@@std@@PEAX@std@@@std@@QEAAXPEAU?$_List_node@V?$unique_ptr@UOwnedStream@ClientMiles@@U?$default_delete@UOwnedStream@ClientMiles@@@std@@@std@@PEAX@2@_K@Z (public: void __cdecl std::allocator<struct std::_List_node<class std::unique_ptr<struct ClientMiles::OwnedStream,struct std::default_delete<struct ClientMiles::OwnedStream> >,void *> >::deallocate(struct std::_List_node<class std::unique_ptr<struct ClientMiles::OwnedStream,struct std::default_delete<struct ClientMiles::OwnedStream> >,void *> *,unsigned __int64))
51E 00000000 SECT13C notype ()    External    | ?allocate@?$allocator@U?$_List_node@V?$unique_ptr@UOwnedStream@ClientMiles@@U?$default_delete@UOwnedStream@ClientMiles@@@std@@@std@@PEAX@std@@@std@@QEAAPEAU?$_List_node@V?$unique_ptr@UOwnedStream@ClientMiles@@U?$default_delete@UOwnedStream@ClientMiles@@@std@@@std@@PEAX@2@_K@Z (public: struct std::_List_node<class std::unique_ptr<struct ClientMiles::OwnedStream,struct std::default_delete<struct ClientMiles::OwnedStream> >,void *> * __cdecl std::allocator<struct std::_List_node<class std::unique_ptr<struct ClientMiles::OwnedStream,struct std::default_delete<struct ClientMiles::OwnedStream> >,void *> >::allocate(unsigned __int64))
51F 00000000 SECT183 notype ()    External    | ?max_size@?$allocator@U?$_List_node@V?$unique_ptr@UOwnedStream@ClientMiles@@U?$default_delete@UOwnedStream@ClientMiles@@@std@@@std@@PEAX@std@@@std@@QEBA_KXZ (public: unsigned __int64 __cdecl std::allocator<struct std::_List_node<class std::unique_ptr<struct ClientMiles::OwnedStream,struct std::default_delete<struct ClientMiles::OwnedStream> >,void *> >::max_size(void)const )
520 00000000 SECT187 notype ()    External    | ?max_size@?$allocator_traits@V?$allocator@U?$_List_node@V?$unique_ptr@UOwnedStream@ClientMiles@@U?$default_delete@UOwnedStream@ClientMiles@@@std@@@std@@PEAX@std@@@std@@@std@@SA_KAEBV?$allocator@U?$_List_node@V?$unique_ptr@UOwnedStream@ClientMiles@@U?$default_delete@UOwnedStream@ClientMiles@@@std@@@std@@PEAX@std@@@2@@Z (public: static unsigned __int64 __cdecl std::allocator_traits<class std::allocator<struct std::_List_node<class std::unique_ptr<struct ClientMiles::OwnedStream,struct std::default_delete<struct ClientMiles::OwnedStream> >,void *> > >::max_size(class std::allocator<struct std::_List_node<class std::unique_ptr<struct ClientMiles::OwnedStream,struct std::default_delete<struct ClientMiles::OwnedStream> >,void *> > const &))
521 00000000 SECT76 notype ()    External     | ??0?$_Wrap_alloc@V?$allocator@U?$_List_node@V?$unique_ptr@UOwnedStream@ClientMiles@@U?$default_delete@UOwnedStream@ClientMiles@@@std@@@std@@PEAX@std@@@std@@@std@@QEAA@XZ (public: __cdecl std::_Wrap_alloc<class std::allocator<struct std::_List_node<class std::unique_ptr<struct ClientMiles::OwnedStream,struct std::default_delete<struct ClientMiles::OwnedStream> >,void *> > >::_Wrap_alloc<class std::allocator<struct std::_List_node<class std::unique_ptr<struct ClientMiles::OwnedStream,struct std::default_delete<struct ClientMiles::OwnedStream> >,void *> > >(void))
522 00000000 SECT138 notype ()    External    | ?allocate@?$_Wrap_alloc@V?$allocator@U?$_List_node@V?$unique_ptr@UOwnedStream@ClientMiles@@U?$default_delete@UOwnedStream@ClientMiles@@@std@@@std@@PEAX@std@@@std@@@std@@QEAAPEAU?$_List_node@V?$unique_ptr@UOwnedStream@ClientMiles@@U?$default_delete@UOwnedStream@ClientMiles@@@std@@@std@@PEAX@2@_K@Z (public: struct std::_List_node<class std::unique_ptr<struct ClientMiles::OwnedStream,struct std::default_delete<struct ClientMiles::OwnedStream> >,void *> * __cdecl std::_Wrap_alloc<class std::allocator<struct std::_List_node<class std::unique_ptr<struct ClientMiles::OwnedStream,struct std::default_delete<struct ClientMiles::OwnedStream> >,void *> > >::allocate(unsigned __int64))
523 00000000 SECT156 notype ()    External    | ?deallocate@?$_Wrap_alloc@V?$allocator@U?$_List_node@V?$unique_ptr@UOwnedStream@ClientMiles@@U?$default_delete@UOwnedStream@ClientMiles@@@std@@@std@@PEAX@std@@@std@@@std@@QEAAXPEAU?$_List_node@V?$unique_ptr@UOwnedStream@ClientMiles@@U?$default_delete@UOwnedStream@ClientMiles@@@std@@@std@@PEAX@2@_K@Z (public: void __cdecl std::_Wrap_alloc<class std::allocator<struct std::_List_node<class std::unique_ptr<struct ClientMiles::OwnedStream,struct std::default_delete<struct ClientMiles::OwnedStream> >,void *> > >::deallocate(struct std::_List_node<class std::unique_ptr<struct ClientMiles::OwnedStream,struct std::default_delete<struct ClientMiles::OwnedStream> >,void *> *,unsigned __int64))
524 00000000 SECT17F notype ()    External    | ?max_size@?$_Wrap_alloc@V?$allocator@U?$_List_node@V?$unique_ptr@UOwnedStream@ClientMiles@@U?$default_delete@UOwnedStream@ClientMiles@@@std@@@std@@PEAX@std@@@std@@@std@@QEBA_KXZ (public: unsigned __int64 __cdecl std::_Wrap_alloc<class std::allocator<struct std::_List_node<class std::unique_ptr<struct ClientMiles::OwnedStream,struct std::default_delete<struct ClientMiles::OwnedStream> >,void *> > >::max_size(void)const )
525 00000000 SECT64 notype ()    External     | ??0?$_List_val@U?$_List_simple_types@V?$unique_ptr@UOwnedStream@ClientMiles@@U?$default_delete@UOwnedStream@ClientMiles@@@std@@@std@@@std@@@std@@QEAA@XZ (public: __cdecl std::_List_val<struct std::_List_simple_types<class std::unique_ptr<struct ClientMiles::OwnedStream,struct std::default_delete<struct ClientMiles::OwnedStream> > > >::_List_val<struct std::_List_simple_types<class std::unique_ptr<struct ClientMiles::OwnedStream,struct std::default_delete<struct ClientMiles::OwnedStream> > > >(void))
526 00000000 SECT125 notype ()    External    | ?_Nextnode@?$_List_val@U?$_List_simple_types@V?$unique_ptr@UOwnedStream@ClientMiles@@U?$default_delete@UOwnedStream@ClientMiles@@@std@@@std@@@std@@@std@@SAAEAPEAU?$_List_node@V?$unique_ptr@UOwnedStream@ClientMiles@@U?$default_delete@UOwnedStream@ClientMiles@@@std@@@std@@PEAX@2@PEAU32@@Z (public: static struct std::_List_node<class std::unique_ptr<struct ClientMiles::OwnedStream,struct std::default_delete<struct ClientMiles::OwnedStream> >,void *> * & __cdecl std::_List_val<struct std::_List_simple_types<class std::unique_ptr<struct ClientMiles::OwnedStream,struct std::default_delete<struct ClientMiles::OwnedStream> > > >::_Nextnode(struct std::_List_node<class std::unique_ptr<struct ClientMiles::OwnedStream,struct std::default_delete<struct ClientMiles::OwnedStream> >,void *> *))
527 00000000 SECT128 notype ()    External    | ?_Prevnode@?$_List_val@U?$_List_simple_types@V?$unique_ptr@UOwnedStream@ClientMiles@@U?$default_delete@UOwnedStream@ClientMiles@@@std@@@std@@@std@@@std@@SAAEAPEAU?$_List_node@V?$unique_ptr@UOwnedStream@ClientMiles@@U?$default_delete@UOwnedStream@ClientMiles@@@std@@@std@@PEAX@2@PEAU32@@Z (public: static struct std::_List_node<class std::unique_ptr<struct ClientMiles::OwnedStream,struct std::default_delete<struct ClientMiles::OwnedStream> >,void *> * & __cdecl std::_List_val<struct std::_List_simple_types<class std::unique_ptr<struct ClientMiles::OwnedStream,struct std::default_delete<struct ClientMiles::OwnedStream> > > >::_Prevnode(struct std::_List_node<class std::unique_ptr<struct ClientMiles::OwnedStream,struct std::default_delete<struct ClientMiles::OwnedStream> >,void *> *))
528 00000000 SECT123 notype ()    External    | ?_Myval@?$_List_val@U?$_List_simple_types@V?$unique_ptr@UOwnedStream@ClientMiles@@U?$default_delete@UOwnedStream@ClientMiles@@@std@@@std@@@std@@@std@@SAAEAV?$unique_ptr@UOwnedStream@ClientMiles@@U?$default_delete@UOwnedStream@ClientMiles@@@std@@@2@PEAU?$_List_node@V?$unique_ptr@UOwnedStream@ClientMiles@@U?$default_delete@UOwnedStream@ClientMiles@@@std@@@std@@PEAX@2@@Z (public: static class std::unique_ptr<struct ClientMiles::OwnedStream,struct std::default_delete<struct ClientMiles::OwnedStream> > & __cdecl std::_List_val<struct std::_List_simple_types<class std::unique_ptr<struct ClientMiles::OwnedStream,struct std::default_delete<struct ClientMiles::OwnedStream> > > >::_Myval(struct std::_List_node<class std::unique_ptr<struct ClientMiles::OwnedStream,struct std::default_delete<struct ClientMiles::OwnedStream> >,void *> *))
529 00000000 SECT58 notype ()    External     | ??0?$_List_alloc@$0A@U?$_List_base_types@V?$unique_ptr@UOwnedStream@ClientMiles@@U?$default_delete@UOwnedStream@ClientMiles@@@std@@@std@@V?$allocator@V?$unique_ptr@UOwnedStream@ClientMiles@@U?$default_delete@UOwnedStream@ClientMiles@@@std@@@std@@@2@@std@@@std@@QEAA@AEBV?$allocator@V?$unique_ptr@UOwnedStream@ClientMiles@@U?$default_delete@UOwnedStream@ClientMiles@@@std@@@std@@@1@@Z (public: __cdecl std::_List_alloc<0,struct std::_List_base_types<class std::unique_ptr<struct ClientMiles::OwnedStream,struct std::default_delete<struct ClientMiles::OwnedStream> >,class std::allocator<class std::unique_ptr<struct ClientMiles::OwnedStream,struct std::default_delete<struct ClientMiles::OwnedStream> > > > >::_List_alloc<0,struct std::_List_base_types<class std::unique_ptr<struct ClientMiles::OwnedStream,struct std::default_delete<struct ClientMiles::OwnedStream> >,class std::allocator<class std::unique_ptr<struct ClientMiles::OwnedStream,struct std::default_delete<struct ClientMiles::OwnedStream> > > > >(class std::allocator<class std::unique_ptr<struct ClientMiles::OwnedStream,struct std::default_delete<struct ClientMiles::OwnedStream> > > const &))
52A 00000000 SECTAA notype ()    External     | ??1?$_List_alloc@$0A@U?$_List_base_types@V?$unique_ptr@UOwnedStream@ClientMiles@@U?$default_delete@UOwnedStream@ClientMiles@@@std@@@std@@V?$allocator@V?$unique_ptr@UOwnedStream@ClientMiles@@U?$default_delete@UOwnedStream@ClientMiles@@@std@@@std@@@2@@std@@@std@@QEAA@XZ (public: __cdecl std::_List_alloc<0,struct std::_List_base_types<class std::unique_ptr<struct ClientMiles::OwnedStream,struct std::default_delete<struct ClientMiles::OwnedStream> >,class std::allocator<class std::unique_ptr<struct ClientMiles::OwnedStream,struct std::default_delete<struct ClientMiles::OwnedStream> > > > >::~_List_alloc<0,struct std::_List_base_types<class std::unique_ptr<struct ClientMiles::OwnedStream,struct std::default_delete<struct ClientMiles::OwnedStream> >,class std::allocator<class std::unique_ptr<struct ClientMiles::OwnedStream,struct std::default_delete<struct ClientMiles::OwnedStream> > > > >(void))
52B 00000000 SECT106 notype ()    External    | ?_Buyheadnode@?$_List_alloc@$0A@U?$_List_base_types@V?$unique_ptr@UOwnedStream@ClientMiles@@U?$default_delete@UOwnedStream@ClientMiles@@@std@@@std@@V?$allocator@V?$unique_ptr@UOwnedStream@ClientMiles@@U?$default_delete@UOwnedStream@ClientMiles@@@std@@@std@@@2@@std@@@std@@QEAAPEAU?$_List_node@V?$unique_ptr@UOwnedStream@ClientMiles@@U?$default_delete@UOwnedStream@ClientMiles@@@std@@@std@@PEAX@2@XZ (public: struct std::_List_node<class std::unique_ptr<struct ClientMiles::OwnedStream,struct std::default_delete<struct ClientMiles::OwnedStream> >,void *> * __cdecl std::_List_alloc<0,struct std::_List_base_types<class std::unique_ptr<struct ClientMiles::OwnedStream,struct std::default_delete<struct ClientMiles::OwnedStream> >,class std::allocator<class std::unique_ptr<struct ClientMiles::OwnedStream,struct std::default_delete<struct ClientMiles::OwnedStream> > > > >::_Buyheadnode(void))
52C 00000000 SECT111 notype ()    External    | ?_Freeheadnode@?$_List_alloc@$0A@U?$_List_base_types@V?$unique_ptr@UOwnedStream@ClientMiles@@U?$default_delete@UOwnedStream@ClientMiles@@@std@@@std@@V?$allocator@V?$unique_ptr@UOwnedStream@ClientMiles@@U?$default_delete@UOwnedStream@ClientMiles@@@std@@@std@@@2@@std@@@std@@QEAAXPEAU?$_List_node@V?$unique_ptr@UOwnedStream@ClientMiles@@U?$default_delete@UOwnedStream@ClientMiles@@@std@@@std@@PEAX@2@@Z (public: void __cdecl std::_List_alloc<0,struct std::_List_base_types<class std::unique_ptr<struct ClientMiles::OwnedStream,struct std::default_delete<struct ClientMiles::OwnedStream> >,class std::allocator<class std::unique_ptr<struct ClientMiles::OwnedStream,struct std::default_delete<struct ClientMiles::OwnedStream> > > > >::_Freeheadnode(struct std::_List_node<class std::unique_ptr<struct ClientMiles::OwnedStream,struct std::default_delete<struct ClientMiles::OwnedStream> >,void *> *))
52D 00000000 SECT108 notype ()    External    | ?_Buynode0@?$_List_alloc@$0A@U?$_List_base_types@V?$unique_ptr@UOwnedStream@ClientMiles@@U?$default_delete@UOwnedStream@ClientMiles@@@std@@@std@@V?$allocator@V?$unique_ptr@UOwnedStream@ClientMiles@@U?$default_delete@UOwnedStream@ClientMiles@@@std@@@std@@@2@@std@@@std@@QEAAPEAU?$_List_node@V?$unique_ptr@UOwnedStream@ClientMiles@@U?$default_delete@UOwnedStream@ClientMiles@@@std@@@std@@PEAX@2@PEAU32@0@Z (public: struct std::_List_node<class std::unique_ptr<struct ClientMiles::OwnedStream,struct std::default_delete<struct ClientMiles::OwnedStream> >,void *> * __cdecl std::_List_alloc<0,struct std::_List_base_types<class std::unique_ptr<struct ClientMiles::OwnedStream,struct std::default_delete<struct ClientMiles::OwnedStream> >,class std::allocator<class std::unique_ptr<struct ClientMiles::OwnedStream,struct std::default_delete<struct ClientMiles::OwnedStream> > > > >::_Buynode0(struct std::_List_node<class std::unique_ptr<struct ClientMiles::OwnedStream,struct std::default_delete<struct ClientMiles::OwnedStream> >,void *> *,struct std::_List_node<class std::unique_ptr<struct ClientMiles::OwnedStream,struct std::default_delete<struct ClientMiles::OwnedStream> >,void *> *))
52E 00000000 SECT115 notype ()    External    | ?_Getal@?$_List_alloc@$0A@U?$_List_base_types@V?$unique_ptr@UOwnedStream@ClientMiles@@U?$default_delete@UOwnedStream@ClientMiles@@@std@@@std@@V?$allocator@V?$unique_ptr@UOwnedStream@ClientMiles@@U?$default_delete@UOwnedStream@ClientMiles@@@std@@@std@@@2@@std@@@std@@QEBA?AU?$_Wrap_alloc@V?$allocator@U?$_List_node@V?$unique_ptr@UOwnedStream@ClientMiles@@U?$default_delete@UOwnedStream@ClientMiles@@@std@@@std@@PEAX@std@@@std@@@2@XZ (public: struct std::_Wrap_alloc<class std::allocator<struct std::_List_node<class std::unique_ptr<struct ClientMiles::OwnedStream,struct std::default_delete<struct ClientMiles::OwnedStream> >,void *> > > __cdecl std::_List_alloc<0,struct std::_List_base_types<class std::unique_ptr<struct ClientMiles::OwnedStream,struct std::default_delete<struct ClientMiles::OwnedStream> >,class std::allocator<class std::unique_ptr<struct ClientMiles::OwnedStream,struct std::default_delete<struct ClientMiles::OwnedStream> > > > >::_Getal(void)const )
52F 00000000 SECT5A notype ()    External     | ??0?$_List_buy@V?$unique_ptr@UOwnedStream@ClientMiles@@U?$default_delete@UOwnedStream@ClientMiles@@@std@@@std@@V?$allocator@V?$unique_ptr@UOwnedStream@ClientMiles@@U?$default_delete@UOwnedStream@ClientMiles@@@std@@@std@@@2@@std@@QEAA@AEBV?$allocator@V?$unique_ptr@UOwnedStream@ClientMiles@@U?$default_delete@UOwnedStream@ClientMiles@@@std@@@std@@@1@@Z (public: __cdecl std::_List_buy<class std::unique_ptr<struct ClientMiles::OwnedStream,struct std::default_delete<struct ClientMiles::OwnedStream> >,class std::allocator<class std::unique_ptr<struct ClientMiles::OwnedStream,struct std::default_delete<struct ClientMiles::OwnedStream> > > >::_List_buy<class std::unique_ptr<struct ClientMiles::OwnedStream,struct std::default_delete<struct ClientMiles::OwnedStream> >,class std::allocator<class std::unique_ptr<struct ClientMiles::OwnedStream,struct std::default_delete<struct ClientMiles::OwnedStream> > > >(class std::allocator<class std::unique_ptr<struct ClientMiles::OwnedStream,struct std::default_delete<struct ClientMiles::OwnedStream> > > const &))
530 00000000 SECT113 notype ()    External    | ?_Freenode@?$_List_buy@V?$unique_ptr@UOwnedStream@ClientMiles@@U?$default_delete@UOwnedStream@ClientMiles@@@std@@@std@@V?$allocator@V?$unique_ptr@UOwnedStream@ClientMiles@@U?$default_delete@UOwnedStream@ClientMiles@@@std@@@std@@@2@@std@@QEAAXPEAU?$_List_node@V?$unique_ptr@UOwnedStream@ClientMiles@@U?$default_delete@UOwnedStream@ClientMiles@@@std@@@std@@PEAX@2@@Z (public: void __cdecl std::_List_buy<class std::unique_ptr<struct ClientMiles::OwnedStream,struct std::default_delete<struct ClientMiles::OwnedStream> >,class std::allocator<class std::unique_ptr<struct ClientMiles::OwnedStream,struct std::default_delete<struct ClientMiles::OwnedStream> > > >::_Freenode(struct std::_List_node<class std::unique_ptr<struct ClientMiles::OwnedStream,struct std::default_delete<struct ClientMiles::OwnedStream> >,void *> *))
531 00000000 SECTAC notype ()    External     | ??1?$_List_buy@V?$unique_ptr@UOwnedStream@ClientMiles@@U?$default_delete@UOwnedStream@ClientMiles@@@std@@@std@@V?$allocator@V?$unique_ptr@UOwnedStream@ClientMiles@@U?$default_delete@UOwnedStream@ClientMiles@@@std@@@std@@@2@@std@@QEAA@XZ (public: __cdecl std::_List_buy<class std::unique_ptr<struct ClientMiles::OwnedStream,struct std::default_delete<struct ClientMiles::OwnedStream> >,class std::allocator<class std::unique_ptr<struct ClientMiles::OwnedStream,struct std::default_delete<struct ClientMiles::OwnedStream> > > >::~_List_buy<class std::unique_ptr<struct ClientMiles::OwnedStream,struct std::default_delete<struct ClientMiles::OwnedStream> >,class std::allocator<class std::unique_ptr<struct ClientMiles::OwnedStream,struct std::default_delete<struct ClientMiles::OwnedStream> > > >(void))
532 00000000 SECT87 notype ()    External     | ??0?$list@V?$unique_ptr@UOwnedStream@ClientMiles@@U?$default_delete@UOwnedStream@ClientMiles@@@std@@@std@@V?$allocator@V?$unique_ptr@UOwnedStream@ClientMiles@@U?$default_delete@UOwnedStream@ClientMiles@@@std@@@std@@@2@@std@@QEAA@XZ (public: __cdecl std::list<class std::unique_ptr<struct ClientMiles::OwnedStream,struct std::default_delete<struct ClientMiles::OwnedStream> >,class std::allocator<class std::unique_ptr<struct ClientMiles::OwnedStream,struct std::default_delete<struct ClientMiles::OwnedStream> > > >::list<class std::unique_ptr<struct ClientMiles::OwnedStream,struct std::default_delete<struct ClientMiles::OwnedStream> >,class std::allocator<class std::unique_ptr<struct ClientMiles::OwnedStream,struct std::default_delete<struct ClientMiles::OwnedStream> > > >(void))
533 00000000 SECT1A6 notype ()    External    | ?push_back@?$list@V?$unique_ptr@UOwnedStream@ClientMiles@@U?$default_delete@UOwnedStream@ClientMiles@@@std@@@std@@V?$allocator@V?$unique_ptr@UOwnedStream@ClientMiles@@U?$default_delete@UOwnedStream@ClientMiles@@@std@@@std@@@2@@std@@QEAAX$$QEAV?$unique_ptr@UOwnedStream@ClientMiles@@U?$default_delete@UOwnedStream@ClientMiles@@@std@@@2@@Z (public: void __cdecl std::list<class std::unique_ptr<struct ClientMiles::OwnedStream,struct std::default_delete<struct ClientMiles::OwnedStream> >,class std::allocator<class std::unique_ptr<struct ClientMiles::OwnedStream,struct std::default_delete<struct ClientMiles::OwnedStream> > > >::push_back(class std::unique_ptr<struct ClientMiles::OwnedStream,struct std::default_delete<struct ClientMiles::OwnedStream> > &&))
534 00000000 SECTAF notype ()    External     | ??1?$list@V?$unique_ptr@UOwnedStream@ClientMiles@@U?$default_delete@UOwnedStream@ClientMiles@@@std@@@std@@V?$allocator@V?$unique_ptr@UOwnedStream@ClientMiles@@U?$default_delete@UOwnedStream@ClientMiles@@@std@@@std@@@2@@std@@QEAA@XZ (public: __cdecl std::list<class std::unique_ptr<struct ClientMiles::OwnedStream,struct std::default_delete<struct ClientMiles::OwnedStream> >,class std::allocator<class std::unique_ptr<struct ClientMiles::OwnedStream,struct std::default_delete<struct ClientMiles::OwnedStream> > > >::~list<class std::unique_ptr<struct ClientMiles::OwnedStream,struct std::default_delete<struct ClientMiles::OwnedStream> >,class std::allocator<class std::unique_ptr<struct ClientMiles::OwnedStream,struct std::default_delete<struct ClientMiles::OwnedStream> > > >(void))
535 00000000 SECT145 notype ()    External    | ?begin@?$list@V?$unique_ptr@UOwnedStream@ClientMiles@@U?$default_delete@UOwnedStream@ClientMiles@@@std@@@std@@V?$allocator@V?$unique_ptr@UOwnedStream@ClientMiles@@U?$default_delete@UOwnedStream@ClientMiles@@@std@@@std@@@2@@std@@QEAA?AV?$_List_iterator@V?$_List_val@U?$_List_simple_types@V?$unique_ptr@UOwnedStream@ClientMiles@@U?$default_delete@UOwnedStream@ClientMiles@@@std@@@std@@@std@@@std@@@2@XZ (public: class std::_List_iterator<class std::_List_val<struct std::_List_simple_types<class std::unique_ptr<struct ClientMiles::OwnedStream,struct std::default_delete<struct ClientMiles::OwnedStream> > > > > __cdecl std::list<class std::unique_ptr<struct ClientMiles::OwnedStream,struct std::default_delete<struct ClientMiles::OwnedStream> >,class std::allocator<class std::unique_ptr<struct ClientMiles::OwnedStream,struct std::default_delete<struct ClientMiles::OwnedStream> > > >::begin(void))
536 00000000 SECT160 notype ()    External    | ?end@?$list@V?$unique_ptr@UOwnedStream@ClientMiles@@U?$default_delete@UOwnedStream@ClientMiles@@@std@@@std@@V?$allocator@V?$unique_ptr@UOwnedStream@ClientMiles@@U?$default_delete@UOwnedStream@ClientMiles@@@std@@@std@@@2@@std@@QEAA?AV?$_List_iterator@V?$_List_val@U?$_List_simple_types@V?$unique_ptr@UOwnedStream@ClientMiles@@U?$default_delete@UOwnedStream@ClientMiles@@@std@@@std@@@std@@@std@@@2@XZ (public: class std::_List_iterator<class std::_List_val<struct std::_List_simple_types<class std::unique_ptr<struct ClientMiles::OwnedStream,struct std::default_delete<struct ClientMiles::OwnedStream> > > > > __cdecl std::list<class std::unique_ptr<struct ClientMiles::OwnedStream,struct std::default_delete<struct ClientMiles::OwnedStream> >,class std::allocator<class std::unique_ptr<struct ClientMiles::OwnedStream,struct std::default_delete<struct ClientMiles::OwnedStream> > > >::end(void))
537 00000000 SECT12F notype ()    External    | ?_Unchecked_end@?$list@V?$unique_ptr@UOwnedStream@ClientMiles@@U?$default_delete@UOwnedStream@ClientMiles@@@std@@@std@@V?$allocator@V?$unique_ptr@UOwnedStream@ClientMiles@@U?$default_delete@UOwnedStream@ClientMiles@@@std@@@std@@@2@@std@@QEAA?AV?$_List_unchecked_iterator@V?$_List_val@U?$_List_simple_types@V?$unique_ptr@UOwnedStream@ClientMiles@@U?$default_delete@UOwnedStream@ClientMiles@@@std@@@std@@@std@@@std@@@2@XZ (public: class std::_List_unchecked_iterator<class std::_List_val<struct std::_List_simple_types<class std::unique_ptr<struct ClientMiles::OwnedStream,struct std::default_delete<struct ClientMiles::OwnedStream> > > > > __cdecl std::list<class std::unique_ptr<struct ClientMiles::OwnedStream,struct std::default_delete<struct ClientMiles::OwnedStream> >,class std::allocator<class std::unique_ptr<struct ClientMiles::OwnedStream,struct std::default_delete<struct ClientMiles::OwnedStream> > > >::_Unchecked_end(void))
538 00000000 SECT11D notype ()    External    | ?_Make_iter@?$list@V?$unique_ptr@UOwnedStream@ClientMiles@@U?$default_delete@UOwnedStream@ClientMiles@@@std@@@std@@V?$allocator@V?$unique_ptr@UOwnedStream@ClientMiles@@U?$default_delete@UOwnedStream@ClientMiles@@@std@@@std@@@2@@std@@QEBA?AV?$_List_iterator@V?$_List_val@U?$_List_simple_types@V?$unique_ptr@UOwnedStream@ClientMiles@@U?$default_delete@UOwnedStream@ClientMiles@@@std@@@std@@@std@@@std@@@2@V?$_List_const_iterator@V?$_List_val@U?$_List_simple_types@V?$unique_ptr@UOwnedStream@ClientMiles@@U?$default_delete@UOwnedStream@ClientMiles@@@std@@@std@@@std@@@std@@@2@@Z (public: class std::_List_iterator<class std::_List_val<struct std::_List_simple_types<class std::unique_ptr<struct ClientMiles::OwnedStream,struct std::default_delete<struct ClientMiles::OwnedStream> > > > > __cdecl std::list<class std::unique_ptr<struct ClientMiles::OwnedStream,struct std::default_delete<struct ClientMiles::OwnedStream> >,class std::allocator<class std::unique_ptr<struct ClientMiles::OwnedStream,struct std::default_delete<struct ClientMiles::OwnedStream> > > >::_Make_iter(class std::_List_const_iterator<class std::_List_val<struct std::_List_simple_types<class std::unique_ptr<struct ClientMiles::OwnedStream,struct std::default_delete<struct ClientMiles::OwnedStream> > > > >)const )
539 00000000 SECT18A notype ()    External    | ?max_size@?$list@V?$unique_ptr@UOwnedStream@ClientMiles@@U?$default_delete@UOwnedStream@ClientMiles@@@std@@@std@@V?$allocator@V?$unique_ptr@UOwnedStream@ClientMiles@@U?$default_delete@UOwnedStream@ClientMiles@@@std@@@std@@@2@@std@@QEBA_KXZ (public: unsigned __int64 __cdecl std::list<class std::unique_ptr<struct ClientMiles::OwnedStream,struct std::default_delete<struct ClientMiles::OwnedStream> >,class std::allocator<class std::unique_ptr<struct ClientMiles::OwnedStream,struct std::default_delete<struct ClientMiles::OwnedStream> > > >::max_size(void)const )
53A 00000000 SECT1A3 notype ()    External    | ?pop_back@?$list@V?$unique_ptr@UOwnedStream@ClientMiles@@U?$default_delete@UOwnedStream@ClientMiles@@@std@@@std@@V?$allocator@V?$unique_ptr@UOwnedStream@ClientMiles@@U?$default_delete@UOwnedStream@ClientMiles@@@std@@@std@@@2@@std@@QEAAXXZ (public: void __cdecl std::list<class std::unique_ptr<struct ClientMiles::OwnedStream,struct std::default_delete<struct ClientMiles::OwnedStream> >,class std::allocator<class std::unique_ptr<struct ClientMiles::OwnedStream,struct std::default_delete<struct ClientMiles::OwnedStream> > > >::pop_back(void))
53B 00000000 SECT131 notype ()    External    | ?_Unlinknode@?$list@V?$unique_ptr@UOwnedStream@ClientMiles@@U?$default_delete@UOwnedStream@ClientMiles@@@std@@@std@@V?$allocator@V?$unique_ptr@UOwnedStream@ClientMiles@@U?$default_delete@UOwnedStream@ClientMiles@@@std@@@std@@@2@@std@@QEAAPEAU?$_List_node@V?$unique_ptr@UOwnedStream@ClientMiles@@U?$default_delete@UOwnedStream@ClientMiles@@@std@@@std@@PEAX@2@V?$_List_const_iterator@V?$_List_val@U?$_List_simple_types@V?$unique_ptr@UOwnedStream@ClientMiles@@U?$default_delete@UOwnedStream@ClientMiles@@@std@@@std@@@std@@@std@@@2@@Z (public: struct std::_List_node<class std::unique_ptr<struct ClientMiles::OwnedStream,struct std::default_delete<struct ClientMiles::OwnedStream> >,void *> * __cdecl std::list<class std::unique_ptr<struct ClientMiles::OwnedStream,struct std::default_delete<struct ClientMiles::OwnedStream> >,class std::allocator<class std::unique_ptr<struct ClientMiles::OwnedStream,struct std::default_delete<struct ClientMiles::OwnedStream> > > >::_Unlinknode(class std::_List_const_iterator<class std::_List_val<struct std::_List_simple_types<class std::unique_ptr<struct ClientMiles::OwnedStream,struct std::default_delete<struct ClientMiles::OwnedStream> > > > >))
53C 00000000 SECT168 notype ()    External    | ?erase@?$list@V?$unique_ptr@UOwnedStream@ClientMiles@@U?$default_delete@UOwnedStream@ClientMiles@@@std@@@std@@V?$allocator@V?$unique_ptr@UOwnedStream@ClientMiles@@U?$default_delete@UOwnedStream@ClientMiles@@@std@@@std@@@2@@std@@QEAA?AV?$_List_iterator@V?$_List_val@U?$_List_simple_types@V?$unique_ptr@UOwnedStream@ClientMiles@@U?$default_delete@UOwnedStream@ClientMiles@@@std@@@std@@@std@@@std@@@2@V?$_List_const_iterator@V?$_List_val@U?$_List_simple_types@V?$unique_ptr@UOwnedStream@ClientMiles@@U?$default_delete@UOwnedStream@ClientMiles@@@std@@@std@@@std@@@std@@@2@@Z (public: class std::_List_iterator<class std::_List_val<struct std::_List_simple_types<class std::unique_ptr<struct ClientMiles::OwnedStream,struct std::default_delete<struct ClientMiles::OwnedStream> > > > > __cdecl std::list<class std::unique_ptr<struct ClientMiles::OwnedStream,struct std::default_delete<struct ClientMiles::OwnedStream> >,class std::allocator<class std::unique_ptr<struct ClientMiles::OwnedStream,struct std::default_delete<struct ClientMiles::OwnedStream> > > >::erase(class std::_List_const_iterator<class std::_List_val<struct std::_List_simple_types<class std::unique_ptr<struct ClientMiles::OwnedStream,struct std::default_delete<struct ClientMiles::OwnedStream> > > > >))
53D 00000000 SECT14C notype ()    External    | ?clear@?$list@V?$unique_ptr@UOwnedStream@ClientMiles@@U?$default_delete@UOwnedStream@ClientMiles@@@std@@@std@@V?$allocator@V?$unique_ptr@UOwnedStream@ClientMiles@@U?$default_delete@UOwnedStream@ClientMiles@@@std@@@std@@@2@@std@@QEAAXXZ (public: void __cdecl std::list<class std::unique_ptr<struct ClientMiles::OwnedStream,struct std::default_delete<struct ClientMiles::OwnedStream> >,class std::allocator<class std::unique_ptr<struct ClientMiles::OwnedStream,struct std::default_delete<struct ClientMiles::OwnedStream> > > >::clear(void))
53E 00000000 SECT12B notype ()    External    | ?_Tidy@?$list@V?$unique_ptr@UOwnedStream@ClientMiles@@U?$default_delete@UOwnedStream@ClientMiles@@@std@@@std@@V?$allocator@V?$unique_ptr@UOwnedStream@ClientMiles@@U?$default_delete@UOwnedStream@ClientMiles@@@std@@@std@@@2@@std@@QEAAXXZ (public: void __cdecl std::list<class std::unique_ptr<struct ClientMiles::OwnedStream,struct std::default_delete<struct ClientMiles::OwnedStream> >,class std::allocator<class std::unique_ptr<struct ClientMiles::OwnedStream,struct std::default_delete<struct ClientMiles::OwnedStream> > > >::_Tidy(void))
53F 00000000 SECT11A notype ()    External    | ?_Incsize@?$list@V?$unique_ptr@UOwnedStream@ClientMiles@@U?$default_delete@UOwnedStream@ClientMiles@@@std@@@std@@V?$allocator@V?$unique_ptr@UOwnedStream@ClientMiles@@U?$default_delete@UOwnedStream@ClientMiles@@@std@@@std@@@2@@std@@QEAAX_K@Z (public: void __cdecl std::list<class std::unique_ptr<struct ClientMiles::OwnedStream,struct std::default_delete<struct ClientMiles::OwnedStream> >,class std::allocator<class std::unique_ptr<struct ClientMiles::OwnedStream,struct std::default_delete<struct ClientMiles::OwnedStream> > > >::_Incsize(unsigned __int64))
540 00000000 SECT9D notype ()    External     | ??0SampleState@ClientMilesPipe@@QEAA@XZ (public: __cdecl ClientMilesPipe::SampleState::SampleState(void))
541 00000000 SECTBA notype ()    External     | ??1SampleState@ClientMilesPipe@@QEAA@XZ (public: __cdecl ClientMilesPipe::SampleState::~SampleState(void))
542 00000000 SECTF5 notype ()    External     | ??_GSampleState@ClientMilesPipe@@QEAAPEAXI@Z (public: void * __cdecl ClientMilesPipe::SampleState::`scalar deleting destructor'(unsigned int))
543 00000000 SECT16A notype ()    External    | ?fail@?A0x4bb42cee@@YAXW4FailureReason@ClientMiles@@PEBD@Z (void __cdecl `anonymous namespace'::fail(enum ClientMiles::FailureReason,char const *))
544 00000000 SECT14B notype ()    External    | ?checkStatus@?A0x4bb42cee@@YAXI@Z (void __cdecl `anonymous namespace'::checkStatus(unsigned int))
545 00000000 SECT19B notype ()    External    | ?ownedText@?A0x4bb42cee@@YA?AUOwnedText@ClientMiles@@AEBUOwnedReply@StartupBridge@@@Z (struct ClientMiles::OwnedText __cdecl `anonymous namespace'::ownedText(struct StartupBridge::OwnedReply const &))
546 00000000 SECT16B notype ()    External    | ?floatBits@?A0x4bb42cee@@YAIM@Z (unsigned int __cdecl `anonymous namespace'::floatBits(float))
547 00000000 SECT15E notype ()    External    | ?driverCall@?A0x4bb42cee@@YA?AUCall@MilesWire@@AEAVSession@ClientMilesPipe@@PEAUDigitalDriver@ClientMiles@@@Z (struct MilesWire::Call __cdecl `anonymous namespace'::driverCall(class ClientMilesPipe::Session &,struct ClientMiles::DigitalDriver *))
548 00000000 SECT1A5 notype ()    External    | ?preferenceResult@?A0x4bb42cee@@YA_JAEBUOwnedReply@StartupBridge@@@Z (__int64 __cdecl `anonymous namespace'::preferenceResult(struct StartupBridge::OwnedReply const &))
549 00000000 SECT55 notype ()    External     | ??$move@AEAV?$unique_ptr@VChannel@ClientMilesPipe@@U?$default_delete@VChannel@ClientMilesPipe@@@std@@@std@@@std@@YA$$QEAV?$unique_ptr@VChannel@ClientMilesPipe@@U?$default_delete@VChannel@ClientMilesPipe@@@std@@@0@AEAV10@@Z (class std::unique_ptr<class ClientMilesPipe::Channel,struct std::default_delete<class ClientMilesPipe::Channel> > && __cdecl std::move<class std::unique_ptr<class ClientMilesPipe::Channel,struct std::default_delete<class ClientMilesPipe::Channel> > &>(class std::unique_ptr<class ClientMilesPipe::Channel,struct std::default_delete<class ClientMilesPipe::Channel> > &))
54A 00000000 SECT52 notype ()    External     | ??$move@AEAV?$unique_ptr@UDigitalDriver@ClientMiles@@U?$default_delete@UDigitalDriver@ClientMiles@@@std@@@std@@@std@@YA$$QEAV?$unique_ptr@UDigitalDriver@ClientMiles@@U?$default_delete@UDigitalDriver@ClientMiles@@@std@@@0@AEAV10@@Z (class std::unique_ptr<struct ClientMiles::DigitalDriver,struct std::default_delete<struct ClientMiles::DigitalDriver> > && __cdecl std::move<class std::unique_ptr<struct ClientMiles::DigitalDriver,struct std::default_delete<struct ClientMiles::DigitalDriver> > &>(class std::unique_ptr<struct ClientMiles::DigitalDriver,struct std::default_delete<struct ClientMiles::DigitalDriver> > &))
54B 00000000 SECT19A notype ()    Static      | ?ownedSample@ClientMiles@@YAAEAUSample@1@AEAVSession@ClientMilesPipe@@PEAU21@@Z (struct ClientMiles::Sample & __cdecl ClientMiles::ownedSample(class ClientMilesPipe::Session &,struct ClientMiles::Sample *))
54C 00000000 SECT61 notype ()    External     | ??0?$_List_unchecked_const_iterator@V?$_List_val@U?$_List_simple_types@V?$unique_ptr@USample@ClientMiles@@U?$default_delete@USample@ClientMiles@@@std@@@std@@@std@@@std@@U_Iterator_base0@2@@std@@QEAA@PEAU?$_List_node@V?$unique_ptr@USample@ClientMiles@@U?$default_delete@USample@ClientMiles@@@std@@@std@@PEAX@1@PEBV?$_List_val@U?$_List_simple_types@V?$unique_ptr@USample@ClientMiles@@U?$default_delete@USample@ClientMiles@@@std@@@std@@@std@@@1@@Z (public: __cdecl std::_List_unchecked_const_iterator<class std::_List_val<struct std::_List_simple_types<class std::unique_ptr<struct ClientMiles::Sample,struct std::default_delete<struct ClientMiles::Sample> > > >,struct std::_Iterator_base0>::_List_unchecked_const_iterator<class std::_List_val<struct std::_List_simple_types<class std::unique_ptr<struct ClientMiles::Sample,struct std::default_delete<struct ClientMiles::Sample> > > >,struct std::_Iterator_base0>(struct std::_List_node<class std::unique_ptr<struct ClientMiles::Sample,struct std::default_delete<struct ClientMiles::Sample> >,void *> *,class std::_List_val<struct std::_List_simple_types<class std::unique_ptr<struct ClientMiles::Sample,struct std::default_delete<struct ClientMiles::Sample> > > > const *))
54D 00000000 SECT120 notype ()    External    | ?_Mynode@?$_List_unchecked_const_iterator@V?$_List_val@U?$_List_simple_types@V?$unique_ptr@USample@ClientMiles@@U?$default_delete@USample@ClientMiles@@@std@@@std@@@std@@@std@@U_Iterator_base0@2@@std@@QEBAPEAU?$_List_node@V?$unique_ptr@USample@ClientMiles@@U?$default_delete@USample@ClientMiles@@@std@@@std@@PEAX@2@XZ (public: struct std::_List_node<class std::unique_ptr<struct ClientMiles::Sample,struct std::default_delete<struct ClientMiles::Sample> >,void *> * __cdecl std::_List_unchecked_const_iterator<class std::_List_val<struct std::_List_simple_types<class std::unique_ptr<struct ClientMiles::Sample,struct std::default_delete<struct ClientMiles::Sample> > > >,struct std::_Iterator_base0>::_Mynode(void)const )
54E 00000000 SECT5D notype ()    External     | ??0?$_List_const_iterator@V?$_List_val@U?$_List_simple_types@V?$unique_ptr@USample@ClientMiles@@U?$default_delete@USample@ClientMiles@@@std@@@std@@@std@@@std@@@std@@QEAA@PEAU?$_List_node@V?$unique_ptr@USample@ClientMiles@@U?$default_delete@USample@ClientMiles@@@std@@@std@@PEAX@1@PEBV?$_List_val@U?$_List_simple_types@V?$unique_ptr@USample@ClientMiles@@U?$default_delete@USample@ClientMiles@@@std@@@std@@@std@@@1@@Z (public: __cdecl std::_List_const_iterator<class std::_List_val<struct std::_List_simple_types<class std::unique_ptr<struct ClientMiles::Sample,struct std::default_delete<struct ClientMiles::Sample> > > > >::_List_const_iterator<class std::_List_val<struct std::_List_simple_types<class std::unique_ptr<struct ClientMiles::Sample,struct std::default_delete<struct ClientMiles::Sample> > > > >(struct std::_List_node<class std::unique_ptr<struct ClientMiles::Sample,struct std::default_delete<struct ClientMiles::Sample> >,void *> *,class std::_List_val<struct std::_List_simple_types<class std::unique_ptr<struct ClientMiles::Sample,struct std::default_delete<struct ClientMiles::Sample> > > > const *))
54F 00000000 SECTD8 notype ()    External     | ??D?$_List_const_iterator@V?$_List_val@U?$_List_simple_types@V?$unique_ptr@USample@ClientMiles@@U?$default_delete@USample@ClientMiles@@@std@@@std@@@std@@@std@@@std@@QEBAAEBV?$unique_ptr@USample@ClientMiles@@U?$default_delete@USample@ClientMiles@@@std@@@1@XZ (public: class std::unique_ptr<struct ClientMiles::Sample,struct std::default_delete<struct ClientMiles::Sample> > const & __cdecl std::_List_const_iterator<class std::_List_val<struct std::_List_simple_types<class std::unique_ptr<struct ClientMiles::Sample,struct std::default_delete<struct ClientMiles::Sample> > > > >::operator*(void)const )
550 00000000 SECTE3 notype ()    External     | ??E?$_List_const_iterator@V?$_List_val@U?$_List_simple_types@V?$unique_ptr@USample@ClientMiles@@U?$default_delete@USample@ClientMiles@@@std@@@std@@@std@@@std@@@std@@QEAAAEAV01@XZ (public: class std::_List_const_iterator<class std::_List_val<struct std::_List_simple_types<class std::unique_ptr<struct ClientMiles::Sample,struct std::default_delete<struct ClientMiles::Sample> > > > > & __cdecl std::_List_const_iterator<class std::_List_val<struct std::_List_simple_types<class std::unique_ptr<struct ClientMiles::Sample,struct std::default_delete<struct ClientMiles::Sample> > > > >::operator++(void))
551 00000000 SECTE2 notype ()    External     | ??E?$_List_const_iterator@V?$_List_val@U?$_List_simple_types@V?$unique_ptr@USample@ClientMiles@@U?$default_delete@USample@ClientMiles@@@std@@@std@@@std@@@std@@@std@@QEAA?AV01@H@Z (public: class std::_List_const_iterator<class std::_List_val<struct std::_List_simple_types<class std::unique_ptr<struct ClientMiles::Sample,struct std::default_delete<struct ClientMiles::Sample> > > > > __cdecl std::_List_const_iterator<class std::_List_val<struct std::_List_simple_types<class std::unique_ptr<struct ClientMiles::Sample,struct std::default_delete<struct ClientMiles::Sample> > > > >::operator++(int))
552 00000000 SECTE7 notype ()    External     | ??F?$_List_const_iterator@V?$_List_val@U?$_List_simple_types@V?$unique_ptr@USample@ClientMiles@@U?$default_delete@USample@ClientMiles@@@std@@@std@@@std@@@std@@@std@@QEAAAEAV01@XZ (public: class std::_List_const_iterator<class std::_List_val<struct std::_List_simple_types<class std::unique_ptr<struct ClientMiles::Sample,struct std::default_delete<struct ClientMiles::Sample> > > > > & __cdecl std::_List_const_iterator<class std::_List_val<struct std::_List_simple_types<class std::unique_ptr<struct ClientMiles::Sample,struct std::default_delete<struct ClientMiles::Sample> > > > >::operator--(void))
553 00000000 SECTC9 notype ()    External     | ??8?$_List_const_iterator@V?$_List_val@U?$_List_simple_types@V?$unique_ptr@USample@ClientMiles@@U?$default_delete@USample@ClientMiles@@@std@@@std@@@std@@@std@@@std@@QEBA_NAEBV01@@Z (public: bool __cdecl std::_List_const_iterator<class std::_List_val<struct std::_List_simple_types<class std::unique_ptr<struct ClientMiles::Sample,struct std::default_delete<struct ClientMiles::Sample> > > > >::operator==(class std::_List_const_iterator<class std::_List_val<struct std::_List_simple_types<class std::unique_ptr<struct ClientMiles::Sample,struct std::default_delete<struct ClientMiles::Sample> > > > > const &)const )
554 00000000 SECTCD notype ()    External     | ??9?$_List_const_iterator@V?$_List_val@U?$_List_simple_types@V?$unique_ptr@USample@ClientMiles@@U?$default_delete@USample@ClientMiles@@@std@@@std@@@std@@@std@@@std@@QEBA_NAEBV01@@Z (public: bool __cdecl std::_List_const_iterator<class std::_List_val<struct std::_List_simple_types<class std::unique_ptr<struct ClientMiles::Sample,struct std::default_delete<struct ClientMiles::Sample> > > > >::operator!=(class std::_List_const_iterator<class std::_List_val<struct std::_List_simple_types<class std::unique_ptr<struct ClientMiles::Sample,struct std::default_delete<struct ClientMiles::Sample> > > > > const &)const )
555 00000000 SECT5F notype ()    External     | ??0?$_List_iterator@V?$_List_val@U?$_List_simple_types@V?$unique_ptr@USample@ClientMiles@@U?$default_delete@USample@ClientMiles@@@std@@@std@@@std@@@std@@@std@@QEAA@PEAU?$_List_node@V?$unique_ptr@USample@ClientMiles@@U?$default_delete@USample@ClientMiles@@@std@@@std@@PEAX@1@PEBV?$_List_val@U?$_List_simple_types@V?$unique_ptr@USample@ClientMiles@@U?$default_delete@USample@ClientMiles@@@std@@@std@@@std@@@1@@Z (public: __cdecl std::_List_iterator<class std::_List_val<struct std::_List_simple_types<class std::unique_ptr<struct ClientMiles::Sample,struct std::default_delete<struct ClientMiles::Sample> > > > >::_List_iterator<class std::_List_val<struct std::_List_simple_types<class std::unique_ptr<struct ClientMiles::Sample,struct std::default_delete<struct ClientMiles::Sample> > > > >(struct std::_List_node<class std::unique_ptr<struct ClientMiles::Sample,struct std::default_delete<struct ClientMiles::Sample> >,void *> *,class std::_List_val<struct std::_List_simple_types<class std::unique_ptr<struct ClientMiles::Sample,struct std::default_delete<struct ClientMiles::Sample> > > > const *))
556 00000000 SECTDA notype ()    External     | ??D?$_List_iterator@V?$_List_val@U?$_List_simple_types@V?$unique_ptr@USample@ClientMiles@@U?$default_delete@USample@ClientMiles@@@std@@@std@@@std@@@std@@@std@@QEBAAEAV?$unique_ptr@USample@ClientMiles@@U?$default_delete@USample@ClientMiles@@@std@@@1@XZ (public: class std::unique_ptr<struct ClientMiles::Sample,struct std::default_delete<struct ClientMiles::Sample> > & __cdecl std::_List_iterator<class std::_List_val<struct std::_List_simple_types<class std::unique_ptr<struct ClientMiles::Sample,struct std::default_delete<struct ClientMiles::Sample> > > > >::operator*(void)const )
557 00000000 SECTD2 notype ()    External     | ??C?$_List_iterator@V?$_List_val@U?$_List_simple_types@V?$unique_ptr@USample@ClientMiles@@U?$default_delete@USample@ClientMiles@@@std@@@std@@@std@@@std@@@std@@QEBAPEAV?$unique_ptr@USample@ClientMiles@@U?$default_delete@USample@ClientMiles@@@std@@@1@XZ (public: class std::unique_ptr<struct ClientMiles::Sample,struct std::default_delete<struct ClientMiles::Sample> > * __cdecl std::_List_iterator<class std::_List_val<struct std::_List_simple_types<class std::unique_ptr<struct ClientMiles::Sample,struct std::default_delete<struct ClientMiles::Sample> > > > >::operator->(void)const )
558 00000000 SECTE5 notype ()    External     | ??E?$_List_iterator@V?$_List_val@U?$_List_simple_types@V?$unique_ptr@USample@ClientMiles@@U?$default_delete@USample@ClientMiles@@@std@@@std@@@std@@@std@@@std@@QEAAAEAV01@XZ (public: class std::_List_iterator<class std::_List_val<struct std::_List_simple_types<class std::unique_ptr<struct ClientMiles::Sample,struct std::default_delete<struct ClientMiles::Sample> > > > > & __cdecl std::_List_iterator<class std::_List_val<struct std::_List_simple_types<class std::unique_ptr<struct ClientMiles::Sample,struct std::default_delete<struct ClientMiles::Sample> > > > >::operator++(void))
559 00000000 SECTE9 notype ()    External     | ??F?$_List_iterator@V?$_List_val@U?$_List_simple_types@V?$unique_ptr@USample@ClientMiles@@U?$default_delete@USample@ClientMiles@@@std@@@std@@@std@@@std@@@std@@QEAAAEAV01@XZ (public: class std::_List_iterator<class std::_List_val<struct std::_List_simple_types<class std::unique_ptr<struct ClientMiles::Sample,struct std::default_delete<struct ClientMiles::Sample> > > > > & __cdecl std::_List_iterator<class std::_List_val<struct std::_List_simple_types<class std::unique_ptr<struct ClientMiles::Sample,struct std::default_delete<struct ClientMiles::Sample> > > > >::operator--(void))
55A 00000000 SECT85 notype ()    External     | ??0?$default_delete@USample@ClientMiles@@@std@@QEAA@XZ (public: __cdecl std::default_delete<struct ClientMiles::Sample>::default_delete<struct ClientMiles::Sample>(void))
55B 00000000 SECTED notype ()    External     | ??R?$default_delete@USample@ClientMiles@@@std@@QEBAXPEAUSample@ClientMiles@@@Z (public: void __cdecl std::default_delete<struct ClientMiles::Sample>::operator()(struct ClientMiles::Sample *)const )
55C 00000000 SECT6C notype ()    External     | ??0?$_Unique_ptr_base@USample@ClientMiles@@U?$default_delete@USample@ClientMiles@@@std@@$00@std@@QEAA@PEAUSample@ClientMiles@@U?$default_delete@USample@ClientMiles@@@1@@Z (public: __cdecl std::_Unique_ptr_base<struct ClientMiles::Sample,struct std::default_delete<struct ClientMiles::Sample>,1>::_Unique_ptr_base<struct ClientMiles::Sample,struct std::default_delete<struct ClientMiles::Sample>,1>(struct ClientMiles::Sample *,struct std::default_delete<struct ClientMiles::Sample>))
55D 00000000 SECT6B notype ()    External     | ??0?$_Unique_ptr_base@USample@ClientMiles@@U?$default_delete@USample@ClientMiles@@@std@@$00@std@@QEAA@PEAUSample@ClientMiles@@@Z (public: __cdecl std::_Unique_ptr_base<struct ClientMiles::Sample,struct std::default_delete<struct ClientMiles::Sample>,1>::_Unique_ptr_base<struct ClientMiles::Sample,struct std::default_delete<struct ClientMiles::Sample>,1>(struct ClientMiles::Sample *))
55E 00000000 SECT172 notype ()    External    | ?get_deleter@?$_Unique_ptr_base@USample@ClientMiles@@U?$default_delete@USample@ClientMiles@@@std@@$00@std@@QEAAAEAU?$default_delete@USample@ClientMiles@@@2@XZ (public: struct std::default_delete<struct ClientMiles::Sample> & __cdecl std::_Unique_ptr_base<struct ClientMiles::Sample,struct std::default_delete<struct ClientMiles::Sample>,1>::get_deleter(void))
55F 00000000 SECT8E notype ()    External     | ??0?$unique_ptr@USample@ClientMiles@@U?$default_delete@USample@ClientMiles@@@std@@@std@@QEAA@PEAUSample@ClientMiles@@@Z (public: __cdecl std::unique_ptr<struct ClientMiles::Sample,struct std::default_delete<struct ClientMiles::Sample> >::unique_ptr<struct ClientMiles::Sample,struct std::default_delete<struct ClientMiles::Sample> >(struct ClientMiles::Sample *))
560 00000000 SECT8D notype ()    External     | ??0?$unique_ptr@USample@ClientMiles@@U?$default_delete@USample@ClientMiles@@@std@@@std@@QEAA@$$QEAV01@@Z (public: __cdecl std::unique_ptr<struct ClientMiles::Sample,struct std::default_delete<struct ClientMiles::Sample> >::unique_ptr<struct ClientMiles::Sample,struct std::default_delete<struct ClientMiles::Sample> >(class std::unique_ptr<struct ClientMiles::Sample,struct std::default_delete<struct ClientMiles::Sample> > &&))
561 00000000 SECTB3 notype ()    External     | ??1?$unique_ptr@USample@ClientMiles@@U?$default_delete@USample@ClientMiles@@@std@@@std@@QEAA@XZ (public: __cdecl std::unique_ptr<struct ClientMiles::Sample,struct std::default_delete<struct ClientMiles::Sample> >::~unique_ptr<struct ClientMiles::Sample,struct std::default_delete<struct ClientMiles::Sample> >(void))
562 00000000 SECT16F notype ()    External    | ?get@?$unique_ptr@USample@ClientMiles@@U?$default_delete@USample@ClientMiles@@@std@@@std@@QEBAPEAUSample@ClientMiles@@XZ (public: struct ClientMiles::Sample * __cdecl std::unique_ptr<struct ClientMiles::Sample,struct std::default_delete<struct ClientMiles::Sample> >::get(void)const )
563 00000000 SECT1AB notype ()    External    | ?release@?$unique_ptr@USample@ClientMiles@@U?$default_delete@USample@ClientMiles@@@std@@@std@@QEAAPEAUSample@ClientMiles@@XZ (public: struct ClientMiles::Sample * __cdecl std::unique_ptr<struct ClientMiles::Sample,struct std::default_delete<struct ClientMiles::Sample> >::release(void))
564 00000000 SECTF3 notype ()    External     | ??_G?$unique_ptr@USample@ClientMiles@@U?$default_delete@USample@ClientMiles@@@std@@@std@@QEAAPEAXI@Z (public: void * __cdecl std::unique_ptr<struct ClientMiles::Sample,struct std::default_delete<struct ClientMiles::Sample> >::`scalar deleting destructor'(unsigned int))
565 00000000 SECT152 notype ()    Static      | ?controlSample@ClientMiles@@YAAEAUSample@1@AEAVSession@ClientMilesPipe@@PEAU21@_N@Z (struct ClientMiles::Sample & __cdecl ClientMiles::controlSample(class ClientMilesPipe::Session &,struct ClientMiles::Sample *,bool))
566 00000000 SECT60 notype ()    External     | ??0?$_List_unchecked_const_iterator@V?$_List_val@U?$_List_simple_types@V?$unique_ptr@UOwnedStream@ClientMiles@@U?$default_delete@UOwnedStream@ClientMiles@@@std@@@std@@@std@@@std@@U_Iterator_base0@2@@std@@QEAA@PEAU?$_List_node@V?$unique_ptr@UOwnedStream@ClientMiles@@U?$default_delete@UOwnedStream@ClientMiles@@@std@@@std@@PEAX@1@PEBV?$_List_val@U?$_List_simple_types@V?$unique_ptr@UOwnedStream@ClientMiles@@U?$default_delete@UOwnedStream@ClientMiles@@@std@@@std@@@std@@@1@@Z (public: __cdecl std::_List_unchecked_const_iterator<class std::_List_val<struct std::_List_simple_types<class std::unique_ptr<struct ClientMiles::OwnedStream,struct std::default_delete<struct ClientMiles::OwnedStream> > > >,struct std::_Iterator_base0>::_List_unchecked_const_iterator<class std::_List_val<struct std::_List_simple_types<class std::unique_ptr<struct ClientMiles::OwnedStream,struct std::default_delete<struct ClientMiles::OwnedStream> > > >,struct std::_Iterator_base0>(struct std::_List_node<class std::unique_ptr<struct ClientMiles::OwnedStream,struct std::default_delete<struct ClientMiles::OwnedStream> >,void *> *,class std::_List_val<struct std::_List_simple_types<class std::unique_ptr<struct ClientMiles::OwnedStream,struct std::default_delete<struct ClientMiles::OwnedStream> > > > const *))
567 00000000 SECT11F notype ()    External    | ?_Mynode@?$_List_unchecked_const_iterator@V?$_List_val@U?$_List_simple_types@V?$unique_ptr@UOwnedStream@ClientMiles@@U?$default_delete@UOwnedStream@ClientMiles@@@std@@@std@@@std@@@std@@U_Iterator_base0@2@@std@@QEBAPEAU?$_List_node@V?$unique_ptr@UOwnedStream@ClientMiles@@U?$default_delete@UOwnedStream@ClientMiles@@@std@@@std@@PEAX@2@XZ (public: struct std::_List_node<class std::unique_ptr<struct ClientMiles::OwnedStream,struct std::default_delete<struct ClientMiles::OwnedStream> >,void *> * __cdecl std::_List_unchecked_const_iterator<class std::_List_val<struct std::_List_simple_types<class std::unique_ptr<struct ClientMiles::OwnedStream,struct std::default_delete<struct ClientMiles::OwnedStream> > > >,struct std::_Iterator_base0>::_Mynode(void)const )
568 00000000 SECT5C notype ()    External     | ??0?$_List_const_iterator@V?$_List_val@U?$_List_simple_types@V?$unique_ptr@UOwnedStream@ClientMiles@@U?$default_delete@UOwnedStream@ClientMiles@@@std@@@std@@@std@@@std@@@std@@QEAA@PEAU?$_List_node@V?$unique_ptr@UOwnedStream@ClientMiles@@U?$default_delete@UOwnedStream@ClientMiles@@@std@@@std@@PEAX@1@PEBV?$_List_val@U?$_List_simple_types@V?$unique_ptr@UOwnedStream@ClientMiles@@U?$default_delete@UOwnedStream@ClientMiles@@@std@@@std@@@std@@@1@@Z (public: __cdecl std::_List_const_iterator<class std::_List_val<struct std::_List_simple_types<class std::unique_ptr<struct ClientMiles::OwnedStream,struct std::default_delete<struct ClientMiles::OwnedStream> > > > >::_List_const_iterator<class std::_List_val<struct std::_List_simple_types<class std::unique_ptr<struct ClientMiles::OwnedStream,struct std::default_delete<struct ClientMiles::OwnedStream> > > > >(struct std::_List_node<class std::unique_ptr<struct ClientMiles::OwnedStream,struct std::default_delete<struct ClientMiles::OwnedStream> >,void *> *,class std::_List_val<struct std::_List_simple_types<class std::unique_ptr<struct ClientMiles::OwnedStream,struct std::default_delete<struct ClientMiles::OwnedStream> > > > const *))
569 00000000 SECTD7 notype ()    External     | ??D?$_List_const_iterator@V?$_List_val@U?$_List_simple_types@V?$unique_ptr@UOwnedStream@ClientMiles@@U?$default_delete@UOwnedStream@ClientMiles@@@std@@@std@@@std@@@std@@@std@@QEBAAEBV?$unique_ptr@UOwnedStream@ClientMiles@@U?$default_delete@UOwnedStream@ClientMiles@@@std@@@1@XZ (public: class std::unique_ptr<struct ClientMiles::OwnedStream,struct std::default_delete<struct ClientMiles::OwnedStream> > const & __cdecl std::_List_const_iterator<class std::_List_val<struct std::_List_simple_types<class std::unique_ptr<struct ClientMiles::OwnedStream,struct std::default_delete<struct ClientMiles::OwnedStream> > > > >::operator*(void)const )
56A 00000000 SECTE1 notype ()    External     | ??E?$_List_const_iterator@V?$_List_val@U?$_List_simple_types@V?$unique_ptr@UOwnedStream@ClientMiles@@U?$default_delete@UOwnedStream@ClientMiles@@@std@@@std@@@std@@@std@@@std@@QEAAAEAV01@XZ (public: class std::_List_const_iterator<class std::_List_val<struct std::_List_simple_types<class std::unique_ptr<struct ClientMiles::OwnedStream,struct std::default_delete<struct ClientMiles::OwnedStream> > > > > & __cdecl std::_List_const_iterator<class std::_List_val<struct std::_List_simple_types<class std::unique_ptr<struct ClientMiles::OwnedStream,struct std::default_delete<struct ClientMiles::OwnedStream> > > > >::operator++(void))
56B 00000000 SECTE0 notype ()    External     | ??E?$_List_const_iterator@V?$_List_val@U?$_List_simple_types@V?$unique_ptr@UOwnedStream@ClientMiles@@U?$default_delete@UOwnedStream@ClientMiles@@@std@@@std@@@std@@@std@@@std@@QEAA?AV01@H@Z (public: class std::_List_const_iterator<class std::_List_val<struct std::_List_simple_types<class std::unique_ptr<struct ClientMiles::OwnedStream,struct std::default_delete<struct ClientMiles::OwnedStream> > > > > __cdecl std::_List_const_iterator<class std::_List_val<struct std::_List_simple_types<class std::unique_ptr<struct ClientMiles::OwnedStream,struct std::default_delete<struct ClientMiles::OwnedStream> > > > >::operator++(int))
56C 00000000 SECTE6 notype ()    External     | ??F?$_List_const_iterator@V?$_List_val@U?$_List_simple_types@V?$unique_ptr@UOwnedStream@ClientMiles@@U?$default_delete@UOwnedStream@ClientMiles@@@std@@@std@@@std@@@std@@@std@@QEAAAEAV01@XZ (public: class std::_List_const_iterator<class std::_List_val<struct std::_List_simple_types<class std::unique_ptr<struct ClientMiles::OwnedStream,struct std::default_delete<struct ClientMiles::OwnedStream> > > > > & __cdecl std::_List_const_iterator<class std::_List_val<struct std::_List_simple_types<class std::unique_ptr<struct ClientMiles::OwnedStream,struct std::default_delete<struct ClientMiles::OwnedStream> > > > >::operator--(void))
56D 00000000 SECTC8 notype ()    External     | ??8?$_List_const_iterator@V?$_List_val@U?$_List_simple_types@V?$unique_ptr@UOwnedStream@ClientMiles@@U?$default_delete@UOwnedStream@ClientMiles@@@std@@@std@@@std@@@std@@@std@@QEBA_NAEBV01@@Z (public: bool __cdecl std::_List_const_iterator<class std::_List_val<struct std::_List_simple_types<class std::unique_ptr<struct ClientMiles::OwnedStream,struct std::default_delete<struct ClientMiles::OwnedStream> > > > >::operator==(class std::_List_const_iterator<class std::_List_val<struct std::_List_simple_types<class std::unique_ptr<struct ClientMiles::OwnedStream,struct std::default_delete<struct ClientMiles::OwnedStream> > > > > const &)const )
56E 00000000 SECTCC notype ()    External     | ??9?$_List_const_iterator@V?$_List_val@U?$_List_simple_types@V?$unique_ptr@UOwnedStream@ClientMiles@@U?$default_delete@UOwnedStream@ClientMiles@@@std@@@std@@@std@@@std@@@std@@QEBA_NAEBV01@@Z (public: bool __cdecl std::_List_const_iterator<class std::_List_val<struct std::_List_simple_types<class std::unique_ptr<struct ClientMiles::OwnedStream,struct std::default_delete<struct ClientMiles::OwnedStream> > > > >::operator!=(class std::_List_const_iterator<class std::_List_val<struct std::_List_simple_types<class std::unique_ptr<struct ClientMiles::OwnedStream,struct std::default_delete<struct ClientMiles::OwnedStream> > > > > const &)const )
56F 00000000 SECT5E notype ()    External     | ??0?$_List_iterator@V?$_List_val@U?$_List_simple_types@V?$unique_ptr@UOwnedStream@ClientMiles@@U?$default_delete@UOwnedStream@ClientMiles@@@std@@@std@@@std@@@std@@@std@@QEAA@PEAU?$_List_node@V?$unique_ptr@UOwnedStream@ClientMiles@@U?$default_delete@UOwnedStream@ClientMiles@@@std@@@std@@PEAX@1@PEBV?$_List_val@U?$_List_simple_types@V?$unique_ptr@UOwnedStream@ClientMiles@@U?$default_delete@UOwnedStream@ClientMiles@@@std@@@std@@@std@@@1@@Z (public: __cdecl std::_List_iterator<class std::_List_val<struct std::_List_simple_types<class std::unique_ptr<struct ClientMiles::OwnedStream,struct std::default_delete<struct ClientMiles::OwnedStream> > > > >::_List_iterator<class std::_List_val<struct std::_List_simple_types<class std::unique_ptr<struct ClientMiles::OwnedStream,struct std::default_delete<struct ClientMiles::OwnedStream> > > > >(struct std::_List_node<class std::unique_ptr<struct ClientMiles::OwnedStream,struct std::default_delete<struct ClientMiles::OwnedStream> >,void *> *,class std::_List_val<struct std::_List_simple_types<class std::unique_ptr<struct ClientMiles::OwnedStream,struct std::default_delete<struct ClientMiles::OwnedStream> > > > const *))
570 00000000 SECTD9 notype ()    External     | ??D?$_List_iterator@V?$_List_val@U?$_List_simple_types@V?$unique_ptr@UOwnedStream@ClientMiles@@U?$default_delete@UOwnedStream@ClientMiles@@@std@@@std@@@std@@@std@@@std@@QEBAAEAV?$unique_ptr@UOwnedStream@ClientMiles@@U?$default_delete@UOwnedStream@ClientMiles@@@std@@@1@XZ (public: class std::unique_ptr<struct ClientMiles::OwnedStream,struct std::default_delete<struct ClientMiles::OwnedStream> > & __cdecl std::_List_iterator<class std::_List_val<struct std::_List_simple_types<class std::unique_ptr<struct ClientMiles::OwnedStream,struct std::default_delete<struct ClientMiles::OwnedStream> > > > >::operator*(void)const )
571 00000000 SECTD1 notype ()    External     | ??C?$_List_iterator@V?$_List_val@U?$_List_simple_types@V?$unique_ptr@UOwnedStream@ClientMiles@@U?$default_delete@UOwnedStream@ClientMiles@@@std@@@std@@@std@@@std@@@std@@QEBAPEAV?$unique_ptr@UOwnedStream@ClientMiles@@U?$default_delete@UOwnedStream@ClientMiles@@@std@@@1@XZ (public: class std::unique_ptr<struct ClientMiles::OwnedStream,struct std::default_delete<struct ClientMiles::OwnedStream> > * __cdecl std::_List_iterator<class std::_List_val<struct std::_List_simple_types<class std::unique_ptr<struct ClientMiles::OwnedStream,struct std::default_delete<struct ClientMiles::OwnedStream> > > > >::operator->(void)const )
572 00000000 SECTE4 notype ()    External     | ??E?$_List_iterator@V?$_List_val@U?$_List_simple_types@V?$unique_ptr@UOwnedStream@ClientMiles@@U?$default_delete@UOwnedStream@ClientMiles@@@std@@@std@@@std@@@std@@@std@@QEAAAEAV01@XZ (public: class std::_List_iterator<class std::_List_val<struct std::_List_simple_types<class std::unique_ptr<struct ClientMiles::OwnedStream,struct std::default_delete<struct ClientMiles::OwnedStream> > > > > & __cdecl std::_List_iterator<class std::_List_val<struct std::_List_simple_types<class std::unique_ptr<struct ClientMiles::OwnedStream,struct std::default_delete<struct ClientMiles::OwnedStream> > > > >::operator++(void))
573 00000000 SECTE8 notype ()    External     | ??F?$_List_iterator@V?$_List_val@U?$_List_simple_types@V?$unique_ptr@UOwnedStream@ClientMiles@@U?$default_delete@UOwnedStream@ClientMiles@@@std@@@std@@@std@@@std@@@std@@QEAAAEAV01@XZ (public: class std::_List_iterator<class std::_List_val<struct std::_List_simple_types<class std::unique_ptr<struct ClientMiles::OwnedStream,struct std::default_delete<struct ClientMiles::OwnedStream> > > > > & __cdecl std::_List_iterator<class std::_List_val<struct std::_List_simple_types<class std::unique_ptr<struct ClientMiles::OwnedStream,struct std::default_delete<struct ClientMiles::OwnedStream> > > > >::operator--(void))
574 00000000 SECT84 notype ()    External     | ??0?$default_delete@UOwnedStream@ClientMiles@@@std@@QEAA@XZ (public: __cdecl std::default_delete<struct ClientMiles::OwnedStream>::default_delete<struct ClientMiles::OwnedStream>(void))
575 00000000 SECTEC notype ()    External     | ??R?$default_delete@UOwnedStream@ClientMiles@@@std@@QEBAXPEAUOwnedStream@ClientMiles@@@Z (public: void __cdecl std::default_delete<struct ClientMiles::OwnedStream>::operator()(struct ClientMiles::OwnedStream *)const )
576 00000000 SECT6A notype ()    External     | ??0?$_Unique_ptr_base@UOwnedStream@ClientMiles@@U?$default_delete@UOwnedStream@ClientMiles@@@std@@$00@std@@QEAA@PEAUOwnedStream@ClientMiles@@U?$default_delete@UOwnedStream@ClientMiles@@@1@@Z (public: __cdecl std::_Unique_ptr_base<struct ClientMiles::OwnedStream,struct std::default_delete<struct ClientMiles::OwnedStream>,1>::_Unique_ptr_base<struct ClientMiles::OwnedStream,struct std::default_delete<struct ClientMiles::OwnedStream>,1>(struct ClientMiles::OwnedStream *,struct std::default_delete<struct ClientMiles::OwnedStream>))
577 00000000 SECT69 notype ()    External     | ??0?$_Unique_ptr_base@UOwnedStream@ClientMiles@@U?$default_delete@UOwnedStream@ClientMiles@@@std@@$00@std@@QEAA@PEAUOwnedStream@ClientMiles@@@Z (public: __cdecl std::_Unique_ptr_base<struct ClientMiles::OwnedStream,struct std::default_delete<struct ClientMiles::OwnedStream>,1>::_Unique_ptr_base<struct ClientMiles::OwnedStream,struct std::default_delete<struct ClientMiles::OwnedStream>,1>(struct ClientMiles::OwnedStream *))
578 00000000 SECT171 notype ()    External    | ?get_deleter@?$_Unique_ptr_base@UOwnedStream@ClientMiles@@U?$default_delete@UOwnedStream@ClientMiles@@@std@@$00@std@@QEAAAEAU?$default_delete@UOwnedStream@ClientMiles@@@2@XZ (public: struct std::default_delete<struct ClientMiles::OwnedStream> & __cdecl std::_Unique_ptr_base<struct ClientMiles::OwnedStream,struct std::default_delete<struct ClientMiles::OwnedStream>,1>::get_deleter(void))
579 00000000 SECT8C notype ()    External     | ??0?$unique_ptr@UOwnedStream@ClientMiles@@U?$default_delete@UOwnedStream@ClientMiles@@@std@@@std@@QEAA@PEAUOwnedStream@ClientMiles@@@Z (public: __cdecl std::unique_ptr<struct ClientMiles::OwnedStream,struct std::default_delete<struct ClientMiles::OwnedStream> >::unique_ptr<struct ClientMiles::OwnedStream,struct std::default_delete<struct ClientMiles::OwnedStream> >(struct ClientMiles::OwnedStream *))
57A 00000000 SECT8B notype ()    External     | ??0?$unique_ptr@UOwnedStream@ClientMiles@@U?$default_delete@UOwnedStream@ClientMiles@@@std@@@std@@QEAA@$$QEAV01@@Z (public: __cdecl std::unique_ptr<struct ClientMiles::OwnedStream,struct std::default_delete<struct ClientMiles::OwnedStream> >::unique_ptr<struct ClientMiles::OwnedStream,struct std::default_delete<struct ClientMiles::OwnedStream> >(class std::unique_ptr<struct ClientMiles::OwnedStream,struct std::default_delete<struct ClientMiles::OwnedStream> > &&))
57B 00000000 SECTB2 notype ()    External     | ??1?$unique_ptr@UOwnedStream@ClientMiles@@U?$default_delete@UOwnedStream@ClientMiles@@@std@@@std@@QEAA@XZ (public: __cdecl std::unique_ptr<struct ClientMiles::OwnedStream,struct std::default_delete<struct ClientMiles::OwnedStream> >::~unique_ptr<struct ClientMiles::OwnedStream,struct std::default_delete<struct ClientMiles::OwnedStream> >(void))
57C 00000000 SECTDD notype ()    External     | ??D?$unique_ptr@UOwnedStream@ClientMiles@@U?$default_delete@UOwnedStream@ClientMiles@@@std@@@std@@QEBAAEAUOwnedStream@ClientMiles@@XZ (public: struct ClientMiles::OwnedStream & __cdecl std::unique_ptr<struct ClientMiles::OwnedStream,struct std::default_delete<struct ClientMiles::OwnedStream> >::operator*(void)const )
57D 00000000 SECTD4 notype ()    External     | ??C?$unique_ptr@UOwnedStream@ClientMiles@@U?$default_delete@UOwnedStream@ClientMiles@@@std@@@std@@QEBAPEAUOwnedStream@ClientMiles@@XZ (public: struct ClientMiles::OwnedStream * __cdecl std::unique_ptr<struct ClientMiles::OwnedStream,struct std::default_delete<struct ClientMiles::OwnedStream> >::operator->(void)const )
57E 00000000 SECT16E notype ()    External    | ?get@?$unique_ptr@UOwnedStream@ClientMiles@@U?$default_delete@UOwnedStream@ClientMiles@@@std@@@std@@QEBAPEAUOwnedStream@ClientMiles@@XZ (public: struct ClientMiles::OwnedStream * __cdecl std::unique_ptr<struct ClientMiles::OwnedStream,struct std::default_delete<struct ClientMiles::OwnedStream> >::get(void)const )
57F 00000000 SECT1AA notype ()    External    | ?release@?$unique_ptr@UOwnedStream@ClientMiles@@U?$default_delete@UOwnedStream@ClientMiles@@@std@@@std@@QEAAPEAUOwnedStream@ClientMiles@@XZ (public: struct ClientMiles::OwnedStream * __cdecl std::unique_ptr<struct ClientMiles::OwnedStream,struct std::default_delete<struct ClientMiles::OwnedStream> >::release(void))
580 00000000 SECTF2 notype ()    External     | ??_G?$unique_ptr@UOwnedStream@ClientMiles@@U?$default_delete@UOwnedStream@ClientMiles@@@std@@@std@@QEAAPEAXI@Z (public: void * __cdecl std::unique_ptr<struct ClientMiles::OwnedStream,struct std::default_delete<struct ClientMiles::OwnedStream> >::`scalar deleting destructor'(unsigned int))
581 00000000 SECT17B notype ()    Static      | ?liveStream@ClientMiles@@YAAEAUOwnedStream@1@AEAVSession@ClientMilesPipe@@PEAU21@@Z (struct ClientMiles::OwnedStream & __cdecl ClientMiles::liveStream(class ClientMilesPipe::Session &,struct ClientMiles::OwnedStream *))
582 00000000 SECT1B5 notype ()    Static      | ?sameIdentity@ClientMiles@@YA_NAEBUHandle@MilesWire@@0@Z (bool __cdecl ClientMiles::sameIdentity(struct MilesWire::Handle const &,struct MilesWire::Handle const &))
583 00000000 SECT53 notype ()    External     | ??$move@AEAV?$unique_ptr@UOwnedStream@ClientMiles@@U?$default_delete@UOwnedStream@ClientMiles@@@std@@@std@@@std@@YA$$QEAV?$unique_ptr@UOwnedStream@ClientMiles@@U?$default_delete@UOwnedStream@ClientMiles@@@std@@@0@AEAV10@@Z (class std::unique_ptr<struct ClientMiles::OwnedStream,struct std::default_delete<struct ClientMiles::OwnedStream> > && __cdecl std::move<class std::unique_ptr<struct ClientMiles::OwnedStream,struct std::default_delete<struct ClientMiles::OwnedStream> > &>(class std::unique_ptr<struct ClientMiles::OwnedStream,struct std::default_delete<struct ClientMiles::OwnedStream> > &))
584 00000000 SECT1ED notype ()    Static      | ?streamCall@ClientMiles@@YA?AUCall@MilesWire@@AEAVSession@ClientMilesPipe@@PEAUOwnedStream@1@@Z (struct MilesWire::Call __cdecl ClientMiles::streamCall(class ClientMilesPipe::Session &,struct ClientMiles::OwnedStream *))
585 00000000 SECT56 notype ()    External     | ??$pairMask@H@MilesWire@@YAIPEAH0@Z (unsigned int __cdecl MilesWire::pairMask<int>(int *,int *))
586 00000000 SECT54 notype ()    External     | ??$move@AEAV?$unique_ptr@USample@ClientMiles@@U?$default_delete@USample@ClientMiles@@@std@@@std@@@std@@YA$$QEAV?$unique_ptr@USample@ClientMiles@@U?$default_delete@USample@ClientMiles@@@std@@@0@AEAV10@@Z (class std::unique_ptr<struct ClientMiles::Sample,struct std::default_delete<struct ClientMiles::Sample> > && __cdecl std::move<class std::unique_ptr<struct ClientMiles::Sample,struct std::default_delete<struct ClientMiles::Sample> > &>(class std::unique_ptr<struct ClientMiles::Sample,struct std::default_delete<struct ClientMiles::Sample> > &))
587 00000000 SECT1B6 notype ()    Static      | ?sampleCall@ClientMiles@@YA?AUCall@MilesWire@@AEAVSession@ClientMilesPipe@@PEAUSample@1@_N@Z (struct MilesWire::Call __cdecl ClientMiles::sampleCall(class ClientMilesPipe::Session &,struct ClientMiles::Sample *,bool))
588 00000000 SECT1B7 notype ()    Static      | ?sampleFloatPair@ClientMiles@@YAXIPEAUSample@1@PEAM1@Z (void __cdecl ClientMiles::sampleFloatPair(unsigned int,struct ClientMiles::Sample *,float *,float *))
589 00000000 SECT57 notype ()    External     | ??$pairMask@M@MilesWire@@YAIPEAM0@Z (unsigned int __cdecl MilesWire::pairMask<float>(float *,float *))
58A 00000000 SECT70 notype ()    External     | ??0?$_Vector_const_iterator@V?$_Vector_val@U?$_Simple_types@E@std@@@std@@@std@@QEAA@PEAEPEBU_Container_base0@1@@Z (public: __cdecl std::_Vector_const_iterator<class std::_Vector_val<struct std::_Simple_types<unsigned char> > >::_Vector_const_iterator<class std::_Vector_val<struct std::_Simple_types<unsigned char> > >(unsigned char *,struct std::_Container_base0 const *))
58B 00000000 SECT12E notype ()    External    | ?_Unchecked@?$_Vector_const_iterator@V?$_Vector_val@U?$_Simple_types@E@std@@@std@@@std@@QEBAPEBEXZ (public: unsigned char const * __cdecl std::_Vector_const_iterator<class std::_Vector_val<struct std::_Simple_types<unsigned char> > >::_Unchecked(void)const )
58C 00000000 SECTDB notype ()    External     | ??D?$_Vector_const_iterator@V?$_Vector_val@U?$_Simple_types@E@std@@@std@@@std@@QEBAAEBEXZ (public: unsigned char const & __cdecl std::_Vector_const_iterator<class std::_Vector_val<struct std::_Simple_types<unsigned char> > >::operator*(void)const )
58D 00000000 SECTF0 notype ()    External     | ??Y?$_Vector_const_iterator@V?$_Vector_val@U?$_Simple_types@E@std@@@std@@@std@@QEAAAEAV01@_J@Z (public: class std::_Vector_const_iterator<class std::_Vector_val<struct std::_Simple_types<unsigned char> > > & __cdecl std::_Vector_const_iterator<class std::_Vector_val<struct std::_Simple_types<unsigned char> > >::operator+=(__int64))
58E 00000000 SECTF1 notype ()    External     | ??Z?$_Vector_const_iterator@V?$_Vector_val@U?$_Simple_types@E@std@@@std@@@std@@QEAAAEAV01@_J@Z (public: class std::_Vector_const_iterator<class std::_Vector_val<struct std::_Simple_types<unsigned char> > > & __cdecl std::_Vector_const_iterator<class std::_Vector_val<struct std::_Simple_types<unsigned char> > >::operator-=(__int64))
58F 00000000 SECTEA notype ()    External     | ??G?$_Vector_const_iterator@V?$_Vector_val@U?$_Simple_types@E@std@@@std@@@std@@QEBA?AV01@_J@Z (public: class std::_Vector_const_iterator<class std::_Vector_val<struct std::_Simple_types<unsigned char> > > __cdecl std::_Vector_const_iterator<class std::_Vector_val<struct std::_Simple_types<unsigned char> > >::operator-(__int64)const )
590 00000000 SECT19 notype ()    External     | ??$_Ucopy@V?$_Vector_const_iterator@V?$_Vector_val@U?$_Simple_types@E@std@@@std@@@std@@@?$vector@EV?$allocator@E@std@@@std@@IEAAPEAEV?$_Vector_const_iterator@V?$_Vector_val@U?$_Simple_types@E@std@@@std@@@1@0PEAE@Z (protected: unsigned char * __cdecl std::vector<unsigned char,class std::allocator<unsigned char> >::_Ucopy<class std::_Vector_const_iterator<class std::_Vector_val<struct std::_Simple_types<unsigned char> > > >(class std::_Vector_const_iterator<class std::_Vector_val<struct std::_Simple_types<unsigned char> > >,class std::_Vector_const_iterator<class std::_Vector_val<struct std::_Simple_types<unsigned char> > >,unsigned char *))
591 00000000 SECT6  notype ()    External     | ??$?9V?$allocator@E@std@@V01@@std@@YA_NAEBU?$_Wrap_alloc@V?$allocator@E@std@@@0@0@Z (bool __cdecl std::operator!=<class std::allocator<unsigned char>,class std::allocator<unsigned char> >(struct std::_Wrap_alloc<class std::allocator<unsigned char> > const &,struct std::_Wrap_alloc<class std::allocator<unsigned char> > const &))
592 00000000 SECTF  notype ()    External     | ??$_Copy_impl@PEAEPEAE@std@@YAPEAEPEAE00@Z (unsigned char * __cdecl std::_Copy_impl<unsigned char *,unsigned char *>(unsigned char *,unsigned char *,unsigned char *))
593 00000000 SECT18 notype ()    External     | ??$_Ucopy@PEAE@?$vector@EV?$allocator@E@std@@@std@@IEAAPEAEPEAE00@Z (protected: unsigned char * __cdecl std::vector<unsigned char,class std::allocator<unsigned char> >::_Ucopy<unsigned char *>(unsigned char *,unsigned char *,unsigned char *))
594 00000000 SECT5  notype ()    External     | ??$?8V?$allocator@E@std@@V01@@std@@YA_NAEBU?$_Wrap_alloc@V?$allocator@E@std@@@0@0@Z (bool __cdecl std::operator==<class std::allocator<unsigned char>,class std::allocator<unsigned char> >(struct std::_Wrap_alloc<class std::allocator<unsigned char> > const &,struct std::_Wrap_alloc<class std::allocator<unsigned char> > const &))
595 00000000 SECT4  notype ()    External     | ??$?8EE@std@@YA_NAEBV?$allocator@E@0@0@Z (bool __cdecl std::operator==<unsigned char,unsigned char>(class std::allocator<unsigned char> const &,class std::allocator<unsigned char> const &))
596 00000000 SECT4C notype ()    External     | ??$forward@U?$default_delete@UDigitalDriver@ClientMiles@@@std@@@std@@YA$$QEAU?$default_delete@UDigitalDriver@ClientMiles@@@0@AEAU10@@Z (struct std::default_delete<struct ClientMiles::DigitalDriver> && __cdecl std::forward<struct std::default_delete<struct ClientMiles::DigitalDriver> >(struct std::default_delete<struct ClientMiles::DigitalDriver> &))
597 00000000 SECT19D notype ()    External    | ?pointer_to@?$pointer_traits@PEAUDigitalDriver@ClientMiles@@@std@@SAPEAUDigitalDriver@ClientMiles@@AEAU34@@Z (public: static struct ClientMiles::DigitalDriver * __cdecl std::pointer_traits<struct ClientMiles::DigitalDriver *>::pointer_to(struct ClientMiles::DigitalDriver &))
598 00000000 SECT19F notype ()    External    | ?pointer_to@?$pointer_traits@PEAUSampleState@ClientMilesPipe@@@std@@SAPEAUSampleState@ClientMilesPipe@@AEAU34@@Z (public: static struct ClientMilesPipe::SampleState * __cdecl std::pointer_traits<struct ClientMilesPipe::SampleState *>::pointer_to(struct ClientMilesPipe::SampleState &))
599 00000000 SECT4F notype ()    External     | ??$forward@U?$default_delete@VChannel@ClientMilesPipe@@@std@@@std@@YA$$QEAU?$default_delete@VChannel@ClientMilesPipe@@@0@AEAU10@@Z (struct std::default_delete<class ClientMilesPipe::Channel> && __cdecl std::forward<struct std::default_delete<class ClientMilesPipe::Channel> >(struct std::default_delete<class ClientMilesPipe::Channel> &))
59A 00000000 SECT1A2 notype ()    External    | ?pointer_to@?$pointer_traits@PEAVChannel@ClientMilesPipe@@@std@@SAPEAVChannel@ClientMilesPipe@@AEAV34@@Z (public: static class ClientMilesPipe::Channel * __cdecl std::pointer_traits<class ClientMilesPipe::Channel *>::pointer_to(class ClientMilesPipe::Channel &))
59B 00000000 SECT63 notype ()    External     | ??0?$_List_unchecked_iterator@V?$_List_val@U?$_List_simple_types@V?$unique_ptr@USample@ClientMiles@@U?$default_delete@USample@ClientMiles@@@std@@@std@@@std@@@std@@@std@@QEAA@PEAU?$_List_node@V?$unique_ptr@USample@ClientMiles@@U?$default_delete@USample@ClientMiles@@@std@@@std@@PEAX@1@PEBV?$_List_val@U?$_List_simple_types@V?$unique_ptr@USample@ClientMiles@@U?$default_delete@USample@ClientMiles@@@std@@@std@@@std@@@1@@Z (public: __cdecl std::_List_unchecked_iterator<class std::_List_val<struct std::_List_simple_types<class std::unique_ptr<struct ClientMiles::Sample,struct std::default_delete<struct ClientMiles::Sample> > > > >::_List_unchecked_iterator<class std::_List_val<struct std::_List_simple_types<class std::unique_ptr<struct ClientMiles::Sample,struct std::default_delete<struct ClientMiles::Sample> > > > >(struct std::_List_node<class std::unique_ptr<struct ClientMiles::Sample,struct std::default_delete<struct ClientMiles::Sample> >,void *> *,class std::_List_val<struct std::_List_simple_types<class std::unique_ptr<struct ClientMiles::Sample,struct std::default_delete<struct ClientMiles::Sample> > > > const *))
59C 00000000 SECT51 notype ()    External     | ??$forward@V?$unique_ptr@USample@ClientMiles@@U?$default_delete@USample@ClientMiles@@@std@@@std@@@std@@YA$$QEAV?$unique_ptr@USample@ClientMiles@@U?$default_delete@USample@ClientMiles@@@std@@@0@AEAV10@@Z (class std::unique_ptr<struct ClientMiles::Sample,struct std::default_delete<struct ClientMiles::Sample> > && __cdecl std::forward<class std::unique_ptr<struct ClientMiles::Sample,struct std::default_delete<struct ClientMiles::Sample> > >(class std::unique_ptr<struct ClientMiles::Sample,struct std::default_delete<struct ClientMiles::Sample> > &))
59D 00000000 SECT14 notype ()    External     | ??$_Insert@V?$unique_ptr@USample@ClientMiles@@U?$default_delete@USample@ClientMiles@@@std@@@std@@@?$list@V?$unique_ptr@USample@ClientMiles@@U?$default_delete@USample@ClientMiles@@@std@@@std@@V?$allocator@V?$unique_ptr@USample@ClientMiles@@U?$default_delete@USample@ClientMiles@@@std@@@std@@@2@@std@@QEAAXV?$_List_unchecked_const_iterator@V?$_List_val@U?$_List_simple_types@V?$unique_ptr@USample@ClientMiles@@U?$default_delete@USample@ClientMiles@@@std@@@std@@@std@@@std@@U_Iterator_base0@2@@1@$$QEAV?$unique_ptr@USample@ClientMiles@@U?$default_delete@USample@ClientMiles@@@std@@@1@@Z (public: void __cdecl std::list<class std::unique_ptr<struct ClientMiles::Sample,struct std::default_delete<struct ClientMiles::Sample> >,class std::allocator<class std::unique_ptr<struct ClientMiles::Sample,struct std::default_delete<struct ClientMiles::Sample> > > >::_Insert<class std::unique_ptr<struct ClientMiles::Sample,struct std::default_delete<struct ClientMiles::Sample> > >(class std::_List_unchecked_const_iterator<class std::_List_val<struct std::_List_simple_types<class std::unique_ptr<struct ClientMiles::Sample,struct std::default_delete<struct ClientMiles::Sample> > > >,struct std::_Iterator_base0>,class std::unique_ptr<struct ClientMiles::Sample,struct std::default_delete<struct ClientMiles::Sample> > &&))
59E 00000000 SECT62 notype ()    External     | ??0?$_List_unchecked_iterator@V?$_List_val@U?$_List_simple_types@V?$unique_ptr@UOwnedStream@ClientMiles@@U?$default_delete@UOwnedStream@ClientMiles@@@std@@@std@@@std@@@std@@@std@@QEAA@PEAU?$_List_node@V?$unique_ptr@UOwnedStream@ClientMiles@@U?$default_delete@UOwnedStream@ClientMiles@@@std@@@std@@PEAX@1@PEBV?$_List_val@U?$_List_simple_types@V?$unique_ptr@UOwnedStream@ClientMiles@@U?$default_delete@UOwnedStream@ClientMiles@@@std@@@std@@@std@@@1@@Z (public: __cdecl std::_List_unchecked_iterator<class std::_List_val<struct std::_List_simple_types<class std::unique_ptr<struct ClientMiles::OwnedStream,struct std::default_delete<struct ClientMiles::OwnedStream> > > > >::_List_unchecked_iterator<class std::_List_val<struct std::_List_simple_types<class std::unique_ptr<struct ClientMiles::OwnedStream,struct std::default_delete<struct ClientMiles::OwnedStream> > > > >(struct std::_List_node<class std::unique_ptr<struct ClientMiles::OwnedStream,struct std::default_delete<struct ClientMiles::OwnedStream> >,void *> *,class std::_List_val<struct std::_List_simple_types<class std::unique_ptr<struct ClientMiles::OwnedStream,struct std::default_delete<struct ClientMiles::OwnedStream> > > > const *))
59F 00000000 SECT50 notype ()    External     | ??$forward@V?$unique_ptr@UOwnedStream@ClientMiles@@U?$default_delete@UOwnedStream@ClientMiles@@@std@@@std@@@std@@YA$$QEAV?$unique_ptr@UOwnedStream@ClientMiles@@U?$default_delete@UOwnedStream@ClientMiles@@@std@@@0@AEAV10@@Z (class std::unique_ptr<struct ClientMiles::OwnedStream,struct std::default_delete<struct ClientMiles::OwnedStream> > && __cdecl std::forward<class std::unique_ptr<struct ClientMiles::OwnedStream,struct std::default_delete<struct ClientMiles::OwnedStream> > >(class std::unique_ptr<struct ClientMiles::OwnedStream,struct std::default_delete<struct ClientMiles::OwnedStream> > &))
5A0 00000000 SECT13 notype ()    External     | ??$_Insert@V?$unique_ptr@UOwnedStream@ClientMiles@@U?$default_delete@UOwnedStream@ClientMiles@@@std@@@std@@@?$list@V?$unique_ptr@UOwnedStream@ClientMiles@@U?$default_delete@UOwnedStream@ClientMiles@@@std@@@std@@V?$allocator@V?$unique_ptr@UOwnedStream@ClientMiles@@U?$default_delete@UOwnedStream@ClientMiles@@@std@@@std@@@2@@std@@QEAAXV?$_List_unchecked_const_iterator@V?$_List_val@U?$_List_simple_types@V?$unique_ptr@UOwnedStream@ClientMiles@@U?$default_delete@UOwnedStream@ClientMiles@@@std@@@std@@@std@@@std@@U_Iterator_base0@2@@1@$$QEAV?$unique_ptr@UOwnedStream@ClientMiles@@U?$default_delete@UOwnedStream@ClientMiles@@@std@@@1@@Z (public: void __cdecl std::list<class std::unique_ptr<struct ClientMiles::OwnedStream,struct std::default_delete<struct ClientMiles::OwnedStream> >,class std::allocator<class std::unique_ptr<struct ClientMiles::OwnedStream,struct std::default_delete<struct ClientMiles::OwnedStream> > > >::_Insert<class std::unique_ptr<struct ClientMiles::OwnedStream,struct std::default_delete<struct ClientMiles::OwnedStream> > >(class std::_List_unchecked_const_iterator<class std::_List_val<struct std::_List_simple_types<class std::unique_ptr<struct ClientMiles::OwnedStream,struct std::default_delete<struct ClientMiles::OwnedStream> > > >,struct std::_Iterator_base0>,class std::unique_ptr<struct ClientMiles::OwnedStream,struct std::default_delete<struct ClientMiles::OwnedStream> > &&))
5A1 00000000 SECT1A1 notype ()    External    | ?pointer_to@?$pointer_traits@PEAV?$unique_ptr@USample@ClientMiles@@U?$default_delete@USample@ClientMiles@@@std@@@std@@@std@@SAPEAV?$unique_ptr@USample@ClientMiles@@U?$default_delete@USample@ClientMiles@@@std@@@2@AEAV32@@Z (public: static class std::unique_ptr<struct ClientMiles::Sample,struct std::default_delete<struct ClientMiles::Sample> > * __cdecl std::pointer_traits<class std::unique_ptr<struct ClientMiles::Sample,struct std::default_delete<struct ClientMiles::Sample> > *>::pointer_to(class std::unique_ptr<struct ClientMiles::Sample,struct std::default_delete<struct ClientMiles::Sample> > &))
5A2 00000000 SECT1A0 notype ()    External    | ?pointer_to@?$pointer_traits@PEAV?$unique_ptr@UOwnedStream@ClientMiles@@U?$default_delete@UOwnedStream@ClientMiles@@@std@@@std@@@std@@SAPEAV?$unique_ptr@UOwnedStream@ClientMiles@@U?$default_delete@UOwnedStream@ClientMiles@@@std@@@2@AEAV32@@Z (public: static class std::unique_ptr<struct ClientMiles::OwnedStream,struct std::default_delete<struct ClientMiles::OwnedStream> > * __cdecl std::pointer_traits<class std::unique_ptr<struct ClientMiles::OwnedStream,struct std::default_delete<struct ClientMiles::OwnedStream> > *>::pointer_to(class std::unique_ptr<struct ClientMiles::OwnedStream,struct std::default_delete<struct ClientMiles::OwnedStream> > &))
5A3 00000000 SECT19E notype ()    External    | ?pointer_to@?$pointer_traits@PEAUOwnedStream@ClientMiles@@@std@@SAPEAUOwnedStream@ClientMiles@@AEAU34@@Z (public: static struct ClientMiles::OwnedStream * __cdecl std::pointer_traits<struct ClientMiles::OwnedStream *>::pointer_to(struct ClientMiles::OwnedStream &))
5A4 00000000 SECT2B notype ()    External     | ??$construct@PEADAEAPEAD@?$_Wrap_alloc@V?$allocator@D@std@@@std@@QEAAXPEAPEADAEAPEAD@Z (public: void __cdecl std::_Wrap_alloc<class std::allocator<char> >::construct<char *,char * &>(char * *,char * &))
5A5 00000000 SECT3A notype ()    External     | ??$destroy@PEAD@?$_Wrap_alloc@V?$allocator@D@std@@@std@@QEAAXPEAPEAD@Z (public: void __cdecl std::_Wrap_alloc<class std::allocator<char> >::destroy<char *>(char * *))
5A6 00000000 SECT22 notype ()    External     | ??$addressof@D@std@@YAPEADAEAD@Z (char * __cdecl std::addressof<char>(char &))
5A7 00000000 SECT11 notype ()    External     | ??$_Destroy_range@U?$_Wrap_alloc@V?$allocator@E@std@@@std@@@std@@YAXPEAE0AEAU?$_Wrap_alloc@V?$allocator@E@std@@@0@@Z (void __cdecl std::_Destroy_range<struct std::_Wrap_alloc<class std::allocator<unsigned char> > >(unsigned char *,unsigned char *,struct std::_Wrap_alloc<class std::allocator<unsigned char> > &))
5A8 00000000 SECT24 notype ()    External     | ??$addressof@PEAU?$_List_node@V?$unique_ptr@USample@ClientMiles@@U?$default_delete@USample@ClientMiles@@@std@@@std@@PEAX@std@@@std@@YAPEAPEAU?$_List_node@V?$unique_ptr@USample@ClientMiles@@U?$default_delete@USample@ClientMiles@@@std@@@std@@PEAX@0@AEAPEAU10@@Z (struct std::_List_node<class std::unique_ptr<struct ClientMiles::Sample,struct std::default_delete<struct ClientMiles::Sample> >,void *> * * __cdecl std::addressof<struct std::_List_node<class std::unique_ptr<struct ClientMiles::Sample,struct std::default_delete<struct ClientMiles::Sample> >,void *> *>(struct std::_List_node<class std::unique_ptr<struct ClientMiles::Sample,struct std::default_delete<struct ClientMiles::Sample> >,void *> * &))
5A9 00000000 SECT40 notype ()    External     | ??$destroy@PEAU?$_List_node@V?$unique_ptr@USample@ClientMiles@@U?$default_delete@USample@ClientMiles@@@std@@@std@@PEAX@std@@@?$_Wrap_alloc@V?$allocator@U?$_List_node@V?$unique_ptr@USample@ClientMiles@@U?$default_delete@USample@ClientMiles@@@std@@@std@@PEAX@std@@@std@@@std@@QEAAXPEAPEAU?$_List_node@V?$unique_ptr@USample@ClientMiles@@U?$default_delete@USample@ClientMiles@@@std@@@std@@PEAX@1@@Z (public: void __cdecl std::_Wrap_alloc<class std::allocator<struct std::_List_node<class std::unique_ptr<struct ClientMiles::Sample,struct std::default_delete<struct ClientMiles::Sample> >,void *> > >::destroy<struct std::_List_node<class std::unique_ptr<struct ClientMiles::Sample,struct std::default_delete<struct ClientMiles::Sample> >,void *> *>(struct std::_List_node<class std::unique_ptr<struct ClientMiles::Sample,struct std::default_delete<struct ClientMiles::Sample> >,void *> * *))
5AA 00000000 SECT29 notype ()    External     | ??$addressof@V?$unique_ptr@USample@ClientMiles@@U?$default_delete@USample@ClientMiles@@@std@@@std@@@std@@YAPEAV?$unique_ptr@USample@ClientMiles@@U?$default_delete@USample@ClientMiles@@@std@@@0@AEAV10@@Z (class std::unique_ptr<struct ClientMiles::Sample,struct std::default_delete<struct ClientMiles::Sample> > * __cdecl std::addressof<class std::unique_ptr<struct ClientMiles::Sample,struct std::default_delete<struct ClientMiles::Sample> > >(class std::unique_ptr<struct ClientMiles::Sample,struct std::default_delete<struct ClientMiles::Sample> > &))
5AB 00000000 SECT46 notype ()    External     | ??$destroy@V?$unique_ptr@USample@ClientMiles@@U?$default_delete@USample@ClientMiles@@@std@@@std@@@?$_Wrap_alloc@V?$allocator@U?$_List_node@V?$unique_ptr@USample@ClientMiles@@U?$default_delete@USample@ClientMiles@@@std@@@std@@PEAX@std@@@std@@@std@@QEAAXPEAV?$unique_ptr@USample@ClientMiles@@U?$default_delete@USample@ClientMiles@@@std@@@1@@Z (public: void __cdecl std::_Wrap_alloc<class std::allocator<struct std::_List_node<class std::unique_ptr<struct ClientMiles::Sample,struct std::default_delete<struct ClientMiles::Sample> >,void *> > >::destroy<class std::unique_ptr<struct ClientMiles::Sample,struct std::default_delete<struct ClientMiles::Sample> > >(class std::unique_ptr<struct ClientMiles::Sample,struct std::default_delete<struct ClientMiles::Sample> > *))
5AC 00000000 SECT23 notype ()    External     | ??$addressof@PEAU?$_List_node@V?$unique_ptr@UOwnedStream@ClientMiles@@U?$default_delete@UOwnedStream@ClientMiles@@@std@@@std@@PEAX@std@@@std@@YAPEAPEAU?$_List_node@V?$unique_ptr@UOwnedStream@ClientMiles@@U?$default_delete@UOwnedStream@ClientMiles@@@std@@@std@@PEAX@0@AEAPEAU10@@Z (struct std::_List_node<class std::unique_ptr<struct ClientMiles::OwnedStream,struct std::default_delete<struct ClientMiles::OwnedStream> >,void *> * * __cdecl std::addressof<struct std::_List_node<class std::unique_ptr<struct ClientMiles::OwnedStream,struct std::default_delete<struct ClientMiles::OwnedStream> >,void *> *>(struct std::_List_node<class std::unique_ptr<struct ClientMiles::OwnedStream,struct std::default_delete<struct ClientMiles::OwnedStream> >,void *> * &))
5AD 00000000 SECT3D notype ()    External     | ??$destroy@PEAU?$_List_node@V?$unique_ptr@UOwnedStream@ClientMiles@@U?$default_delete@UOwnedStream@ClientMiles@@@std@@@std@@PEAX@std@@@?$_Wrap_alloc@V?$allocator@U?$_List_node@V?$unique_ptr@UOwnedStream@ClientMiles@@U?$default_delete@UOwnedStream@ClientMiles@@@std@@@std@@PEAX@std@@@std@@@std@@QEAAXPEAPEAU?$_List_node@V?$unique_ptr@UOwnedStream@ClientMiles@@U?$default_delete@UOwnedStream@ClientMiles@@@std@@@std@@PEAX@1@@Z (public: void __cdecl std::_Wrap_alloc<class std::allocator<struct std::_List_node<class std::unique_ptr<struct ClientMiles::OwnedStream,struct std::default_delete<struct ClientMiles::OwnedStream> >,void *> > >::destroy<struct std::_List_node<class std::unique_ptr<struct ClientMiles::OwnedStream,struct std::default_delete<struct ClientMiles::OwnedStream> >,void *> *>(struct std::_List_node<class std::unique_ptr<struct ClientMiles::OwnedStream,struct std::default_delete<struct ClientMiles::OwnedStream> >,void *> * *))
5AE 00000000 SECT28 notype ()    External     | ??$addressof@V?$unique_ptr@UOwnedStream@ClientMiles@@U?$default_delete@UOwnedStream@ClientMiles@@@std@@@std@@@std@@YAPEAV?$unique_ptr@UOwnedStream@ClientMiles@@U?$default_delete@UOwnedStream@ClientMiles@@@std@@@0@AEAV10@@Z (class std::unique_ptr<struct ClientMiles::OwnedStream,struct std::default_delete<struct ClientMiles::OwnedStream> > * __cdecl std::addressof<class std::unique_ptr<struct ClientMiles::OwnedStream,struct std::default_delete<struct ClientMiles::OwnedStream> > >(class std::unique_ptr<struct ClientMiles::OwnedStream,struct std::default_delete<struct ClientMiles::OwnedStream> > &))
5AF 00000000 SECT43 notype ()    External     | ??$destroy@V?$unique_ptr@UOwnedStream@ClientMiles@@U?$default_delete@UOwnedStream@ClientMiles@@@std@@@std@@@?$_Wrap_alloc@V?$allocator@U?$_List_node@V?$unique_ptr@UOwnedStream@ClientMiles@@U?$default_delete@UOwnedStream@ClientMiles@@@std@@@std@@PEAX@std@@@std@@@std@@QEAAXPEAV?$unique_ptr@UOwnedStream@ClientMiles@@U?$default_delete@UOwnedStream@ClientMiles@@@std@@@1@@Z (public: void __cdecl std::_Wrap_alloc<class std::allocator<struct std::_List_node<class std::unique_ptr<struct ClientMiles::OwnedStream,struct std::default_delete<struct ClientMiles::OwnedStream> >,void *> > >::destroy<class std::unique_ptr<struct ClientMiles::OwnedStream,struct std::default_delete<struct ClientMiles::OwnedStream> > >(class std::unique_ptr<struct ClientMiles::OwnedStream,struct std::default_delete<struct ClientMiles::OwnedStream> > *))
5B0 00000000 SECT25 notype ()    External     | ??$addressof@UDigitalDriver@ClientMiles@@@std@@YAPEAUDigitalDriver@ClientMiles@@AEAU12@@Z (struct ClientMiles::DigitalDriver * __cdecl std::addressof<struct ClientMiles::DigitalDriver>(struct ClientMiles::DigitalDriver &))
5B1 00000000 SECT27 notype ()    External     | ??$addressof@USampleState@ClientMilesPipe@@@std@@YAPEAUSampleState@ClientMilesPipe@@AEAU12@@Z (struct ClientMilesPipe::SampleState * __cdecl std::addressof<struct ClientMilesPipe::SampleState>(struct ClientMilesPipe::SampleState &))
5B2 00000000 SECT2A notype ()    External     | ??$addressof@VChannel@ClientMilesPipe@@@std@@YAPEAVChannel@ClientMilesPipe@@AEAV12@@Z (class ClientMilesPipe::Channel * __cdecl std::addressof<class ClientMilesPipe::Channel>(class ClientMilesPipe::Channel &))
5B3 00000000 SECT26 notype ()    External     | ??$addressof@UOwnedStream@ClientMiles@@@std@@YAPEAUOwnedStream@ClientMiles@@AEAU12@@Z (struct ClientMiles::OwnedStream * __cdecl std::addressof<struct ClientMiles::OwnedStream>(struct ClientMiles::OwnedStream &))
5B4 00000000 SECT8  notype ()    External     | ??$_Allocate@E@std@@YAPEAE_KPEAE@Z (unsigned char * __cdecl std::_Allocate<unsigned char>(unsigned __int64,unsigned char *))
5B5 00000000 SECT7  notype ()    External     | ??$_Allocate@D@std@@YAPEAD_KPEAD@Z (char * __cdecl std::_Allocate<char>(unsigned __int64,char *))
5B6 00000000 SECT31 notype ()    External     | ??$construct@PEAU?$_List_node@V?$unique_ptr@USample@ClientMiles@@U?$default_delete@USample@ClientMiles@@@std@@@std@@PEAX@std@@AEAPEAU12@@?$_Wrap_alloc@V?$allocator@U?$_List_node@V?$unique_ptr@USample@ClientMiles@@U?$default_delete@USample@ClientMiles@@@std@@@std@@PEAX@std@@@std@@@std@@QEAAXPEAPEAU?$_List_node@V?$unique_ptr@USample@ClientMiles@@U?$default_delete@USample@ClientMiles@@@std@@@std@@PEAX@1@AEAPEAU21@@Z (public: void __cdecl std::_Wrap_alloc<class std::allocator<struct std::_List_node<class std::unique_ptr<struct ClientMiles::Sample,struct std::default_delete<struct ClientMiles::Sample> >,void *> > >::construct<struct std::_List_node<class std::unique_ptr<struct ClientMiles::Sample,struct std::default_delete<struct ClientMiles::Sample> >,void *> *,struct std::_List_node<class std::unique_ptr<struct ClientMiles::Sample,struct std::default_delete<struct ClientMiles::Sample> >,void *> * &>(struct std::_List_node<class std::unique_ptr<struct ClientMiles::Sample,struct std::default_delete<struct ClientMiles::Sample> >,void *> * *,struct std::_List_node<class std::unique_ptr<struct ClientMiles::Sample,struct std::default_delete<struct ClientMiles::Sample> >,void *> * &))
5B7 00000000 SECT2E notype ()    External     | ??$construct@PEAU?$_List_node@V?$unique_ptr@UOwnedStream@ClientMiles@@U?$default_delete@UOwnedStream@ClientMiles@@@std@@@std@@PEAX@std@@AEAPEAU12@@?$_Wrap_alloc@V?$allocator@U?$_List_node@V?$unique_ptr@UOwnedStream@ClientMiles@@U?$default_delete@UOwnedStream@ClientMiles@@@std@@@std@@PEAX@std@@@std@@@std@@QEAAXPEAPEAU?$_List_node@V?$unique_ptr@UOwnedStream@ClientMiles@@U?$default_delete@UOwnedStream@ClientMiles@@@std@@@std@@PEAX@1@AEAPEAU21@@Z (public: void __cdecl std::_Wrap_alloc<class std::allocator<struct std::_List_node<class std::unique_ptr<struct ClientMiles::OwnedStream,struct std::default_delete<struct ClientMiles::OwnedStream> >,void *> > >::construct<struct std::_List_node<class std::unique_ptr<struct ClientMiles::OwnedStream,struct std::default_delete<struct ClientMiles::OwnedStream> >,void *> *,struct std::_List_node<class std::unique_ptr<struct ClientMiles::OwnedStream,struct std::default_delete<struct ClientMiles::OwnedStream> >,void *> * &>(struct std::_List_node<class std::unique_ptr<struct ClientMiles::OwnedStream,struct std::default_delete<struct ClientMiles::OwnedStream> >,void *> * *,struct std::_List_node<class std::unique_ptr<struct ClientMiles::OwnedStream,struct std::default_delete<struct ClientMiles::OwnedStream> >,void *> * &))
5B8 00000000 SECTA  notype ()    External     | ??$_Allocate@U?$_List_node@V?$unique_ptr@USample@ClientMiles@@U?$default_delete@USample@ClientMiles@@@std@@@std@@PEAX@std@@@std@@YAPEAU?$_List_node@V?$unique_ptr@USample@ClientMiles@@U?$default_delete@USample@ClientMiles@@@std@@@std@@PEAX@0@_KPEAU10@@Z (struct std::_List_node<class std::unique_ptr<struct ClientMiles::Sample,struct std::default_delete<struct ClientMiles::Sample> >,void *> * __cdecl std::_Allocate<struct std::_List_node<class std::unique_ptr<struct ClientMiles::Sample,struct std::default_delete<struct ClientMiles::Sample> >,void *> >(unsigned __int64,struct std::_List_node<class std::unique_ptr<struct ClientMiles::Sample,struct std::default_delete<struct ClientMiles::Sample> >,void *> *))
5B9 00000000 SECT9  notype ()    External     | ??$_Allocate@U?$_List_node@V?$unique_ptr@UOwnedStream@ClientMiles@@U?$default_delete@UOwnedStream@ClientMiles@@@std@@@std@@PEAX@std@@@std@@YAPEAU?$_List_node@V?$unique_ptr@UOwnedStream@ClientMiles@@U?$default_delete@UOwnedStream@ClientMiles@@@std@@@std@@PEAX@0@_KPEAU10@@Z (struct std::_List_node<class std::unique_ptr<struct ClientMiles::OwnedStream,struct std::default_delete<struct ClientMiles::OwnedStream> >,void *> * __cdecl std::_Allocate<struct std::_List_node<class std::unique_ptr<struct ClientMiles::OwnedStream,struct std::default_delete<struct ClientMiles::OwnedStream> >,void *> >(unsigned __int64,struct std::_List_node<class std::unique_ptr<struct ClientMiles::OwnedStream,struct std::default_delete<struct ClientMiles::OwnedStream> >,void *> *))
5BA 00000000 SECTFC notype ()    Static       | ??__E?_Generic_object@?$_Error_objects@H@std@@2V_Generic_error_category@2@A@@YAXXZ (void __cdecl `dynamic initializer for 'public: static class std::_Generic_error_category std::_Error_objects<int>::_Generic_object''(void))
5BB 00000000 SECTFF notype ()    Static       | ??__F?_Generic_object@?$_Error_objects@H@std@@2V_Generic_error_category@2@A@@YAXXZ (void __cdecl `dynamic atexit destructor for 'public: static class std::_Generic_error_category std::_Error_objects<int>::_Generic_object''(void))
5BC 00000000 SECTFD notype ()    Static       | ??__E?_Iostream_object@?$_Error_objects@H@std@@2V_Iostream_error_category@2@A@@YAXXZ (void __cdecl `dynamic initializer for 'public: static class std::_Iostream_error_category std::_Error_objects<int>::_Iostream_object''(void))
5BD 00000000 SECT100 notype ()    Static      | ??__F?_Iostream_object@?$_Error_objects@H@std@@2V_Iostream_error_category@2@A@@YAXXZ (void __cdecl `dynamic atexit destructor for 'public: static class std::_Iostream_error_category std::_Error_objects<int>::_Iostream_object''(void))
5BE 00000000 SECTFE notype ()    Static       | ??__E?_System_object@?$_Error_objects@H@std@@2V_System_error_category@2@A@@YAXXZ (void __cdecl `dynamic initializer for 'public: static class std::_System_error_category std::_Error_objects<int>::_System_object''(void))
5BF 00000000 SECT101 notype ()    Static      | ??__F?_System_object@?$_Error_objects@H@std@@2V_System_error_category@2@A@@YAXXZ (void __cdecl `dynamic atexit destructor for 'public: static class std::_System_error_category std::_Error_objects<int>::_System_object''(void))
5C0 00000000 SECT21 notype ()    External     | ??$_Uninitialized_copy@V?$_Vector_const_iterator@V?$_Vector_val@U?$_Simple_types@E@std@@@std@@@std@@PEAEU?$_Wrap_alloc@V?$allocator@E@std@@@2@@std@@YAPEAEV?$_Vector_const_iterator@V?$_Vector_val@U?$_Simple_types@E@std@@@std@@@0@0PEAEAEAU?$_Wrap_alloc@V?$allocator@E@std@@@0@@Z (unsigned char * __cdecl std::_Uninitialized_copy<class std::_Vector_const_iterator<class std::_Vector_val<struct std::_Simple_types<unsigned char> > >,unsigned char *,struct std::_Wrap_alloc<class std::allocator<unsigned char> > >(class std::_Vector_const_iterator<class std::_Vector_val<struct std::_Simple_types<unsigned char> > >,class std::_Vector_const_iterator<class std::_Vector_val<struct std::_Simple_types<unsigned char> > >,unsigned char *,struct std::_Wrap_alloc<class std::allocator<unsigned char> > &))
5C1 00000000 SECT16 notype ()    External     | ??$_Ptr_cat@EE@std@@YA?AU_Scalar_ptr_iterator_tag@0@PEBEPEAE@Z (struct std::_Scalar_ptr_iterator_tag __cdecl std::_Ptr_cat<unsigned char,unsigned char>(unsigned char const *,unsigned char *))
5C2 00000000 SECT15 notype ()    External     | ??$_Ptr_cat@EE@std@@YA?AU_Scalar_ptr_iterator_tag@0@PEAE0@Z (struct std::_Scalar_ptr_iterator_tag __cdecl std::_Ptr_cat<unsigned char,unsigned char>(unsigned char *,unsigned char *))
5C3 00000000 SECT10 notype ()    External     | ??$_Copy_impl@PEAEPEAE@std@@YAPEAEPEAE00U_Scalar_ptr_iterator_tag@0@@Z (unsigned char * __cdecl std::_Copy_impl<unsigned char *,unsigned char *>(unsigned char *,unsigned char *,unsigned char *,struct std::_Scalar_ptr_iterator_tag))
5C4 00000000 SECT20 notype ()    External     | ??$_Uninitialized_copy@PEAEPEAEU?$_Wrap_alloc@V?$allocator@E@std@@@std@@@std@@YAPEAEPEAE00AEAU?$_Wrap_alloc@V?$allocator@E@std@@@0@@Z (unsigned char * __cdecl std::_Uninitialized_copy<unsigned char *,unsigned char *,struct std::_Wrap_alloc<class std::allocator<unsigned char> > >(unsigned char *,unsigned char *,unsigned char *,struct std::_Wrap_alloc<class std::allocator<unsigned char> > &))
5C5 00000000 SECTD  notype ()    External     | ??$_Buynode@V?$unique_ptr@USample@ClientMiles@@U?$default_delete@USample@ClientMiles@@@std@@@std@@@?$_List_buy@V?$unique_ptr@USample@ClientMiles@@U?$default_delete@USample@ClientMiles@@@std@@@std@@V?$allocator@V?$unique_ptr@USample@ClientMiles@@U?$default_delete@USample@ClientMiles@@@std@@@std@@@2@@std@@QEAAPEAU?$_List_node@V?$unique_ptr@USample@ClientMiles@@U?$default_delete@USample@ClientMiles@@@std@@@std@@PEAX@1@PEAU21@0$$QEAV?$unique_ptr@USample@ClientMiles@@U?$default_delete@USample@ClientMiles@@@std@@@1@@Z (public: struct std::_List_node<class std::unique_ptr<struct ClientMiles::Sample,struct std::default_delete<struct ClientMiles::Sample> >,void *> * __cdecl std::_List_buy<class std::unique_ptr<struct ClientMiles::Sample,struct std::default_delete<struct ClientMiles::Sample> >,class std::allocator<class std::unique_ptr<struct ClientMiles::Sample,struct std::default_delete<struct ClientMiles::Sample> > > >::_Buynode<class std::unique_ptr<struct ClientMiles::Sample,struct std::default_delete<struct ClientMiles::Sample> > >(struct std::_List_node<class std::unique_ptr<struct ClientMiles::Sample,struct std::default_delete<struct ClientMiles::Sample> >,void *> *,struct std::_List_node<class std::unique_ptr<struct ClientMiles::Sample,struct std::default_delete<struct ClientMiles::Sample> >,void *> *,class std::unique_ptr<struct ClientMiles::Sample,struct std::default_delete<struct ClientMiles::Sample> > &&))
5C6 00000000 SECTB  notype ()    External     | ??$_Buynode@V?$unique_ptr@UOwnedStream@ClientMiles@@U?$default_delete@UOwnedStream@ClientMiles@@@std@@@std@@@?$_List_buy@V?$unique_ptr@UOwnedStream@ClientMiles@@U?$default_delete@UOwnedStream@ClientMiles@@@std@@@std@@V?$allocator@V?$unique_ptr@UOwnedStream@ClientMiles@@U?$default_delete@UOwnedStream@ClientMiles@@@std@@@std@@@2@@std@@QEAAPEAU?$_List_node@V?$unique_ptr@UOwnedStream@ClientMiles@@U?$default_delete@UOwnedStream@ClientMiles@@@std@@@std@@PEAX@1@PEAU21@0$$QEAV?$unique_ptr@UOwnedStream@ClientMiles@@U?$default_delete@UOwnedStream@ClientMiles@@@std@@@1@@Z (public: struct std::_List_node<class std::unique_ptr<struct ClientMiles::OwnedStream,struct std::default_delete<struct ClientMiles::OwnedStream> >,void *> * __cdecl std::_List_buy<class std::unique_ptr<struct ClientMiles::OwnedStream,struct std::default_delete<struct ClientMiles::OwnedStream> >,class std::allocator<class std::unique_ptr<struct ClientMiles::OwnedStream,struct std::default_delete<struct ClientMiles::OwnedStream> > > >::_Buynode<class std::unique_ptr<struct ClientMiles::OwnedStream,struct std::default_delete<struct ClientMiles::OwnedStream> > >(struct std::_List_node<class std::unique_ptr<struct ClientMiles::OwnedStream,struct std::default_delete<struct ClientMiles::OwnedStream> >,void *> *,struct std::_List_node<class std::unique_ptr<struct ClientMiles::OwnedStream,struct std::default_delete<struct ClientMiles::OwnedStream> >,void *> *,class std::unique_ptr<struct ClientMiles::OwnedStream,struct std::default_delete<struct ClientMiles::OwnedStream> > &&))
5C7 00000000 SECT49 notype ()    External     | ??$forward@AEAPEAD@std@@YAAEAPEADAEAPEAD@Z (char * & __cdecl std::forward<char * &>(char * &))
5C8 00000000 SECT2D notype ()    External     | ??$construct@PEADAEAPEAD@?$allocator_traits@V?$allocator@D@std@@@std@@SAXAEAV?$allocator@D@1@PEAPEADAEAPEAD@Z (public: static void __cdecl std::allocator_traits<class std::allocator<char> >::construct<char *,char * &>(class std::allocator<char> &,char * *,char * &))
5C9 00000000 SECT3C notype ()    External     | ??$destroy@PEAD@?$allocator_traits@V?$allocator@D@std@@@std@@SAXAEAV?$allocator@D@1@PEAPEAD@Z (public: static void __cdecl std::allocator_traits<class std::allocator<char> >::destroy<char *>(class std::allocator<char> &,char * *))
5CA 00000000 SECT12 notype ()    External     | ??$_Destroy_range@U?$_Wrap_alloc@V?$allocator@E@std@@@std@@@std@@YAXPEAE0AEAU?$_Wrap_alloc@V?$allocator@E@std@@@0@U_Scalar_ptr_iterator_tag@0@@Z (void __cdecl std::_Destroy_range<struct std::_Wrap_alloc<class std::allocator<unsigned char> > >(unsigned char *,unsigned char *,struct std::_Wrap_alloc<class std::allocator<unsigned char> > &,struct std::_Scalar_ptr_iterator_tag))
5CB 00000000 SECT42 notype ()    External     | ??$destroy@PEAU?$_List_node@V?$unique_ptr@USample@ClientMiles@@U?$default_delete@USample@ClientMiles@@@std@@@std@@PEAX@std@@@?$allocator_traits@V?$allocator@U?$_List_node@V?$unique_ptr@USample@ClientMiles@@U?$default_delete@USample@ClientMiles@@@std@@@std@@PEAX@std@@@std@@@std@@SAXAEAV?$allocator@U?$_List_node@V?$unique_ptr@USample@ClientMiles@@U?$default_delete@USample@ClientMiles@@@std@@@std@@PEAX@std@@@1@PEAPEAU?$_List_node@V?$unique_ptr@USample@ClientMiles@@U?$default_delete@USample@ClientMiles@@@std@@@std@@PEAX@1@@Z (public: static void __cdecl std::allocator_traits<class std::allocator<struct std::_List_node<class std::unique_ptr<struct ClientMiles::Sample,struct std::default_delete<struct ClientMiles::Sample> >,void *> > >::destroy<struct std::_List_node<class std::unique_ptr<struct ClientMiles::Sample,struct std::default_delete<struct ClientMiles::Sample> >,void *> *>(class std::allocator<struct std::_List_node<class std::unique_ptr<struct ClientMiles::Sample,struct std::default_delete<struct ClientMiles::Sample> >,void *> > &,struct std::_List_node<class std::unique_ptr<struct ClientMiles::Sample,struct std::default_delete<struct ClientMiles::Sample> >,void *> * *))
5CC 00000000 SECT48 notype ()    External     | ??$destroy@V?$unique_ptr@USample@ClientMiles@@U?$default_delete@USample@ClientMiles@@@std@@@std@@@?$allocator_traits@V?$allocator@U?$_List_node@V?$unique_ptr@USample@ClientMiles@@U?$default_delete@USample@ClientMiles@@@std@@@std@@PEAX@std@@@std@@@std@@SAXAEAV?$allocator@U?$_List_node@V?$unique_ptr@USample@ClientMiles@@U?$default_delete@USample@ClientMiles@@@std@@@std@@PEAX@std@@@1@PEAV?$unique_ptr@USample@ClientMiles@@U?$default_delete@USample@ClientMiles@@@std@@@1@@Z (public: static void __cdecl std::allocator_traits<class std::allocator<struct std::_List_node<class std::unique_ptr<struct ClientMiles::Sample,struct std::default_delete<struct ClientMiles::Sample> >,void *> > >::destroy<class std::unique_ptr<struct ClientMiles::Sample,struct std::default_delete<struct ClientMiles::Sample> > >(class std::allocator<struct std::_List_node<class std::unique_ptr<struct ClientMiles::Sample,struct std::default_delete<struct ClientMiles::Sample> >,void *> > &,class std::unique_ptr<struct ClientMiles::Sample,struct std::default_delete<struct ClientMiles::Sample> > *))
5CD 00000000 SECT3F notype ()    External     | ??$destroy@PEAU?$_List_node@V?$unique_ptr@UOwnedStream@ClientMiles@@U?$default_delete@UOwnedStream@ClientMiles@@@std@@@std@@PEAX@std@@@?$allocator_traits@V?$allocator@U?$_List_node@V?$unique_ptr@UOwnedStream@ClientMiles@@U?$default_delete@UOwnedStream@ClientMiles@@@std@@@std@@PEAX@std@@@std@@@std@@SAXAEAV?$allocator@U?$_List_node@V?$unique_ptr@UOwnedStream@ClientMiles@@U?$default_delete@UOwnedStream@ClientMiles@@@std@@@std@@PEAX@std@@@1@PEAPEAU?$_List_node@V?$unique_ptr@UOwnedStream@ClientMiles@@U?$default_delete@UOwnedStream@ClientMiles@@@std@@@std@@PEAX@1@@Z (public: static void __cdecl std::allocator_traits<class std::allocator<struct std::_List_node<class std::unique_ptr<struct ClientMiles::OwnedStream,struct std::default_delete<struct ClientMiles::OwnedStream> >,void *> > >::destroy<struct std::_List_node<class std::unique_ptr<struct ClientMiles::OwnedStream,struct std::default_delete<struct ClientMiles::OwnedStream> >,void *> *>(class std::allocator<struct std::_List_node<class std::unique_ptr<struct ClientMiles::OwnedStream,struct std::default_delete<struct ClientMiles::OwnedStream> >,void *> > &,struct std::_List_node<class std::unique_ptr<struct ClientMiles::OwnedStream,struct std::default_delete<struct ClientMiles::OwnedStream> >,void *> * *))
5CE 00000000 SECT45 notype ()    External     | ??$destroy@V?$unique_ptr@UOwnedStream@ClientMiles@@U?$default_delete@UOwnedStream@ClientMiles@@@std@@@std@@@?$allocator_traits@V?$allocator@U?$_List_node@V?$unique_ptr@UOwnedStream@ClientMiles@@U?$default_delete@UOwnedStream@ClientMiles@@@std@@@std@@PEAX@std@@@std@@@std@@SAXAEAV?$allocator@U?$_List_node@V?$unique_ptr@UOwnedStream@ClientMiles@@U?$default_delete@UOwnedStream@ClientMiles@@@std@@@std@@PEAX@std@@@1@PEAV?$unique_ptr@UOwnedStream@ClientMiles@@U?$default_delete@UOwnedStream@ClientMiles@@@std@@@1@@Z (public: static void __cdecl std::allocator_traits<class std::allocator<struct std::_List_node<class std::unique_ptr<struct ClientMiles::OwnedStream,struct std::default_delete<struct ClientMiles::OwnedStream> >,void *> > >::destroy<class std::unique_ptr<struct ClientMiles::OwnedStream,struct std::default_delete<struct ClientMiles::OwnedStream> > >(class std::allocator<struct std::_List_node<class std::unique_ptr<struct ClientMiles::OwnedStream,struct std::default_delete<struct ClientMiles::OwnedStream> >,void *> > &,class std::unique_ptr<struct ClientMiles::OwnedStream,struct std::default_delete<struct ClientMiles::OwnedStream> > *))
5CF 00000000 SECT4B notype ()    External     | ??$forward@AEAPEAU?$_List_node@V?$unique_ptr@USample@ClientMiles@@U?$default_delete@USample@ClientMiles@@@std@@@std@@PEAX@std@@@std@@YAAEAPEAU?$_List_node@V?$unique_ptr@USample@ClientMiles@@U?$default_delete@USample@ClientMiles@@@std@@@std@@PEAX@0@AEAPEAU10@@Z (struct std::_List_node<class std::unique_ptr<struct ClientMiles::Sample,struct std::default_delete<struct ClientMiles::Sample> >,void *> * & __cdecl std::forward<struct std::_List_node<class std::unique_ptr<struct ClientMiles::Sample,struct std::default_delete<struct ClientMiles::Sample> >,void *> * &>(struct std::_List_node<class std::unique_ptr<struct ClientMiles::Sample,struct std::default_delete<struct ClientMiles::Sample> >,void *> * &))
5D0 00000000 SECT33 notype ()    External     | ??$construct@PEAU?$_List_node@V?$unique_ptr@USample@ClientMiles@@U?$default_delete@USample@ClientMiles@@@std@@@std@@PEAX@std@@AEAPEAU12@@?$allocator_traits@V?$allocator@U?$_List_node@V?$unique_ptr@USample@ClientMiles@@U?$default_delete@USample@ClientMiles@@@std@@@std@@PEAX@std@@@std@@@std@@SAXAEAV?$allocator@U?$_List_node@V?$unique_ptr@USample@ClientMiles@@U?$default_delete@USample@ClientMiles@@@std@@@std@@PEAX@std@@@1@PEAPEAU?$_List_node@V?$unique_ptr@USample@ClientMiles@@U?$default_delete@USample@ClientMiles@@@std@@@std@@PEAX@1@AEAPEAU31@@Z (public: static void __cdecl std::allocator_traits<class std::allocator<struct std::_List_node<class std::unique_ptr<struct ClientMiles::Sample,struct std::default_delete<struct ClientMiles::Sample> >,void *> > >::construct<struct std::_List_node<class std::unique_ptr<struct ClientMiles::Sample,struct std::default_delete<struct ClientMiles::Sample> >,void *> *,struct std::_List_node<class std::unique_ptr<struct ClientMiles::Sample,struct std::default_delete<struct ClientMiles::Sample> >,void *> * &>(class std::allocator<struct std::_List_node<class std::unique_ptr<struct ClientMiles::Sample,struct std::default_delete<struct ClientMiles::Sample> >,void *> > &,struct std::_List_node<class std::unique_ptr<struct ClientMiles::Sample,struct std::default_delete<struct ClientMiles::Sample> >,void *> * *,struct std::_List_node<class std::unique_ptr<struct ClientMiles::Sample,struct std::default_delete<struct ClientMiles::Sample> >,void *> * &))
5D1 00000000 SECT4A notype ()    External     | ??$forward@AEAPEAU?$_List_node@V?$unique_ptr@UOwnedStream@ClientMiles@@U?$default_delete@UOwnedStream@ClientMiles@@@std@@@std@@PEAX@std@@@std@@YAAEAPEAU?$_List_node@V?$unique_ptr@UOwnedStream@ClientMiles@@U?$default_delete@UOwnedStream@ClientMiles@@@std@@@std@@PEAX@0@AEAPEAU10@@Z (struct std::_List_node<class std::unique_ptr<struct ClientMiles::OwnedStream,struct std::default_delete<struct ClientMiles::OwnedStream> >,void *> * & __cdecl std::forward<struct std::_List_node<class std::unique_ptr<struct ClientMiles::OwnedStream,struct std::default_delete<struct ClientMiles::OwnedStream> >,void *> * &>(struct std::_List_node<class std::unique_ptr<struct ClientMiles::OwnedStream,struct std::default_delete<struct ClientMiles::OwnedStream> >,void *> * &))
5D2 00000000 SECT30 notype ()    External     | ??$construct@PEAU?$_List_node@V?$unique_ptr@UOwnedStream@ClientMiles@@U?$default_delete@UOwnedStream@ClientMiles@@@std@@@std@@PEAX@std@@AEAPEAU12@@?$allocator_traits@V?$allocator@U?$_List_node@V?$unique_ptr@UOwnedStream@ClientMiles@@U?$default_delete@UOwnedStream@ClientMiles@@@std@@@std@@PEAX@std@@@std@@@std@@SAXAEAV?$allocator@U?$_List_node@V?$unique_ptr@UOwnedStream@ClientMiles@@U?$default_delete@UOwnedStream@ClientMiles@@@std@@@std@@PEAX@std@@@1@PEAPEAU?$_List_node@V?$unique_ptr@UOwnedStream@ClientMiles@@U?$default_delete@UOwnedStream@ClientMiles@@@std@@@std@@PEAX@1@AEAPEAU31@@Z (public: static void __cdecl std::allocator_traits<class std::allocator<struct std::_List_node<class std::unique_ptr<struct ClientMiles::OwnedStream,struct std::default_delete<struct ClientMiles::OwnedStream> >,void *> > >::construct<struct std::_List_node<class std::unique_ptr<struct ClientMiles::OwnedStream,struct std::default_delete<struct ClientMiles::OwnedStream> >,void *> *,struct std::_List_node<class std::unique_ptr<struct ClientMiles::OwnedStream,struct std::default_delete<struct ClientMiles::OwnedStream> >,void *> * &>(class std::allocator<struct std::_List_node<class std::unique_ptr<struct ClientMiles::OwnedStream,struct std::default_delete<struct ClientMiles::OwnedStream> >,void *> > &,struct std::_List_node<class std::unique_ptr<struct ClientMiles::OwnedStream,struct std::default_delete<struct ClientMiles::OwnedStream> >,void *> * *,struct std::_List_node<class std::unique_ptr<struct ClientMiles::OwnedStream,struct std::default_delete<struct ClientMiles::OwnedStream> >,void *> * &))
5D3 00000000 SECT1B notype ()    External     | ??$_Unchecked@V?$_Vector_val@U?$_Simple_types@E@std@@@std@@@std@@YAPEBEV?$_Vector_const_iterator@V?$_Vector_val@U?$_Simple_types@E@std@@@std@@@0@@Z (unsigned char const * __cdecl std::_Unchecked<class std::_Vector_val<struct std::_Simple_types<unsigned char> > >(class std::_Vector_const_iterator<class std::_Vector_val<struct std::_Simple_types<unsigned char> > >))
5D4 00000000 SECT1A notype ()    External     | ??$_Unchecked@PEAE@std@@YAPEAEPEAE@Z (unsigned char * __cdecl std::_Unchecked<unsigned char *>(unsigned char *))
5D5 00000000 SECT1F notype ()    External     | ??$_Uninit_copy@PEBEPEAEU?$_Wrap_alloc@V?$allocator@E@std@@@std@@@std@@YAPEAEPEBE0PEAEAEAU?$_Wrap_alloc@V?$allocator@E@std@@@0@@Z (unsigned char * __cdecl std::_Uninit_copy<unsigned char const *,unsigned char *,struct std::_Wrap_alloc<class std::allocator<unsigned char> > >(unsigned char const *,unsigned char const *,unsigned char *,struct std::_Wrap_alloc<class std::allocator<unsigned char> > &))
5D6 00000000 SECT17 notype ()    External     | ??$_Rechecked@PEAEPEAE@std@@YAAEAPEAEAEAPEAEPEAE@Z (unsigned char * & __cdecl std::_Rechecked<unsigned char *,unsigned char *>(unsigned char * &,unsigned char *))
5D7 00000000 SECT1E notype ()    External     | ??$_Uninit_copy@PEAEPEAEU?$_Wrap_alloc@V?$allocator@E@std@@@std@@@std@@YAPEAEPEAE00AEAU?$_Wrap_alloc@V?$allocator@E@std@@@0@@Z (unsigned char * __cdecl std::_Uninit_copy<unsigned char *,unsigned char *,struct std::_Wrap_alloc<class std::allocator<unsigned char> > >(unsigned char *,unsigned char *,unsigned char *,struct std::_Wrap_alloc<class std::allocator<unsigned char> > &))
5D8 00000000 SECT37 notype ()    External     | ??$construct@V?$unique_ptr@USample@ClientMiles@@U?$default_delete@USample@ClientMiles@@@std@@@std@@V12@@?$_Wrap_alloc@V?$allocator@U?$_List_node@V?$unique_ptr@USample@ClientMiles@@U?$default_delete@USample@ClientMiles@@@std@@@std@@PEAX@std@@@std@@@std@@QEAAXPEAV?$unique_ptr@USample@ClientMiles@@U?$default_delete@USample@ClientMiles@@@std@@@1@$$QEAV21@@Z (public: void __cdecl std::_Wrap_alloc<class std::allocator<struct std::_List_node<class std::unique_ptr<struct ClientMiles::Sample,struct std::default_delete<struct ClientMiles::Sample> >,void *> > >::construct<class std::unique_ptr<struct ClientMiles::Sample,struct std::default_delete<struct ClientMiles::Sample> >,class std::unique_ptr<struct ClientMiles::Sample,struct std::default_delete<struct ClientMiles::Sample> > >(class std::unique_ptr<struct ClientMiles::Sample,struct std::default_delete<struct ClientMiles::Sample> > *,class std::unique_ptr<struct ClientMiles::Sample,struct std::default_delete<struct ClientMiles::Sample> > &&))
5D9 00000000 SECT34 notype ()    External     | ??$construct@V?$unique_ptr@UOwnedStream@ClientMiles@@U?$default_delete@UOwnedStream@ClientMiles@@@std@@@std@@V12@@?$_Wrap_alloc@V?$allocator@U?$_List_node@V?$unique_ptr@UOwnedStream@ClientMiles@@U?$default_delete@UOwnedStream@ClientMiles@@@std@@@std@@PEAX@std@@@std@@@std@@QEAAXPEAV?$unique_ptr@UOwnedStream@ClientMiles@@U?$default_delete@UOwnedStream@ClientMiles@@@std@@@1@$$QEAV21@@Z (public: void __cdecl std::_Wrap_alloc<class std::allocator<struct std::_List_node<class std::unique_ptr<struct ClientMiles::OwnedStream,struct std::default_delete<struct ClientMiles::OwnedStream> >,void *> > >::construct<class std::unique_ptr<struct ClientMiles::OwnedStream,struct std::default_delete<struct ClientMiles::OwnedStream> >,class std::unique_ptr<struct ClientMiles::OwnedStream,struct std::default_delete<struct ClientMiles::OwnedStream> > >(class std::unique_ptr<struct ClientMiles::OwnedStream,struct std::default_delete<struct ClientMiles::OwnedStream> > *,class std::unique_ptr<struct ClientMiles::OwnedStream,struct std::default_delete<struct ClientMiles::OwnedStream> > &&))
5DA 00000000 SECT2C notype ()    External     | ??$construct@PEADAEAPEAD@?$allocator@D@std@@QEAAXPEAPEADAEAPEAD@Z (public: void __cdecl std::allocator<char>::construct<char *,char * &>(char * *,char * &))
5DB 00000000 SECT3B notype ()    External     | ??$destroy@PEAD@?$allocator@D@std@@QEAAXPEAPEAD@Z (public: void __cdecl std::allocator<char>::destroy<char *>(char * *))
5DC 00000000 SECT41 notype ()    External     | ??$destroy@PEAU?$_List_node@V?$unique_ptr@USample@ClientMiles@@U?$default_delete@USample@ClientMiles@@@std@@@std@@PEAX@std@@@?$allocator@U?$_List_node@V?$unique_ptr@USample@ClientMiles@@U?$default_delete@USample@ClientMiles@@@std@@@std@@PEAX@std@@@std@@QEAAXPEAPEAU?$_List_node@V?$unique_ptr@USample@ClientMiles@@U?$default_delete@USample@ClientMiles@@@std@@@std@@PEAX@1@@Z (public: void __cdecl std::allocator<struct std::_List_node<class std::unique_ptr<struct ClientMiles::Sample,struct std::default_delete<struct ClientMiles::Sample> >,void *> >::destroy<struct std::_List_node<class std::unique_ptr<struct ClientMiles::Sample,struct std::default_delete<struct ClientMiles::Sample> >,void *> *>(struct std::_List_node<class std::unique_ptr<struct ClientMiles::Sample,struct std::default_delete<struct ClientMiles::Sample> >,void *> * *))
5DD 00000000 SECT47 notype ()    External     | ??$destroy@V?$unique_ptr@USample@ClientMiles@@U?$default_delete@USample@ClientMiles@@@std@@@std@@@?$allocator@U?$_List_node@V?$unique_ptr@USample@ClientMiles@@U?$default_delete@USample@ClientMiles@@@std@@@std@@PEAX@std@@@std@@QEAAXPEAV?$unique_ptr@USample@ClientMiles@@U?$default_delete@USample@ClientMiles@@@std@@@1@@Z (public: void __cdecl std::allocator<struct std::_List_node<class std::unique_ptr<struct ClientMiles::Sample,struct std::default_delete<struct ClientMiles::Sample> >,void *> >::destroy<class std::unique_ptr<struct ClientMiles::Sample,struct std::default_delete<struct ClientMiles::Sample> > >(class std::unique_ptr<struct ClientMiles::Sample,struct std::default_delete<struct ClientMiles::Sample> > *))
5DE 00000000 SECT3E notype ()    External     | ??$destroy@PEAU?$_List_node@V?$unique_ptr@UOwnedStream@ClientMiles@@U?$default_delete@UOwnedStream@ClientMiles@@@std@@@std@@PEAX@std@@@?$allocator@U?$_List_node@V?$unique_ptr@UOwnedStream@ClientMiles@@U?$default_delete@UOwnedStream@ClientMiles@@@std@@@std@@PEAX@std@@@std@@QEAAXPEAPEAU?$_List_node@V?$unique_ptr@UOwnedStream@ClientMiles@@U?$default_delete@UOwnedStream@ClientMiles@@@std@@@std@@PEAX@1@@Z (public: void __cdecl std::allocator<struct std::_List_node<class std::unique_ptr<struct ClientMiles::OwnedStream,struct std::default_delete<struct ClientMiles::OwnedStream> >,void *> >::destroy<struct std::_List_node<class std::unique_ptr<struct ClientMiles::OwnedStream,struct std::default_delete<struct ClientMiles::OwnedStream> >,void *> *>(struct std::_List_node<class std::unique_ptr<struct ClientMiles::OwnedStream,struct std::default_delete<struct ClientMiles::OwnedStream> >,void *> * *))
5DF 00000000 SECT44 notype ()    External     | ??$destroy@V?$unique_ptr@UOwnedStream@ClientMiles@@U?$default_delete@UOwnedStream@ClientMiles@@@std@@@std@@@?$allocator@U?$_List_node@V?$unique_ptr@UOwnedStream@ClientMiles@@U?$default_delete@UOwnedStream@ClientMiles@@@std@@@std@@PEAX@std@@@std@@QEAAXPEAV?$unique_ptr@UOwnedStream@ClientMiles@@U?$default_delete@UOwnedStream@ClientMiles@@@std@@@1@@Z (public: void __cdecl std::allocator<struct std::_List_node<class std::unique_ptr<struct ClientMiles::OwnedStream,struct std::default_delete<struct ClientMiles::OwnedStream> >,void *> >::destroy<class std::unique_ptr<struct ClientMiles::OwnedStream,struct std::default_delete<struct ClientMiles::OwnedStream> > >(class std::unique_ptr<struct ClientMiles::OwnedStream,struct std::default_delete<struct ClientMiles::OwnedStream> > *))
5E0 00000000 SECT32 notype ()    External     | ??$construct@PEAU?$_List_node@V?$unique_ptr@USample@ClientMiles@@U?$default_delete@USample@ClientMiles@@@std@@@std@@PEAX@std@@AEAPEAU12@@?$allocator@U?$_List_node@V?$unique_ptr@USample@ClientMiles@@U?$default_delete@USample@ClientMiles@@@std@@@std@@PEAX@std@@@std@@QEAAXPEAPEAU?$_List_node@V?$unique_ptr@USample@ClientMiles@@U?$default_delete@USample@ClientMiles@@@std@@@std@@PEAX@1@AEAPEAU21@@Z (public: void __cdecl std::allocator<struct std::_List_node<class std::unique_ptr<struct ClientMiles::Sample,struct std::default_delete<struct ClientMiles::Sample> >,void *> >::construct<struct std::_List_node<class std::unique_ptr<struct ClientMiles::Sample,struct std::default_delete<struct ClientMiles::Sample> >,void *> *,struct std::_List_node<class std::unique_ptr<struct ClientMiles::Sample,struct std::default_delete<struct ClientMiles::Sample> >,void *> * &>(struct std::_List_node<class std::unique_ptr<struct ClientMiles::Sample,struct std::default_delete<struct ClientMiles::Sample> >,void *> * *,struct std::_List_node<class std::unique_ptr<struct ClientMiles::Sample,struct std::default_delete<struct ClientMiles::Sample> >,void *> * &))
5E1 00000000 SECT2F notype ()    External     | ??$construct@PEAU?$_List_node@V?$unique_ptr@UOwnedStream@ClientMiles@@U?$default_delete@UOwnedStream@ClientMiles@@@std@@@std@@PEAX@std@@AEAPEAU12@@?$allocator@U?$_List_node@V?$unique_ptr@UOwnedStream@ClientMiles@@U?$default_delete@UOwnedStream@ClientMiles@@@std@@@std@@PEAX@std@@@std@@QEAAXPEAPEAU?$_List_node@V?$unique_ptr@UOwnedStream@ClientMiles@@U?$default_delete@UOwnedStream@ClientMiles@@@std@@@std@@PEAX@1@AEAPEAU21@@Z (public: void __cdecl std::allocator<struct std::_List_node<class std::unique_ptr<struct ClientMiles::OwnedStream,struct std::default_delete<struct ClientMiles::OwnedStream> >,void *> >::construct<struct std::_List_node<class std::unique_ptr<struct ClientMiles::OwnedStream,struct std::default_delete<struct ClientMiles::OwnedStream> >,void *> *,struct std::_List_node<class std::unique_ptr<struct ClientMiles::OwnedStream,struct std::default_delete<struct ClientMiles::OwnedStream> >,void *> * &>(struct std::_List_node<class std::unique_ptr<struct ClientMiles::OwnedStream,struct std::default_delete<struct ClientMiles::OwnedStream> >,void *> * *,struct std::_List_node<class std::unique_ptr<struct ClientMiles::OwnedStream,struct std::default_delete<struct ClientMiles::OwnedStream> >,void *> * &))
5E2 00000000 SECT1C notype ()    External     | ??$_Uninit_copy@$$CBEE@std@@YAPEAEPEBE0PEAEAEAU?$_Wrap_alloc@V?$allocator@E@std@@@0@U_Scalar_ptr_iterator_tag@0@@Z (unsigned char * __cdecl std::_Uninit_copy<unsigned char const ,unsigned char>(unsigned char const *,unsigned char const *,unsigned char *,struct std::_Wrap_alloc<class std::allocator<unsigned char> > &,struct std::_Scalar_ptr_iterator_tag))
5E3 00000000 SECT1D notype ()    External     | ??$_Uninit_copy@EE@std@@YAPEAEPEAE00AEAU?$_Wrap_alloc@V?$allocator@E@std@@@0@U_Scalar_ptr_iterator_tag@0@@Z (unsigned char * __cdecl std::_Uninit_copy<unsigned char,unsigned char>(unsigned char *,unsigned char *,unsigned char *,struct std::_Wrap_alloc<class std::allocator<unsigned char> > &,struct std::_Scalar_ptr_iterator_tag))
5E4 00000000 SECT39 notype ()    External     | ??$construct@V?$unique_ptr@USample@ClientMiles@@U?$default_delete@USample@ClientMiles@@@std@@@std@@V12@@?$allocator_traits@V?$allocator@U?$_List_node@V?$unique_ptr@USample@ClientMiles@@U?$default_delete@USample@ClientMiles@@@std@@@std@@PEAX@std@@@std@@@std@@SAXAEAV?$allocator@U?$_List_node@V?$unique_ptr@USample@ClientMiles@@U?$default_delete@USample@ClientMiles@@@std@@@std@@PEAX@std@@@1@PEAV?$unique_ptr@USample@ClientMiles@@U?$default_delete@USample@ClientMiles@@@std@@@1@$$QEAV31@@Z (public: static void __cdecl std::allocator_traits<class std::allocator<struct std::_List_node<class std::unique_ptr<struct ClientMiles::Sample,struct std::default_delete<struct ClientMiles::Sample> >,void *> > >::construct<class std::unique_ptr<struct ClientMiles::Sample,struct std::default_delete<struct ClientMiles::Sample> >,class std::unique_ptr<struct ClientMiles::Sample,struct std::default_delete<struct ClientMiles::Sample> > >(class std::allocator<struct std::_List_node<class std::unique_ptr<struct ClientMiles::Sample,struct std::default_delete<struct ClientMiles::Sample> >,void *> > &,class std::unique_ptr<struct ClientMiles::Sample,struct std::default_delete<struct ClientMiles::Sample> > *,class std::unique_ptr<struct ClientMiles::Sample,struct std::default_delete<struct ClientMiles::Sample> > &&))
5E5 00000000 SECT36 notype ()    External     | ??$construct@V?$unique_ptr@UOwnedStream@ClientMiles@@U?$default_delete@UOwnedStream@ClientMiles@@@std@@@std@@V12@@?$allocator_traits@V?$allocator@U?$_List_node@V?$unique_ptr@UOwnedStream@ClientMiles@@U?$default_delete@UOwnedStream@ClientMiles@@@std@@@std@@PEAX@std@@@std@@@std@@SAXAEAV?$allocator@U?$_List_node@V?$unique_ptr@UOwnedStream@ClientMiles@@U?$default_delete@UOwnedStream@ClientMiles@@@std@@@std@@PEAX@std@@@1@PEAV?$unique_ptr@UOwnedStream@ClientMiles@@U?$default_delete@UOwnedStream@ClientMiles@@@std@@@1@$$QEAV31@@Z (public: static void __cdecl std::allocator_traits<class std::allocator<struct std::_List_node<class std::unique_ptr<struct ClientMiles::OwnedStream,struct std::default_delete<struct ClientMiles::OwnedStream> >,void *> > >::construct<class std::unique_ptr<struct ClientMiles::OwnedStream,struct std::default_delete<struct ClientMiles::OwnedStream> >,class std::unique_ptr<struct ClientMiles::OwnedStream,struct std::default_delete<struct ClientMiles::OwnedStream> > >(class std::allocator<struct std::_List_node<class std::unique_ptr<struct ClientMiles::OwnedStream,struct std::default_delete<struct ClientMiles::OwnedStream> >,void *> > &,class std::unique_ptr<struct ClientMiles::OwnedStream,struct std::default_delete<struct ClientMiles::OwnedStream> > *,class std::unique_ptr<struct ClientMiles::OwnedStream,struct std::default_delete<struct ClientMiles::OwnedStream> > &&))
5E6 00000000 SECT38 notype ()    External     | ??$construct@V?$unique_ptr@USample@ClientMiles@@U?$default_delete@USample@ClientMiles@@@std@@@std@@V12@@?$allocator@U?$_List_node@V?$unique_ptr@USample@ClientMiles@@U?$default_delete@USample@ClientMiles@@@std@@@std@@PEAX@std@@@std@@QEAAXPEAV?$unique_ptr@USample@ClientMiles@@U?$default_delete@USample@ClientMiles@@@std@@@1@$$QEAV21@@Z (public: void __cdecl std::allocator<struct std::_List_node<class std::unique_ptr<struct ClientMiles::Sample,struct std::default_delete<struct ClientMiles::Sample> >,void *> >::construct<class std::unique_ptr<struct ClientMiles::Sample,struct std::default_delete<struct ClientMiles::Sample> >,class std::unique_ptr<struct ClientMiles::Sample,struct std::default_delete<struct ClientMiles::Sample> > >(class std::unique_ptr<struct ClientMiles::Sample,struct std::default_delete<struct ClientMiles::Sample> > *,class std::unique_ptr<struct ClientMiles::Sample,struct std::default_delete<struct ClientMiles::Sample> > &&))
5E7 00000000 SECT35 notype ()    External     | ??$construct@V?$unique_ptr@UOwnedStream@ClientMiles@@U?$default_delete@UOwnedStream@ClientMiles@@@std@@@std@@V12@@?$allocator@U?$_List_node@V?$unique_ptr@UOwnedStream@ClientMiles@@U?$default_delete@UOwnedStream@ClientMiles@@@std@@@std@@PEAX@std@@@std@@QEAAXPEAV?$unique_ptr@UOwnedStream@ClientMiles@@U?$default_delete@UOwnedStream@ClientMiles@@@std@@@1@$$QEAV21@@Z (public: void __cdecl std::allocator<struct std::_List_node<class std::unique_ptr<struct ClientMiles::OwnedStream,struct std::default_delete<struct ClientMiles::OwnedStream> >,void *> >::construct<class std::unique_ptr<struct ClientMiles::OwnedStream,struct std::default_delete<struct ClientMiles::OwnedStream> >,class std::unique_ptr<struct ClientMiles::OwnedStream,struct std::default_delete<struct ClientMiles::OwnedStream> > >(class std::unique_ptr<struct ClientMiles::OwnedStream,struct std::default_delete<struct ClientMiles::OwnedStream> > *,class std::unique_ptr<struct ClientMiles::OwnedStream,struct std::default_delete<struct ClientMiles::OwnedStream> > &&))
5E8 00000000 SECT4E notype ()    External     | ??$forward@U?$default_delete@USample@ClientMiles@@@std@@@std@@YA$$QEAU?$default_delete@USample@ClientMiles@@@0@AEAU10@@Z (struct std::default_delete<struct ClientMiles::Sample> && __cdecl std::forward<struct std::default_delete<struct ClientMiles::Sample> >(struct std::default_delete<struct ClientMiles::Sample> &))
5E9 00000000 SECT4D notype ()    External     | ??$forward@U?$default_delete@UOwnedStream@ClientMiles@@@std@@@std@@YA$$QEAU?$default_delete@UOwnedStream@ClientMiles@@@0@AEAU10@@Z (struct std::default_delete<struct ClientMiles::OwnedStream> && __cdecl std::forward<struct std::default_delete<struct ClientMiles::OwnedStream> >(struct std::default_delete<struct ClientMiles::OwnedStream> &))
5EA 00000000 SECTC  notype ()    Static       | ?catch$0@?0???$_Buynode@V?$unique_ptr@UOwnedStream@ClientMiles@@U?$default_delete@UOwnedStream@ClientMiles@@@std@@@std@@@?$_List_buy@V?$unique_ptr@UOwnedStream@ClientMiles@@U?$default_delete@UOwnedStream@ClientMiles@@@std@@@std@@V?$allocator@V?$unique_ptr@UOwnedStream@ClientMiles@@U?$default_delete@UOwnedStream@ClientMiles@@@std@@@std@@@2@@std@@QEAAPEAU?$_List_node@V?$unique_ptr@UOwnedStream@ClientMiles@@U?$default_delete@UOwnedStream@ClientMiles@@@std@@@std@@PEAX@1@PEAU21@0$$QEAV?$unique_ptr@UOwnedStream@ClientMiles@@U?$default_delete@UOwnedStream@ClientMiles@@@std@@@1@@Z@4HA (int `public: struct _List_buy<class std::unique_ptr<struct ClientMiles::OwnedStream,struct std::default_delete<struct ClientMiles::OwnedStream> >,class std::allocator<class std::unique_ptr<struct ClientMiles::OwnedStream,struct std::default_delete<struct ClientMiles::OwnedStream> > > >::_List_node<class std::unique_ptr<struct ClientMiles::OwnedStream,struct std::default_delete<struct ClientMiles::OwnedStream> >,void *> * __cdecl std::_List_buy<class std::unique_ptr<struct ClientMiles::OwnedStream,struct std::default_delete<struct ClientMiles::OwnedStream> >,class std::allocator<class std::unique_ptr<struct ClientMiles::OwnedStream,struct std::default_delete<struct ClientMiles::OwnedStream> > > >::_Buynode<class std::unique_ptr<struct ClientMiles::OwnedStream,struct std::default_delete<struct ClientMiles::OwnedStream> > >(struct _List_buy<class std::unique_ptr<struct ClientMiles::OwnedStream,struct std::default_delete<struct ClientMiles::OwnedStream> >,class std::allocator<class std::unique_ptr<struct ClientMiles::OwnedStream,struct std::default_delete<struct ClientMiles::OwnedStream> > > >::std *,struct _List_buy<class std::unique_ptr<struct ClientMiles::OwnedStream,struct std::default_delete<struct ClientMiles::OwnedStream> >,class std::allocator<class std::unique_ptr<struct ClientMiles::OwnedStream,struct std::default_delete<struct ClientMiles::OwnedStream> > > >::std *,class _List_buy<class std::unique_ptr<struct ClientMiles::OwnedStream,struct std::default_delete<struct ClientMiles::OwnedStream> >,class std::allocator<class std::unique_ptr<struct ClientMiles::OwnedStream,struct std::default_delete<struct ClientMiles::OwnedStream> > > >::unique_ptr<struct ClientMiles::OwnedStream,struct std::default_delete<struct ClientMiles::OwnedStream> > &&)'::`1'::catch$0)
5EB 00000000 SECTE  notype ()    Static       | ?catch$0@?0???$_Buynode@V?$unique_ptr@USample@ClientMiles@@U?$default_delete@USample@ClientMiles@@@std@@@std@@@?$_List_buy@V?$unique_ptr@USample@ClientMiles@@U?$default_delete@USample@ClientMiles@@@std@@@std@@V?$allocator@V?$unique_ptr@USample@ClientMiles@@U?$default_delete@USample@ClientMiles@@@std@@@std@@@2@@std@@QEAAPEAU?$_List_node@V?$unique_ptr@USample@ClientMiles@@U?$default_delete@USample@ClientMiles@@@std@@@std@@PEAX@1@PEAU21@0$$QEAV?$unique_ptr@USample@ClientMiles@@U?$default_delete@USample@ClientMiles@@@std@@@1@@Z@4HA (int `public: struct _List_buy<class std::unique_ptr<struct ClientMiles::Sample,struct std::default_delete<struct ClientMiles::Sample> >,class std::allocator<class std::unique_ptr<struct ClientMiles::Sample,struct std::default_delete<struct ClientMiles::Sample> > > >::_List_node<class std::unique_ptr<struct ClientMiles::Sample,struct std::default_delete<struct ClientMiles::Sample> >,void *> * __cdecl std::_List_buy<class std::unique_ptr<struct ClientMiles::Sample,struct std::default_delete<struct ClientMiles::Sample> >,class std::allocator<class std::unique_ptr<struct ClientMiles::Sample,struct std::default_delete<struct ClientMiles::Sample> > > >::_Buynode<class std::unique_ptr<struct ClientMiles::Sample,struct std::default_delete<struct ClientMiles::Sample> > >(struct _List_buy<class std::unique_ptr<struct ClientMiles::Sample,struct std::default_delete<struct ClientMiles::Sample> >,class std::allocator<class std::unique_ptr<struct ClientMiles::Sample,struct std::default_delete<struct ClientMiles::Sample> > > >::std *,struct _List_buy<class std::unique_ptr<struct ClientMiles::Sample,struct std::default_delete<struct ClientMiles::Sample> >,class std::allocator<class std::unique_ptr<struct ClientMiles::Sample,struct std::default_delete<struct ClientMiles::Sample> > > >::std *,class _List_buy<class std::unique_ptr<struct ClientMiles::Sample,struct std::default_delete<struct ClientMiles::Sample> >,class std::allocator<class std::unique_ptr<struct ClientMiles::Sample,struct std::default_delete<struct ClientMiles::Sample> > > >::unique_ptr<struct ClientMiles::Sample,struct std::default_delete<struct ClientMiles::Sample> > &&)'::`1'::catch$0)
5EC 00000000 SECT92 notype ()    Static       | ?catch$0@?0???0?$vector@EV?$allocator@E@std@@@std@@QEAA@AEBV01@@Z@4HA (int `public: __cdecl std::vector<unsigned char,class std::allocator<unsigned char> >::vector<unsigned char,class std::allocator<unsigned char> >(class vector<unsigned char,class std::allocator<unsigned char> >::catch$0 const &)'::`1'::catch$0)
5ED 00000000 SECTC6 notype ()    Static       | ?catch$0@?0???4?$vector@EV?$allocator@E@std@@@std@@QEAAAEAV01@AEBV01@@Z@4HA (int `public: class vector<unsigned char,class std::allocator<unsigned char> >::catch$0 & __cdecl std::vector<unsigned char,class std::allocator<unsigned char> >::operator=(class vector<unsigned char,class std::allocator<unsigned char> >::catch$0 const &)'::`1'::catch$0)
5EE 00000000 SECT109 notype ()    Static      | ?catch$0@?0??_Buynode0@?$_List_alloc@$0A@U?$_List_base_types@V?$unique_ptr@UOwnedStream@ClientMiles@@U?$default_delete@UOwnedStream@ClientMiles@@@std@@@std@@V?$allocator@V?$unique_ptr@UOwnedStream@ClientMiles@@U?$default_delete@UOwnedStream@ClientMiles@@@std@@@std@@@2@@std@@@std@@QEAAPEAU?$_List_node@V?$unique_ptr@UOwnedStream@ClientMiles@@U?$default_delete@UOwnedStream@ClientMiles@@@std@@@std@@PEAX@2@PEAU32@0@Z@4HA (int `public: struct _List_alloc<0,struct std::_List_base_types<class std::unique_ptr<struct ClientMiles::OwnedStream,struct std::default_delete<struct ClientMiles::OwnedStream> >,class std::allocator<class std::unique_ptr<struct ClientMiles::OwnedStream,struct std::default_delete<struct ClientMiles::OwnedStream> > > > >::_List_node<class std::unique_ptr<struct ClientMiles::OwnedStream,struct std::default_delete<struct ClientMiles::OwnedStream> >,void *> * __cdecl std::_List_alloc<0,struct std::_List_base_types<class std::unique_ptr<struct ClientMiles::OwnedStream,struct std::default_delete<struct ClientMiles::OwnedStream> >,class std::allocator<class std::unique_ptr<struct ClientMiles::OwnedStream,struct std::default_delete<struct ClientMiles::OwnedStream> > > > >::_Buynode0(struct _List_alloc<0,struct std::_List_base_types<class std::unique_ptr<struct ClientMiles::OwnedStream,struct std::default_delete<struct ClientMiles::OwnedStream> >,class std::allocator<class std::unique_ptr<struct ClientMiles::OwnedStream,struct std::default_delete<struct ClientMiles::OwnedStream> > > > >::std *,struct _List_alloc<0,struct std::_List_base_types<class std::unique_ptr<struct ClientMiles::OwnedStream,struct std::default_delete<struct ClientMiles::OwnedStream> >,class std::allocator<class std::unique_ptr<struct ClientMiles::OwnedStream,struct std::default_delete<struct ClientMiles::OwnedStream> > > > >::std *)'::`1'::catch$0)
5EF 00000000 SECT10B notype ()    Static      | ?catch$0@?0??_Buynode0@?$_List_alloc@$0A@U?$_List_base_types@V?$unique_ptr@USample@ClientMiles@@U?$default_delete@USample@ClientMiles@@@std@@@std@@V?$allocator@V?$unique_ptr@USample@ClientMiles@@U?$default_delete@USample@ClientMiles@@@std@@@std@@@2@@std@@@std@@QEAAPEAU?$_List_node@V?$unique_ptr@USample@ClientMiles@@U?$default_delete@USample@ClientMiles@@@std@@@std@@PEAX@2@PEAU32@0@Z@4HA (int `public: struct _List_alloc<0,struct std::_List_base_types<class std::unique_ptr<struct ClientMiles::Sample,struct std::default_delete<struct ClientMiles::Sample> >,class std::allocator<class std::unique_ptr<struct ClientMiles::Sample,struct std::default_delete<struct ClientMiles::Sample> > > > >::_List_node<class std::unique_ptr<struct ClientMiles::Sample,struct std::default_delete<struct ClientMiles::Sample> >,void *> * __cdecl std::_List_alloc<0,struct std::_List_base_types<class std::unique_ptr<struct ClientMiles::Sample,struct std::default_delete<struct ClientMiles::Sample> >,class std::allocator<class std::unique_ptr<struct ClientMiles::Sample,struct std::default_delete<struct ClientMiles::Sample> > > > >::_Buynode0(struct _List_alloc<0,struct std::_List_base_types<class std::unique_ptr<struct ClientMiles::Sample,struct std::default_delete<struct ClientMiles::Sample> >,class std::allocator<class std::unique_ptr<struct ClientMiles::Sample,struct std::default_delete<struct ClientMiles::Sample> > > > >::std *,struct _List_alloc<0,struct std::_List_base_types<class std::unique_ptr<struct ClientMiles::Sample,struct std::default_delete<struct ClientMiles::Sample> >,class std::allocator<class std::unique_ptr<struct ClientMiles::Sample,struct std::default_delete<struct ClientMiles::Sample> > > > >::std *)'::`1'::catch$0)
5F0 00000043 SECT10E notype ()    Static      | ?catch$0@?0??_Copy@?$basic_string@DU?$char_traits@D@std@@V?$allocator@D@2@@std@@QEAAX_K0@Z@4HA (int `public: void __cdecl std::basic_string<char,struct std::char_traits<char>,class std::allocator<char> >::_Copy(unsigned __int64,unsigned __int64)'::`1'::catch$0)
5F1 00000024 SECT13F notype ()    Static      | ?catch$0@?0??allocate_sample_handle@ClientMiles@@YAPEAUSample@1@PEAUDigitalDriver@1@@Z@4HA (int `struct allocate_sample_handle::Sample * __cdecl ClientMiles::allocate_sample_handle(struct allocate_sample_handle::DigitalDriver *)'::`1'::catch$0)
5F2 00000000 SECT150 notype ()    Static      | ?catch$0@?0??close@Session@ClientMilesPipe@@QEAAXXZ@4HA (int `public: void __cdecl ClientMilesPipe::Session::close(void)'::`1'::catch$0)
5F3 00000024 SECT199 notype ()    Static      | ?catch$0@?0??open_stream@ClientMiles@@YAPEAUOwnedStream@1@PEAUDigitalDriver@1@PEBDH@Z@4HA (int `struct open_stream::OwnedStream * __cdecl ClientMiles::open_stream(struct open_stream::DigitalDriver *,char const *,int)'::`1'::catch$0)
5F4 00000018 SECT1AF notype ()    Static      | ?catch$0@?0??request@Session@ClientMilesPipe@@QEAA?AUOwnedReply@StartupBridge@@IAEBUCall@MilesWire@@UBytes@MilesTransport@@@Z@4HA (int `public: struct StartupBridge::OwnedReply __cdecl ClientMilesPipe::Session::request(unsigned int,struct MilesWire::Call const &,struct MilesTransport::Bytes)'::`1'::catch$0)
5F5 00000000 SECT10E notype ()    Static      | ?catch$1@?0??_Copy@?$basic_string@DU?$char_traits@D@std@@V?$allocator@D@2@@std@@QEAAX_K0@Z@4HA (int `public: void __cdecl std::basic_string<char,struct std::char_traits<char>,class std::allocator<char> >::_Copy(unsigned __int64,unsigned __int64)'::`1'::catch$1)
5F6 00000000 SECT9E notype ()    Static       | ?dtor$0@?0???0SampleState@ClientMilesPipe@@QEAA@XZ@4HA (int `public: __cdecl ClientMilesPipe::SampleState::SampleState(void)'::`1'::dtor$0)
5F7 00000000 SECTA0 notype ()    Static       | ?dtor$0@?0???0Session@ClientMilesPipe@@QEAA@V?$unique_ptr@VChannel@ClientMilesPipe@@U?$default_delete@VChannel@ClientMilesPipe@@@std@@@std@@@Z@4HA (int `public: __cdecl ClientMilesPipe::Session::Session(class std::unique_ptr<class ClientMilesPipe::Channel,struct std::default_delete<class ClientMilesPipe::Channel> >)'::`1'::dtor$0)
5F8 00000000 SECT103 notype ()    Static      | ?dtor$0@?0??MSS_versionOwned@ClientMiles@@YA?AUOwnedText@1@XZ@4HA (int `struct MSS_versionOwned::OwnedText __cdecl ClientMiles::MSS_versionOwned(void)'::`1'::dtor$0)
5F9 00000000 SECT176 notype ()    Static      | ?dtor$0@?0??get_preference@ClientMiles@@YA_JI@Z@4HA (int `__int64 __cdecl ClientMiles::get_preference(unsigned int)'::`1'::dtor$0)
5FA 00000000 SECT179 notype ()    Static      | ?dtor$0@?0??last_errorOwned@ClientMiles@@YA?AUOwnedText@1@XZ@4HA (int `struct last_errorOwned::OwnedText __cdecl ClientMiles::last_errorOwned(void)'::`1'::dtor$0)
5FB 00000000 SECT197 notype ()    Static      | ?dtor$0@?0??open_digital_driver@ClientMiles@@YAPEAUDigitalDriver@1@IHHI@Z@4HA (int `struct open_digital_driver::DigitalDriver * __cdecl ClientMiles::open_digital_driver(unsigned int,int,int,unsigned int)'::`1'::dtor$0)
5FC 00000000 SECT19C notype ()    Static      | ?dtor$0@?0??ownedText@?A0x4bb42cee@@YA?AUOwnedText@ClientMiles@@AEBUOwnedReply@StartupBridge@@@Z@4HA (int `struct ClientMiles::OwnedText __cdecl `anonymous namespace'::ownedText(struct StartupBridge::OwnedReply const &)'::`1'::dtor$0)
5FD 00000000 SECT1AF notype ()    Static      | ?dtor$0@?0??request@Session@ClientMilesPipe@@QEAA?AUOwnedReply@StartupBridge@@IAEBUCall@MilesWire@@UBytes@MilesTransport@@@Z@4HA (int `public: struct StartupBridge::OwnedReply __cdecl ClientMilesPipe::Session::request(unsigned int,struct MilesWire::Call const &,struct MilesTransport::Bytes)'::`1'::dtor$0)
5FE 00000000 SECT1B4 notype ()    Static      | ?dtor$0@?0??room_type@ClientMiles@@YAHPEAUDigitalDriver@1@@Z@4HA (int `int __cdecl ClientMiles::room_type(struct room_type::DigitalDriver *)'::`1'::dtor$0)
5FF 00000000 SECT1B8 notype ()    Static      | ?dtor$0@?0??sampleFloatPair@ClientMiles@@YAXIPEAUSample@1@PEAM1@Z@4HA (int `void __cdecl ClientMiles::sampleFloatPair(unsigned int,struct sampleFloatPair::Sample *,float *,float *)'::`1'::dtor$0)
600 00000000 SECT1BB notype ()    Static      | ?dtor$0@?0??sample_ms_position@ClientMiles@@YAXPEAUSample@1@PEAH1@Z@4HA (int `void __cdecl ClientMiles::sample_ms_position(struct sample_ms_position::Sample *,int *,int *)'::`1'::dtor$0)
601 00000000 SECT1BD notype ()    Static      | ?dtor$0@?0??sample_playback_rate@ClientMiles@@YAHPEAUSample@1@@Z@4HA (int `int __cdecl ClientMiles::sample_playback_rate(struct sample_playback_rate::Sample *)'::`1'::dtor$0)
602 00000000 SECT1CF notype ()    Static      | ?dtor$0@?0??set_preference@ClientMiles@@YA_JI_J@Z@4HA (int `__int64 __cdecl ClientMiles::set_preference(unsigned int,__int64)'::`1'::dtor$0)
603 00000000 SECT1D1 notype ()    Static      | ?dtor$0@?0??set_redist_directoryOwned@ClientMiles@@YA?AUOwnedText@1@PEBD@Z@4HA (int `struct set_redist_directoryOwned::OwnedText __cdecl ClientMiles::set_redist_directoryOwned(char const *)'::`1'::dtor$0)
604 00000000 SECT1E7 notype ()    Static      | ?dtor$0@?0??speaker_configuration_spec@ClientMiles@@YAHPEAUDigitalDriver@1@@Z@4HA (int `int __cdecl ClientMiles::speaker_configuration_spec(struct speaker_configuration_spec::DigitalDriver *)'::`1'::dtor$0)
605 00000000 SECT1EB notype ()    Static      | ?dtor$0@?0??startup@ClientMiles@@YAHXZ@4HA (int `int __cdecl ClientMiles::startup(void)'::`1'::dtor$0)
606 00000000 SECT1EF notype ()    Static      | ?dtor$0@?0??stream_ms_position@ClientMiles@@YAXPEAUOwnedStream@1@PEAH1@Z@4HA (int `void __cdecl ClientMiles::stream_ms_position(struct stream_ms_position::OwnedStream *,int *,int *)'::`1'::dtor$0)
607 00000000 SECT1F1 notype ()    Static      | ?dtor$0@?0??stream_sample_handle@ClientMiles@@YAPEAUSample@1@PEAUOwnedStream@1@@Z@4HA (int `struct stream_sample_handle::Sample * __cdecl ClientMiles::stream_sample_handle(struct stream_sample_handle::OwnedStream *)'::`1'::dtor$0)
608 00000000 SECT1F3 notype ()    Static      | ?dtor$0@?0??stream_status@ClientMiles@@YAHPEAUOwnedStream@1@@Z@4HA (int `int __cdecl ClientMiles::stream_status(struct stream_status::OwnedStream *)'::`1'::dtor$0)
609 0000000C SECTA0 notype ()    Static       | ?dtor$1@?0???0Session@ClientMilesPipe@@QEAA@V?$unique_ptr@VChannel@ClientMilesPipe@@U?$default_delete@VChannel@ClientMilesPipe@@@std@@@std@@@Z@4HA (int `public: __cdecl ClientMilesPipe::Session::Session(class std::unique_ptr<class ClientMilesPipe::Channel,struct std::default_delete<class ClientMilesPipe::Channel> >)'::`1'::dtor$1)
60A 00000000 SECT13F notype ()    Static      | ?dtor$1@?0??allocate_sample_handle@ClientMiles@@YAPEAUSample@1@PEAUDigitalDriver@1@@Z@4HA (int `struct allocate_sample_handle::Sample * __cdecl ClientMiles::allocate_sample_handle(struct allocate_sample_handle::DigitalDriver *)'::`1'::dtor$1)
60B 00000000 SECT199 notype ()    Static      | ?dtor$1@?0??open_stream@ClientMiles@@YAPEAUOwnedStream@1@PEAUDigitalDriver@1@PEBDH@Z@4HA (int `struct open_stream::OwnedStream * __cdecl ClientMiles::open_stream(struct open_stream::DigitalDriver *,char const *,int)'::`1'::dtor$1)
60C 0000000C SECT1AF notype ()    Static      | ?dtor$1@?0??request@Session@ClientMilesPipe@@QEAA?AUOwnedReply@StartupBridge@@IAEBUCall@MilesWire@@UBytes@MilesTransport@@@Z@4HA (int `public: struct StartupBridge::OwnedReply __cdecl ClientMilesPipe::Session::request(unsigned int,struct MilesWire::Call const &,struct MilesTransport::Bytes)'::`1'::dtor$1)
60D 0000001C SECTA0 notype ()    Static       | ?dtor$2@?0???0Session@ClientMilesPipe@@QEAA@V?$unique_ptr@VChannel@ClientMilesPipe@@U?$default_delete@VChannel@ClientMilesPipe@@@std@@@std@@@Z@4HA (int `public: __cdecl ClientMilesPipe::Session::Session(class std::unique_ptr<class ClientMilesPipe::Channel,struct std::default_delete<class ClientMilesPipe::Channel> >)'::`1'::dtor$2)
60E 0000000C SECT13F notype ()    Static      | ?dtor$2@?0??allocate_sample_handle@ClientMiles@@YAPEAUSample@1@PEAUDigitalDriver@1@@Z@4HA (int `struct allocate_sample_handle::Sample * __cdecl ClientMiles::allocate_sample_handle(struct allocate_sample_handle::DigitalDriver *)'::`1'::dtor$2)
60F 0000000C SECT199 notype ()    Static      | ?dtor$2@?0??open_stream@ClientMiles@@YAPEAUOwnedStream@1@PEAUDigitalDriver@1@PEBDH@Z@4HA (int `struct open_stream::OwnedStream * __cdecl ClientMiles::open_stream(struct open_stream::DigitalDriver *,char const *,int)'::`1'::dtor$2)
610 00000028 SECTA0 notype ()    Static       | ?dtor$3@?0???0Session@ClientMilesPipe@@QEAA@V?$unique_ptr@VChannel@ClientMilesPipe@@U?$default_delete@VChannel@ClientMilesPipe@@@std@@@std@@@Z@4HA (int `public: __cdecl ClientMilesPipe::Session::Session(class std::unique_ptr<class ClientMilesPipe::Channel,struct std::default_delete<class ClientMilesPipe::Channel> >)'::`1'::dtor$3)
611 00000018 SECT13F notype ()    Static      | ?dtor$3@?0??allocate_sample_handle@ClientMiles@@YAPEAUSample@1@PEAUDigitalDriver@1@@Z@4HA (int `struct allocate_sample_handle::Sample * __cdecl ClientMiles::allocate_sample_handle(struct allocate_sample_handle::DigitalDriver *)'::`1'::dtor$3)
612 00000018 SECT199 notype ()    Static      | ?dtor$3@?0??open_stream@ClientMiles@@YAPEAUOwnedStream@1@PEAUDigitalDriver@1@PEBDH@Z@4HA (int `struct open_stream::OwnedStream * __cdecl ClientMiles::open_stream(struct open_stream::DigitalDriver *,char const *,int)'::`1'::dtor$3)
613 00000038 SECTA0 notype ()    Static       | ?dtor$4@?0???0Session@ClientMilesPipe@@QEAA@V?$unique_ptr@VChannel@ClientMilesPipe@@U?$default_delete@VChannel@ClientMilesPipe@@@std@@@std@@@Z@4HA (int `public: __cdecl ClientMilesPipe::Session::Session(class std::unique_ptr<class ClientMilesPipe::Channel,struct std::default_delete<class ClientMilesPipe::Channel> >)'::`1'::dtor$4)
614 00000000 UNDEF  notype ()    External     | _CxxThrowException
615 00000000 UNDEF  notype ()    External     | __CxxFrameHandler3
616 00000000 UNDEF  notype ()    External     | __GSHandlerCheck
617 00000000 UNDEF  notype ()    External     | __GSHandlerCheck_EH
618 00000000 UNDEF  notype ()    External     | __security_check_cookie
619 00000000 UNDEF  notype ()    External     | memcpy
61A 00000000 UNDEF  notype ()    External     | memset
61B 00000000 SECT153 notype       Label       | $LN7
61C 00000000 SECTA7 notype       Label        | $LN5
61D 00000000 SECTFA notype       Label        | $LN8
61E 00000029 SECT13A notype       Label       | $LN10
61F 00000000 SECT13A notype       Label       | $LN13
620 00000029 SECT136 notype       Label       | $LN13
621 00000000 SECT136 notype       Label       | $LN16
622 00000000 SECT80 notype       Label        | $LN44
623 00000000 SECT81 notype       Label        | $LN47
624 00000000 SECTAE notype       Label        | $LN34
625 0000012B SECT140 notype       Label       | $LN122
626 00000000 SECT140 notype       Label       | $LN129
627 00000132 SECT142 notype       Label       | $LN115
628 00000000 SECT142 notype       Label       | $LN118
629 0000003D SECT167 notype       Label       | $LN17
62A 00000000 SECT167 notype       Label       | $LN20
62B 000000CB SECT166 notype       Label       | $LN40
62C 00000000 SECT166 notype       Label       | $LN43
62D 00000095 SECT10D notype       Label       | $LN19
62E 00000101 SECT10D notype       Label       | $LN183
62F 0000000D SECT10E notype ()    Static      | __catch$?_Copy@?$basic_string@DU?$char_traits@D@std@@V?$allocator@D@2@@std@@QEAAX_K0@Z$0
630 00000051 SECT10E notype ()    Static      | __catch$?_Copy@?$basic_string@DU?$char_traits@D@std@@V?$allocator@D@2@@std@@QEAAX_K0@Z$1
631 00000000 SECT10D notype       Label       | $LN185
632 000000CA SECT119 notype       Label       | $LN66
633 00000000 SECT119 notype       Label       | $LN69
634 00000000 SECT12A notype       Label       | $LN32
635 00000011 SECT133 notype       Label       | $LN3
636 00000000 SECT133 notype       Label       | $LN4
637 00000011 SECT135 notype       Label       | $LN3
638 00000000 SECT135 notype       Label       | $LN4
639 00000000 SECTA9 notype       Label        | $LN5
63A 00000000 SECTA8 notype       Label        | $LN5
63B 00000000 SECTFB notype       Label        | $LN8
63C 00000000 SECT165 notype       Label       | $LN18
63D 00000000 SECTF9 notype       Label        | $LN8
63E 00000000 SECT18D notype       Label       | $LN51
63F 00000000 SECTF6 notype       Label        | $LN10
640 00000000 SECT18E notype       Label       | $LN53
641 00000000 SECTF7 notype       Label        | $LN12
642 00000000 SECT18F notype       Label       | $LN51
643 00000000 SECT15C notype       Label       | $LN15
644 00000000 SECTF8 notype       Label        | $LN12
645 00000000 SECTB9 notype       Label        | $LN36
646 00000000 SECT9A notype       Label        | $LN47
647 00000000 SECT96 notype       Label        | $LN8
648 00000000 SECT95 notype       Label        | $LN8
649 00000000 SECTF4 notype       Label        | $LN10
64A 0000015F SECT1EA notype       Label       | $LN43
64B 00000000 SECT1EA notype       Label       | $LN44
64C 0000020C SECT1E2 notype       Label       | $LN180
64D 00000000 SECT1E2 notype       Label       | $LN184
64E 0000019F SECT175 notype       Label       | $LN57
64F 00000000 SECT175 notype       Label       | $LN58
650 000001D0 SECT1CE notype       Label       | $LN62
651 00000000 SECT1CE notype       Label       | $LN63
652 00000167 SECT178 notype       Label       | $LN48
653 00000000 SECT178 notype       Label       | $LN49
654 000001BE SECT1D0 notype       Label       | $LN55
655 00000000 SECT1D0 notype       Label       | $LN56
656 00000121 SECT102 notype       Label       | $LN36
657 00000000 SECT102 notype       Label       | $LN37
658 00000279 SECT196 notype       Label       | $LN138
659 00000000 SECT196 notype       Label       | $LN139
65A 000001C2 SECT1E6 notype       Label       | $LN58
65B 00000000 SECT1E6 notype       Label       | $LN59
65C 00000029 SECT13B notype       Label       | $LN10
65D 00000000 SECT13B notype       Label       | $LN13
65E 00000029 SECT137 notype       Label       | $LN13
65F 00000000 SECT137 notype       Label       | $LN16
660 000000AA SECT91 notype       Label        | $LN90
661 0000000D SECT92 notype ()    Static       | __catch$??0?$vector@EV?$allocator@E@std@@@std@@QEAA@AEBV01@@Z$0
662 00000000 SECT91 notype       Label        | $LN91
663 00000000 SECTB6 notype       Label        | $LN15
664 00000101 SECTC5 notype       Label        | $LN123
665 0000000D SECTC6 notype ()    Static       | __catch$??4?$vector@EV?$allocator@E@std@@@std@@QEAAAEAV01@AEBV01@@Z$0
666 00000000 SECTC5 notype       Label        | $LN125
667 00000063 SECT105 notype       Label       | $LN34
668 00000000 SECT105 notype       Label       | $LN37
669 00000000 SECT12D notype       Label       | $LN13
66A 00000011 SECT134 notype       Label       | $LN3
66B 00000000 SECT134 notype       Label       | $LN4
66C 00000000 SECT98 notype       Label        | $LN13
66D 00000000 SECTB8 notype       Label        | $LN17
66E 00000000 SECT97 notype       Label        | $LN5
66F 00000000 SECTC7 notype       Label        | $LN4
670 000000DF SECT9F notype       Label        | $LN56
671 00000000 SECT9F notype       Label        | $LN57
672 00000000 SECTBB notype       Label        | $LN38
673 0000015E SECT14F notype       Label       | $LN62
674 0000000D SECT150 notype ()    Static      | __catch$?close@Session@ClientMilesPipe@@QEAAXXZ$0
675 00000000 SECT14F notype       Label       | $LN63
676 0000023C SECT1AE notype       Label       | $LN100
677 00000025 SECT1AF notype ()    Static      | __catch$?request@Session@ClientMilesPipe@@QEAA?AUOwnedReply@StartupBridge@@IAEBUCall@MilesWire@@UBytes@MilesTransport@@@Z$0
678 00000000 SECT1AE notype       Label       | $LN101
679 00000049 SECT1A8 notype       Label       | $LN12
67A 00000000 SECT1A8 notype       Label       | $LN13
67B 0000005A SECT1B1 notype       Label       | $LN13
67C 00000000 SECT1B1 notype       Label       | $LN16
67D 0000009D SECT1B0 notype       Label       | $LN23
67E 00000000 SECT1B0 notype       Label       | $LN27
67F 00000000 SECTC4 notype       Label        | $LN22
680 00000000 SECTEE notype       Label        | $LN12
681 00000000 SECTB4 notype       Label        | $LN16
682 00000056 SECT1C8 notype       Label       | $LN13
683 00000000 SECT1C8 notype       Label       | $LN16
684 00000309 SECT13E notype       Label       | $LN281
685 00000031 SECT13F notype ()    Static      | __catch$?allocate_sample_handle@ClientMiles@@YAPEAUSample@1@PEAUDigitalDriver@1@@Z$0
686 00000000 SECT13E notype       Label       | $LN282
687 000001B0 SECT1BA notype       Label       | $LN44
688 00000000 SECT1BA notype       Label       | $LN45
689 00000117 SECT163 notype       Label       | $LN34
68A 00000000 SECT163 notype       Label       | $LN37
68B 00000169 SECT1AD notype       Label       | $LN190
68C 00000000 SECT1AD notype       Label       | $LN193
68D 00000192 SECT1E8 notype       Label       | $LN118
68E 00000000 SECT1E8 notype       Label       | $LN122
68F 00000192 SECT1EC notype       Label       | $LN118
690 00000000 SECT1EC notype       Label       | $LN122
691 00000197 SECT1C0 notype       Label       | $LN118
692 00000000 SECT1C0 notype       Label       | $LN122
693 000001A0 SECT1D7 notype       Label       | $LN118
694 00000000 SECT1D7 notype       Label       | $LN122
695 000001A3 SECT1D6 notype       Label       | $LN118
696 00000000 SECT1D6 notype       Label       | $LN122
697 000001A0 SECT1D8 notype       Label       | $LN118
698 00000000 SECT1D8 notype       Label       | $LN122
699 000001A0 SECT1DC notype       Label       | $LN118
69A 00000000 SECT1DC notype       Label       | $LN122
69B 00000197 SECT1BE notype       Label       | $LN118
69C 00000000 SECT1BE notype       Label       | $LN122
69D 00000151 SECT1DB notype       Label       | $LN36
69E 00000000 SECT1DB notype       Label       | $LN39
69F 00000155 SECT1BC notype       Label       | $LN36
6A0 00000000 SECT1BC notype       Label       | $LN37
6A1 00000165 SECT1DE notype       Label       | $LN40
6A2 00000000 SECT1DE notype       Label       | $LN43
6A3 00000165 SECT1DD notype       Label       | $LN40
6A4 00000000 SECT1DD notype       Label       | $LN43
6A5 000001C8 SECT1D4 notype       Label       | $LN124
6A6 00000000 SECT1D4 notype       Label       | $LN128
6A7 000001C8 SECT1D5 notype       Label       | $LN124
6A8 00000000 SECT1D5 notype       Label       | $LN128
6A9 000001C2 SECT1D3 notype       Label       | $LN122
6AA 00000000 SECT1D3 notype       Label       | $LN126
6AB 000001A3 SECT1DA notype       Label       | $LN120
6AC 00000000 SECT1DA notype       Label       | $LN124
6AD 000001A3 SECT1D9 notype       Label       | $LN120
6AE 00000000 SECT1D9 notype       Label       | $LN124
6AF 000003FF SECT198 notype       Label       | $LN314
6B0 00000031 SECT199 notype ()    Static      | __catch$?open_stream@ClientMiles@@YAPEAUOwnedStream@1@PEAUDigitalDriver@1@PEBDH@Z$0
6B1 00000000 SECT198 notype       Label       | $LN315
6B2 00000191 SECT151 notype       Label       | $LN191
6B3 00000000 SECT151 notype       Label       | $LN194
6B4 0000024D SECT1F0 notype       Label       | $LN175
6B5 00000000 SECT1F0 notype       Label       | $LN176
6B6 00000140 SECT1E9 notype       Label       | $LN36
6B7 00000000 SECT1E9 notype       Label       | $LN39
6B8 0000014E SECT1E0 notype       Label       | $LN36
6B9 00000000 SECT1E0 notype       Label       | $LN39
6BA 0000015D SECT1DF notype       Label       | $LN36
6BB 00000000 SECT1DF notype       Label       | $LN39
6BC 0000015B SECT1F2 notype       Label       | $LN36
6BD 00000000 SECT1F2 notype       Label       | $LN37
6BE 0000014E SECT1E1 notype       Label       | $LN36
6BF 00000000 SECT1E1 notype       Label       | $LN39
6C0 000001CA SECT1EE notype       Label       | $LN46
6C1 00000000 SECT1EE notype       Label       | $LN47
6C2 0000014C SECT1CC notype       Label       | $LN40
6C3 00000000 SECT1CC notype       Label       | $LN43
6C4 0000014C SECT1CD notype       Label       | $LN40
6C5 00000000 SECT1CD notype       Label       | $LN43
6C6 00000173 SECT1CB notype       Label       | $LN46
6C7 00000000 SECT1CB notype       Label       | $LN49
6C8 00000148 SECT1CA notype       Label       | $LN36
6C9 00000000 SECT1CA notype       Label       | $LN39
6CA 00000138 SECT1C9 notype       Label       | $LN46
6CB 00000000 SECT1C9 notype       Label       | $LN50
6CC 00000142 SECT1B3 notype       Label       | $LN34
6CD 00000000 SECT1B3 notype       Label       | $LN35
6CE 00000141 SECT1D2 notype       Label       | $LN34
6CF 00000000 SECT1D2 notype       Label       | $LN37
6D0 00000037 SECT13D notype       Label       | $LN10
6D1 00000000 SECT13D notype       Label       | $LN13
6D2 00000037 SECT139 notype       Label       | $LN13
6D3 00000000 SECT139 notype       Label       | $LN16
6D4 00000000 SECT59 notype       Label        | $LN8
6D5 00000059 SECT10A notype       Label       | $LN74
6D6 0000000D SECT10B notype ()    Static      | __catch$?_Buynode0@?$_List_alloc@$0A@U?$_List_base_types@V?$unique_ptr@USample@ClientMiles@@U?$default_delete@USample@ClientMiles@@@std@@@std@@V?$allocator@V?$unique_ptr@USample@ClientMiles@@U?$default_delete@USample@ClientMiles@@@std@@@std@@@2@@std@@@std@@QEAAPEAU?$_List_node@V?$unique_ptr@USample@ClientMiles@@U?$default_delete@USample@ClientMiles@@@std@@@std@@PEAX@2@PEAU32@0@Z$0
6D7 00000000 SECT10A notype       Label       | $LN75
6D8 00000000 SECT5B notype       Label        | $LN11
6D9 00000000 SECT114 notype       Label       | $LN44
6DA 00000000 SECT88 notype       Label        | $LN16
6DB 00000063 SECT1A7 notype       Label       | $LN42
6DC 00000000 SECT1A7 notype       Label       | $LN45
6DD 00000000 SECTB0 notype       Label        | $LN89
6DE 00000000 SECT1A4 notype       Label       | $LN96
6DF 00000000 SECT169 notype       Label       | $LN78
6E0 00000000 SECT14D notype       Label       | $LN61
6E1 00000000 SECT12C notype       Label       | $LN63
6E2 00000034 SECT11B notype       Label       | $LN14
6E3 00000000 SECT11B notype       Label       | $LN17
6E4 00000037 SECT13C notype       Label       | $LN10
6E5 00000000 SECT13C notype       Label       | $LN13
6E6 00000037 SECT138 notype       Label       | $LN13
6E7 00000000 SECT138 notype       Label       | $LN16
6E8 00000000 SECT58 notype       Label        | $LN8
6E9 00000059 SECT108 notype       Label       | $LN74
6EA 0000000D SECT109 notype ()    Static      | __catch$?_Buynode0@?$_List_alloc@$0A@U?$_List_base_types@V?$unique_ptr@UOwnedStream@ClientMiles@@U?$default_delete@UOwnedStream@ClientMiles@@@std@@@std@@V?$allocator@V?$unique_ptr@UOwnedStream@ClientMiles@@U?$default_delete@UOwnedStream@ClientMiles@@@std@@@std@@@2@@std@@@std@@QEAAPEAU?$_List_node@V?$unique_ptr@UOwnedStream@ClientMiles@@U?$default_delete@UOwnedStream@ClientMiles@@@std@@@std@@PEAX@2@PEAU32@0@Z$0
6EB 00000000 SECT108 notype       Label       | $LN75
6EC 00000000 SECT5A notype       Label        | $LN11
6ED 00000000 SECT113 notype       Label       | $LN44
6EE 00000000 SECT87 notype       Label        | $LN16
6EF 00000063 SECT1A6 notype       Label       | $LN42
6F0 00000000 SECT1A6 notype       Label       | $LN45
6F1 00000000 SECTAF notype       Label        | $LN89
6F2 00000000 SECT1A3 notype       Label       | $LN96
6F3 00000000 SECT168 notype       Label       | $LN78
6F4 00000000 SECT14C notype       Label       | $LN61
6F5 00000000 SECT12B notype       Label       | $LN63
6F6 00000034 SECT11A notype       Label       | $LN14
6F7 00000000 SECT11A notype       Label       | $LN17
6F8 00000000 SECT9D notype       Label        | $LN33
6F9 00000000 SECTBA notype       Label        | $LN4
6FA 00000000 SECTF5 notype       Label        | $LN8
6FB 0000003E SECT16A notype       Label       | $LN9
6FC 00000000 SECT16A notype       Label       | $LN10
6FD 00000230 SECT14B notype       Label       | $LN80
6FE 00000000 SECT14B notype       Label       | $LN85
6FF 00000137 SECT19B notype       Label       | $LN95
700 00000000 SECT19B notype       Label       | $LN96
701 000000E7 SECT15E notype       Label       | $LN28
702 00000000 SECT15E notype       Label       | $LN31
703 000000DE SECT19A notype       Label       | $LN99
704 00000000 SECTF3 notype       Label        | $LN13
705 000000D5 SECT152 notype       Label       | $LN83
706 00000000 SECTF2 notype       Label        | $LN13
707 000000D9 SECT17B notype       Label       | $LN121
708 000001D8 SECT1B7 notype       Label       | $LN46
709 00000000 SECT19 notype       Label        | $LN24
70A 00000000 SECTF  notype       Label        | $LN8
70B 00000000 SECT18 notype       Label        | $LN20
70C 00000060 SECT14 notype       Label        | $LN29
70D 00000000 SECT14 notype       Label        | $LN32
70E 00000060 SECT13 notype       Label        | $LN29
70F 00000000 SECT13 notype       Label        | $LN32
710 00000026 SECT8  notype       Label        | $LN7
711 00000000 SECT8  notype       Label        | $LN10
712 00000026 SECT7  notype       Label        | $LN7
713 00000000 SECT7  notype       Label        | $LN10
714 00000037 SECTA  notype       Label        | $LN7
715 00000000 SECTA  notype       Label        | $LN10
716 00000037 SECT9  notype       Label        | $LN7
717 00000000 SECT9  notype       Label        | $LN10
718 00000000 SECT21 notype       Label        | $LN22
719 00000000 SECT10 notype       Label        | $LN4
71A 00000000 SECT20 notype       Label        | $LN18
71B 00000038 SECTD  notype       Label        | $LN48
71C 0000000D SECTE  notype ()    Static       | __catch$??$_Buynode@V?$unique_ptr@USample@ClientMiles@@U?$default_delete@USample@ClientMiles@@@std@@@std@@@?$_List_buy@V?$unique_ptr@USample@ClientMiles@@U?$default_delete@USample@ClientMiles@@@std@@@std@@V?$allocator@V?$unique_ptr@USample@ClientMiles@@U?$default_delete@USample@ClientMiles@@@std@@@std@@@2@@std@@QEAAPEAU?$_List_node@V?$unique_ptr@USample@ClientMiles@@U?$default_delete@USample@ClientMiles@@@std@@@std@@PEAX@1@PEAU21@0$$QEAV?$unique_ptr@USample@ClientMiles@@U?$default_delete@USample@ClientMiles@@@std@@@1@@Z$0
71D 00000000 SECTD  notype       Label        | $LN49
71E 00000038 SECTB  notype       Label        | $LN48
71F 0000000D SECTC  notype ()    Static       | __catch$??$_Buynode@V?$unique_ptr@UOwnedStream@ClientMiles@@U?$default_delete@UOwnedStream@ClientMiles@@@std@@@std@@@?$_List_buy@V?$unique_ptr@UOwnedStream@ClientMiles@@U?$default_delete@UOwnedStream@ClientMiles@@@std@@@std@@V?$allocator@V?$unique_ptr@UOwnedStream@ClientMiles@@U?$default_delete@UOwnedStream@ClientMiles@@@std@@@std@@@2@@std@@QEAAPEAU?$_List_node@V?$unique_ptr@UOwnedStream@ClientMiles@@U?$default_delete@UOwnedStream@ClientMiles@@@std@@@std@@PEAX@1@PEAU21@0$$QEAV?$unique_ptr@UOwnedStream@ClientMiles@@U?$default_delete@UOwnedStream@ClientMiles@@@std@@@1@@Z$0
720 00000000 SECTB  notype       Label        | $LN49
721 00000000 SECT1F notype       Label        | $LN8
722 00000000 SECT1E notype       Label        | $LN8
723 00000000 SECT1C notype       Label        | $LN4
724 00000000 SECT1D notype       Label        | $LN4
725 00000000 SECT1F9 notype       Static      | .xdata
    Section length    8, #relocs    0, #linenums    0, checksum F4D9A8A3, selection    5 (pick associative Section 0x153)
727 00000000 SECT1F9 notype       Static      | $unwind$?copy@?$char_traits@D@std@@SAPEADPEADPEBD_K@Z
728 00000000 SECT1FA notype       Static      | .pdata
    Section length    C, #relocs    3, #linenums    0, checksum 2B142464, selection    5 (pick associative Section 0x153)
72A 00000000 SECT1FA notype       Static      | $pdata$?copy@?$char_traits@D@std@@SAPEADPEADPEBD_K@Z
72B 00000000 SECT1FB notype       Static      | .xdata
    Section length    8, #relocs    0, #linenums    0, checksum 1DC3B86B, selection    5 (pick associative Section 0xA7)
72D 00000000 SECT1FB notype       Static      | $unwind$??0logic_error@std@@QEAA@PEBD@Z
72E 00000000 SECT1FC notype       Static      | .pdata
    Section length    C, #relocs    3, #linenums    0, checksum 68B67E9E, selection    5 (pick associative Section 0xA7)
730 00000000 SECT1FC notype       Static      | $pdata$??0logic_error@std@@QEAA@PEBD@Z
731 00000000 SECT1FD notype       Static      | .xdata
    Section length    C, #relocs    0, #linenums    0, checksum 2559CD25, selection    5 (pick associative Section 0xFA)
733 00000000 SECT1FD notype       Static      | $unwind$??_Glogic_error@std@@UEAAPEAXI@Z
734 00000000 SECT1FE notype       Static      | .pdata
    Section length    C, #relocs    3, #linenums    0, checksum 205670FA, selection    5 (pick associative Section 0xFA)
736 00000000 SECT1FE notype       Static      | $pdata$??_Glogic_error@std@@UEAAPEAXI@Z
737 00000000 SECT1FF notype       Static      | .xdata
    Section length    8, #relocs    0, #linenums    0, checksum  FC539D1, selection    5 (pick associative Section 0x13A)
739 00000000 SECT1FF notype       Static      | $unwind$?allocate@?$allocator@D@std@@QEAAPEAD_K@Z
73A 00000000 SECT200 notype       Static      | .pdata
    Section length    C, #relocs    3, #linenums    0, checksum E639797D, selection    5 (pick associative Section 0x13A)
73C 00000000 SECT200 notype       Static      | $pdata$?allocate@?$allocator@D@std@@QEAAPEAD_K@Z
73D 00000000 SECT201 notype       Static      | .xdata
    Section length    8, #relocs    0, #linenums    0, checksum  FC539D1, selection    5 (pick associative Section 0x136)
73F 00000000 SECT201 notype       Static      | $unwind$?allocate@?$_Wrap_alloc@V?$allocator@D@std@@@std@@QEAAPEAD_K@Z
740 00000000 SECT202 notype       Static      | .pdata
    Section length    C, #relocs    3, #linenums    0, checksum E639797D, selection    5 (pick associative Section 0x136)
742 00000000 SECT202 notype       Static      | $pdata$?allocate@?$_Wrap_alloc@V?$allocator@D@std@@@std@@QEAAPEAD_K@Z
743 00000000 SECT203 notype       Static      | .xdata
    Section length    8, #relocs    0, #linenums    0, checksum F4D9A8A3, selection    5 (pick associative Section 0x80)
745 00000000 SECT203 notype       Static      | $unwind$??0?$basic_string@DU?$char_traits@D@std@@V?$allocator@D@2@@std@@QEAA@AEBV01@@Z
746 00000000 SECT204 notype       Static      | .pdata
    Section length    C, #relocs    3, #linenums    0, checksum 496753E3, selection    5 (pick associative Section 0x80)
748 00000000 SECT204 notype       Static      | $pdata$??0?$basic_string@DU?$char_traits@D@std@@V?$allocator@D@2@@std@@QEAA@AEBV01@@Z
749 00000000 SECT205 notype       Static      | .xdata
    Section length    8, #relocs    0, #linenums    0, checksum F4D9A8A3, selection    5 (pick associative Section 0x81)
74B 00000000 SECT205 notype       Static      | $unwind$??0?$basic_string@DU?$char_traits@D@std@@V?$allocator@D@2@@std@@QEAA@PEBD@Z
74C 00000000 SECT206 notype       Static      | .pdata
    Section length    C, #relocs    3, #linenums    0, checksum D2624632, selection    5 (pick associative Section 0x81)
74E 00000000 SECT206 notype       Static      | $pdata$??0?$basic_string@DU?$char_traits@D@std@@V?$allocator@D@2@@std@@QEAA@PEBD@Z
74F 00000000 SECT207 notype       Static      | .xdata
    Section length    8, #relocs    0, #linenums    0, checksum F4D9A8A3, selection    5 (pick associative Section 0xAE)
751 00000000 SECT207 notype       Static      | $unwind$??1?$basic_string@DU?$char_traits@D@std@@V?$allocator@D@2@@std@@QEAA@XZ
752 00000000 SECT208 notype       Static      | .pdata
    Section length    C, #relocs    3, #linenums    0, checksum 496753E3, selection    5 (pick associative Section 0xAE)
754 00000000 SECT208 notype       Static      | $pdata$??1?$basic_string@DU?$char_traits@D@std@@V?$allocator@D@2@@std@@QEAA@XZ
755 00000000 SECT209 notype       Static      | .xdata
    Section length   14, #relocs    0, #linenums    0, checksum F4634387, selection    5 (pick associative Section 0x140)
757 00000000 SECT209 notype       Static      | $unwind$?assign@?$basic_string@DU?$char_traits@D@std@@V?$allocator@D@2@@std@@QEAAAEAV12@AEBV12@_K1@Z
758 00000000 SECT20A notype       Static      | .pdata
    Section length    C, #relocs    3, #linenums    0, checksum  26B75B4, selection    5 (pick associative Section 0x140)
75A 00000000 SECT20A notype       Static      | $pdata$?assign@?$basic_string@DU?$char_traits@D@std@@V?$allocator@D@2@@std@@QEAAAEAV12@AEBV12@_K1@Z
75B 00000000 SECT20B notype       Static      | .xdata
    Section length   10, #relocs    0, #linenums    0, checksum ED4F81A7, selection    5 (pick associative Section 0x142)
75D 00000000 SECT20B notype       Static      | $unwind$?assign@?$basic_string@DU?$char_traits@D@std@@V?$allocator@D@2@@std@@QEAAAEAV12@PEBD_K@Z
75E 00000000 SECT20C notype       Static      | .pdata
    Section length    C, #relocs    3, #linenums    0, checksum 619F5FB4, selection    5 (pick associative Section 0x142)
760 00000000 SECT20C notype       Static      | $pdata$?assign@?$basic_string@DU?$char_traits@D@std@@V?$allocator@D@2@@std@@QEAAAEAV12@PEBD_K@Z
761 00000000 SECT20D notype       Static      | .xdata
    Section length    8, #relocs    0, #linenums    0, checksum  FC539D1, selection    5 (pick associative Section 0x167)
763 00000000 SECT20D notype       Static      | $unwind$?erase@?$basic_string@DU?$char_traits@D@std@@V?$allocator@D@2@@std@@QEAAAEAV12@_K@Z
764 00000000 SECT20E notype       Static      | .pdata
    Section length    C, #relocs    3, #linenums    0, checksum 1EC846AC, selection    5 (pick associative Section 0x167)
766 00000000 SECT20E notype       Static      | $pdata$?erase@?$basic_string@DU?$char_traits@D@std@@V?$allocator@D@2@@std@@QEAAAEAV12@_K@Z
767 00000000 SECT20F notype       Static      | .xdata
    Section length    C, #relocs    0, #linenums    0, checksum 2559CD25, selection    5 (pick associative Section 0x166)
769 00000000 SECT20F notype       Static      | $unwind$?erase@?$basic_string@DU?$char_traits@D@std@@V?$allocator@D@2@@std@@QEAAAEAV12@_K0@Z
76A 00000000 SECT210 notype       Static      | .pdata
    Section length    C, #relocs    3, #linenums    0, checksum 27CC5B61, selection    5 (pick associative Section 0x166)
76C 00000000 SECT210 notype       Static      | $pdata$?erase@?$basic_string@DU?$char_traits@D@std@@V?$allocator@D@2@@std@@QEAAAEAV12@_K0@Z
76D 00000000 SECT211 notype       Static      | .xdata
    Section length   18, #relocs    2, #linenums    0, checksum C6FCA17F, selection    5 (pick associative Section 0x10D)
76F 00000000 SECT211 notype       Static      | $unwind$?_Copy@?$basic_string@DU?$char_traits@D@std@@V?$allocator@D@2@@std@@QEAAX_K0@Z
770 00000000 SECT212 notype       Static      | .pdata
    Section length    C, #relocs    3, #linenums    0, checksum 6ADD0B2A, selection    5 (pick associative Section 0x10D)
772 00000000 SECT212 notype       Static      | $pdata$?_Copy@?$basic_string@DU?$char_traits@D@std@@V?$allocator@D@2@@std@@QEAAX_K0@Z
773 00000000 SECT213 notype       Static      | .rdata
    Section length   28, #relocs    3, #linenums    0, checksum 750655C5, selection    5 (pick associative Section 0x10D)
775 00000000 SECT213 notype       Static      | $cppxdata$?_Copy@?$basic_string@DU?$char_traits@D@std@@V?$allocator@D@2@@std@@QEAAX_K0@Z
776 00000000 SECT214 notype       Static      | .xdata
    Section length   20, #relocs    0, #linenums    0, checksum D8090E82, selection    5 (pick associative Section 0x10D)
778 00000000 SECT214 notype       Static      | $stateUnwindMap$?_Copy@?$basic_string@DU?$char_traits@D@std@@V?$allocator@D@2@@std@@QEAAX_K0@Z
779 00000000 SECT215 notype       Static      | .xdata
    Section length   28, #relocs    2, #linenums    0, checksum 3EF07423, selection    5 (pick associative Section 0x10D)
77B 00000000 SECT215 notype       Static      | $tryMap$?_Copy@?$basic_string@DU?$char_traits@D@std@@V?$allocator@D@2@@std@@QEAAX_K0@Z
77C 00000000 SECT216 notype       Static      | .xdata
    Section length   14, #relocs    1, #linenums    0, checksum   677058, selection    5 (pick associative Section 0x10D)
77E 00000000 SECT216 notype       Static      | $handlerMap$0$?_Copy@?$basic_string@DU?$char_traits@D@std@@V?$allocator@D@2@@std@@QEAAX_K0@Z
77F 00000000 SECT217 notype       Static      | .xdata
    Section length   14, #relocs    1, #linenums    0, checksum 6B58D0C4, selection    5 (pick associative Section 0x10D)
781 00000000 SECT217 notype       Static      | $handlerMap$1$?_Copy@?$basic_string@DU?$char_traits@D@std@@V?$allocator@D@2@@std@@QEAAX_K0@Z
782 00000000 SECT218 notype       Static      | .xdata
    Section length   40, #relocs    8, #linenums    0, checksum 6B037065, selection    5 (pick associative Section 0x10D)
784 00000000 SECT218 notype       Static      | $ip2state$?_Copy@?$basic_string@DU?$char_traits@D@std@@V?$allocator@D@2@@std@@QEAAX_K0@Z
785 00000000 SECT219 notype       Static      | .xdata
    Section length   10, #relocs    2, #linenums    0, checksum 5840A276, selection    5 (pick associative Section 0x10D)
787 00000000 SECT219 notype       Static      | $unwind$?catch$1@?0??_Copy@?$basic_string@DU?$char_traits@D@std@@V?$allocator@D@2@@std@@QEAAX_K0@Z@4HA
788 00000000 SECT21A notype       Static      | .pdata
    Section length    C, #relocs    3, #linenums    0, checksum A712C50E, selection    5 (pick associative Section 0x10D)
78A 00000000 SECT21A notype       Static      | $pdata$?catch$1@?0??_Copy@?$basic_string@DU?$char_traits@D@std@@V?$allocator@D@2@@std@@QEAAX_K0@Z@4HA
78B 00000000 SECT21B notype       Static      | .xdata
    Section length   14, #relocs    2, #linenums    0, checksum CBBD9283, selection    5 (pick associative Section 0x10D)
78D 00000000 SECT21B notype       Static      | $unwind$?catch$0@?0??_Copy@?$basic_string@DU?$char_traits@D@std@@V?$allocator@D@2@@std@@QEAAX_K0@Z@4HA
78E 00000000 SECT21C notype       Static      | .pdata
    Section length    C, #relocs    3, #linenums    0, checksum 9047414F, selection    5 (pick associative Section 0x10D)
790 00000000 SECT21C notype       Static      | $pdata$?catch$0@?0??_Copy@?$basic_string@DU?$char_traits@D@std@@V?$allocator@D@2@@std@@QEAAX_K0@Z@4HA
791 00000000 SECT21D notype       Static      | .xdata
    Section length    C, #relocs    0, #linenums    0, checksum D40F7FF0, selection    5 (pick associative Section 0x119)
793 00000000 SECT21D notype       Static      | $unwind$?_Grow@?$basic_string@DU?$char_traits@D@std@@V?$allocator@D@2@@std@@QEAA_N_K_N@Z
794 00000000 SECT21E notype       Static      | .pdata
    Section length    C, #relocs    3, #linenums    0, checksum 69312319, selection    5 (pick associative Section 0x119)
796 00000000 SECT21E notype       Static      | $pdata$?_Grow@?$basic_string@DU?$char_traits@D@std@@V?$allocator@D@2@@std@@QEAA_N_K_N@Z
797 00000000 SECT21F notype       Static      | .xdata
    Section length   14, #relocs    3, #linenums    0, checksum AB8AB99C, selection    5 (pick associative Section 0x119)
799 00000000 SECT21F notype       Static      | $chain$0$?_Grow@?$basic_string@DU?$char_traits@D@std@@V?$allocator@D@2@@std@@QEAA_N_K_N@Z
79A 00000000 SECT220 notype       Static      | .pdata
    Section length    C, #relocs    3, #linenums    0, checksum CCB4FC0F, selection    5 (pick associative Section 0x119)
79C 00000000 SECT220 notype       Static      | $pdata$0$?_Grow@?$basic_string@DU?$char_traits@D@std@@V?$allocator@D@2@@std@@QEAA_N_K_N@Z
79D 00000000 SECT221 notype       Static      | .xdata
    Section length   14, #relocs    3, #linenums    0, checksum 5FA7262D, selection    5 (pick associative Section 0x119)
79F 00000000 SECT221 notype       Static      | $chain$1$?_Grow@?$basic_string@DU?$char_traits@D@std@@V?$allocator@D@2@@std@@QEAA_N_K_N@Z
7A0 00000000 SECT222 notype       Static      | .pdata
    Section length    C, #relocs    3, #linenums    0, checksum A32A4DB1, selection    5 (pick associative Section 0x119)
7A2 00000000 SECT222 notype       Static      | $pdata$1$?_Grow@?$basic_string@DU?$char_traits@D@std@@V?$allocator@D@2@@std@@QEAA_N_K_N@Z
7A3 00000000 SECT223 notype       Static      | .xdata
    Section length   14, #relocs    3, #linenums    0, checksum 282AD3DE, selection    5 (pick associative Section 0x119)
7A5 00000000 SECT223 notype       Static      | $chain$2$?_Grow@?$basic_string@DU?$char_traits@D@std@@V?$allocator@D@2@@std@@QEAA_N_K_N@Z
7A6 00000000 SECT224 notype       Static      | .pdata
    Section length    C, #relocs    3, #linenums    0, checksum 227C722A, selection    5 (pick associative Section 0x119)
7A8 00000000 SECT224 notype       Static      | $pdata$2$?_Grow@?$basic_string@DU?$char_traits@D@std@@V?$allocator@D@2@@std@@QEAA_N_K_N@Z
7A9 00000000 SECT225 notype       Static      | .xdata
    Section length   10, #relocs    3, #linenums    0, checksum 1A7DA75D, selection    5 (pick associative Section 0x119)
7AB 00000000 SECT225 notype       Static      | $chain$3$?_Grow@?$basic_string@DU?$char_traits@D@std@@V?$allocator@D@2@@std@@QEAA_N_K_N@Z
7AC 00000000 SECT226 notype       Static      | .pdata
    Section length    C, #relocs    3, #linenums    0, checksum 387D9676, selection    5 (pick associative Section 0x119)
7AE 00000000 SECT226 notype       Static      | $pdata$3$?_Grow@?$basic_string@DU?$char_traits@D@std@@V?$allocator@D@2@@std@@QEAA_N_K_N@Z
7AF 00000000 SECT227 notype       Static      | .xdata
    Section length   10, #relocs    3, #linenums    0, checksum 75E316E3, selection    5 (pick associative Section 0x119)
7B1 00000000 SECT227 notype       Static      | $chain$4$?_Grow@?$basic_string@DU?$char_traits@D@std@@V?$allocator@D@2@@std@@QEAA_N_K_N@Z
7B2 00000000 SECT228 notype       Static      | .pdata
    Section length    C, #relocs    3, #linenums    0, checksum CD17DFF5, selection    5 (pick associative Section 0x119)
7B4 00000000 SECT228 notype       Static      | $pdata$4$?_Grow@?$basic_string@DU?$char_traits@D@std@@V?$allocator@D@2@@std@@QEAA_N_K_N@Z
7B5 00000000 SECT229 notype       Static      | .xdata
    Section length   10, #relocs    3, #linenums    0, checksum D066C9F5, selection    5 (pick associative Section 0x119)
7B7 00000000 SECT229 notype       Static      | $chain$5$?_Grow@?$basic_string@DU?$char_traits@D@std@@V?$allocator@D@2@@std@@QEAA_N_K_N@Z
7B8 00000000 SECT22A notype       Static      | .pdata
    Section length    C, #relocs    3, #linenums    0, checksum  12703F5, selection    5 (pick associative Section 0x119)
7BA 00000000 SECT22A notype       Static      | $pdata$5$?_Grow@?$basic_string@DU?$char_traits@D@std@@V?$allocator@D@2@@std@@QEAA_N_K_N@Z
7BB 00000000 SECT22B notype       Static      | .xdata
    Section length    C, #relocs    0, #linenums    0, checksum EE051E80, selection    5 (pick associative Section 0x12A)
7BD 00000000 SECT22B notype       Static      | $unwind$?_Tidy@?$basic_string@DU?$char_traits@D@std@@V?$allocator@D@2@@std@@QEAAX_N_K@Z
7BE 00000000 SECT22C notype       Static      | .pdata
    Section length    C, #relocs    3, #linenums    0, checksum 21D12D7D, selection    5 (pick associative Section 0x12A)
7C0 00000000 SECT22C notype       Static      | $pdata$?_Tidy@?$basic_string@DU?$char_traits@D@std@@V?$allocator@D@2@@std@@QEAAX_N_K@Z
7C1 00000000 SECT22D notype       Static      | .xdata
    Section length   14, #relocs    3, #linenums    0, checksum 2FCD1629, selection    5 (pick associative Section 0x12A)
7C3 00000000 SECT22D notype       Static      | $chain$0$?_Tidy@?$basic_string@DU?$char_traits@D@std@@V?$allocator@D@2@@std@@QEAAX_N_K@Z
7C4 00000000 SECT22E notype       Static      | .pdata
    Section length    C, #relocs    3, #linenums    0, checksum 63420F5E, selection    5 (pick associative Section 0x12A)
7C6 00000000 SECT22E notype       Static      | $pdata$0$?_Tidy@?$basic_string@DU?$char_traits@D@std@@V?$allocator@D@2@@std@@QEAAX_N_K@Z
7C7 00000000 SECT22F notype       Static      | .xdata
    Section length   10, #relocs    3, #linenums    0, checksum 9886C791, selection    5 (pick associative Section 0x12A)
7C9 00000000 SECT22F notype       Static      | $chain$1$?_Tidy@?$basic_string@DU?$char_traits@D@std@@V?$allocator@D@2@@std@@QEAAX_N_K@Z
7CA 00000000 SECT230 notype       Static      | .pdata
    Section length    C, #relocs    3, #linenums    0, checksum  C45DF99, selection    5 (pick associative Section 0x12A)
7CC 00000000 SECT230 notype       Static      | $pdata$1$?_Tidy@?$basic_string@DU?$char_traits@D@std@@V?$allocator@D@2@@std@@QEAAX_N_K@Z
7CD 00000000 SECT231 notype       Static      | .xdata
    Section length    8, #relocs    0, #linenums    0, checksum  FC539D1, selection    5 (pick associative Section 0x133)
7CF 00000000 SECT231 notype       Static      | $unwind$?_Xlen@?$basic_string@DU?$char_traits@D@std@@V?$allocator@D@2@@std@@QEBAXXZ
7D0 00000000 SECT232 notype       Static      | .pdata
    Section length    C, #relocs    3, #linenums    0, checksum B01131B5, selection    5 (pick associative Section 0x133)
7D2 00000000 SECT232 notype       Static      | $pdata$?_Xlen@?$basic_string@DU?$char_traits@D@std@@V?$allocator@D@2@@std@@QEBAXXZ
7D3 00000000 SECT233 notype       Static      | .xdata
    Section length    8, #relocs    0, #linenums    0, checksum  FC539D1, selection    5 (pick associative Section 0x135)
7D5 00000000 SECT233 notype       Static      | $unwind$?_Xran@?$basic_string@DU?$char_traits@D@std@@V?$allocator@D@2@@std@@QEBAXXZ
7D6 00000000 SECT234 notype       Static      | .pdata
    Section length    C, #relocs    3, #linenums    0, checksum B01131B5, selection    5 (pick associative Section 0x135)
7D8 00000000 SECT234 notype       Static      | $pdata$?_Xran@?$basic_string@DU?$char_traits@D@std@@V?$allocator@D@2@@std@@QEBAXXZ
7D9 00000000 SECT235 notype       Static      | .xdata
    Section length    8, #relocs    0, #linenums    0, checksum 1DC3B86B, selection    5 (pick associative Section 0xA9)
7DB 00000000 SECT235 notype       Static      | $unwind$??0runtime_error@std@@QEAA@PEBD@Z
7DC 00000000 SECT236 notype       Static      | .pdata
    Section length    C, #relocs    3, #linenums    0, checksum 68B67E9E, selection    5 (pick associative Section 0xA9)
7DE 00000000 SECT236 notype       Static      | $pdata$??0runtime_error@std@@QEAA@PEBD@Z
7DF 00000000 SECT237 notype       Static      | .xdata
    Section length    8, #relocs    0, #linenums    0, checksum F4D9A8A3, selection    5 (pick associative Section 0xA8)
7E1 00000000 SECT237 notype       Static      | $unwind$??0runtime_error@std@@QEAA@AEBV01@@Z
7E2 00000000 SECT238 notype       Static      | .pdata
    Section length    C, #relocs    3, #linenums    0, checksum 35DC62C8, selection    5 (pick associative Section 0xA8)
7E4 00000000 SECT238 notype       Static      | $pdata$??0runtime_error@std@@QEAA@AEBV01@@Z
7E5 00000000 SECT239 notype       Static      | .xdata
    Section length    C, #relocs    0, #linenums    0, checksum 2559CD25, selection    5 (pick associative Section 0xFB)
7E7 00000000 SECT239 notype       Static      | $unwind$??_Gruntime_error@std@@UEAAPEAXI@Z
7E8 00000000 SECT23A notype       Static      | .pdata
    Section length    C, #relocs    3, #linenums    0, checksum 205670FA, selection    5 (pick associative Section 0xFB)
7EA 00000000 SECT23A notype       Static      | $pdata$??_Gruntime_error@std@@UEAAPEAXI@Z
7EB 00000000 SECT23B notype       Static      | .xdata
    Section length    8, #relocs    0, #linenums    0, checksum BC0E6383, selection    5 (pick associative Section 0x165)
7ED 00000000 SECT23B notype       Static      | $unwind$?equivalent@error_category@std@@UEBA_NHAEBVerror_condition@2@@Z
7EE 00000000 SECT23C notype       Static      | .pdata
    Section length    C, #relocs    3, #linenums    0, checksum 8F085A64, selection    5 (pick associative Section 0x165)
7F0 00000000 SECT23C notype       Static      | $pdata$?equivalent@error_category@std@@UEBA_NHAEBVerror_condition@2@@Z
7F1 00000000 SECT23D notype       Static      | .xdata
    Section length    8, #relocs    0, #linenums    0, checksum F4D9A8A3, selection    5 (pick associative Section 0xF9)
7F3 00000000 SECT23D notype       Static      | $unwind$??_Gerror_category@std@@UEAAPEAXI@Z
7F4 00000000 SECT23E notype       Static      | .pdata
    Section length    C, #relocs    3, #linenums    0, checksum 3F196BD1, selection    5 (pick associative Section 0xF9)
7F6 00000000 SECT23E notype       Static      | $pdata$??_Gerror_category@std@@UEAAPEAXI@Z
7F7 00000000 SECT23F notype       Static      | .xdata
    Section length    C, #relocs    0, #linenums    0, checksum 57846775, selection    5 (pick associative Section 0x18D)
7F9 00000000 SECT23F notype       Static      | $unwind$?message@_Generic_error_category@std@@UEBA?AV?$basic_string@DU?$char_traits@D@std@@V?$allocator@D@2@@2@H@Z
7FA 00000000 SECT240 notype       Static      | .pdata
    Section length    C, #relocs    3, #linenums    0, checksum 92CEA7C6, selection    5 (pick associative Section 0x18D)
7FC 00000000 SECT240 notype       Static      | $pdata$?message@_Generic_error_category@std@@UEBA?AV?$basic_string@DU?$char_traits@D@std@@V?$allocator@D@2@@2@H@Z
7FD 00000000 SECT241 notype       Static      | .xdata
    Section length    8, #relocs    0, #linenums    0, checksum F4D9A8A3, selection    5 (pick associative Section 0xF6)
7FF 00000000 SECT241 notype       Static      | $unwind$??_G_Generic_error_category@std@@UEAAPEAXI@Z
800 00000000 SECT242 notype       Static      | .pdata
    Section length    C, #relocs    3, #linenums    0, checksum 3F196BD1, selection    5 (pick associative Section 0xF6)
802 00000000 SECT242 notype       Static      | $pdata$??_G_Generic_error_category@std@@UEAAPEAXI@Z
803 00000000 SECT243 notype       Static      | .xdata
    Section length    8, #relocs    0, #linenums    0, checksum BC0E6383, selection    5 (pick associative Section 0x18E)
805 00000000 SECT243 notype       Static      | $unwind$?message@_Iostream_error_category@std@@UEBA?AV?$basic_string@DU?$char_traits@D@std@@V?$allocator@D@2@@2@H@Z
806 00000000 SECT244 notype       Static      | .pdata
    Section length    C, #relocs    3, #linenums    0, checksum B298D73C, selection    5 (pick associative Section 0x18E)
808 00000000 SECT244 notype       Static      | $pdata$?message@_Iostream_error_category@std@@UEBA?AV?$basic_string@DU?$char_traits@D@std@@V?$allocator@D@2@@2@H@Z
809 00000000 SECT245 notype       Static      | .xdata
    Section length    8, #relocs    0, #linenums    0, checksum F4D9A8A3, selection    5 (pick associative Section 0xF7)
80B 00000000 SECT245 notype       Static      | $unwind$??_G_Iostream_error_category@std@@UEAAPEAXI@Z
80C 00000000 SECT246 notype       Static      | .pdata
    Section length    C, #relocs    3, #linenums    0, checksum 3F196BD1, selection    5 (pick associative Section 0xF7)
80E 00000000 SECT246 notype       Static      | $pdata$??_G_Iostream_error_category@std@@UEAAPEAXI@Z
80F 00000000 SECT247 notype       Static      | .xdata
    Section length    C, #relocs    0, #linenums    0, checksum 57846775, selection    5 (pick associative Section 0x18F)
811 00000000 SECT247 notype       Static      | $unwind$?message@_System_error_category@std@@UEBA?AV?$basic_string@DU?$char_traits@D@std@@V?$allocator@D@2@@2@H@Z
812 00000000 SECT248 notype       Static      | .pdata
    Section length    C, #relocs    3, #linenums    0, checksum 92CEA7C6, selection    5 (pick associative Section 0x18F)
814 00000000 SECT248 notype       Static      | $pdata$?message@_System_error_category@std@@UEBA?AV?$basic_string@DU?$char_traits@D@std@@V?$allocator@D@2@@2@H@Z
815 00000000 SECT249 notype       Static      | .xdata
    Section length    C, #relocs    0, #linenums    0, checksum 2559CD25, selection    5 (pick associative Section 0x15C)
817 00000000 SECT249 notype       Static      | $unwind$?default_error_condition@_System_error_category@std@@UEBA?AVerror_condition@2@H@Z
818 00000000 SECT24A notype       Static      | .pdata
    Section length    C, #relocs    3, #linenums    0, checksum 5CED41D1, selection    5 (pick associative Section 0x15C)
81A 00000000 SECT24A notype       Static      | $pdata$?default_error_condition@_System_error_category@std@@UEBA?AVerror_condition@2@H@Z
81B 00000000 SECT24B notype       Static      | .xdata
    Section length    8, #relocs    0, #linenums    0, checksum F4D9A8A3, selection    5 (pick associative Section 0xF8)
81D 00000000 SECT24B notype       Static      | $unwind$??_G_System_error_category@std@@UEAAPEAXI@Z
81E 00000000 SECT24C notype       Static      | .pdata
    Section length    C, #relocs    3, #linenums    0, checksum 3F196BD1, selection    5 (pick associative Section 0xF8)
820 00000000 SECT24C notype       Static      | $pdata$??_G_System_error_category@std@@UEAAPEAXI@Z
821 00000000 SECT24D notype       Static      | .xdata
    Section length    8, #relocs    0, #linenums    0, checksum F4D9A8A3, selection    5 (pick associative Section 0xB9)
823 00000000 SECT24D notype       Static      | $unwind$??1OwnedText@ClientMiles@@QEAA@XZ
824 00000000 SECT24E notype       Static      | .pdata
    Section length    C, #relocs    3, #linenums    0, checksum  B42549E, selection    5 (pick associative Section 0xB9)
826 00000000 SECT24E notype       Static      | $pdata$??1OwnedText@ClientMiles@@QEAA@XZ
827 00000000 SECT24F notype       Static      | .xdata
    Section length    8, #relocs    0, #linenums    0, checksum F4D9A8A3, selection    5 (pick associative Section 0x9A)
829 00000000 SECT24F notype       Static      | $unwind$??0OwnedText@ClientMiles@@QEAA@AEBU01@@Z
82A 00000000 SECT250 notype       Static      | .pdata
    Section length    C, #relocs    3, #linenums    0, checksum 5CED41D1, selection    5 (pick associative Section 0x9A)
82C 00000000 SECT250 notype       Static      | $pdata$??0OwnedText@ClientMiles@@QEAA@AEBU01@@Z
82D 00000000 SECT251 notype       Static      | .xdata
    Section length    C, #relocs    0, #linenums    0, checksum EE051E80, selection    5 (pick associative Section 0x96)
82F 00000000 SECT251 notype       Static      | $unwind$??0Failure@ClientMiles@@QEAA@W4FailureReason@1@PEBD@Z
830 00000000 SECT252 notype       Static      | .pdata
    Section length    C, #relocs    3, #linenums    0, checksum 9A824856, selection    5 (pick associative Section 0x96)
832 00000000 SECT252 notype       Static      | $pdata$??0Failure@ClientMiles@@QEAA@W4FailureReason@1@PEBD@Z
833 00000000 SECT253 notype       Static      | .xdata
    Section length    C, #relocs    0, #linenums    0, checksum 2559CD25, selection    5 (pick associative Section 0x95)
835 00000000 SECT253 notype       Static      | $unwind$??0Failure@ClientMiles@@QEAA@AEBV01@@Z
836 00000000 SECT254 notype       Static      | .pdata
    Section length    C, #relocs    3, #linenums    0, checksum  B42549E, selection    5 (pick associative Section 0x95)
838 00000000 SECT254 notype       Static      | $pdata$??0Failure@ClientMiles@@QEAA@AEBV01@@Z
839 00000000 SECT255 notype       Static      | .xdata
    Section length    C, #relocs    0, #linenums    0, checksum 2559CD25, selection    5 (pick associative Section 0xF4)
83B 00000000 SECT255 notype       Static      | $unwind$??_GFailure@ClientMiles@@UEAAPEAXI@Z
83C 00000000 SECT256 notype       Static      | .pdata
    Section length    C, #relocs    3, #linenums    0, checksum 205670FA, selection    5 (pick associative Section 0xF4)
83E 00000000 SECT256 notype       Static      | $pdata$??_GFailure@ClientMiles@@UEAAPEAXI@Z
83F 00000000 SECT257 notype       Static      | .xdata
    Section length   1C, #relocs    2, #linenums    0, checksum  EB3895C, selection    5 (pick associative Section 0x1EA)
841 00000000 SECT257 notype       Static      | $unwind$?startup@ClientMiles@@YAHXZ
842 00000000 SECT258 notype       Static      | .pdata
    Section length    C, #relocs    3, #linenums    0, checksum 2A71EADE, selection    5 (pick associative Section 0x1EA)
844 00000000 SECT258 notype       Static      | $pdata$?startup@ClientMiles@@YAHXZ
845 00000000 SECT259 notype       Static      | .rdata
    Section length   28, #relocs    2, #linenums    0, checksum D95C0F75, selection    5 (pick associative Section 0x1EA)
847 00000000 SECT259 notype       Static      | $cppxdata$?startup@ClientMiles@@YAHXZ
848 00000000 SECT25A notype       Static      | .xdata
    Section length    8, #relocs    1, #linenums    0, checksum 9ADD2096, selection    5 (pick associative Section 0x1EA)
84A 00000000 SECT25A notype       Static      | $stateUnwindMap$?startup@ClientMiles@@YAHXZ
84B 00000000 SECT25B notype       Static      | .xdata
    Section length   18, #relocs    3, #linenums    0, checksum 42752CB8, selection    5 (pick associative Section 0x1EA)
84D 00000000 SECT25B notype       Static      | $ip2state$?startup@ClientMiles@@YAHXZ
84E 00000000 SECT25C notype       Static      | .xdata
    Section length   14, #relocs    1, #linenums    0, checksum EB1327E3, selection    5 (pick associative Section 0x1E2)
850 00000000 SECT25C notype       Static      | $unwind$?shutdown@ClientMiles@@YAXXZ
851 00000000 SECT25D notype       Static      | .pdata
    Section length    C, #relocs    3, #linenums    0, checksum 5CED41D1, selection    5 (pick associative Section 0x1E2)
853 00000000 SECT25D notype       Static      | $pdata$?shutdown@ClientMiles@@YAXXZ
854 00000000 SECT25E notype       Static      | .xdata
    Section length   14, #relocs    3, #linenums    0, checksum  598A524, selection    5 (pick associative Section 0x1E2)
856 00000000 SECT25E notype       Static      | $chain$0$?shutdown@ClientMiles@@YAXXZ
857 00000000 SECT25F notype       Static      | .pdata
    Section length    C, #relocs    3, #linenums    0, checksum BD145D50, selection    5 (pick associative Section 0x1E2)
859 00000000 SECT25F notype       Static      | $pdata$0$?shutdown@ClientMiles@@YAXXZ
85A 00000000 SECT260 notype       Static      | .xdata
    Section length   1C, #relocs    3, #linenums    0, checksum 2E8297FA, selection    5 (pick associative Section 0x1E2)
85C 00000000 SECT260 notype       Static      | $chain$3$?shutdown@ClientMiles@@YAXXZ
85D 00000000 SECT261 notype       Static      | .pdata
    Section length    C, #relocs    3, #linenums    0, checksum 685FD035, selection    5 (pick associative Section 0x1E2)
85F 00000000 SECT261 notype       Static      | $pdata$3$?shutdown@ClientMiles@@YAXXZ
860 00000000 SECT262 notype       Static      | .xdata
    Section length   18, #relocs    3, #linenums    0, checksum 8EDE4777, selection    5 (pick associative Section 0x1E2)
862 00000000 SECT262 notype       Static      | $chain$4$?shutdown@ClientMiles@@YAXXZ
863 00000000 SECT263 notype       Static      | .pdata
    Section length    C, #relocs    3, #linenums    0, checksum B12B7B62, selection    5 (pick associative Section 0x1E2)
865 00000000 SECT263 notype       Static      | $pdata$4$?shutdown@ClientMiles@@YAXXZ
866 00000000 SECT264 notype       Static      | .xdata
    Section length   10, #relocs    3, #linenums    0, checksum E5BAAB3D, selection    5 (pick associative Section 0x1E2)
868 00000000 SECT264 notype       Static      | $chain$5$?shutdown@ClientMiles@@YAXXZ
869 00000000 SECT265 notype       Static      | .pdata
    Section length    C, #relocs    3, #linenums    0, checksum 8B4E5C27, selection    5 (pick associative Section 0x1E2)
86B 00000000 SECT265 notype       Static      | $pdata$5$?shutdown@ClientMiles@@YAXXZ
86C 00000000 SECT266 notype       Static      | .xdata
    Section length   20, #relocs    2, #linenums    0, checksum C8FCE3C1, selection    5 (pick associative Section 0x175)
86E 00000000 SECT266 notype       Static      | $unwind$?get_preference@ClientMiles@@YA_JI@Z
86F 00000000 SECT267 notype       Static      | .pdata
    Section length    C, #relocs    3, #linenums    0, checksum 50D7ADE9, selection    5 (pick associative Section 0x175)
871 00000000 SECT267 notype       Static      | $pdata$?get_preference@ClientMiles@@YA_JI@Z
872 00000000 SECT268 notype       Static      | .rdata
    Section length   28, #relocs    2, #linenums    0, checksum D95C0F75, selection    5 (pick associative Section 0x175)
874 00000000 SECT268 notype       Static      | $cppxdata$?get_preference@ClientMiles@@YA_JI@Z
875 00000000 SECT269 notype       Static      | .xdata
    Section length    8, #relocs    1, #linenums    0, checksum 9ADD2096, selection    5 (pick associative Section 0x175)
877 00000000 SECT269 notype       Static      | $stateUnwindMap$?get_preference@ClientMiles@@YA_JI@Z
878 00000000 SECT26A notype       Static      | .xdata
    Section length   18, #relocs    3, #linenums    0, checksum C4128943, selection    5 (pick associative Section 0x175)
87A 00000000 SECT26A notype       Static      | $ip2state$?get_preference@ClientMiles@@YA_JI@Z
87B 00000000 SECT26B notype       Static      | .xdata
    Section length   24, #relocs    2, #linenums    0, checksum F74C4BA2, selection    5 (pick associative Section 0x1CE)
87D 00000000 SECT26B notype       Static      | $unwind$?set_preference@ClientMiles@@YA_JI_J@Z
87E 00000000 SECT26C notype       Static      | .pdata
    Section length    C, #relocs    3, #linenums    0, checksum A06A7DA8, selection    5 (pick associative Section 0x1CE)
880 00000000 SECT26C notype       Static      | $pdata$?set_preference@ClientMiles@@YA_JI_J@Z
881 00000000 SECT26D notype       Static      | .rdata
    Section length   28, #relocs    2, #linenums    0, checksum D95C0F75, selection    5 (pick associative Section 0x1CE)
883 00000000 SECT26D notype       Static      | $cppxdata$?set_preference@ClientMiles@@YA_JI_J@Z
884 00000000 SECT26E notype       Static      | .xdata
    Section length    8, #relocs    1, #linenums    0, checksum 9ADD2096, selection    5 (pick associative Section 0x1CE)
886 00000000 SECT26E notype       Static      | $stateUnwindMap$?set_preference@ClientMiles@@YA_JI_J@Z
887 00000000 SECT26F notype       Static      | .xdata
    Section length   18, #relocs    3, #linenums    0, checksum E7A24B20, selection    5 (pick associative Section 0x1CE)
889 00000000 SECT26F notype       Static      | $ip2state$?set_preference@ClientMiles@@YA_JI_J@Z
88A 00000000 SECT270 notype       Static      | .xdata
    Section length   1C, #relocs    2, #linenums    0, checksum 199BED9C, selection    5 (pick associative Section 0x178)
88C 00000000 SECT270 notype       Static      | $unwind$?last_errorOwned@ClientMiles@@YA?AUOwnedText@1@XZ
88D 00000000 SECT271 notype       Static      | .pdata
    Section length    C, #relocs    3, #linenums    0, checksum 7C59A216, selection    5 (pick associative Section 0x178)
88F 00000000 SECT271 notype       Static      | $pdata$?last_errorOwned@ClientMiles@@YA?AUOwnedText@1@XZ
890 00000000 SECT272 notype       Static      | .rdata
    Section length   28, #relocs    2, #linenums    0, checksum DF50798B, selection    5 (pick associative Section 0x178)
892 00000000 SECT272 notype       Static      | $cppxdata$?last_errorOwned@ClientMiles@@YA?AUOwnedText@1@XZ
893 00000000 SECT273 notype       Static      | .xdata
    Section length    8, #relocs    1, #linenums    0, checksum 9ADD2096, selection    5 (pick associative Section 0x178)
895 00000000 SECT273 notype       Static      | $stateUnwindMap$?last_errorOwned@ClientMiles@@YA?AUOwnedText@1@XZ
896 00000000 SECT274 notype       Static      | .xdata
    Section length   18, #relocs    3, #linenums    0, checksum 151C6145, selection    5 (pick associative Section 0x178)
898 00000000 SECT274 notype       Static      | $ip2state$?last_errorOwned@ClientMiles@@YA?AUOwnedText@1@XZ
899 00000000 SECT275 notype       Static      | .xdata
    Section length   24, #relocs    2, #linenums    0, checksum DA2793B9, selection    5 (pick associative Section 0x1D0)
89B 00000000 SECT275 notype       Static      | $unwind$?set_redist_directoryOwned@ClientMiles@@YA?AUOwnedText@1@PEBD@Z
89C 00000000 SECT276 notype       Static      | .pdata
    Section length    C, #relocs    3, #linenums    0, checksum 650BCF21, selection    5 (pick associative Section 0x1D0)
89E 00000000 SECT276 notype       Static      | $pdata$?set_redist_directoryOwned@ClientMiles@@YA?AUOwnedText@1@PEBD@Z
89F 00000000 SECT277 notype       Static      | .rdata
    Section length   28, #relocs    2, #linenums    0, checksum DF50798B, selection    5 (pick associative Section 0x1D0)
8A1 00000000 SECT277 notype       Static      | $cppxdata$?set_redist_directoryOwned@ClientMiles@@YA?AUOwnedText@1@PEBD@Z
8A2 00000000 SECT278 notype       Static      | .xdata
    Section length    8, #relocs    1, #linenums    0, checksum 9ADD2096, selection    5 (pick associative Section 0x1D0)
8A4 00000000 SECT278 notype       Static      | $stateUnwindMap$?set_redist_directoryOwned@ClientMiles@@YA?AUOwnedText@1@PEBD@Z
8A5 00000000 SECT279 notype       Static      | .xdata
    Section length   18, #relocs    3, #linenums    0, checksum AB45FB7C, selection    5 (pick associative Section 0x1D0)
8A7 00000000 SECT279 notype       Static      | $ip2state$?set_redist_directoryOwned@ClientMiles@@YA?AUOwnedText@1@PEBD@Z
8A8 00000000 SECT27A notype       Static      | .xdata
    Section length   1C, #relocs    2, #linenums    0, checksum 199BED9C, selection    5 (pick associative Section 0x102)
8AA 00000000 SECT27A notype       Static      | $unwind$?MSS_versionOwned@ClientMiles@@YA?AUOwnedText@1@XZ
8AB 00000000 SECT27B notype       Static      | .pdata
    Section length    C, #relocs    3, #linenums    0, checksum 93AB697C, selection    5 (pick associative Section 0x102)
8AD 00000000 SECT27B notype       Static      | $pdata$?MSS_versionOwned@ClientMiles@@YA?AUOwnedText@1@XZ
8AE 00000000 SECT27C notype       Static      | .rdata
    Section length   28, #relocs    2, #linenums    0, checksum C761A273, selection    5 (pick associative Section 0x102)
8B0 00000000 SECT27C notype       Static      | $cppxdata$?MSS_versionOwned@ClientMiles@@YA?AUOwnedText@1@XZ
8B1 00000000 SECT27D notype       Static      | .xdata
    Section length    8, #relocs    1, #linenums    0, checksum 9ADD2096, selection    5 (pick associative Section 0x102)
8B3 00000000 SECT27D notype       Static      | $stateUnwindMap$?MSS_versionOwned@ClientMiles@@YA?AUOwnedText@1@XZ
8B4 00000000 SECT27E notype       Static      | .xdata
    Section length   18, #relocs    3, #linenums    0, checksum EA653F0C, selection    5 (pick associative Section 0x102)
8B6 00000000 SECT27E notype       Static      | $ip2state$?MSS_versionOwned@ClientMiles@@YA?AUOwnedText@1@XZ
8B7 00000000 SECT27F notype       Static      | .xdata
    Section length   2C, #relocs    2, #linenums    0, checksum 27117064, selection    5 (pick associative Section 0x196)
8B9 00000000 SECT27F notype       Static      | $unwind$?open_digital_driver@ClientMiles@@YAPEAUDigitalDriver@1@IHHI@Z
8BA 00000000 SECT280 notype       Static      | .pdata
    Section length    C, #relocs    3, #linenums    0, checksum 24809B92, selection    5 (pick associative Section 0x196)
8BC 00000000 SECT280 notype       Static      | $pdata$?open_digital_driver@ClientMiles@@YAPEAUDigitalDriver@1@IHHI@Z
8BD 00000000 SECT281 notype       Static      | .rdata
    Section length   28, #relocs    2, #linenums    0, checksum 5D7F92A0, selection    5 (pick associative Section 0x196)
8BF 00000000 SECT281 notype       Static      | $cppxdata$?open_digital_driver@ClientMiles@@YAPEAUDigitalDriver@1@IHHI@Z
8C0 00000000 SECT282 notype       Static      | .xdata
    Section length    8, #relocs    1, #linenums    0, checksum 9ADD2096, selection    5 (pick associative Section 0x196)
8C2 00000000 SECT282 notype       Static      | $stateUnwindMap$?open_digital_driver@ClientMiles@@YAPEAUDigitalDriver@1@IHHI@Z
8C3 00000000 SECT283 notype       Static      | .xdata
    Section length   28, #relocs    5, #linenums    0, checksum EB70508A, selection    5 (pick associative Section 0x196)
8C5 00000000 SECT283 notype       Static      | $ip2state$?open_digital_driver@ClientMiles@@YAPEAUDigitalDriver@1@IHHI@Z
8C6 00000000 SECT284 notype       Static      | .xdata
    Section length   20, #relocs    2, #linenums    0, checksum 2D836AF9, selection    5 (pick associative Section 0x1E6)
8C8 00000000 SECT284 notype       Static      | $unwind$?speaker_configuration_spec@ClientMiles@@YAHPEAUDigitalDriver@1@@Z
8C9 00000000 SECT285 notype       Static      | .pdata
    Section length    C, #relocs    3, #linenums    0, checksum 9EF44BFE, selection    5 (pick associative Section 0x1E6)
8CB 00000000 SECT285 notype       Static      | $pdata$?speaker_configuration_spec@ClientMiles@@YAHPEAUDigitalDriver@1@@Z
8CC 00000000 SECT286 notype       Static      | .rdata
    Section length   28, #relocs    2, #linenums    0, checksum D95C0F75, selection    5 (pick associative Section 0x1E6)
8CE 00000000 SECT286 notype       Static      | $cppxdata$?speaker_configuration_spec@ClientMiles@@YAHPEAUDigitalDriver@1@@Z
8CF 00000000 SECT287 notype       Static      | .xdata
    Section length    8, #relocs    1, #linenums    0, checksum 9ADD2096, selection    5 (pick associative Section 0x1E6)
8D1 00000000 SECT287 notype       Static      | $stateUnwindMap$?speaker_configuration_spec@ClientMiles@@YAHPEAUDigitalDriver@1@@Z
8D2 00000000 SECT288 notype       Static      | .xdata
    Section length   18, #relocs    3, #linenums    0, checksum  ABC061A, selection    5 (pick associative Section 0x1E6)
8D4 00000000 SECT288 notype       Static      | $ip2state$?speaker_configuration_spec@ClientMiles@@YAHPEAUDigitalDriver@1@@Z
8D5 00000000 SECT289 notype       Static      | .xdata
    Section length    8, #relocs    0, #linenums    0, checksum  FC539D1, selection    5 (pick associative Section 0x13B)
8D7 00000000 SECT289 notype       Static      | $unwind$?allocate@?$allocator@E@std@@QEAAPEAE_K@Z
8D8 00000000 SECT28A notype       Static      | .pdata
    Section length    C, #relocs    3, #linenums    0, checksum E639797D, selection    5 (pick associative Section 0x13B)
8DA 00000000 SECT28A notype       Static      | $pdata$?allocate@?$allocator@E@std@@QEAAPEAE_K@Z
8DB 00000000 SECT28B notype       Static      | .xdata
    Section length    8, #relocs    0, #linenums    0, checksum  FC539D1, selection    5 (pick associative Section 0x137)
8DD 00000000 SECT28B notype       Static      | $unwind$?allocate@?$_Wrap_alloc@V?$allocator@E@std@@@std@@QEAAPEAE_K@Z
8DE 00000000 SECT28C notype       Static      | .pdata
    Section length    C, #relocs    3, #linenums    0, checksum E639797D, selection    5 (pick associative Section 0x137)
8E0 00000000 SECT28C notype       Static      | $pdata$?allocate@?$_Wrap_alloc@V?$allocator@E@std@@@std@@QEAAPEAE_K@Z
8E1 00000000 SECT28D notype       Static      | .xdata
    Section length   18, #relocs    2, #linenums    0, checksum 4841A8E5, selection    5 (pick associative Section 0x91)
8E3 00000000 SECT28D notype       Static      | $unwind$??0?$vector@EV?$allocator@E@std@@@std@@QEAA@AEBV01@@Z
8E4 00000000 SECT28E notype       Static      | .pdata
    Section length    C, #relocs    3, #linenums    0, checksum 3B8DFB44, selection    5 (pick associative Section 0x91)
8E6 00000000 SECT28E notype       Static      | $pdata$??0?$vector@EV?$allocator@E@std@@@std@@QEAA@AEBV01@@Z
8E7 00000000 SECT28F notype       Static      | .rdata
    Section length   28, #relocs    3, #linenums    0, checksum  849A3B3, selection    5 (pick associative Section 0x91)
8E9 00000000 SECT28F notype       Static      | $cppxdata$??0?$vector@EV?$allocator@E@std@@@std@@QEAA@AEBV01@@Z
8EA 00000000 SECT290 notype       Static      | .xdata
    Section length   10, #relocs    0, #linenums    0, checksum 8999943C, selection    5 (pick associative Section 0x91)
8EC 00000000 SECT290 notype       Static      | $stateUnwindMap$??0?$vector@EV?$allocator@E@std@@@std@@QEAA@AEBV01@@Z
8ED 00000000 SECT291 notype       Static      | .xdata
    Section length   14, #relocs    1, #linenums    0, checksum 570F4CF1, selection    5 (pick associative Section 0x91)
8EF 00000000 SECT291 notype       Static      | $tryMap$??0?$vector@EV?$allocator@E@std@@@std@@QEAA@AEBV01@@Z
8F0 00000000 SECT292 notype       Static      | .xdata
    Section length   14, #relocs    1, #linenums    0, checksum   677058, selection    5 (pick associative Section 0x91)
8F2 00000000 SECT292 notype       Static      | $handlerMap$0$??0?$vector@EV?$allocator@E@std@@@std@@QEAA@AEBV01@@Z
8F3 00000000 SECT293 notype       Static      | .xdata
    Section length   28, #relocs    5, #linenums    0, checksum 73E7A56F, selection    5 (pick associative Section 0x91)
8F5 00000000 SECT293 notype       Static      | $ip2state$??0?$vector@EV?$allocator@E@std@@@std@@QEAA@AEBV01@@Z
8F6 00000000 SECT294 notype       Static      | .xdata
    Section length   10, #relocs    2, #linenums    0, checksum 5840A276, selection    5 (pick associative Section 0x91)
8F8 00000000 SECT294 notype       Static      | $unwind$?catch$0@?0???0?$vector@EV?$allocator@E@std@@@std@@QEAA@AEBV01@@Z@4HA
8F9 00000000 SECT295 notype       Static      | .pdata
    Section length    C, #relocs    3, #linenums    0, checksum F9766256, selection    5 (pick associative Section 0x91)
8FB 00000000 SECT295 notype       Static      | $pdata$?catch$0@?0???0?$vector@EV?$allocator@E@std@@@std@@QEAA@AEBV01@@Z@4HA
8FC 00000000 SECT296 notype       Static      | .xdata
    Section length    8, #relocs    0, #linenums    0, checksum F4D9A8A3, selection    5 (pick associative Section 0xB6)
8FE 00000000 SECT296 notype       Static      | $unwind$??1?$vector@EV?$allocator@E@std@@@std@@QEAA@XZ
8FF 00000000 SECT297 notype       Static      | .pdata
    Section length    C, #relocs    3, #linenums    0, checksum E639797D, selection    5 (pick associative Section 0xB6)
901 00000000 SECT297 notype       Static      | $pdata$??1?$vector@EV?$allocator@E@std@@@std@@QEAA@XZ
902 00000000 SECT298 notype       Static      | .xdata
    Section length   1C, #relocs    2, #linenums    0, checksum 5EC79F4D, selection    5 (pick associative Section 0xC5)
904 00000000 SECT298 notype       Static      | $unwind$??4?$vector@EV?$allocator@E@std@@@std@@QEAAAEAV01@AEBV01@@Z
905 00000000 SECT299 notype       Static      | .pdata
    Section length    C, #relocs    3, #linenums    0, checksum 6ADD0B2A, selection    5 (pick associative Section 0xC5)
907 00000000 SECT299 notype       Static      | $pdata$??4?$vector@EV?$allocator@E@std@@@std@@QEAAAEAV01@AEBV01@@Z
908 00000000 SECT29A notype       Static      | .rdata
    Section length   28, #relocs    3, #linenums    0, checksum  849A3B3, selection    5 (pick associative Section 0xC5)
90A 00000000 SECT29A notype       Static      | $cppxdata$??4?$vector@EV?$allocator@E@std@@@std@@QEAAAEAV01@AEBV01@@Z
90B 00000000 SECT29B notype       Static      | .xdata
    Section length   10, #relocs    0, #linenums    0, checksum 8999943C, selection    5 (pick associative Section 0xC5)
90D 00000000 SECT29B notype       Static      | $stateUnwindMap$??4?$vector@EV?$allocator@E@std@@@std@@QEAAAEAV01@AEBV01@@Z
90E 00000000 SECT29C notype       Static      | .xdata
    Section length   14, #relocs    1, #linenums    0, checksum 570F4CF1, selection    5 (pick associative Section 0xC5)
910 00000000 SECT29C notype       Static      | $tryMap$??4?$vector@EV?$allocator@E@std@@@std@@QEAAAEAV01@AEBV01@@Z
911 00000000 SECT29D notype       Static      | .xdata
    Section length   14, #relocs    1, #linenums    0, checksum   677058, selection    5 (pick associative Section 0xC5)
913 00000000 SECT29D notype       Static      | $handlerMap$0$??4?$vector@EV?$allocator@E@std@@@std@@QEAAAEAV01@AEBV01@@Z
914 00000000 SECT29E notype       Static      | .xdata
    Section length   28, #relocs    5, #linenums    0, checksum DCB3BD95, selection    5 (pick associative Section 0xC5)
916 00000000 SECT29E notype       Static      | $ip2state$??4?$vector@EV?$allocator@E@std@@@std@@QEAAAEAV01@AEBV01@@Z
917 00000000 SECT29F notype       Static      | .xdata
    Section length   10, #relocs    2, #linenums    0, checksum 5840A276, selection    5 (pick associative Section 0xC5)
919 00000000 SECT29F notype       Static      | $unwind$?catch$0@?0???4?$vector@EV?$allocator@E@std@@@std@@QEAAAEAV01@AEBV01@@Z@4HA
91A 00000000 SECT2A0 notype       Static      | .pdata
    Section length    C, #relocs    3, #linenums    0, checksum F9766256, selection    5 (pick associative Section 0xC5)
91C 00000000 SECT2A0 notype       Static      | $pdata$?catch$0@?0???4?$vector@EV?$allocator@E@std@@@std@@QEAAAEAV01@AEBV01@@Z@4HA
91D 00000000 SECT2A1 notype       Static      | .xdata
    Section length    C, #relocs    0, #linenums    0, checksum 2559CD25, selection    5 (pick associative Section 0x105)
91F 00000000 SECT2A1 notype       Static      | $unwind$?_Buy@?$vector@EV?$allocator@E@std@@@std@@IEAA_N_K@Z
920 00000000 SECT2A2 notype       Static      | .pdata
    Section length    C, #relocs    3, #linenums    0, checksum 5E64A758, selection    5 (pick associative Section 0x105)
922 00000000 SECT2A2 notype       Static      | $pdata$?_Buy@?$vector@EV?$allocator@E@std@@@std@@IEAA_N_K@Z
923 00000000 SECT2A3 notype       Static      | .xdata
    Section length    8, #relocs    0, #linenums    0, checksum F4D9A8A3, selection    5 (pick associative Section 0x12D)
925 00000000 SECT2A3 notype       Static      | $unwind$?_Tidy@?$vector@EV?$allocator@E@std@@@std@@IEAAXXZ
926 00000000 SECT2A4 notype       Static      | .pdata
    Section length    C, #relocs    3, #linenums    0, checksum E639797D, selection    5 (pick associative Section 0x12D)
928 00000000 SECT2A4 notype       Static      | $pdata$?_Tidy@?$vector@EV?$allocator@E@std@@@std@@IEAAXXZ
929 00000000 SECT2A5 notype       Static      | .xdata
    Section length    8, #relocs    0, #linenums    0, checksum  FC539D1, selection    5 (pick associative Section 0x134)
92B 00000000 SECT2A5 notype       Static      | $unwind$?_Xlen@?$vector@EV?$allocator@E@std@@@std@@IEBAXXZ
92C 00000000 SECT2A6 notype       Static      | .pdata
    Section length    C, #relocs    3, #linenums    0, checksum B01131B5, selection    5 (pick associative Section 0x134)
92E 00000000 SECT2A6 notype       Static      | $pdata$?_Xlen@?$vector@EV?$allocator@E@std@@@std@@IEBAXXZ
92F 00000000 SECT2A7 notype       Static      | .xdata
    Section length    8, #relocs    0, #linenums    0, checksum F4D9A8A3, selection    5 (pick associative Section 0x98)
931 00000000 SECT2A7 notype       Static      | $unwind$??0OwnedReply@StartupBridge@@QEAA@XZ
932 00000000 SECT2A8 notype       Static      | .pdata
    Section length    C, #relocs    3, #linenums    0, checksum A41C7E00, selection    5 (pick associative Section 0x98)
934 00000000 SECT2A8 notype       Static      | $pdata$??0OwnedReply@StartupBridge@@QEAA@XZ
935 00000000 SECT2A9 notype       Static      | .xdata
    Section length    8, #relocs    0, #linenums    0, checksum F4D9A8A3, selection    5 (pick associative Section 0xB8)
937 00000000 SECT2A9 notype       Static      | $unwind$??1OwnedReply@StartupBridge@@QEAA@XZ
938 00000000 SECT2AA notype       Static      | .pdata
    Section length    C, #relocs    3, #linenums    0, checksum A41C7E00, selection    5 (pick associative Section 0xB8)
93A 00000000 SECT2AA notype       Static      | $pdata$??1OwnedReply@StartupBridge@@QEAA@XZ
93B 00000000 SECT2AB notype       Static      | .xdata
    Section length    8, #relocs    0, #linenums    0, checksum F4D9A8A3, selection    5 (pick associative Section 0x97)
93D 00000000 SECT2AB notype       Static      | $unwind$??0OwnedReply@StartupBridge@@QEAA@AEBU01@@Z
93E 00000000 SECT2AC notype       Static      | .pdata
    Section length    C, #relocs    3, #linenums    0, checksum EFF2CB6A, selection    5 (pick associative Section 0x97)
940 00000000 SECT2AC notype       Static      | $pdata$??0OwnedReply@StartupBridge@@QEAA@AEBU01@@Z
941 00000000 SECT2AD notype       Static      | .xdata
    Section length    8, #relocs    0, #linenums    0, checksum F4D9A8A3, selection    5 (pick associative Section 0xC7)
943 00000000 SECT2AD notype       Static      | $unwind$??4OwnedReply@StartupBridge@@QEAAAEAU01@AEBU01@@Z
944 00000000 SECT2AE notype       Static      | .pdata
    Section length    C, #relocs    3, #linenums    0, checksum EFF2CB6A, selection    5 (pick associative Section 0xC7)
946 00000000 SECT2AE notype       Static      | $pdata$??4OwnedReply@StartupBridge@@QEAAAEAU01@AEBU01@@Z
947 00000000 SECT2AF notype       Static      | .xdata
    Section length   14, #relocs    2, #linenums    0, checksum AEEE0F15, selection    5 (pick associative Section 0x9F)
949 00000000 SECT2AF notype       Static      | $unwind$??0Session@ClientMilesPipe@@QEAA@V?$unique_ptr@VChannel@ClientMilesPipe@@U?$default_delete@VChannel@ClientMilesPipe@@@std@@@std@@@Z
94A 00000000 SECT2B0 notype       Static      | .pdata
    Section length    C, #relocs    3, #linenums    0, checksum DF3D64B0, selection    5 (pick associative Section 0x9F)
94C 00000000 SECT2B0 notype       Static      | $pdata$??0Session@ClientMilesPipe@@QEAA@V?$unique_ptr@VChannel@ClientMilesPipe@@U?$default_delete@VChannel@ClientMilesPipe@@@std@@@std@@@Z
94D 00000000 SECT2B1 notype       Static      | .rdata
    Section length   28, #relocs    2, #linenums    0, checksum 29D30DE6, selection    5 (pick associative Section 0x9F)
94F 00000000 SECT2B1 notype       Static      | $cppxdata$??0Session@ClientMilesPipe@@QEAA@V?$unique_ptr@VChannel@ClientMilesPipe@@U?$default_delete@VChannel@ClientMilesPipe@@@std@@@std@@@Z
950 00000000 SECT2B2 notype       Static      | .xdata
    Section length   28, #relocs    5, #linenums    0, checksum B7D1311B, selection    5 (pick associative Section 0x9F)
952 00000000 SECT2B2 notype       Static      | $stateUnwindMap$??0Session@ClientMilesPipe@@QEAA@V?$unique_ptr@VChannel@ClientMilesPipe@@U?$default_delete@VChannel@ClientMilesPipe@@@std@@@std@@@Z
953 00000000 SECT2B3 notype       Static      | .xdata
    Section length   50, #relocs    A, #linenums    0, checksum  389001B, selection    5 (pick associative Section 0x9F)
955 00000000 SECT2B3 notype       Static      | $ip2state$??0Session@ClientMilesPipe@@QEAA@V?$unique_ptr@VChannel@ClientMilesPipe@@U?$default_delete@VChannel@ClientMilesPipe@@@std@@@std@@@Z
956 00000000 SECT2B4 notype       Static      | .xdata
    Section length    C, #relocs    0, #linenums    0, checksum 2559CD25, selection    5 (pick associative Section 0xBB)
958 00000000 SECT2B4 notype       Static      | $unwind$??1Session@ClientMilesPipe@@QEAA@XZ
959 00000000 SECT2B5 notype       Static      | .pdata
    Section length    C, #relocs    3, #linenums    0, checksum EE7596ED, selection    5 (pick associative Section 0xBB)
95B 00000000 SECT2B5 notype       Static      | $pdata$??1Session@ClientMilesPipe@@QEAA@XZ
95C 00000000 SECT2B6 notype       Static      | .xdata
    Section length   18, #relocs    2, #linenums    0, checksum D344E19F, selection    5 (pick associative Section 0x14F)
95E 00000000 SECT2B6 notype       Static      | $unwind$?close@Session@ClientMilesPipe@@QEAAXXZ
95F 00000000 SECT2B7 notype       Static      | .pdata
    Section length    C, #relocs    3, #linenums    0, checksum E6DBEA40, selection    5 (pick associative Section 0x14F)
961 00000000 SECT2B7 notype       Static      | $pdata$?close@Session@ClientMilesPipe@@QEAAXXZ
962 00000000 SECT2B8 notype       Static      | .rdata
    Section length   28, #relocs    3, #linenums    0, checksum 7CA7FA57, selection    5 (pick associative Section 0x14F)
964 00000000 SECT2B8 notype       Static      | $cppxdata$?close@Session@ClientMilesPipe@@QEAAXXZ
965 00000000 SECT2B9 notype       Static      | .xdata
    Section length   10, #relocs    0, #linenums    0, checksum 8999943C, selection    5 (pick associative Section 0x14F)
967 00000000 SECT2B9 notype       Static      | $stateUnwindMap$?close@Session@ClientMilesPipe@@QEAAXXZ
968 00000000 SECT2BA notype       Static      | .xdata
    Section length   14, #relocs    1, #linenums    0, checksum 570F4CF1, selection    5 (pick associative Section 0x14F)
96A 00000000 SECT2BA notype       Static      | $tryMap$?close@Session@ClientMilesPipe@@QEAAXXZ
96B 00000000 SECT2BB notype       Static      | .xdata
    Section length   14, #relocs    1, #linenums    0, checksum 6B58D0C4, selection    5 (pick associative Section 0x14F)
96D 00000000 SECT2BB notype       Static      | $handlerMap$0$?close@Session@ClientMilesPipe@@QEAAXXZ
96E 00000000 SECT2BC notype       Static      | .xdata
    Section length   28, #relocs    5, #linenums    0, checksum 9E543F35, selection    5 (pick associative Section 0x14F)
970 00000000 SECT2BC notype       Static      | $ip2state$?close@Session@ClientMilesPipe@@QEAAXXZ
971 00000000 SECT2BD notype       Static      | .xdata
    Section length   10, #relocs    2, #linenums    0, checksum  894344E, selection    5 (pick associative Section 0x14F)
973 00000000 SECT2BD notype       Static      | $unwind$?catch$0@?0??close@Session@ClientMilesPipe@@QEAAXXZ@4HA
974 00000000 SECT2BE notype       Static      | .pdata
    Section length    C, #relocs    3, #linenums    0, checksum  289E689, selection    5 (pick associative Section 0x14F)
976 00000000 SECT2BE notype       Static      | $pdata$?catch$0@?0??close@Session@ClientMilesPipe@@QEAAXXZ@4HA
977 00000000 SECT2BF notype       Static      | .xdata
    Section length   20, #relocs    2, #linenums    0, checksum C4F97B8C, selection    5 (pick associative Section 0x1AE)
979 00000000 SECT2BF notype       Static      | $unwind$?request@Session@ClientMilesPipe@@QEAA?AUOwnedReply@StartupBridge@@IAEBUCall@MilesWire@@UBytes@MilesTransport@@@Z
97A 00000000 SECT2C0 notype       Static      | .pdata
    Section length    C, #relocs    3, #linenums    0, checksum 45FD571B, selection    5 (pick associative Section 0x1AE)
97C 00000000 SECT2C0 notype       Static      | $pdata$?request@Session@ClientMilesPipe@@QEAA?AUOwnedReply@StartupBridge@@IAEBUCall@MilesWire@@UBytes@MilesTransport@@@Z
97D 00000000 SECT2C1 notype       Static      | .rdata
    Section length   28, #relocs    3, #linenums    0, checksum E1AA1182, selection    5 (pick associative Section 0x1AE)
97F 00000000 SECT2C1 notype       Static      | $cppxdata$?request@Session@ClientMilesPipe@@QEAA?AUOwnedReply@StartupBridge@@IAEBUCall@MilesWire@@UBytes@MilesTransport@@@Z
980 00000000 SECT2C2 notype       Static      | .xdata
    Section length   20, #relocs    2, #linenums    0, checksum 489D3BC3, selection    5 (pick associative Section 0x1AE)
982 00000000 SECT2C2 notype       Static      | $stateUnwindMap$?request@Session@ClientMilesPipe@@QEAA?AUOwnedReply@StartupBridge@@IAEBUCall@MilesWire@@UBytes@MilesTransport@@@Z
983 00000000 SECT2C3 notype       Static      | .xdata
    Section length   14, #relocs    1, #linenums    0, checksum 59F3CC4B, selection    5 (pick associative Section 0x1AE)
985 00000000 SECT2C3 notype       Static      | $tryMap$?request@Session@ClientMilesPipe@@QEAA?AUOwnedReply@StartupBridge@@IAEBUCall@MilesWire@@UBytes@MilesTransport@@@Z
986 00000000 SECT2C4 notype       Static      | .xdata
    Section length   14, #relocs    1, #linenums    0, checksum 6B58D0C4, selection    5 (pick associative Section 0x1AE)
988 00000000 SECT2C4 notype       Static      | $handlerMap$0$?request@Session@ClientMilesPipe@@QEAA?AUOwnedReply@StartupBridge@@IAEBUCall@MilesWire@@UBytes@MilesTransport@@@Z
989 00000000 SECT2C5 notype       Static      | .xdata
    Section length   50, #relocs    A, #linenums    0, checksum A4188248, selection    5 (pick associative Section 0x1AE)
98B 00000000 SECT2C5 notype       Static      | $ip2state$?request@Session@ClientMilesPipe@@QEAA?AUOwnedReply@StartupBridge@@IAEBUCall@MilesWire@@UBytes@MilesTransport@@@Z
98C 00000000 SECT2C6 notype       Static      | .xdata
    Section length   10, #relocs    2, #linenums    0, checksum  894344E, selection    5 (pick associative Section 0x1AE)
98E 00000000 SECT2C6 notype       Static      | $unwind$?catch$0@?0??request@Session@ClientMilesPipe@@QEAA?AUOwnedReply@StartupBridge@@IAEBUCall@MilesWire@@UBytes@MilesTransport@@@Z@4HA
98F 00000000 SECT2C7 notype       Static      | .pdata
    Section length    C, #relocs    3, #linenums    0, checksum  289E689, selection    5 (pick associative Section 0x1AE)
991 00000000 SECT2C7 notype       Static      | $pdata$?catch$0@?0??request@Session@ClientMilesPipe@@QEAA?AUOwnedReply@StartupBridge@@IAEBUCall@MilesWire@@UBytes@MilesTransport@@@Z@4HA
992 00000000 SECT2C8 notype       Static      | .xdata
    Section length    8, #relocs    0, #linenums    0, checksum 9E6AAF91, selection    5 (pick associative Section 0x1A8)
994 00000000 SECT2C8 notype       Static      | $unwind$?rejectResult@Session@ClientMilesPipe@@QEAAXXZ
995 00000000 SECT2C9 notype       Static      | .pdata
    Section length    C, #relocs    3, #linenums    0, checksum 36D2D9C6, selection    5 (pick associative Section 0x1A8)
997 00000000 SECT2C9 notype       Static      | $pdata$?rejectResult@Session@ClientMilesPipe@@QEAAXXZ
998 00000000 SECT2CA notype       Static      | .xdata
    Section length    8, #relocs    0, #linenums    0, checksum 84432563, selection    5 (pick associative Section 0x1B1)
99A 00000000 SECT2CA notype       Static      | $unwind$?requireRunning@Session@ClientMilesPipe@@QEBAXXZ
99B 00000000 SECT2CB notype       Static      | .pdata
    Section length    C, #relocs    3, #linenums    0, checksum C4E6EF0E, selection    5 (pick associative Section 0x1B1)
99D 00000000 SECT2CB notype       Static      | $pdata$?requireRunning@Session@ClientMilesPipe@@QEBAXXZ
99E 00000000 SECT2CC notype       Static      | .xdata
    Section length    8, #relocs    0, #linenums    0, checksum 9E6AAF91, selection    5 (pick associative Section 0x1B0)
9A0 00000000 SECT2CC notype       Static      | $unwind$?requireAvailable@Session@ClientMilesPipe@@QEBAXXZ
9A1 00000000 SECT2CD notype       Static      | .pdata
    Section length    C, #relocs    3, #linenums    0, checksum B485A120, selection    5 (pick associative Section 0x1B0)
9A3 00000000 SECT2CD notype       Static      | $pdata$?requireAvailable@Session@ClientMilesPipe@@QEBAXXZ
9A4 00000000 SECT2CE notype       Static      | .xdata
    Section length    8, #relocs    0, #linenums    0, checksum F4D9A8A3, selection    5 (pick associative Section 0xC4)
9A6 00000000 SECT2CE notype       Static      | $unwind$??4?$unique_ptr@UDigitalDriver@ClientMiles@@U?$default_delete@UDigitalDriver@ClientMiles@@@std@@@std@@QEAAAEAV01@$$QEAV01@@Z
9A7 00000000 SECT2CF notype       Static      | .pdata
    Section length    C, #relocs    3, #linenums    0, checksum 496753E3, selection    5 (pick associative Section 0xC4)
9A9 00000000 SECT2CF notype       Static      | $pdata$??4?$unique_ptr@UDigitalDriver@ClientMiles@@U?$default_delete@UDigitalDriver@ClientMiles@@@std@@@std@@QEAAAEAV01@$$QEAV01@@Z
9AA 00000000 SECT2D0 notype       Static      | .xdata
    Section length    8, #relocs    0, #linenums    0, checksum 1DC3B86B, selection    5 (pick associative Section 0xEE)
9AC 00000000 SECT2D0 notype       Static      | $unwind$??R?$default_delete@USampleState@ClientMilesPipe@@@std@@QEBAXPEAUSampleState@ClientMilesPipe@@@Z
9AD 00000000 SECT2D1 notype       Static      | .pdata
    Section length    C, #relocs    3, #linenums    0, checksum AED97719, selection    5 (pick associative Section 0xEE)
9AF 00000000 SECT2D1 notype       Static      | $pdata$??R?$default_delete@USampleState@ClientMilesPipe@@@std@@QEBAXPEAUSampleState@ClientMilesPipe@@@Z
9B0 00000000 SECT2D2 notype       Static      | .xdata
    Section length    8, #relocs    0, #linenums    0, checksum F4D9A8A3, selection    5 (pick associative Section 0xB4)
9B2 00000000 SECT2D2 notype       Static      | $unwind$??1?$unique_ptr@USampleState@ClientMilesPipe@@U?$default_delete@USampleState@ClientMilesPipe@@@std@@@std@@QEAA@XZ
9B3 00000000 SECT2D3 notype       Static      | .pdata
    Section length    C, #relocs    3, #linenums    0, checksum C7E85400, selection    5 (pick associative Section 0xB4)
9B5 00000000 SECT2D3 notype       Static      | $pdata$??1?$unique_ptr@USampleState@ClientMilesPipe@@U?$default_delete@USampleState@ClientMilesPipe@@@std@@@std@@QEAA@XZ
9B6 00000000 SECT2D4 notype       Static      | .xdata
    Section length    8, #relocs    0, #linenums    0, checksum 9E6AAF91, selection    5 (pick associative Section 0x1C8)
9B8 00000000 SECT2D4 notype       Static      | $unwind$?selected@Session@ClientMilesPipe@@SAAEAV12@XZ
9B9 00000000 SECT2D5 notype       Static      | .pdata
    Section length    C, #relocs    3, #linenums    0, checksum 9349FA41, selection    5 (pick associative Section 0x1C8)
9BB 00000000 SECT2D5 notype       Static      | $pdata$?selected@Session@ClientMilesPipe@@SAAEAV12@XZ
9BC 00000000 SECT2D6 notype       Static      | .xdata
    Section length   24, #relocs    2, #linenums    0, checksum 7C4DF694, selection    5 (pick associative Section 0x13E)
9BE 00000000 SECT2D6 notype       Static      | $unwind$?allocate_sample_handle@ClientMiles@@YAPEAUSample@1@PEAUDigitalDriver@1@@Z
9BF 00000000 SECT2D7 notype       Static      | .pdata
    Section length    C, #relocs    3, #linenums    0, checksum 2EA701B6, selection    5 (pick associative Section 0x13E)
9C1 00000000 SECT2D7 notype       Static      | $pdata$?allocate_sample_handle@ClientMiles@@YAPEAUSample@1@PEAUDigitalDriver@1@@Z
9C2 00000000 SECT2D8 notype       Static      | .rdata
    Section length   28, #relocs    3, #linenums    0, checksum 959E6384, selection    5 (pick associative Section 0x13E)
9C4 00000000 SECT2D8 notype       Static      | $cppxdata$?allocate_sample_handle@ClientMiles@@YAPEAUSample@1@PEAUDigitalDriver@1@@Z
9C5 00000000 SECT2D9 notype       Static      | .xdata
    Section length   28, #relocs    3, #linenums    0, checksum DC3C8294, selection    5 (pick associative Section 0x13E)
9C7 00000000 SECT2D9 notype       Static      | $stateUnwindMap$?allocate_sample_handle@ClientMiles@@YAPEAUSample@1@PEAUDigitalDriver@1@@Z
9C8 00000000 SECT2DA notype       Static      | .xdata
    Section length   14, #relocs    1, #linenums    0, checksum 2CAAF99F, selection    5 (pick associative Section 0x13E)
9CA 00000000 SECT2DA notype       Static      | $tryMap$?allocate_sample_handle@ClientMiles@@YAPEAUSample@1@PEAUDigitalDriver@1@@Z
9CB 00000000 SECT2DB notype       Static      | .xdata
    Section length   14, #relocs    1, #linenums    0, checksum 6B58D0C4, selection    5 (pick associative Section 0x13E)
9CD 00000000 SECT2DB notype       Static      | $handlerMap$0$?allocate_sample_handle@ClientMiles@@YAPEAUSample@1@PEAUDigitalDriver@1@@Z
9CE 00000000 SECT2DC notype       Static      | .xdata
    Section length   68, #relocs    D, #linenums    0, checksum DF6A9B10, selection    5 (pick associative Section 0x13E)
9D0 00000000 SECT2DC notype       Static      | $ip2state$?allocate_sample_handle@ClientMiles@@YAPEAUSample@1@PEAUDigitalDriver@1@@Z
9D1 00000000 SECT2DD notype       Static      | .xdata
    Section length   10, #relocs    2, #linenums    0, checksum  894344E, selection    5 (pick associative Section 0x13E)
9D3 00000000 SECT2DD notype       Static      | $unwind$?catch$0@?0??allocate_sample_handle@ClientMiles@@YAPEAUSample@1@PEAUDigitalDriver@1@@Z@4HA
9D4 00000000 SECT2DE notype       Static      | .pdata
    Section length    C, #relocs    3, #linenums    0, checksum 68B67E9E, selection    5 (pick associative Section 0x13E)
9D6 00000000 SECT2DE notype       Static      | $pdata$?catch$0@?0??allocate_sample_handle@ClientMiles@@YAPEAUSample@1@PEAUDigitalDriver@1@@Z@4HA
9D7 00000000 SECT2DF notype       Static      | .xdata
    Section length   20, #relocs    2, #linenums    0, checksum 257D315A, selection    5 (pick associative Section 0x1BA)
9D9 00000000 SECT2DF notype       Static      | $unwind$?sample_ms_position@ClientMiles@@YAXPEAUSample@1@PEAH1@Z
9DA 00000000 SECT2E0 notype       Static      | .pdata
    Section length    C, #relocs    3, #linenums    0, checksum 7081DD13, selection    5 (pick associative Section 0x1BA)
9DC 00000000 SECT2E0 notype       Static      | $pdata$?sample_ms_position@ClientMiles@@YAXPEAUSample@1@PEAH1@Z
9DD 00000000 SECT2E1 notype       Static      | .rdata
    Section length   28, #relocs    2, #linenums    0, checksum D95C0F75, selection    5 (pick associative Section 0x1BA)
9DF 00000000 SECT2E1 notype       Static      | $cppxdata$?sample_ms_position@ClientMiles@@YAXPEAUSample@1@PEAH1@Z
9E0 00000000 SECT2E2 notype       Static      | .xdata
    Section length    8, #relocs    1, #linenums    0, checksum 9ADD2096, selection    5 (pick associative Section 0x1BA)
9E2 00000000 SECT2E2 notype       Static      | $stateUnwindMap$?sample_ms_position@ClientMiles@@YAXPEAUSample@1@PEAH1@Z
9E3 00000000 SECT2E3 notype       Static      | .xdata
    Section length   18, #relocs    3, #linenums    0, checksum 2AE19A03, selection    5 (pick associative Section 0x1BA)
9E5 00000000 SECT2E3 notype       Static      | $ip2state$?sample_ms_position@ClientMiles@@YAXPEAUSample@1@PEAH1@Z
9E6 00000000 SECT2E4 notype       Static      | .xdata
    Section length   18, #relocs    1, #linenums    0, checksum 74AC9B75, selection    5 (pick associative Section 0x163)
9E8 00000000 SECT2E4 notype       Static      | $unwind$?end_sample@ClientMiles@@YAXPEAUSample@1@@Z
9E9 00000000 SECT2E5 notype       Static      | .pdata
    Section length    C, #relocs    3, #linenums    0, checksum D0093386, selection    5 (pick associative Section 0x163)
9EB 00000000 SECT2E5 notype       Static      | $pdata$?end_sample@ClientMiles@@YAXPEAUSample@1@@Z
9EC 00000000 SECT2E6 notype       Static      | .xdata
    Section length   14, #relocs    1, #linenums    0, checksum E44CCF58, selection    5 (pick associative Section 0x1AD)
9EE 00000000 SECT2E6 notype       Static      | $unwind$?release_sample_handle@ClientMiles@@YAXPEAUSample@1@@Z
9EF 00000000 SECT2E7 notype       Static      | .pdata
    Section length    C, #relocs    3, #linenums    0, checksum 496753E3, selection    5 (pick associative Section 0x1AD)
9F1 00000000 SECT2E7 notype       Static      | $pdata$?release_sample_handle@ClientMiles@@YAXPEAUSample@1@@Z
9F2 00000000 SECT2E8 notype       Static      | .xdata
    Section length   14, #relocs    3, #linenums    0, checksum 47E62D1D, selection    5 (pick associative Section 0x1AD)
9F4 00000000 SECT2E8 notype       Static      | $chain$0$?release_sample_handle@ClientMiles@@YAXPEAUSample@1@@Z
9F5 00000000 SECT2E9 notype       Static      | .pdata
    Section length    C, #relocs    3, #linenums    0, checksum  368083C, selection    5 (pick associative Section 0x1AD)
9F7 00000000 SECT2E9 notype       Static      | $pdata$0$?release_sample_handle@ClientMiles@@YAXPEAUSample@1@@Z
9F8 00000000 SECT2EA notype       Static      | .xdata
    Section length   10, #relocs    3, #linenums    0, checksum F030B90F, selection    5 (pick associative Section 0x1AD)
9FA 00000000 SECT2EA notype       Static      | $chain$1$?release_sample_handle@ClientMiles@@YAXPEAUSample@1@@Z
9FB 00000000 SECT2EB notype       Static      | .pdata
    Section length    C, #relocs    3, #linenums    0, checksum B660C2E2, selection    5 (pick associative Section 0x1AD)
9FD 00000000 SECT2EB notype       Static      | $pdata$1$?release_sample_handle@ClientMiles@@YAXPEAUSample@1@@Z
9FE 00000000 SECT2EC notype       Static      | .xdata
    Section length   1C, #relocs    1, #linenums    0, checksum 80CDD216, selection    5 (pick associative Section 0x1E8)
A00 00000000 SECT2EC notype       Static      | $unwind$?start_sample@ClientMiles@@YAXPEAUSample@1@@Z
A01 00000000 SECT2ED notype       Static      | .pdata
    Section length    C, #relocs    3, #linenums    0, checksum CBD2B838, selection    5 (pick associative Section 0x1E8)
A03 00000000 SECT2ED notype       Static      | $pdata$?start_sample@ClientMiles@@YAXPEAUSample@1@@Z
A04 00000000 SECT2EE notype       Static      | .xdata
    Section length   1C, #relocs    1, #linenums    0, checksum 80CDD216, selection    5 (pick associative Section 0x1EC)
A06 00000000 SECT2EE notype       Static      | $unwind$?stop_sample@ClientMiles@@YAXPEAUSample@1@@Z
A07 00000000 SECT2EF notype       Static      | .pdata
    Section length    C, #relocs    3, #linenums    0, checksum CBD2B838, selection    5 (pick associative Section 0x1EC)
A09 00000000 SECT2EF notype       Static      | $pdata$?stop_sample@ClientMiles@@YAXPEAUSample@1@@Z
A0A 00000000 SECT2F0 notype       Static      | .xdata
    Section length   1C, #relocs    1, #linenums    0, checksum 80CDD216, selection    5 (pick associative Section 0x1C0)
A0C 00000000 SECT2F0 notype       Static      | $unwind$?sample_status@ClientMiles@@YAIPEAUSample@1@@Z
A0D 00000000 SECT2F1 notype       Static      | .pdata
    Section length    C, #relocs    3, #linenums    0, checksum 8332B65C, selection    5 (pick associative Section 0x1C0)
A0F 00000000 SECT2F1 notype       Static      | $pdata$?sample_status@ClientMiles@@YAIPEAUSample@1@@Z
A10 00000000 SECT2F2 notype       Static      | .xdata
    Section length   20, #relocs    1, #linenums    0, checksum 22FDD5A4, selection    5 (pick associative Section 0x1D7)
A12 00000000 SECT2F2 notype       Static      | $unwind$?set_sample_loop_count@ClientMiles@@YAXPEAUSample@1@H@Z
A13 00000000 SECT2F3 notype       Static      | .pdata
    Section length    C, #relocs    3, #linenums    0, checksum  C3AEC38, selection    5 (pick associative Section 0x1D7)
A15 00000000 SECT2F3 notype       Static      | $pdata$?set_sample_loop_count@ClientMiles@@YAXPEAUSample@1@H@Z
A16 00000000 SECT2F4 notype       Static      | .xdata
    Section length   20, #relocs    1, #linenums    0, checksum 979AD2E2, selection    5 (pick associative Section 0x1D6)
A18 00000000 SECT2F4 notype       Static      | $unwind$?set_sample_loop_block@ClientMiles@@YAXPEAUSample@1@HH@Z
A19 00000000 SECT2F5 notype       Static      | .pdata
    Section length    C, #relocs    3, #linenums    0, checksum 82B5EBDB, selection    5 (pick associative Section 0x1D6)
A1B 00000000 SECT2F5 notype       Static      | $pdata$?set_sample_loop_block@ClientMiles@@YAXPEAUSample@1@HH@Z
A1C 00000000 SECT2F6 notype       Static      | .xdata
    Section length   20, #relocs    1, #linenums    0, checksum 22FDD5A4, selection    5 (pick associative Section 0x1D8)
A1E 00000000 SECT2F6 notype       Static      | $unwind$?set_sample_ms_position@ClientMiles@@YAXPEAUSample@1@H@Z
A1F 00000000 SECT2F7 notype       Static      | .pdata
    Section length    C, #relocs    3, #linenums    0, checksum  C3AEC38, selection    5 (pick associative Section 0x1D8)
A21 00000000 SECT2F7 notype       Static      | $pdata$?set_sample_ms_position@ClientMiles@@YAXPEAUSample@1@H@Z
A22 00000000 SECT2F8 notype       Static      | .xdata
    Section length   20, #relocs    1, #linenums    0, checksum 22FDD5A4, selection    5 (pick associative Section 0x1DC)
A24 00000000 SECT2F8 notype       Static      | $unwind$?set_sample_position@ClientMiles@@YAXPEAUSample@1@I@Z
A25 00000000 SECT2F9 notype       Static      | .pdata
    Section length    C, #relocs    3, #linenums    0, checksum  C3AEC38, selection    5 (pick associative Section 0x1DC)
A27 00000000 SECT2F9 notype       Static      | $pdata$?set_sample_position@ClientMiles@@YAXPEAUSample@1@I@Z
A28 00000000 SECT2FA notype       Static      | .xdata
    Section length   1C, #relocs    1, #linenums    0, checksum 80CDD216, selection    5 (pick associative Section 0x1BE)
A2A 00000000 SECT2FA notype       Static      | $unwind$?sample_position@ClientMiles@@YAIPEAUSample@1@@Z
A2B 00000000 SECT2FB notype       Static      | .pdata
    Section length    C, #relocs    3, #linenums    0, checksum 8332B65C, selection    5 (pick associative Section 0x1BE)
A2D 00000000 SECT2FB notype       Static      | $pdata$?sample_position@ClientMiles@@YAIPEAUSample@1@@Z
A2E 00000000 SECT2FC notype       Static      | .xdata
    Section length   20, #relocs    1, #linenums    0, checksum 22FDD5A4, selection    5 (pick associative Section 0x1DB)
A30 00000000 SECT2FC notype       Static      | $unwind$?set_sample_playback_rate@ClientMiles@@YAXPEAUSample@1@H@Z
A31 00000000 SECT2FD notype       Static      | .pdata
    Section length    C, #relocs    3, #linenums    0, checksum 3FFBF8EC, selection    5 (pick associative Section 0x1DB)
A33 00000000 SECT2FD notype       Static      | $pdata$?set_sample_playback_rate@ClientMiles@@YAXPEAUSample@1@H@Z
A34 00000000 SECT2FE notype       Static      | .xdata
    Section length   20, #relocs    2, #linenums    0, checksum 2D836AF9, selection    5 (pick associative Section 0x1BC)
A36 00000000 SECT2FE notype       Static      | $unwind$?sample_playback_rate@ClientMiles@@YAHPEAUSample@1@@Z
A37 00000000 SECT2FF notype       Static      | .pdata
    Section length    C, #relocs    3, #linenums    0, checksum BBB1F616, selection    5 (pick associative Section 0x1BC)
A39 00000000 SECT2FF notype       Static      | $pdata$?sample_playback_rate@ClientMiles@@YAHPEAUSample@1@@Z
A3A 00000000 SECT300 notype       Static      | .rdata
    Section length   28, #relocs    2, #linenums    0, checksum D95C0F75, selection    5 (pick associative Section 0x1BC)
A3C 00000000 SECT300 notype       Static      | $cppxdata$?sample_playback_rate@ClientMiles@@YAHPEAUSample@1@@Z
A3D 00000000 SECT301 notype       Static      | .xdata
    Section length    8, #relocs    1, #linenums    0, checksum 9ADD2096, selection    5 (pick associative Section 0x1BC)
A3F 00000000 SECT301 notype       Static      | $stateUnwindMap$?sample_playback_rate@ClientMiles@@YAHPEAUSample@1@@Z
A40 00000000 SECT302 notype       Static      | .xdata
    Section length   18, #relocs    3, #linenums    0, checksum 777DC821, selection    5 (pick associative Section 0x1BC)
A42 00000000 SECT302 notype       Static      | $ip2state$?sample_playback_rate@ClientMiles@@YAHPEAUSample@1@@Z
A43 00000000 SECT303 notype       Static      | .xdata
    Section length   24, #relocs    1, #linenums    0, checksum AB787AF7, selection    5 (pick associative Section 0x1DE)
A45 00000000 SECT303 notype       Static      | $unwind$?set_sample_volume_levels@ClientMiles@@YAXPEAUSample@1@MM@Z
A46 00000000 SECT304 notype       Static      | .pdata
    Section length    C, #relocs    3, #linenums    0, checksum 3E7CA56B, selection    5 (pick associative Section 0x1DE)
A48 00000000 SECT304 notype       Static      | $pdata$?set_sample_volume_levels@ClientMiles@@YAXPEAUSample@1@MM@Z
A49 00000000 SECT305 notype       Static      | .xdata
    Section length   24, #relocs    1, #linenums    0, checksum AB787AF7, selection    5 (pick associative Section 0x1DD)
A4B 00000000 SECT305 notype       Static      | $unwind$?set_sample_reverb_levels@ClientMiles@@YAXPEAUSample@1@MM@Z
A4C 00000000 SECT306 notype       Static      | .pdata
    Section length    C, #relocs    3, #linenums    0, checksum 3E7CA56B, selection    5 (pick associative Section 0x1DD)
A4E 00000000 SECT306 notype       Static      | $pdata$?set_sample_reverb_levels@ClientMiles@@YAXPEAUSample@1@MM@Z
A4F 00000000 SECT307 notype       Static      | .xdata
    Section length   28, #relocs    1, #linenums    0, checksum DE666394, selection    5 (pick associative Section 0x1D4)
A51 00000000 SECT307 notype       Static      | $unwind$?set_sample_3D_position@ClientMiles@@YAXPEAUSample@1@MMM@Z
A52 00000000 SECT308 notype       Static      | .pdata
    Section length    C, #relocs    3, #linenums    0, checksum  F345736, selection    5 (pick associative Section 0x1D4)
A54 00000000 SECT308 notype       Static      | $pdata$?set_sample_3D_position@ClientMiles@@YAXPEAUSample@1@MMM@Z
A55 00000000 SECT309 notype       Static      | .xdata
    Section length   28, #relocs    1, #linenums    0, checksum DE666394, selection    5 (pick associative Section 0x1D5)
A57 00000000 SECT309 notype       Static      | $unwind$?set_sample_3D_velocity_vector@ClientMiles@@YAXPEAUSample@1@MMM@Z
A58 00000000 SECT30A notype       Static      | .pdata
    Section length    C, #relocs    3, #linenums    0, checksum  F345736, selection    5 (pick associative Section 0x1D5)
A5A 00000000 SECT30A notype       Static      | $pdata$?set_sample_3D_velocity_vector@ClientMiles@@YAXPEAUSample@1@MMM@Z
A5B 00000000 SECT30B notype       Static      | .xdata
    Section length   28, #relocs    1, #linenums    0, checksum  C8AD67F, selection    5 (pick associative Section 0x1D3)
A5D 00000000 SECT30B notype       Static      | $unwind$?set_sample_3D_distances@ClientMiles@@YAXPEAUSample@1@MMH@Z
A5E 00000000 SECT30C notype       Static      | .pdata
    Section length    C, #relocs    3, #linenums    0, checksum 9EF44BFE, selection    5 (pick associative Section 0x1D3)
A60 00000000 SECT30C notype       Static      | $pdata$?set_sample_3D_distances@ClientMiles@@YAXPEAUSample@1@MMH@Z
A61 00000000 SECT30D notype       Static      | .xdata
    Section length   20, #relocs    1, #linenums    0, checksum 7440DB36, selection    5 (pick associative Section 0x1DA)
A63 00000000 SECT30D notype       Static      | $unwind$?set_sample_occlusion@ClientMiles@@YAXPEAUSample@1@M@Z
A64 00000000 SECT30E notype       Static      | .pdata
    Section length    C, #relocs    3, #linenums    0, checksum 82B5EBDB, selection    5 (pick associative Section 0x1DA)
A66 00000000 SECT30E notype       Static      | $pdata$?set_sample_occlusion@ClientMiles@@YAXPEAUSample@1@M@Z
A67 00000000 SECT30F notype       Static      | .xdata
    Section length   20, #relocs    1, #linenums    0, checksum 7440DB36, selection    5 (pick associative Section 0x1D9)
A69 00000000 SECT30F notype       Static      | $unwind$?set_sample_obstruction@ClientMiles@@YAXPEAUSample@1@M@Z
A6A 00000000 SECT310 notype       Static      | .pdata
    Section length    C, #relocs    3, #linenums    0, checksum 82B5EBDB, selection    5 (pick associative Section 0x1D9)
A6C 00000000 SECT310 notype       Static      | $pdata$?set_sample_obstruction@ClientMiles@@YAXPEAUSample@1@M@Z
A6D 00000000 SECT311 notype       Static      | .xdata
    Section length   28, #relocs    2, #linenums    0, checksum E1053ABF, selection    5 (pick associative Section 0x198)
A6F 00000000 SECT311 notype       Static      | $unwind$?open_stream@ClientMiles@@YAPEAUOwnedStream@1@PEAUDigitalDriver@1@PEBDH@Z
A70 00000000 SECT312 notype       Static      | .pdata
    Section length    C, #relocs    3, #linenums    0, checksum 17A31C7B, selection    5 (pick associative Section 0x198)
A72 00000000 SECT312 notype       Static      | $pdata$?open_stream@ClientMiles@@YAPEAUOwnedStream@1@PEAUDigitalDriver@1@PEBDH@Z
A73 00000000 SECT313 notype       Static      | .rdata
    Section length   28, #relocs    3, #linenums    0, checksum 1C85BFAC, selection    5 (pick associative Section 0x198)
A75 00000000 SECT313 notype       Static      | $cppxdata$?open_stream@ClientMiles@@YAPEAUOwnedStream@1@PEAUDigitalDriver@1@PEBDH@Z
A76 00000000 SECT314 notype       Static      | .xdata
    Section length   28, #relocs    3, #linenums    0, checksum DC3C8294, selection    5 (pick associative Section 0x198)
A78 00000000 SECT314 notype       Static      | $stateUnwindMap$?open_stream@ClientMiles@@YAPEAUOwnedStream@1@PEAUDigitalDriver@1@PEBDH@Z
A79 00000000 SECT315 notype       Static      | .xdata
    Section length   14, #relocs    1, #linenums    0, checksum 2CAAF99F, selection    5 (pick associative Section 0x198)
A7B 00000000 SECT315 notype       Static      | $tryMap$?open_stream@ClientMiles@@YAPEAUOwnedStream@1@PEAUDigitalDriver@1@PEBDH@Z
A7C 00000000 SECT316 notype       Static      | .xdata
    Section length   14, #relocs    1, #linenums    0, checksum 6B58D0C4, selection    5 (pick associative Section 0x198)
A7E 00000000 SECT316 notype       Static      | $handlerMap$0$?open_stream@ClientMiles@@YAPEAUOwnedStream@1@PEAUDigitalDriver@1@PEBDH@Z
A7F 00000000 SECT317 notype       Static      | .xdata
    Section length   68, #relocs    D, #linenums    0, checksum 662AE107, selection    5 (pick associative Section 0x198)
A81 00000000 SECT317 notype       Static      | $ip2state$?open_stream@ClientMiles@@YAPEAUOwnedStream@1@PEAUDigitalDriver@1@PEBDH@Z
A82 00000000 SECT318 notype       Static      | .xdata
    Section length   10, #relocs    2, #linenums    0, checksum  894344E, selection    5 (pick associative Section 0x198)
A84 00000000 SECT318 notype       Static      | $unwind$?catch$0@?0??open_stream@ClientMiles@@YAPEAUOwnedStream@1@PEAUDigitalDriver@1@PEBDH@Z@4HA
A85 00000000 SECT319 notype       Static      | .pdata
    Section length    C, #relocs    3, #linenums    0, checksum ECFC7064, selection    5 (pick associative Section 0x198)
A87 00000000 SECT319 notype       Static      | $pdata$?catch$0@?0??open_stream@ClientMiles@@YAPEAUOwnedStream@1@PEAUDigitalDriver@1@PEBDH@Z@4HA
A88 00000000 SECT31A notype       Static      | .xdata
    Section length   1C, #relocs    1, #linenums    0, checksum  A465AB7, selection    5 (pick associative Section 0x151)
A8A 00000000 SECT31A notype       Static      | $unwind$?close_stream@ClientMiles@@YAXPEAUOwnedStream@1@@Z
A8B 00000000 SECT31B notype       Static      | .pdata
    Section length    C, #relocs    3, #linenums    0, checksum 455DBFDB, selection    5 (pick associative Section 0x151)
A8D 00000000 SECT31B notype       Static      | $pdata$?close_stream@ClientMiles@@YAXPEAUOwnedStream@1@@Z
A8E 00000000 SECT31C notype       Static      | .xdata
    Section length   24, #relocs    2, #linenums    0, checksum  84B53A2, selection    5 (pick associative Section 0x1F0)
A90 00000000 SECT31C notype       Static      | $unwind$?stream_sample_handle@ClientMiles@@YAPEAUSample@1@PEAUOwnedStream@1@@Z
A91 00000000 SECT31D notype       Static      | .pdata
    Section length    C, #relocs    3, #linenums    0, checksum 2507C615, selection    5 (pick associative Section 0x1F0)
A93 00000000 SECT31D notype       Static      | $pdata$?stream_sample_handle@ClientMiles@@YAPEAUSample@1@PEAUOwnedStream@1@@Z
A94 00000000 SECT31E notype       Static      | .rdata
    Section length   28, #relocs    2, #linenums    0, checksum E35FBDC8, selection    5 (pick associative Section 0x1F0)
A96 00000000 SECT31E notype       Static      | $cppxdata$?stream_sample_handle@ClientMiles@@YAPEAUSample@1@PEAUOwnedStream@1@@Z
A97 00000000 SECT31F notype       Static      | .xdata
    Section length    8, #relocs    1, #linenums    0, checksum 9ADD2096, selection    5 (pick associative Section 0x1F0)
A99 00000000 SECT31F notype       Static      | $stateUnwindMap$?stream_sample_handle@ClientMiles@@YAPEAUSample@1@PEAUOwnedStream@1@@Z
A9A 00000000 SECT320 notype       Static      | .xdata
    Section length   38, #relocs    7, #linenums    0, checksum DB057987, selection    5 (pick associative Section 0x1F0)
A9C 00000000 SECT320 notype       Static      | $ip2state$?stream_sample_handle@ClientMiles@@YAPEAUSample@1@PEAUOwnedStream@1@@Z
A9D 00000000 SECT321 notype       Static      | .xdata
    Section length   1C, #relocs    1, #linenums    0, checksum  A465AB7, selection    5 (pick associative Section 0x1E9)
A9F 00000000 SECT321 notype       Static      | $unwind$?start_stream@ClientMiles@@YAXPEAUOwnedStream@1@@Z
AA0 00000000 SECT322 notype       Static      | .pdata
    Section length    C, #relocs    3, #linenums    0, checksum 8FEAC959, selection    5 (pick associative Section 0x1E9)
AA2 00000000 SECT322 notype       Static      | $pdata$?start_stream@ClientMiles@@YAXPEAUOwnedStream@1@@Z
AA3 00000000 SECT323 notype       Static      | .xdata
    Section length   20, #relocs    1, #linenums    0, checksum 4F6BFB92, selection    5 (pick associative Section 0x1E0)
AA5 00000000 SECT323 notype       Static      | $unwind$?set_stream_loop_count@ClientMiles@@YAXPEAUOwnedStream@1@H@Z
AA6 00000000 SECT324 notype       Static      | .pdata
    Section length    C, #relocs    3, #linenums    0, checksum 9A60DB6B, selection    5 (pick associative Section 0x1E0)
AA8 00000000 SECT324 notype       Static      | $pdata$?set_stream_loop_count@ClientMiles@@YAXPEAUOwnedStream@1@H@Z
AA9 00000000 SECT325 notype       Static      | .xdata
    Section length   24, #relocs    1, #linenums    0, checksum AB2092CC, selection    5 (pick associative Section 0x1DF)
AAB 00000000 SECT325 notype       Static      | $unwind$?set_stream_loop_block@ClientMiles@@YAXPEAUOwnedStream@1@HH@Z
AAC 00000000 SECT326 notype       Static      | .pdata
    Section length    C, #relocs    3, #linenums    0, checksum 6854EDA3, selection    5 (pick associative Section 0x1DF)
AAE 00000000 SECT326 notype       Static      | $pdata$?set_stream_loop_block@ClientMiles@@YAXPEAUOwnedStream@1@HH@Z
AAF 00000000 SECT327 notype       Static      | .xdata
    Section length   20, #relocs    2, #linenums    0, checksum 852A951E, selection    5 (pick associative Section 0x1F2)
AB1 00000000 SECT327 notype       Static      | $unwind$?stream_status@ClientMiles@@YAHPEAUOwnedStream@1@@Z
AB2 00000000 SECT328 notype       Static      | .pdata
    Section length    C, #relocs    3, #linenums    0, checksum AE3BE424, selection    5 (pick associative Section 0x1F2)
AB4 00000000 SECT328 notype       Static      | $pdata$?stream_status@ClientMiles@@YAHPEAUOwnedStream@1@@Z
AB5 00000000 SECT329 notype       Static      | .rdata
    Section length   28, #relocs    2, #linenums    0, checksum D95C0F75, selection    5 (pick associative Section 0x1F2)
AB7 00000000 SECT329 notype       Static      | $cppxdata$?stream_status@ClientMiles@@YAHPEAUOwnedStream@1@@Z
AB8 00000000 SECT32A notype       Static      | .xdata
    Section length    8, #relocs    1, #linenums    0, checksum 9ADD2096, selection    5 (pick associative Section 0x1F2)
ABA 00000000 SECT32A notype       Static      | $stateUnwindMap$?stream_status@ClientMiles@@YAHPEAUOwnedStream@1@@Z
ABB 00000000 SECT32B notype       Static      | .xdata
    Section length   18, #relocs    3, #linenums    0, checksum 83AB12D4, selection    5 (pick associative Section 0x1F2)
ABD 00000000 SECT32B notype       Static      | $ip2state$?stream_status@ClientMiles@@YAHPEAUOwnedStream@1@@Z
ABE 00000000 SECT32C notype       Static      | .xdata
    Section length   20, #relocs    1, #linenums    0, checksum 4F6BFB92, selection    5 (pick associative Section 0x1E1)
AC0 00000000 SECT32C notype       Static      | $unwind$?set_stream_ms_position@ClientMiles@@YAXPEAUOwnedStream@1@H@Z
AC1 00000000 SECT32D notype       Static      | .pdata
    Section length    C, #relocs    3, #linenums    0, checksum 9A60DB6B, selection    5 (pick associative Section 0x1E1)
AC3 00000000 SECT32D notype       Static      | $pdata$?set_stream_ms_position@ClientMiles@@YAXPEAUOwnedStream@1@H@Z
AC4 00000000 SECT32E notype       Static      | .xdata
    Section length   24, #relocs    2, #linenums    0, checksum 3EAB3959, selection    5 (pick associative Section 0x1EE)
AC6 00000000 SECT32E notype       Static      | $unwind$?stream_ms_position@ClientMiles@@YAXPEAUOwnedStream@1@PEAH1@Z
AC7 00000000 SECT32F notype       Static      | .pdata
    Section length    C, #relocs    3, #linenums    0, checksum 4D11504B, selection    5 (pick associative Section 0x1EE)
AC9 00000000 SECT32F notype       Static      | $pdata$?stream_ms_position@ClientMiles@@YAXPEAUOwnedStream@1@PEAH1@Z
ACA 00000000 SECT330 notype       Static      | .rdata
    Section length   28, #relocs    2, #linenums    0, checksum ADB25691, selection    5 (pick associative Section 0x1EE)
ACC 00000000 SECT330 notype       Static      | $cppxdata$?stream_ms_position@ClientMiles@@YAXPEAUOwnedStream@1@PEAH1@Z
ACD 00000000 SECT331 notype       Static      | .xdata
    Section length    8, #relocs    1, #linenums    0, checksum 9ADD2096, selection    5 (pick associative Section 0x1EE)
ACF 00000000 SECT331 notype       Static      | $stateUnwindMap$?stream_ms_position@ClientMiles@@YAXPEAUOwnedStream@1@PEAH1@Z
AD0 00000000 SECT332 notype       Static      | .xdata
    Section length   18, #relocs    3, #linenums    0, checksum EA4C8F2A, selection    5 (pick associative Section 0x1EE)
AD2 00000000 SECT332 notype       Static      | $ip2state$?stream_ms_position@ClientMiles@@YAXPEAUOwnedStream@1@PEAH1@Z
AD3 00000000 SECT333 notype       Static      | .xdata
    Section length   24, #relocs    1, #linenums    0, checksum 4EAC1851, selection    5 (pick associative Section 0x1CC)
AD5 00000000 SECT333 notype       Static      | $unwind$?set_listener_3D_position@ClientMiles@@YAXPEAUDigitalDriver@1@MMM@Z
AD6 00000000 SECT334 notype       Static      | .pdata
    Section length    C, #relocs    3, #linenums    0, checksum D845DC16, selection    5 (pick associative Section 0x1CC)
AD8 00000000 SECT334 notype       Static      | $pdata$?set_listener_3D_position@ClientMiles@@YAXPEAUDigitalDriver@1@MMM@Z
AD9 00000000 SECT335 notype       Static      | .xdata
    Section length   24, #relocs    1, #linenums    0, checksum 4EAC1851, selection    5 (pick associative Section 0x1CD)
ADB 00000000 SECT335 notype       Static      | $unwind$?set_listener_3D_velocity_vector@ClientMiles@@YAXPEAUDigitalDriver@1@MMM@Z
ADC 00000000 SECT336 notype       Static      | .pdata
    Section length    C, #relocs    3, #linenums    0, checksum D845DC16, selection    5 (pick associative Section 0x1CD)
ADE 00000000 SECT336 notype       Static      | $pdata$?set_listener_3D_velocity_vector@ClientMiles@@YAXPEAUDigitalDriver@1@MMM@Z
ADF 00000000 SECT337 notype       Static      | .xdata
    Section length   24, #relocs    1, #linenums    0, checksum 4EAC1851, selection    5 (pick associative Section 0x1CB)
AE1 00000000 SECT337 notype       Static      | $unwind$?set_listener_3D_orientation@ClientMiles@@YAXPEAUDigitalDriver@1@MMMMMM@Z
AE2 00000000 SECT338 notype       Static      | .pdata
    Section length    C, #relocs    3, #linenums    0, checksum 84A89DC7, selection    5 (pick associative Section 0x1CB)
AE4 00000000 SECT338 notype       Static      | $pdata$?set_listener_3D_orientation@ClientMiles@@YAXPEAUDigitalDriver@1@MMMMMM@Z
AE5 00000000 SECT339 notype       Static      | .xdata
    Section length   18, #relocs    1, #linenums    0, checksum 9F264865, selection    5 (pick associative Section 0x1CA)
AE7 00000000 SECT339 notype       Static      | $unwind$?set_3D_rolloff_factor@ClientMiles@@YAXPEAUDigitalDriver@1@M@Z
AE8 00000000 SECT33A notype       Static      | .pdata
    Section length    C, #relocs    3, #linenums    0, checksum 5C0FD2EC, selection    5 (pick associative Section 0x1CA)
AEA 00000000 SECT33A notype       Static      | $pdata$?set_3D_rolloff_factor@ClientMiles@@YAXPEAUDigitalDriver@1@M@Z
AEB 00000000 SECT33B notype       Static      | .xdata
    Section length   14, #relocs    1, #linenums    0, checksum E44CCF58, selection    5 (pick associative Section 0x1C9)
AED 00000000 SECT33B notype       Static      | $unwind$?serve@ClientMiles@@YAXXZ
AEE 00000000 SECT33C notype       Static      | .pdata
    Section length    C, #relocs    3, #linenums    0, checksum F05F437C, selection    5 (pick associative Section 0x1C9)
AF0 00000000 SECT33C notype       Static      | $pdata$?serve@ClientMiles@@YAXXZ
AF1 00000000 SECT33D notype       Static      | .xdata
    Section length   18, #relocs    2, #linenums    0, checksum 1D1DBFC7, selection    5 (pick associative Section 0x1B3)
AF3 00000000 SECT33D notype       Static      | $unwind$?room_type@ClientMiles@@YAHPEAUDigitalDriver@1@@Z
AF4 00000000 SECT33E notype       Static      | .pdata
    Section length    C, #relocs    3, #linenums    0, checksum CDCFCE24, selection    5 (pick associative Section 0x1B3)
AF6 00000000 SECT33E notype       Static      | $pdata$?room_type@ClientMiles@@YAHPEAUDigitalDriver@1@@Z
AF7 00000000 SECT33F notype       Static      | .rdata
    Section length   28, #relocs    2, #linenums    0, checksum D95C0F75, selection    5 (pick associative Section 0x1B3)
AF9 00000000 SECT33F notype       Static      | $cppxdata$?room_type@ClientMiles@@YAHPEAUDigitalDriver@1@@Z
AFA 00000000 SECT340 notype       Static      | .xdata
    Section length    8, #relocs    1, #linenums    0, checksum 9ADD2096, selection    5 (pick associative Section 0x1B3)
AFC 00000000 SECT340 notype       Static      | $stateUnwindMap$?room_type@ClientMiles@@YAHPEAUDigitalDriver@1@@Z
AFD 00000000 SECT341 notype       Static      | .xdata
    Section length   18, #relocs    3, #linenums    0, checksum F1F511AE, selection    5 (pick associative Section 0x1B3)
AFF 00000000 SECT341 notype       Static      | $ip2state$?room_type@ClientMiles@@YAHPEAUDigitalDriver@1@@Z
B00 00000000 SECT342 notype       Static      | .xdata
    Section length   18, #relocs    1, #linenums    0, checksum 74AC9B75, selection    5 (pick associative Section 0x1D2)
B02 00000000 SECT342 notype       Static      | $unwind$?set_room_type@ClientMiles@@YAXPEAUDigitalDriver@1@H@Z
B03 00000000 SECT343 notype       Static      | .pdata
    Section length    C, #relocs    3, #linenums    0, checksum 4340C9C7, selection    5 (pick associative Section 0x1D2)
B05 00000000 SECT343 notype       Static      | $pdata$?set_room_type@ClientMiles@@YAXPEAUDigitalDriver@1@H@Z
B06 00000000 SECT344 notype       Static      | .xdata
    Section length    8, #relocs    0, #linenums    0, checksum  FC539D1, selection    5 (pick associative Section 0x13D)
B08 00000000 SECT344 notype       Static      | $unwind$?allocate@?$allocator@U?$_List_node@V?$unique_ptr@USample@ClientMiles@@U?$default_delete@USample@ClientMiles@@@std@@@std@@PEAX@std@@@std@@QEAAPEAU?$_List_node@V?$unique_ptr@USample@ClientMiles@@U?$default_delete@USample@ClientMiles@@@std@@@std@@PEAX@2@_K@Z
B09 00000000 SECT345 notype       Static      | .pdata
    Section length    C, #relocs    3, #linenums    0, checksum 8F085A64, selection    5 (pick associative Section 0x13D)
B0B 00000000 SECT345 notype       Static      | $pdata$?allocate@?$allocator@U?$_List_node@V?$unique_ptr@USample@ClientMiles@@U?$default_delete@USample@ClientMiles@@@std@@@std@@PEAX@std@@@std@@QEAAPEAU?$_List_node@V?$unique_ptr@USample@ClientMiles@@U?$default_delete@USample@ClientMiles@@@std@@@std@@PEAX@2@_K@Z
B0C 00000000 SECT346 notype       Static      | .xdata
    Section length    8, #relocs    0, #linenums    0, checksum  FC539D1, selection    5 (pick associative Section 0x139)
B0E 00000000 SECT346 notype       Static      | $unwind$?allocate@?$_Wrap_alloc@V?$allocator@U?$_List_node@V?$unique_ptr@USample@ClientMiles@@U?$default_delete@USample@ClientMiles@@@std@@@std@@PEAX@std@@@std@@@std@@QEAAPEAU?$_List_node@V?$unique_ptr@USample@ClientMiles@@U?$default_delete@USample@ClientMiles@@@std@@@std@@PEAX@2@_K@Z
B0F 00000000 SECT347 notype       Static      | .pdata
    Section length    C, #relocs    3, #linenums    0, checksum 8F085A64, selection    5 (pick associative Section 0x139)
B11 00000000 SECT347 notype       Static      | $pdata$?allocate@?$_Wrap_alloc@V?$allocator@U?$_List_node@V?$unique_ptr@USample@ClientMiles@@U?$default_delete@USample@ClientMiles@@@std@@@std@@PEAX@std@@@std@@@std@@QEAAPEAU?$_List_node@V?$unique_ptr@USample@ClientMiles@@U?$default_delete@USample@ClientMiles@@@std@@@std@@PEAX@2@_K@Z
B12 00000000 SECT348 notype       Static      | .xdata
    Section length    8, #relocs    0, #linenums    0, checksum F4D9A8A3, selection    5 (pick associative Section 0x59)
B14 00000000 SECT348 notype       Static      | $unwind$??0?$_List_alloc@$0A@U?$_List_base_types@V?$unique_ptr@USample@ClientMiles@@U?$default_delete@USample@ClientMiles@@@std@@@std@@V?$allocator@V?$unique_ptr@USample@ClientMiles@@U?$default_delete@USample@ClientMiles@@@std@@@std@@@2@@std@@@std@@QEAA@AEBV?$allocator@V?$unique_ptr@USample@ClientMiles@@U?$default_delete@USample@ClientMiles@@@std@@@std@@@1@@Z
B15 00000000 SECT349 notype       Static      | .pdata
    Section length    C, #relocs    3, #linenums    0, checksum 2A9379E3, selection    5 (pick associative Section 0x59)
B17 00000000 SECT349 notype       Static      | $pdata$??0?$_List_alloc@$0A@U?$_List_base_types@V?$unique_ptr@USample@ClientMiles@@U?$default_delete@USample@ClientMiles@@@std@@@std@@V?$allocator@V?$unique_ptr@USample@ClientMiles@@U?$default_delete@USample@ClientMiles@@@std@@@std@@@2@@std@@@std@@QEAA@AEBV?$allocator@V?$unique_ptr@USample@ClientMiles@@U?$default_delete@USample@ClientMiles@@@std@@@std@@@1@@Z
B18 00000000 SECT34A notype       Static      | .xdata
    Section length   14, #relocs    2, #linenums    0, checksum 95D5DD4F, selection    5 (pick associative Section 0x10A)
B1A 00000000 SECT34A notype       Static      | $unwind$?_Buynode0@?$_List_alloc@$0A@U?$_List_base_types@V?$unique_ptr@USample@ClientMiles@@U?$default_delete@USample@ClientMiles@@@std@@@std@@V?$allocator@V?$unique_ptr@USample@ClientMiles@@U?$default_delete@USample@ClientMiles@@@std@@@std@@@2@@std@@@std@@QEAAPEAU?$_List_node@V?$unique_ptr@USample@ClientMiles@@U?$default_delete@USample@ClientMiles@@@std@@@std@@PEAX@2@PEAU32@0@Z
B1B 00000000 SECT34B notype       Static      | .pdata
    Section length    C, #relocs    3, #linenums    0, checksum 4A69E8ED, selection    5 (pick associative Section 0x10A)
B1D 00000000 SECT34B notype       Static      | $pdata$?_Buynode0@?$_List_alloc@$0A@U?$_List_base_types@V?$unique_ptr@USample@ClientMiles@@U?$default_delete@USample@ClientMiles@@@std@@@std@@V?$allocator@V?$unique_ptr@USample@ClientMiles@@U?$default_delete@USample@ClientMiles@@@std@@@std@@@2@@std@@@std@@QEAAPEAU?$_List_node@V?$unique_ptr@USample@ClientMiles@@U?$default_delete@USample@ClientMiles@@@std@@@std@@PEAX@2@PEAU32@0@Z
B1E 00000000 SECT34C notype       Static      | .rdata
    Section length   28, #relocs    3, #linenums    0, checksum  849A3B3, selection    5 (pick associative Section 0x10A)
B20 00000000 SECT34C notype       Static      | $cppxdata$?_Buynode0@?$_List_alloc@$0A@U?$_List_base_types@V?$unique_ptr@USample@ClientMiles@@U?$default_delete@USample@ClientMiles@@@std@@@std@@V?$allocator@V?$unique_ptr@USample@ClientMiles@@U?$default_delete@USample@ClientMiles@@@std@@@std@@@2@@std@@@std@@QEAAPEAU?$_List_node@V?$unique_ptr@USample@ClientMiles@@U?$default_delete@USample@ClientMiles@@@std@@@std@@PEAX@2@PEAU32@0@Z
B21 00000000 SECT34D notype       Static      | .xdata
    Section length   10, #relocs    0, #linenums    0, checksum 8999943C, selection    5 (pick associative Section 0x10A)
B23 00000000 SECT34D notype       Static      | $stateUnwindMap$?_Buynode0@?$_List_alloc@$0A@U?$_List_base_types@V?$unique_ptr@USample@ClientMiles@@U?$default_delete@USample@ClientMiles@@@std@@@std@@V?$allocator@V?$unique_ptr@USample@ClientMiles@@U?$default_delete@USample@ClientMiles@@@std@@@std@@@2@@std@@@std@@QEAAPEAU?$_List_node@V?$unique_ptr@USample@ClientMiles@@U?$default_delete@USample@ClientMiles@@@std@@@std@@PEAX@2@PEAU32@0@Z
B24 00000000 SECT34E notype       Static      | .xdata
    Section length   14, #relocs    1, #linenums    0, checksum 570F4CF1, selection    5 (pick associative Section 0x10A)
B26 00000000 SECT34E notype       Static      | $tryMap$?_Buynode0@?$_List_alloc@$0A@U?$_List_base_types@V?$unique_ptr@USample@ClientMiles@@U?$default_delete@USample@ClientMiles@@@std@@@std@@V?$allocator@V?$unique_ptr@USample@ClientMiles@@U?$default_delete@USample@ClientMiles@@@std@@@std@@@2@@std@@@std@@QEAAPEAU?$_List_node@V?$unique_ptr@USample@ClientMiles@@U?$default_delete@USample@ClientMiles@@@std@@@std@@PEAX@2@PEAU32@0@Z
B27 00000000 SECT34F notype       Static      | .xdata
    Section length   14, #relocs    1, #linenums    0, checksum   677058, selection    5 (pick associative Section 0x10A)
B29 00000000 SECT34F notype       Static      | $handlerMap$0$?_Buynode0@?$_List_alloc@$0A@U?$_List_base_types@V?$unique_ptr@USample@ClientMiles@@U?$default_delete@USample@ClientMiles@@@std@@@std@@V?$allocator@V?$unique_ptr@USample@ClientMiles@@U?$default_delete@USample@ClientMiles@@@std@@@std@@@2@@std@@@std@@QEAAPEAU?$_List_node@V?$unique_ptr@USample@ClientMiles@@U?$default_delete@USample@ClientMiles@@@std@@@std@@PEAX@2@PEAU32@0@Z
B2A 00000000 SECT350 notype       Static      | .xdata
    Section length   28, #relocs    5, #linenums    0, checksum 7E5C5A4D, selection    5 (pick associative Section 0x10A)
B2C 00000000 SECT350 notype       Static      | $ip2state$?_Buynode0@?$_List_alloc@$0A@U?$_List_base_types@V?$unique_ptr@USample@ClientMiles@@U?$default_delete@USample@ClientMiles@@@std@@@std@@V?$allocator@V?$unique_ptr@USample@ClientMiles@@U?$default_delete@USample@ClientMiles@@@std@@@std@@@2@@std@@@std@@QEAAPEAU?$_List_node@V?$unique_ptr@USample@ClientMiles@@U?$default_delete@USample@ClientMiles@@@std@@@std@@PEAX@2@PEAU32@0@Z
B2D 00000000 SECT351 notype       Static      | .xdata
    Section length   10, #relocs    2, #linenums    0, checksum 5840A276, selection    5 (pick associative Section 0x10A)
B2F 00000000 SECT351 notype       Static      | $unwind$?catch$0@?0??_Buynode0@?$_List_alloc@$0A@U?$_List_base_types@V?$unique_ptr@USample@ClientMiles@@U?$default_delete@USample@ClientMiles@@@std@@@std@@V?$allocator@V?$unique_ptr@USample@ClientMiles@@U?$default_delete@USample@ClientMiles@@@std@@@std@@@2@@std@@@std@@QEAAPEAU?$_List_node@V?$unique_ptr@USample@ClientMiles@@U?$default_delete@USample@ClientMiles@@@std@@@std@@PEAX@2@PEAU32@0@Z@4HA
B30 00000000 SECT352 notype       Static      | .pdata
    Section length    C, #relocs    3, #linenums    0, checksum F9766256, selection    5 (pick associative Section 0x10A)
B32 00000000 SECT352 notype       Static      | $pdata$?catch$0@?0??_Buynode0@?$_List_alloc@$0A@U?$_List_base_types@V?$unique_ptr@USample@ClientMiles@@U?$default_delete@USample@ClientMiles@@@std@@@std@@V?$allocator@V?$unique_ptr@USample@ClientMiles@@U?$default_delete@USample@ClientMiles@@@std@@@std@@@2@@std@@@std@@QEAAPEAU?$_List_node@V?$unique_ptr@USample@ClientMiles@@U?$default_delete@USample@ClientMiles@@@std@@@std@@PEAX@2@PEAU32@0@Z@4HA
B33 00000000 SECT353 notype       Static      | .xdata
    Section length    8, #relocs    0, #linenums    0, checksum F4D9A8A3, selection    5 (pick associative Section 0x5B)
B35 00000000 SECT353 notype       Static      | $unwind$??0?$_List_buy@V?$unique_ptr@USample@ClientMiles@@U?$default_delete@USample@ClientMiles@@@std@@@std@@V?$allocator@V?$unique_ptr@USample@ClientMiles@@U?$default_delete@USample@ClientMiles@@@std@@@std@@@2@@std@@QEAA@AEBV?$allocator@V?$unique_ptr@USample@ClientMiles@@U?$default_delete@USample@ClientMiles@@@std@@@std@@@1@@Z
B36 00000000 SECT354 notype       Static      | .pdata
    Section length    C, #relocs    3, #linenums    0, checksum 2A9379E3, selection    5 (pick associative Section 0x5B)
B38 00000000 SECT354 notype       Static      | $pdata$??0?$_List_buy@V?$unique_ptr@USample@ClientMiles@@U?$default_delete@USample@ClientMiles@@@std@@@std@@V?$allocator@V?$unique_ptr@USample@ClientMiles@@U?$default_delete@USample@ClientMiles@@@std@@@std@@@2@@std@@QEAA@AEBV?$allocator@V?$unique_ptr@USample@ClientMiles@@U?$default_delete@USample@ClientMiles@@@std@@@std@@@1@@Z
B39 00000000 SECT355 notype       Static      | .xdata
    Section length    8, #relocs    0, #linenums    0, checksum F4D9A8A3, selection    5 (pick associative Section 0x114)
B3B 00000000 SECT355 notype       Static      | $unwind$?_Freenode@?$_List_buy@V?$unique_ptr@USample@ClientMiles@@U?$default_delete@USample@ClientMiles@@@std@@@std@@V?$allocator@V?$unique_ptr@USample@ClientMiles@@U?$default_delete@USample@ClientMiles@@@std@@@std@@@2@@std@@QEAAXPEAU?$_List_node@V?$unique_ptr@USample@ClientMiles@@U?$default_delete@USample@ClientMiles@@@std@@@std@@PEAX@2@@Z
B3C 00000000 SECT356 notype       Static      | .pdata
    Section length    C, #relocs    3, #linenums    0, checksum 7D3C6CAC, selection    5 (pick associative Section 0x114)
B3E 00000000 SECT356 notype       Static      | $pdata$?_Freenode@?$_List_buy@V?$unique_ptr@USample@ClientMiles@@U?$default_delete@USample@ClientMiles@@@std@@@std@@V?$allocator@V?$unique_ptr@USample@ClientMiles@@U?$default_delete@USample@ClientMiles@@@std@@@std@@@2@@std@@QEAAXPEAU?$_List_node@V?$unique_ptr@USample@ClientMiles@@U?$default_delete@USample@ClientMiles@@@std@@@std@@PEAX@2@@Z
B3F 00000000 SECT357 notype       Static      | .xdata
    Section length    8, #relocs    0, #linenums    0, checksum F4D9A8A3, selection    5 (pick associative Section 0x88)
B41 00000000 SECT357 notype       Static      | $unwind$??0?$list@V?$unique_ptr@USample@ClientMiles@@U?$default_delete@USample@ClientMiles@@@std@@@std@@V?$allocator@V?$unique_ptr@USample@ClientMiles@@U?$default_delete@USample@ClientMiles@@@std@@@std@@@2@@std@@QEAA@XZ
B42 00000000 SECT358 notype       Static      | .pdata
    Section length    C, #relocs    3, #linenums    0, checksum 2A9379E3, selection    5 (pick associative Section 0x88)
B44 00000000 SECT358 notype       Static      | $pdata$??0?$list@V?$unique_ptr@USample@ClientMiles@@U?$default_delete@USample@ClientMiles@@@std@@@std@@V?$allocator@V?$unique_ptr@USample@ClientMiles@@U?$default_delete@USample@ClientMiles@@@std@@@std@@@2@@std@@QEAA@XZ
B45 00000000 SECT359 notype       Static      | .xdata
    Section length    C, #relocs    0, #linenums    0, checksum 2559CD25, selection    5 (pick associative Section 0x1A7)
B47 00000000 SECT359 notype       Static      | $unwind$?push_back@?$list@V?$unique_ptr@USample@ClientMiles@@U?$default_delete@USample@ClientMiles@@@std@@@std@@V?$allocator@V?$unique_ptr@USample@ClientMiles@@U?$default_delete@USample@ClientMiles@@@std@@@std@@@2@@std@@QEAAX$$QEAV?$unique_ptr@USample@ClientMiles@@U?$default_delete@USample@ClientMiles@@@std@@@2@@Z
B48 00000000 SECT35A notype       Static      | .pdata
    Section length    C, #relocs    3, #linenums    0, checksum 5E64A758, selection    5 (pick associative Section 0x1A7)
B4A 00000000 SECT35A notype       Static      | $pdata$?push_back@?$list@V?$unique_ptr@USample@ClientMiles@@U?$default_delete@USample@ClientMiles@@@std@@@std@@V?$allocator@V?$unique_ptr@USample@ClientMiles@@U?$default_delete@USample@ClientMiles@@@std@@@std@@@2@@std@@QEAAX$$QEAV?$unique_ptr@USample@ClientMiles@@U?$default_delete@USample@ClientMiles@@@std@@@2@@Z
B4B 00000000 SECT35B notype       Static      | .xdata
    Section length    C, #relocs    0, #linenums    0, checksum F3B20EE4, selection    5 (pick associative Section 0xB0)
B4D 00000000 SECT35B notype       Static      | $unwind$??1?$list@V?$unique_ptr@USample@ClientMiles@@U?$default_delete@USample@ClientMiles@@@std@@@std@@V?$allocator@V?$unique_ptr@USample@ClientMiles@@U?$default_delete@USample@ClientMiles@@@std@@@std@@@2@@std@@QEAA@XZ
B4E 00000000 SECT35C notype       Static      | .pdata
    Section length    C, #relocs    3, #linenums    0, checksum 68B67E9E, selection    5 (pick associative Section 0xB0)
B50 00000000 SECT35C notype       Static      | $pdata$??1?$list@V?$unique_ptr@USample@ClientMiles@@U?$default_delete@USample@ClientMiles@@@std@@@std@@V?$allocator@V?$unique_ptr@USample@ClientMiles@@U?$default_delete@USample@ClientMiles@@@std@@@std@@@2@@std@@QEAA@XZ
B51 00000000 SECT35D notype       Static      | .xdata
    Section length   14, #relocs    3, #linenums    0, checksum 22C8DA85, selection    5 (pick associative Section 0xB0)
B53 00000000 SECT35D notype       Static      | $chain$0$??1?$list@V?$unique_ptr@USample@ClientMiles@@U?$default_delete@USample@ClientMiles@@@std@@@std@@V?$allocator@V?$unique_ptr@USample@ClientMiles@@U?$default_delete@USample@ClientMiles@@@std@@@std@@@2@@std@@QEAA@XZ
B54 00000000 SECT35E notype       Static      | .pdata
    Section length    C, #relocs    3, #linenums    0, checksum 614FC9D8, selection    5 (pick associative Section 0xB0)
B56 00000000 SECT35E notype       Static      | $pdata$0$??1?$list@V?$unique_ptr@USample@ClientMiles@@U?$default_delete@USample@ClientMiles@@@std@@@std@@V?$allocator@V?$unique_ptr@USample@ClientMiles@@U?$default_delete@USample@ClientMiles@@@std@@@std@@@2@@std@@QEAA@XZ
B57 00000000 SECT35F notype       Static      | .xdata
    Section length   10, #relocs    3, #linenums    0, checksum D1E19472, selection    5 (pick associative Section 0xB0)
B59 00000000 SECT35F notype       Static      | $chain$1$??1?$list@V?$unique_ptr@USample@ClientMiles@@U?$default_delete@USample@ClientMiles@@@std@@@std@@V?$allocator@V?$unique_ptr@USample@ClientMiles@@U?$default_delete@USample@ClientMiles@@@std@@@std@@@2@@std@@QEAA@XZ
B5A 00000000 SECT360 notype       Static      | .pdata
    Section length    C, #relocs    3, #linenums    0, checksum D04844E2, selection    5 (pick associative Section 0xB0)
B5C 00000000 SECT360 notype       Static      | $pdata$1$??1?$list@V?$unique_ptr@USample@ClientMiles@@U?$default_delete@USample@ClientMiles@@@std@@@std@@V?$allocator@V?$unique_ptr@USample@ClientMiles@@U?$default_delete@USample@ClientMiles@@@std@@@std@@@2@@std@@QEAA@XZ
B5D 00000000 SECT361 notype       Static      | .xdata
    Section length    8, #relocs    0, #linenums    0, checksum F4D9A8A3, selection    5 (pick associative Section 0x1A4)
B5F 00000000 SECT361 notype       Static      | $unwind$?pop_back@?$list@V?$unique_ptr@USample@ClientMiles@@U?$default_delete@USample@ClientMiles@@@std@@@std@@V?$allocator@V?$unique_ptr@USample@ClientMiles@@U?$default_delete@USample@ClientMiles@@@std@@@std@@@2@@std@@QEAAXXZ
B60 00000000 SECT362 notype       Static      | .pdata
    Section length    C, #relocs    3, #linenums    0, checksum E537C273, selection    5 (pick associative Section 0x1A4)
B62 00000000 SECT362 notype       Static      | $pdata$?pop_back@?$list@V?$unique_ptr@USample@ClientMiles@@U?$default_delete@USample@ClientMiles@@@std@@@std@@V?$allocator@V?$unique_ptr@USample@ClientMiles@@U?$default_delete@USample@ClientMiles@@@std@@@std@@@2@@std@@QEAAXXZ
B63 00000000 SECT363 notype       Static      | .xdata
    Section length    C, #relocs    0, #linenums    0, checksum 9E9EE17C, selection    5 (pick associative Section 0x169)
B65 00000000 SECT363 notype       Static      | $unwind$?erase@?$list@V?$unique_ptr@USample@ClientMiles@@U?$default_delete@USample@ClientMiles@@@std@@@std@@V?$allocator@V?$unique_ptr@USample@ClientMiles@@U?$default_delete@USample@ClientMiles@@@std@@@std@@@2@@std@@QEAA?AV?$_List_iterator@V?$_List_val@U?$_List_simple_types@V?$unique_ptr@USample@ClientMiles@@U?$default_delete@USample@ClientMiles@@@std@@@std@@@std@@@std@@@2@V?$_List_const_iterator@V?$_List_val@U?$_List_simple_types@V?$unique_ptr@USample@ClientMiles@@U?$default_delete@USample@ClientMiles@@@std@@@std@@@std@@@std@@@2@@Z
B66 00000000 SECT364 notype       Static      | .pdata
    Section length    C, #relocs    3, #linenums    0, checksum 92CEA7C6, selection    5 (pick associative Section 0x169)
B68 00000000 SECT364 notype       Static      | $pdata$?erase@?$list@V?$unique_ptr@USample@ClientMiles@@U?$default_delete@USample@ClientMiles@@@std@@@std@@V?$allocator@V?$unique_ptr@USample@ClientMiles@@U?$default_delete@USample@ClientMiles@@@std@@@std@@@2@@std@@QEAA?AV?$_List_iterator@V?$_List_val@U?$_List_simple_types@V?$unique_ptr@USample@ClientMiles@@U?$default_delete@USample@ClientMiles@@@std@@@std@@@std@@@std@@@2@V?$_List_const_iterator@V?$_List_val@U?$_List_simple_types@V?$unique_ptr@USample@ClientMiles@@U?$default_delete@USample@ClientMiles@@@std@@@std@@@std@@@std@@@2@@Z
B69 00000000 SECT365 notype       Static      | .xdata
    Section length    C, #relocs    0, #linenums    0, checksum F3B20EE4, selection    5 (pick associative Section 0x14D)
B6B 00000000 SECT365 notype       Static      | $unwind$?clear@?$list@V?$unique_ptr@USample@ClientMiles@@U?$default_delete@USample@ClientMiles@@@std@@@std@@V?$allocator@V?$unique_ptr@USample@ClientMiles@@U?$default_delete@USample@ClientMiles@@@std@@@std@@@2@@std@@QEAAXXZ
B6C 00000000 SECT366 notype       Static      | .pdata
    Section length    C, #relocs    3, #linenums    0, checksum 68B67E9E, selection    5 (pick associative Section 0x14D)
B6E 00000000 SECT366 notype       Static      | $pdata$?clear@?$list@V?$unique_ptr@USample@ClientMiles@@U?$default_delete@USample@ClientMiles@@@std@@@std@@V?$allocator@V?$unique_ptr@USample@ClientMiles@@U?$default_delete@USample@ClientMiles@@@std@@@std@@@2@@std@@QEAAXXZ
B6F 00000000 SECT367 notype       Static      | .xdata
    Section length   14, #relocs    3, #linenums    0, checksum 22C8DA85, selection    5 (pick associative Section 0x14D)
B71 00000000 SECT367 notype       Static      | $chain$0$?clear@?$list@V?$unique_ptr@USample@ClientMiles@@U?$default_delete@USample@ClientMiles@@@std@@@std@@V?$allocator@V?$unique_ptr@USample@ClientMiles@@U?$default_delete@USample@ClientMiles@@@std@@@std@@@2@@std@@QEAAXXZ
B72 00000000 SECT368 notype       Static      | .pdata
    Section length    C, #relocs    3, #linenums    0, checksum 614FC9D8, selection    5 (pick associative Section 0x14D)
B74 00000000 SECT368 notype       Static      | $pdata$0$?clear@?$list@V?$unique_ptr@USample@ClientMiles@@U?$default_delete@USample@ClientMiles@@@std@@@std@@V?$allocator@V?$unique_ptr@USample@ClientMiles@@U?$default_delete@USample@ClientMiles@@@std@@@std@@@2@@std@@QEAAXXZ
B75 00000000 SECT369 notype       Static      | .xdata
    Section length   10, #relocs    3, #linenums    0, checksum D1E19472, selection    5 (pick associative Section 0x14D)
B77 00000000 SECT369 notype       Static      | $chain$1$?clear@?$list@V?$unique_ptr@USample@ClientMiles@@U?$default_delete@USample@ClientMiles@@@std@@@std@@V?$allocator@V?$unique_ptr@USample@ClientMiles@@U?$default_delete@USample@ClientMiles@@@std@@@std@@@2@@std@@QEAAXXZ
B78 00000000 SECT36A notype       Static      | .pdata
    Section length    C, #relocs    3, #linenums    0, checksum CF075FC9, selection    5 (pick associative Section 0x14D)
B7A 00000000 SECT36A notype       Static      | $pdata$1$?clear@?$list@V?$unique_ptr@USample@ClientMiles@@U?$default_delete@USample@ClientMiles@@@std@@@std@@V?$allocator@V?$unique_ptr@USample@ClientMiles@@U?$default_delete@USample@ClientMiles@@@std@@@std@@@2@@std@@QEAAXXZ
B7B 00000000 SECT36B notype       Static      | .xdata
    Section length    C, #relocs    0, #linenums    0, checksum F3B20EE4, selection    5 (pick associative Section 0x12C)
B7D 00000000 SECT36B notype       Static      | $unwind$?_Tidy@?$list@V?$unique_ptr@USample@ClientMiles@@U?$default_delete@USample@ClientMiles@@@std@@@std@@V?$allocator@V?$unique_ptr@USample@ClientMiles@@U?$default_delete@USample@ClientMiles@@@std@@@std@@@2@@std@@QEAAXXZ
B7E 00000000 SECT36C notype       Static      | .pdata
    Section length    C, #relocs    3, #linenums    0, checksum 68B67E9E, selection    5 (pick associative Section 0x12C)
B80 00000000 SECT36C notype       Static      | $pdata$?_Tidy@?$list@V?$unique_ptr@USample@ClientMiles@@U?$default_delete@USample@ClientMiles@@@std@@@std@@V?$allocator@V?$unique_ptr@USample@ClientMiles@@U?$default_delete@USample@ClientMiles@@@std@@@std@@@2@@std@@QEAAXXZ
B81 00000000 SECT36D notype       Static      | .xdata
    Section length   14, #relocs    3, #linenums    0, checksum 22C8DA85, selection    5 (pick associative Section 0x12C)
B83 00000000 SECT36D notype       Static      | $chain$0$?_Tidy@?$list@V?$unique_ptr@USample@ClientMiles@@U?$default_delete@USample@ClientMiles@@@std@@@std@@V?$allocator@V?$unique_ptr@USample@ClientMiles@@U?$default_delete@USample@ClientMiles@@@std@@@std@@@2@@std@@QEAAXXZ
B84 00000000 SECT36E notype       Static      | .pdata
    Section length    C, #relocs    3, #linenums    0, checksum 614FC9D8, selection    5 (pick associative Section 0x12C)
B86 00000000 SECT36E notype       Static      | $pdata$0$?_Tidy@?$list@V?$unique_ptr@USample@ClientMiles@@U?$default_delete@USample@ClientMiles@@@std@@@std@@V?$allocator@V?$unique_ptr@USample@ClientMiles@@U?$default_delete@USample@ClientMiles@@@std@@@std@@@2@@std@@QEAAXXZ
B87 00000000 SECT36F notype       Static      | .xdata
    Section length   10, #relocs    3, #linenums    0, checksum D1E19472, selection    5 (pick associative Section 0x12C)
B89 00000000 SECT36F notype       Static      | $chain$1$?_Tidy@?$list@V?$unique_ptr@USample@ClientMiles@@U?$default_delete@USample@ClientMiles@@@std@@@std@@V?$allocator@V?$unique_ptr@USample@ClientMiles@@U?$default_delete@USample@ClientMiles@@@std@@@std@@@2@@std@@QEAAXXZ
B8A 00000000 SECT370 notype       Static      | .pdata
    Section length    C, #relocs    3, #linenums    0, checksum CF075FC9, selection    5 (pick associative Section 0x12C)
B8C 00000000 SECT370 notype       Static      | $pdata$1$?_Tidy@?$list@V?$unique_ptr@USample@ClientMiles@@U?$default_delete@USample@ClientMiles@@@std@@@std@@V?$allocator@V?$unique_ptr@USample@ClientMiles@@U?$default_delete@USample@ClientMiles@@@std@@@std@@@2@@std@@QEAAXXZ
B8D 00000000 SECT371 notype       Static      | .xdata
    Section length    8, #relocs    0, #linenums    0, checksum  FC539D1, selection    5 (pick associative Section 0x11B)
B8F 00000000 SECT371 notype       Static      | $unwind$?_Incsize@?$list@V?$unique_ptr@USample@ClientMiles@@U?$default_delete@USample@ClientMiles@@@std@@@std@@V?$allocator@V?$unique_ptr@USample@ClientMiles@@U?$default_delete@USample@ClientMiles@@@std@@@std@@@2@@std@@QEAAX_K@Z
B90 00000000 SECT372 notype       Static      | .pdata
    Section length    C, #relocs    3, #linenums    0, checksum  1875D87, selection    5 (pick associative Section 0x11B)
B92 00000000 SECT372 notype       Static      | $pdata$?_Incsize@?$list@V?$unique_ptr@USample@ClientMiles@@U?$default_delete@USample@ClientMiles@@@std@@@std@@V?$allocator@V?$unique_ptr@USample@ClientMiles@@U?$default_delete@USample@ClientMiles@@@std@@@std@@@2@@std@@QEAAX_K@Z
B93 00000000 SECT373 notype       Static      | .xdata
    Section length    8, #relocs    0, #linenums    0, checksum  FC539D1, selection    5 (pick associative Section 0x13C)
B95 00000000 SECT373 notype       Static      | $unwind$?allocate@?$allocator@U?$_List_node@V?$unique_ptr@UOwnedStream@ClientMiles@@U?$default_delete@UOwnedStream@ClientMiles@@@std@@@std@@PEAX@std@@@std@@QEAAPEAU?$_List_node@V?$unique_ptr@UOwnedStream@ClientMiles@@U?$default_delete@UOwnedStream@ClientMiles@@@std@@@std@@PEAX@2@_K@Z
B96 00000000 SECT374 notype       Static      | .pdata
    Section length    C, #relocs    3, #linenums    0, checksum 8F085A64, selection    5 (pick associative Section 0x13C)
B98 00000000 SECT374 notype       Static      | $pdata$?allocate@?$allocator@U?$_List_node@V?$unique_ptr@UOwnedStream@ClientMiles@@U?$default_delete@UOwnedStream@ClientMiles@@@std@@@std@@PEAX@std@@@std@@QEAAPEAU?$_List_node@V?$unique_ptr@UOwnedStream@ClientMiles@@U?$default_delete@UOwnedStream@ClientMiles@@@std@@@std@@PEAX@2@_K@Z
B99 00000000 SECT375 notype       Static      | .xdata
    Section length    8, #relocs    0, #linenums    0, checksum  FC539D1, selection    5 (pick associative Section 0x138)
B9B 00000000 SECT375 notype       Static      | $unwind$?allocate@?$_Wrap_alloc@V?$allocator@U?$_List_node@V?$unique_ptr@UOwnedStream@ClientMiles@@U?$default_delete@UOwnedStream@ClientMiles@@@std@@@std@@PEAX@std@@@std@@@std@@QEAAPEAU?$_List_node@V?$unique_ptr@UOwnedStream@ClientMiles@@U?$default_delete@UOwnedStream@ClientMiles@@@std@@@std@@PEAX@2@_K@Z
B9C 00000000 SECT376 notype       Static      | .pdata
    Section length    C, #relocs    3, #linenums    0, checksum 8F085A64, selection    5 (pick associative Section 0x138)
B9E 00000000 SECT376 notype       Static      | $pdata$?allocate@?$_Wrap_alloc@V?$allocator@U?$_List_node@V?$unique_ptr@UOwnedStream@ClientMiles@@U?$default_delete@UOwnedStream@ClientMiles@@@std@@@std@@PEAX@std@@@std@@@std@@QEAAPEAU?$_List_node@V?$unique_ptr@UOwnedStream@ClientMiles@@U?$default_delete@UOwnedStream@ClientMiles@@@std@@@std@@PEAX@2@_K@Z
B9F 00000000 SECT377 notype       Static      | .xdata
    Section length    8, #relocs    0, #linenums    0, checksum F4D9A8A3, selection    5 (pick associative Section 0x58)
BA1 00000000 SECT377 notype       Static      | $unwind$??0?$_List_alloc@$0A@U?$_List_base_types@V?$unique_ptr@UOwnedStream@ClientMiles@@U?$default_delete@UOwnedStream@ClientMiles@@@std@@@std@@V?$allocator@V?$unique_ptr@UOwnedStream@ClientMiles@@U?$default_delete@UOwnedStream@ClientMiles@@@std@@@std@@@2@@std@@@std@@QEAA@AEBV?$allocator@V?$unique_ptr@UOwnedStream@ClientMiles@@U?$default_delete@UOwnedStream@ClientMiles@@@std@@@std@@@1@@Z
BA2 00000000 SECT378 notype       Static      | .pdata
    Section length    C, #relocs    3, #linenums    0, checksum 2A9379E3, selection    5 (pick associative Section 0x58)
BA4 00000000 SECT378 notype       Static      | $pdata$??0?$_List_alloc@$0A@U?$_List_base_types@V?$unique_ptr@UOwnedStream@ClientMiles@@U?$default_delete@UOwnedStream@ClientMiles@@@std@@@std@@V?$allocator@V?$unique_ptr@UOwnedStream@ClientMiles@@U?$default_delete@UOwnedStream@ClientMiles@@@std@@@std@@@2@@std@@@std@@QEAA@AEBV?$allocator@V?$unique_ptr@UOwnedStream@ClientMiles@@U?$default_delete@UOwnedStream@ClientMiles@@@std@@@std@@@1@@Z
BA5 00000000 SECT379 notype       Static      | .xdata
    Section length   14, #relocs    2, #linenums    0, checksum 95D5DD4F, selection    5 (pick associative Section 0x108)
BA7 00000000 SECT379 notype       Static      | $unwind$?_Buynode0@?$_List_alloc@$0A@U?$_List_base_types@V?$unique_ptr@UOwnedStream@ClientMiles@@U?$default_delete@UOwnedStream@ClientMiles@@@std@@@std@@V?$allocator@V?$unique_ptr@UOwnedStream@ClientMiles@@U?$default_delete@UOwnedStream@ClientMiles@@@std@@@std@@@2@@std@@@std@@QEAAPEAU?$_List_node@V?$unique_ptr@UOwnedStream@ClientMiles@@U?$default_delete@UOwnedStream@ClientMiles@@@std@@@std@@PEAX@2@PEAU32@0@Z
BA8 00000000 SECT37A notype       Static      | .pdata
    Section length    C, #relocs    3, #linenums    0, checksum 4A69E8ED, selection    5 (pick associative Section 0x108)
BAA 00000000 SECT37A notype       Static      | $pdata$?_Buynode0@?$_List_alloc@$0A@U?$_List_base_types@V?$unique_ptr@UOwnedStream@ClientMiles@@U?$default_delete@UOwnedStream@ClientMiles@@@std@@@std@@V?$allocator@V?$unique_ptr@UOwnedStream@ClientMiles@@U?$default_delete@UOwnedStream@ClientMiles@@@std@@@std@@@2@@std@@@std@@QEAAPEAU?$_List_node@V?$unique_ptr@UOwnedStream@ClientMiles@@U?$default_delete@UOwnedStream@ClientMiles@@@std@@@std@@PEAX@2@PEAU32@0@Z
BAB 00000000 SECT37B notype       Static      | .rdata
    Section length   28, #relocs    3, #linenums    0, checksum  849A3B3, selection    5 (pick associative Section 0x108)
BAD 00000000 SECT37B notype       Static      | $cppxdata$?_Buynode0@?$_List_alloc@$0A@U?$_List_base_types@V?$unique_ptr@UOwnedStream@ClientMiles@@U?$default_delete@UOwnedStream@ClientMiles@@@std@@@std@@V?$allocator@V?$unique_ptr@UOwnedStream@ClientMiles@@U?$default_delete@UOwnedStream@ClientMiles@@@std@@@std@@@2@@std@@@std@@QEAAPEAU?$_List_node@V?$unique_ptr@UOwnedStream@ClientMiles@@U?$default_delete@UOwnedStream@ClientMiles@@@std@@@std@@PEAX@2@PEAU32@0@Z
BAE 00000000 SECT37C notype       Static      | .xdata
    Section length   10, #relocs    0, #linenums    0, checksum 8999943C, selection    5 (pick associative Section 0x108)
BB0 00000000 SECT37C notype       Static      | $stateUnwindMap$?_Buynode0@?$_List_alloc@$0A@U?$_List_base_types@V?$unique_ptr@UOwnedStream@ClientMiles@@U?$default_delete@UOwnedStream@ClientMiles@@@std@@@std@@V?$allocator@V?$unique_ptr@UOwnedStream@ClientMiles@@U?$default_delete@UOwnedStream@ClientMiles@@@std@@@std@@@2@@std@@@std@@QEAAPEAU?$_List_node@V?$unique_ptr@UOwnedStream@ClientMiles@@U?$default_delete@UOwnedStream@ClientMiles@@@std@@@std@@PEAX@2@PEAU32@0@Z
BB1 00000000 SECT37D notype       Static      | .xdata
    Section length   14, #relocs    1, #linenums    0, checksum 570F4CF1, selection    5 (pick associative Section 0x108)
BB3 00000000 SECT37D notype       Static      | $tryMap$?_Buynode0@?$_List_alloc@$0A@U?$_List_base_types@V?$unique_ptr@UOwnedStream@ClientMiles@@U?$default_delete@UOwnedStream@ClientMiles@@@std@@@std@@V?$allocator@V?$unique_ptr@UOwnedStream@ClientMiles@@U?$default_delete@UOwnedStream@ClientMiles@@@std@@@std@@@2@@std@@@std@@QEAAPEAU?$_List_node@V?$unique_ptr@UOwnedStream@ClientMiles@@U?$default_delete@UOwnedStream@ClientMiles@@@std@@@std@@PEAX@2@PEAU32@0@Z
BB4 00000000 SECT37E notype       Static      | .xdata
    Section length   14, #relocs    1, #linenums    0, checksum   677058, selection    5 (pick associative Section 0x108)
BB6 00000000 SECT37E notype       Static      | $handlerMap$0$?_Buynode0@?$_List_alloc@$0A@U?$_List_base_types@V?$unique_ptr@UOwnedStream@ClientMiles@@U?$default_delete@UOwnedStream@ClientMiles@@@std@@@std@@V?$allocator@V?$unique_ptr@UOwnedStream@ClientMiles@@U?$default_delete@UOwnedStream@ClientMiles@@@std@@@std@@@2@@std@@@std@@QEAAPEAU?$_List_node@V?$unique_ptr@UOwnedStream@ClientMiles@@U?$default_delete@UOwnedStream@ClientMiles@@@std@@@std@@PEAX@2@PEAU32@0@Z
BB7 00000000 SECT37F notype       Static      | .xdata
    Section length   28, #relocs    5, #linenums    0, checksum 7E5C5A4D, selection    5 (pick associative Section 0x108)
BB9 00000000 SECT37F notype       Static      | $ip2state$?_Buynode0@?$_List_alloc@$0A@U?$_List_base_types@V?$unique_ptr@UOwnedStream@ClientMiles@@U?$default_delete@UOwnedStream@ClientMiles@@@std@@@std@@V?$allocator@V?$unique_ptr@UOwnedStream@ClientMiles@@U?$default_delete@UOwnedStream@ClientMiles@@@std@@@std@@@2@@std@@@std@@QEAAPEAU?$_List_node@V?$unique_ptr@UOwnedStream@ClientMiles@@U?$default_delete@UOwnedStream@ClientMiles@@@std@@@std@@PEAX@2@PEAU32@0@Z
BBA 00000000 SECT380 notype       Static      | .xdata
    Section length   10, #relocs    2, #linenums    0, checksum 5840A276, selection    5 (pick associative Section 0x108)
BBC 00000000 SECT380 notype       Static      | $unwind$?catch$0@?0??_Buynode0@?$_List_alloc@$0A@U?$_List_base_types@V?$unique_ptr@UOwnedStream@ClientMiles@@U?$default_delete@UOwnedStream@ClientMiles@@@std@@@std@@V?$allocator@V?$unique_ptr@UOwnedStream@ClientMiles@@U?$default_delete@UOwnedStream@ClientMiles@@@std@@@std@@@2@@std@@@std@@QEAAPEAU?$_List_node@V?$unique_ptr@UOwnedStream@ClientMiles@@U?$default_delete@UOwnedStream@ClientMiles@@@std@@@std@@PEAX@2@PEAU32@0@Z@4HA
BBD 00000000 SECT381 notype       Static      | .pdata
    Section length    C, #relocs    3, #linenums    0, checksum F9766256, selection    5 (pick associative Section 0x108)
BBF 00000000 SECT381 notype       Static      | $pdata$?catch$0@?0??_Buynode0@?$_List_alloc@$0A@U?$_List_base_types@V?$unique_ptr@UOwnedStream@ClientMiles@@U?$default_delete@UOwnedStream@ClientMiles@@@std@@@std@@V?$allocator@V?$unique_ptr@UOwnedStream@ClientMiles@@U?$default_delete@UOwnedStream@ClientMiles@@@std@@@std@@@2@@std@@@std@@QEAAPEAU?$_List_node@V?$unique_ptr@UOwnedStream@ClientMiles@@U?$default_delete@UOwnedStream@ClientMiles@@@std@@@std@@PEAX@2@PEAU32@0@Z@4HA
BC0 00000000 SECT382 notype       Static      | .xdata
    Section length    8, #relocs    0, #linenums    0, checksum F4D9A8A3, selection    5 (pick associative Section 0x5A)
BC2 00000000 SECT382 notype       Static      | $unwind$??0?$_List_buy@V?$unique_ptr@UOwnedStream@ClientMiles@@U?$default_delete@UOwnedStream@ClientMiles@@@std@@@std@@V?$allocator@V?$unique_ptr@UOwnedStream@ClientMiles@@U?$default_delete@UOwnedStream@ClientMiles@@@std@@@std@@@2@@std@@QEAA@AEBV?$allocator@V?$unique_ptr@UOwnedStream@ClientMiles@@U?$default_delete@UOwnedStream@ClientMiles@@@std@@@std@@@1@@Z
BC3 00000000 SECT383 notype       Static      | .pdata
    Section length    C, #relocs    3, #linenums    0, checksum 2A9379E3, selection    5 (pick associative Section 0x5A)
BC5 00000000 SECT383 notype       Static      | $pdata$??0?$_List_buy@V?$unique_ptr@UOwnedStream@ClientMiles@@U?$default_delete@UOwnedStream@ClientMiles@@@std@@@std@@V?$allocator@V?$unique_ptr@UOwnedStream@ClientMiles@@U?$default_delete@UOwnedStream@ClientMiles@@@std@@@std@@@2@@std@@QEAA@AEBV?$allocator@V?$unique_ptr@UOwnedStream@ClientMiles@@U?$default_delete@UOwnedStream@ClientMiles@@@std@@@std@@@1@@Z
BC6 00000000 SECT384 notype       Static      | .xdata
    Section length    8, #relocs    0, #linenums    0, checksum F4D9A8A3, selection    5 (pick associative Section 0x113)
BC8 00000000 SECT384 notype       Static      | $unwind$?_Freenode@?$_List_buy@V?$unique_ptr@UOwnedStream@ClientMiles@@U?$default_delete@UOwnedStream@ClientMiles@@@std@@@std@@V?$allocator@V?$unique_ptr@UOwnedStream@ClientMiles@@U?$default_delete@UOwnedStream@ClientMiles@@@std@@@std@@@2@@std@@QEAAXPEAU?$_List_node@V?$unique_ptr@UOwnedStream@ClientMiles@@U?$default_delete@UOwnedStream@ClientMiles@@@std@@@std@@PEAX@2@@Z
BC9 00000000 SECT385 notype       Static      | .pdata
    Section length    C, #relocs    3, #linenums    0, checksum 7D3C6CAC, selection    5 (pick associative Section 0x113)
BCB 00000000 SECT385 notype       Static      | $pdata$?_Freenode@?$_List_buy@V?$unique_ptr@UOwnedStream@ClientMiles@@U?$default_delete@UOwnedStream@ClientMiles@@@std@@@std@@V?$allocator@V?$unique_ptr@UOwnedStream@ClientMiles@@U?$default_delete@UOwnedStream@ClientMiles@@@std@@@std@@@2@@std@@QEAAXPEAU?$_List_node@V?$unique_ptr@UOwnedStream@ClientMiles@@U?$default_delete@UOwnedStream@ClientMiles@@@std@@@std@@PEAX@2@@Z
BCC 00000000 SECT386 notype       Static      | .xdata
    Section length    8, #relocs    0, #linenums    0, checksum F4D9A8A3, selection    5 (pick associative Section 0x87)
BCE 00000000 SECT386 notype       Static      | $unwind$??0?$list@V?$unique_ptr@UOwnedStream@ClientMiles@@U?$default_delete@UOwnedStream@ClientMiles@@@std@@@std@@V?$allocator@V?$unique_ptr@UOwnedStream@ClientMiles@@U?$default_delete@UOwnedStream@ClientMiles@@@std@@@std@@@2@@std@@QEAA@XZ
BCF 00000000 SECT387 notype       Static      | .pdata
    Section length    C, #relocs    3, #linenums    0, checksum 2A9379E3, selection    5 (pick associative Section 0x87)
BD1 00000000 SECT387 notype       Static      | $pdata$??0?$list@V?$unique_ptr@UOwnedStream@ClientMiles@@U?$default_delete@UOwnedStream@ClientMiles@@@std@@@std@@V?$allocator@V?$unique_ptr@UOwnedStream@ClientMiles@@U?$default_delete@UOwnedStream@ClientMiles@@@std@@@std@@@2@@std@@QEAA@XZ
BD2 00000000 SECT388 notype       Static      | .xdata
    Section length    C, #relocs    0, #linenums    0, checksum 2559CD25, selection    5 (pick associative Section 0x1A6)
BD4 00000000 SECT388 notype       Static      | $unwind$?push_back@?$list@V?$unique_ptr@UOwnedStream@ClientMiles@@U?$default_delete@UOwnedStream@ClientMiles@@@std@@@std@@V?$allocator@V?$unique_ptr@UOwnedStream@ClientMiles@@U?$default_delete@UOwnedStream@ClientMiles@@@std@@@std@@@2@@std@@QEAAX$$QEAV?$unique_ptr@UOwnedStream@ClientMiles@@U?$default_delete@UOwnedStream@ClientMiles@@@std@@@2@@Z
BD5 00000000 SECT389 notype       Static      | .pdata
    Section length    C, #relocs    3, #linenums    0, checksum 5E64A758, selection    5 (pick associative Section 0x1A6)
BD7 00000000 SECT389 notype       Static      | $pdata$?push_back@?$list@V?$unique_ptr@UOwnedStream@ClientMiles@@U?$default_delete@UOwnedStream@ClientMiles@@@std@@@std@@V?$allocator@V?$unique_ptr@UOwnedStream@ClientMiles@@U?$default_delete@UOwnedStream@ClientMiles@@@std@@@std@@@2@@std@@QEAAX$$QEAV?$unique_ptr@UOwnedStream@ClientMiles@@U?$default_delete@UOwnedStream@ClientMiles@@@std@@@2@@Z
BD8 00000000 SECT38A notype       Static      | .xdata
    Section length    C, #relocs    0, #linenums    0, checksum F3B20EE4, selection    5 (pick associative Section 0xAF)
BDA 00000000 SECT38A notype       Static      | $unwind$??1?$list@V?$unique_ptr@UOwnedStream@ClientMiles@@U?$default_delete@UOwnedStream@ClientMiles@@@std@@@std@@V?$allocator@V?$unique_ptr@UOwnedStream@ClientMiles@@U?$default_delete@UOwnedStream@ClientMiles@@@std@@@std@@@2@@std@@QEAA@XZ
BDB 00000000 SECT38B notype       Static      | .pdata
    Section length    C, #relocs    3, #linenums    0, checksum 68B67E9E, selection    5 (pick associative Section 0xAF)
BDD 00000000 SECT38B notype       Static      | $pdata$??1?$list@V?$unique_ptr@UOwnedStream@ClientMiles@@U?$default_delete@UOwnedStream@ClientMiles@@@std@@@std@@V?$allocator@V?$unique_ptr@UOwnedStream@ClientMiles@@U?$default_delete@UOwnedStream@ClientMiles@@@std@@@std@@@2@@std@@QEAA@XZ
BDE 00000000 SECT38C notype       Static      | .xdata
    Section length   14, #relocs    3, #linenums    0, checksum 22C8DA85, selection    5 (pick associative Section 0xAF)
BE0 00000000 SECT38C notype       Static      | $chain$0$??1?$list@V?$unique_ptr@UOwnedStream@ClientMiles@@U?$default_delete@UOwnedStream@ClientMiles@@@std@@@std@@V?$allocator@V?$unique_ptr@UOwnedStream@ClientMiles@@U?$default_delete@UOwnedStream@ClientMiles@@@std@@@std@@@2@@std@@QEAA@XZ
BE1 00000000 SECT38D notype       Static      | .pdata
    Section length    C, #relocs    3, #linenums    0, checksum 614FC9D8, selection    5 (pick associative Section 0xAF)
BE3 00000000 SECT38D notype       Static      | $pdata$0$??1?$list@V?$unique_ptr@UOwnedStream@ClientMiles@@U?$default_delete@UOwnedStream@ClientMiles@@@std@@@std@@V?$allocator@V?$unique_ptr@UOwnedStream@ClientMiles@@U?$default_delete@UOwnedStream@ClientMiles@@@std@@@std@@@2@@std@@QEAA@XZ
BE4 00000000 SECT38E notype       Static      | .xdata
    Section length   10, #relocs    3, #linenums    0, checksum D1E19472, selection    5 (pick associative Section 0xAF)
BE6 00000000 SECT38E notype       Static      | $chain$1$??1?$list@V?$unique_ptr@UOwnedStream@ClientMiles@@U?$default_delete@UOwnedStream@ClientMiles@@@std@@@std@@V?$allocator@V?$unique_ptr@UOwnedStream@ClientMiles@@U?$default_delete@UOwnedStream@ClientMiles@@@std@@@std@@@2@@std@@QEAA@XZ
BE7 00000000 SECT38F notype       Static      | .pdata
    Section length    C, #relocs    3, #linenums    0, checksum D04844E2, selection    5 (pick associative Section 0xAF)
BE9 00000000 SECT38F notype       Static      | $pdata$1$??1?$list@V?$unique_ptr@UOwnedStream@ClientMiles@@U?$default_delete@UOwnedStream@ClientMiles@@@std@@@std@@V?$allocator@V?$unique_ptr@UOwnedStream@ClientMiles@@U?$default_delete@UOwnedStream@ClientMiles@@@std@@@std@@@2@@std@@QEAA@XZ
BEA 00000000 SECT390 notype       Static      | .xdata
    Section length    8, #relocs    0, #linenums    0, checksum F4D9A8A3, selection    5 (pick associative Section 0x1A3)
BEC 00000000 SECT390 notype       Static      | $unwind$?pop_back@?$list@V?$unique_ptr@UOwnedStream@ClientMiles@@U?$default_delete@UOwnedStream@ClientMiles@@@std@@@std@@V?$allocator@V?$unique_ptr@UOwnedStream@ClientMiles@@U?$default_delete@UOwnedStream@ClientMiles@@@std@@@std@@@2@@std@@QEAAXXZ
BED 00000000 SECT391 notype       Static      | .pdata
    Section length    C, #relocs    3, #linenums    0, checksum E537C273, selection    5 (pick associative Section 0x1A3)
BEF 00000000 SECT391 notype       Static      | $pdata$?pop_back@?$list@V?$unique_ptr@UOwnedStream@ClientMiles@@U?$default_delete@UOwnedStream@ClientMiles@@@std@@@std@@V?$allocator@V?$unique_ptr@UOwnedStream@ClientMiles@@U?$default_delete@UOwnedStream@ClientMiles@@@std@@@std@@@2@@std@@QEAAXXZ
BF0 00000000 SECT392 notype       Static      | .xdata
    Section length    C, #relocs    0, #linenums    0, checksum 9E9EE17C, selection    5 (pick associative Section 0x168)
BF2 00000000 SECT392 notype       Static      | $unwind$?erase@?$list@V?$unique_ptr@UOwnedStream@ClientMiles@@U?$default_delete@UOwnedStream@ClientMiles@@@std@@@std@@V?$allocator@V?$unique_ptr@UOwnedStream@ClientMiles@@U?$default_delete@UOwnedStream@ClientMiles@@@std@@@std@@@2@@std@@QEAA?AV?$_List_iterator@V?$_List_val@U?$_List_simple_types@V?$unique_ptr@UOwnedStream@ClientMiles@@U?$default_delete@UOwnedStream@ClientMiles@@@std@@@std@@@std@@@std@@@2@V?$_List_const_iterator@V?$_List_val@U?$_List_simple_types@V?$unique_ptr@UOwnedStream@ClientMiles@@U?$default_delete@UOwnedStream@ClientMiles@@@std@@@std@@@std@@@std@@@2@@Z
BF3 00000000 SECT393 notype       Static      | .pdata
    Section length    C, #relocs    3, #linenums    0, checksum 92CEA7C6, selection    5 (pick associative Section 0x168)
BF5 00000000 SECT393 notype       Static      | $pdata$?erase@?$list@V?$unique_ptr@UOwnedStream@ClientMiles@@U?$default_delete@UOwnedStream@ClientMiles@@@std@@@std@@V?$allocator@V?$unique_ptr@UOwnedStream@ClientMiles@@U?$default_delete@UOwnedStream@ClientMiles@@@std@@@std@@@2@@std@@QEAA?AV?$_List_iterator@V?$_List_val@U?$_List_simple_types@V?$unique_ptr@UOwnedStream@ClientMiles@@U?$default_delete@UOwnedStream@ClientMiles@@@std@@@std@@@std@@@std@@@2@V?$_List_const_iterator@V?$_List_val@U?$_List_simple_types@V?$unique_ptr@UOwnedStream@ClientMiles@@U?$default_delete@UOwnedStream@ClientMiles@@@std@@@std@@@std@@@std@@@2@@Z
BF6 00000000 SECT394 notype       Static      | .xdata
    Section length    C, #relocs    0, #linenums    0, checksum F3B20EE4, selection    5 (pick associative Section 0x14C)
BF8 00000000 SECT394 notype       Static      | $unwind$?clear@?$list@V?$unique_ptr@UOwnedStream@ClientMiles@@U?$default_delete@UOwnedStream@ClientMiles@@@std@@@std@@V?$allocator@V?$unique_ptr@UOwnedStream@ClientMiles@@U?$default_delete@UOwnedStream@ClientMiles@@@std@@@std@@@2@@std@@QEAAXXZ
BF9 00000000 SECT395 notype       Static      | .pdata
    Section length    C, #relocs    3, #linenums    0, checksum 68B67E9E, selection    5 (pick associative Section 0x14C)
BFB 00000000 SECT395 notype       Static      | $pdata$?clear@?$list@V?$unique_ptr@UOwnedStream@ClientMiles@@U?$default_delete@UOwnedStream@ClientMiles@@@std@@@std@@V?$allocator@V?$unique_ptr@UOwnedStream@ClientMiles@@U?$default_delete@UOwnedStream@ClientMiles@@@std@@@std@@@2@@std@@QEAAXXZ
BFC 00000000 SECT396 notype       Static      | .xdata
    Section length   14, #relocs    3, #linenums    0, checksum 22C8DA85, selection    5 (pick associative Section 0x14C)
BFE 00000000 SECT396 notype       Static      | $chain$0$?clear@?$list@V?$unique_ptr@UOwnedStream@ClientMiles@@U?$default_delete@UOwnedStream@ClientMiles@@@std@@@std@@V?$allocator@V?$unique_ptr@UOwnedStream@ClientMiles@@U?$default_delete@UOwnedStream@ClientMiles@@@std@@@std@@@2@@std@@QEAAXXZ
BFF 00000000 SECT397 notype       Static      | .pdata
    Section length    C, #relocs    3, #linenums    0, checksum 614FC9D8, selection    5 (pick associative Section 0x14C)
C01 00000000 SECT397 notype       Static      | $pdata$0$?clear@?$list@V?$unique_ptr@UOwnedStream@ClientMiles@@U?$default_delete@UOwnedStream@ClientMiles@@@std@@@std@@V?$allocator@V?$unique_ptr@UOwnedStream@ClientMiles@@U?$default_delete@UOwnedStream@ClientMiles@@@std@@@std@@@2@@std@@QEAAXXZ
C02 00000000 SECT398 notype       Static      | .xdata
    Section length   10, #relocs    3, #linenums    0, checksum D1E19472, selection    5 (pick associative Section 0x14C)
C04 00000000 SECT398 notype       Static      | $chain$1$?clear@?$list@V?$unique_ptr@UOwnedStream@ClientMiles@@U?$default_delete@UOwnedStream@ClientMiles@@@std@@@std@@V?$allocator@V?$unique_ptr@UOwnedStream@ClientMiles@@U?$default_delete@UOwnedStream@ClientMiles@@@std@@@std@@@2@@std@@QEAAXXZ
C05 00000000 SECT399 notype       Static      | .pdata
    Section length    C, #relocs    3, #linenums    0, checksum CF075FC9, selection    5 (pick associative Section 0x14C)
C07 00000000 SECT399 notype       Static      | $pdata$1$?clear@?$list@V?$unique_ptr@UOwnedStream@ClientMiles@@U?$default_delete@UOwnedStream@ClientMiles@@@std@@@std@@V?$allocator@V?$unique_ptr@UOwnedStream@ClientMiles@@U?$default_delete@UOwnedStream@ClientMiles@@@std@@@std@@@2@@std@@QEAAXXZ
C08 00000000 SECT39A notype       Static      | .xdata
    Section length    C, #relocs    0, #linenums    0, checksum F3B20EE4, selection    5 (pick associative Section 0x12B)
C0A 00000000 SECT39A notype       Static      | $unwind$?_Tidy@?$list@V?$unique_ptr@UOwnedStream@ClientMiles@@U?$default_delete@UOwnedStream@ClientMiles@@@std@@@std@@V?$allocator@V?$unique_ptr@UOwnedStream@ClientMiles@@U?$default_delete@UOwnedStream@ClientMiles@@@std@@@std@@@2@@std@@QEAAXXZ
C0B 00000000 SECT39B notype       Static      | .pdata
    Section length    C, #relocs    3, #linenums    0, checksum 68B67E9E, selection    5 (pick associative Section 0x12B)
C0D 00000000 SECT39B notype       Static      | $pdata$?_Tidy@?$list@V?$unique_ptr@UOwnedStream@ClientMiles@@U?$default_delete@UOwnedStream@ClientMiles@@@std@@@std@@V?$allocator@V?$unique_ptr@UOwnedStream@ClientMiles@@U?$default_delete@UOwnedStream@ClientMiles@@@std@@@std@@@2@@std@@QEAAXXZ
C0E 00000000 SECT39C notype       Static      | .xdata
    Section length   14, #relocs    3, #linenums    0, checksum 22C8DA85, selection    5 (pick associative Section 0x12B)
C10 00000000 SECT39C notype       Static      | $chain$0$?_Tidy@?$list@V?$unique_ptr@UOwnedStream@ClientMiles@@U?$default_delete@UOwnedStream@ClientMiles@@@std@@@std@@V?$allocator@V?$unique_ptr@UOwnedStream@ClientMiles@@U?$default_delete@UOwnedStream@ClientMiles@@@std@@@std@@@2@@std@@QEAAXXZ
C11 00000000 SECT39D notype       Static      | .pdata
    Section length    C, #relocs    3, #linenums    0, checksum 614FC9D8, selection    5 (pick associative Section 0x12B)
C13 00000000 SECT39D notype       Static      | $pdata$0$?_Tidy@?$list@V?$unique_ptr@UOwnedStream@ClientMiles@@U?$default_delete@UOwnedStream@ClientMiles@@@std@@@std@@V?$allocator@V?$unique_ptr@UOwnedStream@ClientMiles@@U?$default_delete@UOwnedStream@ClientMiles@@@std@@@std@@@2@@std@@QEAAXXZ
C14 00000000 SECT39E notype       Static      | .xdata
    Section length   10, #relocs    3, #linenums    0, checksum D1E19472, selection    5 (pick associative Section 0x12B)
C16 00000000 SECT39E notype       Static      | $chain$1$?_Tidy@?$list@V?$unique_ptr@UOwnedStream@ClientMiles@@U?$default_delete@UOwnedStream@ClientMiles@@@std@@@std@@V?$allocator@V?$unique_ptr@UOwnedStream@ClientMiles@@U?$default_delete@UOwnedStream@ClientMiles@@@std@@@std@@@2@@std@@QEAAXXZ
C17 00000000 SECT39F notype       Static      | .pdata
    Section length    C, #relocs    3, #linenums    0, checksum CF075FC9, selection    5 (pick associative Section 0x12B)
C19 00000000 SECT39F notype       Static      | $pdata$1$?_Tidy@?$list@V?$unique_ptr@UOwnedStream@ClientMiles@@U?$default_delete@UOwnedStream@ClientMiles@@@std@@@std@@V?$allocator@V?$unique_ptr@UOwnedStream@ClientMiles@@U?$default_delete@UOwnedStream@ClientMiles@@@std@@@std@@@2@@std@@QEAAXXZ
C1A 00000000 SECT3A0 notype       Static      | .xdata
    Section length    8, #relocs    0, #linenums    0, checksum  FC539D1, selection    5 (pick associative Section 0x11A)
C1C 00000000 SECT3A0 notype       Static      | $unwind$?_Incsize@?$list@V?$unique_ptr@UOwnedStream@ClientMiles@@U?$default_delete@UOwnedStream@ClientMiles@@@std@@@std@@V?$allocator@V?$unique_ptr@UOwnedStream@ClientMiles@@U?$default_delete@UOwnedStream@ClientMiles@@@std@@@std@@@2@@std@@QEAAX_K@Z
C1D 00000000 SECT3A1 notype       Static      | .pdata
    Section length    C, #relocs    3, #linenums    0, checksum  1875D87, selection    5 (pick associative Section 0x11A)
C1F 00000000 SECT3A1 notype       Static      | $pdata$?_Incsize@?$list@V?$unique_ptr@UOwnedStream@ClientMiles@@U?$default_delete@UOwnedStream@ClientMiles@@@std@@@std@@V?$allocator@V?$unique_ptr@UOwnedStream@ClientMiles@@U?$default_delete@UOwnedStream@ClientMiles@@@std@@@std@@@2@@std@@QEAAX_K@Z
C20 00000000 SECT3A2 notype       Static      | .xdata
    Section length   18, #relocs    2, #linenums    0, checksum 9A4C945B, selection    5 (pick associative Section 0x9D)
C22 00000000 SECT3A2 notype       Static      | $unwind$??0SampleState@ClientMilesPipe@@QEAA@XZ
C23 00000000 SECT3A3 notype       Static      | .pdata
    Section length    C, #relocs    3, #linenums    0, checksum 5E64A758, selection    5 (pick associative Section 0x9D)
C25 00000000 SECT3A3 notype       Static      | $pdata$??0SampleState@ClientMilesPipe@@QEAA@XZ
C26 00000000 SECT3A4 notype       Static      | .rdata
    Section length   28, #relocs    2, #linenums    0, checksum E93FB885, selection    5 (pick associative Section 0x9D)
C28 00000000 SECT3A4 notype       Static      | $cppxdata$??0SampleState@ClientMilesPipe@@QEAA@XZ
C29 00000000 SECT3A5 notype       Static      | .xdata
    Section length    8, #relocs    1, #linenums    0, checksum 9ADD2096, selection    5 (pick associative Section 0x9D)
C2B 00000000 SECT3A5 notype       Static      | $stateUnwindMap$??0SampleState@ClientMilesPipe@@QEAA@XZ
C2C 00000000 SECT3A6 notype       Static      | .xdata
    Section length   18, #relocs    3, #linenums    0, checksum D93E9B50, selection    5 (pick associative Section 0x9D)
C2E 00000000 SECT3A6 notype       Static      | $ip2state$??0SampleState@ClientMilesPipe@@QEAA@XZ
C2F 00000000 SECT3A7 notype       Static      | .xdata
    Section length    8, #relocs    0, #linenums    0, checksum F4D9A8A3, selection    5 (pick associative Section 0xBA)
C31 00000000 SECT3A7 notype       Static      | $unwind$??1SampleState@ClientMilesPipe@@QEAA@XZ
C32 00000000 SECT3A8 notype       Static      | .pdata
    Section length    C, #relocs    3, #linenums    0, checksum A59B2387, selection    5 (pick associative Section 0xBA)
C34 00000000 SECT3A8 notype       Static      | $pdata$??1SampleState@ClientMilesPipe@@QEAA@XZ
C35 00000000 SECT3A9 notype       Static      | .xdata
    Section length    C, #relocs    0, #linenums    0, checksum 2559CD25, selection    5 (pick associative Section 0xF5)
C37 00000000 SECT3A9 notype       Static      | $unwind$??_GSampleState@ClientMilesPipe@@QEAAPEAXI@Z
C38 00000000 SECT3AA notype       Static      | .pdata
    Section length    C, #relocs    3, #linenums    0, checksum D8A74F2B, selection    5 (pick associative Section 0xF5)
C3A 00000000 SECT3AA notype       Static      | $pdata$??_GSampleState@ClientMilesPipe@@QEAAPEAXI@Z
C3B 00000000 SECT3AB notype       Static      | .xdata
    Section length    8, #relocs    0, #linenums    0, checksum 84432563, selection    5 (pick associative Section 0x16A)
C3D 00000000 SECT3AB notype       Static      | $unwind$?fail@?A0x4bb42cee@@YAXW4FailureReason@ClientMiles@@PEBD@Z
C3E 00000000 SECT3AC notype       Static      | .pdata
    Section length    C, #relocs    3, #linenums    0, checksum 9047414F, selection    5 (pick associative Section 0x16A)
C40 00000000 SECT3AC notype       Static      | $pdata$?fail@?A0x4bb42cee@@YAXW4FailureReason@ClientMiles@@PEBD@Z
C41 00000000 SECT3AD notype       Static      | .xdata
    Section length    8, #relocs    0, #linenums    0, checksum 67DA2484, selection    5 (pick associative Section 0x14B)
C43 00000000 SECT3AD notype       Static      | $unwind$?checkStatus@?A0x4bb42cee@@YAXI@Z
C44 00000000 SECT3AE notype       Static      | .pdata
    Section length    C, #relocs    3, #linenums    0, checksum 12524254, selection    5 (pick associative Section 0x14B)
C46 00000000 SECT3AE notype       Static      | $pdata$?checkStatus@?A0x4bb42cee@@YAXI@Z
C47 00000000 SECT3AF notype       Static      | .xdata
    Section length   18, #relocs    2, #linenums    0, checksum BAD2730C, selection    5 (pick associative Section 0x19B)
C49 00000000 SECT3AF notype       Static      | $unwind$?ownedText@?A0x4bb42cee@@YA?AUOwnedText@ClientMiles@@AEBUOwnedReply@StartupBridge@@@Z
C4A 00000000 SECT3B0 notype       Static      | .pdata
    Section length    C, #relocs    3, #linenums    0, checksum 297F51D0, selection    5 (pick associative Section 0x19B)
C4C 00000000 SECT3B0 notype       Static      | $pdata$?ownedText@?A0x4bb42cee@@YA?AUOwnedText@ClientMiles@@AEBUOwnedReply@StartupBridge@@@Z
C4D 00000000 SECT3B1 notype       Static      | .rdata
    Section length   28, #relocs    2, #linenums    0, checksum 8A54F53D, selection    5 (pick associative Section 0x19B)
C4F 00000000 SECT3B1 notype       Static      | $cppxdata$?ownedText@?A0x4bb42cee@@YA?AUOwnedText@ClientMiles@@AEBUOwnedReply@StartupBridge@@@Z
C50 00000000 SECT3B2 notype       Static      | .xdata
    Section length    8, #relocs    1, #linenums    0, checksum 9ADD2096, selection    5 (pick associative Section 0x19B)
C52 00000000 SECT3B2 notype       Static      | $stateUnwindMap$?ownedText@?A0x4bb42cee@@YA?AUOwnedText@ClientMiles@@AEBUOwnedReply@StartupBridge@@@Z
C53 00000000 SECT3B3 notype       Static      | .xdata
    Section length   10, #relocs    2, #linenums    0, checksum F3D35C25, selection    5 (pick associative Section 0x19B)
C55 00000000 SECT3B3 notype       Static      | $ip2state$?ownedText@?A0x4bb42cee@@YA?AUOwnedText@ClientMiles@@AEBUOwnedReply@StartupBridge@@@Z
C56 00000000 SECT3B4 notype       Static      | .xdata
    Section length    8, #relocs    0, #linenums    0, checksum B96BC9FB, selection    5 (pick associative Section 0x19B)
C58 00000000 SECT3B4 notype       Static      | $unwind$?dtor$0@?0??ownedText@?A0x4bb42cee@@YA?AUOwnedText@ClientMiles@@AEBUOwnedReply@StartupBridge@@@Z@4HA
C59 00000000 SECT3B5 notype       Static      | .pdata
    Section length    C, #relocs    3, #linenums    0, checksum 3F196BD1, selection    5 (pick associative Section 0x19B)
C5B 00000000 SECT3B5 notype       Static      | $pdata$?dtor$0@?0??ownedText@?A0x4bb42cee@@YA?AUOwnedText@ClientMiles@@AEBUOwnedReply@StartupBridge@@@Z@4HA
C5C 00000000 SECT3B6 notype       Static      | .xdata
    Section length   10, #relocs    0, #linenums    0, checksum D9ABE44E, selection    5 (pick associative Section 0x15E)
C5E 00000000 SECT3B6 notype       Static      | $unwind$?driverCall@?A0x4bb42cee@@YA?AUCall@MilesWire@@AEAVSession@ClientMilesPipe@@PEAUDigitalDriver@ClientMiles@@@Z
C5F 00000000 SECT3B7 notype       Static      | .pdata
    Section length    C, #relocs    3, #linenums    0, checksum 89152C78, selection    5 (pick associative Section 0x15E)
C61 00000000 SECT3B7 notype       Static      | $pdata$?driverCall@?A0x4bb42cee@@YA?AUCall@MilesWire@@AEAVSession@ClientMilesPipe@@PEAUDigitalDriver@ClientMiles@@@Z
C62 00000000 SECT3B8 notype       Static      | .xdata
    Section length    C, #relocs    0, #linenums    0, checksum E95D533B, selection    5 (pick associative Section 0x19A)
C64 00000000 SECT3B8 notype       Static      | $unwind$?ownedSample@ClientMiles@@YAAEAUSample@1@AEAVSession@ClientMilesPipe@@PEAU21@@Z
C65 00000000 SECT3B9 notype       Static      | .pdata
    Section length    C, #relocs    3, #linenums    0, checksum 1397642E, selection    5 (pick associative Section 0x19A)
C67 00000000 SECT3B9 notype       Static      | $pdata$?ownedSample@ClientMiles@@YAAEAUSample@1@AEAVSession@ClientMilesPipe@@PEAU21@@Z
C68 00000000 SECT3BA notype       Static      | .xdata
    Section length    C, #relocs    0, #linenums    0, checksum 2559CD25, selection    5 (pick associative Section 0xF3)
C6A 00000000 SECT3BA notype       Static      | $unwind$??_G?$unique_ptr@USample@ClientMiles@@U?$default_delete@USample@ClientMiles@@@std@@@std@@QEAAPEAXI@Z
C6B 00000000 SECT3BB notype       Static      | .pdata
    Section length    C, #relocs    3, #linenums    0, checksum 562848C8, selection    5 (pick associative Section 0xF3)
C6D 00000000 SECT3BB notype       Static      | $pdata$??_G?$unique_ptr@USample@ClientMiles@@U?$default_delete@USample@ClientMiles@@@std@@@std@@QEAAPEAXI@Z
C6E 00000000 SECT3BC notype       Static      | .xdata
    Section length   10, #relocs    0, #linenums    0, checksum D9ABE44E, selection    5 (pick associative Section 0x152)
C70 00000000 SECT3BC notype       Static      | $unwind$?controlSample@ClientMiles@@YAAEAUSample@1@AEAVSession@ClientMilesPipe@@PEAU21@_N@Z
C71 00000000 SECT3BD notype       Static      | .pdata
    Section length    C, #relocs    3, #linenums    0, checksum 4EFD7878, selection    5 (pick associative Section 0x152)
C73 00000000 SECT3BD notype       Static      | $pdata$?controlSample@ClientMiles@@YAAEAUSample@1@AEAVSession@ClientMilesPipe@@PEAU21@_N@Z
C74 00000000 SECT3BE notype       Static      | .xdata
    Section length    C, #relocs    0, #linenums    0, checksum 2559CD25, selection    5 (pick associative Section 0xF2)
C76 00000000 SECT3BE notype       Static      | $unwind$??_G?$unique_ptr@UOwnedStream@ClientMiles@@U?$default_delete@UOwnedStream@ClientMiles@@@std@@@std@@QEAAPEAXI@Z
C77 00000000 SECT3BF notype       Static      | .pdata
    Section length    C, #relocs    3, #linenums    0, checksum 562848C8, selection    5 (pick associative Section 0xF2)
C79 00000000 SECT3BF notype       Static      | $pdata$??_G?$unique_ptr@UOwnedStream@ClientMiles@@U?$default_delete@UOwnedStream@ClientMiles@@@std@@@std@@QEAAPEAXI@Z
C7A 00000000 SECT3C0 notype       Static      | .xdata
    Section length    C, #relocs    0, #linenums    0, checksum E95D533B, selection    5 (pick associative Section 0x17B)
C7C 00000000 SECT3C0 notype       Static      | $unwind$?liveStream@ClientMiles@@YAAEAUOwnedStream@1@AEAVSession@ClientMilesPipe@@PEAU21@@Z
C7D 00000000 SECT3C1 notype       Static      | .pdata
    Section length    C, #relocs    3, #linenums    0, checksum 19526D37, selection    5 (pick associative Section 0x17B)
C7F 00000000 SECT3C1 notype       Static      | $pdata$?liveStream@ClientMiles@@YAAEAUOwnedStream@1@AEAVSession@ClientMilesPipe@@PEAU21@@Z
C80 00000000 SECT3C2 notype       Static      | .xdata
    Section length   10, #relocs    0, #linenums    0, checksum ED4F81A7, selection    5 (pick associative Section 0x1ED)
C82 00000000 SECT3C2 notype       Static      | $unwind$?streamCall@ClientMiles@@YA?AUCall@MilesWire@@AEAVSession@ClientMilesPipe@@PEAUOwnedStream@1@@Z
C83 00000000 SECT3C3 notype       Static      | .pdata
    Section length    C, #relocs    3, #linenums    0, checksum F0BDD041, selection    5 (pick associative Section 0x1ED)
C85 00000000 SECT3C3 notype       Static      | $pdata$?streamCall@ClientMiles@@YA?AUCall@MilesWire@@AEAVSession@ClientMilesPipe@@PEAUOwnedStream@1@@Z
C86 00000000 SECT3C4 notype       Static      | .xdata
    Section length   14, #relocs    0, #linenums    0, checksum F4634387, selection    5 (pick associative Section 0x1B6)
C88 00000000 SECT3C4 notype       Static      | $unwind$?sampleCall@ClientMiles@@YA?AUCall@MilesWire@@AEAVSession@ClientMilesPipe@@PEAUSample@1@_N@Z
C89 00000000 SECT3C5 notype       Static      | .pdata
    Section length    C, #relocs    3, #linenums    0, checksum 92CEA7C6, selection    5 (pick associative Section 0x1B6)
C8B 00000000 SECT3C5 notype       Static      | $pdata$?sampleCall@ClientMiles@@YA?AUCall@MilesWire@@AEAVSession@ClientMilesPipe@@PEAUSample@1@_N@Z
C8C 00000000 SECT3C6 notype       Static      | .xdata
    Section length   24, #relocs    2, #linenums    0, checksum 97CD5DE9, selection    5 (pick associative Section 0x1B7)
C8E 00000000 SECT3C6 notype       Static      | $unwind$?sampleFloatPair@ClientMiles@@YAXIPEAUSample@1@PEAM1@Z
C8F 00000000 SECT3C7 notype       Static      | .pdata
    Section length    C, #relocs    3, #linenums    0, checksum 738F661D, selection    5 (pick associative Section 0x1B7)
C91 00000000 SECT3C7 notype       Static      | $pdata$?sampleFloatPair@ClientMiles@@YAXIPEAUSample@1@PEAM1@Z
C92 00000000 SECT3C8 notype       Static      | .rdata
    Section length   28, #relocs    2, #linenums    0, checksum C761A273, selection    5 (pick associative Section 0x1B7)
C94 00000000 SECT3C8 notype       Static      | $cppxdata$?sampleFloatPair@ClientMiles@@YAXIPEAUSample@1@PEAM1@Z
C95 00000000 SECT3C9 notype       Static      | .xdata
    Section length    8, #relocs    1, #linenums    0, checksum 9ADD2096, selection    5 (pick associative Section 0x1B7)
C97 00000000 SECT3C9 notype       Static      | $stateUnwindMap$?sampleFloatPair@ClientMiles@@YAXIPEAUSample@1@PEAM1@Z
C98 00000000 SECT3CA notype       Static      | .xdata
    Section length   18, #relocs    3, #linenums    0, checksum 8DFDFEBB, selection    5 (pick associative Section 0x1B7)
C9A 00000000 SECT3CA notype       Static      | $ip2state$?sampleFloatPair@ClientMiles@@YAXIPEAUSample@1@PEAM1@Z
C9B 00000000 SECT3CB notype       Static      | .xdata
    Section length    8, #relocs    0, #linenums    0, checksum F4D9A8A3, selection    5 (pick associative Section 0x19)
C9D 00000000 SECT3CB notype       Static      | $unwind$??$_Ucopy@V?$_Vector_const_iterator@V?$_Vector_val@U?$_Simple_types@E@std@@@std@@@std@@@?$vector@EV?$allocator@E@std@@@std@@IEAAPEAEV?$_Vector_const_iterator@V?$_Vector_val@U?$_Simple_types@E@std@@@std@@@1@0PEAE@Z
C9E 00000000 SECT3CC notype       Static      | .pdata
    Section length    C, #relocs    3, #linenums    0, checksum F9766256, selection    5 (pick associative Section 0x19)
CA0 00000000 SECT3CC notype       Static      | $pdata$??$_Ucopy@V?$_Vector_const_iterator@V?$_Vector_val@U?$_Simple_types@E@std@@@std@@@std@@@?$vector@EV?$allocator@E@std@@@std@@IEAAPEAEV?$_Vector_const_iterator@V?$_Vector_val@U?$_Simple_types@E@std@@@std@@@1@0PEAE@Z
CA1 00000000 SECT3CD notype       Static      | .xdata
    Section length    C, #relocs    0, #linenums    0, checksum 2559CD25, selection    5 (pick associative Section 0xF)
CA3 00000000 SECT3CD notype       Static      | $unwind$??$_Copy_impl@PEAEPEAE@std@@YAPEAEPEAE00@Z
CA4 00000000 SECT3CE notype       Static      | .pdata
    Section length    C, #relocs    3, #linenums    0, checksum 85CD537D, selection    5 (pick associative Section 0xF)
CA6 00000000 SECT3CE notype       Static      | $pdata$??$_Copy_impl@PEAEPEAE@std@@YAPEAEPEAE00@Z
CA7 00000000 SECT3CF notype       Static      | .xdata
    Section length    8, #relocs    0, #linenums    0, checksum F4D9A8A3, selection    5 (pick associative Section 0x18)
CA9 00000000 SECT3CF notype       Static      | $unwind$??$_Ucopy@PEAE@?$vector@EV?$allocator@E@std@@@std@@IEAAPEAEPEAE00@Z
CAA 00000000 SECT3D0 notype       Static      | .pdata
    Section length    C, #relocs    3, #linenums    0, checksum F9766256, selection    5 (pick associative Section 0x18)
CAC 00000000 SECT3D0 notype       Static      | $pdata$??$_Ucopy@PEAE@?$vector@EV?$allocator@E@std@@@std@@IEAAPEAEPEAE00@Z
CAD 00000000 SECT3D1 notype       Static      | .xdata
    Section length    C, #relocs    0, #linenums    0, checksum 2559CD25, selection    5 (pick associative Section 0x14)
CAF 00000000 SECT3D1 notype       Static      | $unwind$??$_Insert@V?$unique_ptr@USample@ClientMiles@@U?$default_delete@USample@ClientMiles@@@std@@@std@@@?$list@V?$unique_ptr@USample@ClientMiles@@U?$default_delete@USample@ClientMiles@@@std@@@std@@V?$allocator@V?$unique_ptr@USample@ClientMiles@@U?$default_delete@USample@ClientMiles@@@std@@@std@@@2@@std@@QEAAXV?$_List_unchecked_const_iterator@V?$_List_val@U?$_List_simple_types@V?$unique_ptr@USample@ClientMiles@@U?$default_delete@USample@ClientMiles@@@std@@@std@@@std@@@std@@U_Iterator_base0@2@@1@$$QEAV?$unique_ptr@USample@ClientMiles@@U?$default_delete@USample@ClientMiles@@@std@@@1@@Z
CB0 00000000 SECT3D2 notype       Static      | .pdata
    Section length    C, #relocs    3, #linenums    0, checksum D0EBA0BB, selection    5 (pick associative Section 0x14)
CB2 00000000 SECT3D2 notype       Static      | $pdata$??$_Insert@V?$unique_ptr@USample@ClientMiles@@U?$default_delete@USample@ClientMiles@@@std@@@std@@@?$list@V?$unique_ptr@USample@ClientMiles@@U?$default_delete@USample@ClientMiles@@@std@@@std@@V?$allocator@V?$unique_ptr@USample@ClientMiles@@U?$default_delete@USample@ClientMiles@@@std@@@std@@@2@@std@@QEAAXV?$_List_unchecked_const_iterator@V?$_List_val@U?$_List_simple_types@V?$unique_ptr@USample@ClientMiles@@U?$default_delete@USample@ClientMiles@@@std@@@std@@@std@@@std@@U_Iterator_base0@2@@1@$$QEAV?$unique_ptr@USample@ClientMiles@@U?$default_delete@USample@ClientMiles@@@std@@@1@@Z
CB3 00000000 SECT3D3 notype       Static      | .xdata
    Section length    C, #relocs    0, #linenums    0, checksum 2559CD25, selection    5 (pick associative Section 0x13)
CB5 00000000 SECT3D3 notype       Static      | $unwind$??$_Insert@V?$unique_ptr@UOwnedStream@ClientMiles@@U?$default_delete@UOwnedStream@ClientMiles@@@std@@@std@@@?$list@V?$unique_ptr@UOwnedStream@ClientMiles@@U?$default_delete@UOwnedStream@ClientMiles@@@std@@@std@@V?$allocator@V?$unique_ptr@UOwnedStream@ClientMiles@@U?$default_delete@UOwnedStream@ClientMiles@@@std@@@std@@@2@@std@@QEAAXV?$_List_unchecked_const_iterator@V?$_List_val@U?$_List_simple_types@V?$unique_ptr@UOwnedStream@ClientMiles@@U?$default_delete@UOwnedStream@ClientMiles@@@std@@@std@@@std@@@std@@U_Iterator_base0@2@@1@$$QEAV?$unique_ptr@UOwnedStream@ClientMiles@@U?$default_delete@UOwnedStream@ClientMiles@@@std@@@1@@Z
CB6 00000000 SECT3D4 notype       Static      | .pdata
    Section length    C, #relocs    3, #linenums    0, checksum D0EBA0BB, selection    5 (pick associative Section 0x13)
CB8 00000000 SECT3D4 notype       Static      | $pdata$??$_Insert@V?$unique_ptr@UOwnedStream@ClientMiles@@U?$default_delete@UOwnedStream@ClientMiles@@@std@@@std@@@?$list@V?$unique_ptr@UOwnedStream@ClientMiles@@U?$default_delete@UOwnedStream@ClientMiles@@@std@@@std@@V?$allocator@V?$unique_ptr@UOwnedStream@ClientMiles@@U?$default_delete@UOwnedStream@ClientMiles@@@std@@@std@@@2@@std@@QEAAXV?$_List_unchecked_const_iterator@V?$_List_val@U?$_List_simple_types@V?$unique_ptr@UOwnedStream@ClientMiles@@U?$default_delete@UOwnedStream@ClientMiles@@@std@@@std@@@std@@@std@@U_Iterator_base0@2@@1@$$QEAV?$unique_ptr@UOwnedStream@ClientMiles@@U?$default_delete@UOwnedStream@ClientMiles@@@std@@@1@@Z
CB9 00000000 SECT3D5 notype       Static      | .xdata
    Section length    8, #relocs    0, #linenums    0, checksum  FC539D1, selection    5 (pick associative Section 0x8)
CBB 00000000 SECT3D5 notype       Static      | $unwind$??$_Allocate@E@std@@YAPEAE_KPEAE@Z
CBC 00000000 SECT3D6 notype       Static      | .pdata
    Section length    C, #relocs    3, #linenums    0, checksum 3F196BD1, selection    5 (pick associative Section 0x8)
CBE 00000000 SECT3D6 notype       Static      | $pdata$??$_Allocate@E@std@@YAPEAE_KPEAE@Z
CBF 00000000 SECT3D7 notype       Static      | .xdata
    Section length    8, #relocs    0, #linenums    0, checksum  FC539D1, selection    5 (pick associative Section 0x7)
CC1 00000000 SECT3D7 notype       Static      | $unwind$??$_Allocate@D@std@@YAPEAD_KPEAD@Z
CC2 00000000 SECT3D8 notype       Static      | .pdata
    Section length    C, #relocs    3, #linenums    0, checksum 3F196BD1, selection    5 (pick associative Section 0x7)
CC4 00000000 SECT3D8 notype       Static      | $pdata$??$_Allocate@D@std@@YAPEAD_KPEAD@Z
CC5 00000000 SECT3D9 notype       Static      | .xdata
    Section length    8, #relocs    0, #linenums    0, checksum  FC539D1, selection    5 (pick associative Section 0xA)
CC7 00000000 SECT3D9 notype       Static      | $unwind$??$_Allocate@U?$_List_node@V?$unique_ptr@USample@ClientMiles@@U?$default_delete@USample@ClientMiles@@@std@@@std@@PEAX@std@@@std@@YAPEAU?$_List_node@V?$unique_ptr@USample@ClientMiles@@U?$default_delete@USample@ClientMiles@@@std@@@std@@PEAX@0@_KPEAU10@@Z
CC8 00000000 SECT3DA notype       Static      | .pdata
    Section length    C, #relocs    3, #linenums    0, checksum 8F085A64, selection    5 (pick associative Section 0xA)
CCA 00000000 SECT3DA notype       Static      | $pdata$??$_Allocate@U?$_List_node@V?$unique_ptr@USample@ClientMiles@@U?$default_delete@USample@ClientMiles@@@std@@@std@@PEAX@std@@@std@@YAPEAU?$_List_node@V?$unique_ptr@USample@ClientMiles@@U?$default_delete@USample@ClientMiles@@@std@@@std@@PEAX@0@_KPEAU10@@Z
CCB 00000000 SECT3DB notype       Static      | .xdata
    Section length    8, #relocs    0, #linenums    0, checksum  FC539D1, selection    5 (pick associative Section 0x9)
CCD 00000000 SECT3DB notype       Static      | $unwind$??$_Allocate@U?$_List_node@V?$unique_ptr@UOwnedStream@ClientMiles@@U?$default_delete@UOwnedStream@ClientMiles@@@std@@@std@@PEAX@std@@@std@@YAPEAU?$_List_node@V?$unique_ptr@UOwnedStream@ClientMiles@@U?$default_delete@UOwnedStream@ClientMiles@@@std@@@std@@PEAX@0@_KPEAU10@@Z
CCE 00000000 SECT3DC notype       Static      | .pdata
    Section length    C, #relocs    3, #linenums    0, checksum 8F085A64, selection    5 (pick associative Section 0x9)
CD0 00000000 SECT3DC notype       Static      | $pdata$??$_Allocate@U?$_List_node@V?$unique_ptr@UOwnedStream@ClientMiles@@U?$default_delete@UOwnedStream@ClientMiles@@@std@@@std@@PEAX@std@@@std@@YAPEAU?$_List_node@V?$unique_ptr@UOwnedStream@ClientMiles@@U?$default_delete@UOwnedStream@ClientMiles@@@std@@@std@@PEAX@0@_KPEAU10@@Z
CD1 00000000 SECT3DD notype       Static      | .xdata
    Section length    8, #relocs    0, #linenums    0, checksum F4D9A8A3, selection    5 (pick associative Section 0x21)
CD3 00000000 SECT3DD notype       Static      | $unwind$??$_Uninitialized_copy@V?$_Vector_const_iterator@V?$_Vector_val@U?$_Simple_types@E@std@@@std@@@std@@PEAEU?$_Wrap_alloc@V?$allocator@E@std@@@2@@std@@YAPEAEV?$_Vector_const_iterator@V?$_Vector_val@U?$_Simple_types@E@std@@@std@@@0@0PEAEAEAU?$_Wrap_alloc@V?$allocator@E@std@@@0@@Z
CD4 00000000 SECT3DE notype       Static      | .pdata
    Section length    C, #relocs    3, #linenums    0, checksum 3F196BD1, selection    5 (pick associative Section 0x21)
CD6 00000000 SECT3DE notype       Static      | $pdata$??$_Uninitialized_copy@V?$_Vector_const_iterator@V?$_Vector_val@U?$_Simple_types@E@std@@@std@@@std@@PEAEU?$_Wrap_alloc@V?$allocator@E@std@@@2@@std@@YAPEAEV?$_Vector_const_iterator@V?$_Vector_val@U?$_Simple_types@E@std@@@std@@@0@0PEAEAEAU?$_Wrap_alloc@V?$allocator@E@std@@@0@@Z
CD7 00000000 SECT3DF notype       Static      | .xdata
    Section length    C, #relocs    0, #linenums    0, checksum 2559CD25, selection    5 (pick associative Section 0x10)
CD9 00000000 SECT3DF notype       Static      | $unwind$??$_Copy_impl@PEAEPEAE@std@@YAPEAEPEAE00U_Scalar_ptr_iterator_tag@0@@Z
CDA 00000000 SECT3E0 notype       Static      | .pdata
    Section length    C, #relocs    3, #linenums    0, checksum 85CD537D, selection    5 (pick associative Section 0x10)
CDC 00000000 SECT3E0 notype       Static      | $pdata$??$_Copy_impl@PEAEPEAE@std@@YAPEAEPEAE00U_Scalar_ptr_iterator_tag@0@@Z
CDD 00000000 SECT3E1 notype       Static      | .xdata
    Section length    8, #relocs    0, #linenums    0, checksum F4D9A8A3, selection    5 (pick associative Section 0x20)
CDF 00000000 SECT3E1 notype       Static      | $unwind$??$_Uninitialized_copy@PEAEPEAEU?$_Wrap_alloc@V?$allocator@E@std@@@std@@@std@@YAPEAEPEAE00AEAU?$_Wrap_alloc@V?$allocator@E@std@@@0@@Z
CE0 00000000 SECT3E2 notype       Static      | .pdata
    Section length    C, #relocs    3, #linenums    0, checksum 3F196BD1, selection    5 (pick associative Section 0x20)
CE2 00000000 SECT3E2 notype       Static      | $pdata$??$_Uninitialized_copy@PEAEPEAEU?$_Wrap_alloc@V?$allocator@E@std@@@std@@@std@@YAPEAEPEAE00AEAU?$_Wrap_alloc@V?$allocator@E@std@@@0@@Z
CE3 00000000 SECT3E3 notype       Static      | .xdata
    Section length   10, #relocs    2, #linenums    0, checksum 6B91E69A, selection    5 (pick associative Section 0xD)
CE5 00000000 SECT3E3 notype       Static      | $unwind$??$_Buynode@V?$unique_ptr@USample@ClientMiles@@U?$default_delete@USample@ClientMiles@@@std@@@std@@@?$_List_buy@V?$unique_ptr@USample@ClientMiles@@U?$default_delete@USample@ClientMiles@@@std@@@std@@V?$allocator@V?$unique_ptr@USample@ClientMiles@@U?$default_delete@USample@ClientMiles@@@std@@@std@@@2@@std@@QEAAPEAU?$_List_node@V?$unique_ptr@USample@ClientMiles@@U?$default_delete@USample@ClientMiles@@@std@@@std@@PEAX@1@PEAU21@0$$QEAV?$unique_ptr@USample@ClientMiles@@U?$default_delete@USample@ClientMiles@@@std@@@1@@Z
CE6 00000000 SECT3E4 notype       Static      | .pdata
    Section length    C, #relocs    3, #linenums    0, checksum 562848C8, selection    5 (pick associative Section 0xD)
CE8 00000000 SECT3E4 notype       Static      | $pdata$??$_Buynode@V?$unique_ptr@USample@ClientMiles@@U?$default_delete@USample@ClientMiles@@@std@@@std@@@?$_List_buy@V?$unique_ptr@USample@ClientMiles@@U?$default_delete@USample@ClientMiles@@@std@@@std@@V?$allocator@V?$unique_ptr@USample@ClientMiles@@U?$default_delete@USample@ClientMiles@@@std@@@std@@@2@@std@@QEAAPEAU?$_List_node@V?$unique_ptr@USample@ClientMiles@@U?$default_delete@USample@ClientMiles@@@std@@@std@@PEAX@1@PEAU21@0$$QEAV?$unique_ptr@USample@ClientMiles@@U?$default_delete@USample@ClientMiles@@@std@@@1@@Z
CE9 00000000 SECT3E5 notype       Static      | .rdata
    Section length   28, #relocs    3, #linenums    0, checksum  E45D54D, selection    5 (pick associative Section 0xD)
CEB 00000000 SECT3E5 notype       Static      | $cppxdata$??$_Buynode@V?$unique_ptr@USample@ClientMiles@@U?$default_delete@USample@ClientMiles@@@std@@@std@@@?$_List_buy@V?$unique_ptr@USample@ClientMiles@@U?$default_delete@USample@ClientMiles@@@std@@@std@@V?$allocator@V?$unique_ptr@USample@ClientMiles@@U?$default_delete@USample@ClientMiles@@@std@@@std@@@2@@std@@QEAAPEAU?$_List_node@V?$unique_ptr@USample@ClientMiles@@U?$default_delete@USample@ClientMiles@@@std@@@std@@PEAX@1@PEAU21@0$$QEAV?$unique_ptr@USample@ClientMiles@@U?$default_delete@USample@ClientMiles@@@std@@@1@@Z
CEC 00000000 SECT3E6 notype       Static      | .xdata
    Section length   10, #relocs    0, #linenums    0, checksum 8999943C, selection    5 (pick associative Section 0xD)
CEE 00000000 SECT3E6 notype       Static      | $stateUnwindMap$??$_Buynode@V?$unique_ptr@USample@ClientMiles@@U?$default_delete@USample@ClientMiles@@@std@@@std@@@?$_List_buy@V?$unique_ptr@USample@ClientMiles@@U?$default_delete@USample@ClientMiles@@@std@@@std@@V?$allocator@V?$unique_ptr@USample@ClientMiles@@U?$default_delete@USample@ClientMiles@@@std@@@std@@@2@@std@@QEAAPEAU?$_List_node@V?$unique_ptr@USample@ClientMiles@@U?$default_delete@USample@ClientMiles@@@std@@@std@@PEAX@1@PEAU21@0$$QEAV?$unique_ptr@USample@ClientMiles@@U?$default_delete@USample@ClientMiles@@@std@@@1@@Z
CEF 00000000 SECT3E7 notype       Static      | .xdata
    Section length   14, #relocs    1, #linenums    0, checksum 570F4CF1, selection    5 (pick associative Section 0xD)
CF1 00000000 SECT3E7 notype       Static      | $tryMap$??$_Buynode@V?$unique_ptr@USample@ClientMiles@@U?$default_delete@USample@ClientMiles@@@std@@@std@@@?$_List_buy@V?$unique_ptr@USample@ClientMiles@@U?$default_delete@USample@ClientMiles@@@std@@@std@@V?$allocator@V?$unique_ptr@USample@ClientMiles@@U?$default_delete@USample@ClientMiles@@@std@@@std@@@2@@std@@QEAAPEAU?$_List_node@V?$unique_ptr@USample@ClientMiles@@U?$default_delete@USample@ClientMiles@@@std@@@std@@PEAX@1@PEAU21@0$$QEAV?$unique_ptr@USample@ClientMiles@@U?$default_delete@USample@ClientMiles@@@std@@@1@@Z
CF2 00000000 SECT3E8 notype       Static      | .xdata
    Section length   14, #relocs    1, #linenums    0, checksum   677058, selection    5 (pick associative Section 0xD)
CF4 00000000 SECT3E8 notype       Static      | $handlerMap$0$??$_Buynode@V?$unique_ptr@USample@ClientMiles@@U?$default_delete@USample@ClientMiles@@@std@@@std@@@?$_List_buy@V?$unique_ptr@USample@ClientMiles@@U?$default_delete@USample@ClientMiles@@@std@@@std@@V?$allocator@V?$unique_ptr@USample@ClientMiles@@U?$default_delete@USample@ClientMiles@@@std@@@std@@@2@@std@@QEAAPEAU?$_List_node@V?$unique_ptr@USample@ClientMiles@@U?$default_delete@USample@ClientMiles@@@std@@@std@@PEAX@1@PEAU21@0$$QEAV?$unique_ptr@USample@ClientMiles@@U?$default_delete@USample@ClientMiles@@@std@@@1@@Z
CF5 00000000 SECT3E9 notype       Static      | .xdata
    Section length   28, #relocs    5, #linenums    0, checksum 919B5633, selection    5 (pick associative Section 0xD)
CF7 00000000 SECT3E9 notype       Static      | $ip2state$??$_Buynode@V?$unique_ptr@USample@ClientMiles@@U?$default_delete@USample@ClientMiles@@@std@@@std@@@?$_List_buy@V?$unique_ptr@USample@ClientMiles@@U?$default_delete@USample@ClientMiles@@@std@@@std@@V?$allocator@V?$unique_ptr@USample@ClientMiles@@U?$default_delete@USample@ClientMiles@@@std@@@std@@@2@@std@@QEAAPEAU?$_List_node@V?$unique_ptr@USample@ClientMiles@@U?$default_delete@USample@ClientMiles@@@std@@@std@@PEAX@1@PEAU21@0$$QEAV?$unique_ptr@USample@ClientMiles@@U?$default_delete@USample@ClientMiles@@@std@@@1@@Z
CF8 00000000 SECT3EA notype       Static      | .xdata
    Section length   10, #relocs    2, #linenums    0, checksum 5840A276, selection    5 (pick associative Section 0xD)
CFA 00000000 SECT3EA notype       Static      | $unwind$?catch$0@?0???$_Buynode@V?$unique_ptr@USample@ClientMiles@@U?$default_delete@USample@ClientMiles@@@std@@@std@@@?$_List_buy@V?$unique_ptr@USample@ClientMiles@@U?$default_delete@USample@ClientMiles@@@std@@@std@@V?$allocator@V?$unique_ptr@USample@ClientMiles@@U?$default_delete@USample@ClientMiles@@@std@@@std@@@2@@std@@QEAAPEAU?$_List_node@V?$unique_ptr@USample@ClientMiles@@U?$default_delete@USample@ClientMiles@@@std@@@std@@PEAX@1@PEAU21@0$$QEAV?$unique_ptr@USample@ClientMiles@@U?$default_delete@USample@ClientMiles@@@std@@@1@@Z@4HA
CFB 00000000 SECT3EB notype       Static      | .pdata
    Section length    C, #relocs    3, #linenums    0, checksum F9766256, selection    5 (pick associative Section 0xD)
CFD 00000000 SECT3EB notype       Static      | $pdata$?catch$0@?0???$_Buynode@V?$unique_ptr@USample@ClientMiles@@U?$default_delete@USample@ClientMiles@@@std@@@std@@@?$_List_buy@V?$unique_ptr@USample@ClientMiles@@U?$default_delete@USample@ClientMiles@@@std@@@std@@V?$allocator@V?$unique_ptr@USample@ClientMiles@@U?$default_delete@USample@ClientMiles@@@std@@@std@@@2@@std@@QEAAPEAU?$_List_node@V?$unique_ptr@USample@ClientMiles@@U?$default_delete@USample@ClientMiles@@@std@@@std@@PEAX@1@PEAU21@0$$QEAV?$unique_ptr@USample@ClientMiles@@U?$default_delete@USample@ClientMiles@@@std@@@1@@Z@4HA
CFE 00000000 SECT3EC notype       Static      | .xdata
    Section length   10, #relocs    2, #linenums    0, checksum 6B91E69A, selection    5 (pick associative Section 0xB)
D00 00000000 SECT3EC notype       Static      | $unwind$??$_Buynode@V?$unique_ptr@UOwnedStream@ClientMiles@@U?$default_delete@UOwnedStream@ClientMiles@@@std@@@std@@@?$_List_buy@V?$unique_ptr@UOwnedStream@ClientMiles@@U?$default_delete@UOwnedStream@ClientMiles@@@std@@@std@@V?$allocator@V?$unique_ptr@UOwnedStream@ClientMiles@@U?$default_delete@UOwnedStream@ClientMiles@@@std@@@std@@@2@@std@@QEAAPEAU?$_List_node@V?$unique_ptr@UOwnedStream@ClientMiles@@U?$default_delete@UOwnedStream@ClientMiles@@@std@@@std@@PEAX@1@PEAU21@0$$QEAV?$unique_ptr@UOwnedStream@ClientMiles@@U?$default_delete@UOwnedStream@ClientMiles@@@std@@@1@@Z
D01 00000000 SECT3ED notype       Static      | .pdata
    Section length    C, #relocs    3, #linenums    0, checksum 562848C8, selection    5 (pick associative Section 0xB)
D03 00000000 SECT3ED notype       Static      | $pdata$??$_Buynode@V?$unique_ptr@UOwnedStream@ClientMiles@@U?$default_delete@UOwnedStream@ClientMiles@@@std@@@std@@@?$_List_buy@V?$unique_ptr@UOwnedStream@ClientMiles@@U?$default_delete@UOwnedStream@ClientMiles@@@std@@@std@@V?$allocator@V?$unique_ptr@UOwnedStream@ClientMiles@@U?$default_delete@UOwnedStream@ClientMiles@@@std@@@std@@@2@@std@@QEAAPEAU?$_List_node@V?$unique_ptr@UOwnedStream@ClientMiles@@U?$default_delete@UOwnedStream@ClientMiles@@@std@@@std@@PEAX@1@PEAU21@0$$QEAV?$unique_ptr@UOwnedStream@ClientMiles@@U?$default_delete@UOwnedStream@ClientMiles@@@std@@@1@@Z
D04 00000000 SECT3EE notype       Static      | .rdata
    Section length   28, #relocs    3, #linenums    0, checksum  E45D54D, selection    5 (pick associative Section 0xB)
D06 00000000 SECT3EE notype       Static      | $cppxdata$??$_Buynode@V?$unique_ptr@UOwnedStream@ClientMiles@@U?$default_delete@UOwnedStream@ClientMiles@@@std@@@std@@@?$_List_buy@V?$unique_ptr@UOwnedStream@ClientMiles@@U?$default_delete@UOwnedStream@ClientMiles@@@std@@@std@@V?$allocator@V?$unique_ptr@UOwnedStream@ClientMiles@@U?$default_delete@UOwnedStream@ClientMiles@@@std@@@std@@@2@@std@@QEAAPEAU?$_List_node@V?$unique_ptr@UOwnedStream@ClientMiles@@U?$default_delete@UOwnedStream@ClientMiles@@@std@@@std@@PEAX@1@PEAU21@0$$QEAV?$unique_ptr@UOwnedStream@ClientMiles@@U?$default_delete@UOwnedStream@ClientMiles@@@std@@@1@@Z
D07 00000000 SECT3EF notype       Static      | .xdata
    Section length   10, #relocs    0, #linenums    0, checksum 8999943C, selection    5 (pick associative Section 0xB)
D09 00000000 SECT3EF notype       Static      | $stateUnwindMap$??$_Buynode@V?$unique_ptr@UOwnedStream@ClientMiles@@U?$default_delete@UOwnedStream@ClientMiles@@@std@@@std@@@?$_List_buy@V?$unique_ptr@UOwnedStream@ClientMiles@@U?$default_delete@UOwnedStream@ClientMiles@@@std@@@std@@V?$allocator@V?$unique_ptr@UOwnedStream@ClientMiles@@U?$default_delete@UOwnedStream@ClientMiles@@@std@@@std@@@2@@std@@QEAAPEAU?$_List_node@V?$unique_ptr@UOwnedStream@ClientMiles@@U?$default_delete@UOwnedStream@ClientMiles@@@std@@@std@@PEAX@1@PEAU21@0$$QEAV?$unique_ptr@UOwnedStream@ClientMiles@@U?$default_delete@UOwnedStream@ClientMiles@@@std@@@1@@Z
D0A 00000000 SECT3F0 notype       Static      | .xdata
    Section length   14, #relocs    1, #linenums    0, checksum 570F4CF1, selection    5 (pick associative Section 0xB)
D0C 00000000 SECT3F0 notype       Static      | $tryMap$??$_Buynode@V?$unique_ptr@UOwnedStream@ClientMiles@@U?$default_delete@UOwnedStream@ClientMiles@@@std@@@std@@@?$_List_buy@V?$unique_ptr@UOwnedStream@ClientMiles@@U?$default_delete@UOwnedStream@ClientMiles@@@std@@@std@@V?$allocator@V?$unique_ptr@UOwnedStream@ClientMiles@@U?$default_delete@UOwnedStream@ClientMiles@@@std@@@std@@@2@@std@@QEAAPEAU?$_List_node@V?$unique_ptr@UOwnedStream@ClientMiles@@U?$default_delete@UOwnedStream@ClientMiles@@@std@@@std@@PEAX@1@PEAU21@0$$QEAV?$unique_ptr@UOwnedStream@ClientMiles@@U?$default_delete@UOwnedStream@ClientMiles@@@std@@@1@@Z
D0D 00000000 SECT3F1 notype       Static      | .xdata
    Section length   14, #relocs    1, #linenums    0, checksum   677058, selection    5 (pick associative Section 0xB)
D0F 00000000 SECT3F1 notype       Static      | $handlerMap$0$??$_Buynode@V?$unique_ptr@UOwnedStream@ClientMiles@@U?$default_delete@UOwnedStream@ClientMiles@@@std@@@std@@@?$_List_buy@V?$unique_ptr@UOwnedStream@ClientMiles@@U?$default_delete@UOwnedStream@ClientMiles@@@std@@@std@@V?$allocator@V?$unique_ptr@UOwnedStream@ClientMiles@@U?$default_delete@UOwnedStream@ClientMiles@@@std@@@std@@@2@@std@@QEAAPEAU?$_List_node@V?$unique_ptr@UOwnedStream@ClientMiles@@U?$default_delete@UOwnedStream@ClientMiles@@@std@@@std@@PEAX@1@PEAU21@0$$QEAV?$unique_ptr@UOwnedStream@ClientMiles@@U?$default_delete@UOwnedStream@ClientMiles@@@std@@@1@@Z
D10 00000000 SECT3F2 notype       Static      | .xdata
    Section length   28, #relocs    5, #linenums    0, checksum 919B5633, selection    5 (pick associative Section 0xB)
D12 00000000 SECT3F2 notype       Static      | $ip2state$??$_Buynode@V?$unique_ptr@UOwnedStream@ClientMiles@@U?$default_delete@UOwnedStream@ClientMiles@@@std@@@std@@@?$_List_buy@V?$unique_ptr@UOwnedStream@ClientMiles@@U?$default_delete@UOwnedStream@ClientMiles@@@std@@@std@@V?$allocator@V?$unique_ptr@UOwnedStream@ClientMiles@@U?$default_delete@UOwnedStream@ClientMiles@@@std@@@std@@@2@@std@@QEAAPEAU?$_List_node@V?$unique_ptr@UOwnedStream@ClientMiles@@U?$default_delete@UOwnedStream@ClientMiles@@@std@@@std@@PEAX@1@PEAU21@0$$QEAV?$unique_ptr@UOwnedStream@ClientMiles@@U?$default_delete@UOwnedStream@ClientMiles@@@std@@@1@@Z
D13 00000000 SECT3F3 notype       Static      | .xdata
    Section length   10, #relocs    2, #linenums    0, checksum 5840A276, selection    5 (pick associative Section 0xB)
D15 00000000 SECT3F3 notype       Static      | $unwind$?catch$0@?0???$_Buynode@V?$unique_ptr@UOwnedStream@ClientMiles@@U?$default_delete@UOwnedStream@ClientMiles@@@std@@@std@@@?$_List_buy@V?$unique_ptr@UOwnedStream@ClientMiles@@U?$default_delete@UOwnedStream@ClientMiles@@@std@@@std@@V?$allocator@V?$unique_ptr@UOwnedStream@ClientMiles@@U?$default_delete@UOwnedStream@ClientMiles@@@std@@@std@@@2@@std@@QEAAPEAU?$_List_node@V?$unique_ptr@UOwnedStream@ClientMiles@@U?$default_delete@UOwnedStream@ClientMiles@@@std@@@std@@PEAX@1@PEAU21@0$$QEAV?$unique_ptr@UOwnedStream@ClientMiles@@U?$default_delete@UOwnedStream@ClientMiles@@@std@@@1@@Z@4HA
D16 00000000 SECT3F4 notype       Static      | .pdata
    Section length    C, #relocs    3, #linenums    0, checksum F9766256, selection    5 (pick associative Section 0xB)
D18 00000000 SECT3F4 notype       Static      | $pdata$?catch$0@?0???$_Buynode@V?$unique_ptr@UOwnedStream@ClientMiles@@U?$default_delete@UOwnedStream@ClientMiles@@@std@@@std@@@?$_List_buy@V?$unique_ptr@UOwnedStream@ClientMiles@@U?$default_delete@UOwnedStream@ClientMiles@@@std@@@std@@V?$allocator@V?$unique_ptr@UOwnedStream@ClientMiles@@U?$default_delete@UOwnedStream@ClientMiles@@@std@@@std@@@2@@std@@QEAAPEAU?$_List_node@V?$unique_ptr@UOwnedStream@ClientMiles@@U?$default_delete@UOwnedStream@ClientMiles@@@std@@@std@@PEAX@1@PEAU21@0$$QEAV?$unique_ptr@UOwnedStream@ClientMiles@@U?$default_delete@UOwnedStream@ClientMiles@@@std@@@1@@Z@4HA
D19 00000000 SECT3F5 notype       Static      | .xdata
    Section length    8, #relocs    0, #linenums    0, checksum F4D9A8A3, selection    5 (pick associative Section 0x1F)
D1B 00000000 SECT3F5 notype       Static      | $unwind$??$_Uninit_copy@PEBEPEAEU?$_Wrap_alloc@V?$allocator@E@std@@@std@@@std@@YAPEAEPEBE0PEAEAEAU?$_Wrap_alloc@V?$allocator@E@std@@@0@@Z
D1C 00000000 SECT3F6 notype       Static      | .pdata
    Section length    C, #relocs    3, #linenums    0, checksum 3F196BD1, selection    5 (pick associative Section 0x1F)
D1E 00000000 SECT3F6 notype       Static      | $pdata$??$_Uninit_copy@PEBEPEAEU?$_Wrap_alloc@V?$allocator@E@std@@@std@@@std@@YAPEAEPEBE0PEAEAEAU?$_Wrap_alloc@V?$allocator@E@std@@@0@@Z
D1F 00000000 SECT3F7 notype       Static      | .xdata
    Section length    8, #relocs    0, #linenums    0, checksum F4D9A8A3, selection    5 (pick associative Section 0x1E)
D21 00000000 SECT3F7 notype       Static      | $unwind$??$_Uninit_copy@PEAEPEAEU?$_Wrap_alloc@V?$allocator@E@std@@@std@@@std@@YAPEAEPEAE00AEAU?$_Wrap_alloc@V?$allocator@E@std@@@0@@Z
D22 00000000 SECT3F8 notype       Static      | .pdata
    Section length    C, #relocs    3, #linenums    0, checksum 3F196BD1, selection    5 (pick associative Section 0x1E)
D24 00000000 SECT3F8 notype       Static      | $pdata$??$_Uninit_copy@PEAEPEAEU?$_Wrap_alloc@V?$allocator@E@std@@@std@@@std@@YAPEAEPEAE00AEAU?$_Wrap_alloc@V?$allocator@E@std@@@0@@Z
D25 00000000 SECT3F9 notype       Static      | .xdata
    Section length    8, #relocs    0, #linenums    0, checksum F4D9A8A3, selection    5 (pick associative Section 0x1C)
D27 00000000 SECT3F9 notype       Static      | $unwind$??$_Uninit_copy@$$CBEE@std@@YAPEAEPEBE0PEAEAEAU?$_Wrap_alloc@V?$allocator@E@std@@@0@U_Scalar_ptr_iterator_tag@0@@Z
D28 00000000 SECT3FA notype       Static      | .pdata
    Section length    C, #relocs    3, #linenums    0, checksum 3F196BD1, selection    5 (pick associative Section 0x1C)
D2A 00000000 SECT3FA notype       Static      | $pdata$??$_Uninit_copy@$$CBEE@std@@YAPEAEPEBE0PEAEAEAU?$_Wrap_alloc@V?$allocator@E@std@@@0@U_Scalar_ptr_iterator_tag@0@@Z
D2B 00000000 SECT3FB notype       Static      | .xdata
    Section length    8, #relocs    0, #linenums    0, checksum F4D9A8A3, selection    5 (pick associative Section 0x1D)
D2D 00000000 SECT3FB notype       Static      | $unwind$??$_Uninit_copy@EE@std@@YAPEAEPEAE00AEAU?$_Wrap_alloc@V?$allocator@E@std@@@0@U_Scalar_ptr_iterator_tag@0@@Z
D2E 00000000 SECT3FC notype       Static      | .pdata
    Section length    C, #relocs    3, #linenums    0, checksum 3F196BD1, selection    5 (pick associative Section 0x1D)
D30 00000000 SECT3FC notype       Static      | $pdata$??$_Uninit_copy@EE@std@@YAPEAEPEAE00AEAU?$_Wrap_alloc@V?$allocator@E@std@@@0@U_Scalar_ptr_iterator_tag@0@@Z
D31 00000009 SECT3  notype       Static       | piecewise_construct
D32 00000008 SECT3  notype       Static       | allocator_arg
D33 00000000 SECT3FD notype       Static      | .rdata
    Section length   18, #relocs    3, #linenums    0, checksum        0, selection    6 (pick largest)
D35 00000008 SECT3FD notype       External    | ??_7logic_error@std@@6B@ (const std::logic_error::`vftable')
D36 00000000 SECT3FE notype       Static      | .rdata
    Section length   18, #relocs    3, #linenums    0, checksum        0, selection    6 (pick largest)
D38 00000008 SECT3FE notype       External    | ??_7runtime_error@std@@6B@ (const std::runtime_error::`vftable')
D39 00000000 UNDEF  notype       External     | ??_7type_info@@6B@ (const type_info::`vftable')
D3A 00000000 SECT3FF notype       Static      | .data$r
    Section length   28, #relocs    1, #linenums    0, checksum D357CA60, selection    2 (pick any)
D3C 00000000 SECT3FF notype       External    | ??_R0?AVruntime_error@std@@@8 (class std::runtime_error `RTTI Type Descriptor')
D3D 00000000 SECT400 notype       Static      | .xdata$x
    Section length   24, #relocs    2, #linenums    0, checksum BC1A9E34, selection    2 (pick any)
D3F 00000000 SECT400 notype       External    | _CT??_R0?AVruntime_error@std@@@8??0runtime_error@std@@QEAA@AEBV01@@Z24
D40 00000000 SECT401 notype       Static      | .data$r
    Section length   24, #relocs    1, #linenums    0, checksum 54BC55F2, selection    2 (pick any)
D42 00000000 SECT401 notype       External    | ??_R0?AVexception@std@@@8 (class std::exception `RTTI Type Descriptor')
D43 00000000 SECT402 notype       Static      | .xdata$x
    Section length   24, #relocs    2, #linenums    0, checksum BC1A9E34, selection    2 (pick any)
D45 00000000 SECT402 notype       External    | _CT??_R0?AVexception@std@@@8??0exception@std@@QEAA@AEBV01@@Z24
D46 00000000 SECT403 notype       Static      | .rdata
    Section length   38, #relocs    7, #linenums    0, checksum        0, selection    6 (pick largest)
D48 00000008 SECT403 notype       External    | ??_7error_category@std@@6B@ (const std::error_category::`vftable')
D49 00000000 SECT404 notype       Static      | .rdata
    Section length   38, #relocs    7, #linenums    0, checksum        0, selection    6 (pick largest)
D4B 00000008 SECT404 notype       External    | ??_7_Generic_error_category@std@@6B@ (const std::_Generic_error_category::`vftable')
D4C 00000000 SECT405 notype       Static      | .rdata
    Section length    8, #relocs    0, #linenums    0, checksum A86CFC2B, selection    2 (pick any)
D4E 00000000 SECT405 notype       External    | ??_C@_07DCLBNMLN@generic?$AA@ (`string')
D4F 00000000 SECT406 notype       Static      | .rdata
    Section length    E, #relocs    0, #linenums    0, checksum 3BD6D632, selection    2 (pick any)
D51 00000000 SECT406 notype       External    | ??_C@_0O@BFJCFAAK@unknown?5error?$AA@ (`string')
D52 00000000 SECT407 notype       Static      | .rdata
    Section length   38, #relocs    7, #linenums    0, checksum        0, selection    6 (pick largest)
D54 00000008 SECT407 notype       External    | ??_7_Iostream_error_category@std@@6B@ (const std::_Iostream_error_category::`vftable')
D55 00000000 SECT408 notype       Static      | .rdata
    Section length    9, #relocs    0, #linenums    0, checksum A29400EA, selection    2 (pick any)
D57 00000000 SECT408 notype       External    | ??_C@_08LLGCOLLL@iostream?$AA@ (`string')
D58 00000000 SECT409 notype       Static      | .rdata
    Section length   16, #relocs    0, #linenums    0, checksum A7E7FC63, selection    2 (pick any)
D5A 00000000 SECT409 notype       External    | ??_C@_0BG@PADBLCHM@iostream?5stream?5error?$AA@ (`string')
D5B 00000000 SECT40A notype       Static      | .rdata
    Section length   38, #relocs    7, #linenums    0, checksum        0, selection    6 (pick largest)
D5D 00000008 SECT40A notype       External    | ??_7_System_error_category@std@@6B@ (const std::_System_error_category::`vftable')
D5E 00000000 SECT40B notype       Static      | .rdata
    Section length    7, #relocs    0, #linenums    0, checksum 35CD274A, selection    2 (pick any)
D60 00000000 SECT40B notype       External    | ??_C@_06FHFOAHML@system?$AA@ (`string')
D61 00000000 SECT40C notype       Static      | .data
    Section length    8, #relocs    1, #linenums    0, checksum        0, selection    2 (pick any)
D63 00000000 SECT40C notype       External    | ?_Generic_object@?$_Error_objects@H@std@@2V_Generic_error_category@2@A (public: static class std::_Generic_error_category std::_Error_objects<int>::_Generic_object)
D64 00000000 SECT40D notype       Static      | .data
    Section length    8, #relocs    1, #linenums    0, checksum        0, selection    2 (pick any)
D66 00000000 SECT40D notype       External    | ?_Iostream_object@?$_Error_objects@H@std@@2V_Iostream_error_category@2@A (public: static class std::_Iostream_error_category std::_Error_objects<int>::_Iostream_object)
D67 00000000 SECT40E notype       Static      | .data
    Section length    8, #relocs    1, #linenums    0, checksum        0, selection    2 (pick any)
D69 00000000 SECT40E notype       External    | ?_System_object@?$_Error_objects@H@std@@2V_System_error_category@2@A (public: static class std::_System_error_category std::_Error_objects<int>::_System_object)
D6A 00000000 SECT40F notype       Static      | .bss
    Section length    8, #relocs    0, #linenums    0, checksum        0, selection    2 (pick any)
D6C 00000000 SECT40F notype       External    | ?id@?$num_put@DV?$back_insert_iterator@V?$basic_string@DU?$char_traits@D@std@@V?$allocator@D@2@@std@@@std@@@std@@2V0locale@2@A (public: static class std::locale::id std::num_put<char,class std::back_insert_iterator<class std::basic_string<char,struct std::char_traits<char>,class std::allocator<char> > > >::id)
D6D 00000000 SECT410 notype       Static      | .bss
    Section length    8, #relocs    0, #linenums    0, checksum        0, selection    2 (pick any)
D6F 00000000 SECT410 notype       External    | ?id@?$num_put@_WV?$back_insert_iterator@V?$basic_string@_WU?$char_traits@_W@std@@V?$allocator@_W@2@@std@@@std@@@std@@2V0locale@2@A (public: static class std::locale::id std::num_put<wchar_t,class std::back_insert_iterator<class std::basic_string<wchar_t,struct std::char_traits<wchar_t>,class std::allocator<wchar_t> > > >::id)
D70 00000000 SECT411 notype       Static      | .rdata
    Section length   18, #relocs    3, #linenums    0, checksum        0, selection    6 (pick largest)
D72 00000008 SECT411 notype       External    | ??_7Failure@ClientMiles@@6B@ (const ClientMiles::Failure::`vftable')
D73 00000000 SECT412 notype       Static      | .data$r
    Section length   26, #relocs    1, #linenums    0, checksum 581E38EE, selection    2 (pick any)
D75 00000000 SECT412 notype       External    | ??_R0?AVlogic_error@std@@@8 (class std::logic_error `RTTI Type Descriptor')
D76 00000000 SECT413 notype       Static      | .xdata$x
    Section length   1C, #relocs    2, #linenums    0, checksum        0, selection    2 (pick any)
D78 00000000 SECT413 notype       External    | _TI3?AVFailure@ClientMiles@@
D79 00000000 SECT414 notype       Static      | .xdata$x
    Section length   1C, #relocs    3, #linenums    0, checksum 29C8B4F2, selection    2 (pick any)
D7B 00000000 SECT414 notype       External    | _CTA3?AVFailure@ClientMiles@@
D7C 00000000 SECT415 notype       Static      | .data$r
    Section length   2A, #relocs    1, #linenums    0, checksum 8930EEE7, selection    2 (pick any)
D7E 00000000 SECT415 notype       External    | ??_R0?AVFailure@ClientMiles@@@8 (class ClientMiles::Failure `RTTI Type Descriptor')
D7F 00000000 SECT416 notype       Static      | .xdata$x
    Section length   24, #relocs    2, #linenums    0, checksum EA32D6FC, selection    2 (pick any)
D81 00000000 SECT416 notype       External    | _CT??_R0?AVFailure@ClientMiles@@@8??0Failure@ClientMiles@@QEAA@AEBV01@@Z32
D82 00000000 SECT417 notype       Static      | .rdata
    Section length   1C, #relocs    0, #linenums    0, checksum AD85E5AB, selection    2 (pick any)
D84 00000000 SECT417 notype       External    | ??_C@_0BM@NCAKGNLN@unsupported?5Miles?5operation?$AA@ (`string')
D85 00000000 SECT418 notype       Static      | .rdata
    Section length   15, #relocs    0, #linenums    0, checksum A7E5A44F, selection    2 (pick any)
D87 00000000 SECT418 notype       External    | ??_C@_0BF@BJBOJODL@invalid?5Miles?5driver?$AA@ (`string')
D88 00000000 SECT419 notype       Static      | .rdata
    Section length   18, #relocs    0, #linenums    0, checksum 1106C5DD, selection    2 (pick any)
D8A 00000000 SECT419 notype       External    | ??_C@_0BI@ENDIPAAC@invalid?5Miles?5arguments?$AA@ (`string')
D8B 00000000 SECT41A notype       Static      | .rdata
    Section length   22, #relocs    0, #linenums    0, checksum 2A71CF8E, selection    2 (pick any)
D8D 00000000 SECT41A notype       External    | ??_C@_0CC@JEPPFMFL@Miles?5lifecycle?5refused?5operatio@ (`string')
D8E 00000000 SECT41B notype       Static      | .rdata
    Section length   20, #relocs    0, #linenums    0, checksum 91BEC2BE, selection    2 (pick any)
D90 00000000 SECT41B notype       External    | ??_C@_0CA@HHELGIOM@Miles?5result?5exceeds?5text?5limit?$AA@ (`string')
D91 00000000 SECT41C notype       Static      | .rdata
    Section length   1B, #relocs    0, #linenums    0, checksum BD7CFCA4, selection    2 (pick any)
D93 00000000 SECT41C notype       External    | ??_C@_0BL@FIPJFBOI@Miles?5retained?5input?5limit?$AA@ (`string')
D94 00000000 SECT41D notype       Static      | .rdata
    Section length   1B, #relocs    0, #linenums    0, checksum 9C044307, selection    2 (pick any)
D96 00000000 SECT41D notype       External    | ??_C@_0BL@HJIBOOEL@Miles?5version?5query?5failed?$AA@ (`string')
D97 00000000 SECT41E notype       Static      | .rdata
    Section length   17, #relocs    0, #linenums    0, checksum F68748CA, selection    2 (pick any)
D99 00000000 SECT41E notype       External    | ??_C@_0BH@HLNIJDHB@unknown?5backend?5result?$AA@ (`string')
D9A 00000000 SECT41F notype       Static      | .rdata
    Section length   1B, #relocs    0, #linenums    0, checksum 81187A6B, selection    2 (pick any)
D9C 00000000 SECT41F notype       External    | ??_C@_0BL@GEJNNHCH@invalid?5owned?5backend?5text?$AA@ (`string')
D9D 00000000 SECT420 notype       Static      | .rdata
    Section length   21, #relocs    0, #linenums    0, checksum 491E04D8, selection    2 (pick any)
D9F 00000000 SECT420 notype       External    | ??_C@_0CB@MMJNMBKK@null?5backend?5text?5contains?5bytes@ (`string')
DA0 00000000 SECT421 notype       Static      | .rdata
    Section length   31, #relocs    0, #linenums    0, checksum C30E3113, selection    2 (pick any)
DA2 00000000 SECT421 notype       External    | ??_C@_0DB@GOGEMOBJ@driver?5does?5not?5belong?5to?5select@ (`string')
DA3 00000000 SECT422 notype       Static      | .rdata
    Section length   23, #relocs    0, #linenums    0, checksum 396B74E0, selection    2 (pick any)
DA5 00000000 SECT422 notype       External    | ??_C@_0CD@MPGMNMCI@one?5Miles?5session?5must?5be?5select@ (`string')
DA6 00000000 SECT423 notype       Static      | .rdata
    Section length   22, #relocs    0, #linenums    0, checksum CC6B2EA4, selection    2 (pick any)
DA8 00000000 SECT423 notype       External    | ??_C@_0CC@HCOFLNHB@Miles?5implementation?5not?5selecte@ (`string')
DA9 00000000 SECT424 notype       Static      | .rdata
    Section length   28, #relocs    0, #linenums    0, checksum 1AC396CA, selection    2 (pick any)
DAB 00000000 SECT424 notype       External    | ??_C@_0CI@MNAFEIE@invalid?5sample?5reply?$DL?5outcome?5un@ (`string')
DAC 00000000 SECT425 notype       Static      | .rdata
    Section length   27, #relocs    0, #linenums    0, checksum 714BDA82, selection    2 (pick any)
DAE 00000000 SECT425 notype       External    | ??_C@_0CH@OEGNBFN@Miles?5session?5has?5an?5uncertain?5o@ (`string')
DAF 00000000 SECT426 notype       Static      | .rdata
    Section length   1E, #relocs    0, #linenums    0, checksum E28B073A, selection    2 (pick any)
DB1 00000000 SECT426 notype       External    | ??_C@_0BO@BNHAMGHA@Miles?5session?5already?5stopped?$AA@ (`string')
DB2 00000000 SECT427 notype       Static      | .rdata
    Section length   15, #relocs    0, #linenums    0, checksum 9C5F7BDB, selection    2 (pick any)
DB4 00000000 SECT427 notype       External    | ??_C@_0BF@CCKEEBKP@Miles?5is?5not?5started?$AA@ (`string')
DB5 00000000 SECT428 notype       Static      | .rdata
    Section length   2B, #relocs    0, #linenums    0, checksum CFD2DA50, selection    2 (pick any)
DB7 00000000 SECT428 notype       External    | ??_C@_0CL@MIKEIOJO@Miles?5session?5cannot?5issue?5anoth@ (`string')
DB8 00000000 SECT429 notype       Static      | .rdata
    Section length   15, #relocs    0, #linenums    0, checksum 2AF02C46, selection    2 (pick any)
DBA 00000000 SECT429 notype       External    | ??_C@_0BF@JEALBGDC@Miles?5channel?5failed?$AA@ (`string')
DBB 00000000 SECT42A notype       Static      | .rdata
    Section length   1D, #relocs    0, #linenums    0, checksum E210689B, selection    2 (pick any)
DBD 00000000 SECT42A notype       External    | ??_C@_0BN@BGLLFCEC@unknown?5Miles?5channel?5status?$AA@ (`string')
DBE 00000000 SECT42B notype       Static      | .rdata
    Section length   26, #relocs    0, #linenums    0, checksum 68F70BE2, selection    2 (pick any)
DC0 00000000 SECT42B notype       External    | ??_C@_0CG@PPBGPKO@cannot?5retry?5an?5uncertain?5Miles?5@ (`string')
DC1 00000000 SECT42C notype       Static      | .rdata
    Section length   22, #relocs    0, #linenums    0, checksum 2B8901CB, selection    2 (pick any)
DC3 00000000 SECT42C notype       External    | ??_C@_0CC@JFAHJCBO@Miles?5shutdown?5must?5precede?5clos@ (`string')
DC4 00000000 SECT42D notype       Static      | .rdata
    Section length   1E, #relocs    0, #linenums    0, checksum 170CE9BA, selection    2 (pick any)
DC6 00000000 SECT42D notype       External    | ??_C@_0BO@OIPHCIPA@Miles?5channel?5teardown?5failed?$AA@ (`string')
DC7 00000000 SECT42E notype       Static      | .rdata
    Section length   20, #relocs    0, #linenums    0, checksum 733D4EDD, selection    2 (pick any)
DC9 00000000 SECT42E notype       External    | ??_C@_0CA@JFMIOEIP@Miles?5startup?5already?5completed?$AA@ (`string')
DCA 00000000 SECT42F notype       Static      | .rdata
    Section length   22, #relocs    0, #linenums    0, checksum 4D897123, selection    2 (pick any)
DCC 00000000 SECT42F notype       External    | ??_C@_0CC@PDAHOCPG@unsupported?5preference?5identifie@ (`string')
DCD 00000000 SECT430 notype       Static      | .rdata
    Section length   1D, #relocs    0, #linenums    0, checksum 438C2DEE, selection    2 (pick any)
DCF 00000000 SECT430 notype       External    | ??_C@_0BN@LHCHBHDH@unsupported?5preference?5value?$AA@ (`string')
DD0 00000000 SECT431 notype       Static      | .rdata
    Section length   1E, #relocs    0, #linenums    0, checksum 741C0871, selection    2 (pick any)
DD2 00000000 SECT431 notype       External    | ??_C@_0BO@ILOHMJDL@null?5redistribution?5directory?$AA@ (`string')
DD3 00000000 SECT432 notype       Static      | .rdata
    Section length   27, #relocs    0, #linenums    0, checksum DE61D7C2, selection    2 (pick any)
DD5 00000000 SECT432 notype       External    | ??_C@_0CH@KBGMNMBN@redistribution?5directory?5exceeds@ (`string')
DD6 00000000 SECT433 notype       Static      | .rdata
    Section length   23, #relocs    0, #linenums    0, checksum 4387C10F, selection    2 (pick any)
DD8 00000000 SECT433 notype       External    | ??_C@_0CD@LFIAGJMH@unsupported?5digital?5driver?5reque@ (`string')
DD9 00000000 SECT434 notype       Static      | .rdata
    Section length   2C, #relocs    0, #linenums    0, checksum 78DBB793, selection    2 (pick any)
DDB 00000000 SECT434 notype       External    | ??_C@_0CM@EAACOHA@sample?5is?5not?5live?5in?5this?5selec@ (`string')
DDC 00000000 SECT435 notype       Static      | .rdata
    Section length   27, #relocs    0, #linenums    0, checksum 6AF094B3, selection    2 (pick any)
DDE 00000000 SECT435 notype       External    | ??_C@_0CH@BFPNJPGM@stream?5is?5not?5live?5in?5selected?5S@ (`string')
DDF 00000000 SECT436 notype       Static      | .rdata
    Section length   15, #relocs    0, #linenums    0, checksum  62CDD51, selection    2 (pick any)
DE1 00000000 SECT436 notype       External    | ??_C@_0BF@LINHOHCF@null?5stream?5filename?$AA@ (`string')
DE2 00000000 SECT437 notype       Static      | .rdata
    Section length   27, #relocs    0, #linenums    0, checksum 8C5855B6, selection    2 (pick any)
DE4 00000000 SECT437 notype       External    | ??_C@_0CH@PDFFFOGJ@stream?5filename?5exceeds?5frame?5ca@ (`string')
DE5 00000000 SECT438 notype       Static      | .bss
    Section length    8, #relocs    0, #linenums    0, checksum        0, selection    2 (pick any)
DE7 00000000 SECT438 notype       External    | ?id@?$numpunct@D@std@@2V0locale@2@A (public: static class std::locale::id std::numpunct<char>::id)
DE8 00000000 SECT439 notype       Static      | .bss
    Section length    8, #relocs    0, #linenums    0, checksum        0, selection    2 (pick any)
DEA 00000000 SECT439 notype       External    | ?id@?$numpunct@_W@std@@2V0locale@2@A (public: static class std::locale::id std::numpunct<wchar_t>::id)
DEB 00000000 SECT43A notype       Static      | .rdata
    Section length   10, #relocs    0, #linenums    0, checksum 869C5FA0, selection    2 (pick any)
DED 00000000 SECT43A notype       External    | ??_C@_0BA@JFNIOLAK@string?5too?5long?$AA@ (`string')
DEE 00000000 SECT43B notype       Static      | .rdata
    Section length   18, #relocs    0, #linenums    0, checksum 79C52538, selection    2 (pick any)
DF0 00000000 SECT43B notype       External    | ??_C@_0BI@CFPLBAOH@invalid?5string?5position?$AA@ (`string')
DF1 00000000 SECT43C notype       Static      | .rdata
    Section length   13, #relocs    0, #linenums    0, checksum CEE728DA, selection    2 (pick any)
DF3 00000000 SECT43C notype       External    | ??_C@_0BD@OLBABOEK@vector?$DMT?$DO?5too?5long?$AA@ (`string')
DF4 00000000 SECT43D notype       Static      | .rdata
    Section length   11, #relocs    0, #linenums    0, checksum F87E1947, selection    2 (pick any)
DF6 00000000 SECT43D notype       External    | ??_C@_0BB@MOGOBHAF@list?$DMT?$DO?5too?5long?$AA@ (`string')
DF7 00000000 SECT43E notype       Static      | .rdata$r
    Section length   24, #relocs    2, #linenums    0, checksum 3AD97647, selection    2 (pick any)
DF9 00000000 SECT43E notype       External    | ??_R1A@?0A@EA@exception@std@@8 (std::exception::`RTTI Base Class Descriptor at (0,-1,0,64)')
DFA 00000000 SECT43F notype       Static      | .rdata$r
    Section length   14, #relocs    1, #linenums    0, checksum CCAA009E, selection    2 (pick any)
DFC 00000000 SECT43F notype       External    | ??_R3exception@std@@8 (std::exception::`RTTI Class Hierarchy Descriptor')
DFD 00000000 SECT440 notype       Static      | .rdata$r
    Section length    C, #relocs    1, #linenums    0, checksum        0, selection    2 (pick any)
DFF 00000000 SECT440 notype       External    | ??_R2exception@std@@8 (std::exception::`RTTI Base Class Array')
E00 00000000 SECT441 notype       Static      | .rdata$r
    Section length   24, #relocs    3, #linenums    0, checksum 81256527, selection    2 (pick any)
E02 00000000 SECT441 notype       External    | ??_R4logic_error@std@@6B@ (const std::logic_error::`RTTI Complete Object Locator')
E03 00000000 SECT442 notype       Static      | .rdata$r
    Section length   14, #relocs    1, #linenums    0, checksum 4225077D, selection    2 (pick any)
E05 00000000 SECT442 notype       External    | ??_R3logic_error@std@@8 (std::logic_error::`RTTI Class Hierarchy Descriptor')
E06 00000000 SECT443 notype       Static      | .rdata$r
    Section length   14, #relocs    2, #linenums    0, checksum        0, selection    2 (pick any)
E08 00000000 SECT443 notype       External    | ??_R2logic_error@std@@8 (std::logic_error::`RTTI Base Class Array')
E09 00000000 SECT444 notype       Static      | .rdata$r
    Section length   24, #relocs    2, #linenums    0, checksum BBFC1360, selection    2 (pick any)
E0B 00000000 SECT444 notype       External    | ??_R1A@?0A@EA@logic_error@std@@8 (std::logic_error::`RTTI Base Class Descriptor at (0,-1,0,64)')
E0C 00000000 SECT445 notype       Static      | .rdata$r
    Section length   24, #relocs    3, #linenums    0, checksum 81256527, selection    2 (pick any)
E0E 00000000 SECT445 notype       External    | ??_R4runtime_error@std@@6B@ (const std::runtime_error::`RTTI Complete Object Locator')
E0F 00000000 SECT446 notype       Static      | .rdata$r
    Section length   14, #relocs    1, #linenums    0, checksum 4225077D, selection    2 (pick any)
E11 00000000 SECT446 notype       External    | ??_R3runtime_error@std@@8 (std::runtime_error::`RTTI Class Hierarchy Descriptor')
E12 00000000 SECT447 notype       Static      | .rdata$r
    Section length   14, #relocs    2, #linenums    0, checksum        0, selection    2 (pick any)
E14 00000000 SECT447 notype       External    | ??_R2runtime_error@std@@8 (std::runtime_error::`RTTI Base Class Array')
E15 00000000 SECT448 notype       Static      | .rdata$r
    Section length   24, #relocs    2, #linenums    0, checksum BBFC1360, selection    2 (pick any)
E17 00000000 SECT448 notype       External    | ??_R1A@?0A@EA@runtime_error@std@@8 (std::runtime_error::`RTTI Base Class Descriptor at (0,-1,0,64)')
E18 00000000 SECT449 notype       Static      | .rdata$r
    Section length   24, #relocs    3, #linenums    0, checksum 81256527, selection    2 (pick any)
E1A 00000000 SECT449 notype       External    | ??_R4error_category@std@@6B@ (const std::error_category::`RTTI Complete Object Locator')
E1B 00000000 SECT44A notype       Static      | .data$r
    Section length   29, #relocs    1, #linenums    0, checksum 57781CE5, selection    2 (pick any)
E1D 00000000 SECT44A notype       External    | ??_R0?AVerror_category@std@@@8 (class std::error_category `RTTI Type Descriptor')
E1E 00000000 SECT44B notype       Static      | .rdata$r
    Section length   14, #relocs    1, #linenums    0, checksum CCAA009E, selection    2 (pick any)
E20 00000000 SECT44B notype       External    | ??_R3error_category@std@@8 (std::error_category::`RTTI Class Hierarchy Descriptor')
E21 00000000 SECT44C notype       Static      | .rdata$r
    Section length    C, #relocs    1, #linenums    0, checksum        0, selection    2 (pick any)
E23 00000000 SECT44C notype       External    | ??_R2error_category@std@@8 (std::error_category::`RTTI Base Class Array')
E24 00000000 SECT44D notype       Static      | .rdata$r
    Section length   24, #relocs    2, #linenums    0, checksum 3AD97647, selection    2 (pick any)
E26 00000000 SECT44D notype       External    | ??_R1A@?0A@EA@error_category@std@@8 (std::error_category::`RTTI Base Class Descriptor at (0,-1,0,64)')
E27 00000000 SECT44E notype       Static      | .rdata$r
    Section length   24, #relocs    3, #linenums    0, checksum 81256527, selection    2 (pick any)
E29 00000000 SECT44E notype       External    | ??_R4_Generic_error_category@std@@6B@ (const std::_Generic_error_category::`RTTI Complete Object Locator')
E2A 00000000 SECT44F notype       Static      | .data$r
    Section length   32, #relocs    1, #linenums    0, checksum 61E25741, selection    2 (pick any)
E2C 00000000 SECT44F notype       External    | ??_R0?AV_Generic_error_category@std@@@8 (class std::_Generic_error_category `RTTI Type Descriptor')
E2D 00000000 SECT450 notype       Static      | .rdata$r
    Section length   14, #relocs    1, #linenums    0, checksum 4225077D, selection    2 (pick any)
E2F 00000000 SECT450 notype       External    | ??_R3_Generic_error_category@std@@8 (std::_Generic_error_category::`RTTI Class Hierarchy Descriptor')
E30 00000000 SECT451 notype       Static      | .rdata$r
    Section length   14, #relocs    2, #linenums    0, checksum        0, selection    2 (pick any)
E32 00000000 SECT451 notype       External    | ??_R2_Generic_error_category@std@@8 (std::_Generic_error_category::`RTTI Base Class Array')
E33 00000000 SECT452 notype       Static      | .rdata$r
    Section length   24, #relocs    2, #linenums    0, checksum BBFC1360, selection    2 (pick any)
E35 00000000 SECT452 notype       External    | ??_R1A@?0A@EA@_Generic_error_category@std@@8 (std::_Generic_error_category::`RTTI Base Class Descriptor at (0,-1,0,64)')
E36 00000000 SECT453 notype       Static      | .rdata$r
    Section length   24, #relocs    3, #linenums    0, checksum 81256527, selection    2 (pick any)
E38 00000000 SECT453 notype       External    | ??_R4_Iostream_error_category@std@@6B@ (const std::_Iostream_error_category::`RTTI Complete Object Locator')
E39 00000000 SECT454 notype       Static      | .data$r
    Section length   33, #relocs    1, #linenums    0, checksum 9ABBB05D, selection    2 (pick any)
E3B 00000000 SECT454 notype       External    | ??_R0?AV_Iostream_error_category@std@@@8 (class std::_Iostream_error_category `RTTI Type Descriptor')
E3C 00000000 SECT455 notype       Static      | .rdata$r
    Section length   14, #relocs    1, #linenums    0, checksum 8E8F07E3, selection    2 (pick any)
E3E 00000000 SECT455 notype       External    | ??_R3_Iostream_error_category@std@@8 (std::_Iostream_error_category::`RTTI Class Hierarchy Descriptor')
E3F 00000000 SECT456 notype       Static      | .rdata$r
    Section length   1C, #relocs    3, #linenums    0, checksum        0, selection    2 (pick any)
E41 00000000 SECT456 notype       External    | ??_R2_Iostream_error_category@std@@8 (std::_Iostream_error_category::`RTTI Base Class Array')
E42 00000000 SECT457 notype       Static      | .rdata$r
    Section length   24, #relocs    2, #linenums    0, checksum E3E2BA48, selection    2 (pick any)
E44 00000000 SECT457 notype       External    | ??_R1A@?0A@EA@_Iostream_error_category@std@@8 (std::_Iostream_error_category::`RTTI Base Class Descriptor at (0,-1,0,64)')
E45 00000000 SECT458 notype       Static      | .rdata$r
    Section length   24, #relocs    3, #linenums    0, checksum 81256527, selection    2 (pick any)
E47 00000000 SECT458 notype       External    | ??_R4_System_error_category@std@@6B@ (const std::_System_error_category::`RTTI Complete Object Locator')
E48 00000000 SECT459 notype       Static      | .data$r
    Section length   31, #relocs    1, #linenums    0, checksum FF15FF41, selection    2 (pick any)
E4A 00000000 SECT459 notype       External    | ??_R0?AV_System_error_category@std@@@8 (class std::_System_error_category `RTTI Type Descriptor')
E4B 00000000 SECT45A notype       Static      | .rdata$r
    Section length   14, #relocs    1, #linenums    0, checksum 8E8F07E3, selection    2 (pick any)
E4D 00000000 SECT45A notype       External    | ??_R3_System_error_category@std@@8 (std::_System_error_category::`RTTI Class Hierarchy Descriptor')
E4E 00000000 SECT45B notype       Static      | .rdata$r
    Section length   1C, #relocs    3, #linenums    0, checksum        0, selection    2 (pick any)
E50 00000000 SECT45B notype       External    | ??_R2_System_error_category@std@@8 (std::_System_error_category::`RTTI Base Class Array')
E51 00000000 SECT45C notype       Static      | .rdata$r
    Section length   24, #relocs    2, #linenums    0, checksum E3E2BA48, selection    2 (pick any)
E53 00000000 SECT45C notype       External    | ??_R1A@?0A@EA@_System_error_category@std@@8 (std::_System_error_category::`RTTI Base Class Descriptor at (0,-1,0,64)')
E54 00000000 SECT45D notype       Static      | .rdata$r
    Section length   24, #relocs    3, #linenums    0, checksum 81256527, selection    2 (pick any)
E56 00000000 SECT45D notype       External    | ??_R4Failure@ClientMiles@@6B@ (const ClientMiles::Failure::`RTTI Complete Object Locator')
E57 00000000 SECT45E notype       Static      | .rdata$r
    Section length   14, #relocs    1, #linenums    0, checksum 8E8F07E3, selection    2 (pick any)
E59 00000000 SECT45E notype       External    | ??_R3Failure@ClientMiles@@8 (ClientMiles::Failure::`RTTI Class Hierarchy Descriptor')
E5A 00000000 SECT45F notype       Static      | .rdata$r
    Section length   1C, #relocs    3, #linenums    0, checksum        0, selection    2 (pick any)
E5C 00000000 SECT45F notype       External    | ??_R2Failure@ClientMiles@@8 (ClientMiles::Failure::`RTTI Base Class Array')
E5D 00000000 SECT460 notype       Static      | .rdata$r
    Section length   24, #relocs    2, #linenums    0, checksum E3E2BA48, selection    2 (pick any)
E5F 00000000 SECT460 notype       External    | ??_R1A@?0A@EA@Failure@ClientMiles@@8 (ClientMiles::Failure::`RTTI Base Class Descriptor at (0,-1,0,64)')
E60 00000000 UNDEF  notype       External     | __security_cookie
E61 00000000 UNDEF  notype       External     | _fltused
E62 00000000 SECT461 notype       Static      | .CRT$XCU
    Section length    8, #relocs    1, #linenums    0, checksum        0, selection    5 (pick associative Section 0x40C)
E64 00000000 SECT461 notype       Static      | ?_Generic_object$initializer$@?$_Error_objects@H@std@@2P6AXXZEA (public: static void (__cdecl* std::_Error_objects<int>::_Generic_object$initializer$)(void))
E65 00000000 SECT462 notype       Static      | .CRT$XCU
    Section length    8, #relocs    1, #linenums    0, checksum        0, selection    5 (pick associative Section 0x40D)
E67 00000000 SECT462 notype       Static      | ?_Iostream_object$initializer$@?$_Error_objects@H@std@@2P6AXXZEA (public: static void (__cdecl* std::_Error_objects<int>::_Iostream_object$initializer$)(void))
E68 00000000 SECT463 notype       Static      | .CRT$XCU
    Section length    8, #relocs    1, #linenums    0, checksum        0, selection    5 (pick associative Section 0x40E)
E6A 00000000 SECT463 notype       Static      | ?_System_object$initializer$@?$_Error_objects@H@std@@2P6AXXZEA (public: static void (__cdecl* std::_Error_objects<int>::_System_object$initializer$)(void))

String Table Size = 0x264B1 bytes

  Summary

          18 .CRT$XCU
          2A .bss
          18 .data
         15B .data$r
          7C .debug$S
         320 .drectve
         984 .pdata
         A5D .rdata
         364 .rdata$r
          24 .text$di
        809A .text$mn
         3DF .text$x
          2D .text$yd
        15AC .xdata
          A4 .xdata$x
