SwgCuiCommandParserScene.cpp
Note: including file: C:\integration-current-v1\workspace\repo\src\game\client\library\swgClientUserInterface\include\public\swgClientUserInterface/FirstSwgClientUserInterface.h
Note: including file:  C:\integration-current-v1\workspace\repo\src\game\client\library\swgClientUserInterface\include\private\../../src/shared/core/FirstSwgClientUserInterface.h
Note: including file:   C:\integration-current-v1\workspace\repo\src\engine\client\library\clientAnimation\include\public\../../../../../../engine/shared/library/sharedFoundation/include/public/sharedFoundation/FirstSharedFoundation.h
Note: including file:    c:\integration-current-v1\workspace\repo\src\engine\shared\library\sharedfoundation\include\public\sharedfoundation\../../../src/shared/FirstSharedFoundation.h
Note: including file:     c:\integration-current-v1\workspace\repo\src\engine\shared\library\sharedfoundation\src\shared\../../../../../../engine/shared/library/sharedFoundationTypes/include/public/sharedFoundationTypes/FoundationTypes.h
Note: including file:      c:\integration-current-v1\workspace\repo\src\engine\shared\library\sharedfoundationtypes\include\public\sharedfoundationtypes\../../../src/shared/FoundationTypes.h
Note: including file:       c:\integration-current-v1\workspace\repo\src\engine\shared\library\sharedfoundationtypes\src\shared\../win32/FoundationTypesWin32.h
Note: including file:     c:\integration-current-v1\workspace\repo\src\engine\shared\library\sharedfoundation\src\shared\../../../../../../engine/shared/library/sharedFoundation/include/public/sharedFoundation/FirstPlatform.h
Note: including file:      c:\integration-current-v1\workspace\repo\src\engine\shared\library\sharedfoundation\include\public\sharedfoundation\../../../src/win32/FirstPlatform.h
Note: including file:       c:\integration-current-v1\workspace\repo\src\engine\shared\library\sharedfoundation\src\win32\../../../../../../engine/shared/library/sharedFoundation/include/public/sharedFoundation/WindowsWrapper.h
Note: including file:        c:\integration-current-v1\workspace\repo\src\engine\shared\library\sharedfoundation\include\public\sharedfoundation\../../../src/win32/WindowsWrapper.h
Note: including file:         C:\Program Files (x86)\Windows Kits\8.1\include\um\windows.h
Note: including file:          C:\Program Files (x86)\Windows Kits\8.1\include\shared\winapifamily.h
Note: including file:          C:\Program Files (x86)\Windows Kits\8.1\include\shared\sdkddkver.h
Note: including file:          C:\Program Files (x86)\Microsoft Visual Studio 12.0\VC\INCLUDE\excpt.h
Note: including file:           C:\Program Files (x86)\Microsoft Visual Studio 12.0\VC\INCLUDE\crtdefs.h
Note: including file:            C:\Program Files (x86)\Microsoft Visual Studio 12.0\VC\INCLUDE\sal.h
Note: including file:             C:\Program Files (x86)\Microsoft Visual Studio 12.0\VC\INCLUDE\ConcurrencySal.h
Note: including file:            C:\Program Files (x86)\Microsoft Visual Studio 12.0\VC\INCLUDE\vadefs.h
Note: including file:          C:\integration-current-v1\workspace\repo\src\external\3rd\library\stlport453\stlport\stdarg.h
Note: including file:           C:\integration-current-v1\workspace\repo\src\external\3rd\library\stlport453\stlport\stl/_prolog.h
Note: including file:            C:\integration-current-v1\workspace\repo\src\external\3rd\library\stlport453\stlport\stl/_config.h
Note: including file:             C:\integration-current-v1\workspace\repo\src\external\3rd\library\stlport453\stlport\stl_user_config.h
Note: including file:             C:\integration-current-v1\workspace\repo\src\external\3rd\library\stlport453\stlport\stl/_config_compat.h
Note: including file:             C:\integration-current-v1\workspace\repo\src\external\3rd\library\stlport453\stlport\stl/_site_config.h
Note: including file:             C:\integration-current-v1\workspace\repo\src\external\3rd\library\stlport453\stlport\config/stlcomp.h
Note: including file:              C:\integration-current-v1\workspace\repo\src\external\3rd\library\stlport453\stlport\config/stl_msvc.h
Note: including file:               C:\integration-current-v1\workspace\repo\src\external\3rd\library\stlport453\stlport\config/vc_select_lib.h
Note: including file:                C:\integration-current-v1\workspace\repo\src\external\3rd\library\stlport453\stlport\config/stl_select_lib.h
Note: including file:             C:\integration-current-v1\workspace\repo\src\external\3rd\library\stlport453\stlport\config/stl_confix.h
Note: including file:            C:\integration-current-v1\workspace\repo\src\external\3rd\library\stlport453\stlport\config/_prolog.h
Note: including file:             C:\integration-current-v1\workspace\repo\src\external\3rd\library\stlport453\stlport\config/_msvc_warnings_off.h
Note: including file:           C:\Program Files (x86)\Microsoft Visual Studio 12.0\VC\INCLUDE\../include/stdarg.h
Note: including file:            C:\Program Files (x86)\Microsoft Visual Studio 12.0\VC\INCLUDE\crtdefs.h
Note: including file:           C:\integration-current-v1\workspace\repo\src\external\3rd\library\stlport453\stlport\stl/_epilog.h
Note: including file:            C:\integration-current-v1\workspace\repo\src\external\3rd\library\stlport453\stlport\config/_epilog.h
Note: including file:            C:\integration-current-v1\workspace\repo\src\external\3rd\library\stlport453\stlport\stl/_config_compat_post.h
Note: including file:          C:\Program Files (x86)\Windows Kits\8.1\include\shared\windef.h
Note: including file:           C:\Program Files (x86)\Windows Kits\8.1\include\shared\minwindef.h
Note: including file:            C:\Program Files (x86)\Windows Kits\8.1\include\shared\specstrings.h
Note: including file:             C:\Program Files (x86)\Windows Kits\8.1\include\shared\specstrings_strict.h
Note: including file:              C:\Program Files (x86)\Windows Kits\8.1\include\shared\specstrings_undef.h
Note: including file:             C:\Program Files (x86)\Windows Kits\8.1\include\shared\driverspecs.h
Note: including file:              c:\program files (x86)\windows kits\8.1\include\shared\sdv_driverspecs.h
Note: including file:            C:\Program Files (x86)\Windows Kits\8.1\include\um\winnt.h
Note: including file:             C:\integration-current-v1\workspace\repo\src\external\3rd\library\stlport453\stlport\ctype.h
Note: including file:              C:\integration-current-v1\workspace\repo\src\external\3rd\library\stlport453\stlport\stl/_prolog.h
Note: including file:               C:\integration-current-v1\workspace\repo\src\external\3rd\library\stlport453\stlport\config/_prolog.h
Note: including file:                C:\integration-current-v1\workspace\repo\src\external\3rd\library\stlport453\stlport\config/_msvc_warnings_off.h
Note: including file:              C:\Program Files (x86)\Microsoft Visual Studio 12.0\VC\INCLUDE\../include/ctype.h
Note: including file:               C:\Program Files (x86)\Microsoft Visual Studio 12.0\VC\INCLUDE\crtdefs.h
Note: including file:              C:\integration-current-v1\workspace\repo\src\external\3rd\library\stlport453\stlport\stl/_epilog.h
Note: including file:               C:\integration-current-v1\workspace\repo\src\external\3rd\library\stlport453\stlport\config/_epilog.h
Note: including file:               C:\integration-current-v1\workspace\repo\src\external\3rd\library\stlport453\stlport\stl/_config_compat_post.h
Note: including file:             C:\Program Files (x86)\Windows Kits\8.1\include\shared\kernelspecs.h
Note: including file:             C:\Program Files (x86)\Windows Kits\8.1\include\shared\basetsd.h
Note: including file:             C:\Program Files (x86)\Windows Kits\8.1\include\shared\guiddef.h
Note: including file:              C:\integration-current-v1\workspace\repo\src\external\3rd\library\stlport453\stlport\string.h
Note: including file:               C:\integration-current-v1\workspace\repo\src\external\3rd\library\stlport453\stlport\stl/_prolog.h
Note: including file:                C:\integration-current-v1\workspace\repo\src\external\3rd\library\stlport453\stlport\config/_prolog.h
Note: including file:                 C:\integration-current-v1\workspace\repo\src\external\3rd\library\stlport453\stlport\config/_msvc_warnings_off.h
Note: including file:               C:\Program Files (x86)\Microsoft Visual Studio 12.0\VC\INCLUDE\../include/string.h
Note: including file:                C:\Program Files (x86)\Microsoft Visual Studio 12.0\VC\INCLUDE\crtdefs.h
Note: including file:               C:\integration-current-v1\workspace\repo\src\external\3rd\library\stlport453\stlport\stl/_epilog.h
Note: including file:                C:\integration-current-v1\workspace\repo\src\external\3rd\library\stlport453\stlport\config/_epilog.h
Note: including file:                C:\integration-current-v1\workspace\repo\src\external\3rd\library\stlport453\stlport\stl/_config_compat_post.h
Note: including file:             c:\program files (x86)\windows kits\8.1\include\shared\pshpack4.h
Note: including file:             c:\program files (x86)\windows kits\8.1\include\shared\poppack.h
Note: including file:             c:\program files (x86)\windows kits\8.1\include\shared\pshpack4.h
Note: including file:             c:\program files (x86)\windows kits\8.1\include\shared\poppack.h
Note: including file:             C:\Program Files (x86)\Windows Kits\8.1\include\shared\pshpack4.h
Note: including file:             C:\Program Files (x86)\Windows Kits\8.1\include\shared\poppack.h
Note: including file:             c:\program files (x86)\windows kits\8.1\include\shared\pshpack4.h
Note: including file:             c:\program files (x86)\windows kits\8.1\include\shared\pshpack2.h
Note: including file:             c:\program files (x86)\windows kits\8.1\include\shared\poppack.h
Note: including file:             c:\program files (x86)\windows kits\8.1\include\shared\pshpack2.h
Note: including file:             C:\Program Files (x86)\Windows Kits\8.1\include\shared\pshpack2.h
Note: including file:             C:\Program Files (x86)\Windows Kits\8.1\include\shared\poppack.h
Note: including file:             c:\program files (x86)\windows kits\8.1\include\shared\poppack.h
Note: including file:             c:\program files (x86)\windows kits\8.1\include\shared\pshpack8.h
Note: including file:             c:\program files (x86)\windows kits\8.1\include\shared\poppack.h
Note: including file:             c:\program files (x86)\windows kits\8.1\include\shared\poppack.h
Note: including file:             C:\Program Files (x86)\Windows Kits\8.1\include\shared\apiset.h
Note: including file:             C:\integration-current-v1\workspace\repo\src\external\3rd\library\stlport453\stlport\string.h
Note: including file:              C:\integration-current-v1\workspace\repo\src\external\3rd\library\stlport453\stlport\stl/_prolog.h
Note: including file:               C:\integration-current-v1\workspace\repo\src\external\3rd\library\stlport453\stlport\config/_prolog.h
Note: including file:                C:\integration-current-v1\workspace\repo\src\external\3rd\library\stlport453\stlport\config/_msvc_warnings_off.h
Note: including file:              C:\integration-current-v1\workspace\repo\src\external\3rd\library\stlport453\stlport\stl/_epilog.h
Note: including file:               C:\integration-current-v1\workspace\repo\src\external\3rd\library\stlport453\stlport\config/_epilog.h
Note: including file:               C:\integration-current-v1\workspace\repo\src\external\3rd\library\stlport453\stlport\stl/_config_compat_post.h
Note: including file:             C:\Program Files (x86)\Windows Kits\8.1\include\shared\ktmtypes.h
Note: including file:          C:\Program Files (x86)\Windows Kits\8.1\include\um\winbase.h
Note: including file:           C:\Program Files (x86)\Windows Kits\8.1\include\shared\apisetcconv.h
Note: including file:           C:\Program Files (x86)\Windows Kits\8.1\include\um\minwinbase.h
Note: including file:           C:\Program Files (x86)\Windows Kits\8.1\include\um\processenv.h
Note: including file:           C:\Program Files (x86)\Windows Kits\8.1\include\um\fileapi.h
Note: including file:           C:\Program Files (x86)\Windows Kits\8.1\include\um\debugapi.h
Note: including file:           C:\Program Files (x86)\Windows Kits\8.1\include\um\utilapiset.h
Note: including file:           C:\Program Files (x86)\Windows Kits\8.1\include\um\handleapi.h
Note: including file:           C:\Program Files (x86)\Windows Kits\8.1\include\um\errhandlingapi.h
Note: including file:           C:\Program Files (x86)\Windows Kits\8.1\include\um\fibersapi.h
Note: including file:           C:\Program Files (x86)\Windows Kits\8.1\include\um\namedpipeapi.h
Note: including file:           C:\Program Files (x86)\Windows Kits\8.1\include\um\profileapi.h
Note: including file:           C:\Program Files (x86)\Windows Kits\8.1\include\um\heapapi.h
Note: including file:           C:\Program Files (x86)\Windows Kits\8.1\include\um\ioapiset.h
Note: including file:           C:\Program Files (x86)\Windows Kits\8.1\include\um\synchapi.h
Note: including file:           C:\Program Files (x86)\Windows Kits\8.1\include\um\interlockedapi.h
Note: including file:           C:\Program Files (x86)\Windows Kits\8.1\include\um\processthreadsapi.h
Note: including file:           C:\Program Files (x86)\Windows Kits\8.1\include\um\sysinfoapi.h
Note: including file:           C:\Program Files (x86)\Windows Kits\8.1\include\um\memoryapi.h
Note: including file:           C:\Program Files (x86)\Windows Kits\8.1\include\um\threadpoollegacyapiset.h
Note: including file:           C:\Program Files (x86)\Windows Kits\8.1\include\um\threadpoolapiset.h
Note: including file:           C:\Program Files (x86)\Windows Kits\8.1\include\um\bemapiset.h
Note: including file:           C:\Program Files (x86)\Windows Kits\8.1\include\um\jobapi.h
Note: including file:           C:\Program Files (x86)\Windows Kits\8.1\include\um\wow64apiset.h
Note: including file:           C:\Program Files (x86)\Windows Kits\8.1\include\um\libloaderapi.h
Note: including file:           C:\Program Files (x86)\Windows Kits\8.1\include\um\securitybaseapi.h
Note: including file:           C:\Program Files (x86)\Windows Kits\8.1\include\um\namespaceapi.h
Note: including file:           C:\Program Files (x86)\Windows Kits\8.1\include\um\systemtopologyapi.h
Note: including file:           C:\Program Files (x86)\Windows Kits\8.1\include\um\processtopologyapi.h
Note: including file:           C:\Program Files (x86)\Windows Kits\8.1\include\um\securityappcontainer.h
Note: including file:           C:\Program Files (x86)\Windows Kits\8.1\include\um\realtimeapiset.h
Note: including file:           C:\Program Files (x86)\Windows Kits\8.1\include\shared\winerror.h
Note: including file:           C:\Program Files (x86)\Windows Kits\8.1\include\um\timezoneapi.h
Note: including file:          C:\Program Files (x86)\Windows Kits\8.1\include\um\wingdi.h
Note: including file:           C:\Program Files (x86)\Windows Kits\8.1\include\shared\pshpack1.h
Note: including file:           C:\Program Files (x86)\Windows Kits\8.1\include\shared\poppack.h
Note: including file:           C:\Program Files (x86)\Windows Kits\8.1\include\shared\pshpack2.h
Note: including file:           C:\Program Files (x86)\Windows Kits\8.1\include\shared\poppack.h
Note: including file:           C:\Program Files (x86)\Windows Kits\8.1\include\shared\pshpack4.h
Note: including file:           C:\Program Files (x86)\Windows Kits\8.1\include\shared\poppack.h
Note: including file:           C:\Program Files (x86)\Windows Kits\8.1\include\shared\pshpack4.h
Note: including file:           C:\Program Files (x86)\Windows Kits\8.1\include\shared\poppack.h
Note: including file:          C:\Program Files (x86)\Windows Kits\8.1\include\um\winuser.h
Note: including file:           C:\integration-current-v1\workspace\repo\src\external\3rd\library\stlport453\stlport\stdarg.h
Note: including file:            C:\integration-current-v1\workspace\repo\src\external\3rd\library\stlport453\stlport\stl/_prolog.h
Note: including file:             C:\integration-current-v1\workspace\repo\src\external\3rd\library\stlport453\stlport\config/_prolog.h
Note: including file:              C:\integration-current-v1\workspace\repo\src\external\3rd\library\stlport453\stlport\config/_msvc_warnings_off.h
Note: including file:            C:\integration-current-v1\workspace\repo\src\external\3rd\library\stlport453\stlport\stl/_epilog.h
Note: including file:             C:\integration-current-v1\workspace\repo\src\external\3rd\library\stlport453\stlport\config/_epilog.h
Note: including file:             C:\integration-current-v1\workspace\repo\src\external\3rd\library\stlport453\stlport\stl/_config_compat_post.h
Note: including file:           C:\Program Files (x86)\Windows Kits\8.1\include\shared\pshpack2.h
Note: including file:           C:\Program Files (x86)\Windows Kits\8.1\include\shared\poppack.h
Note: including file:           C:\Program Files (x86)\Windows Kits\8.1\include\shared\tvout.h
Note: including file:          C:\Program Files (x86)\Windows Kits\8.1\include\um\winnls.h
Note: including file:           C:\Program Files (x86)\Windows Kits\8.1\include\um\datetimeapi.h
Note: including file:           C:\Program Files (x86)\Windows Kits\8.1\include\um\stringapiset.h
Note: including file:            C:\Program Files (x86)\Windows Kits\8.1\include\um\winnls.h
Note: including file:          C:\Program Files (x86)\Windows Kits\8.1\include\um\wincon.h
Note: including file:           C:\Program Files (x86)\Windows Kits\8.1\include\um\consoleapi.h
Note: including file:          C:\Program Files (x86)\Windows Kits\8.1\include\um\winver.h
Note: including file:           C:\Program Files (x86)\Windows Kits\8.1\include\um\verrsrc.h
Note: including file:          C:\Program Files (x86)\Windows Kits\8.1\include\um\winreg.h
Note: including file:           C:\Program Files (x86)\Windows Kits\8.1\include\um\reason.h
Note: including file:          C:\Program Files (x86)\Windows Kits\8.1\include\um\winnetwk.h
Note: including file:           C:\Program Files (x86)\Windows Kits\8.1\include\shared\wnnc.h
Note: including file:          C:\Program Files (x86)\Windows Kits\8.1\include\shared\stralign.h
Note: including file:          C:\Program Files (x86)\Windows Kits\8.1\include\um\imm.h
Note: including file:           C:\Program Files (x86)\Windows Kits\8.1\include\um\ime_cmodes.h
Note: including file:         C:\Program Files (x86)\Windows Kits\8.1\include\shared\wtypes.h
Note: including file:          c:\program files (x86)\windows kits\8.1\include\shared\rpc.h
Note: including file:           C:\Program Files (x86)\Windows Kits\8.1\include\shared\rpcdce.h
Note: including file:            C:\Program Files (x86)\Windows Kits\8.1\include\shared\rpcdcep.h
Note: including file:           C:\Program Files (x86)\Windows Kits\8.1\include\um\rpcnsi.h
Note: including file:           C:\Program Files (x86)\Windows Kits\8.1\include\shared\rpcnterr.h
Note: including file:           C:\Program Files (x86)\Windows Kits\8.1\include\shared\rpcasync.h
Note: including file:          c:\program files (x86)\windows kits\8.1\include\shared\rpcndr.h
Note: including file:           C:\Program Files (x86)\Windows Kits\8.1\include\shared\pshpack8.h
Note: including file:           C:\Program Files (x86)\Windows Kits\8.1\include\um\rpcnsip.h
Note: including file:           C:\Program Files (x86)\Windows Kits\8.1\include\shared\rpcsal.h
Note: including file:           C:\Program Files (x86)\Windows Kits\8.1\include\shared\poppack.h
Note: including file:          c:\program files (x86)\windows kits\8.1\include\shared\wtypesbase.h
Note: including file:           c:\program files (x86)\windows kits\8.1\include\shared\guiddef.h
Note: including file:       c:\integration-current-v1\workspace\repo\src\engine\shared\library\sharedfoundation\src\win32\../../../../../../engine/shared/library/sharedFoundation/src/win32/PlatformGlue.h
Note: including file:        C:\integration-current-v1\workspace\repo\src\external\3rd\library\stlport453\stlport\time.h
Note: including file:         C:\integration-current-v1\workspace\repo\src\external\3rd\library\stlport453\stlport\stl/_prolog.h
Note: including file:          C:\integration-current-v1\workspace\repo\src\external\3rd\library\stlport453\stlport\config/_prolog.h
Note: including file:           C:\integration-current-v1\workspace\repo\src\external\3rd\library\stlport453\stlport\config/_msvc_warnings_off.h
Note: including file:         C:\Program Files (x86)\Microsoft Visual Studio 12.0\VC\INCLUDE\../include/time.h
Note: including file:          C:\Program Files (x86)\Microsoft Visual Studio 12.0\VC\INCLUDE\crtdefs.h
Note: including file:          C:\Program Files (x86)\Microsoft Visual Studio 12.0\VC\INCLUDE\wtime.inl
Note: including file:          C:\Program Files (x86)\Microsoft Visual Studio 12.0\VC\INCLUDE\time.inl
Note: including file:         C:\integration-current-v1\workspace\repo\src\external\3rd\library\stlport453\stlport\stl/_epilog.h
Note: including file:          C:\integration-current-v1\workspace\repo\src\external\3rd\library\stlport453\stlport\config/_epilog.h
Note: including file:          C:\integration-current-v1\workspace\repo\src\external\3rd\library\stlport453\stlport\stl/_config_compat_post.h
Note: including file:     c:\integration-current-v1\workspace\repo\src\engine\shared\library\sharedfoundation\src\shared\../../../../../../engine/shared/library/sharedMemoryManager/include/public/sharedMemoryManager/MemoryManager.h
Note: including file:      c:\integration-current-v1\workspace\repo\src\engine\shared\library\sharedmemorymanager\include\public\sharedmemorymanager\../../../src/shared/MemoryManager.h
Note: including file:       c:\integration-current-v1\workspace\repo\src\engine\shared\library\sharedmemorymanager\src\shared\../../../../../../engine/shared/library/sharedDebug/include/public/sharedDebug/DebugHelp.h
Note: including file:        c:\integration-current-v1\workspace\repo\src\engine\shared\library\shareddebug\include\public\shareddebug\../../../src/win32/DebugHelp.h
Note: including file:         c:\integration-current-v1\workspace\repo\src\engine\shared\library\shareddebug\src\win32\../../../sharedFoundationTypes/include/public/sharedFoundationTypes/FoundationTypes.h
Note: including file:       C:\integration-current-v1\workspace\repo\src\external\3rd\library\stlport453\stlport\new
Note: including file:        C:\integration-current-v1\workspace\repo\src\external\3rd\library\stlport453\stlport\stl/_prolog.h
Note: including file:         C:\integration-current-v1\workspace\repo\src\external\3rd\library\stlport453\stlport\config/_prolog.h
Note: including file:          C:\integration-current-v1\workspace\repo\src\external\3rd\library\stlport453\stlport\config/_msvc_warnings_off.h
Note: including file:        C:\integration-current-v1\workspace\repo\src\external\3rd\library\stlport453\stlport\cstddef
Note: including file:         C:\Program Files (x86)\Microsoft Visual Studio 12.0\VC\INCLUDE\../include/cstddef
Note: including file:          C:\Program Files (x86)\Microsoft Visual Studio 12.0\VC\INCLUDE\yvals.h
Note: including file:           C:\Program Files (x86)\Microsoft Visual Studio 12.0\VC\INCLUDE\xkeycheck.h
Note: including file:           C:\Program Files (x86)\Microsoft Visual Studio 12.0\VC\INCLUDE\crtdefs.h
Note: including file:           C:\Program Files (x86)\Microsoft Visual Studio 12.0\VC\INCLUDE\use_ansi.h
Note: including file:          C:\integration-current-v1\workspace\repo\src\external\3rd\library\stlport453\stlport\stddef.h
Note: including file:           C:\Program Files (x86)\Microsoft Visual Studio 12.0\VC\INCLUDE\../include/stddef.h
Note: including file:            C:\Program Files (x86)\Microsoft Visual Studio 12.0\VC\INCLUDE\crtdefs.h
Note: including file:        C:\Program Files (x86)\Microsoft Visual Studio 12.0\VC\INCLUDE\../include/new
Note: including file:         C:\integration-current-v1\workspace\repo\src\external\3rd\library\stlport453\stlport\exception
Note: including file:          C:\Program Files (x86)\Microsoft Visual Studio 12.0\VC\INCLUDE\../include/exception
Note: including file:           C:\Program Files (x86)\Microsoft Visual Studio 12.0\VC\INCLUDE\xstddef
Note: including file:            C:\integration-current-v1\workspace\repo\src\external\3rd\library\stlport453\stlport\stdlib.h
Note: including file:             C:\Program Files (x86)\Microsoft Visual Studio 12.0\VC\INCLUDE\../include/stdlib.h
Note: including file:              C:\Program Files (x86)\Microsoft Visual Studio 12.0\VC\INCLUDE\crtdefs.h
Note: including file:              C:\Program Files (x86)\Microsoft Visual Studio 12.0\VC\INCLUDE\limits.h
Note: including file:               C:\Program Files (x86)\Microsoft Visual Studio 12.0\VC\INCLUDE\crtdefs.h
Note: including file:            C:\Program Files (x86)\Microsoft Visual Studio 12.0\VC\INCLUDE\initializer_list
Note: including file:            C:\Program Files (x86)\Microsoft Visual Studio 12.0\VC\INCLUDE\xtr1common
Note: including file:           C:\Program Files (x86)\Microsoft Visual Studio 12.0\VC\INCLUDE\eh.h
Note: including file:            C:\Program Files (x86)\Microsoft Visual Studio 12.0\VC\INCLUDE\crtdefs.h
Note: including file:           C:\Program Files (x86)\Microsoft Visual Studio 12.0\VC\INCLUDE\malloc.h
Note: including file:            C:\Program Files (x86)\Microsoft Visual Studio 12.0\VC\INCLUDE\crtdefs.h
Note: including file:           C:\integration-current-v1\workspace\repo\src\external\3rd\library\stlport453\stlport\string.h
Note: including file:          C:\integration-current-v1\workspace\repo\src\external\3rd\library\stlport453\stlport\config/_msvc_warnings_off.h
Note: including file:        C:\integration-current-v1\workspace\repo\src\external\3rd\library\stlport453\stlport\stl/_epilog.h
Note: including file:         C:\integration-current-v1\workspace\repo\src\external\3rd\library\stlport453\stlport\config/_epilog.h
Note: including file:         C:\integration-current-v1\workspace\repo\src\external\3rd\library\stlport453\stlport\stl/_config_compat_post.h
Note: including file:       C:\Program Files (x86)\Microsoft Visual Studio 12.0\VC\INCLUDE\stdint.h
Note: including file:        C:\Program Files (x86)\Microsoft Visual Studio 12.0\VC\INCLUDE\crtdefs.h
Note: including file:       c:\integration-current-v1\workspace\repo\src\engine\shared\library\sharedmemorymanager\src\shared\../../../../../../engine/shared/library/sharedMemoryManager/include/public/sharedMemoryManager/OsNewDel.h
Note: including file:        c:\integration-current-v1\workspace\repo\src\engine\shared\library\sharedmemorymanager\include\public\sharedmemorymanager\../../../src/win32/OsNewDel.h
Note: including file:     C:\integration-current-v1\workspace\repo\src\external\3rd\library\stlport453\stlport\cfloat
Note: including file:      C:\integration-current-v1\workspace\repo\src\external\3rd\library\stlport453\stlport\stl/_prolog.h
Note: including file:       C:\integration-current-v1\workspace\repo\src\external\3rd\library\stlport453\stlport\config/_prolog.h
Note: including file:        C:\integration-current-v1\workspace\repo\src\external\3rd\library\stlport453\stlport\config/_msvc_warnings_off.h
Note: including file:      C:\Program Files (x86)\Microsoft Visual Studio 12.0\VC\INCLUDE\../include/cfloat
Note: including file:       C:\Program Files (x86)\Microsoft Visual Studio 12.0\VC\INCLUDE\float.h
Note: including file:        C:\Program Files (x86)\Microsoft Visual Studio 12.0\VC\INCLUDE\crtdefs.h
Note: including file:        C:\Program Files (x86)\Microsoft Visual Studio 12.0\VC\INCLUDE\crtwrn.h
Note: including file:         C:\Program Files (x86)\Microsoft Visual Studio 12.0\VC\INCLUDE\crtdefs.h
Note: including file:      C:\integration-current-v1\workspace\repo\src\external\3rd\library\stlport453\stlport\stl/_epilog.h
Note: including file:       C:\integration-current-v1\workspace\repo\src\external\3rd\library\stlport453\stlport\config/_epilog.h
Note: including file:       C:\integration-current-v1\workspace\repo\src\external\3rd\library\stlport453\stlport\stl/_config_compat_post.h
Note: including file:     C:\integration-current-v1\workspace\repo\src\external\3rd\library\stlport453\stlport\math.h
Note: including file:      C:\integration-current-v1\workspace\repo\src\external\3rd\library\stlport453\stlport\stl/_prolog.h
Note: including file:       C:\integration-current-v1\workspace\repo\src\external\3rd\library\stlport453\stlport\config/_prolog.h
Note: including file:        C:\integration-current-v1\workspace\repo\src\external\3rd\library\stlport453\stlport\config/_msvc_warnings_off.h
Note: including file:      C:\Program Files (x86)\Microsoft Visual Studio 12.0\VC\INCLUDE\../include/math.h
Note: including file:       C:\Program Files (x86)\Microsoft Visual Studio 12.0\VC\INCLUDE\crtdefs.h
Note: including file:      C:\integration-current-v1\workspace\repo\src\external\3rd\library\stlport453\stlport\stl/_epilog.h
Note: including file:       C:\integration-current-v1\workspace\repo\src\external\3rd\library\stlport453\stlport\config/_epilog.h
Note: including file:       C:\integration-current-v1\workspace\repo\src\external\3rd\library\stlport453\stlport\stl/_config_compat_post.h
Note: including file:     C:\integration-current-v1\workspace\repo\src\external\3rd\library\stlport453\stlport\string.h
Note: including file:      C:\integration-current-v1\workspace\repo\src\external\3rd\library\stlport453\stlport\stl/_prolog.h
Note: including file:       C:\integration-current-v1\workspace\repo\src\external\3rd\library\stlport453\stlport\config/_prolog.h
Note: including file:        C:\integration-current-v1\workspace\repo\src\external\3rd\library\stlport453\stlport\config/_msvc_warnings_off.h
Note: including file:      C:\integration-current-v1\workspace\repo\src\external\3rd\library\stlport453\stlport\stl/_epilog.h
Note: including file:       C:\integration-current-v1\workspace\repo\src\external\3rd\library\stlport453\stlport\config/_epilog.h
Note: including file:       C:\integration-current-v1\workspace\repo\src\external\3rd\library\stlport453\stlport\stl/_config_compat_post.h
Note: including file:     C:\integration-current-v1\workspace\repo\src\external\3rd\library\stlport453\stlport\ctype.h
Note: including file:      C:\integration-current-v1\workspace\repo\src\external\3rd\library\stlport453\stlport\stl/_prolog.h
Note: including file:       C:\integration-current-v1\workspace\repo\src\external\3rd\library\stlport453\stlport\config/_prolog.h
Note: including file:        C:\integration-current-v1\workspace\repo\src\external\3rd\library\stlport453\stlport\config/_msvc_warnings_off.h
Note: including file:      C:\integration-current-v1\workspace\repo\src\external\3rd\library\stlport453\stlport\stl/_epilog.h
Note: including file:       C:\integration-current-v1\workspace\repo\src\external\3rd\library\stlport453\stlport\config/_epilog.h
Note: including file:       C:\integration-current-v1\workspace\repo\src\external\3rd\library\stlport453\stlport\stl/_config_compat_post.h
Note: including file:     C:\integration-current-v1\workspace\repo\src\external\3rd\library\stlport453\stlport\stdarg.h
Note: including file:      C:\integration-current-v1\workspace\repo\src\external\3rd\library\stlport453\stlport\stl/_prolog.h
Note: including file:       C:\integration-current-v1\workspace\repo\src\external\3rd\library\stlport453\stlport\config/_prolog.h
Note: including file:        C:\integration-current-v1\workspace\repo\src\external\3rd\library\stlport453\stlport\config/_msvc_warnings_off.h
Note: including file:      C:\integration-current-v1\workspace\repo\src\external\3rd\library\stlport453\stlport\stl/_epilog.h
Note: including file:       C:\integration-current-v1\workspace\repo\src\external\3rd\library\stlport453\stlport\config/_epilog.h
Note: including file:       C:\integration-current-v1\workspace\repo\src\external\3rd\library\stlport453\stlport\stl/_config_compat_post.h
Note: including file:     c:\integration-current-v1\workspace\repo\src\engine\shared\library\sharedfoundation\src\shared\../../../../../../engine/shared/library/sharedFoundation/include/public/sharedFoundation/MacroFoundation.h
Note: including file:      c:\integration-current-v1\workspace\repo\src\engine\shared\library\sharedfoundation\include\public\sharedfoundation\../../../src/shared/MacroFoundation.h
Note: including file:     c:\integration-current-v1\workspace\repo\src\engine\shared\library\sharedfoundation\src\shared\../../../../../../engine/shared/library/sharedFoundation/include/public/sharedFoundation/Binary.h
Note: including file:      c:\integration-current-v1\workspace\repo\src\engine\shared\library\sharedfoundation\include\public\sharedfoundation\../../../src/shared/Binary.h
Note: including file:     c:\integration-current-v1\workspace\repo\src\engine\shared\library\sharedfoundation\src\shared\../../../../../../engine/shared/library/sharedFoundation/include/public/sharedFoundation/Fatal.h
Note: including file:      c:\integration-current-v1\workspace\repo\src\engine\shared\library\sharedfoundation\include\public\sharedfoundation\../../../src/shared/Fatal.h
Note: including file:     c:\integration-current-v1\workspace\repo\src\engine\shared\library\sharedfoundation\src\shared\../../../../../../engine/shared/library/sharedFoundation/include/public/sharedFoundation/StlForwardDeclaration.h
Note: including file:      c:\integration-current-v1\workspace\repo\src\engine\shared\library\sharedfoundation\include\public\sharedfoundation\../../../src/shared/StlForwardDeclaration.h
Note: including file:     c:\integration-current-v1\workspace\repo\src\engine\shared\library\sharedfoundation\src\shared\../../../../../../engine/shared/library/sharedFoundation/include/public/sharedFoundation/Misc.h
Note: including file:      c:\integration-current-v1\workspace\repo\src\engine\shared\library\sharedfoundation\include\public\sharedfoundation\../../../src/shared/Misc.h
Note: including file:     c:\integration-current-v1\workspace\repo\src\engine\shared\library\sharedfoundation\src\shared\../../../../../../engine/shared/library/sharedDebug/include/public/sharedDebug/RemoteDebug.h
Note: including file:      c:\integration-current-v1\workspace\repo\src\engine\shared\library\shareddebug\include\public\shareddebug\../../../src/shared/RemoteDebug.h
Note: including file:     c:\integration-current-v1\workspace\repo\src\engine\shared\library\sharedfoundation\src\shared\../../../../../../engine/shared/library/sharedDebug/include/public/sharedDebug/Report.h
Note: including file:      c:\integration-current-v1\workspace\repo\src\engine\shared\library\shareddebug\include\public\shareddebug\../../../src/shared/Report.h
Note: including file:     c:\integration-current-v1\workspace\repo\src\engine\shared\library\sharedfoundation\src\shared\../../../../../../engine/shared/library/sharedFoundation/include/public/sharedFoundation/FloatMath.h
Note: including file:      c:\integration-current-v1\workspace\repo\src\engine\shared\library\sharedfoundation\include\public\sharedfoundation\../../../src/shared/FloatMath.h
Note: including file:     c:\integration-current-v1\workspace\repo\src\engine\shared\library\sharedfoundation\src\shared\../../../../../../engine/shared/library/sharedFoundation/include/public/sharedFoundation/SafeCast.h
Note: including file:      c:\integration-current-v1\workspace\repo\src\engine\shared\library\sharedfoundation\include\public\sharedfoundation\../../../src/shared/SafeCast.h
Note: including file:   C:\integration-current-v1\workspace\repo\src\engine\client\library\clientUserInterface\include\public\clientUserInterface/FirstClientUserInterface.h
Note: including file:    C:\integration-current-v1\workspace\repo\src\engine\client\library\clientUserInterface\include\public\../../src/shared/core/FirstClientUserInterface.h
Note: including file:     C:\integration-current-v1\workspace\repo\src\engine\client\library\clientAnimation\include\public\../../../../../../engine/shared/library/sharedFoundation/include/public/sharedFoundation/FirstSharedFoundation.h
Note: including file:     C:\integration-current-v1\workspace\repo\src\external\3rd\library\ui\include\_precompile.h
Note: including file:      c:\integration-current-v1\workspace\repo\src\external\3rd\library\ui\include\../src/win32/_precompile.h
Note: including file:       C:\integration-current-v1\workspace\repo\src\external\3rd\library\stlport453\stlport\cstdlib
Note: including file:        C:\integration-current-v1\workspace\repo\src\external\3rd\library\stlport453\stlport\stl/_prolog.h
Note: including file:         C:\integration-current-v1\workspace\repo\src\external\3rd\library\stlport453\stlport\config/_prolog.h
Note: including file:          C:\integration-current-v1\workspace\repo\src\external\3rd\library\stlport453\stlport\config/_msvc_warnings_off.h
Note: including file:        C:\Program Files (x86)\Microsoft Visual Studio 12.0\VC\INCLUDE\../include/cstdlib
Note: including file:         C:\integration-current-v1\workspace\repo\src\external\3rd\library\stlport453\stlport\stdlib.h
Note: including file:        C:\integration-current-v1\workspace\repo\src\external\3rd\library\stlport453\stlport\stl/_epilog.h
Note: including file:         C:\integration-current-v1\workspace\repo\src\external\3rd\library\stlport453\stlport\config/_epilog.h
Note: including file:         C:\integration-current-v1\workspace\repo\src\external\3rd\library\stlport453\stlport\stl/_config_compat_post.h
Note: including file:       c:\integration-current-v1\workspace\repo\src\external\3rd\library\ui\src\win32\UIStlFwd.h
Note: including file:       c:\integration-current-v1\workspace\repo\src\external\3rd\library\ui\include\UiReport.h
Note: including file:        c:\integration-current-v1\workspace\repo\src\external\3rd\library\ui\include\../src/shared/core/UiReport.h
Note: including file:         C:\integration-current-v1\workspace\repo\src\external\3rd\library\stlport453\stlport\cstdarg
Note: including file:          C:\integration-current-v1\workspace\repo\src\external\3rd\library\stlport453\stlport\stl/_prolog.h
Note: including file:           C:\integration-current-v1\workspace\repo\src\external\3rd\library\stlport453\stlport\config/_prolog.h
Note: including file:            C:\integration-current-v1\workspace\repo\src\external\3rd\library\stlport453\stlport\config/_msvc_warnings_off.h
Note: including file:          C:\Program Files (x86)\Microsoft Visual Studio 12.0\VC\INCLUDE\../include/cstdarg
Note: including file:           C:\integration-current-v1\workspace\repo\src\external\3rd\library\stlport453\stlport\stdarg.h
Note: including file:          C:\integration-current-v1\workspace\repo\src\external\3rd\library\stlport453\stlport\stl/_epilog.h
Note: including file:           C:\integration-current-v1\workspace\repo\src\external\3rd\library\stlport453\stlport\config/_epilog.h
Note: including file:           C:\integration-current-v1\workspace\repo\src\external\3rd\library\stlport453\stlport\stl/_config_compat_post.h
Note: including file:       C:\integration-current-v1\workspace\repo\src\external\ours\library\unicode\include\UnicodeUtils.h
Note: including file:        c:\integration-current-v1\workspace\repo\src\external\ours\library\unicode\include\../src/shared/UnicodeUtils.h
Note: including file:         c:\integration-current-v1\workspace\repo\src\external\ours\library\unicode\src\shared\Unicode.h
Note: including file:          C:\integration-current-v1\workspace\repo\src\external\3rd\library\stlport453\stlport\string
Note: including file:           C:\integration-current-v1\workspace\repo\src\external\3rd\library\stlport453\stlport\stl/_prolog.h
Note: including file:            C:\integration-current-v1\workspace\repo\src\external\3rd\library\stlport453\stlport\config/_prolog.h
Note: including file:             C:\integration-current-v1\workspace\repo\src\external\3rd\library\stlport453\stlport\config/_msvc_warnings_off.h
Note: including file:           C:\integration-current-v1\workspace\repo\src\external\3rd\library\stlport453\stlport\stl/_string.h
Note: including file:            C:\integration-current-v1\workspace\repo\src\external\3rd\library\stlport453\stlport\memory
Note: including file:             C:\integration-current-v1\workspace\repo\src\external\3rd\library\stlport453\stlport\stl/_alloc.h
Note: including file:              C:\integration-current-v1\workspace\repo\src\external\3rd\library\stlport453\stlport\cstring
Note: including file:               C:\Program Files (x86)\Microsoft Visual Studio 12.0\VC\INCLUDE\../include/cstring
Note: including file:                C:\integration-current-v1\workspace\repo\src\external\3rd\library\stlport453\stlport\string.h
Note: including file:               C:\integration-current-v1\workspace\repo\src\external\3rd\library\stlport453\stlport\using/cstring
Note: including file:              C:\integration-current-v1\workspace\repo\src\external\3rd\library\stlport453\stlport\cstdio
Note: including file:               C:\Program Files (x86)\Microsoft Visual Studio 12.0\VC\INCLUDE\../include/cstdio
Note: including file:                C:\integration-current-v1\workspace\repo\src\external\3rd\library\stlport453\stlport\stdio.h
Note: including file:                 C:\Program Files (x86)\Microsoft Visual Studio 12.0\VC\INCLUDE\../include/stdio.h
Note: including file:                  C:\Program Files (x86)\Microsoft Visual Studio 12.0\VC\INCLUDE\crtdefs.h
Note: including file:                  C:\Program Files (x86)\Microsoft Visual Studio 12.0\VC\INCLUDE\swprintf.inl
Note: including file:              C:\integration-current-v1\workspace\repo\src\external\3rd\library\stlport453\stlport\stl/_threads.h
Note: including file:               C:\integration-current-v1\workspace\repo\src\external\3rd\library\stlport453\stlport\stl/_threads.c
Note: including file:              C:\integration-current-v1\workspace\repo\src\external\3rd\library\stlport453\stlport\stl/_construct.h
Note: including file:               C:\integration-current-v1\workspace\repo\src\external\3rd\library\stlport453\stlport\stl/_iterator_base.h
Note: including file:                C:\integration-current-v1\workspace\repo\src\external\3rd\library\stlport453\stlport\stl/type_traits.h
Note: including file:             C:\integration-current-v1\workspace\repo\src\external\3rd\library\stlport453\stlport\stl/_tempbuf.h
Note: including file:              C:\integration-current-v1\workspace\repo\src\external\3rd\library\stlport453\stlport\climits
Note: including file:               C:\Program Files (x86)\Microsoft Visual Studio 12.0\VC\INCLUDE\../include/climits
Note: including file:              C:\integration-current-v1\workspace\repo\src\external\3rd\library\stlport453\stlport\stl/_uninitialized.h
Note: including file:               C:\integration-current-v1\workspace\repo\src\external\3rd\library\stlport453\stlport\stl/_algobase.h
Note: including file:                C:\integration-current-v1\workspace\repo\src\external\3rd\library\stlport453\stlport\stl/_pair.h
Note: including file:                C:\integration-current-v1\workspace\repo\src\external\3rd\library\stlport453\stlport\stl/_algobase.c
Note: including file:                 C:\integration-current-v1\workspace\repo\src\external\3rd\library\stlport453\stlport\stl/_iterator.h
Note: including file:              C:\integration-current-v1\workspace\repo\src\external\3rd\library\stlport453\stlport\stl/_tempbuf.c
Note: including file:             C:\integration-current-v1\workspace\repo\src\external\3rd\library\stlport453\stlport\stl/_raw_storage_iter.h
Note: including file:             C:\integration-current-v1\workspace\repo\src\external\3rd\library\stlport453\stlport\stl/_auto_ptr.h
Note: including file:            C:\integration-current-v1\workspace\repo\src\external\3rd\library\stlport453\stlport\cctype
Note: including file:             C:\Program Files (x86)\Microsoft Visual Studio 12.0\VC\INCLUDE\../include/cctype
Note: including file:              C:\integration-current-v1\workspace\repo\src\external\3rd\library\stlport453\stlport\ctype.h
Note: including file:            C:\integration-current-v1\workspace\repo\src\external\3rd\library\stlport453\stlport\stl/_string_fwd.h
Note: including file:             C:\integration-current-v1\workspace\repo\src\external\3rd\library\stlport453\stlport\iosfwd
Note: including file:              C:\integration-current-v1\workspace\repo\src\external\3rd\library\stlport453\stlport\cwchar
Note: including file:               C:\Program Files (x86)\Microsoft Visual Studio 12.0\VC\INCLUDE\../include/cwchar
Note: including file:                C:\integration-current-v1\workspace\repo\src\external\3rd\library\stlport453\stlport\wchar.h
Note: including file:                 C:\Program Files (x86)\Microsoft Visual Studio 12.0\VC\INCLUDE\../include/wchar.h
Note: including file:                  C:\Program Files (x86)\Microsoft Visual Studio 12.0\VC\INCLUDE\crtdefs.h
Note: including file:              C:\integration-current-v1\workspace\repo\src\external\3rd\library\stlport453\stlport\stl/_iosfwd.h
Note: including file:               C:\integration-current-v1\workspace\repo\src\external\3rd\library\stlport453\stlport\stl/char_traits.h
Note: including file:            C:\integration-current-v1\workspace\repo\src\external\3rd\library\stlport453\stlport\stl/_function.h
Note: including file:             C:\integration-current-v1\workspace\repo\src\external\3rd\library\stlport453\stlport\stl/_function_base.h
Note: including file:            C:\integration-current-v1\workspace\repo\src\external\3rd\library\stlport453\stlport\stl/_ctraits_fns.h
Note: including file:            C:\integration-current-v1\workspace\repo\src\external\3rd\library\stlport453\stlport\stl/_string.c
Note: including file:             C:\integration-current-v1\workspace\repo\src\external\3rd\library\stlport453\stlport\stl/_string_fwd.c
Note: including file:             C:\integration-current-v1\workspace\repo\src\external\3rd\library\stlport453\stlport\stl/_range_errors.h
Note: including file:            C:\integration-current-v1\workspace\repo\src\external\3rd\library\stlport453\stlport\stl/_string_io.h
Note: including file:             C:\integration-current-v1\workspace\repo\src\external\3rd\library\stlport453\stlport\stl/_string_io.c
Note: including file:            C:\integration-current-v1\workspace\repo\src\external\3rd\library\stlport453\stlport\stl/_string_hash.h
Note: including file:             C:\integration-current-v1\workspace\repo\src\external\3rd\library\stlport453\stlport\stl/_hash_fun.h
Note: including file:           C:\integration-current-v1\workspace\repo\src\external\3rd\library\stlport453\stlport\stl/_epilog.h
Note: including file:            C:\integration-current-v1\workspace\repo\src\external\3rd\library\stlport453\stlport\config/_epilog.h
Note: including file:            C:\integration-current-v1\workspace\repo\src\external\3rd\library\stlport453\stlport\stl/_config_compat_post.h
Note: including file:         c:\integration-current-v1\workspace\repo\src\external\ours\library\unicode\src\shared\utf8.h
Note: including file:          C:\integration-current-v1\workspace\repo\src\external\3rd\library\stlport453\stlport\stdio.h
Note: including file:           C:\integration-current-v1\workspace\repo\src\external\3rd\library\stlport453\stlport\stl/_prolog.h
Note: including file:            C:\integration-current-v1\workspace\repo\src\external\3rd\library\stlport453\stlport\config/_prolog.h
Note: including file:             C:\integration-current-v1\workspace\repo\src\external\3rd\library\stlport453\stlport\config/_msvc_warnings_off.h
Note: including file:           C:\integration-current-v1\workspace\repo\src\external\3rd\library\stlport453\stlport\stl/_epilog.h
Note: including file:            C:\integration-current-v1\workspace\repo\src\external\3rd\library\stlport453\stlport\config/_epilog.h
Note: including file:            C:\integration-current-v1\workspace\repo\src\external\3rd\library\stlport453\stlport\stl/_config_compat_post.h
Note: including file: C:\integration-current-v1\workspace\repo\src\game\client\library\swgClientUserInterface\include\public\swgClientUserInterface/SwgCuiCommandParserScene.h
Note: including file:  C:\integration-current-v1\workspace\repo\src\game\client\library\swgClientUserInterface\include\private\../../src/shared/parser/SwgCuiCommandParserScene.h
Note: including file:   C:\integration-current-v1\workspace\repo\src\engine\shared\library\sharedCommandParser\include\public\sharedCommandParser/CommandParser.h
Note: including file:    C:\integration-current-v1\workspace\repo\src\engine\shared\library\sharedCommandParser\include\public\../../src/shared/CommandParser.h
Note: including file:     C:\integration-current-v1\workspace\repo\src\external\ours\library\unicode\include\Unicode.h
Note: including file: C:\integration-current-v1\workspace\repo\src\engine\client\library\clientDirectInput\include\public\clientDirectInput/ForceFeedbackEffectTemplate.h
Note: including file:  C:\integration-current-v1\workspace\repo\src\engine\client\library\clientDirectInput\include\public\../../src/win32/ForceFeedbackEffectTemplate.h
Note: including file:   C:\integration-current-v1\workspace\repo\src\engine\client\library\clientDirectInput\include\public\clientDirectInput/DirectInput.h
Note: including file:    c:\integration-current-v1\workspace\repo\src\engine\client\library\clientdirectinput\src\win32\../../src/win32/DirectInput.h
Note: including file:   C:\integration-current-v1\workspace\repo\src\external\3rd\library\stlport453\stlport\vector
Note: including file:    C:\integration-current-v1\workspace\repo\src\external\3rd\library\stlport453\stlport\stl/_prolog.h
Note: including file:     C:\integration-current-v1\workspace\repo\src\external\3rd\library\stlport453\stlport\config/_prolog.h
Note: including file:      C:\integration-current-v1\workspace\repo\src\external\3rd\library\stlport453\stlport\config/_msvc_warnings_off.h
Note: including file:    C:\integration-current-v1\workspace\repo\src\external\3rd\library\stlport453\stlport\stl/_vector.h
Note: including file:     C:\integration-current-v1\workspace\repo\src\external\3rd\library\stlport453\stlport\stl/_relops_cont.h
Note: including file:     C:\integration-current-v1\workspace\repo\src\external\3rd\library\stlport453\stlport\stl/_vector.c
Note: including file:     C:\integration-current-v1\workspace\repo\src\external\3rd\library\stlport453\stlport\stl/_bvector.h
Note: including file:    C:\integration-current-v1\workspace\repo\src\external\3rd\library\stlport453\stlport\stl/_epilog.h
Note: including file:     C:\integration-current-v1\workspace\repo\src\external\3rd\library\stlport453\stlport\config/_epilog.h
Note: including file:     C:\integration-current-v1\workspace\repo\src\external\3rd\library\stlport453\stlport\stl/_config_compat_post.h
Note: including file: C:\integration-current-v1\workspace\repo\src\engine\client\library\clientDirectInput\include\public\clientDirectInput/ForceFeedbackEffectTemplateList.h
Note: including file:  C:\integration-current-v1\workspace\repo\src\engine\client\library\clientDirectInput\include\public\../../src/win32/ForceFeedbackEffectTemplateList.h
Note: including file: C:\integration-current-v1\workspace\repo\src\engine\client\library\clientGame\include\public\clientGame/ClientCommandQueue.h
Note: including file:  C:\integration-current-v1\workspace\repo\src\engine\client\library\clientGame\include\public\../../src/shared/command/ClientCommandQueue.h
Note: including file:   C:\integration-current-v1\workspace\repo\src\engine\shared\library\sharedGame\include\public\sharedGame/Command.h
Note: including file:    c:\integration-current-v1\workspace\repo\src\engine\shared\library\sharedgame\include\public\sharedgame\../../../src/shared/command/Command.h
Note: including file:     C:\integration-current-v1\workspace\repo\src\engine\shared\library\sharedGame\include\public\sharedGame/CommandCppFunc.def
Note: including file:      c:\integration-current-v1\workspace\repo\src\engine\shared\library\sharedgame\include\public\sharedgame\../../../src/shared/command/CommandCppFunc.def
Note: including file:     C:\integration-current-v1\workspace\repo\src\game\shared\library\swgSharedUtility\include\public\swgSharedUtility/Locomotions.h
Note: including file:      C:\integration-current-v1\workspace\repo\src\game\shared\library\swgSharedUtility\include\public\../../src/shared/Locomotions.h
Note: including file:       C:\integration-current-v1\workspace\repo\src\game\shared\library\swgSharedUtility\include\public\swgSharedUtility/Locomotions.def
Note: including file:        c:\integration-current-v1\workspace\repo\src\game\shared\library\swgsharedutility\src\shared\../../src/shared/Locomotions.def
Note: including file:     C:\integration-current-v1\workspace\repo\src\game\shared\library\swgSharedUtility\include\public\swgSharedUtility/States.h
Note: including file:      C:\integration-current-v1\workspace\repo\src\game\shared\library\swgSharedUtility\include\public\../../src/shared/States.h
Note: including file:       C:\integration-current-v1\workspace\repo\src\game\shared\library\swgSharedUtility\include\public\swgSharedUtility/States.def
Note: including file:        c:\integration-current-v1\workspace\repo\src\game\shared\library\swgsharedutility\src\shared\../../src/shared/States.def
Note: including file:     C:\integration-current-v1\workspace\repo\src\external\3rd\library\stlport453\stlport\bitset
Note: including file:      C:\integration-current-v1\workspace\repo\src\external\3rd\library\stlport453\stlport\stl/_prolog.h
Note: including file:       C:\integration-current-v1\workspace\repo\src\external\3rd\library\stlport453\stlport\config/_prolog.h
Note: including file:        C:\integration-current-v1\workspace\repo\src\external\3rd\library\stlport453\stlport\config/_msvc_warnings_off.h
Note: including file:      C:\integration-current-v1\workspace\repo\src\external\3rd\library\stlport453\stlport\stl/_bitset.h
Note: including file:       C:\integration-current-v1\workspace\repo\src\external\3rd\library\stlport453\stlport\istream
Note: including file:        C:\integration-current-v1\workspace\repo\src\external\3rd\library\stlport453\stlport\stl/_istream.h
Note: including file:         C:\integration-current-v1\workspace\repo\src\external\3rd\library\stlport453\stlport\stl/_ios.h
Note: including file:          C:\integration-current-v1\workspace\repo\src\external\3rd\library\stlport453\stlport\stl/_ios_base.h
Note: including file:           C:\integration-current-v1\workspace\repo\src\external\3rd\library\stlport453\stlport\stdexcept
Note: including file:            C:\integration-current-v1\workspace\repo\src\external\3rd\library\stlport453\stlport\exception
Note: including file:             C:\integration-current-v1\workspace\repo\src\external\3rd\library\stlport453\stlport\config/_msvc_warnings_off.h
Note: including file:           C:\integration-current-v1\workspace\repo\src\external\3rd\library\stlport453\stlport\utility
Note: including file:           C:\integration-current-v1\workspace\repo\src\external\3rd\library\stlport453\stlport\stl/_locale.h
Note: including file:          C:\integration-current-v1\workspace\repo\src\external\3rd\library\stlport453\stlport\stl/_ctype.h
Note: including file:           C:\integration-current-v1\workspace\repo\src\external\3rd\library\stlport453\stlport\stl/c_locale.h
Note: including file:          C:\integration-current-v1\workspace\repo\src\external\3rd\library\stlport453\stlport\stl/_numpunct.h
Note: including file:          C:\integration-current-v1\workspace\repo\src\external\3rd\library\stlport453\stlport\stl/_ios.c
Note: including file:           C:\integration-current-v1\workspace\repo\src\external\3rd\library\stlport453\stlport\stl/_streambuf.h
Note: including file:            C:\integration-current-v1\workspace\repo\src\external\3rd\library\stlport453\stlport\stl/_stdio_file.h
Note: including file:            C:\integration-current-v1\workspace\repo\src\external\3rd\library\stlport453\stlport\stl/_streambuf.c
Note: including file:         C:\integration-current-v1\workspace\repo\src\external\3rd\library\stlport453\stlport\stl/_ostream.h
Note: including file:          C:\integration-current-v1\workspace\repo\src\external\3rd\library\stlport453\stlport\stl/_ostreambuf_iterator.h
Note: including file:          C:\integration-current-v1\workspace\repo\src\external\3rd\library\stlport453\stlport\stl/_ostream.c
Note: including file:           C:\integration-current-v1\workspace\repo\src\external\3rd\library\stlport453\stlport\stl/_num_put.h
Note: including file:            C:\integration-current-v1\workspace\repo\src\external\3rd\library\stlport453\stlport\stl/_num_put.c
Note: including file:             C:\integration-current-v1\workspace\repo\src\external\3rd\library\stlport453\stlport\stl/_limits.h
Note: including file:              C:\integration-current-v1\workspace\repo\src\external\3rd\library\stlport453\stlport\stl/_limits.c
Note: including file:         C:\integration-current-v1\workspace\repo\src\external\3rd\library\stlport453\stlport\stl/_istreambuf_iterator.h
Note: including file:         C:\integration-current-v1\workspace\repo\src\external\3rd\library\stlport453\stlport\stl/_istream.c
Note: including file:          C:\integration-current-v1\workspace\repo\src\external\3rd\library\stlport453\stlport\stl/_num_get.h
Note: including file:           C:\integration-current-v1\workspace\repo\src\external\3rd\library\stlport453\stlport\stl/_num_get.c
Note: including file:       C:\integration-current-v1\workspace\repo\src\external\3rd\library\stlport453\stlport\stl/_bitset.c
Note: including file:      C:\integration-current-v1\workspace\repo\src\external\3rd\library\stlport453\stlport\stl/_epilog.h
Note: including file:       C:\integration-current-v1\workspace\repo\src\external\3rd\library\stlport453\stlport\config/_epilog.h
Note: including file:       C:\integration-current-v1\workspace\repo\src\external\3rd\library\stlport453\stlport\stl/_config_compat_post.h
Note: including file:   C:\integration-current-v1\workspace\repo\src\engine\client\library\clientGame\include\public\clientGame/ClientCommandQueueEntry.h
Note: including file:    C:\integration-current-v1\workspace\repo\src\engine\client\library\clientGame\include\public\../../src/shared/command/ClientCommandQueueEntry.h
Note: including file:     C:\integration-current-v1\workspace\repo\src\external\ours\library\unicode\include\Unicode.h
Note: including file:     C:\integration-current-v1\workspace\repo\src\engine\client\library\clientAnimation\include\public\../../../../../../engine/shared/library/sharedFoundation/include/public/sharedFoundation/NetworkId.h
Note: including file:      c:\integration-current-v1\workspace\repo\src\engine\shared\library\sharedfoundation\include\public\sharedfoundation\../../../src/shared/NetworkId.h
Note: including file:   C:\integration-current-v1\workspace\repo\src\engine\shared\library\sharedNetworkMessages\include\public\sharedNetworkMessages/MessageQueueCommandTimer.h
Note: including file:    C:\integration-current-v1\workspace\repo\src\engine\shared\library\sharedNetworkMessages\include\public\../../src/shared/common/MessageQueueCommandTimer.h
Note: including file:     C:\integration-current-v1\workspace\repo\src\engine\client\library\clientAnimation\include\public\../../../../../../engine/shared/library/sharedFoundation/include/public/sharedFoundation/MessageQueue.h
Note: including file:      c:\integration-current-v1\workspace\repo\src\engine\shared\library\sharedfoundation\include\public\sharedfoundation\../../../src/shared/MessageQueue.h
Note: including file:   C:\integration-current-v1\workspace\repo\src\external\3rd\library\stlport453\stlport\queue
Note: including file:    C:\integration-current-v1\workspace\repo\src\external\3rd\library\stlport453\stlport\stl/_prolog.h
Note: including file:     C:\integration-current-v1\workspace\repo\src\external\3rd\library\stlport453\stlport\config/_prolog.h
Note: including file:      C:\integration-current-v1\workspace\repo\src\external\3rd\library\stlport453\stlport\config/_msvc_warnings_off.h
Note: including file:    C:\integration-current-v1\workspace\repo\src\external\3rd\library\stlport453\stlport\stl/_queue.h
Note: including file:     C:\integration-current-v1\workspace\repo\src\external\3rd\library\stlport453\stlport\stl/_deque.h
Note: including file:      C:\integration-current-v1\workspace\repo\src\external\3rd\library\stlport453\stlport\stl/_deque.c
Note: including file:     C:\integration-current-v1\workspace\repo\src\external\3rd\library\stlport453\stlport\stl/_heap.h
Note: including file:      C:\integration-current-v1\workspace\repo\src\external\3rd\library\stlport453\stlport\stl/_heap.c
Note: including file:    C:\integration-current-v1\workspace\repo\src\external\3rd\library\stlport453\stlport\stl/_epilog.h
Note: including file:     C:\integration-current-v1\workspace\repo\src\external\3rd\library\stlport453\stlport\config/_epilog.h
Note: including file:     C:\integration-current-v1\workspace\repo\src\external\3rd\library\stlport453\stlport\stl/_config_compat_post.h
Note: including file: C:\integration-current-v1\workspace\repo\src\engine\client\library\clientGame\include\public\clientGame/ClientController.h
Note: including file:  C:\integration-current-v1\workspace\repo\src\engine\client\library\clientGame\include\public\../../src/shared/controller/ClientController.h
Note: including file:   C:\integration-current-v1\workspace\repo\src\engine\client\library\clientAnimation\include\public\../../../../../../engine/shared/library/sharedFoundation/include/public/sharedFoundation/Timer.h
Note: including file:    c:\integration-current-v1\workspace\repo\src\engine\shared\library\sharedfoundation\include\public\sharedfoundation\../../../src/shared/Timer.h
Note: including file:   C:\integration-current-v1\workspace\repo\src\engine\shared\library\sharedMath\include\public\sharedMath/Transform.h
Note: including file:    c:\integration-current-v1\workspace\repo\src\engine\shared\library\sharedmath\include\public\sharedmath\../../../src/shared/Transform.h
Note: including file:     C:\integration-current-v1\workspace\repo\src\engine\shared\library\sharedMath\include\public\sharedMath/Vector.h
Note: including file:      c:\integration-current-v1\workspace\repo\src\engine\shared\library\sharedmath\include\public\sharedmath\../../../src/shared/Vector.h
Note: including file:   C:\integration-current-v1\workspace\repo\src\engine\shared\library\sharedObject\include\public\sharedObject/NetworkController.h
Note: including file:    c:\integration-current-v1\workspace\repo\src\engine\shared\library\sharedobject\include\public\sharedobject\../../../src/shared/controller/NetworkController.h
Note: including file:     C:\integration-current-v1\workspace\repo\src\engine\shared\library\sharedObject\include\public\sharedObject/Controller.h
Note: including file:      c:\integration-current-v1\workspace\repo\src\engine\shared\library\sharedobject\include\public\sharedobject\../../../src/shared/controller/Controller.h
Note: including file:       C:\integration-current-v1\workspace\repo\src\engine\client\library\clientAnimation\include\public\../../../../../../engine/shared/library/sharedFoundation/include/public/sharedFoundation/MessageQueue.h
Note: including file:       C:\integration-current-v1\workspace\repo\src\external\3rd\library\stlport453\stlport\map
Note: including file:        C:\integration-current-v1\workspace\repo\src\external\3rd\library\stlport453\stlport\stl/_prolog.h
Note: including file:         C:\integration-current-v1\workspace\repo\src\external\3rd\library\stlport453\stlport\config/_prolog.h
Note: including file:          C:\integration-current-v1\workspace\repo\src\external\3rd\library\stlport453\stlport\config/_msvc_warnings_off.h
Note: including file:        C:\integration-current-v1\workspace\repo\src\external\3rd\library\stlport453\stlport\stl/_map.h
Note: including file:         C:\integration-current-v1\workspace\repo\src\external\3rd\library\stlport453\stlport\stl/_tree.h
Note: including file:          C:\integration-current-v1\workspace\repo\src\external\3rd\library\stlport453\stlport\stl/_tree.c
Note: including file:         C:\integration-current-v1\workspace\repo\src\external\3rd\library\stlport453\stlport\stl/_relops_cont.h
Note: including file:         C:\integration-current-v1\workspace\repo\src\external\3rd\library\stlport453\stlport\stl/_relops_cont.h
Note: including file:        C:\integration-current-v1\workspace\repo\src\external\3rd\library\stlport453\stlport\stl/_epilog.h
Note: including file:         C:\integration-current-v1\workspace\repo\src\external\3rd\library\stlport453\stlport\config/_epilog.h
Note: including file:         C:\integration-current-v1\workspace\repo\src\external\3rd\library\stlport453\stlport\stl/_config_compat_post.h
Note: including file: C:\integration-current-v1\workspace\repo\src\engine\client\library\clientGame\include\public\clientGame/ClientEffectManager.h
Note: including file:  C:\integration-current-v1\workspace\repo\src\engine\client\library\clientGame\include\public\../../src/shared/clientEffect/ClientEffectManager.h
Note: including file: C:\integration-current-v1\workspace\repo\src\engine\client\library\clientGame\include\public\clientGame/ClientEventManager.h
Note: including file:  C:\integration-current-v1\workspace\repo\src\engine\client\library\clientGame\include\public\../../src/shared/event/ClientEventManager.h
Note: including file: C:\integration-current-v1\workspace\repo\src\engine\client\library\clientGame\include\public\clientGame/ClientSecureTradeManager.h
Note: including file:  C:\integration-current-v1\workspace\repo\src\engine\client\library\clientGame\include\public\../../src/shared/trading/ClientSecureTradeManager.h
Note: including file:   C:\integration-current-v1\workspace\repo\src\engine\client\library\clientAnimation\include\public\../../../../../../engine/shared/library/sharedFoundation/include/public/sharedFoundation/NetworkId.h
Note: including file:   C:\integration-current-v1\workspace\repo\src\engine\shared\library\sharedMessageDispatch\include\public\sharedMessageDispatch/Receiver.h
Note: including file:    C:\integration-current-v1\workspace\repo\src\engine\shared\library\sharedMessageDispatch\include\public\../../src/shared/Receiver.h
Note: including file: C:\integration-current-v1\workspace\repo\src\engine\client\library\clientGame\include\public\clientGame/ClientWorld.h
Note: including file:  C:\integration-current-v1\workspace\repo\src\engine\client\library\clientGame\include\public\../../src/shared/core/ClientWorld.h
Note: including file:   C:\integration-current-v1\workspace\repo\src\engine\shared\library\sharedObject\include\public\sharedObject/ObjectNotification.h
Note: including file:    c:\integration-current-v1\workspace\repo\src\engine\shared\library\sharedobject\include\public\sharedobject\../../../src/shared/object/ObjectNotification.h
Note: including file:   C:\integration-current-v1\workspace\repo\src\engine\shared\library\sharedObject\include\public\sharedObject/World.h
Note: including file:    c:\integration-current-v1\workspace\repo\src\engine\shared\library\sharedobject\include\public\sharedobject\../../../src/shared/world/World.h
Note: including file: C:\integration-current-v1\workspace\repo\src\engine\client\library\clientGame\include\public\clientGame/ConfigClientGame.h
Note: including file:  C:\integration-current-v1\workspace\repo\src\engine\client\library\clientGame\include\public\../../src/shared/core/ConfigClientGame.h
Note: including file: C:\integration-current-v1\workspace\repo\src\engine\client\library\clientGame\include\public\clientGame/ContainerInterface.h
Note: including file:  C:\integration-current-v1\workspace\repo\src\engine\client\library\clientGame\include\public\../../src/shared/container/ContainerInterface.h
Note: including file:   C:\integration-current-v1\workspace\repo\src\engine\shared\library\sharedMath\include\public\sharedMath/Transform.h
Note: including file:   C:\integration-current-v1\workspace\repo\src\engine\shared\library\sharedObject\include\public\sharedObject/SlotId.h
Note: including file:    c:\integration-current-v1\workspace\repo\src\engine\shared\library\sharedobject\include\public\sharedobject\../../../src/shared/container/SlotId.h
Note: including file: C:\integration-current-v1\workspace\repo\src\engine\client\library\clientGame\include\public\clientGame/CreatureObject.h
Note: including file:  C:\integration-current-v1\workspace\repo\src\engine\client\library\clientGame\include\public\../../src/shared/object/CreatureObject.h
Note: including file:   C:\integration-current-v1\workspace\repo\src\external\ours\library\archive\include\Archive/AutoDeltaMap.h
Note: including file:    c:\integration-current-v1\workspace\repo\src\external\ours\library\archive\include\archive\../../src/shared/AutoDeltaMap.h
Note: including file:     c:\integration-current-v1\workspace\repo\src\external\ours\library\archive\src\shared\ArchiveCount.h
Note: including file:      C:\Program Files (x86)\Microsoft Visual Studio 12.0\VC\INCLUDE\cstdint
Note: including file:      C:\integration-current-v1\workspace\repo\src\external\3rd\library\stlport453\stlport\limits
Note: including file:       C:\integration-current-v1\workspace\repo\src\external\3rd\library\stlport453\stlport\stl/_prolog.h
Note: including file:        C:\integration-current-v1\workspace\repo\src\external\3rd\library\stlport453\stlport\config/_prolog.h
Note: including file:         C:\integration-current-v1\workspace\repo\src\external\3rd\library\stlport453\stlport\config/_msvc_warnings_off.h
Note: including file:       C:\integration-current-v1\workspace\repo\src\external\3rd\library\stlport453\stlport\stl/_epilog.h
Note: including file:        C:\integration-current-v1\workspace\repo\src\external\3rd\library\stlport453\stlport\config/_epilog.h
Note: including file:        C:\integration-current-v1\workspace\repo\src\external\3rd\library\stlport453\stlport\stl/_config_compat_post.h
Note: including file:     c:\integration-current-v1\workspace\repo\src\external\ours\library\archive\src\shared\AutoDeltaByteStream.h
Note: including file:      C:\integration-current-v1\workspace\repo\src\external\3rd\library\stlport453\stlport\cmath
Note: including file:       C:\integration-current-v1\workspace\repo\src\external\3rd\library\stlport453\stlport\stl/_prolog.h
Note: including file:        C:\integration-current-v1\workspace\repo\src\external\3rd\library\stlport453\stlport\config/_prolog.h
Note: including file:         C:\integration-current-v1\workspace\repo\src\external\3rd\library\stlport453\stlport\config/_msvc_warnings_off.h
Note: including file:       C:\Program Files (x86)\Microsoft Visual Studio 12.0\VC\INCLUDE\../include/cmath
Note: including file:        C:\integration-current-v1\workspace\repo\src\external\3rd\library\stlport453\stlport\math.h
Note: including file:         C:\Program Files (x86)\Microsoft Visual Studio 12.0\VC\INCLUDE\../include/math.h
Note: including file:        C:\Program Files (x86)\Microsoft Visual Studio 12.0\VC\INCLUDE\xtgmath.h
Note: including file:       C:\integration-current-v1\workspace\repo\src\external\3rd\library\stlport453\stlport\stl/_cmath.h
Note: including file:       C:\integration-current-v1\workspace\repo\src\external\3rd\library\stlport453\stlport\stl/_epilog.h
Note: including file:        C:\integration-current-v1\workspace\repo\src\external\3rd\library\stlport453\stlport\config/_epilog.h
Note: including file:        C:\integration-current-v1\workspace\repo\src\external\3rd\library\stlport453\stlport\stl/_config_compat_post.h
Note: including file:      c:\integration-current-v1\workspace\repo\src\external\ours\library\archive\src\shared\AutoByteStream.h
Note: including file:       c:\integration-current-v1\workspace\repo\src\external\ours\library\archive\src\shared\Archive.h
Note: including file:        c:\integration-current-v1\workspace\repo\src\external\ours\library\archive\src\shared\ByteStream.h
Note: including file:        C:\integration-current-v1\workspace\repo\src\external\3rd\library\stlport453\stlport\deque
Note: including file:         C:\integration-current-v1\workspace\repo\src\external\3rd\library\stlport453\stlport\stl/_prolog.h
Note: including file:          C:\integration-current-v1\workspace\repo\src\external\3rd\library\stlport453\stlport\config/_prolog.h
Note: including file:           C:\integration-current-v1\workspace\repo\src\external\3rd\library\stlport453\stlport\config/_msvc_warnings_off.h
Note: including file:         C:\integration-current-v1\workspace\repo\src\external\3rd\library\stlport453\stlport\stl/_epilog.h
Note: including file:          C:\integration-current-v1\workspace\repo\src\external\3rd\library\stlport453\stlport\config/_epilog.h
Note: including file:          C:\integration-current-v1\workspace\repo\src\external\3rd\library\stlport453\stlport\stl/_config_compat_post.h
Note: including file:        C:\integration-current-v1\workspace\repo\src\external\3rd\library\stlport453\stlport\set
Note: including file:         C:\integration-current-v1\workspace\repo\src\external\3rd\library\stlport453\stlport\stl/_prolog.h
Note: including file:          C:\integration-current-v1\workspace\repo\src\external\3rd\library\stlport453\stlport\config/_prolog.h
Note: including file:           C:\integration-current-v1\workspace\repo\src\external\3rd\library\stlport453\stlport\config/_msvc_warnings_off.h
Note: including file:         C:\integration-current-v1\workspace\repo\src\external\3rd\library\stlport453\stlport\stl/_set.h
Note: including file:          C:\integration-current-v1\workspace\repo\src\external\3rd\library\stlport453\stlport\stl/_relops_cont.h
Note: including file:          C:\integration-current-v1\workspace\repo\src\external\3rd\library\stlport453\stlport\stl/_relops_cont.h
Note: including file:         C:\integration-current-v1\workspace\repo\src\external\3rd\library\stlport453\stlport\stl/_epilog.h
Note: including file:          C:\integration-current-v1\workspace\repo\src\external\3rd\library\stlport453\stlport\config/_epilog.h
Note: including file:          C:\integration-current-v1\workspace\repo\src\external\3rd\library\stlport453\stlport\stl/_config_compat_post.h
Note: including file:       C:\integration-current-v1\workspace\repo\src\external\3rd\library\stlport453\stlport\cassert
Note: including file:        C:\integration-current-v1\workspace\repo\src\external\3rd\library\stlport453\stlport\stl/_prolog.h
Note: including file:         C:\integration-current-v1\workspace\repo\src\external\3rd\library\stlport453\stlport\config/_prolog.h
Note: including file:          C:\integration-current-v1\workspace\repo\src\external\3rd\library\stlport453\stlport\config/_msvc_warnings_off.h
Note: including file:        C:\Program Files (x86)\Microsoft Visual Studio 12.0\VC\INCLUDE\../include/cassert
Note: including file:         C:\Program Files (x86)\Microsoft Visual Studio 12.0\VC\INCLUDE\assert.h
Note: including file:          C:\Program Files (x86)\Microsoft Visual Studio 12.0\VC\INCLUDE\crtdefs.h
Note: including file:        C:\integration-current-v1\workspace\repo\src\external\3rd\library\stlport453\stlport\stl/_epilog.h
Note: including file:         C:\integration-current-v1\workspace\repo\src\external\3rd\library\stlport453\stlport\config/_epilog.h
Note: including file:         C:\integration-current-v1\workspace\repo\src\external\3rd\library\stlport453\stlport\stl/_config_compat_post.h
Note: including file:       C:\integration-current-v1\workspace\repo\src\external\3rd\library\stlport453\stlport\list
Note: including file:        C:\integration-current-v1\workspace\repo\src\external\3rd\library\stlport453\stlport\stl/_prolog.h
Note: including file:         C:\integration-current-v1\workspace\repo\src\external\3rd\library\stlport453\stlport\config/_prolog.h
Note: including file:          C:\integration-current-v1\workspace\repo\src\external\3rd\library\stlport453\stlport\config/_msvc_warnings_off.h
Note: including file:        C:\integration-current-v1\workspace\repo\src\external\3rd\library\stlport453\stlport\stl/_list.h
Note: including file:         C:\integration-current-v1\workspace\repo\src\external\3rd\library\stlport453\stlport\stl/_list.c
Note: including file:        C:\integration-current-v1\workspace\repo\src\external\3rd\library\stlport453\stlport\stl/_epilog.h
Note: including file:         C:\integration-current-v1\workspace\repo\src\external\3rd\library\stlport453\stlport\config/_epilog.h
Note: including file:         C:\integration-current-v1\workspace\repo\src\external\3rd\library\stlport453\stlport\stl/_config_compat_post.h
Note: including file:   C:\integration-current-v1\workspace\repo\src\external\ours\library\archive\include\Archive/AutoDeltaSet.h
Note: including file:    c:\integration-current-v1\workspace\repo\src\external\ours\library\archive\include\archive\../../src/shared/AutoDeltaSet.h
Note: including file:   C:\integration-current-v1\workspace\repo\src\engine\client\library\clientGame\include\public\clientGame/TangibleObject.h
Note: including file:    C:\integration-current-v1\workspace\repo\src\engine\client\library\clientGame\include\public\../../src/shared/object/TangibleObject.h
Note: including file:     C:\integration-current-v1\workspace\repo\src\external\ours\library\archive\include\Archive/AutoDeltaMap.h
Note: including file:     C:\integration-current-v1\workspace\repo\src\external\ours\library\archive\include\Archive/AutoDeltaSet.h
Note: including file:     C:\integration-current-v1\workspace\repo\src\external\ours\library\archive\include\Archive/AutoDeltaVariableCallback.h
Note: including file:      c:\integration-current-v1\workspace\repo\src\external\ours\library\archive\include\archive\../../src/shared/AutoDeltaVariableCallback.h
Note: including file:     C:\integration-current-v1\workspace\repo\src\external\ours\library\archive\include\Archive/AutoDeltaVector.h
Note: including file:      c:\integration-current-v1\workspace\repo\src\external\ours\library\archive\include\archive\../../src/shared/AutoDeltaVector.h
Note: including file:     C:\integration-current-v1\workspace\repo\src\engine\client\library\clientGame\include\public\clientGame/ClientObject.h
Note: including file:      C:\integration-current-v1\workspace\repo\src\engine\client\library\clientGame\include\public\../../src/shared/object/ClientObject.h
Note: including file:       C:\integration-current-v1\workspace\repo\src\external\ours\library\archive\include\Archive/AutoDeltaVariableCallback.h
Note: including file:       C:\integration-current-v1\workspace\repo\src\external\ours\library\localization\include\StringId.h
Note: including file:        c:\integration-current-v1\workspace\repo\src\external\ours\library\localization\include\../src/shared/StringId.h
Note: including file:         C:\integration-current-v1\workspace\repo\src\external\ours\library\unicode\include\Unicode.h
Note: including file:       C:\integration-current-v1\workspace\repo\src\external\ours\library\unicode\include\Unicode.h
Note: including file:       C:\integration-current-v1\workspace\repo\src\engine\client\library\clientGame\include\public\clientGame/ClientWorld.h
Note: including file:       C:\integration-current-v1\workspace\repo\src\external\ours\library\localizationArchive\include\public\localizationArchive/StringIdArchive.h
Note: including file:        C:\integration-current-v1\workspace\repo\src\external\ours\library\localizationArchive\include\public\../../src/shared/StringIdArchive.h
Note: including file:       C:\integration-current-v1\workspace\repo\src\engine\shared\library\sharedObject\include\public\sharedObject/Object.h
Note: including file:        c:\integration-current-v1\workspace\repo\src\engine\shared\library\sharedobject\include\public\sharedobject\../../../src/shared/object/Object.h
Note: including file:         C:\integration-current-v1\workspace\repo\src\engine\client\library\clientAnimation\include\public\../../../../../../engine/shared/library/sharedFoundation/include/public/sharedFoundation/Tag.h
Note: including file:          c:\integration-current-v1\workspace\repo\src\engine\shared\library\sharedfoundation\include\public\sharedfoundation\../../../src/shared/Tag.h
Note: including file:         C:\integration-current-v1\workspace\repo\src\engine\client\library\clientAnimation\include\public\../../../../../../engine/shared/library/sharedFoundation/include/public/sharedFoundation/Watcher.h
Note: including file:          c:\integration-current-v1\workspace\repo\src\engine\shared\library\sharedfoundation\include\public\sharedfoundation\../../../src/shared/Watcher.h
Note: including file:         C:\integration-current-v1\workspace\repo\src\engine\shared\library\sharedMath\include\public\sharedMath/Transform.h
Note: including file:         C:\integration-current-v1\workspace\repo\src\engine\shared\library\sharedMath\include\public\sharedMath/Vector.h
Note: including file:         C:\integration-current-v1\workspace\repo\src\engine\client\library\clientAnimation\include\public\../../../../../../engine/shared/library/sharedFoundation/include/public/sharedFoundation/NetworkId.h
Note: including file:       C:\integration-current-v1\workspace\repo\src\engine\shared\library\sharedTerrain\include\public\sharedTerrain/TerrainGenerator.h
Note: including file:        C:\integration-current-v1\workspace\repo\src\engine\shared\library\sharedTerrain\include\public\../../src/shared/generator/TerrainGenerator.h
Note: including file:         C:\integration-current-v1\workspace\repo\src\engine\client\library\clientAnimation\include\public\../../../../../../engine/shared/library/sharedFoundation/include/public/sharedFoundation/ArrayList.h
Note: including file:          c:\integration-current-v1\workspace\repo\src\engine\shared\library\sharedfoundation\include\public\sharedfoundation\../../../src/shared/ArrayList.h
Note: including file:         C:\integration-current-v1\workspace\repo\src\engine\client\library\clientAnimation\include\public\../../../../../../engine/shared/library/sharedFoundation/include/public/sharedFoundation/Tag.h
Note: including file:         C:\integration-current-v1\workspace\repo\src\engine\shared\library\sharedMath\include\public\sharedMath/Rectangle2d.h
Note: including file:          C:\integration-current-v1\workspace\repo\src\engine\shared\library\sharedMath\include\public\../../src/shared/Rectangle2d.h
Note: including file:         C:\integration-current-v1\workspace\repo\src\engine\shared\library\sharedMath\include\public\sharedMath/Vector.h
Note: including file:         C:\integration-current-v1\workspace\repo\src\engine\shared\library\sharedRandom\include\public\sharedRandom/RandomGenerator.h
Note: including file:          C:\integration-current-v1\workspace\repo\src\engine\shared\library\sharedRandom\include\public\../../src/shared/RandomGenerator.h
Note: including file:         C:\integration-current-v1\workspace\repo\src\engine\shared\library\sharedTerrain\include\public\sharedTerrain/Array2d.h
Note: including file:          C:\integration-current-v1\workspace\repo\src\engine\shared\library\sharedTerrain\include\public\../../src/shared/generator/Array2d.h
Note: including file:         C:\integration-current-v1\workspace\repo\src\engine\shared\library\sharedTerrain\include\public\sharedTerrain/BitmapGroup.h
Note: including file:          C:\integration-current-v1\workspace\repo\src\engine\shared\library\sharedTerrain\include\public\../../src/shared/generator/BitmapGroup.h
Note: including file:         C:\integration-current-v1\workspace\repo\src\engine\shared\library\sharedTerrain\include\public\sharedTerrain/EnvironmentGroup.h
Note: including file:          C:\integration-current-v1\workspace\repo\src\engine\shared\library\sharedTerrain\include\public\../../src/shared/generator/EnvironmentGroup.h
Note: including file:           C:\integration-current-v1\workspace\repo\src\engine\client\library\clientAnimation\include\public\../../../../../../engine/shared/library/sharedFoundation/include/public/sharedFoundation/ArrayList.h
Note: including file:           C:\integration-current-v1\workspace\repo\src\engine\shared\library\sharedMath\include\public\sharedMath/PackedRgb.h
Note: including file:            C:\integration-current-v1\workspace\repo\src\engine\shared\library\sharedMath\include\public\../../src/shared/PackedRgb.h
Note: including file:         C:\integration-current-v1\workspace\repo\src\engine\shared\library\sharedTerrain\include\public\sharedTerrain/FloraGroup.h
Note: including file:          C:\integration-current-v1\workspace\repo\src\engine\shared\library\sharedTerrain\include\public\../../src/shared/generator/FloraGroup.h
Note: including file:           C:\integration-current-v1\workspace\repo\src\engine\client\library\clientAnimation\include\public\../../../../../../engine/shared/library/sharedFoundation/include/public/sharedFoundation/ArrayList.h
Note: including file:           C:\integration-current-v1\workspace\repo\src\engine\shared\library\sharedMath\include\public\sharedMath/PackedRgb.h
Note: including file:         C:\integration-current-v1\workspace\repo\src\engine\shared\library\sharedTerrain\include\public\sharedTerrain/FractalGroup.h
Note: including file:          C:\integration-current-v1\workspace\repo\src\engine\shared\library\sharedTerrain\include\public\../../src/shared/generator/FractalGroup.h
Note: including file:         C:\integration-current-v1\workspace\repo\src\engine\shared\library\sharedTerrain\include\public\sharedTerrain/RadialGroup.h
Note: including file:          C:\integration-current-v1\workspace\repo\src\engine\shared\library\sharedTerrain\include\public\../../src/shared/generator/RadialGroup.h
Note: including file:           C:\integration-current-v1\workspace\repo\src\engine\client\library\clientAnimation\include\public\../../../../../../engine/shared/library/sharedFoundation/include/public/sharedFoundation/ArrayList.h
Note: including file:           C:\integration-current-v1\workspace\repo\src\engine\shared\library\sharedMath\include\public\sharedMath/PackedRgb.h
Note: including file:         C:\integration-current-v1\workspace\repo\src\engine\shared\library\sharedTerrain\include\public\sharedTerrain/ShaderGroup.h
Note: including file:          C:\integration-current-v1\workspace\repo\src\engine\shared\library\sharedTerrain\include\public\../../src/shared/generator/ShaderGroup.h
Note: including file:           C:\integration-current-v1\workspace\repo\src\engine\client\library\clientAnimation\include\public\../../../../../../engine/shared/library/sharedFoundation/include/public/sharedFoundation/ArrayList.h
Note: including file:           C:\integration-current-v1\workspace\repo\src\engine\shared\library\sharedMath\include\public\sharedMath/PackedRgb.h
Note: including file:         C:\integration-current-v1\workspace\repo\src\engine\shared\library\sharedTerrain\include\public\sharedTerrain/TerrainGeneratorType.h
Note: including file:          C:\integration-current-v1\workspace\repo\src\engine\shared\library\sharedTerrain\include\public\../../src/shared/generator/TerrainGeneratorType.h
Note: including file:           C:\integration-current-v1\workspace\repo\src\engine\shared\library\sharedTerrain\include\public\sharedTerrain/TerrainGeneratorType.def
Note: including file:            C:\integration-current-v1\workspace\repo\src\engine\shared\library\sharedTerrain\include\public\../../src/shared/generator/TerrainGeneratorType.def
Note: including file:       C:\integration-current-v1\workspace\repo\src\external\ours\library\unicodeArchive\include\public\unicodeArchive/UnicodeArchive.h
Note: including file:        C:\integration-current-v1\workspace\repo\src\external\ours\library\unicodeArchive\include\public\../../src/shared/UnicodeArchive.h
Note: including file:         C:\integration-current-v1\workspace\repo\src\external\ours\library\unicode\include\Unicode.h
Note: including file:     C:\integration-current-v1\workspace\repo\src\engine\client\library\clientAnimation\include\public\../../../../../../engine/shared/library/sharedFoundation/include/public/sharedFoundation/NetworkIdArchive.h
Note: including file:      c:\integration-current-v1\workspace\repo\src\engine\shared\library\sharedfoundation\include\public\sharedfoundation\../../../src/shared/NetworkIdArchive.h
Note: including file:     C:\integration-current-v1\workspace\repo\src\engine\client\library\clientAnimation\include\public\../../../../../../engine/shared/library/sharedFoundation/include/public/sharedFoundation/Watcher.h
Note: including file:     C:\integration-current-v1\workspace\repo\src\engine\shared\library\sharedGame\include\public\sharedGame/SharedTangibleObjectTemplate.h
Note: including file:      c:\integration-current-v1\workspace\repo\src\engine\shared\library\sharedgame\include\public\sharedgame\../../../src/shared/objectTemplate/SharedTangibleObjectTemplate.h
Note: including file:       c:\integration-current-v1\workspace\repo\src\engine\shared\library\sharedgame\src\shared\objecttemplate\SharedObjectTemplate.h
Note: including file:        C:\integration-current-v1\workspace\repo\src\engine\client\library\clientAnimation\include\public\../../../../../../engine/shared/library/sharedObject/include/public/sharedObject/ObjectTemplate.h
Note: including file:         c:\integration-current-v1\workspace\repo\src\engine\shared\library\sharedobject\include\public\sharedobject\../../../src/shared/object/ObjectTemplate.h
Note: including file:          C:\integration-current-v1\workspace\repo\src\engine\client\library\clientAnimation\include\public\../../../../../../engine/shared/library/sharedFoundation/include/public/sharedFoundation/DataResource.h
Note: including file:           c:\integration-current-v1\workspace\repo\src\engine\shared\library\sharedfoundation\include\public\sharedfoundation\../../../src/shared/DataResource.h
Note: including file:            c:\integration-current-v1\workspace\repo\src\engine\shared\library\sharedfoundation\src\shared\PersistentCrcString.h
Note: including file:             c:\integration-current-v1\workspace\repo\src\engine\shared\library\sharedfoundation\src\shared\../../../../../../engine/shared/library/sharedFoundation/include/public/sharedFoundation/CrcString.h
Note: including file:              c:\integration-current-v1\workspace\repo\src\engine\shared\library\sharedfoundation\include\public\sharedfoundation\../../../src/shared/CrcString.h
Note: including file:          C:\integration-current-v1\workspace\repo\src\engine\client\library\clientAnimation\include\public\../../../../../../engine/shared/library/sharedFoundation/include/public/sharedFoundation/Tag.h
Note: including file:        C:\integration-current-v1\workspace\repo\src\engine\client\library\clientAnimation\include\public\../../../../../../engine/shared/library/sharedFoundation/include/public/sharedFoundation/DynamicVariable.h
Note: including file:         c:\integration-current-v1\workspace\repo\src\engine\shared\library\sharedfoundation\include\public\sharedfoundation\../../../src/shared/dynamicVariable/DynamicVariable.h
Note: including file:          C:\integration-current-v1\workspace\repo\src\external\ours\library\unicode\include\Unicode.h
Note: including file:        C:\integration-current-v1\workspace\repo\src\engine\client\library\clientAnimation\include\public\../../../../../../engine/shared/library/sharedUtility/include/public/sharedUtility/TemplateParameter.h
Note: including file:         c:\integration-current-v1\workspace\repo\src\engine\shared\library\sharedutility\include\public\sharedutility\../../../src/shared/TemplateParameter.h
Note: including file:          C:\integration-current-v1\workspace\repo\src\engine\shared\library\sharedFile\include\public\sharedFile/Iff.h
Note: including file:           C:\integration-current-v1\workspace\repo\src\engine\shared\library\sharedFile\include\public\../../src/shared/Iff.h
Note: including file:            c:\integration-current-v1\workspace\repo\src\engine\shared\library\sharedfile\src\shared\../../../../../../engine/shared/library/sharedFoundation/include/public/sharedFoundation/Tag.h
Note: including file:          c:\integration-current-v1\workspace\repo\src\engine\shared\library\sharedutility\src\shared\../../../../../../engine/shared/library/sharedFoundation/include/public/sharedFoundation/DataResourceList.h
Note: including file:           c:\integration-current-v1\workspace\repo\src\engine\shared\library\sharedfoundation\include\public\sharedfoundation\../../../src/shared/DataResourceList.h
Note: including file:            C:\integration-current-v1\workspace\repo\src\engine\shared\library\sharedDebug\include\public\sharedDebug/DataLint.h
Note: including file:             C:\integration-current-v1\workspace\repo\src\engine\shared\library\sharedDebug\include\public\../../src/shared/DataLint.h
Note: including file:            C:\integration-current-v1\workspace\repo\src\engine\shared\library\sharedFile\include\public\sharedFile/Iff.h
Note: including file:            c:\integration-current-v1\workspace\repo\src\engine\shared\library\sharedfoundation\src\shared\../../../../../../engine/shared/library/sharedFoundation/include/public/sharedFoundation/ConfigSharedFoundation.h
Note: including file:             c:\integration-current-v1\workspace\repo\src\engine\shared\library\sharedfoundation\include\public\sharedfoundation\../../../src/win32/ConfigSharedFoundation.h
Note: including file:            c:\integration-current-v1\workspace\repo\src\engine\shared\library\sharedfoundation\src\shared\../../../../../../engine/shared/library/sharedFoundation/include/public/sharedFoundation/CrcString.h
Note: including file:            c:\integration-current-v1\workspace\repo\src\engine\shared\library\sharedfoundation\src\shared\../../../../../../engine/shared/library/sharedFoundation/include/public/sharedFoundation/ExitChain.h
Note: including file:             c:\integration-current-v1\workspace\repo\src\engine\shared\library\sharedfoundation\include\public\sharedfoundation\../../../src/shared/ExitChain.h
Note: including file:              C:\integration-current-v1\workspace\repo\src\engine\shared\library\sharedDebug\include\public\sharedDebug/CallStack.h
Note: including file:               C:\integration-current-v1\workspace\repo\src\engine\shared\library\sharedDebug\include\public\../../src/shared/CallStack.h
Note: including file:            c:\integration-current-v1\workspace\repo\src\engine\shared\library\sharedfoundation\src\shared\../../../../../../engine/shared/library/sharedFoundation/include/public/sharedFoundation/LessPointerComparator.h
Note: including file:             c:\integration-current-v1\workspace\repo\src\engine\shared\library\sharedfoundation\include\public\sharedfoundation\../../../src/shared/LessPointerComparator.h
Note: including file:            c:\integration-current-v1\workspace\repo\src\engine\shared\library\sharedfoundation\src\shared\../../../../../../engine/shared/library/sharedFoundation/include/public/sharedFoundation/Tag.h
Note: including file:            c:\integration-current-v1\workspace\repo\src\engine\shared\library\sharedfoundation\src\shared\../../../../../../engine/shared/library/sharedFoundation/include/public/sharedFoundation/TemporaryCrcString.h
Note: including file:             c:\integration-current-v1\workspace\repo\src\engine\shared\library\sharedfoundation\include\public\sharedfoundation\../../../src/shared/TemporaryCrcString.h
Note: including file:              c:\integration-current-v1\workspace\repo\src\engine\shared\library\sharedfoundation\src\shared\../../../../../../engine/shared/library/sharedFoundation/include/public/sharedFoundation/CrcString.h
Note: including file:          c:\integration-current-v1\workspace\repo\src\engine\shared\library\sharedutility\src\shared\../../../../../../engine/shared/library/sharedFoundation/include/public/sharedFoundation/DynamicVariableList.h
Note: including file:           c:\integration-current-v1\workspace\repo\src\engine\shared\library\sharedfoundation\include\public\sharedfoundation\../../../src/shared/dynamicVariable/DynamicVariableList.h
Note: including file:            C:\integration-current-v1\workspace\repo\src\external\ours\library\archive\include\Archive/AutoDeltaMap.h
Note: including file:            c:\integration-current-v1\workspace\repo\src\engine\shared\library\sharedutility\src\shared\../../../../../../engine/shared/library/sharedFoundation/include/public/sharedFoundation/DynamicVariable.h
Note: including file:            c:\integration-current-v1\workspace\repo\src\engine\shared\library\sharedutility\src\shared\../../../../../../engine/shared/library/sharedFoundation/include/public/sharedFoundation/DynamicVariableListNestedList.h
Note: including file:             c:\integration-current-v1\workspace\repo\src\engine\shared\library\sharedfoundation\include\public\sharedfoundation\../../../src/shared/dynamicVariable/DynamicVariableListNestedList.h
Note: including file:              C:\integration-current-v1\workspace\repo\src\external\ours\library\archive\include\Archive/AutoDeltaMap.h
Note: including file:              c:\integration-current-v1\workspace\repo\src\engine\shared\library\sharedutility\src\shared\../../../../../../engine/shared/library/sharedFoundation/include/public/sharedFoundation/DynamicVariable.h
Note: including file:          c:\integration-current-v1\workspace\repo\src\engine\shared\library\sharedutility\src\shared\../../../../../../engine/shared/library/sharedFoundation/include/public/sharedFoundation/Tag.h
Note: including file:          C:\integration-current-v1\workspace\repo\src\engine\shared\library\sharedRandom\include\public\sharedRandom/Random.h
Note: including file:           C:\integration-current-v1\workspace\repo\src\engine\shared\library\sharedRandom\include\public\../../src/shared/Random.h
Note: including file:            C:\integration-current-v1\workspace\repo\src\engine\shared\library\sharedRandom\include\public\sharedRandom/RandomGenerator.h
Note: including file:          C:\integration-current-v1\workspace\repo\src\external\ours\library\localization\include\StringId.h
Note: including file:       C:\integration-current-v1\workspace\repo\src\engine\client\library\clientAnimation\include\public\../../../../../../engine/shared/library/sharedFoundation/include/public/sharedFoundation/DynamicVariable.h
Note: including file:       C:\integration-current-v1\workspace\repo\src\engine\shared\library\sharedUtility\include\public\sharedUtility/TemplateParameter.h
Note: including file:     C:\integration-current-v1\workspace\repo\src\engine\shared\library\sharedMathArchive\include\public\sharedMathArchive/VectorArchive.h
Note: including file:      C:\integration-current-v1\workspace\repo\src\engine\shared\library\sharedMathArchive\include\public\../../src/shared/VectorArchive.h
Note: including file:       C:\integration-current-v1\workspace\repo\src\external\ours\library\archive\include\Archive/Archive.h
Note: including file:       C:\integration-current-v1\workspace\repo\src\external\ours\library\archive\include\Archive/ByteStream.h
Note: including file:       C:\integration-current-v1\workspace\repo\src\engine\shared\library\sharedMath\include\public\sharedMath/Vector.h
Note: including file:     C:\integration-current-v1\workspace\repo\src\engine\shared\library\sharedObject\include\public\sharedObject/CachedNetworkId.h
Note: including file:      c:\integration-current-v1\workspace\repo\src\engine\shared\library\sharedobject\include\public\sharedobject\../../../src/shared/object/CachedNetworkId.h
Note: including file:       C:\integration-current-v1\workspace\repo\src\engine\client\library\clientAnimation\include\public\../../../../../../engine/shared/library/sharedFoundation/include/public/sharedFoundation/NetworkId.h
Note: including file:       C:\integration-current-v1\workspace\repo\src\engine\client\library\clientAnimation\include\public\../../../../../../engine/shared/library/sharedFoundation/include/public/sharedFoundation/Watcher.h
Note: including file:       C:\integration-current-v1\workspace\repo\src\engine\shared\library\sharedObject\include\public\sharedObject/Object.h
Note: including file:     C:\integration-current-v1\workspace\repo\src\engine\shared\library\sharedObject\include\public\sharedObject/CachedNetworkIdArchive.h
Note: including file:      c:\integration-current-v1\workspace\repo\src\engine\shared\library\sharedobject\include\public\sharedobject\../../../src/shared/object/CachedNetworkIdArchive.h
Note: including file:       C:\integration-current-v1\workspace\repo\src\external\ours\library\archive\include\Archive/ByteStream.h
Note: including file:       C:\integration-current-v1\workspace\repo\src\engine\shared\library\sharedObject\include\public\sharedObject/CachedNetworkId.h
Note: including file:     C:\integration-current-v1\workspace\repo\src\engine\shared\library\sharedUtility\include\public\sharedUtility/CallbackReceiver.h
Note: including file:      c:\integration-current-v1\workspace\repo\src\engine\shared\library\sharedutility\include\public\sharedutility\../../../src/shared/CallbackReceiver.h
Note: including file:   C:\integration-current-v1\workspace\repo\src\engine\client\library\clientObject\include\public\clientObject/ShadowBlobObject.h
Note: including file:    C:\integration-current-v1\workspace\repo\src\engine\client\library\clientObject\include\public\../../src/shared/object/ShadowBlobObject.h
Note: including file:     C:\integration-current-v1\workspace\repo\src\engine\shared\library\sharedObject\include\public\sharedObject/Object.h
Note: including file:   C:\integration-current-v1\workspace\repo\src\engine\client\library\clientAnimation\include\public\../../../../../../engine/shared/library/sharedFoundation/include/public/sharedFoundation/Timer.h
Note: including file:   C:\integration-current-v1\workspace\repo\src\engine\shared\library\sharedGame\include\public\sharedGame/Buff.h
Note: including file:    c:\integration-current-v1\workspace\repo\src\engine\shared\library\sharedgame\include\public\sharedgame\../../../src/shared/object/Buff.h
Note: including file:     C:\integration-current-v1\workspace\repo\src\engine\client\library\clientAnimation\include\public\../../../../../../engine/shared/library/sharedFoundation/include/public/sharedFoundation/NetworkId.h
Note: including file:   C:\integration-current-v1\workspace\repo\src\engine\shared\library\sharedGame\include\public\sharedGame/CraftingDataArchive.h
Note: including file:    c:\integration-current-v1\workspace\repo\src\engine\shared\library\sharedgame\include\public\sharedgame\../../../src/shared/core/CraftingDataArchive.h
Note: including file:     C:\integration-current-v1\workspace\repo\src\engine\shared\library\sharedGame\include\public\sharedGame/CraftingData.h
Note: including file:      c:\integration-current-v1\workspace\repo\src\engine\shared\library\sharedgame\include\public\sharedgame\../../../src/shared/core/CraftingData.h
Note: including file:       C:\integration-current-v1\workspace\repo\src\engine\client\library\clientAnimation\include\public\../../../../../../engine/shared/library/sharedFoundation/include/public/sharedFoundation/NetworkId.h
Note: including file:       C:\integration-current-v1\workspace\repo\src\external\3rd\library\boost\boost/smart_ptr.hpp
Note: including file:        C:\integration-current-v1\workspace\repo\src\external\3rd\library\boost\boost/config.hpp
Note: including file:        C:\integration-current-v1\workspace\repo\src\external\3rd\library\stlport453\stlport\algorithm
Note: including file:         C:\integration-current-v1\workspace\repo\src\external\3rd\library\stlport453\stlport\stl/_prolog.h
Note: including file:          C:\integration-current-v1\workspace\repo\src\external\3rd\library\stlport453\stlport\config/_prolog.h
Note: including file:           C:\integration-current-v1\workspace\repo\src\external\3rd\library\stlport453\stlport\config/_msvc_warnings_off.h
Note: including file:         C:\integration-current-v1\workspace\repo\src\external\3rd\library\stlport453\stlport\stl/_algo.h
Note: including file:          C:\integration-current-v1\workspace\repo\src\external\3rd\library\stlport453\stlport\stl/_algo.c
Note: including file:         C:\integration-current-v1\workspace\repo\src\external\3rd\library\stlport453\stlport\stl/_epilog.h
Note: including file:          C:\integration-current-v1\workspace\repo\src\external\3rd\library\stlport453\stlport\config/_epilog.h
Note: including file:          C:\integration-current-v1\workspace\repo\src\external\3rd\library\stlport453\stlport\stl/_config_compat_post.h
Note: including file:        C:\integration-current-v1\workspace\repo\src\external\3rd\library\boost\boost/utility.hpp
Note: including file:         C:\integration-current-v1\workspace\repo\src\external\3rd\library\boost\boost/static_assert.hpp
Note: including file:        C:\integration-current-v1\workspace\repo\src\external\3rd\library\stlport453\stlport\functional
Note: including file:         C:\integration-current-v1\workspace\repo\src\external\3rd\library\stlport453\stlport\stl/_prolog.h
Note: including file:          C:\integration-current-v1\workspace\repo\src\external\3rd\library\stlport453\stlport\config/_prolog.h
Note: including file:           C:\integration-current-v1\workspace\repo\src\external\3rd\library\stlport453\stlport\config/_msvc_warnings_off.h
Note: including file:         C:\integration-current-v1\workspace\repo\src\external\3rd\library\stlport453\stlport\stl/_epilog.h
Note: including file:          C:\integration-current-v1\workspace\repo\src\external\3rd\library\stlport453\stlport\config/_epilog.h
Note: including file:          C:\integration-current-v1\workspace\repo\src\external\3rd\library\stlport453\stlport\stl/_config_compat_post.h
Note: including file:       C:\integration-current-v1\workspace\repo\src\external\ours\library\localization\include\StringId.h
Note: including file:     C:\integration-current-v1\workspace\repo\src\external\ours\library\archive\include\Archive/AutoByteStream.h
Note: including file:   C:\integration-current-v1\workspace\repo\src\engine\shared\library\sharedGame\include\public\sharedGame/ShipChassisSlotType.h
Note: including file:    c:\integration-current-v1\workspace\repo\src\engine\shared\library\sharedgame\include\public\sharedgame\../../../src/shared/space/ShipChassisSlotType.h
Note: including file:   C:\integration-current-v1\workspace\repo\src\engine\shared\library\sharedGame\include\public\sharedGame/WearableEntry.h
Note: including file:    c:\integration-current-v1\workspace\repo\src\engine\shared\library\sharedgame\include\public\sharedgame\../../../src/shared/core/WearableEntry.h
Note: including file:     C:\integration-current-v1\workspace\repo\src\external\ours\library\archive\include\Archive/AutoByteStream.h
Note: including file:     C:\integration-current-v1\workspace\repo\src\engine\client\library\clientAnimation\include\public\../../../../../../engine/shared/library/sharedFoundation/include/public/sharedFoundation/NetworkId.h
Note: including file:     C:\integration-current-v1\workspace\repo\src\engine\shared\library\sharedNetworkMessages\include\public\sharedNetworkMessages/BaselinesMessage.h
Note: including file:      C:\integration-current-v1\workspace\repo\src\engine\shared\library\sharedNetworkMessages\include\public\../../src/shared/common/BaselinesMessage.h
Note: including file:       C:\integration-current-v1\workspace\repo\src\external\ours\library\archive\include\Archive/AutoDeltaByteStream.h
Note: including file:       C:\integration-current-v1\workspace\repo\src\engine\shared\library\sharedNetworkMessages\include\public\sharedNetworkMessages/GameNetworkMessage.h
Note: including file:        C:\integration-current-v1\workspace\repo\src\engine\shared\library\sharedNetworkMessages\include\public\../../src/shared/common/GameNetworkMessage.h
Note: including file:         C:\integration-current-v1\workspace\repo\src\external\ours\library\archive\include\Archive/AutoByteStream.h
Note: including file:         C:\integration-current-v1\workspace\repo\src\engine\shared\library\sharedMessageDispatch\include\public\sharedMessageDispatch/Message.h
Note: including file:          C:\integration-current-v1\workspace\repo\src\engine\shared\library\sharedMessageDispatch\include\public\../../src/shared/Message.h
Note: including file:       C:\integration-current-v1\workspace\repo\src\engine\client\library\clientAnimation\include\public\../../../../../../engine/shared/library/sharedFoundation/include/public/sharedFoundation/Tag.h
Note: including file:       C:\integration-current-v1\workspace\repo\src\engine\client\library\clientAnimation\include\public\../../../../../../engine/shared/library/sharedFoundation/include/public/sharedFoundation/NetworkId.h
Note: including file:   C:\integration-current-v1\workspace\repo\src\engine\shared\library\sharedMathArchive\include\public\sharedMathArchive/VectorArchive.h
Note: including file:   C:\integration-current-v1\workspace\repo\src\engine\shared\library\sharedSkillSystem\include\public\sharedSkillSystem/SkillObjectArchive.h
Note: including file:    C:\integration-current-v1\workspace\repo\src\engine\shared\library\sharedSkillSystem\include\public\../../src/shared/SkillObjectArchive.h
Note: including file:     C:\integration-current-v1\workspace\repo\src\external\ours\library\archive\include\Archive/ByteStream.h
Note: including file:   C:\integration-current-v1\workspace\repo\src\game\shared\library\swgSharedUtility\include\public\swgSharedUtility/Attributes.def
Note: including file:    C:\integration-current-v1\workspace\repo\src\game\shared\library\swgSharedUtility\include\public\../../src/shared/Attributes.def
Note: including file:   C:\integration-current-v1\workspace\repo\src\game\shared\library\swgSharedUtility\include\public\swgSharedUtility/Locomotions.def
Note: including file: C:\integration-current-v1\workspace\repo\src\engine\client\library\clientGame\include\public\clientGame/DebugPortalCamera.h
Note: including file:  C:\integration-current-v1\workspace\repo\src\engine\client\library\clientGame\include\public\../../src/shared/camera/DebugPortalCamera.h
Note: including file:   C:\integration-current-v1\workspace\repo\src\engine\client\library\clientObject\include\public\clientObject/GameCamera.h
Note: including file:    C:\integration-current-v1\workspace\repo\src\engine\client\library\clientObject\include\public\../../src/shared/camera/GameCamera.h
Note: including file:     C:\integration-current-v1\workspace\repo\src\engine\client\library\clientGraphics\include\public\clientGraphics/RenderWorldCamera.h
Note: including file:      C:\integration-current-v1\workspace\repo\src\engine\client\library\clientGraphics\include\public\../../src/shared/RenderWorldCamera.h
Note: including file:       C:\integration-current-v1\workspace\repo\src\engine\client\library\clientGraphics\include\public\clientGraphics/Camera.h
Note: including file:        c:\integration-current-v1\workspace\repo\src\engine\client\library\clientgraphics\src\shared\../../src/shared/Camera.h
Note: including file:         C:\integration-current-v1\workspace\repo\src\engine\shared\library\sharedObject\include\public\sharedObject/Object.h
Note: including file:         C:\integration-current-v1\workspace\repo\src\engine\shared\library\sharedObject\include\public\sharedObject/ObjectList.h
Note: including file:          c:\integration-current-v1\workspace\repo\src\engine\shared\library\sharedobject\include\public\sharedobject\../../../src/shared/object/ObjectList.h
Note: including file:         C:\integration-current-v1\workspace\repo\src\engine\shared\library\sharedMath\include\public\sharedMath/Volume.h
Note: including file:          C:\integration-current-v1\workspace\repo\src\engine\shared\library\sharedMath\include\public\../../src/shared/Volume.h
Note: including file:         C:\integration-current-v1\workspace\repo\src\engine\shared\library\sharedMath\include\public\sharedMath/PackedArgb.h
Note: including file:          C:\integration-current-v1\workspace\repo\src\engine\shared\library\sharedMath\include\public\../../src/shared/PackedArgb.h
Note: including file:         C:\integration-current-v1\workspace\repo\src\engine\client\library\clientGraphics\include\public\clientGraphics/Graphics.def
Note: including file:          c:\integration-current-v1\workspace\repo\src\engine\client\library\clientgraphics\src\shared\../../src/win32/Graphics.def
Note: including file:     C:\integration-current-v1\workspace\repo\src\engine\client\library\clientAnimation\include\public\../../../../../../engine/shared/library/sharedFoundation/include/public/sharedFoundation/Timer.h
Note: including file:     C:\integration-current-v1\workspace\repo\src\engine\shared\library\sharedMath\include\public\sharedMath/VectorArgb.h
Note: including file:      C:\integration-current-v1\workspace\repo\src\engine\shared\library\sharedMath\include\public\../../src/shared/VectorArgb.h
Note: including file:   C:\integration-current-v1\workspace\repo\src\engine\client\library\clientAnimation\include\public\../../../../../../engine/shared/library/sharedFoundation/include/public/sharedFoundation/Watcher.h
Note: including file: C:\integration-current-v1\workspace\repo\src\engine\client\library\clientGame\include\public\clientGame/DynamicDebrisObject.h
Note: including file:  C:\integration-current-v1\workspace\repo\src\engine\client\library\clientGame\include\public\../../src/shared/object/DynamicDebrisObject.h
Note: including file:   C:\integration-current-v1\workspace\repo\src\engine\client\library\clientAnimation\include\public\../../../../../../engine/shared/library/sharedFoundation/include/public/sharedFoundation/MemoryBlockManagerMacros.h
Note: including file:    c:\integration-current-v1\workspace\repo\src\engine\shared\library\sharedfoundation\include\public\sharedfoundation\../../../src/shared/MemoryBlockManagerMacros.h
Note: including file:   C:\integration-current-v1\workspace\repo\src\engine\shared\library\sharedObject\include\public\sharedObject/Object.h
Note: including file: C:\integration-current-v1\workspace\repo\src\engine\client\library\clientGame\include\public\clientGame/FollowCreatureController.h
Note: including file:  C:\integration-current-v1\workspace\repo\src\engine\client\library\clientGame\include\public\../../src/shared/deadReckoning/FollowCreatureController.h
Note: including file:   C:\integration-current-v1\workspace\repo\src\engine\client\library\clientGame\include\public\clientGame/RemoteCreatureController.h
Note: including file:    C:\integration-current-v1\workspace\repo\src\engine\client\library\clientGame\include\public\../../src/shared/controller/RemoteCreatureController.h
Note: including file:     C:\integration-current-v1\workspace\repo\src\engine\client\library\clientGame\include\public\clientGame/CreatureController.h
Note: including file:      C:\integration-current-v1\workspace\repo\src\engine\client\library\clientGame\include\public\../../src/shared/controller/CreatureController.h
Note: including file:       C:\integration-current-v1\workspace\repo\src\engine\client\library\clientGame\include\public\clientGame/ClientController.h
Note: including file:       C:\integration-current-v1\workspace\repo\src\engine\shared\library\sharedMath\include\public\sharedMath/Vector.h
Note: including file:     C:\integration-current-v1\workspace\repo\src\engine\client\library\clientAnimation\include\public\../../../../../../engine/shared/library/sharedFoundation/include/public/sharedFoundation/Timer.h
Note: including file:     C:\integration-current-v1\workspace\repo\src\engine\client\library\clientAnimation\include\public\../../../../../../engine/shared/library/sharedFoundation/include/public/sharedFoundation/Watcher.h
Note: including file:   C:\integration-current-v1\workspace\repo\src\engine\client\library\clientAnimation\include\public\../../../../../../engine/shared/library/sharedFoundation/include/public/sharedFoundation/Timer.h
Note: including file:   C:\integration-current-v1\workspace\repo\src\engine\client\library\clientAnimation\include\public\../../../../../../engine/shared/library/sharedFoundation/include/public/sharedFoundation/Watcher.h
Note: including file: C:\integration-current-v1\workspace\repo\src\engine\client\library\clientGame\include\public\clientGame/FormManagerClient.h
Note: including file:  C:\integration-current-v1\workspace\repo\src\engine\client\library\clientGame\include\public\../../src/shared/core/FormManagerClient.h
Note: including file:   C:\integration-current-v1\workspace\repo\src\engine\shared\library\sharedGame\include\public\sharedGame/FormManager.h
Note: including file:    c:\integration-current-v1\workspace\repo\src\engine\shared\library\sharedgame\include\public\sharedgame\../../../src/shared/core/FormManager.h
Note: including file: C:\integration-current-v1\workspace\repo\src\engine\client\library\clientGame\include\public\clientGame/FreeCamera.h
Note: including file:  C:\integration-current-v1\workspace\repo\src\engine\client\library\clientGame\include\public\../../src/shared/camera/FreeCamera.h
Note: including file:   C:\integration-current-v1\workspace\repo\src\engine\client\library\clientObject\include\public\clientObject/GameCamera.h
Note: including file:   C:\integration-current-v1\workspace\repo\src\engine\client\library\clientAnimation\include\public\../../../../../../engine/shared/library/sharedFoundation/include/public/sharedFoundation/Watcher.h
Note: including file: C:\integration-current-v1\workspace\repo\src\engine\client\library\clientGame\include\public\clientGame/Game.h
Note: including file:  C:\integration-current-v1\workspace\repo\src\engine\client\library\clientGame\include\public\../../src/shared/core/Game.h
Note: including file: C:\integration-current-v1\workspace\repo\src\engine\client\library\clientGame\include\public\clientGame/GameNetwork.h
Note: including file:  C:\integration-current-v1\workspace\repo\src\engine\client\library\clientGame\include\public\../../src/shared/network/GameNetwork.h
Note: including file:   C:\integration-current-v1\workspace\repo\src\engine\client\library\clientAnimation\include\public\../../../../../../engine/shared/library/sharedFoundation/include/public/sharedFoundation/NetworkId.h
Note: including file:   C:\integration-current-v1\workspace\repo\src\engine\client\library\clientAnimation\include\public\../../../../../../engine/shared/library/sharedFoundation/include/public/sharedFoundation/StationId.h
Note: including file:    c:\integration-current-v1\workspace\repo\src\engine\shared\library\sharedfoundation\include\public\sharedfoundation\../../../src/shared/StationId.h
Note: including file: C:\integration-current-v1\workspace\repo\src\engine\client\library\clientGame\include\public\clientGame/GroundScene.h
Note: including file:  C:\integration-current-v1\workspace\repo\src\engine\client\library\clientGame\include\public\../../src/shared/scene/GroundScene.h
Note: including file:   C:\integration-current-v1\workspace\repo\src\engine\client\library\clientGame\include\public\clientGame/NetworkScene.h
Note: including file:    C:\integration-current-v1\workspace\repo\src\engine\client\library\clientGame\include\public\../../src/shared/network/NetworkScene.h
Note: including file:     C:\integration-current-v1\workspace\repo\src\engine\shared\library\sharedMessageDispatch\include\public\sharedMessageDispatch/Receiver.h
Note: including file:     C:\integration-current-v1\workspace\repo\src\engine\client\library\clientGame\include\public\clientGame/Scene.h
Note: including file:      C:\integration-current-v1\workspace\repo\src\engine\client\library\clientGame\include\public\../../src/shared/scene/Scene.h
Note: including file:       C:\integration-current-v1\workspace\repo\src\engine\shared\library\sharedIoWin\include\public\sharedIoWin/IoWin.h
Note: including file:        C:\integration-current-v1\workspace\repo\src\engine\shared\library\sharedIoWin\include\public\../../src/shared/IoWin.h
Note: including file:         C:\integration-current-v1\workspace\repo\src\engine\shared\library\sharedIoWin\include\public\sharedIoWin/IoWin.def
Note: including file:          c:\integration-current-v1\workspace\repo\src\engine\shared\library\sharediowin\src\shared\../../src/shared/IoWin.def
Note: including file:   C:\integration-current-v1\workspace\repo\src\engine\client\library\clientAnimation\include\public\../../../../../../engine/shared/library/sharedFoundation/include/public/sharedFoundation/Timer.h
Note: including file:   C:\integration-current-v1\workspace\repo\src\engine\client\library\clientAnimation\include\public\../../../../../../engine/shared/library/sharedFoundation/include/public/sharedFoundation/NetworkId.h
Note: including file:   C:\integration-current-v1\workspace\repo\src\engine\shared\library\sharedMath\include\public\sharedMath/PackedArgb.h
Note: including file:   C:\integration-current-v1\workspace\repo\src\engine\shared\library\sharedMath\include\public\sharedMath/Vector.h
Note: including file: C:\integration-current-v1\workspace\repo\src\engine\client\library\clientGame\include\public\clientGame/PlayerCreatureController.h
Note: including file:  C:\integration-current-v1\workspace\repo\src\engine\client\library\clientGame\include\public\../../src/shared/controller/PlayerCreatureController.h
Note: including file:   C:\integration-current-v1\workspace\repo\src\engine\client\library\clientGame\include\public\clientGame/CreatureController.h
Note: including file:   C:\integration-current-v1\workspace\repo\src\engine\client\library\clientAnimation\include\public\../../../../../../engine/shared/library/sharedFoundation/include/public/sharedFoundation/NetworkId.h
Note: including file:   C:\integration-current-v1\workspace\repo\src\engine\client\library\clientAnimation\include\public\../../../../../../engine/shared/library/sharedFoundation/include/public/sharedFoundation/Timer.h
Note: including file:   C:\integration-current-v1\workspace\repo\src\engine\client\library\clientAnimation\include\public\../../../../../../engine/shared/library/sharedFoundation/include/public/sharedFoundation/Watcher.h
Note: including file:   C:\integration-current-v1\workspace\repo\src\engine\shared\library\sharedObject\include\public\sharedObject/Object.h
Note: including file: C:\integration-current-v1\workspace\repo\src\engine\client\library\clientGame\include\public\clientGame/PlayerObject.h
Note: including file:  C:\integration-current-v1\workspace\repo\src\engine\client\library\clientGame\include\public\../../src/shared/object/PlayerObject.h
Note: including file:   C:\integration-current-v1\workspace\repo\src\external\ours\library\archive\include\archive/AutoDeltaMap.h
Note: including file:   C:\integration-current-v1\workspace\repo\src\external\ours\library\archive\include\archive/AutoDeltaPackedMap.h
Note: including file:    c:\integration-current-v1\workspace\repo\src\external\ours\library\archive\include\archive\../../src/shared/AutoDeltaPackedMap.h
Note: including file:     C:\integration-current-v1\workspace\repo\src\external\ours\library\archive\include\Archive/AutoDeltaMap.h
Note: including file:     C:\integration-current-v1\workspace\repo\src\external\3rd\library\stlport453\stlport\stdio.h
Note: including file:      C:\integration-current-v1\workspace\repo\src\external\3rd\library\stlport453\stlport\stl/_prolog.h
Note: including file:       C:\integration-current-v1\workspace\repo\src\external\3rd\library\stlport453\stlport\config/_prolog.h
Note: including file:        C:\integration-current-v1\workspace\repo\src\external\3rd\library\stlport453\stlport\config/_msvc_warnings_off.h
Note: including file:      C:\integration-current-v1\workspace\repo\src\external\3rd\library\stlport453\stlport\stl/_epilog.h
Note: including file:       C:\integration-current-v1\workspace\repo\src\external\3rd\library\stlport453\stlport\config/_epilog.h
Note: including file:       C:\integration-current-v1\workspace\repo\src\external\3rd\library\stlport453\stlport\stl/_config_compat_post.h
Note: including file:   C:\integration-current-v1\workspace\repo\src\external\ours\library\archive\include\archive/AutoDeltaSet.h
Note: including file:   C:\integration-current-v1\workspace\repo\src\external\ours\library\archive\include\archive/AutoDeltaVector.h
Note: including file:   C:\integration-current-v1\workspace\repo\src\engine\client\library\clientGame\include\public\clientGame/IntangibleObject.h
Note: including file:    C:\integration-current-v1\workspace\repo\src\engine\client\library\clientGame\include\public\../../src/shared/object/IntangibleObject.h
Note: including file:     C:\integration-current-v1\workspace\repo\src\engine\client\library\clientGame\include\public\clientGame/ClientObject.h
Note: including file:   C:\integration-current-v1\workspace\repo\src\engine\client\library\clientAnimation\include\public\../../../../../../engine/shared/library/sharedFoundation/include/public/sharedFoundation/BitArray.h
Note: including file:    c:\integration-current-v1\workspace\repo\src\engine\shared\library\sharedfoundation\include\public\sharedfoundation\../../../src/shared/BitArray.h
Note: including file:   C:\integration-current-v1\workspace\repo\src\engine\client\library\clientAnimation\include\public\../../../../../../engine/shared/library/sharedFoundation/include/public/sharedFoundation/NetworkIdArchive.h
Note: including file:   C:\integration-current-v1\workspace\repo\src\engine\client\library\clientAnimation\include\public\../../../../../../engine/shared/library/sharedFoundation/include/public/sharedFoundation/Production.h
Note: including file:    c:\integration-current-v1\workspace\repo\src\engine\shared\library\sharedfoundation\include\public\sharedfoundation\../../../src/shared/Production.h
Note: including file:   C:\integration-current-v1\workspace\repo\src\engine\shared\library\sharedGame\include\public\sharedGame/CollectionsDataTable.h
Note: including file:    c:\integration-current-v1\workspace\repo\src\engine\shared\library\sharedgame\include\public\sharedgame\../../../src/shared/core/CollectionsDataTable.h
Note: including file:     C:\integration-current-v1\workspace\repo\src\engine\client\library\clientAnimation\include\public\../../../../../../engine/shared/library/sharedFoundation/include/public/sharedFoundation/NetworkId.h
Note: including file:   C:\integration-current-v1\workspace\repo\src\engine\shared\library\sharedGame\include\public\sharedGame/CraftingDataArchive.h
Note: including file:   C:\integration-current-v1\workspace\repo\src\engine\shared\library\sharedGame\include\public\sharedGame/MatchMakingId.h
Note: including file:    c:\integration-current-v1\workspace\repo\src\engine\shared\library\sharedgame\include\public\sharedgame\../../../src/shared/object/MatchMakingId.h
Note: including file:     C:\integration-current-v1\workspace\repo\src\external\ours\library\archive\include\Archive/AutoByteStream.h
Note: including file:   C:\integration-current-v1\workspace\repo\src\engine\shared\library\sharedGame\include\public\sharedGame/PlayerData.h
Note: including file:    c:\integration-current-v1\workspace\repo\src\engine\shared\library\sharedgame\include\public\sharedgame\../../../src/shared/core/PlayerData.h
Note: including file:   C:\integration-current-v1\workspace\repo\src\engine\shared\library\sharedGame\include\public\sharedGame/PlayerQuestData.h
Note: including file:    c:\integration-current-v1\workspace\repo\src\engine\shared\library\sharedgame\include\public\sharedgame\../../../src/shared/quest/PlayerQuestData.h
Note: including file:     C:\integration-current-v1\workspace\repo\src\engine\client\library\clientAnimation\include\public\../../../../../../engine/shared/library/sharedFoundation/include/public/sharedFoundation/NetworkId.h
Note: including file:   C:\integration-current-v1\workspace\repo\src\engine\shared\library\sharedObject\include\public\sharedObject/CachedNetworkId.h
Note: including file:   C:\integration-current-v1\workspace\repo\src\engine\shared\library\sharedObject\include\public\sharedObject/CachedNetworkIdArchive.h
Note: including file: C:\integration-current-v1\workspace\repo\src\engine\client\library\clientGame\include\public\clientGame/RemoteCreatureController.h
Note: including file: C:\integration-current-v1\workspace\repo\src\engine\client\library\clientGame\include\public\clientGame/ShipObject.h
Note: including file:  C:\integration-current-v1\workspace\repo\src\engine\client\library\clientGame\include\public\../../src/shared/object/ShipObject.h
Note: including file:   C:\integration-current-v1\workspace\repo\src\external\ours\library\archive\include\archive/AutoDeltaMap.h
Note: including file:   C:\integration-current-v1\workspace\repo\src\external\ours\library\archive\include\archive/AutoDeltaPackedMap.h
Note: including file:   C:\integration-current-v1\workspace\repo\src\engine\client\library\clientGame\include\public\clientGame/CreatureObject.h
Note: including file:   C:\integration-current-v1\workspace\repo\src\engine\client\library\clientGame\include\public\clientGame/TangibleObject.h
Note: including file:   C:\integration-current-v1\workspace\repo\src\engine\client\library\clientGame\include\public\clientGame/ShipWeaponStatus.h
Note: including file:    C:\integration-current-v1\workspace\repo\src\engine\client\library\clientGame\include\public\../../src/shared/space/ShipWeaponStatus.h
Note: including file:     C:\integration-current-v1\workspace\repo\src\engine\client\library\clientAnimation\include\public\../../../../../../engine/shared/library/sharedFoundation/include/public/sharedFoundation/Timer.h
Note: including file:     C:\integration-current-v1\workspace\repo\src\engine\shared\library\sharedObject\include\public\sharedObject/CachedNetworkId.h
Note: including file:     C:\integration-current-v1\workspace\repo\src\engine\shared\library\sharedMath\include\public\sharedMath/Vector.h
Note: including file:   C:\integration-current-v1\workspace\repo\src\engine\client\library\clientAnimation\include\public\../../../../../../engine/shared/library/sharedFoundation/include/public/sharedFoundation/BitArray.h
Note: including file:   C:\integration-current-v1\workspace\repo\src\engine\shared\library\sharedGame\include\public\sharedGame/ShipChassisSlotType.h
Note: including file: C:\integration-current-v1\workspace\repo\src\engine\client\library\clientGame\include\public\clientGame/ShipStation.h
Note: including file:  C:\integration-current-v1\workspace\repo\src\engine\client\library\clientGame\include\public\../../src/shared/space/ShipStation.h
Note: including file: C:\integration-current-v1\workspace\repo\src\engine\client\library\clientGame\include\public\clientGame/VehicleHoverDynamicsClient.h
Note: including file:  C:\integration-current-v1\workspace\repo\src\engine\client\library\clientGame\include\public\../../src/shared/object/VehicleHoverDynamicsClient.h
Note: including file:   C:\integration-current-v1\workspace\repo\src\engine\shared\library\sharedGame\include\public\sharedGame/VehicleHoverDynamics.h
Note: including file:    c:\integration-current-v1\workspace\repo\src\engine\shared\library\sharedgame\include\public\sharedgame\../../../src/shared/object/VehicleHoverDynamics.h
Note: including file:     C:\integration-current-v1\workspace\repo\src\engine\shared\library\sharedObject\include\public\sharedObject/Dynamics.h
Note: including file:      c:\integration-current-v1\workspace\repo\src\engine\shared\library\sharedobject\include\public\sharedobject\../../../src/shared/dynamics/Dynamics.h
Note: including file:     C:\integration-current-v1\workspace\repo\src\engine\shared\library\sharedMath\include\public\sharedMath/Vector.h
Note: including file:     C:\integration-current-v1\workspace\repo\src\engine\shared\library\sharedMath\include\public\sharedMath/Transform.h
Note: including file:   C:\integration-current-v1\workspace\repo\src\engine\client\library\clientAudio\include\public\clientAudio/SoundId.h
Note: including file:    C:\integration-current-v1\workspace\repo\src\engine\client\library\clientAudio\include\public\../../src/win32/SoundId.h
Note: including file:     c:\integration-current-v1\workspace\repo\src\engine\client\library\clientaudio\src\win32\../../../../../../engine/shared/library/sharedFoundation/include/public/sharedFoundation/TemporaryCrcString.h
Note: including file:   C:\integration-current-v1\workspace\repo\src\engine\client\library\clientAnimation\include\public\../../../../../../engine/shared/library/sharedFoundation/include/public/sharedFoundation/Watcher.h
Note: including file:   C:\integration-current-v1\workspace\repo\src\engine\client\library\clientAnimation\include\public\../../../../../../engine/shared/library/sharedFoundation/include/public/sharedFoundation/TemporaryCrcString.h
Note: including file: C:\integration-current-v1\workspace\repo\src\engine\client\library\clientGame\include\public\clientGame/WanderCreatureController.h
Note: including file:  C:\integration-current-v1\workspace\repo\src\engine\client\library\clientGame\include\public\../../src/shared/deadReckoning/WanderCreatureController.h
Note: including file:   C:\integration-current-v1\workspace\repo\src\engine\client\library\clientGame\include\public\clientGame/RemoteCreatureController.h
Note: including file:   C:\integration-current-v1\workspace\repo\src\engine\client\library\clientAnimation\include\public\../../../../../../engine/shared/library/sharedFoundation/include/public/sharedFoundation/Timer.h
Note: including file: C:\integration-current-v1\workspace\repo\src\engine\client\library\clientGame\include\public\clientGame/WorldSnapshot.h
Note: including file:  C:\integration-current-v1\workspace\repo\src\engine\client\library\clientGame\include\public\../../src/shared/core/WorldSnapshot.h
Note: including file: C:\integration-current-v1\workspace\repo\src\engine\client\library\clientGraphics\include\public\clientGraphics/RenderWorld.h
Note: including file:  C:\integration-current-v1\workspace\repo\src\engine\client\library\clientGraphics\include\public\../../src/shared/RenderWorld.h
Note: including file: C:\integration-current-v1\workspace\repo\src\engine\client\library\clientObject\include\public\clientObject/DynamicMeshAppearance.h
Note: including file:  C:\integration-current-v1\workspace\repo\src\engine\client\library\clientObject\include\public\../../src/shared/appearance/DynamicMeshAppearance.h
Note: including file:   C:\integration-current-v1\workspace\repo\src\engine\shared\library\sharedCollision\include\public\sharedCollision/BoxExtent.h
Note: including file:    C:\integration-current-v1\workspace\repo\src\engine\shared\library\sharedCollision\include\public\../../src/shared/extent/BoxExtent.h
Note: including file:     C:\integration-current-v1\workspace\repo\src\engine\shared\library\sharedCollision\include\public\sharedCollision/Extent.h
Note: including file:      C:\integration-current-v1\workspace\repo\src\engine\shared\library\sharedCollision\include\public\../../src/shared/extent/Extent.h
Note: including file:       C:\integration-current-v1\workspace\repo\src\engine\shared\library\sharedMath\include\public\sharedMath/Sphere.h
Note: including file:        C:\integration-current-v1\workspace\repo\src\engine\shared\library\sharedMath\include\public\../../src/shared/Sphere.h
Note: including file:         C:\integration-current-v1\workspace\repo\src\engine\shared\library\sharedMath\include\public\sharedMath/Vector.h
Note: including file:       C:\integration-current-v1\workspace\repo\src\engine\shared\library\sharedCollision\include\public\sharedCollision/BaseExtent.h
Note: including file:        C:\integration-current-v1\workspace\repo\src\engine\shared\library\sharedCollision\include\public\../../src/shared/extent/BaseExtent.h
Note: including file:         C:\integration-current-v1\workspace\repo\src\engine\shared\library\sharedCollision\include\public\sharedCollision/CollisionEnums.h
Note: including file:          C:\integration-current-v1\workspace\repo\src\engine\shared\library\sharedCollision\include\public\../../src/shared/core/CollisionEnums.h
Note: including file:       C:\integration-current-v1\workspace\repo\src\engine\shared\library\sharedCollision\include\public\sharedCollision/CollisionEnums.h
Note: including file:     C:\integration-current-v1\workspace\repo\src\engine\shared\library\sharedMath\include\public\sharedMath/AxialBox.h
Note: including file:      C:\integration-current-v1\workspace\repo\src\engine\shared\library\sharedMath\include\public\../../src/shared/core/AxialBox.h
Note: including file:       C:\integration-current-v1\workspace\repo\src\engine\shared\library\sharedMath\include\public\sharedMath/Vector.h
Note: including file:   C:\integration-current-v1\workspace\repo\src\engine\shared\library\sharedMath\include\public\sharedMath/Sphere.h
Note: including file:   C:\integration-current-v1\workspace\repo\src\engine\shared\library\sharedObject\include\public\sharedObject/Appearance.h
Note: including file:    c:\integration-current-v1\workspace\repo\src\engine\shared\library\sharedobject\include\public\sharedobject\../../../src/shared/appearance/Appearance.h
Note: including file:     C:\integration-current-v1\workspace\repo\src\engine\client\library\clientAnimation\include\public\../../../../../../engine/shared/library/sharedFoundation/include/public/sharedFoundation/LabelHash.h
Note: including file:      c:\integration-current-v1\workspace\repo\src\engine\shared\library\sharedfoundation\include\public\sharedfoundation\../../../src/shared/LabelHash.h
Note: including file:     C:\integration-current-v1\workspace\repo\src\engine\client\library\clientAnimation\include\public\../../../../../../engine/shared/library/sharedFoundation/include/public/sharedFoundation/Tag.h
Note: including file:     C:\integration-current-v1\workspace\repo\src\engine\client\library\clientAnimation\include\public\../../../../../../engine/shared/library/sharedMath/include/public/sharedMath/Vector.h
Note: including file:     C:\integration-current-v1\workspace\repo\src\engine\client\library\clientAnimation\include\public\../../../../../../engine/shared/library/sharedMath/include/public/sharedMath/Transform.h
Note: including file: C:\integration-current-v1\workspace\repo\src\engine\client\library\clientParticle\include\public\clientParticle/ParticleEffectAppearance.h
Note: including file:  C:\integration-current-v1\workspace\repo\src\engine\client\library\clientParticle\include\public\../../src/shared/ParticleEffectAppearance.h
Note: including file:   C:\integration-current-v1\workspace\repo\src\engine\client\library\clientParticle\include\public\clientParticle/ParticleEffectDescription.h
Note: including file:    c:\integration-current-v1\workspace\repo\src\engine\client\library\clientparticle\src\shared\../../src/shared/ParticleEffectDescription.h
Note: including file:     C:\integration-current-v1\workspace\repo\src\engine\client\library\clientParticle\include\public\clientParticle/ParticleTiming.h
Note: including file:      c:\integration-current-v1\workspace\repo\src\engine\client\library\clientparticle\src\shared\../../src/shared/ParticleTiming.h
Note: including file:       c:\integration-current-v1\workspace\repo\src\engine\client\library\clientparticle\src\shared\../../../../../../engine/shared/library/sharedFoundation/include/public/sharedFoundation/Tag.h
Note: including file:     C:\integration-current-v1\workspace\repo\src\engine\client\library\clientParticle\include\public\clientParticle/ParticleEmitterGroupDescription.h
Note: including file:      c:\integration-current-v1\workspace\repo\src\engine\client\library\clientparticle\src\shared\../../src/shared/ParticleEmitterGroupDescription.h
Note: including file:       C:\integration-current-v1\workspace\repo\src\engine\client\library\clientParticle\include\public\clientParticle/ParticleGenerator.h
Note: including file:        c:\integration-current-v1\workspace\repo\src\engine\client\library\clientparticle\src\shared\../../src/shared/ParticleGenerator.h
Note: including file:         C:\integration-current-v1\workspace\repo\src\engine\shared\library\sharedCollision\include\public\sharedCollision/BoxExtent.h
Note: including file:       C:\integration-current-v1\workspace\repo\src\engine\client\library\clientParticle\include\public\clientParticle/ParticleTiming.h
Note: including file:   C:\integration-current-v1\workspace\repo\src\engine\shared\library\sharedCollision\include\public\sharedCollision/BoxExtent.h
Note: including file:   c:\integration-current-v1\workspace\repo\src\engine\client\library\clientparticle\src\shared\../../../../../../engine/shared/library/sharedFoundation/include/public/sharedFoundation/MemoryBlockManagerMacros.h
Note: including file:   C:\integration-current-v1\workspace\repo\src\engine\shared\library\sharedMath\include\public\sharedMath/VectorArgb.h
Note: including file:   C:\integration-current-v1\workspace\repo\src\engine\shared\library\sharedObject\include\public\sharedObject/Appearance.h
Note: including file: C:\integration-current-v1\workspace\repo\src\engine\client\library\clientSkeletalAnimation\include\public\clientSkeletalAnimation/AnimationTrackId.h
Note: including file:  C:\integration-current-v1\workspace\repo\src\engine\client\library\clientSkeletalAnimation\include\public\../../src/shared/controller/AnimationTrackId.h
Note: including file: C:\integration-current-v1\workspace\repo\src\engine\client\library\clientSkeletalAnimation\include\public\clientSkeletalAnimation/BasicMeshGeneratorTemplate.h
Note: including file:  C:\integration-current-v1\workspace\repo\src\engine\client\library\clientSkeletalAnimation\include\public\../../src/shared/appearance/BasicMeshGeneratorTemplate.h
Note: including file:   C:\integration-current-v1\workspace\repo\src\engine\client\library\clientSkeletalAnimation\include\public\clientSkeletalAnimation/MeshGeneratorTemplate.h
Note: including file:    C:\integration-current-v1\workspace\repo\src\engine\client\library\clientSkeletalAnimation\include\public\../../src/shared/appearance/MeshGeneratorTemplate.h
Note: including file:     C:\integration-current-v1\workspace\repo\src\engine\client\library\clientAnimation\include\public\../../../../../../engine/shared/library/sharedFoundation/include/public/sharedFoundation/PersistentCrcString.h
Note: including file: C:\integration-current-v1\workspace\repo\src\engine\client\library\clientSkeletalAnimation\include\public\clientSkeletalAnimation/MeshGenerator.h
Note: including file:  C:\integration-current-v1\workspace\repo\src\engine\client\library\clientSkeletalAnimation\include\public\../../src/shared/appearance/MeshGenerator.h
Note: including file: C:\integration-current-v1\workspace\repo\src\engine\client\library\clientSkeletalAnimation\include\public\clientSkeletalAnimation/MeshGeneratorTemplate.h
Note: including file: C:\integration-current-v1\workspace\repo\src\engine\client\library\clientSkeletalAnimation\include\public\clientSkeletalAnimation/MeshGeneratorTemplateList.h
Note: including file:  C:\integration-current-v1\workspace\repo\src\engine\client\library\clientSkeletalAnimation\include\public\../../src/shared/appearance/MeshGeneratorTemplateList.h
Note: including file:   C:\integration-current-v1\workspace\repo\src\engine\client\library\clientAnimation\include\public\../../../../../../engine/shared/library/sharedFoundation/include/public/sharedFoundation/Tag.h
Note: including file: C:\integration-current-v1\workspace\repo\src\engine\client\library\clientSkeletalAnimation\include\public\clientSkeletalAnimation/SkeletalAnimation.h
Note: including file:  C:\integration-current-v1\workspace\repo\src\engine\client\library\clientSkeletalAnimation\include\public\../../src/shared/animation/SkeletalAnimation.h
Note: including file: C:\integration-current-v1\workspace\repo\src\engine\client\library\clientSkeletalAnimation\include\public\clientSkeletalAnimation/SkeletalAnimationDebugging.h
Note: including file:  C:\integration-current-v1\workspace\repo\src\engine\client\library\clientSkeletalAnimation\include\public\../../src/shared/debug/SkeletalAnimationDebugging.h
Note: including file: C:\integration-current-v1\workspace\repo\src\engine\client\library\clientSkeletalAnimation\include\public\clientSkeletalAnimation/SkeletalAnimationTemplate.h
Note: including file:  C:\integration-current-v1\workspace\repo\src\engine\client\library\clientSkeletalAnimation\include\public\../../src/shared/animation/SkeletalAnimationTemplate.h
Note: including file:   C:\integration-current-v1\workspace\repo\src\engine\client\library\clientAnimation\include\public\../../../../../../engine/shared/library/sharedFoundation/include/public/sharedFoundation/PersistentCrcString.h
Note: including file: C:\integration-current-v1\workspace\repo\src\engine\client\library\clientSkeletalAnimation\include\public\clientSkeletalAnimation/SkeletalAnimationTemplateList.h
Note: including file:  C:\integration-current-v1\workspace\repo\src\engine\client\library\clientSkeletalAnimation\include\public\../../src/shared/animation/SkeletalAnimationTemplateList.h
Note: including file:   C:\integration-current-v1\workspace\repo\src\engine\client\library\clientAnimation\include\public\../../../../../../engine/shared/library/sharedFoundation/include/public/sharedFoundation/Tag.h
Note: including file: C:\integration-current-v1\workspace\repo\src\engine\client\library\clientSkeletalAnimation\include\public\clientSkeletalAnimation/SkeletalAppearance2.h
Note: including file:  C:\integration-current-v1\workspace\repo\src\engine\client\library\clientSkeletalAnimation\include\public\../../src/shared/appearance/SkeletalAppearance2.h
Note: including file:   C:\integration-current-v1\workspace\repo\src\engine\shared\library\sharedCollision\include\public\sharedCollision/BoxExtent.h
Note: including file:   C:\integration-current-v1\workspace\repo\src\engine\client\library\clientAnimation\include\public\../../../../../../engine/shared/library/sharedFoundation/include/public/sharedFoundation/Timer.h
Note: including file:   C:\integration-current-v1\workspace\repo\src\engine\shared\library\sharedObject\include\public\sharedObject/Appearance.h
Note: including file:   C:\integration-current-v1\workspace\repo\src\engine\client\library\clientAnimation\include\public\../../../../../../engine/shared/library/sharedFoundation/include/public/sharedFoundation/MemoryBlockManagerMacros.h
Note: including file:   C:\integration-current-v1\workspace\repo\src\engine\client\library\clientAnimation\include\public\../../../../../../engine/shared/library/sharedFoundation/include/public/sharedFoundation/Watcher.h
Note: including file:   C:\integration-current-v1\workspace\repo\src\engine\client\library\clientAnimation\include\public\../../../../../../engine/shared/library/sharedFoundation/include/public/sharedFoundation/CrcLowerString.h
Note: including file:    c:\integration-current-v1\workspace\repo\src\engine\shared\library\sharedfoundation\include\public\sharedfoundation\../../../src/shared/CrcLowerString.h
Note: including file:     c:\integration-current-v1\workspace\repo\src\engine\shared\library\sharedfoundation\src\shared\../../../../../../engine/shared/library/sharedFoundation/include/public/sharedFoundation/MemoryBlockManagerMacros.h
Note: including file:     c:\integration-current-v1\workspace\repo\src\engine\shared\library\sharedfoundation\src\shared\../../../../../../engine/shared/library/sharedFoundation/include/public/sharedFoundation/PersistentCrcString.h
Note: including file: C:\integration-current-v1\workspace\repo\src\engine\client\library\clientSkeletalAnimation\include\public\clientSkeletalAnimation/Skeleton.h
Note: including file:  C:\integration-current-v1\workspace\repo\src\engine\client\library\clientSkeletalAnimation\include\public\../../src/shared/appearance/Skeleton.h
Note: including file:   C:\integration-current-v1\workspace\repo\src\engine\client\library\clientAnimation\include\public\../../../../../../engine/shared/library/sharedFoundation/include/public/sharedFoundation/MemoryBlockManagerMacros.h
Note: including file: C:\integration-current-v1\workspace\repo\src\engine\client\library\clientSkeletalAnimation\include\public\clientSkeletalAnimation/StateHierarchyAnimationController.h
Note: including file:  C:\integration-current-v1\workspace\repo\src\engine\client\library\clientSkeletalAnimation\include\public\../../src/shared/controller/StateHierarchyAnimationController.h
Note: including file:   C:\integration-current-v1\workspace\repo\src\engine\client\library\clientSkeletalAnimation\include\public\clientSkeletalAnimation/TransformAnimationController.h
Note: including file:    C:\integration-current-v1\workspace\repo\src\engine\client\library\clientSkeletalAnimation\include\public\../../src/shared/controller/TransformAnimationController.h
Note: including file: C:\integration-current-v1\workspace\repo\src\engine\client\library\clientSkeletalAnimation\include\public\clientSkeletalAnimation/TrackAnimationController.h
Note: including file:  C:\integration-current-v1\workspace\repo\src\engine\client\library\clientSkeletalAnimation\include\public\../../src/shared/controller/TrackAnimationController.h
Note: including file:   C:\integration-current-v1\workspace\repo\src\engine\client\library\clientSkeletalAnimation\include\public\clientSkeletalAnimation/TransformAnimationController.h
Note: including file: C:\integration-current-v1\workspace\repo\src\engine\client\library\clientSkeletalAnimation\include\public\clientSkeletalAnimation/TransformAnimationResolver.h
Note: including file:  C:\integration-current-v1\workspace\repo\src\engine\client\library\clientSkeletalAnimation\include\public\../../src/shared/controller/TransformAnimationResolver.h
Note: including file:   C:\integration-current-v1\workspace\repo\src\engine\client\library\clientSkeletalAnimation\include\public\clientSkeletalAnimation/AnimationStatePath.h
Note: including file:    C:\integration-current-v1\workspace\repo\src\engine\client\library\clientSkeletalAnimation\include\public\../../src/shared/controller/AnimationStatePath.h
Note: including file:     C:\integration-current-v1\workspace\repo\src\engine\client\library\clientSkeletalAnimation\include\public\clientSkeletalAnimation/AnimationStateNameId.h
Note: including file:      C:\integration-current-v1\workspace\repo\src\engine\client\library\clientSkeletalAnimation\include\public\../../src/shared/controller/AnimationStateNameId.h
Note: including file: C:\integration-current-v1\workspace\repo\src\engine\client\library\clientTerrain\include\public\clientTerrain/ClientProceduralTerrainAppearance.h
Note: including file:  C:\integration-current-v1\workspace\repo\src\engine\client\library\clientTerrain\include\public\../../src/shared/appearance/ClientProceduralTerrainAppearance.h
Note: including file:   C:\integration-current-v1\workspace\repo\src\engine\client\library\clientTerrain\include\public\clientTerrain/ClientRadialFloraManager.h
Note: including file:    C:\integration-current-v1\workspace\repo\src\engine\client\library\clientTerrain\include\public\../../src/shared/flora/ClientRadialFloraManager.h
Note: including file:     C:\integration-current-v1\workspace\repo\src\engine\shared\library\sharedMath\include\public\sharedMath/Rectangle2d.h
Note: including file:     C:\integration-current-v1\workspace\repo\src\engine\shared\library\sharedMath\include\public\sharedMath/Vector.h
Note: including file:     C:\integration-current-v1\workspace\repo\src\engine\shared\library\sharedTerrain\include\public\sharedTerrain/FloraManager.h
Note: including file:      C:\integration-current-v1\workspace\repo\src\engine\shared\library\sharedTerrain\include\public\../../src/shared/flora/FloraManager.h
Note: including file:   C:\integration-current-v1\workspace\repo\src\engine\shared\library\sharedMath\include\public\sharedMath/Transform.h
Note: including file:   C:\integration-current-v1\workspace\repo\src\engine\shared\library\sharedMath\include\public\sharedMath/Volume.h
Note: including file:   C:\integration-current-v1\workspace\repo\src\engine\shared\library\sharedSynchronization\include\public\sharedSynchronization/Gate.h
Note: including file:    C:\integration-current-v1\workspace\repo\src\engine\shared\library\sharedSynchronization\include\public\../../src/win32/Gate.h
Note: including file:   C:\integration-current-v1\workspace\repo\src\engine\shared\library\sharedSynchronization\include\public\sharedSynchronization/Mutex.h
Note: including file:    C:\integration-current-v1\workspace\repo\src\engine\shared\library\sharedSynchronization\include\public\../../src/win32/Mutex.h
Note: including file:   C:\integration-current-v1\workspace\repo\src\engine\shared\library\sharedTerrain\include\public\sharedTerrain/ProceduralTerrainAppearance.h
Note: including file:    C:\integration-current-v1\workspace\repo\src\engine\shared\library\sharedTerrain\include\public\../../src/shared/appearance/ProceduralTerrainAppearance.h
Note: including file:     C:\integration-current-v1\workspace\repo\src\engine\shared\library\sharedCollision\include\public\sharedCollision/BoxExtent.h
Note: including file:     C:\integration-current-v1\workspace\repo\src\engine\shared\library\sharedMath\include\public\sharedMath/Sphere.h
Note: including file:     C:\integration-current-v1\workspace\repo\src\engine\shared\library\sharedMath\include\public\sharedMath/Vector.h
Note: including file:     C:\integration-current-v1\workspace\repo\src\engine\shared\library\sharedTerrain\include\public\sharedTerrain/TerrainAppearance.h
Note: including file:      C:\integration-current-v1\workspace\repo\src\engine\shared\library\sharedTerrain\include\public\../../src/shared/appearance/TerrainAppearance.h
Note: including file:       C:\integration-current-v1\workspace\repo\src\engine\shared\library\sharedMath\include\public\sharedMath/PackedRgb.h
Note: including file:       C:\integration-current-v1\workspace\repo\src\engine\shared\library\sharedObject\include\public\sharedObject/Appearance.h
Note: including file:       C:\integration-current-v1\workspace\repo\src\engine\shared\library\sharedTerrain\include\public\sharedTerrain/TerrainGeneratorType.h
Note: including file:     C:\integration-current-v1\workspace\repo\src\engine\shared\library\sharedTerrain\include\public\sharedTerrain/TerrainGenerator.h
Note: including file:   C:\integration-current-v1\workspace\repo\src\engine\shared\library\sharedTerrain\include\public\sharedTerrain/TerrainQuadTree.h
Note: including file:    C:\integration-current-v1\workspace\repo\src\engine\shared\library\sharedTerrain\include\public\../../src/shared/appearance/TerrainQuadTree.h
Note: including file:     C:\integration-current-v1\workspace\repo\src\engine\shared\library\sharedCollision\include\public\sharedCollision/BoxExtent.h
Note: including file:     C:\integration-current-v1\workspace\repo\src\engine\client\library\clientAnimation\include\public\../../../../../../engine/shared/library/sharedFoundation/include/public/sharedFoundation/MemoryBlockManagerMacros.h
Note: including file:     C:\integration-current-v1\workspace\repo\src\engine\shared\library\sharedTerrain\include\public\sharedTerrain/ProceduralTerrainAppearance.h
Note: including file:   C:\integration-current-v1\workspace\repo\src\engine\shared\library\sharedThread\include\public\sharedThread/ThreadHandle.h
Note: including file:    C:\integration-current-v1\workspace\repo\src\engine\shared\library\sharedThread\include\public\../../src/shared/ThreadHandle.h
Note: including file:     C:\integration-current-v1\workspace\repo\src\engine\shared\library\sharedThread\include\public\sharedThread/Thread.h
Note: including file:      c:\integration-current-v1\workspace\repo\src\engine\shared\library\sharedthread\src\shared\../../src/win32/Thread.h
Note: including file:       C:\integration-current-v1\workspace\repo\src\engine\shared\library\sharedSynchronization\include\public\sharedSynchronization/InterlockedInteger.h
Note: including file:        C:\integration-current-v1\workspace\repo\src\engine\shared\library\sharedSynchronization\include\public\../../src/win32/InterlockedInteger.h
Note: including file: C:\integration-current-v1\workspace\repo\src\engine\client\library\clientTerrain\include\public\clientTerrain/ClientTerrainSorter.h
Note: including file:  C:\integration-current-v1\workspace\repo\src\engine\client\library\clientTerrain\include\public\../../src/shared/appearance/ClientTerrainSorter.h
Note: including file:   C:\integration-current-v1\workspace\repo\src\engine\client\library\clientTerrain\include\public\clientTerrain/ClientProceduralTerrainAppearance_ShaderSet.h
Note: including file:    C:\integration-current-v1\workspace\repo\src\engine\client\library\clientTerrain\include\public\../../src/shared/appearance/ClientProceduralTerrainAppearance_ShaderSet.h
Note: including file:     C:\integration-current-v1\workspace\repo\src\engine\client\library\clientTerrain\include\public\clientTerrain/ClientProceduralTerrainAppearance.h
Note: including file:     C:\integration-current-v1\workspace\repo\src\engine\client\library\clientAnimation\include\public\../../../../../../engine/shared/library/sharedFoundation/include/public/sharedFoundation/MemoryBlockManagerMacros.h
Note: including file:     C:\integration-current-v1\workspace\repo\src\engine\shared\library\sharedMath\include\public\sharedMath/PackedArgb.h
Note: including file:   C:\integration-current-v1\workspace\repo\src\engine\client\library\clientGraphics\include\public\clientGraphics/ShaderPrimitiveSorter.h
Note: including file:    C:\integration-current-v1\workspace\repo\src\engine\client\library\clientGraphics\include\public\../../src/shared/ShaderPrimitiveSorter.h
Note: including file:     c:\integration-current-v1\workspace\repo\src\engine\client\library\clientgraphics\src\shared\../../../../../../engine/shared/library/sharedFoundation/include/public/sharedFoundation/Tag.h
Note: including file: C:\integration-current-v1\workspace\repo\src\engine\client\library\clientTerrain\include\public\clientTerrain/GroundEnvironment.h
Note: including file:  C:\integration-current-v1\workspace\repo\src\engine\client\library\clientTerrain\include\public\../../src/shared/appearance/GroundEnvironment.h
Note: including file:   C:\integration-current-v1\workspace\repo\src\engine\client\library\clientAnimation\include\public\../../../../../../engine/shared/library/sharedFoundation/include/public/sharedFoundation/Timer.h
Note: including file:   C:\integration-current-v1\workspace\repo\src\engine\shared\library\sharedMath\include\public\sharedMath/Transform.h
Note: including file:   C:\integration-current-v1\workspace\repo\src\engine\shared\library\sharedMath\include\public\sharedMath/VectorArgb.h
Note: including file:   C:\integration-current-v1\workspace\repo\src\engine\shared\library\sharedTerrain\include\public\sharedTerrain/ColorRamp256.h
Note: including file:    C:\integration-current-v1\workspace\repo\src\engine\shared\library\sharedTerrain\include\public\../../src/shared/generator/ColorRamp256.h
Note: including file:     C:\integration-current-v1\workspace\repo\src\engine\shared\library\sharedMath\include\public\sharedMath/PackedRgb.h
Note: including file: C:\integration-current-v1\workspace\repo\src\engine\client\library\clientTerrain\include\public\clientTerrain/WeatherManager.h
Note: including file:  C:\integration-current-v1\workspace\repo\src\engine\client\library\clientTerrain\include\public\../../src/shared/weather/WeatherManager.h
Note: including file: C:\integration-current-v1\workspace\repo\src\engine\client\library\clientUserInterface\include\public\clientUserInterface/CuiActionManager.h
Note: including file:  C:\integration-current-v1\workspace\repo\src\engine\client\library\clientUserInterface\include\public\../../src/shared/core/CuiActionManager.h
Note: including file: C:\integration-current-v1\workspace\repo\src\engine\client\library\clientUserInterface\include\public\clientUserInterface/CuiActions.h
Note: including file:  C:\integration-current-v1\workspace\repo\src\engine\client\library\clientUserInterface\include\public\../../src/shared/core/CuiActions.h
Note: including file: C:\integration-current-v1\workspace\repo\src\engine\client\library\clientUserInterface\include\public\clientUserInterface/CuiCombatManager.h
Note: including file:  C:\integration-current-v1\workspace\repo\src\engine\client\library\clientUserInterface\include\public\../../src/shared/core/CuiCombatManager.h
Note: including file: C:\integration-current-v1\workspace\repo\src\engine\client\library\clientUserInterface\include\public\clientUserInterface/CuiDamageManager.h
Note: including file:  C:\integration-current-v1\workspace\repo\src\engine\client\library\clientUserInterface\include\public\../../src/shared/core/CuiDamageManager.h
Note: including file: C:\integration-current-v1\workspace\repo\src\engine\client\library\clientUserInterface\include\public\clientUserInterface/CuiMediatorFactory.h
Note: including file:  C:\integration-current-v1\workspace\repo\src\engine\client\library\clientUserInterface\include\public\../../src/shared/core/CuiMediatorFactory.h
Note: including file: C:\integration-current-v1\workspace\repo\src\engine\client\library\clientUserInterface\include\public\clientUserInterface/CuiPreferences.h
Note: including file:  C:\integration-current-v1\workspace\repo\src\engine\client\library\clientUserInterface\include\public\../../src/shared/core/CuiPreferences.h
Note: including file: C:\integration-current-v1\workspace\repo\src\engine\client\library\clientUserInterface\include\public\clientUserInterface/CuiSocialsParser.h
Note: including file:  C:\integration-current-v1\workspace\repo\src\engine\client\library\clientUserInterface\include\public\../../src/shared/core/CuiSocialsParser.h
Note: including file:   C:\integration-current-v1\workspace\repo\src\engine\shared\library\sharedCommandParser\include\public\sharedCommandParser/CommandParser.h
Note: including file: C:\integration-current-v1\workspace\repo\src\engine\client\library\clientUserInterface\include\public\clientUserInterface/CuiSpatialChatManager.h
Note: including file:  C:\integration-current-v1\workspace\repo\src\engine\client\library\clientUserInterface\include\public\../../src/shared/core/CuiSpatialChatManager.h
Note: including file:   C:\integration-current-v1\workspace\repo\src\engine\shared\library\sharedMessageDispatch\include\public\sharedMessageDispatch/Message.h
Note: including file: C:\integration-current-v1\workspace\repo\src\engine\client\library\clientUserInterface\include\public\clientUserInterface/CuiStaticLootItemManager.h
Note: including file:  C:\integration-current-v1\workspace\repo\src\engine\client\library\clientUserInterface\include\public\../../src/shared/core/CuiStaticLootItemManager.h
Note: including file: C:\integration-current-v1\workspace\repo\src\engine\client\library\clientUserInterface\include\public\clientUserInterface/CuiTextManager.h
Note: including file:  C:\integration-current-v1\workspace\repo\src\engine\client\library\clientUserInterface\include\public\../../src/shared/core/CuiTextManager.h
Note: including file:   C:\integration-current-v1\workspace\repo\src\external\3rd\library\ui\include\UITypes.h
Note: including file:    c:\integration-current-v1\workspace\repo\src\external\3rd\library\ui\include\../src/win32/UITypes.h
Note: including file:   C:\integration-current-v1\workspace\repo\src\external\3rd\library\ui\include\UIString.h
Note: including file:    c:\integration-current-v1\workspace\repo\src\external\3rd\library\ui\include\../src/win32/UIString.h
Note: including file:     C:\integration-current-v1\workspace\repo\src\external\ours\library\unicode\include\Unicode.h
Note: including file:   C:\integration-current-v1\workspace\repo\src\engine\shared\library\sharedMath\include\public\sharedMath/Vector.h
Note: including file:   C:\integration-current-v1\workspace\repo\src\engine\client\library\clientAnimation\include\public\../../../../../../engine/shared/library/sharedFoundation/include/public/sharedFoundation/NetworkId.h
Note: including file: C:\integration-current-v1\workspace\repo\src\external\3rd\library\pcre\4.1\win32\include\pcre/pcre.h
Note: including file:  C:\integration-current-v1\workspace\repo\src\external\3rd\library\stlport453\stlport\stdlib.h
Note: including file:   C:\integration-current-v1\workspace\repo\src\external\3rd\library\stlport453\stlport\stl/_prolog.h
Note: including file:    C:\integration-current-v1\workspace\repo\src\external\3rd\library\stlport453\stlport\config/_prolog.h
Note: including file:     C:\integration-current-v1\workspace\repo\src\external\3rd\library\stlport453\stlport\config/_msvc_warnings_off.h
Note: including file:   C:\integration-current-v1\workspace\repo\src\external\3rd\library\stlport453\stlport\stl/_epilog.h
Note: including file:    C:\integration-current-v1\workspace\repo\src\external\3rd\library\stlport453\stlport\config/_epilog.h
Note: including file:    C:\integration-current-v1\workspace\repo\src\external\3rd\library\stlport453\stlport\stl/_config_compat_post.h
Note: including file: C:\integration-current-v1\workspace\repo\src\engine\shared\library\sharedCollision\include\public\sharedCollision/CollideParameters.h
Note: including file:  C:\integration-current-v1\workspace\repo\src\engine\shared\library\sharedCollision\include\public\../../src/shared/core/CollideParameters.h
Note: including file: C:\integration-current-v1\workspace\repo\src\engine\shared\library\sharedCollision\include\public\sharedCollision/CollisionInfo.h
Note: including file:  C:\integration-current-v1\workspace\repo\src\engine\shared\library\sharedCollision\include\public\../../src/shared/core/CollisionInfo.h
Note: including file:   C:\integration-current-v1\workspace\repo\src\engine\shared\library\sharedMath\include\public\sharedMath/Vector.h
Note: including file: C:\integration-current-v1\workspace\repo\src\engine\shared\library\sharedCollision\include\public\sharedCollision/CollisionProperty.h
Note: including file:  C:\integration-current-v1\workspace\repo\src\engine\shared\library\sharedCollision\include\public\../../src/shared/core/CollisionProperty.h
Note: including file:   C:\integration-current-v1\workspace\repo\src\engine\shared\library\sharedCollision\include\public\sharedCollision/SpatialDatabase.h
Note: including file:    C:\integration-current-v1\workspace\repo\src\engine\shared\library\sharedCollision\include\public\../../src/shared/core/SpatialDatabase.h
Note: including file:     C:\integration-current-v1\workspace\repo\src\engine\shared\library\sharedCollision\include\public\sharedCollision/CollisionEnums.h
Note: including file:   C:\integration-current-v1\workspace\repo\src\engine\shared\library\sharedObject\include\public\sharedObject/Property.h
Note: including file:    c:\integration-current-v1\workspace\repo\src\engine\shared\library\sharedobject\include\public\sharedobject\../../../src/shared/property/Property.h
Note: including file:     C:\integration-current-v1\workspace\repo\src\engine\shared\library\sharedObject\include\public\sharedObject/PropertyId.h
Note: including file:      c:\integration-current-v1\workspace\repo\src\engine\shared\library\sharedobject\include\public\sharedobject\../../../src/shared/property/PropertyId.h
Note: including file:       C:\integration-current-v1\workspace\repo\src\engine\client\library\clientAnimation\include\public\../../../../../../engine/shared/library/sharedFoundation/include/public/sharedFoundation/LabelHash.h
Note: including file:   C:\integration-current-v1\workspace\repo\src\engine\shared\library\sharedMath\include\public\sharedMath/Transform.h
Note: including file:   C:\integration-current-v1\workspace\repo\src\engine\shared\library\sharedMath\include\public\sharedMath/Vector.h
Note: including file:   C:\integration-current-v1\workspace\repo\src\engine\shared\library\sharedMath\include\public\sharedMath/Sphere.h
Note: including file:   C:\integration-current-v1\workspace\repo\src\engine\shared\library\sharedMath\include\public\sharedMath/Capsule.h
Note: including file:    C:\integration-current-v1\workspace\repo\src\engine\shared\library\sharedMath\include\public\../../src/shared/core/Capsule.h
Note: including file:     C:\integration-current-v1\workspace\repo\src\engine\shared\library\sharedMath\include\public\sharedMath/Vector.h
Note: including file:     C:\integration-current-v1\workspace\repo\src\engine\shared\library\sharedMath\include\public\sharedMath/Sphere.h
Note: including file:   C:\integration-current-v1\workspace\repo\src\engine\client\library\clientAnimation\include\public\../../../../../../engine/shared/library/sharedFoundation/include/public/sharedFoundation/Watcher.h
Note: including file: C:\integration-current-v1\workspace\repo\src\engine\shared\library\sharedCollision\include\public\sharedCollision/CollisionWorld.h
Note: including file:  C:\integration-current-v1\workspace\repo\src\engine\shared\library\sharedCollision\include\public\../../src/shared/core/CollisionWorld.h
Note: including file:   C:\integration-current-v1\workspace\repo\src\engine\shared\library\sharedCollision\include\public\sharedCollision/CollisionEnums.h
Note: including file:   C:\integration-current-v1\workspace\repo\src\engine\shared\library\sharedCollision\include\public\sharedCollision/CollisionNotification.h
Note: including file:    C:\integration-current-v1\workspace\repo\src\engine\shared\library\sharedCollision\include\public\../../src/shared/core/CollisionNotification.h
Note: including file:     C:\integration-current-v1\workspace\repo\src\engine\shared\library\sharedObject\include\public\sharedObject/ObjectNotification.h
Note: including file:     C:\integration-current-v1\workspace\repo\src\engine\shared\library\sharedMath\include\public\sharedMath/Vector.h
Note: including file:   C:\integration-current-v1\workspace\repo\src\engine\shared\library\sharedCollision\include\public\sharedCollision/FloorContactShape.h
Note: including file:    C:\integration-current-v1\workspace\repo\src\engine\shared\library\sharedCollision\include\public\../../src/shared/core/FloorContactShape.h
Note: including file:     C:\integration-current-v1\workspace\repo\src\engine\shared\library\sharedCollision\include\public\sharedCollision/FloorLocator.h
Note: including file:      C:\integration-current-v1\workspace\repo\src\engine\shared\library\sharedCollision\include\public\../../src/shared/core/FloorLocator.h
Note: including file:       C:\integration-current-v1\workspace\repo\src\engine\shared\library\sharedMath\include\public\sharedMath/Vector.h
Note: including file:       C:\integration-current-v1\workspace\repo\src\engine\shared\library\sharedCollision\include\public\sharedCollision/ContactPoint.h
Note: including file:        C:\integration-current-v1\workspace\repo\src\engine\shared\library\sharedCollision\include\public\../../src/shared/core/ContactPoint.h
Note: including file:         C:\integration-current-v1\workspace\repo\src\engine\shared\library\sharedMath\include\public\sharedMath/Vector.h
Note: including file:       C:\integration-current-v1\workspace\repo\src\engine\shared\library\sharedCollision\include\public\sharedCollision/CollisionEnums.h
Note: including file:       C:\integration-current-v1\workspace\repo\src\engine\shared\library\sharedCollision\include\public\sharedCollision/CollisionUtils.h
Note: including file:        C:\integration-current-v1\workspace\repo\src\engine\shared\library\sharedCollision\include\public\../../src/shared/core/CollisionUtils.h
Note: including file:         C:\integration-current-v1\workspace\repo\src\engine\shared\library\sharedMath\include\public\sharedMath/Vector.h
Note: including file:         C:\integration-current-v1\workspace\repo\src\engine\shared\library\sharedMath\include\public\sharedMath/Transform.h
Note: including file:     C:\integration-current-v1\workspace\repo\src\engine\shared\library\sharedCollision\include\public\sharedCollision/BaseClass.h
Note: including file:      C:\integration-current-v1\workspace\repo\src\engine\shared\library\sharedCollision\include\public\../../src/shared/core/BaseClass.h
Note: including file:   C:\integration-current-v1\workspace\repo\src\engine\shared\library\sharedCollision\include\public\sharedCollision/MultiList.h
Note: including file:    C:\integration-current-v1\workspace\repo\src\engine\shared\library\sharedCollision\include\public\../../src/shared/core/MultiList.h
Note: including file:   C:\integration-current-v1\workspace\repo\src\engine\shared\library\sharedMath\include\public\sharedMath/Vector.h
Note: including file: C:\integration-current-v1\workspace\repo\src\engine\shared\library\sharedDebug\include\public\sharedDebug/DebugFlags.h
Note: including file:  C:\integration-current-v1\workspace\repo\src\engine\shared\library\sharedDebug\include\public\../../src/shared/DebugFlags.h
Note: including file: C:\integration-current-v1\workspace\repo\src\engine\shared\library\sharedDebug\include\public\sharedDebug/PerformanceTimer.h
Note: including file:  C:\integration-current-v1\workspace\repo\src\engine\shared\library\sharedDebug\include\public\../../src/win32/PerformanceTimer.h
Note: including file: C:\integration-current-v1\workspace\repo\src\engine\shared\library\sharedDebug\include\public\sharedDebug/VTune.h
Note: including file:  C:\integration-current-v1\workspace\repo\src\engine\shared\library\sharedDebug\include\public\../../src/win32/VTune.h
Note: including file:   c:\integration-current-v1\workspace\repo\src\engine\shared\library\shareddebug\src\win32\../../../../../../engine/shared/library/sharedFoundation/include/public/sharedFoundation/Production.h
Note: including file: C:\integration-current-v1\workspace\repo\src\engine\shared\library\sharedFile\include\public\sharedFile/AsynchronousLoader.h
Note: including file:  C:\integration-current-v1\workspace\repo\src\engine\shared\library\sharedFile\include\public\../../src/shared/AsynchronousLoader.h
Note: including file: C:\integration-current-v1\workspace\repo\src\engine\shared\library\sharedFile\include\public\sharedFile/TreeFile.h
Note: including file:  C:\integration-current-v1\workspace\repo\src\engine\shared\library\sharedFile\include\public\../../src/shared/TreeFile.h
Note: including file:   C:\integration-current-v1\workspace\repo\src\external\ours\library\fileInterface\include\public\fileInterface/AbstractFile.h
Note: including file:    C:\integration-current-v1\workspace\repo\src\external\ours\library\fileInterface\include\public\../../src/shared/AbstractFile.h
Note: including file: C:\integration-current-v1\workspace\repo\src\engine\shared\library\sharedFoundation\include\public\sharedFoundation/CalendarTime.h
Note: including file:  c:\integration-current-v1\workspace\repo\src\engine\shared\library\sharedfoundation\include\public\sharedfoundation\../../../src/shared/CalendarTime.h
Note: including file: C:\integration-current-v1\workspace\repo\src\engine\shared\library\sharedFoundation\include\public\sharedFoundation/Clock.h
Note: including file:  c:\integration-current-v1\workspace\repo\src\engine\shared\library\sharedfoundation\include\public\sharedfoundation\../../../src/shared/Clock.h
Note: including file: C:\integration-current-v1\workspace\repo\src\engine\shared\library\sharedFoundation\include\public\sharedFoundation/ConstCharCrcLowerString.h
Note: including file:  c:\integration-current-v1\workspace\repo\src\engine\shared\library\sharedfoundation\include\public\sharedfoundation\../../../src/shared/ConstCharCrcLowerString.h
Note: including file:   c:\integration-current-v1\workspace\repo\src\engine\shared\library\sharedfoundation\src\shared\../../../../../../engine/shared/library/sharedFoundation/include/public/sharedFoundation/CrcLowerString.h
Note: including file: C:\integration-current-v1\workspace\repo\src\engine\shared\library\sharedFoundation\include\public\sharedFoundation/Crc.h
Note: including file:  c:\integration-current-v1\workspace\repo\src\engine\shared\library\sharedfoundation\include\public\sharedfoundation\../../../src/shared/Crc.h
Note: including file: C:\integration-current-v1\workspace\repo\src\engine\shared\library\sharedFoundation\include\public\sharedFoundation/DebugInfoManager.h
Note: including file:  c:\integration-current-v1\workspace\repo\src\engine\shared\library\sharedfoundation\include\public\sharedfoundation\../../../src/shared/DebugInfoManager.h
Note: including file: C:\integration-current-v1\workspace\repo\src\engine\shared\library\sharedFoundation\include\public\sharedFoundation/FormattedString.h
Note: including file:  c:\integration-current-v1\workspace\repo\src\engine\shared\library\sharedfoundation\include\public\sharedfoundation\../../../src/shared/FormattedString.h
Note: including file: C:\integration-current-v1\workspace\repo\src\engine\shared\library\sharedFoundation\include\public\sharedFoundation/GameControllerMessage.h
Note: including file:  c:\integration-current-v1\workspace\repo\src\engine\shared\library\sharedfoundation\include\public\sharedfoundation\../../../src/shared/GameControllerMessage.h
Note: including file:   c:\integration-current-v1\workspace\repo\src\engine\shared\library\sharedfoundation\src\shared\../../../../../../engine/shared/library/sharedFoundation/include/public/sharedFoundation/GameControllerMessage.def
Note: including file:    c:\integration-current-v1\workspace\repo\src\engine\shared\library\sharedfoundation\include\public\sharedfoundation\../../../src/shared/GameControllerMessage.def
Note: including file: C:\integration-current-v1\workspace\repo\src\engine\shared\library\sharedFoundation\include\public\sharedFoundation/Os.h
Note: including file:  c:\integration-current-v1\workspace\repo\src\engine\shared\library\sharedfoundation\include\public\sharedfoundation\../../../src/win32/Os.h
Note: including file:   C:\integration-current-v1\workspace\repo\src\external\3rd\library\stlport453\stlport\ctime
Note: including file:    C:\integration-current-v1\workspace\repo\src\external\3rd\library\stlport453\stlport\stl/_prolog.h
Note: including file:     C:\integration-current-v1\workspace\repo\src\external\3rd\library\stlport453\stlport\config/_prolog.h
Note: including file:      C:\integration-current-v1\workspace\repo\src\external\3rd\library\stlport453\stlport\config/_msvc_warnings_off.h
Note: including file:    C:\Program Files (x86)\Microsoft Visual Studio 12.0\VC\INCLUDE\../include/ctime
Note: including file:     C:\integration-current-v1\workspace\repo\src\external\3rd\library\stlport453\stlport\time.h
Note: including file:    C:\integration-current-v1\workspace\repo\src\external\3rd\library\stlport453\stlport\stl/_epilog.h
Note: including file:     C:\integration-current-v1\workspace\repo\src\external\3rd\library\stlport453\stlport\config/_epilog.h
Note: including file:     C:\integration-current-v1\workspace\repo\src\external\3rd\library\stlport453\stlport\stl/_config_compat_post.h
Note: including file: C:\integration-current-v1\workspace\repo\src\engine\shared\library\sharedFoundation\include\public\sharedFoundation/Production.h
Note: including file: C:\integration-current-v1\workspace\repo\src\engine\shared\library\sharedFoundation\include\public\sharedFoundation/TemporaryCrcString.h
Note: including file: C:\integration-current-v1\workspace\repo\src\engine\shared\library\sharedGame\include\public\sharedGame/CollectionsDataTable.h
Note: including file: C:\integration-current-v1\workspace\repo\src\engine\shared\library\sharedGame\include\public\sharedGame/GameObjectTypes.h
Note: including file:  c:\integration-current-v1\workspace\repo\src\engine\shared\library\sharedgame\include\public\sharedgame\../../../src/shared/core/GameObjectTypes.h
Note: including file: C:\integration-current-v1\workspace\repo\src\engine\shared\library\sharedGame\include\public\sharedGame/GameScheduler.h
Note: including file:  c:\integration-current-v1\workspace\repo\src\engine\shared\library\sharedgame\include\public\sharedgame\../../../src/shared/core/GameScheduler.h
Note: including file: C:\integration-current-v1\workspace\repo\src\engine\shared\library\sharedGame\include\public\sharedGame/LfgDataTable.h
Note: including file:  c:\integration-current-v1\workspace\repo\src\engine\shared\library\sharedgame\include\public\sharedgame\../../../src/shared/core/LfgDataTable.h
Note: including file: C:\integration-current-v1\workspace\repo\src\engine\shared\library\sharedGame\include\public\sharedGame/MoodManager.h
Note: including file:  c:\integration-current-v1\workspace\repo\src\engine\shared\library\sharedgame\include\public\sharedgame\../../../src/shared/core/MoodManager.h
Note: including file: C:\integration-current-v1\workspace\repo\src\engine\shared\library\sharedGame\include\public\sharedGame/OutOfBandPackager.h
Note: including file:  c:\integration-current-v1\workspace\repo\src\engine\shared\library\sharedgame\include\public\sharedgame\../../../src/shared/core/OutOfBandPackager.h
Note: including file: C:\integration-current-v1\workspace\repo\src\engine\shared\library\sharedGame\include\public\sharedGame/ProsePackage.h
Note: including file:  c:\integration-current-v1\workspace\repo\src\engine\shared\library\sharedgame\include\public\sharedgame\../../../src/shared/core/ProsePackage.h
Note: including file:   C:\integration-current-v1\workspace\repo\src\external\ours\library\localization\include\StringId.h
Note: including file:   C:\integration-current-v1\workspace\repo\src\engine\shared\library\sharedGame\include\public\sharedGame/ProsePackageParticipant.h
Note: including file:    c:\integration-current-v1\workspace\repo\src\engine\shared\library\sharedgame\include\public\sharedgame\../../../src/shared/core/ProsePackageParticipant.h
Note: including file:     C:\integration-current-v1\workspace\repo\src\engine\client\library\clientAnimation\include\public\../../../../../../engine/shared/library/sharedFoundation/include/public/sharedFoundation/NetworkId.h
Note: including file: C:\integration-current-v1\workspace\repo\src\engine\shared\library\sharedGame\include\public\sharedGame/QuestManager.h
Note: including file:  c:\integration-current-v1\workspace\repo\src\engine\shared\library\sharedgame\include\public\sharedgame\../../../src/shared/quest/QuestManager.h
Note: including file: C:\integration-current-v1\workspace\repo\src\engine\shared\library\sharedGame\include\public\sharedGame/SharedObjectTemplate.h
Note: including file: C:\integration-current-v1\workspace\repo\src\engine\shared\library\sharedGame\include\public\sharedGame/SpatialChatManager.h
Note: including file:  c:\integration-current-v1\workspace\repo\src\engine\shared\library\sharedgame\include\public\sharedgame\../../../src/shared/core/SpatialChatManager.h
Note: including file: C:\integration-current-v1\workspace\repo\src\engine\shared\library\sharedMath\include\public\sharedMath/Plane.h
Note: including file:  C:\integration-current-v1\workspace\repo\src\engine\shared\library\sharedMath\include\public\../../src/shared/Plane.h
Note: including file:   C:\integration-current-v1\workspace\repo\src\engine\shared\library\sharedMath\include\public\sharedMath/Vector.h
Note: including file: C:\integration-current-v1\workspace\repo\src\engine\shared\library\sharedNetworkMessages\include\public\sharedNetworkMessages/ConsoleChannelMessages.h
Note: including file:  C:\integration-current-v1\workspace\repo\src\engine\shared\library\sharedNetworkMessages\include\public\../../src/shared/clientGameServer/ConsoleChannelMessages.h
Note: including file:   C:\integration-current-v1\workspace\repo\src\engine\shared\library\sharedNetworkMessages\include\public\sharedNetworkMessages/GameNetworkMessage.h
Note: including file: C:\integration-current-v1\workspace\repo\src\engine\shared\library\sharedNetworkMessages\include\public\sharedNetworkMessages/MessageQueueDataTransform.h
Note: including file:  C:\integration-current-v1\workspace\repo\src\engine\shared\library\sharedNetworkMessages\include\public\../../src/shared/clientGameServer/MessageQueueDataTransform.h
Note: including file:   C:\integration-current-v1\workspace\repo\src\engine\client\library\clientAnimation\include\public\../../../../../../engine/shared/library/sharedFoundation/include/public/sharedFoundation/MessageQueue.h
Note: including file:   C:\integration-current-v1\workspace\repo\src\engine\shared\library\sharedMath\include\public\sharedMath/Transform.h
Note: including file:   C:\integration-current-v1\workspace\repo\src\engine\shared\library\sharedNetworkMessages\include\public\sharedNetworkMessages/ControllerMessageMacros.h
Note: including file:    C:\integration-current-v1\workspace\repo\src\engine\shared\library\sharedNetworkMessages\include\public\../../src/shared/core/ControllerMessageMacros.h
Note: including file:     C:\integration-current-v1\workspace\repo\src\engine\client\library\clientAnimation\include\public\../../../../../../engine/shared/library/sharedFoundation/include/public/sharedFoundation/MemoryBlockManagerMacros.h
Note: including file:     C:\integration-current-v1\workspace\repo\src\external\ours\library\archive\include\Archive/Archive.h
Note: including file: C:\integration-current-v1\workspace\repo\src\engine\shared\library\sharedNetworkMessages\include\public\sharedNetworkMessages/MessageQueueSpatialChat.h
Note: including file:  C:\integration-current-v1\workspace\repo\src\engine\shared\library\sharedNetworkMessages\include\public\../../src/shared/clientGameServer/MessageQueueSpatialChat.h
Note: including file:   C:\integration-current-v1\workspace\repo\src\engine\client\library\clientAnimation\include\public\../../../../../../engine/shared/library/sharedFoundation/include/public/sharedFoundation/MessageQueue.h
Note: including file:   C:\integration-current-v1\workspace\repo\src\engine\client\library\clientAnimation\include\public\../../../../../../engine/shared/library/sharedFoundation/include/public/sharedFoundation/NetworkId.h
Note: including file:   C:\integration-current-v1\workspace\repo\src\engine\shared\library\sharedNetworkMessages\include\public\sharedNetworkMessages/ControllerMessageMacros.h
Note: including file: C:\integration-current-v1\workspace\repo\src\engine\shared\library\sharedNetworkMessages\include\public\sharedNetworkMessages/ShipDamageMessage.h
Note: including file:  C:\integration-current-v1\workspace\repo\src\engine\shared\library\sharedNetworkMessages\include\public\../../src/shared/clientGameServer/ShipDamageMessage.h
Note: including file:   C:\integration-current-v1\workspace\repo\src\engine\shared\library\sharedMath\include\public\sharedMath/Vector.h
Note: including file:   C:\integration-current-v1\workspace\repo\src\engine\client\library\clientAnimation\include\public\../../../../../../engine/shared/library/sharedFoundation/include/public/sharedFoundation/NetworkId.h
Note: including file: C:\integration-current-v1\workspace\repo\src\engine\shared\library\sharedObject\include\public\sharedObject/AppearanceTemplateList.h
Note: including file:  c:\integration-current-v1\workspace\repo\src\engine\shared\library\sharedobject\include\public\sharedobject\../../../src/shared/appearance/AppearanceTemplateList.h
Note: including file:   C:\integration-current-v1\workspace\repo\src\engine\client\library\clientAnimation\include\public\../../../../../../engine/shared/library/sharedFoundation/include/public/sharedFoundation/Tag.h
Note: including file: C:\integration-current-v1\workspace\repo\src\engine\shared\library\sharedObject\include\public\sharedObject/CellProperty.h
Note: including file:  c:\integration-current-v1\workspace\repo\src\engine\shared\library\sharedobject\include\public\sharedobject\../../../src/shared/portal/CellProperty.h
Note: including file:   C:\integration-current-v1\workspace\repo\src\engine\shared\library\sharedMath\include\public\sharedMath/PackedArgb.h
Note: including file:   C:\integration-current-v1\workspace\repo\src\engine\shared\library\sharedObject\include\public\sharedObject/Container.h
Note: including file:    c:\integration-current-v1\workspace\repo\src\engine\shared\library\sharedobject\include\public\sharedobject\../../../src/shared/container/Container.h
Note: including file:     C:\integration-current-v1\workspace\repo\src\engine\shared\library\sharedObject\include\public\sharedObject/SlotIdArchive.h
Note: including file:      c:\integration-current-v1\workspace\repo\src\engine\shared\library\sharedobject\include\public\sharedobject\../../../src/shared/container/SlotIdArchive.h
Note: including file:       C:\integration-current-v1\workspace\repo\src\external\ours\library\archive\include\Archive/Archive.h
Note: including file:       C:\integration-current-v1\workspace\repo\src\external\ours\library\archive\include\Archive/ByteStream.h
Note: including file:       C:\integration-current-v1\workspace\repo\src\engine\shared\library\sharedObject\include\public\sharedObject/SlotId.h
Note: including file:     C:\integration-current-v1\workspace\repo\src\engine\shared\library\sharedObject\include\public\sharedObject/CachedNetworkId.h
Note: including file:     C:\integration-current-v1\workspace\repo\src\engine\shared\library\sharedObject\include\public\sharedObject/Property.h
Note: including file: C:\integration-current-v1\workspace\repo\src\engine\shared\library\sharedObject\include\public\sharedObject/Controller.h
Note: including file: C:\integration-current-v1\workspace\repo\src\engine\shared\library\sharedObject\include\public\sharedObject/NetworkIdManager.h
Note: including file:  c:\integration-current-v1\workspace\repo\src\engine\shared\library\sharedobject\include\public\sharedobject\../../../src/shared/object/NetworkIdManager.h
Note: including file:   C:\integration-current-v1\workspace\repo\src\engine\client\library\clientAnimation\include\public\../../../../../../engine/shared/library/sharedFoundation/include/public/sharedFoundation/NetworkId.h
Note: including file: C:\integration-current-v1\workspace\repo\src\engine\shared\library\sharedObject\include\public\sharedObject/ObjectTemplate.h
Note: including file: C:\integration-current-v1\workspace\repo\src\engine\shared\library\sharedObject\include\public\sharedObject/ObjectTemplateList.h
Note: including file:  c:\integration-current-v1\workspace\repo\src\engine\shared\library\sharedobject\include\public\sharedobject\../../../src/shared/object/ObjectTemplateList.h
Note: including file:   C:\integration-current-v1\workspace\repo\src\engine\client\library\clientAnimation\include\public\../../../../../../engine/shared/library/sharedFoundation/include/public/sharedFoundation/Tag.h
Note: including file: C:\integration-current-v1\workspace\repo\src\engine\shared\library\sharedObject\include\public\sharedObject/PortalProperty.h
Note: including file:  c:\integration-current-v1\workspace\repo\src\engine\shared\library\sharedobject\include\public\sharedobject\../../../src/shared/portal/PortalProperty.h
Note: including file:   C:\integration-current-v1\workspace\repo\src\engine\shared\library\sharedObject\include\public\sharedObject/Container.h
Note: including file:   C:\integration-current-v1\workspace\repo\src\engine\shared\library\sharedMath\include\public\sharedMath/Transform.h
Note: including file: C:\integration-current-v1\workspace\repo\src\engine\shared\library\sharedObject\include\public\sharedObject/RotationDynamics.h
Note: including file:  c:\integration-current-v1\workspace\repo\src\engine\shared\library\sharedobject\include\public\sharedobject\../../../src/shared/dynamics/RotationDynamics.h
Note: including file:   C:\integration-current-v1\workspace\repo\src\engine\shared\library\sharedMath\include\public\sharedMath/Vector.h
Note: including file:   C:\integration-current-v1\workspace\repo\src\engine\shared\library\sharedObject\include\public\sharedObject/StateDynamics.h
Note: including file:    c:\integration-current-v1\workspace\repo\src\engine\shared\library\sharedobject\include\public\sharedobject\../../../src/shared/dynamics/StateDynamics.h
Note: including file:     C:\integration-current-v1\workspace\repo\src\engine\client\library\clientAnimation\include\public\../../../../../../engine/shared/library/sharedFoundation/include/public/sharedFoundation/Timer.h
Note: including file:     C:\integration-current-v1\workspace\repo\src\engine\shared\library\sharedObject\include\public\sharedObject/Dynamics.h
Note: including file: C:\integration-current-v1\workspace\repo\src\engine\shared\library\sharedObject\include\public\sharedObject/SlottedContainer.h
Note: including file:  c:\integration-current-v1\workspace\repo\src\engine\shared\library\sharedobject\include\public\sharedobject\../../../src/shared/container/SlottedContainer.h
Note: including file:   C:\integration-current-v1\workspace\repo\src\engine\shared\library\sharedObject\include\public\sharedObject/Container.h
Note: including file: C:\integration-current-v1\workspace\repo\src\engine\shared\library\sharedObject\include\public\sharedObject/World.h
Note: including file: C:\integration-current-v1\workspace\repo\src\engine\shared\library\sharedRegex\include\public\sharedRegex/RegexServices.h
Note: including file:  C:\integration-current-v1\workspace\repo\src\engine\shared\library\sharedRegex\include\public\../../src/win32/RegexServices.h
Note: including file: C:\integration-current-v1\workspace\repo\src\engine\shared\library\sharedSkillSystem\include\public\sharedSkillSystem/SkillManager.h
Note: including file:  C:\integration-current-v1\workspace\repo\src\engine\shared\library\sharedSkillSystem\include\public\../../src/shared/SkillManager.h
Note: including file: C:\integration-current-v1\workspace\repo\src\engine\shared\library\sharedSkillSystem\include\public\sharedSkillSystem/SkillObject.h
Note: including file:  C:\integration-current-v1\workspace\repo\src\engine\shared\library\sharedSkillSystem\include\public\../../src/shared/SkillObject.h
Note: including file: C:\integration-current-v1\workspace\repo\src\engine\shared\library\sharedTerrain\include\public\sharedTerrain/TerrainObject.h
Note: including file:  C:\integration-current-v1\workspace\repo\src\engine\shared\library\sharedTerrain\include\public\../../src/shared/object/TerrainObject.h
Note: including file:   C:\integration-current-v1\workspace\repo\src\engine\shared\library\sharedMath\include\public\sharedMath/PackedRgb.h
Note: including file:   C:\integration-current-v1\workspace\repo\src\engine\shared\library\sharedMath\include\public\sharedMath/Vector2d.h
Note: including file:    C:\integration-current-v1\workspace\repo\src\engine\shared\library\sharedMath\include\public\../../src/shared/Vector2d.h
Note: including file:   C:\integration-current-v1\workspace\repo\src\engine\shared\library\sharedObject\include\public\sharedObject/Object.h
Note: including file:   C:\integration-current-v1\workspace\repo\src\engine\shared\library\sharedTerrain\include\public\sharedTerrain/TerrainGeneratorType.h
Note: including file: C:\integration-current-v1\workspace\repo\src\engine\shared\library\sharedUtility\include\public\sharedUtility/DataTableManager.h
Note: including file:  c:\integration-current-v1\workspace\repo\src\engine\shared\library\sharedutility\include\public\sharedutility\../../../src/shared/DataTableManager.h
Note: including file: C:\integration-current-v1\workspace\repo\src\engine\shared\library\sharedUtility\include\public\sharedUtility/FileName.h
Note: including file:  c:\integration-current-v1\workspace\repo\src\engine\shared\library\sharedutility\include\public\sharedutility\../../../src/shared/FileName.h
Note: including file: C:\integration-current-v1\workspace\repo\src\game\client\library\swgClientUserInterface\include\public\swgClientUserInterface/SwgCuiMediatorTypes.h
Note: including file:  C:\integration-current-v1\workspace\repo\src\game\client\library\swgClientUserInterface\include\private\../../src/shared/core/SwgCuiMediatorTypes.h
Note: including file:   C:\integration-current-v1\workspace\repo\src\engine\client\library\clientUserInterface\include\public\clientUserInterface/CuiMediatorTypes.h
Note: including file:    C:\integration-current-v1\workspace\repo\src\engine\client\library\clientUserInterface\include\public\../../src/shared/core/CuiMediatorTypes.h
Note: including file: C:\integration-current-v1\workspace\repo\src\game\client\library\swgClientUserInterface\include\public\swgClientUserInterface/SwgCuiStructurePlacement.h
Note: including file:  C:\integration-current-v1\workspace\repo\src\game\client\library\swgClientUserInterface\include\private\../../src/shared/page/SwgCuiStructurePlacement.h
Note: including file:   C:\integration-current-v1\workspace\repo\src\external\3rd\library\ui\include\UIEventCallback.h
Note: including file:    c:\integration-current-v1\workspace\repo\src\external\3rd\library\ui\include\../src/win32/UIEventCallback.h
Note: including file:   C:\integration-current-v1\workspace\repo\src\engine\client\library\clientUserInterface\include\public\clientUserInterface/CuiMediator.h
Note: including file:    C:\integration-current-v1\workspace\repo\src\engine\client\library\clientUserInterface\include\public\../../src/shared/core/CuiMediator.h
Note: including file:     C:\integration-current-v1\workspace\repo\src\engine\shared\library\sharedMath\include\public\sharedMath/Vector.h
Note: including file:     C:\integration-current-v1\workspace\repo\src\external\3rd\library\ui\include\UIPage.h
Note: including file:      c:\integration-current-v1\workspace\repo\src\external\3rd\library\ui\include\../src/win32/UIPage.h
Note: including file:       c:\integration-current-v1\workspace\repo\src\external\3rd\library\ui\src\win32\UIWidget.h
Note: including file:        c:\integration-current-v1\workspace\repo\src\external\3rd\library\ui\src\win32\UIBaseObject.h
Note: including file:         c:\integration-current-v1\workspace\repo\src\external\3rd\library\ui\include\UILowerString.h
Note: including file:          c:\integration-current-v1\workspace\repo\src\external\3rd\library\ui\include\../src/shared/core/UILowerString.h
Note: including file:           C:\integration-current-v1\workspace\repo\src\external\3rd\library\stlport453\stlport\hash_map
Note: including file:            C:\integration-current-v1\workspace\repo\src\external\3rd\library\stlport453\stlport\stl/_prolog.h
Note: including file:             C:\integration-current-v1\workspace\repo\src\external\3rd\library\stlport453\stlport\config/_prolog.h
Note: including file:              C:\integration-current-v1\workspace\repo\src\external\3rd\library\stlport453\stlport\config/_msvc_warnings_off.h
Note: including file:            C:\integration-current-v1\workspace\repo\src\external\3rd\library\stlport453\stlport\stl/_hash_map.h
Note: including file:             C:\integration-current-v1\workspace\repo\src\external\3rd\library\stlport453\stlport\stl/_hashtable.h
Note: including file:              C:\integration-current-v1\workspace\repo\src\external\3rd\library\stlport453\stlport\stl/_hashtable.c
Note: including file:            C:\integration-current-v1\workspace\repo\src\external\3rd\library\stlport453\stlport\stl/_epilog.h
Note: including file:             C:\integration-current-v1\workspace\repo\src\external\3rd\library\stlport453\stlport\config/_epilog.h
Note: including file:             C:\integration-current-v1\workspace\repo\src\external\3rd\library\stlport453\stlport\stl/_config_compat_post.h
Note: including file:         c:\integration-current-v1\workspace\repo\src\external\3rd\library\ui\include\UISmartPointer.h
Note: including file:          c:\integration-current-v1\workspace\repo\src\external\3rd\library\ui\include\../src/shared/UISmartPointer.h
Note: including file:         c:\integration-current-v1\workspace\repo\src\external\3rd\library\ui\include\UITypeID.h
Note: including file:          c:\integration-current-v1\workspace\repo\src\external\3rd\library\ui\include\../src/shared/core/UITypeID.h
Note: including file:         c:\integration-current-v1\workspace\repo\src\external\3rd\library\ui\include\UiMemoryBlockManagerMacros.h
Note: including file:          c:\integration-current-v1\workspace\repo\src\external\3rd\library\ui\include\../src/shared/core/UiMemoryBlockManagerMacros.h
Note: including file:           c:\integration-current-v1\workspace\repo\src\external\3rd\library\ui\src\shared\core\UiMemoryBlockManager.h
Note: including file:            C:\integration-current-v1\workspace\repo\src\external\3rd\library\stlport453\stlport\hash_set
Note: including file:             C:\integration-current-v1\workspace\repo\src\external\3rd\library\stlport453\stlport\stl/_prolog.h
Note: including file:              C:\integration-current-v1\workspace\repo\src\external\3rd\library\stlport453\stlport\config/_prolog.h
Note: including file:               C:\integration-current-v1\workspace\repo\src\external\3rd\library\stlport453\stlport\config/_msvc_warnings_off.h
Note: including file:             C:\integration-current-v1\workspace\repo\src\external\3rd\library\stlport453\stlport\stl/_hash_set.h
Note: including file:             C:\integration-current-v1\workspace\repo\src\external\3rd\library\stlport453\stlport\stl/_epilog.h
Note: including file:              C:\integration-current-v1\workspace\repo\src\external\3rd\library\stlport453\stlport\config/_epilog.h
Note: including file:              C:\integration-current-v1\workspace\repo\src\external\3rd\library\stlport453\stlport\stl/_config_compat_post.h
Note: including file:         c:\integration-current-v1\workspace\repo\src\external\3rd\library\ui\include\UIPropertyCategories.h
Note: including file:          c:\integration-current-v1\workspace\repo\src\external\3rd\library\ui\include\../src/shared/property/UIPropertyCategories.h
Note: including file:     C:\integration-current-v1\workspace\repo\src\external\3rd\library\ui\include\UITypes.h
Note: including file:     C:\integration-current-v1\workspace\repo\src\external\3rd\library\ui\include\UITypeID.h
Note: including file:   C:\integration-current-v1\workspace\repo\src\engine\shared\library\sharedObject\include\public\sharedObject/LotType.h
Note: including file:    c:\integration-current-v1\workspace\repo\src\engine\shared\library\sharedobject\include\public\sharedobject\../../../src/shared/lot/LotType.h
Note: including file:   C:\integration-current-v1\workspace\repo\src\engine\client\library\clientAnimation\include\public\../../../../../../engine/shared/library/sharedFoundation/include/public/sharedFoundation/NetworkId.h
Note: including file: C:\integration-current-v1\workspace\repo\src\game\shared\library\swgSharedUtility\include\public\swgSharedUtility/Postures.def
Note: including file:  C:\integration-current-v1\workspace\repo\src\game\shared\library\swgSharedUtility\include\public\../../src/shared/Postures.def
Note: including file: C:\integration-current-v1\workspace\repo\src\game\shared\library\swgSharedUtility\include\public\swgSharedUtility/States.def
Note: including file: C:\integration-current-v1\workspace\repo\src\engine\client\library\clientGame\include\public\clientGame/ClientPathObject.h
Note: including file:  C:\integration-current-v1\workspace\repo\src\engine\client\library\clientGame\include\public\../../src/shared/object/ClientPathObject.h
Note: including file:   C:\integration-current-v1\workspace\repo\src\engine\shared\library\sharedObject\include\public\sharedObject/Object.h
