Microsoft (R) COFF/PE Dumper Version 12.00.40629.0
Copyright (C) Microsoft Corporation.  All rights reserved.


Dump of file C:\native101\results\amd64-pipe-ClientMilesPipe\amd64-pipe-ClientMilesPipe.obj

File Type: COFF OBJECT

COFF SYMBOL TABLE
000 00E19EB5 ABS    notype       Static       | @comp.id
001 80000190 ABS    notype       Static       | @feat.00
002 00000000 SECT1  notype       Static       | .drectve
    Section length  321, #relocs    0, #linenums    0, checksum        0
004 00000000 SECT2  notype       Static       | .debug$S
    Section length   A0, #relocs    0, #linenums    0, checksum        0
006 00000000 SECT3  notype       Static       | .rdata
    Section length  898, #relocs    0, #linenums    0, checksum 7E6FAFDD
008 00000000 SECT3  notype       Static       | $SG39939
009 00000028 SECT3  notype       Static       | $SG39943
00A 00000050 SECT3  notype       Static       | $SG39947
00B 00000078 SECT3  notype       Static       | $SG39951
00C 000000A0 SECT3  notype       Static       | $SG39955
00D 000000C8 SECT3  notype       Static       | $SG39959
00E 000000F0 SECT3  notype       Static       | $SG39963
00F 00000118 SECT3  notype       Static       | $SG39967
010 00000140 SECT3  notype       Static       | $SG39971
011 00000168 SECT3  notype       Static       | $SG39975
012 00000190 SECT3  notype       Static       | $SG39979
013 000001B8 SECT3  notype       Static       | $SG39983
014 000001E0 SECT3  notype       Static       | $SG39987
015 00000208 SECT3  notype       Static       | $SG39991
016 00000230 SECT3  notype       Static       | $SG39995
017 00000258 SECT3  notype       Static       | $SG39999
018 00000280 SECT3  notype       Static       | $SG40003
019 000002A8 SECT3  notype       Static       | $SG40007
01A 000002D0 SECT3  notype       Static       | $SG40011
01B 000002F8 SECT3  notype       Static       | $SG40015
01C 00000320 SECT3  notype       Static       | $SG40019
01D 00000348 SECT3  notype       Static       | $SG40023
01E 00000370 SECT3  notype       Static       | $SG40027
01F 00000398 SECT3  notype       Static       | $SG40031
020 000003C0 SECT3  notype       Static       | $SG40035
021 000003E8 SECT3  notype       Static       | $SG40039
022 00000410 SECT3  notype       Static       | $SG40043
023 00000438 SECT3  notype       Static       | $SG40047
024 00000460 SECT3  notype       Static       | $SG40051
025 00000488 SECT3  notype       Static       | $SG40055
026 000004B0 SECT3  notype       Static       | $SG40059
027 000004D8 SECT3  notype       Static       | $SG40063
028 00000500 SECT3  notype       Static       | $SG40067
029 00000528 SECT3  notype       Static       | $SG40071
02A 00000550 SECT3  notype       Static       | $SG40075
02B 00000578 SECT3  notype       Static       | $SG40079
02C 000005A0 SECT3  notype       Static       | $SG39863
02D 000005C8 SECT3  notype       Static       | $SG39867
02E 000005F0 SECT3  notype       Static       | $SG39871
02F 00000618 SECT3  notype       Static       | $SG39875
030 00000640 SECT3  notype       Static       | $SG39879
031 00000668 SECT3  notype       Static       | $SG39883
032 00000690 SECT3  notype       Static       | $SG39887
033 000006B8 SECT3  notype       Static       | $SG39891
034 000006E0 SECT3  notype       Static       | $SG39895
035 00000708 SECT3  notype       Static       | $SG39899
036 00000730 SECT3  notype       Static       | $SG39903
037 00000758 SECT3  notype       Static       | $SG39907
038 00000780 SECT3  notype       Static       | $SG39911
039 000007A8 SECT3  notype       Static       | $SG39915
03A 000007D0 SECT3  notype       Static       | $SG39919
03B 000007F8 SECT3  notype       Static       | $SG39923
03C 00000820 SECT3  notype       Static       | $SG39927
03D 00000848 SECT3  notype       Static       | $SG39931
03E 00000870 SECT3  notype       Static       | $SG39935
03F 00000000 SECT4  notype       Static       | .text$mn
    Section length 28A5, #relocs   9F, #linenums    0, checksum 1AC183DE
041 00000000 SECT5  notype       Static       | .text$mn
    Section length   4F, #relocs    2, #linenums    0, checksum  F0B06F1, selection    2 (pick any)
043 00000000 SECT6  notype       Static       | .text$mn
    Section length   5C, #relocs    2, #linenums    0, checksum EBA84DDE, selection    2 (pick any)
045 00000000 SECT7  notype       Static       | .text$mn
    Section length   36, #relocs    2, #linenums    0, checksum FBE955A0, selection    2 (pick any)
047 00000000 SECT8  notype       Static       | .text$mn
    Section length    B, #relocs    0, #linenums    0, checksum C455396F, selection    2 (pick any)
049 00000000 SECT9  notype       Static       | .text$mn
    Section length   34, #relocs    2, #linenums    0, checksum 9ECFE8E9, selection    2 (pick any)
04B 00000000 SECTA  notype       Static       | .text$mn
    Section length   71, #relocs    2, #linenums    0, checksum C994AC2E, selection    2 (pick any)
04D 00000000 SECTB  notype       Static       | .text$x
    Section length   1C, #relocs    1, #linenums    0, checksum CA5043EE, selection    5 (pick associative Section 0xA)
04F 00000000 SECTC  notype       Static       | .text$mn
    Section length   34, #relocs    2, #linenums    0, checksum 9ECFE8E9, selection    2 (pick any)
051 00000000 SECTD  notype       Static       | .text$mn
    Section length   79, #relocs    2, #linenums    0, checksum E3EEEC4C, selection    2 (pick any)
053 00000000 SECTE  notype       Static       | .text$x
    Section length   1C, #relocs    1, #linenums    0, checksum 3B48060D, selection    5 (pick associative Section 0xD)
055 00000000 SECTF  notype       Static       | .text$mn
    Section length   22, #relocs    1, #linenums    0, checksum 34937416, selection    2 (pick any)
057 00000000 SECT10 notype       Static       | .text$mn
    Section length    B, #relocs    0, #linenums    0, checksum 38087020, selection    2 (pick any)
059 00000000 SECT11 notype       Static       | .text$mn
    Section length   22, #relocs    1, #linenums    0, checksum 34937416, selection    2 (pick any)
05B 00000000 SECT12 notype       Static       | .text$mn
    Section length    B, #relocs    0, #linenums    0, checksum 38087020, selection    2 (pick any)
05D 00000000 SECT13 notype       Static       | .text$mn
    Section length    B, #relocs    0, #linenums    0, checksum C455396F, selection    2 (pick any)
05F 00000000 SECT14 notype       Static       | .text$mn
    Section length    B, #relocs    0, #linenums    0, checksum C455396F, selection    2 (pick any)
061 00000000 SECT15 notype       Static       | .text$mn
    Section length   3C, #relocs    3, #linenums    0, checksum 27CBE999, selection    2 (pick any)
063 00000000 SECT16 notype       Static       | .text$x
    Section length   64, #relocs    5, #linenums    0, checksum CDE100F3, selection    5 (pick associative Section 0x15)
065 00000000 SECT17 notype       Static       | .text$mn
    Section length   3B, #relocs    3, #linenums    0, checksum C221C7B9, selection    2 (pick any)
067 00000000 SECT18 notype       Static       | .text$x
    Section length   64, #relocs    5, #linenums    0, checksum CDE100F3, selection    5 (pick associative Section 0x17)
069 00000000 SECT19 notype       Static       | .text$mn
    Section length   3C, #relocs    3, #linenums    0, checksum 27CBE999, selection    2 (pick any)
06B 00000000 SECT1A notype       Static       | .text$x
    Section length   64, #relocs    5, #linenums    0, checksum CDE100F3, selection    5 (pick associative Section 0x19)
06D 00000000 SECT1B notype       Static       | .text$mn
    Section length   3B, #relocs    3, #linenums    0, checksum C221C7B9, selection    2 (pick any)
06F 00000000 SECT1C notype       Static       | .text$x
    Section length   64, #relocs    5, #linenums    0, checksum CDE100F3, selection    5 (pick associative Section 0x1B)
071 00000000 SECT1D notype       Static       | .text$mn
    Section length   3C, #relocs    3, #linenums    0, checksum 27CBE999, selection    2 (pick any)
073 00000000 SECT1E notype       Static       | .text$x
    Section length   64, #relocs    5, #linenums    0, checksum CDE100F3, selection    5 (pick associative Section 0x1D)
075 00000000 SECT1F notype       Static       | .text$mn
    Section length   3C, #relocs    3, #linenums    0, checksum 27CBE999, selection    2 (pick any)
077 00000000 SECT20 notype       Static       | .text$x
    Section length   64, #relocs    5, #linenums    0, checksum CDE100F3, selection    5 (pick associative Section 0x1F)
079 00000000 SECT21 notype       Static       | .text$mn
    Section length   3C, #relocs    3, #linenums    0, checksum 27CBE999, selection    2 (pick any)
07B 00000000 SECT22 notype       Static       | .text$x
    Section length   64, #relocs    5, #linenums    0, checksum CDE100F3, selection    5 (pick associative Section 0x21)
07D 00000000 SECT23 notype       Static       | .text$mn
    Section length   3C, #relocs    3, #linenums    0, checksum  19B9B7F, selection    2 (pick any)
07F 00000000 SECT24 notype       Static       | .text$x
    Section length   64, #relocs    5, #linenums    0, checksum CDE100F3, selection    5 (pick associative Section 0x23)
081 00000000 SECT25 notype       Static       | .text$mn
    Section length   3C, #relocs    3, #linenums    0, checksum 27CBE999, selection    2 (pick any)
083 00000000 SECT26 notype       Static       | .text$x
    Section length   64, #relocs    5, #linenums    0, checksum CDE100F3, selection    5 (pick associative Section 0x25)
085 00000000 SECT27 notype       Static       | .text$mn
    Section length   3C, #relocs    3, #linenums    0, checksum 27CBE999, selection    2 (pick any)
087 00000000 SECT28 notype       Static       | .text$x
    Section length   64, #relocs    5, #linenums    0, checksum CDE100F3, selection    5 (pick associative Section 0x27)
089 00000000 SECT29 notype       Static       | .text$mn
    Section length   3B, #relocs    3, #linenums    0, checksum C221C7B9, selection    2 (pick any)
08B 00000000 SECT2A notype       Static       | .text$x
    Section length   64, #relocs    5, #linenums    0, checksum CDE100F3, selection    5 (pick associative Section 0x29)
08D 00000000 SECT2B notype       Static       | .text$mn
    Section length   3C, #relocs    3, #linenums    0, checksum 27CBE999, selection    2 (pick any)
08F 00000000 SECT2C notype       Static       | .text$x
    Section length   64, #relocs    5, #linenums    0, checksum CDE100F3, selection    5 (pick associative Section 0x2B)
091 00000000 SECT2D notype       Static       | .text$mn
    Section length   3C, #relocs    3, #linenums    0, checksum 27CBE999, selection    2 (pick any)
093 00000000 SECT2E notype       Static       | .text$x
    Section length   64, #relocs    5, #linenums    0, checksum CDE100F3, selection    5 (pick associative Section 0x2D)
095 00000000 SECT2F notype       Static       | .text$mn
    Section length   3E, #relocs    3, #linenums    0, checksum 9DAF8BEA, selection    2 (pick any)
097 00000000 SECT30 notype       Static       | .text$x
    Section length   64, #relocs    5, #linenums    0, checksum CDE100F3, selection    5 (pick associative Section 0x2F)
099 00000000 SECT31 notype       Static       | .text$mn
    Section length   3E, #relocs    3, #linenums    0, checksum 2B80E9C0, selection    2 (pick any)
09B 00000000 SECT32 notype       Static       | .text$x
    Section length   64, #relocs    5, #linenums    0, checksum CDE100F3, selection    5 (pick associative Section 0x31)
09D 00000000 SECT33 notype       Static       | .text$mn
    Section length   3E, #relocs    3, #linenums    0, checksum 2B80E9C0, selection    2 (pick any)
09F 00000000 SECT34 notype       Static       | .text$x
    Section length   64, #relocs    5, #linenums    0, checksum CDE100F3, selection    5 (pick associative Section 0x33)
0A1 00000000 SECT35 notype       Static       | .text$mn
    Section length   3E, #relocs    3, #linenums    0, checksum 9DAF8BEA, selection    2 (pick any)
0A3 00000000 SECT36 notype       Static       | .text$x
    Section length   64, #relocs    5, #linenums    0, checksum CDE100F3, selection    5 (pick associative Section 0x35)
0A5 00000000 SECT37 notype       Static       | .text$mn
    Section length   3D, #relocs    3, #linenums    0, checksum 62D22547, selection    2 (pick any)
0A7 00000000 SECT38 notype       Static       | .text$x
    Section length   64, #relocs    5, #linenums    0, checksum CDE100F3, selection    5 (pick associative Section 0x37)
0A9 00000000 SECT39 notype       Static       | .text$mn
    Section length   3E, #relocs    3, #linenums    0, checksum 2B80E9C0, selection    2 (pick any)
0AB 00000000 SECT3A notype       Static       | .text$x
    Section length   64, #relocs    5, #linenums    0, checksum CDE100F3, selection    5 (pick associative Section 0x39)
0AD 00000000 SECT3B notype       Static       | .text$mn
    Section length   34, #relocs    3, #linenums    0, checksum 211427CB, selection    2 (pick any)
0AF 00000000 SECT3C notype       Static       | .text$x
    Section length   64, #relocs    5, #linenums    0, checksum C9A0EBDD, selection    5 (pick associative Section 0x3B)
0B1 00000000 SECT3D notype       Static       | .text$mn
    Section length   34, #relocs    3, #linenums    0, checksum 211427CB, selection    2 (pick any)
0B3 00000000 SECT3E notype       Static       | .text$x
    Section length   64, #relocs    5, #linenums    0, checksum C9A0EBDD, selection    5 (pick associative Section 0x3D)
0B5 00000000 SECT3F notype       Static       | .text$mn
    Section length   34, #relocs    3, #linenums    0, checksum 211427CB, selection    2 (pick any)
0B7 00000000 SECT40 notype       Static       | .text$x
    Section length   64, #relocs    5, #linenums    0, checksum C9A0EBDD, selection    5 (pick associative Section 0x3F)
0B9 00000000 SECT41 notype       Static       | .text$mn
    Section length   34, #relocs    3, #linenums    0, checksum 211427CB, selection    2 (pick any)
0BB 00000000 SECT42 notype       Static       | .text$x
    Section length   64, #relocs    5, #linenums    0, checksum C9A0EBDD, selection    5 (pick associative Section 0x41)
0BD 00000000 SECT43 notype       Static       | .text$mn
    Section length   34, #relocs    3, #linenums    0, checksum 211427CB, selection    2 (pick any)
0BF 00000000 SECT44 notype       Static       | .text$x
    Section length   64, #relocs    5, #linenums    0, checksum C9A0EBDD, selection    5 (pick associative Section 0x43)
0C1 00000000 SECT45 notype       Static       | .text$mn
    Section length   34, #relocs    3, #linenums    0, checksum 211427CB, selection    2 (pick any)
0C3 00000000 SECT46 notype       Static       | .text$x
    Section length   64, #relocs    5, #linenums    0, checksum C9A0EBDD, selection    5 (pick associative Section 0x45)
0C5 00000000 SECT47 notype       Static       | .text$mn
    Section length   34, #relocs    3, #linenums    0, checksum 211427CB, selection    2 (pick any)
0C7 00000000 SECT48 notype       Static       | .text$x
    Section length   64, #relocs    5, #linenums    0, checksum C9A0EBDD, selection    5 (pick associative Section 0x47)
0C9 00000000 SECT49 notype       Static       | .text$mn
    Section length   34, #relocs    3, #linenums    0, checksum CCDE55B1, selection    2 (pick any)
0CB 00000000 SECT4A notype       Static       | .text$x
    Section length   64, #relocs    5, #linenums    0, checksum C9A0EBDD, selection    5 (pick associative Section 0x49)
0CD 00000000 SECT4B notype       Static       | .text$mn
    Section length   34, #relocs    3, #linenums    0, checksum 211427CB, selection    2 (pick any)
0CF 00000000 SECT4C notype       Static       | .text$x
    Section length   64, #relocs    5, #linenums    0, checksum C9A0EBDD, selection    5 (pick associative Section 0x4B)
0D1 00000000 SECT4D notype       Static       | .text$mn
    Section length   34, #relocs    3, #linenums    0, checksum 211427CB, selection    2 (pick any)
0D3 00000000 SECT4E notype       Static       | .text$x
    Section length   64, #relocs    5, #linenums    0, checksum C9A0EBDD, selection    5 (pick associative Section 0x4D)
0D5 00000000 SECT4F notype       Static       | .text$mn
    Section length   34, #relocs    3, #linenums    0, checksum 211427CB, selection    2 (pick any)
0D7 00000000 SECT50 notype       Static       | .text$x
    Section length   64, #relocs    5, #linenums    0, checksum C9A0EBDD, selection    5 (pick associative Section 0x4F)
0D9 00000000 SECT51 notype       Static       | .text$mn
    Section length   34, #relocs    3, #linenums    0, checksum 211427CB, selection    2 (pick any)
0DB 00000000 SECT52 notype       Static       | .text$x
    Section length   64, #relocs    5, #linenums    0, checksum C9A0EBDD, selection    5 (pick associative Section 0x51)
0DD 00000000 SECT53 notype       Static       | .text$mn
    Section length   34, #relocs    3, #linenums    0, checksum CCDE55B1, selection    2 (pick any)
0DF 00000000 SECT54 notype       Static       | .text$x
    Section length   64, #relocs    5, #linenums    0, checksum C9A0EBDD, selection    5 (pick associative Section 0x53)
0E1 00000000 SECT55 notype       Static       | .text$mn
    Section length   34, #relocs    3, #linenums    0, checksum 211427CB, selection    2 (pick any)
0E3 00000000 SECT56 notype       Static       | .text$x
    Section length   64, #relocs    5, #linenums    0, checksum C9A0EBDD, selection    5 (pick associative Section 0x55)
0E5 00000000 SECT57 notype       Static       | .text$mn
    Section length   34, #relocs    3, #linenums    0, checksum 211427CB, selection    2 (pick any)
0E7 00000000 SECT58 notype       Static       | .text$x
    Section length   64, #relocs    5, #linenums    0, checksum C9A0EBDD, selection    5 (pick associative Section 0x57)
0E9 00000000 SECT59 notype       Static       | .text$mn
    Section length   34, #relocs    3, #linenums    0, checksum 211427CB, selection    2 (pick any)
0EB 00000000 SECT5A notype       Static       | .text$x
    Section length   64, #relocs    5, #linenums    0, checksum C9A0EBDD, selection    5 (pick associative Section 0x59)
0ED 00000000 SECT5B notype       Static       | .text$mn
    Section length   34, #relocs    3, #linenums    0, checksum 211427CB, selection    2 (pick any)
0EF 00000000 SECT5C notype       Static       | .text$x
    Section length   64, #relocs    5, #linenums    0, checksum C9A0EBDD, selection    5 (pick associative Section 0x5B)
0F1 00000000 SECT5D notype       Static       | .text$mn
    Section length   34, #relocs    3, #linenums    0, checksum 211427CB, selection    2 (pick any)
0F3 00000000 SECT5E notype       Static       | .text$x
    Section length   64, #relocs    5, #linenums    0, checksum C9A0EBDD, selection    5 (pick associative Section 0x5D)
0F5 00000000 SECT5F notype       Static       | .text$mn
    Section length   33, #relocs    3, #linenums    0, checksum 578E349C, selection    2 (pick any)
0F7 00000000 SECT60 notype       Static       | .text$x
    Section length   64, #relocs    5, #linenums    0, checksum C9A0EBDD, selection    5 (pick associative Section 0x5F)
0F9 00000000 SECT61 notype       Static       | .text$mn
    Section length   34, #relocs    3, #linenums    0, checksum 211427CB, selection    2 (pick any)
0FB 00000000 SECT62 notype       Static       | .text$x
    Section length   64, #relocs    5, #linenums    0, checksum C9A0EBDD, selection    5 (pick associative Section 0x61)
0FD 00000000 SECT63 notype       Static       | .text$mn
    Section length   34, #relocs    3, #linenums    0, checksum CCDE55B1, selection    2 (pick any)
0FF 00000000 SECT64 notype       Static       | .text$x
    Section length   64, #relocs    5, #linenums    0, checksum C9A0EBDD, selection    5 (pick associative Section 0x63)
101 00000000 SECT65 notype       Static       | .text$mn
    Section length   34, #relocs    3, #linenums    0, checksum 211427CB, selection    2 (pick any)
103 00000000 SECT66 notype       Static       | .text$x
    Section length   64, #relocs    5, #linenums    0, checksum C9A0EBDD, selection    5 (pick associative Section 0x65)
105 00000000 SECT67 notype       Static       | .text$mn
    Section length   34, #relocs    3, #linenums    0, checksum CCDE55B1, selection    2 (pick any)
107 00000000 SECT68 notype       Static       | .text$x
    Section length   64, #relocs    5, #linenums    0, checksum C9A0EBDD, selection    5 (pick associative Section 0x67)
109 00000000 SECT69 notype       Static       | .text$mn
    Section length   34, #relocs    3, #linenums    0, checksum 211427CB, selection    2 (pick any)
10B 00000000 SECT6A notype       Static       | .text$x
    Section length   64, #relocs    5, #linenums    0, checksum C9A0EBDD, selection    5 (pick associative Section 0x69)
10D 00000000 SECT6B notype       Static       | .text$mn
    Section length   34, #relocs    3, #linenums    0, checksum 211427CB, selection    2 (pick any)
10F 00000000 SECT6C notype       Static       | .text$x
    Section length   64, #relocs    5, #linenums    0, checksum C9A0EBDD, selection    5 (pick associative Section 0x6B)
111 00000000 SECT6D notype       Static       | .text$mn
    Section length   34, #relocs    3, #linenums    0, checksum 211427CB, selection    2 (pick any)
113 00000000 SECT6E notype       Static       | .text$x
    Section length   64, #relocs    5, #linenums    0, checksum C9A0EBDD, selection    5 (pick associative Section 0x6D)
115 00000000 SECT6F notype       Static       | .text$mn
    Section length   33, #relocs    3, #linenums    0, checksum 578E349C, selection    2 (pick any)
117 00000000 SECT70 notype       Static       | .text$x
    Section length   64, #relocs    5, #linenums    0, checksum C9A0EBDD, selection    5 (pick associative Section 0x6F)
119 00000000 SECT71 notype       Static       | .text$mn
    Section length   34, #relocs    3, #linenums    0, checksum CCDE55B1, selection    2 (pick any)
11B 00000000 SECT72 notype       Static       | .text$x
    Section length   64, #relocs    5, #linenums    0, checksum C9A0EBDD, selection    5 (pick associative Section 0x71)
11D 00000000 SECT73 notype       Static       | .text$mn
    Section length   34, #relocs    3, #linenums    0, checksum 211427CB, selection    2 (pick any)
11F 00000000 SECT74 notype       Static       | .text$x
    Section length   64, #relocs    5, #linenums    0, checksum C9A0EBDD, selection    5 (pick associative Section 0x73)
121 00000000 SECT75 notype       Static       | .text$mn
    Section length   34, #relocs    3, #linenums    0, checksum 211427CB, selection    2 (pick any)
123 00000000 SECT76 notype       Static       | .text$x
    Section length   64, #relocs    5, #linenums    0, checksum C9A0EBDD, selection    5 (pick associative Section 0x75)
125 00000000 SECT77 notype       Static       | .text$mn
    Section length   34, #relocs    3, #linenums    0, checksum 211427CB, selection    2 (pick any)
127 00000000 SECT78 notype       Static       | .text$x
    Section length   64, #relocs    5, #linenums    0, checksum C9A0EBDD, selection    5 (pick associative Section 0x77)
129 00000000 SECT79 notype       Static       | .text$mn
    Section length   34, #relocs    3, #linenums    0, checksum CCDE55B1, selection    2 (pick any)
12B 00000000 SECT7A notype       Static       | .text$x
    Section length   64, #relocs    5, #linenums    0, checksum C9A0EBDD, selection    5 (pick associative Section 0x79)
12D 00000000 SECT7B notype       Static       | .text$mn
    Section length   34, #relocs    3, #linenums    0, checksum 211427CB, selection    2 (pick any)
12F 00000000 SECT7C notype       Static       | .text$x
    Section length   64, #relocs    5, #linenums    0, checksum C9A0EBDD, selection    5 (pick associative Section 0x7B)
131 00000000 SECT7D notype       Static       | .text$mn
    Section length   34, #relocs    3, #linenums    0, checksum 211427CB, selection    2 (pick any)
133 00000000 SECT7E notype       Static       | .text$x
    Section length   64, #relocs    5, #linenums    0, checksum C9A0EBDD, selection    5 (pick associative Section 0x7D)
135 00000000 SECT7F notype       Static       | .text$mn
    Section length   3D, #relocs    3, #linenums    0, checksum 1F1F6878, selection    2 (pick any)
137 00000000 SECT80 notype       Static       | .text$x
    Section length   64, #relocs    5, #linenums    0, checksum CDE100F3, selection    5 (pick associative Section 0x7F)
139 00000000 SECT81 notype       Static       | .text$mn
    Section length   3E, #relocs    3, #linenums    0, checksum 9DAF8BEA, selection    2 (pick any)
13B 00000000 SECT82 notype       Static       | .text$x
    Section length   64, #relocs    5, #linenums    0, checksum CDE100F3, selection    5 (pick associative Section 0x81)
13D 00000000 SECT83 notype       Static       | .text$mn
    Section length   37, #relocs    2, #linenums    0, checksum E4A35C9B, selection    2 (pick any)
13F 00000000 SECT84 notype       Static       | .text$x
    Section length   18, #relocs    1, #linenums    0, checksum 4623BED5, selection    5 (pick associative Section 0x83)
141 00000000 SECT85 notype       Static       | .text$mn
    Section length   37, #relocs    1, #linenums    0, checksum  DBA2702, selection    2 (pick any)
143 00000000 SECT86 notype       Static       | .text$mn
    Section length   1D, #relocs    1, #linenums    0, checksum A11E7418, selection    2 (pick any)
145 00000000 SECT87 notype       Static       | .text$mn
    Section length    B, #relocs    0, #linenums    0, checksum C455396F, selection    2 (pick any)
147 00000000 SECT88 notype       Static       | .text$mn
    Section length    B, #relocs    0, #linenums    0, checksum C455396F, selection    2 (pick any)
149 00000000 SECT89 notype       Static       | .text$mn
    Section length   58, #relocs    4, #linenums    0, checksum D6DD6782, selection    2 (pick any)
14B 00000000 SECT8A notype       Static       | .text$x
    Section length   18, #relocs    1, #linenums    0, checksum 4623BED5, selection    5 (pick associative Section 0x89)
14D 00000000 SECT8B notype       Static       | .text$mn
    Section length   17, #relocs    0, #linenums    0, checksum 14D30355, selection    2 (pick any)
14F 00000000 SECT8C notype       Static       | .text$mn
    Section length   24, #relocs    0, #linenums    0, checksum 3907F832, selection    2 (pick any)
151 00000000 SECT8D notype       Static       | .text$mn
    Section length   2C, #relocs    2, #linenums    0, checksum 3B1287E9, selection    2 (pick any)
153 00000000 SECT8E notype       Static       | .text$mn
    Section length   2C, #relocs    2, #linenums    0, checksum 3B1287E9, selection    2 (pick any)
155 00000000 SECT8F notype       Static       | .text$mn
    Section length   2C, #relocs    2, #linenums    0, checksum 3B1287E9, selection    2 (pick any)
157 00000000 SECT90 notype       Static       | .text$mn
    Section length   1A, #relocs    1, #linenums    0, checksum 890E2E7D, selection    2 (pick any)
159 00000000 SECT91 notype       Static       | .text$mn
    Section length   2D, #relocs    0, #linenums    0, checksum 3801AFA1, selection    2 (pick any)
15B 00000000 SECT92 notype       Static       | .text$mn
    Section length   1D, #relocs    0, #linenums    0, checksum C7F75F6F, selection    2 (pick any)
15D 00000000 SECT93 notype       Static       | .text$mn
    Section length   22, #relocs    2, #linenums    0, checksum 72D15621, selection    2 (pick any)
15F 00000000 SECT94 notype       Static       | .text$mn
    Section length   18, #relocs    1, #linenums    0, checksum CC4F429E, selection    2 (pick any)
161 00000000 SECT95 notype       Static       | .text$mn
    Section length   18, #relocs    1, #linenums    0, checksum CC4F429E, selection    2 (pick any)
163 00000000 SECT96 notype       Static       | .text$mn
    Section length   18, #relocs    1, #linenums    0, checksum CC4F429E, selection    2 (pick any)
165 00000000 SECT97 notype       Static       | .text$mn
    Section length   18, #relocs    1, #linenums    0, checksum CC4F429E, selection    2 (pick any)
167 00000000 SECT98 notype       Static       | .text$mn
    Section length   18, #relocs    1, #linenums    0, checksum CC4F429E, selection    2 (pick any)
169 00000000 SECT99 notype       Static       | .text$mn
    Section length   15, #relocs    1, #linenums    0, checksum 4B6EF1AC, selection    2 (pick any)
16B 00000000 SECT9A notype       Static       | .text$mn
    Section length   10, #relocs    0, #linenums    0, checksum 62AEA74E, selection    2 (pick any)
16D 00000000 SECT9B notype       Static       | .text$mn
    Section length    B, #relocs    0, #linenums    0, checksum 38087020, selection    2 (pick any)
16F 00000000 SECT9C notype       Static       | .text$mn
    Section length   33, #relocs    0, #linenums    0, checksum CB5D4F24, selection    2 (pick any)
171 00000000 SECT9D notype       Static       | .text$mn
    Section length   7A, #relocs    5, #linenums    0, checksum 24B4FC17, selection    2 (pick any)
173 00000000 SECT9E notype       Static       | .text$mn
    Section length   36, #relocs    2, #linenums    0, checksum A2D70AB0, selection    2 (pick any)
175 00000000 SECT9F notype       Static       | .text$mn
    Section length   36, #relocs    2, #linenums    0, checksum A2D70AB0, selection    2 (pick any)
177 00000000 SECTA0 notype       Static       | .text$mn
    Section length   36, #relocs    2, #linenums    0, checksum A2D70AB0, selection    2 (pick any)
179 00000000 SECTA1 notype       Static       | .text$mn
    Section length   36, #relocs    2, #linenums    0, checksum A2D70AB0, selection    2 (pick any)
17B 00000000 SECTA2 notype       Static       | .text$di
    Section length   21, #relocs    4, #linenums    0, checksum  4187D94, selection    2 (pick any)
17D 00000000 SECTA3 notype       Static       | .text$di
    Section length   21, #relocs    4, #linenums    0, checksum  4187D94, selection    2 (pick any)
17F 00000000 SECTA4 notype       Static       | .text$di
    Section length   21, #relocs    4, #linenums    0, checksum  4187D94, selection    2 (pick any)
181 00000000 SECTA5 notype       Static       | .text$di
    Section length   17, #relocs    2, #linenums    0, checksum 53721185, selection    2 (pick any)
183 00000000 SECTA6 notype       Static       | .text$di
    Section length   17, #relocs    2, #linenums    0, checksum 53721185, selection    2 (pick any)
185 00000000 SECTA7 notype       Static       | .text$di
    Section length   17, #relocs    2, #linenums    0, checksum 53721185, selection    2 (pick any)
187 00000000 SECTA8 notype       Static       | .text$di
    Section length   17, #relocs    2, #linenums    0, checksum 53721185, selection    2 (pick any)
189 00000000 SECTA9 notype       Static       | .text$di
    Section length   1C, #relocs    0, #linenums    0, checksum A6B9D72B, selection    2 (pick any)
18B 00000000 SECTAA notype       Static       | .text$di
    Section length   1C, #relocs    0, #linenums    0, checksum A6B9D72B, selection    2 (pick any)
18D 00000000 SECTAB notype       Static       | .text$yd
    Section length   15, #relocs    2, #linenums    0, checksum 262BBE79, selection    2 (pick any)
18F 00000000 SECTAC notype       Static       | .text$yd
    Section length   15, #relocs    2, #linenums    0, checksum 262BBE79, selection    2 (pick any)
191 00000000 SECTAD notype       Static       | .text$yd
    Section length   15, #relocs    2, #linenums    0, checksum 262BBE79, selection    2 (pick any)
193 00000000 SECTAE notype       Static       | .text$mn
    Section length   5E, #relocs    4, #linenums    0, checksum 96241ADD, selection    2 (pick any)
195 00000000 SECTAF notype       Static       | .text$mn
    Section length  1E7, #relocs    B, #linenums    0, checksum AFB44E94, selection    2 (pick any)
197 00000000 SECTB0 notype       Static       | .text$x
    Section length   91, #relocs    6, #linenums    0, checksum CC1782F3, selection    5 (pick associative Section 0xAF)
199 00000000 SECTB1 notype       Static       | .text$mn
    Section length   42, #relocs    2, #linenums    0, checksum E09F9D7A, selection    2 (pick any)
19B 00000000 SECTB2 notype       Static       | .text$mn
    Section length   58, #relocs    4, #linenums    0, checksum 5DDCAC40, selection    2 (pick any)
19D 00000000 SECTB3 notype       Static       | .text$mn
    Section length   22, #relocs    1, #linenums    0, checksum 2056DFF8, selection    2 (pick any)
19F 00000000 SECTB4 notype       Static       | .text$mn
    Section length   DE, #relocs    5, #linenums    0, checksum D4BE59DC, selection    2 (pick any)
1A1 00000000 SECTB5 notype       Static       | .text$mn
    Section length   4E, #relocs    2, #linenums    0, checksum 16D44D0E, selection    2 (pick any)
1A3 00000000 SECTB6 notype       Static       | .text$mn
    Section length   42, #relocs    1, #linenums    0, checksum  6E2DAC5, selection    2 (pick any)
1A5 00000000 SECTB7 notype       Static       | .text$mn
    Section length   42, #relocs    1, #linenums    0, checksum  6E2DAC5, selection    2 (pick any)
1A7 00000000 SECTB8 notype       Static       | .text$mn
    Section length   85, #relocs    2, #linenums    0, checksum 699017D3, selection    2 (pick any)
1A9 00000000 SECTB9 notype       Static       | .text$mn
    Section length   E9, #relocs    7, #linenums    0, checksum 7EE34D16, selection    2 (pick any)
1AB 00000000 SECTBA notype       Static       | .text$mn
    Section length   1A, #relocs    2, #linenums    0, checksum B55F15B3, selection    2 (pick any)
1AD 00000000 SECTBB notype       Static       | .text$mn
    Section length   1A, #relocs    2, #linenums    0, checksum B55F15B3, selection    2 (pick any)
1AF 00000000 SECTBC notype       Static       | .text$mn
    Section length   22, #relocs    1, #linenums    0, checksum 34937416, selection    2 (pick any)
1B1 00000000 SECTBD notype       Static       | .text$mn
    Section length   1F, #relocs    1, #linenums    0, checksum 3DF551A0, selection    2 (pick any)
1B3 00000000 SECTBE notype       Static       | .text$mn
    Section length   1F, #relocs    1, #linenums    0, checksum 3DF551A0, selection    2 (pick any)
1B5 00000000 SECTBF notype       Static       | .text$mn
    Section length   FE, #relocs    A, #linenums    0, checksum 2000A77E, selection    2 (pick any)
1B7 00000000 SECTC0 notype       Static       | .text$mn
    Section length   46, #relocs    4, #linenums    0, checksum 355F0115, selection    2 (pick any)
1B9 00000000 SECTC1 notype       Static       | .text$mn
    Section length   C4, #relocs    9, #linenums    0, checksum CC83B6E5, selection    2 (pick any)
1BB 00000000 SECTC2 notype       Static       | .text$mn
    Section length   1A, #relocs    0, #linenums    0, checksum F766F8CB, selection    2 (pick any)
1BD 00000000 SECTC3 notype       Static       | .text$mn
    Section length    F, #relocs    0, #linenums    0, checksum 557AB289, selection    2 (pick any)
1BF 00000000 SECTC4 notype       Static       | .text$mn
    Section length    F, #relocs    0, #linenums    0, checksum 557AB289, selection    2 (pick any)
1C1 00000000 SECTC5 notype       Static       | .text$mn
    Section length   4A, #relocs    1, #linenums    0, checksum 56634447, selection    2 (pick any)
1C3 00000000 SECTC6 notype       Static       | .text$mn
    Section length   2C, #relocs    1, #linenums    0, checksum B39E14AB, selection    2 (pick any)
1C5 00000000 SECTC7 notype       Static       | .text$mn
    Section length   22, #relocs    1, #linenums    0, checksum B1EB2B2D, selection    2 (pick any)
1C7 00000000 SECTC8 notype       Static       | .text$mn
    Section length   22, #relocs    1, #linenums    0, checksum B1EB2B2D, selection    2 (pick any)
1C9 00000000 SECTC9 notype       Static       | .text$mn
    Section length   60, #relocs    5, #linenums    0, checksum 26652130, selection    2 (pick any)
1CB 00000000 SECTCA notype       Static       | .text$mn
    Section length   30, #relocs    1, #linenums    0, checksum AC0F2A1C, selection    2 (pick any)
1CD 00000000 SECTCB notype       Static       | .text$mn
    Section length   5D, #relocs    3, #linenums    0, checksum F2EC74DB, selection    2 (pick any)
1CF 00000000 SECTCC notype       Static       | .text$mn
    Section length   3E, #relocs    1, #linenums    0, checksum 9C51CE1C, selection    2 (pick any)
1D1 00000000 SECTCD notype       Static       | .text$mn
    Section length   D1, #relocs    5, #linenums    0, checksum 4904DDEE, selection    2 (pick any)
1D3 00000000 SECTCE notype       Static       | .text$mn
    Section length   41, #relocs    2, #linenums    0, checksum 572A8416, selection    2 (pick any)
1D5 00000000 SECTCF notype       Static       | .text$mn
    Section length    8, #relocs    1, #linenums    0, checksum 411950D3, selection    2 (pick any)
1D7 00000000 SECTD0 notype       Static       | .text$mn
    Section length   39, #relocs    1, #linenums    0, checksum 4EC8004A, selection    2 (pick any)
1D9 00000000 SECTD1 notype       Static       | .text$mn
    Section length   18, #relocs    1, #linenums    0, checksum CC4F429E, selection    2 (pick any)
1DB 00000000 SECTD2 notype       Static       | .text$mn
    Section length    D, #relocs    0, #linenums    0, checksum E246602C, selection    2 (pick any)
1DD 00000000 SECTD3 notype       Static       | .text$mn
    Section length   18, #relocs    1, #linenums    0, checksum CC4F429E, selection    2 (pick any)
1DF 00000000 SECTD4 notype       Static       | .text$mn
    Section length   4F, #relocs    2, #linenums    0, checksum 86742674, selection    2 (pick any)
1E1 00000000 SECTD5 notype       Static       | .text$mn
    Section length   6D, #relocs    3, #linenums    0, checksum A9E4392C, selection    2 (pick any)
1E3 00000000 SECTD6 notype       Static       | .text$mn
    Section length   70, #relocs    3, #linenums    0, checksum D3B219B2, selection    2 (pick any)
1E5 00000000 SECTD7 notype       Static       | .text$mn
    Section length   6D, #relocs    3, #linenums    0, checksum A9E4392C, selection    2 (pick any)
1E7 00000000 SECTD8 notype       Static       | .text$mn
    Section length   4A, #relocs    1, #linenums    0, checksum 56634447, selection    2 (pick any)
1E9 00000000 SECTD9 notype       Static       | .text$mn
    Section length    D, #relocs    1, #linenums    0, checksum 7AC5CDFE, selection    2 (pick any)
1EB 00000000 SECTDA notype       Static       | .text$mn
    Section length    D, #relocs    1, #linenums    0, checksum 7AC5CDFE, selection    2 (pick any)
1ED 00000000 SECTDB notype       Static       | .text$mn
    Section length    D, #relocs    1, #linenums    0, checksum 7AC5CDFE, selection    2 (pick any)
1EF 00000000 SECTDC notype       Static       | .text$mn
    Section length    F, #relocs    0, #linenums    0, checksum 1FB8A0D8, selection    2 (pick any)
1F1 00000000 SECTDD notype       Static       | .text$mn
    Section length    8, #relocs    1, #linenums    0, checksum 411950D3, selection    2 (pick any)
1F3 00000000 SECTDE notype       Static       | .text$mn
    Section length    D, #relocs    0, #linenums    0, checksum C1847447, selection    2 (pick any)
1F5 00000000 SECTDF notype       Static       | .text$mn
    Section length    D, #relocs    0, #linenums    0, checksum C1847447, selection    2 (pick any)
1F7 00000000 SECTE0 notype       Static       | .text$mn
    Section length   26, #relocs    1, #linenums    0, checksum 8C528FD3, selection    2 (pick any)
1F9 00000000 UNDEF  notype ()    External     | _purecall
1FA 00000000 UNDEF  notype ()    External     | ??2@YAPEAX_K@Z (void * __cdecl operator new(unsigned __int64))
1FB 00000000 UNDEF  notype ()    External     | ??3@YAXPEAX@Z (void __cdecl operator delete(void *))
1FC 00000000 UNDEF  notype ()    External     | atexit
1FD 00000000 SECT4  notype ()    External     | ?startup@ClientMiles@@YAHXZ (int __cdecl ClientMiles::startup(void))
1FE 00000020 SECT4  notype ()    External     | ?shutdown@ClientMiles@@YAXXZ (void __cdecl ClientMiles::shutdown(void))
1FF 00000040 SECT4  notype ()    External     | ?get_preference@ClientMiles@@YA_JI@Z (__int64 __cdecl ClientMiles::get_preference(unsigned int))
200 00000070 SECT4  notype ()    External     | ?set_preference@ClientMiles@@YA_JI_J@Z (__int64 __cdecl ClientMiles::set_preference(unsigned int,__int64))
201 000000C0 SECT4  notype ()    External     | ?last_error@ClientMiles@@YAPEBDXZ (char const * __cdecl ClientMiles::last_error(void))
202 000000E0 SECT4  notype ()    External     | ?set_redist_directory@ClientMiles@@YAPEBDPEBD@Z (char const * __cdecl ClientMiles::set_redist_directory(char const *))
203 00000110 SECT4  notype ()    External     | ?MSS_version@ClientMiles@@YAXPEADH@Z (void __cdecl ClientMiles::MSS_version(char *,int))
204 00000160 SECT4  notype ()    External     | ?open_digital_driver@ClientMiles@@YAPEAU_DIG_DRIVER@@IHHI@Z (struct _DIG_DRIVER * __cdecl ClientMiles::open_digital_driver(unsigned int,int,int,unsigned int))
205 000001D0 SECT4  notype ()    External     | ?speaker_configuration_spec@ClientMiles@@YAHPEAU_DIG_DRIVER@@@Z (int __cdecl ClientMiles::speaker_configuration_spec(struct _DIG_DRIVER *))
206 00000200 SECT4  notype ()    External     | ?set_file_callbacks@ClientMiles@@YAXP6AIPEBDPEA_K@ZP6AX_K@ZP6AH3HI@ZP6AI3PEAXI@Z@Z (void __cdecl ClientMiles::set_file_callbacks(unsigned int (__cdecl*)(char const *,unsigned __int64 *),void (__cdecl*)(unsigned __int64),int (__cdecl*)(unsigned __int64,int,unsigned int),unsigned int (__cdecl*)(unsigned __int64,void *,unsigned int)))
207 00000280 SECT4  notype ()    External     | ?set_listener_3D_position@ClientMiles@@YAXPEAU_DIG_DRIVER@@MMM@Z (void __cdecl ClientMiles::set_listener_3D_position(struct _DIG_DRIVER *,float,float,float))
208 00000300 SECT4  notype ()    External     | ?set_listener_3D_velocity_vector@ClientMiles@@YAXPEAU_DIG_DRIVER@@MMM@Z (void __cdecl ClientMiles::set_listener_3D_velocity_vector(struct _DIG_DRIVER *,float,float,float))
209 00000380 SECT4  notype ()    External     | ?set_listener_3D_orientation@ClientMiles@@YAXPEAU_DIG_DRIVER@@MMMMMM@Z (void __cdecl ClientMiles::set_listener_3D_orientation(struct _DIG_DRIVER *,float,float,float,float,float,float))
20A 00000430 SECT4  notype ()    External     | ?set_3D_rolloff_factor@ClientMiles@@YAXPEAU_DIG_DRIVER@@M@Z (void __cdecl ClientMiles::set_3D_rolloff_factor(struct _DIG_DRIVER *,float))
20B 00000480 SECT4  notype ()    External     | ?serve@ClientMiles@@YAXXZ (void __cdecl ClientMiles::serve(void))
20C 000004A0 SECT4  notype ()    External     | ?room_type@ClientMiles@@YAHPEAU_DIG_DRIVER@@@Z (int __cdecl ClientMiles::room_type(struct _DIG_DRIVER *))
20D 000004D0 SECT4  notype ()    External     | ?set_room_type@ClientMiles@@YAXPEAU_DIG_DRIVER@@H@Z (void __cdecl ClientMiles::set_room_type(struct _DIG_DRIVER *,int))
20E 00000520 SECT4  notype ()    External     | ?digital_CPU_percent@ClientMiles@@YAHPEAU_DIG_DRIVER@@@Z (int __cdecl ClientMiles::digital_CPU_percent(struct _DIG_DRIVER *))
20F 00000550 SECT4  notype ()    External     | ?digital_latency@ClientMiles@@YAHPEAU_DIG_DRIVER@@@Z (int __cdecl ClientMiles::digital_latency(struct _DIG_DRIVER *))
210 00000580 SECT4  notype ()    External     | ?get_timer_highest_delay@ClientMiles@@YAIXZ (unsigned int __cdecl ClientMiles::get_timer_highest_delay(void))
211 000005A0 SECT4  notype ()    External     | ?active_sample_count@ClientMiles@@YAHPEAU_DIG_DRIVER@@@Z (int __cdecl ClientMiles::active_sample_count(struct _DIG_DRIVER *))
212 000005D0 SECT4  notype ()    External     | ?allocate_sample_handle@ClientMiles@@YAPEAU_SAMPLE@@PEAU_DIG_DRIVER@@@Z (struct _SAMPLE * __cdecl ClientMiles::allocate_sample_handle(struct _DIG_DRIVER *))
213 00000600 SECT4  notype ()    External     | ?release_sample_handle@ClientMiles@@YAXPEAU_SAMPLE@@@Z (void __cdecl ClientMiles::release_sample_handle(struct _SAMPLE *))
214 00000630 SECT4  notype ()    External     | ?start_sample@ClientMiles@@YAXPEAU_SAMPLE@@@Z (void __cdecl ClientMiles::start_sample(struct _SAMPLE *))
215 00000660 SECT4  notype ()    External     | ?stop_sample@ClientMiles@@YAXPEAU_SAMPLE@@@Z (void __cdecl ClientMiles::stop_sample(struct _SAMPLE *))
216 00000690 SECT4  notype ()    External     | ?end_sample@ClientMiles@@YAXPEAU_SAMPLE@@@Z (void __cdecl ClientMiles::end_sample(struct _SAMPLE *))
217 000006C0 SECT4  notype ()    External     | ?sample_status@ClientMiles@@YAIPEAU_SAMPLE@@@Z (unsigned int __cdecl ClientMiles::sample_status(struct _SAMPLE *))
218 000006F0 SECT4  notype ()    External     | ?sample_ms_position@ClientMiles@@YAXPEAU_SAMPLE@@PEAH1@Z (void __cdecl ClientMiles::sample_ms_position(struct _SAMPLE *,int *,int *))
219 00000750 SECT4  notype ()    External     | ?set_sample_ms_position@ClientMiles@@YAXPEAU_SAMPLE@@H@Z (void __cdecl ClientMiles::set_sample_ms_position(struct _SAMPLE *,int))
21A 000007A0 SECT4  notype ()    External     | ?set_sample_position@ClientMiles@@YAXPEAU_SAMPLE@@I@Z (void __cdecl ClientMiles::set_sample_position(struct _SAMPLE *,unsigned int))
21B 000007F0 SECT4  notype ()    External     | ?sample_position@ClientMiles@@YAIPEAU_SAMPLE@@@Z (unsigned int __cdecl ClientMiles::sample_position(struct _SAMPLE *))
21C 00000820 SECT4  notype ()    External     | ?set_sample_loop_count@ClientMiles@@YAXPEAU_SAMPLE@@H@Z (void __cdecl ClientMiles::set_sample_loop_count(struct _SAMPLE *,int))
21D 00000870 SECT4  notype ()    External     | ?set_sample_loop_block@ClientMiles@@YAXPEAU_SAMPLE@@HH@Z (void __cdecl ClientMiles::set_sample_loop_block(struct _SAMPLE *,int,int))
21E 000008D0 SECT4  notype ()    External     | ?set_sample_3D_position@ClientMiles@@YAXPEAU_SAMPLE@@MMM@Z (void __cdecl ClientMiles::set_sample_3D_position(struct _SAMPLE *,float,float,float))
21F 00000950 SECT4  notype ()    External     | ?set_sample_3D_velocity_vector@ClientMiles@@YAXPEAU_SAMPLE@@MMM@Z (void __cdecl ClientMiles::set_sample_3D_velocity_vector(struct _SAMPLE *,float,float,float))
220 000009D0 SECT4  notype ()    External     | ?set_sample_3D_distances@ClientMiles@@YAXPEAU_SAMPLE@@MMH@Z (void __cdecl ClientMiles::set_sample_3D_distances(struct _SAMPLE *,float,float,int))
221 00000A50 SECT4  notype ()    External     | ?set_sample_occlusion@ClientMiles@@YAXPEAU_SAMPLE@@M@Z (void __cdecl ClientMiles::set_sample_occlusion(struct _SAMPLE *,float))
222 00000AA0 SECT4  notype ()    External     | ?set_sample_obstruction@ClientMiles@@YAXPEAU_SAMPLE@@M@Z (void __cdecl ClientMiles::set_sample_obstruction(struct _SAMPLE *,float))
223 00000AF0 SECT4  notype ()    External     | ?sample_reverb_levels@ClientMiles@@YAXPEAU_SAMPLE@@PEAM1@Z (void __cdecl ClientMiles::sample_reverb_levels(struct _SAMPLE *,float *,float *))
224 00000B50 SECT4  notype ()    External     | ?set_sample_volume_levels@ClientMiles@@YAXPEAU_SAMPLE@@MM@Z (void __cdecl ClientMiles::set_sample_volume_levels(struct _SAMPLE *,float,float))
225 00000BB0 SECT4  notype ()    External     | ?sample_volume_levels@ClientMiles@@YAXPEAU_SAMPLE@@PEAM1@Z (void __cdecl ClientMiles::sample_volume_levels(struct _SAMPLE *,float *,float *))
226 00000C10 SECT4  notype ()    External     | ?set_sample_reverb_levels@ClientMiles@@YAXPEAU_SAMPLE@@MM@Z (void __cdecl ClientMiles::set_sample_reverb_levels(struct _SAMPLE *,float,float))
227 00000C70 SECT4  notype ()    External     | ?set_sample_playback_rate@ClientMiles@@YAXPEAU_SAMPLE@@H@Z (void __cdecl ClientMiles::set_sample_playback_rate(struct _SAMPLE *,int))
228 00000CC0 SECT4  notype ()    External     | ?sample_playback_rate@ClientMiles@@YAHPEAU_SAMPLE@@@Z (int __cdecl ClientMiles::sample_playback_rate(struct _SAMPLE *))
229 00000CF0 SECT4  notype ()    External     | ?open_stream@ClientMiles@@YAPEAU_STREAM@@PEAU_DIG_DRIVER@@PEBDH@Z (struct _STREAM * __cdecl ClientMiles::open_stream(struct _DIG_DRIVER *,char const *,int))
22A 00000D50 SECT4  notype ()    External     | ?close_stream@ClientMiles@@YAXPEAU_STREAM@@@Z (void __cdecl ClientMiles::close_stream(struct _STREAM *))
22B 00000D80 SECT4  notype ()    External     | ?stream_sample_handle@ClientMiles@@YAPEAU_SAMPLE@@PEAU_STREAM@@@Z (struct _SAMPLE * __cdecl ClientMiles::stream_sample_handle(struct _STREAM *))
22C 00000DB0 SECT4  notype ()    External     | ?start_stream@ClientMiles@@YAXPEAU_STREAM@@@Z (void __cdecl ClientMiles::start_stream(struct _STREAM *))
22D 00000DE0 SECT4  notype ()    External     | ?set_stream_loop_count@ClientMiles@@YAXPEAU_STREAM@@H@Z (void __cdecl ClientMiles::set_stream_loop_count(struct _STREAM *,int))
22E 00000E30 SECT4  notype ()    External     | ?set_stream_loop_block@ClientMiles@@YAXPEAU_STREAM@@HH@Z (void __cdecl ClientMiles::set_stream_loop_block(struct _STREAM *,int,int))
22F 00000E90 SECT4  notype ()    External     | ?stream_status@ClientMiles@@YAHPEAU_STREAM@@@Z (int __cdecl ClientMiles::stream_status(struct _STREAM *))
230 00000EC0 SECT4  notype ()    External     | ?set_stream_ms_position@ClientMiles@@YAXPEAU_STREAM@@H@Z (void __cdecl ClientMiles::set_stream_ms_position(struct _STREAM *,int))
231 00000F10 SECT4  notype ()    External     | ?stream_ms_position@ClientMiles@@YAXPEAU_STREAM@@PEAH1@Z (void __cdecl ClientMiles::stream_ms_position(struct _STREAM *,int *,int *))
232 00000F70 SECT4  notype ()    External     | ?file_type@ClientMiles@@YAHPEBXI@Z (int __cdecl ClientMiles::file_type(void const *,unsigned int))
233 00000FC0 SECT4  notype ()    External     | ?file_error@ClientMiles@@YAHXZ (int __cdecl ClientMiles::file_error(void))
234 00000000 UNDEF  notype ()    External     | ??0_Lockit@std@@QEAA@H@Z (public: __cdecl std::_Lockit::_Lockit(int))
235 00000000 UNDEF  notype ()    External     | ??1_Lockit@std@@QEAA@XZ (public: __cdecl std::_Lockit::~_Lockit(void))
236 00000000 UNDEF  notype ()    External     | memcpy
237 00000000 UNDEF  notype ()    External     | strlen
238 00000000 UNDEF  notype ()    External     | memmove
239 00000000 UNDEF  notype ()    External     | _hypot
23A 00000000 SECTE0 notype ()    External     | hypot
23B 00000000 SECT9A notype ()    External     | ??2@YAPEAX_KPEAX@Z (void * __cdecl operator new(unsigned __int64,void *))
23C 00000000 SECT9B notype ()    External     | ??3@YAXPEAX0@Z (void __cdecl operator delete(void *,void *))
23D 00000000 SECTD0 notype ()    External     | ?length@?$char_traits@D@std@@SA_KPEBD@Z (public: static unsigned __int64 __cdecl std::char_traits<char>::length(char const *))
23E 00000000 SECTC5 notype ()    External     | ?copy@?$char_traits@D@std@@SAPEADPEADPEBD_K@Z (public: static char * __cdecl std::char_traits<char>::copy(char *,char const *,unsigned __int64))
23F 00000000 SECTD8 notype ()    External     | ?move@?$char_traits@D@std@@SAPEADPEADPEBD_K@Z (public: static char * __cdecl std::char_traits<char>::move(char *,char const *,unsigned __int64))
240 00000000 SECTC2 notype ()    External     | ?assign@?$char_traits@D@std@@SAXAEADAEBD@Z (public: static void __cdecl std::char_traits<char>::assign(char &,char const &))
241 00000000 SECTAA notype ()    Static       | ??__Epiecewise_construct@std@@YAXXZ (void __cdecl std::`dynamic initializer for 'piecewise_construct''(void))
242 00000000 UNDEF  notype ()    External     | ?_Debug_message@std@@YAXPEB_W0I@Z (void __cdecl std::_Debug_message(wchar_t const *,wchar_t const *,unsigned int))
243 00000000 SECT8C notype ()    External     | ??0_Container_proxy@std@@QEAA@XZ (public: __cdecl std::_Container_proxy::_Container_proxy(void))
244 00000000 SECT8B notype ()    External     | ??0_Container_base12@std@@QEAA@XZ (public: __cdecl std::_Container_base12::_Container_base12(void))
245 00000000 SECT95 notype ()    External     | ??1_Container_base12@std@@QEAA@XZ (public: __cdecl std::_Container_base12::~_Container_base12(void))
246 00000000 SECTB8 notype ()    External     | ?_Orphan_all@_Container_base12@std@@QEAAXXZ (public: void __cdecl std::_Container_base12::_Orphan_all(void))
247 00000000 SECTA9 notype ()    Static       | ??__Eallocator_arg@std@@YAXXZ (void __cdecl std::`dynamic initializer for 'allocator_arg''(void))
248 00000000 UNDEF  notype ()    External     | ?_Xbad_alloc@std@@YAXXZ (void __cdecl std::_Xbad_alloc(void))
249 00000000 UNDEF  notype ()    External     | ?_Xlength_error@std@@YAXPEBD@Z (void __cdecl std::_Xlength_error(char const *))
24A 00000000 UNDEF  notype ()    External     | ?_Xout_of_range@std@@YAXPEBD@Z (void __cdecl std::_Xout_of_range(char const *))
24B 00000000 SECT87 notype ()    External     | ??0?$allocator@D@std@@QEAA@XZ (public: __cdecl std::allocator<char>::allocator<char>(void))
24C 00000000 SECTC7 notype ()    External     | ?deallocate@?$allocator@D@std@@QEAAXPEAD_K@Z (public: void __cdecl std::allocator<char>::deallocate(char *,unsigned __int64))
24D 00000000 SECTBD notype ()    External     | ?allocate@?$allocator@D@std@@QEAAPEAD_K@Z (public: char * __cdecl std::allocator<char>::allocate(unsigned __int64))
24E 00000000 SECTD2 notype ()    External     | ?max_size@?$allocator@D@std@@QEBA_KXZ (public: unsigned __int64 __cdecl std::allocator<char>::max_size(void)const )
24F 00000000 SECTD3 notype ()    External     | ?max_size@?$allocator_traits@V?$allocator@D@std@@@std@@SA_KAEBV?$allocator@D@2@@Z (public: static unsigned __int64 __cdecl std::allocator_traits<class std::allocator<char> >::max_size(class std::allocator<char> const &))
250 00000000 SECT86 notype ()    External     | ??0?$_Wrap_alloc@V?$allocator@D@std@@@std@@QEAA@XZ (public: __cdecl std::_Wrap_alloc<class std::allocator<char> >::_Wrap_alloc<class std::allocator<char> >(void))
251 00000000 SECTBC notype ()    External     | ?allocate@?$_Wrap_alloc@V?$allocator@D@std@@@std@@QEAAPEAD_K@Z (public: char * __cdecl std::_Wrap_alloc<class std::allocator<char> >::allocate(unsigned __int64))
252 00000000 SECTC6 notype ()    External     | ?deallocate@?$_Wrap_alloc@V?$allocator@D@std@@@std@@QEAAXPEAD_K@Z (public: void __cdecl std::_Wrap_alloc<class std::allocator<char> >::deallocate(char *,unsigned __int64))
253 00000000 SECTD1 notype ()    External     | ?max_size@?$_Wrap_alloc@V?$allocator@D@std@@@std@@QEBA_KXZ (public: unsigned __int64 __cdecl std::_Wrap_alloc<class std::allocator<char> >::max_size(void)const )
254 00000000 SECT85 notype ()    External     | ??0?$_String_val@U?$_Simple_types@D@std@@@std@@QEAA@XZ (public: __cdecl std::_String_val<struct std::_Simple_types<char> >::_String_val<struct std::_Simple_types<char> >(void))
255 00000000 SECTB6 notype ()    External     | ?_Myptr@?$_String_val@U?$_Simple_types@D@std@@@std@@QEAAPEADXZ (public: char * __cdecl std::_String_val<struct std::_Simple_types<char> >::_Myptr(void))
256 00000000 SECTB7 notype ()    External     | ?_Myptr@?$_String_val@U?$_Simple_types@D@std@@@std@@QEBAPEBDXZ (public: char const * __cdecl std::_String_val<struct std::_Simple_types<char> >::_Myptr(void)const )
257 00000000 SECT94 notype ()    External     | ??1?$_String_val@U?$_Simple_types@D@std@@@std@@QEAA@XZ (public: __cdecl std::_String_val<struct std::_Simple_types<char> >::~_String_val<struct std::_Simple_types<char> >(void))
258 00000000 SECT83 notype ()    External     | ??0?$_String_alloc@$0A@U?$_String_base_types@DV?$allocator@D@std@@@std@@@std@@QEAA@AEBV?$allocator@D@1@@Z (public: __cdecl std::_String_alloc<0,struct std::_String_base_types<char,class std::allocator<char> > >::_String_alloc<0,struct std::_String_base_types<char,class std::allocator<char> > >(class std::allocator<char> const &))
259 00000000 SECT93 notype ()    External     | ??1?$_String_alloc@$0A@U?$_String_base_types@DV?$allocator@D@std@@@std@@@std@@QEAA@XZ (public: __cdecl std::_String_alloc<0,struct std::_String_base_types<char,class std::allocator<char> > >::~_String_alloc<0,struct std::_String_base_types<char,class std::allocator<char> > >(void))
25A 00000000 SECTAE notype ()    External     | ?_Alloc_proxy@?$_String_alloc@$0A@U?$_String_base_types@DV?$allocator@D@std@@@std@@@std@@QEAAXXZ (public: void __cdecl std::_String_alloc<0,struct std::_String_base_types<char,class std::allocator<char> > >::_Alloc_proxy(void))
25B 00000000 SECTB2 notype ()    External     | ?_Free_proxy@?$_String_alloc@$0A@U?$_String_base_types@DV?$allocator@D@std@@@std@@@std@@QEAAXXZ (public: void __cdecl std::_String_alloc<0,struct std::_String_base_types<char,class std::allocator<char> > >::_Free_proxy(void))
25C 00000000 SECTB3 notype ()    External     | ?_Getal@?$_String_alloc@$0A@U?$_String_base_types@DV?$allocator@D@std@@@std@@@std@@QEBA?AU?$_Wrap_alloc@V?$allocator@D@std@@@2@XZ (public: struct std::_Wrap_alloc<class std::allocator<char> > __cdecl std::_String_alloc<0,struct std::_String_base_types<char,class std::allocator<char> > >::_Getal(void)const )
25D 00000000 SECT89 notype ()    External     | ??0?$basic_string@DU?$char_traits@D@std@@V?$allocator@D@2@@std@@QEAA@PEBD@Z (public: __cdecl std::basic_string<char,struct std::char_traits<char>,class std::allocator<char> >::basic_string<char,struct std::char_traits<char>,class std::allocator<char> >(char const *))
25E 00000000 SECTBF notype ()    External     | ?assign@?$basic_string@DU?$char_traits@D@std@@V?$allocator@D@2@@std@@QEAAAEAV12@AEBV12@_K1@Z (public: class std::basic_string<char,struct std::char_traits<char>,class std::allocator<char> > & __cdecl std::basic_string<char,struct std::char_traits<char>,class std::allocator<char> >::assign(class std::basic_string<char,struct std::char_traits<char>,class std::allocator<char> > const &,unsigned __int64,unsigned __int64))
25F 00000000 SECTC1 notype ()    External     | ?assign@?$basic_string@DU?$char_traits@D@std@@V?$allocator@D@2@@std@@QEAAAEAV12@PEBD_K@Z (public: class std::basic_string<char,struct std::char_traits<char>,class std::allocator<char> > & __cdecl std::basic_string<char,struct std::char_traits<char>,class std::allocator<char> >::assign(char const *,unsigned __int64))
260 00000000 SECTC0 notype ()    External     | ?assign@?$basic_string@DU?$char_traits@D@std@@V?$allocator@D@2@@std@@QEAAAEAV12@PEBD@Z (public: class std::basic_string<char,struct std::char_traits<char>,class std::allocator<char> > & __cdecl std::basic_string<char,struct std::char_traits<char>,class std::allocator<char> >::assign(char const *))
261 00000000 SECTCE notype ()    External     | ?erase@?$basic_string@DU?$char_traits@D@std@@V?$allocator@D@2@@std@@QEAAAEAV12@_K@Z (public: class std::basic_string<char,struct std::char_traits<char>,class std::allocator<char> > & __cdecl std::basic_string<char,struct std::char_traits<char>,class std::allocator<char> >::erase(unsigned __int64))
262 00000000 SECTCD notype ()    External     | ?erase@?$basic_string@DU?$char_traits@D@std@@V?$allocator@D@2@@std@@QEAAAEAV12@_K0@Z (public: class std::basic_string<char,struct std::char_traits<char>,class std::allocator<char> > & __cdecl std::basic_string<char,struct std::char_traits<char>,class std::allocator<char> >::erase(unsigned __int64,unsigned __int64))
263 00000000 SECTDC notype ()    External     | ?size@?$basic_string@DU?$char_traits@D@std@@V?$allocator@D@2@@std@@QEBA_KXZ (public: unsigned __int64 __cdecl std::basic_string<char,struct std::char_traits<char>,class std::allocator<char> >::size(void)const )
264 00000000 SECTD4 notype ()    External     | ?max_size@?$basic_string@DU?$char_traits@D@std@@V?$allocator@D@2@@std@@QEBA_KXZ (public: unsigned __int64 __cdecl std::basic_string<char,struct std::char_traits<char>,class std::allocator<char> >::max_size(void)const )
265 00000000 SECTAF notype ()    External     | ?_Copy@?$basic_string@DU?$char_traits@D@std@@V?$allocator@D@2@@std@@QEAAX_K0@Z (public: void __cdecl std::basic_string<char,struct std::char_traits<char>,class std::allocator<char> >::_Copy(unsigned __int64,unsigned __int64))
266 00000000 SECTB1 notype ()    External     | ?_Eos@?$basic_string@DU?$char_traits@D@std@@V?$allocator@D@2@@std@@QEAAX_K@Z (public: void __cdecl std::basic_string<char,struct std::char_traits<char>,class std::allocator<char> >::_Eos(unsigned __int64))
267 00000000 SECTB4 notype ()    External     | ?_Grow@?$basic_string@DU?$char_traits@D@std@@V?$allocator@D@2@@std@@QEAA_N_K_N@Z (public: bool __cdecl std::basic_string<char,struct std::char_traits<char>,class std::allocator<char> >::_Grow(unsigned __int64,bool))
268 00000000 SECTB5 notype ()    External     | ?_Inside@?$basic_string@DU?$char_traits@D@std@@V?$allocator@D@2@@std@@QEAA_NPEBD@Z (public: bool __cdecl std::basic_string<char,struct std::char_traits<char>,class std::allocator<char> >::_Inside(char const *))
269 00000000 SECTB9 notype ()    External     | ?_Tidy@?$basic_string@DU?$char_traits@D@std@@V?$allocator@D@2@@std@@QEAAX_N_K@Z (public: void __cdecl std::basic_string<char,struct std::char_traits<char>,class std::allocator<char> >::_Tidy(bool,unsigned __int64))
26A 00000000 SECTBA notype ()    External     | ?_Xlen@?$basic_string@DU?$char_traits@D@std@@V?$allocator@D@2@@std@@QEBAXXZ (public: void __cdecl std::basic_string<char,struct std::char_traits<char>,class std::allocator<char> >::_Xlen(void)const )
26B 00000000 SECTBB notype ()    External     | ?_Xran@?$basic_string@DU?$char_traits@D@std@@V?$allocator@D@2@@std@@QEBAXXZ (public: void __cdecl std::basic_string<char,struct std::char_traits<char>,class std::allocator<char> >::_Xran(void)const )
26C 00000000 SECT92 notype ()    External     | ??0id@locale@std@@QEAA@_K@Z (public: __cdecl std::locale::id::id(unsigned __int64))
26D 00000000 SECT7  notype ()    External     | ??$_Debug_pointer@D@std@@YAXPEBDPEB_WI@Z (void __cdecl std::_Debug_pointer<char>(char const *,wchar_t const *,unsigned int))
26E 00000000 SECTCF notype ()    External     | ?generic_category@std@@YAAEBVerror_category@1@XZ (class std::error_category const & __cdecl std::generic_category(void))
26F 00000000 SECTDD notype ()    External     | ?system_category@std@@YAAEBVerror_category@1@XZ (class std::error_category const & __cdecl std::system_category(void))
270 00000000 SECT90 notype ()    External     | ??0error_category@std@@QEAA@XZ (public: __cdecl std::error_category::error_category(void))
271 00000000 SECT99 notype ()    External     | ??1error_category@std@@UEAA@XZ (public: virtual __cdecl std::error_category::~error_category(void))
272 00000000 SECTCA notype ()    External     | ?default_error_condition@error_category@std@@UEBA?AVerror_condition@2@H@Z (public: virtual class std::error_condition __cdecl std::error_category::default_error_condition(int)const )
273 00000000 SECTCC notype ()    External     | ?equivalent@error_category@std@@UEBA_NHAEBVerror_condition@2@@Z (public: virtual bool __cdecl std::error_category::equivalent(int,class std::error_condition const &)const )
274 00000000 SECTCB notype ()    External     | ?equivalent@error_category@std@@UEBA_NAEBVerror_code@2@H@Z (public: virtual bool __cdecl std::error_category::equivalent(class std::error_code const &,int)const )
275 00000000 SECT9C notype ()    External     | ??8error_category@std@@QEBA_NAEBV01@@Z (public: bool __cdecl std::error_category::operator==(class std::error_category const &)const )
276 00000000 SECTA1 notype ()    External     | ??_Gerror_category@std@@UEAAPEAXI@Z (public: virtual void * __cdecl std::error_category::`scalar deleting destructor'(unsigned int))
277 00000000 UNDEF  notype ()    WeakExternal | ??_Eerror_category@std@@UEAAPEAXI@Z (public: virtual void * __cdecl std::error_category::`vector deleting destructor'(unsigned int))
    Default index      276 library search
279 00000000 SECTDE notype ()    External     | ?value@error_code@std@@QEBAHXZ (public: int __cdecl std::error_code::value(void)const )
27A 00000000 SECTC3 notype ()    External     | ?category@error_code@std@@QEBAAEBVerror_category@2@XZ (public: class std::error_category const & __cdecl std::error_code::category(void)const )
27B 00000000 SECT91 notype ()    External     | ??0error_condition@std@@QEAA@HAEBVerror_category@1@@Z (public: __cdecl std::error_condition::error_condition(int,class std::error_category const &))
27C 00000000 SECTDF notype ()    External     | ?value@error_condition@std@@QEBAHXZ (public: int __cdecl std::error_condition::value(void)const )
27D 00000000 SECTC4 notype ()    External     | ?category@error_condition@std@@QEBAAEBVerror_category@2@XZ (public: class std::error_category const & __cdecl std::error_condition::category(void)const )
27E 00000000 SECT9D notype ()    External     | ??8error_condition@std@@QEBA_NAEBV01@@Z (public: bool __cdecl std::error_condition::operator==(class std::error_condition const &)const )
27F 00000000 UNDEF  notype ()    External     | ?_Syserror_map@std@@YAPEBDH@Z (char const * __cdecl std::_Syserror_map(int))
280 00000000 UNDEF  notype ()    External     | ?_Winerror_map@std@@YAPEBDH@Z (char const * __cdecl std::_Winerror_map(int))
281 00000000 SECT8D notype ()    External     | ??0_Generic_error_category@std@@QEAA@XZ (public: __cdecl std::_Generic_error_category::_Generic_error_category(void))
282 00000000 SECTD9 notype ()    External     | ?name@_Generic_error_category@std@@UEBAPEBDXZ (public: virtual char const * __cdecl std::_Generic_error_category::name(void)const )
283 00000000 SECTD5 notype ()    External     | ?message@_Generic_error_category@std@@UEBA?AV?$basic_string@DU?$char_traits@D@std@@V?$allocator@D@2@@2@H@Z (public: virtual class std::basic_string<char,struct std::char_traits<char>,class std::allocator<char> > __cdecl std::_Generic_error_category::message(int)const )
284 00000000 SECT96 notype ()    External     | ??1_Generic_error_category@std@@UEAA@XZ (public: virtual __cdecl std::_Generic_error_category::~_Generic_error_category(void))
285 00000000 SECT9E notype ()    External     | ??_G_Generic_error_category@std@@UEAAPEAXI@Z (public: virtual void * __cdecl std::_Generic_error_category::`scalar deleting destructor'(unsigned int))
286 00000000 UNDEF  notype ()    WeakExternal | ??_E_Generic_error_category@std@@UEAAPEAXI@Z (public: virtual void * __cdecl std::_Generic_error_category::`vector deleting destructor'(unsigned int))
    Default index      285 library search
288 00000000 SECT8E notype ()    External     | ??0_Iostream_error_category@std@@QEAA@XZ (public: __cdecl std::_Iostream_error_category::_Iostream_error_category(void))
289 00000000 SECTDA notype ()    External     | ?name@_Iostream_error_category@std@@UEBAPEBDXZ (public: virtual char const * __cdecl std::_Iostream_error_category::name(void)const )
28A 00000000 SECTD6 notype ()    External     | ?message@_Iostream_error_category@std@@UEBA?AV?$basic_string@DU?$char_traits@D@std@@V?$allocator@D@2@@2@H@Z (public: virtual class std::basic_string<char,struct std::char_traits<char>,class std::allocator<char> > __cdecl std::_Iostream_error_category::message(int)const )
28B 00000000 SECT97 notype ()    External     | ??1_Iostream_error_category@std@@UEAA@XZ (public: virtual __cdecl std::_Iostream_error_category::~_Iostream_error_category(void))
28C 00000000 SECT9F notype ()    External     | ??_G_Iostream_error_category@std@@UEAAPEAXI@Z (public: virtual void * __cdecl std::_Iostream_error_category::`scalar deleting destructor'(unsigned int))
28D 00000000 UNDEF  notype ()    WeakExternal | ??_E_Iostream_error_category@std@@UEAAPEAXI@Z (public: virtual void * __cdecl std::_Iostream_error_category::`vector deleting destructor'(unsigned int))
    Default index      28C library search
28F 00000000 SECT8F notype ()    External     | ??0_System_error_category@std@@QEAA@XZ (public: __cdecl std::_System_error_category::_System_error_category(void))
290 00000000 SECTDB notype ()    External     | ?name@_System_error_category@std@@UEBAPEBDXZ (public: virtual char const * __cdecl std::_System_error_category::name(void)const )
291 00000000 SECTD7 notype ()    External     | ?message@_System_error_category@std@@UEBA?AV?$basic_string@DU?$char_traits@D@std@@V?$allocator@D@2@@2@H@Z (public: virtual class std::basic_string<char,struct std::char_traits<char>,class std::allocator<char> > __cdecl std::_System_error_category::message(int)const )
292 00000000 SECTC9 notype ()    External     | ?default_error_condition@_System_error_category@std@@UEBA?AVerror_condition@2@H@Z (public: virtual class std::error_condition __cdecl std::_System_error_category::default_error_condition(int)const )
293 00000000 SECT98 notype ()    External     | ??1_System_error_category@std@@UEAA@XZ (public: virtual __cdecl std::_System_error_category::~_System_error_category(void))
294 00000000 SECTA0 notype ()    External     | ??_G_System_error_category@std@@UEAAPEAXI@Z (public: virtual void * __cdecl std::_System_error_category::`scalar deleting destructor'(unsigned int))
295 00000000 UNDEF  notype ()    WeakExternal | ??_E_System_error_category@std@@UEAAPEAXI@Z (public: virtual void * __cdecl std::_System_error_category::`vector deleting destructor'(unsigned int))
    Default index      294 library search
297 00000000 UNDEF  notype ()    External     | ?file_type@ClientMilesPipeCore57@@YAHPEBXI@Z (int __cdecl ClientMilesPipeCore57::file_type(void const *,unsigned int))
298 00000000 UNDEF  notype ()    External     | ?startup@ClientMilesPipeCore57@@YAHXZ (int __cdecl ClientMilesPipeCore57::startup(void))
299 00000000 UNDEF  notype ()    External     | ?shutdown@ClientMilesPipeCore57@@YAXXZ (void __cdecl ClientMilesPipeCore57::shutdown(void))
29A 00000000 UNDEF  notype ()    External     | ?get_preference@ClientMilesPipeCore57@@YA_JI@Z (__int64 __cdecl ClientMilesPipeCore57::get_preference(unsigned int))
29B 00000000 UNDEF  notype ()    External     | ?set_preference@ClientMilesPipeCore57@@YA_JI_J@Z (__int64 __cdecl ClientMilesPipeCore57::set_preference(unsigned int,__int64))
29C 00000000 UNDEF  notype ()    External     | ?last_error@ClientMilesPipeCore57@@YAPEBDXZ (char const * __cdecl ClientMilesPipeCore57::last_error(void))
29D 00000000 UNDEF  notype ()    External     | ?set_redist_directory@ClientMilesPipeCore57@@YAPEBDPEBD@Z (char const * __cdecl ClientMilesPipeCore57::set_redist_directory(char const *))
29E 00000000 UNDEF  notype ()    External     | ?MSS_version@ClientMilesPipeCore57@@YAXPEADH@Z (void __cdecl ClientMilesPipeCore57::MSS_version(char *,int))
29F 00000000 UNDEF  notype ()    External     | ?open_digital_driver@ClientMilesPipeCore57@@YAPEAU_DIG_DRIVER@@IHHI@Z (struct _DIG_DRIVER * __cdecl ClientMilesPipeCore57::open_digital_driver(unsigned int,int,int,unsigned int))
2A0 00000000 UNDEF  notype ()    External     | ?speaker_configuration_spec@ClientMilesPipeCore57@@YAHPEAU_DIG_DRIVER@@@Z (int __cdecl ClientMilesPipeCore57::speaker_configuration_spec(struct _DIG_DRIVER *))
2A1 00000000 UNDEF  notype ()    External     | ?set_file_callbacks@ClientMilesPipeCore57@@YAXP6AIPEBDPEA_K@ZP6AX_K@ZP6AH3HI@ZP6AI3PEAXI@Z@Z (void __cdecl ClientMilesPipeCore57::set_file_callbacks(unsigned int (__cdecl*)(char const *,unsigned __int64 *),void (__cdecl*)(unsigned __int64),int (__cdecl*)(unsigned __int64,int,unsigned int),unsigned int (__cdecl*)(unsigned __int64,void *,unsigned int)))
2A2 00000000 UNDEF  notype ()    External     | ?set_listener_3D_position@ClientMilesPipeCore57@@YAXPEAU_DIG_DRIVER@@MMM@Z (void __cdecl ClientMilesPipeCore57::set_listener_3D_position(struct _DIG_DRIVER *,float,float,float))
2A3 00000000 UNDEF  notype ()    External     | ?set_listener_3D_velocity_vector@ClientMilesPipeCore57@@YAXPEAU_DIG_DRIVER@@MMM@Z (void __cdecl ClientMilesPipeCore57::set_listener_3D_velocity_vector(struct _DIG_DRIVER *,float,float,float))
2A4 00000000 UNDEF  notype ()    External     | ?set_listener_3D_orientation@ClientMilesPipeCore57@@YAXPEAU_DIG_DRIVER@@MMMMMM@Z (void __cdecl ClientMilesPipeCore57::set_listener_3D_orientation(struct _DIG_DRIVER *,float,float,float,float,float,float))
2A5 00000000 UNDEF  notype ()    External     | ?set_3D_rolloff_factor@ClientMilesPipeCore57@@YAXPEAU_DIG_DRIVER@@M@Z (void __cdecl ClientMilesPipeCore57::set_3D_rolloff_factor(struct _DIG_DRIVER *,float))
2A6 00000000 UNDEF  notype ()    External     | ?serve@ClientMilesPipeCore57@@YAXXZ (void __cdecl ClientMilesPipeCore57::serve(void))
2A7 00000000 UNDEF  notype ()    External     | ?active_sample_count@ClientMilesPipeCore57@@YAHPEAU_DIG_DRIVER@@@Z (int __cdecl ClientMilesPipeCore57::active_sample_count(struct _DIG_DRIVER *))
2A8 00000000 UNDEF  notype ()    External     | ?digital_CPU_percent@ClientMilesPipeCore57@@YAHPEAU_DIG_DRIVER@@@Z (int __cdecl ClientMilesPipeCore57::digital_CPU_percent(struct _DIG_DRIVER *))
2A9 00000000 UNDEF  notype ()    External     | ?digital_latency@ClientMilesPipeCore57@@YAHPEAU_DIG_DRIVER@@@Z (int __cdecl ClientMilesPipeCore57::digital_latency(struct _DIG_DRIVER *))
2AA 00000000 UNDEF  notype ()    External     | ?get_timer_highest_delay@ClientMilesPipeCore57@@YAIXZ (unsigned int __cdecl ClientMilesPipeCore57::get_timer_highest_delay(void))
2AB 00000000 UNDEF  notype ()    External     | ?file_error@ClientMilesPipeCore57@@YAHXZ (int __cdecl ClientMilesPipeCore57::file_error(void))
2AC 00000000 UNDEF  notype ()    External     | ?room_type@ClientMilesPipeCore57@@YAHPEAU_DIG_DRIVER@@@Z (int __cdecl ClientMilesPipeCore57::room_type(struct _DIG_DRIVER *))
2AD 00000000 UNDEF  notype ()    External     | ?set_room_type@ClientMilesPipeCore57@@YAXPEAU_DIG_DRIVER@@H@Z (void __cdecl ClientMilesPipeCore57::set_room_type(struct _DIG_DRIVER *,int))
2AE 00000000 UNDEF  notype ()    External     | ?allocate_sample_handle@ClientMilesPipeCore57@@YAPEAU_SAMPLE@@PEAU_DIG_DRIVER@@@Z (struct _SAMPLE * __cdecl ClientMilesPipeCore57::allocate_sample_handle(struct _DIG_DRIVER *))
2AF 00000000 UNDEF  notype ()    External     | ?sample_ms_position@ClientMilesPipeCore57@@YAXPEAU_SAMPLE@@PEAH1@Z (void __cdecl ClientMilesPipeCore57::sample_ms_position(struct _SAMPLE *,int *,int *))
2B0 00000000 UNDEF  notype ()    External     | ?end_sample@ClientMilesPipeCore57@@YAXPEAU_SAMPLE@@@Z (void __cdecl ClientMilesPipeCore57::end_sample(struct _SAMPLE *))
2B1 00000000 UNDEF  notype ()    External     | ?release_sample_handle@ClientMilesPipeCore57@@YAXPEAU_SAMPLE@@@Z (void __cdecl ClientMilesPipeCore57::release_sample_handle(struct _SAMPLE *))
2B2 00000000 UNDEF  notype ()    External     | ?start_sample@ClientMilesPipeCore57@@YAXPEAU_SAMPLE@@@Z (void __cdecl ClientMilesPipeCore57::start_sample(struct _SAMPLE *))
2B3 00000000 UNDEF  notype ()    External     | ?stop_sample@ClientMilesPipeCore57@@YAXPEAU_SAMPLE@@@Z (void __cdecl ClientMilesPipeCore57::stop_sample(struct _SAMPLE *))
2B4 00000000 UNDEF  notype ()    External     | ?sample_status@ClientMilesPipeCore57@@YAIPEAU_SAMPLE@@@Z (unsigned int __cdecl ClientMilesPipeCore57::sample_status(struct _SAMPLE *))
2B5 00000000 UNDEF  notype ()    External     | ?set_sample_loop_count@ClientMilesPipeCore57@@YAXPEAU_SAMPLE@@H@Z (void __cdecl ClientMilesPipeCore57::set_sample_loop_count(struct _SAMPLE *,int))
2B6 00000000 UNDEF  notype ()    External     | ?set_sample_loop_block@ClientMilesPipeCore57@@YAXPEAU_SAMPLE@@HH@Z (void __cdecl ClientMilesPipeCore57::set_sample_loop_block(struct _SAMPLE *,int,int))
2B7 00000000 UNDEF  notype ()    External     | ?set_sample_ms_position@ClientMilesPipeCore57@@YAXPEAU_SAMPLE@@H@Z (void __cdecl ClientMilesPipeCore57::set_sample_ms_position(struct _SAMPLE *,int))
2B8 00000000 UNDEF  notype ()    External     | ?set_sample_position@ClientMilesPipeCore57@@YAXPEAU_SAMPLE@@I@Z (void __cdecl ClientMilesPipeCore57::set_sample_position(struct _SAMPLE *,unsigned int))
2B9 00000000 UNDEF  notype ()    External     | ?sample_position@ClientMilesPipeCore57@@YAIPEAU_SAMPLE@@@Z (unsigned int __cdecl ClientMilesPipeCore57::sample_position(struct _SAMPLE *))
2BA 00000000 UNDEF  notype ()    External     | ?set_sample_playback_rate@ClientMilesPipeCore57@@YAXPEAU_SAMPLE@@H@Z (void __cdecl ClientMilesPipeCore57::set_sample_playback_rate(struct _SAMPLE *,int))
2BB 00000000 UNDEF  notype ()    External     | ?sample_playback_rate@ClientMilesPipeCore57@@YAHPEAU_SAMPLE@@@Z (int __cdecl ClientMilesPipeCore57::sample_playback_rate(struct _SAMPLE *))
2BC 00000000 UNDEF  notype ()    External     | ?set_sample_volume_levels@ClientMilesPipeCore57@@YAXPEAU_SAMPLE@@MM@Z (void __cdecl ClientMilesPipeCore57::set_sample_volume_levels(struct _SAMPLE *,float,float))
2BD 00000000 UNDEF  notype ()    External     | ?sample_volume_levels@ClientMilesPipeCore57@@YAXPEAU_SAMPLE@@PEAM1@Z (void __cdecl ClientMilesPipeCore57::sample_volume_levels(struct _SAMPLE *,float *,float *))
2BE 00000000 UNDEF  notype ()    External     | ?set_sample_reverb_levels@ClientMilesPipeCore57@@YAXPEAU_SAMPLE@@MM@Z (void __cdecl ClientMilesPipeCore57::set_sample_reverb_levels(struct _SAMPLE *,float,float))
2BF 00000000 UNDEF  notype ()    External     | ?sample_reverb_levels@ClientMilesPipeCore57@@YAXPEAU_SAMPLE@@PEAM1@Z (void __cdecl ClientMilesPipeCore57::sample_reverb_levels(struct _SAMPLE *,float *,float *))
2C0 00000000 UNDEF  notype ()    External     | ?set_sample_3D_position@ClientMilesPipeCore57@@YAXPEAU_SAMPLE@@MMM@Z (void __cdecl ClientMilesPipeCore57::set_sample_3D_position(struct _SAMPLE *,float,float,float))
2C1 00000000 UNDEF  notype ()    External     | ?set_sample_3D_velocity_vector@ClientMilesPipeCore57@@YAXPEAU_SAMPLE@@MMM@Z (void __cdecl ClientMilesPipeCore57::set_sample_3D_velocity_vector(struct _SAMPLE *,float,float,float))
2C2 00000000 UNDEF  notype ()    External     | ?set_sample_3D_distances@ClientMilesPipeCore57@@YAXPEAU_SAMPLE@@MMH@Z (void __cdecl ClientMilesPipeCore57::set_sample_3D_distances(struct _SAMPLE *,float,float,int))
2C3 00000000 UNDEF  notype ()    External     | ?set_sample_occlusion@ClientMilesPipeCore57@@YAXPEAU_SAMPLE@@M@Z (void __cdecl ClientMilesPipeCore57::set_sample_occlusion(struct _SAMPLE *,float))
2C4 00000000 UNDEF  notype ()    External     | ?set_sample_obstruction@ClientMilesPipeCore57@@YAXPEAU_SAMPLE@@M@Z (void __cdecl ClientMilesPipeCore57::set_sample_obstruction(struct _SAMPLE *,float))
2C5 00000000 UNDEF  notype ()    External     | ?open_stream@ClientMilesPipeCore57@@YAPEAU_STREAM@@PEAU_DIG_DRIVER@@PEBDH@Z (struct _STREAM * __cdecl ClientMilesPipeCore57::open_stream(struct _DIG_DRIVER *,char const *,int))
2C6 00000000 UNDEF  notype ()    External     | ?close_stream@ClientMilesPipeCore57@@YAXPEAU_STREAM@@@Z (void __cdecl ClientMilesPipeCore57::close_stream(struct _STREAM *))
2C7 00000000 UNDEF  notype ()    External     | ?stream_sample_handle@ClientMilesPipeCore57@@YAPEAU_SAMPLE@@PEAU_STREAM@@@Z (struct _SAMPLE * __cdecl ClientMilesPipeCore57::stream_sample_handle(struct _STREAM *))
2C8 00000000 UNDEF  notype ()    External     | ?start_stream@ClientMilesPipeCore57@@YAXPEAU_STREAM@@@Z (void __cdecl ClientMilesPipeCore57::start_stream(struct _STREAM *))
2C9 00000000 UNDEF  notype ()    External     | ?set_stream_loop_count@ClientMilesPipeCore57@@YAXPEAU_STREAM@@H@Z (void __cdecl ClientMilesPipeCore57::set_stream_loop_count(struct _STREAM *,int))
2CA 00000000 UNDEF  notype ()    External     | ?set_stream_loop_block@ClientMilesPipeCore57@@YAXPEAU_STREAM@@HH@Z (void __cdecl ClientMilesPipeCore57::set_stream_loop_block(struct _STREAM *,int,int))
2CB 00000000 UNDEF  notype ()    External     | ?stream_status@ClientMilesPipeCore57@@YAHPEAU_STREAM@@@Z (int __cdecl ClientMilesPipeCore57::stream_status(struct _STREAM *))
2CC 00000000 UNDEF  notype ()    External     | ?set_stream_ms_position@ClientMilesPipeCore57@@YAXPEAU_STREAM@@H@Z (void __cdecl ClientMilesPipeCore57::set_stream_ms_position(struct _STREAM *,int))
2CD 00000000 UNDEF  notype ()    External     | ?stream_ms_position@ClientMilesPipeCore57@@YAXPEAU_STREAM@@PEAH1@Z (void __cdecl ClientMilesPipeCore57::stream_ms_position(struct _STREAM *,int *,int *))
2CE 00000000 UNDEF  notype ()    External     | ?requireFatalReporter@ClientMilesPrivate52@@YAXXZ (void __cdecl ClientMilesPrivate52::requireFatalReporter(void))
2CF 00000000 UNDEF  notype ()    External     | ?fail@ClientMilesPrivate52@@YAXW4Fault@1@PEBD@Z (void __cdecl ClientMilesPrivate52::fail(enum ClientMilesPrivate52::Fault,char const *))
2D0 00000000 UNDEF  notype ()    External     | ?requireForwardAllowed@MilesCallbackGuard47@@YAXXZ (void __cdecl MilesCallbackGuard47::requireForwardAllowed(void))
2D1 00000FE0 SECT4  notype ()    Static       | ??0<lambda_b296c6bd67f07e12f775c24d28cab191>@@QEAA@AEBQEADAEBH@Z (public: __cdecl <lambda_b296c6bd67f07e12f775c24d28cab191>::<lambda_b296c6bd67f07e12f775c24d28cab191>(char * const &,int const &))
2D2 00001020 SECT4  notype ()    Static       | ??R<lambda_b296c6bd67f07e12f775c24d28cab191>@@QEBAXXZ (public: void __cdecl <lambda_b296c6bd67f07e12f775c24d28cab191>::operator()(void)const )
2D3 00000000 SECT6D notype ()    External     | ??$guarded@XV<lambda_b296c6bd67f07e12f775c24d28cab191>@@@?A0x55aa8b99@@YAXV<lambda_b296c6bd67f07e12f775c24d28cab191>@@@Z (void __cdecl `anonymous namespace'::guarded<void,class <lambda_b296c6bd67f07e12f775c24d28cab191> >(class <lambda_b296c6bd67f07e12f775c24d28cab191>))
2D4 00001050 SECT4  notype ()    Static       | ??0<lambda_66863ff94f0f8e53e597922f2dd5aa8d>@@QEAA@AEBQEBXAEBI@Z (public: __cdecl <lambda_66863ff94f0f8e53e597922f2dd5aa8d>::<lambda_66863ff94f0f8e53e597922f2dd5aa8d>(void const * const &,unsigned int const &))
2D5 00001090 SECT4  notype ()    Static       | ??R<lambda_66863ff94f0f8e53e597922f2dd5aa8d>@@QEBAHXZ (public: int __cdecl <lambda_66863ff94f0f8e53e597922f2dd5aa8d>::operator()(void)const )
2D6 00000000 SECT23 notype ()    External     | ??$guarded@HV<lambda_66863ff94f0f8e53e597922f2dd5aa8d>@@@?A0x55aa8b99@@YAHV<lambda_66863ff94f0f8e53e597922f2dd5aa8d>@@@Z (int __cdecl `anonymous namespace'::guarded<int,class <lambda_66863ff94f0f8e53e597922f2dd5aa8d> >(class <lambda_66863ff94f0f8e53e597922f2dd5aa8d>))
2D7 000010C0 SECT4  notype ()    Static       | ??R<lambda_048e1e6635f74a69665b32c8bedcc68b>@@QEBAPEBDXZ (public: char const * __cdecl <lambda_048e1e6635f74a69665b32c8bedcc68b>::operator()(void)const )
2D8 00000000 SECT37 notype ()    External     | ??$guarded@PEBDV<lambda_048e1e6635f74a69665b32c8bedcc68b>@@@?A0x55aa8b99@@YAPEBDV<lambda_048e1e6635f74a69665b32c8bedcc68b>@@@Z (char const * __cdecl `anonymous namespace'::guarded<char const *,class <lambda_048e1e6635f74a69665b32c8bedcc68b> >(class <lambda_048e1e6635f74a69665b32c8bedcc68b>))
2D9 000010E0 SECT4  notype ()    Static       | ??0<lambda_579dce4a55783e0389da1ac224b49b61>@@QEAA@AEBQEBD@Z (public: __cdecl <lambda_579dce4a55783e0389da1ac224b49b61>::<lambda_579dce4a55783e0389da1ac224b49b61>(char const * const &))
2DA 00001110 SECT4  notype ()    Static       | ??R<lambda_579dce4a55783e0389da1ac224b49b61>@@QEBAPEBDXZ (public: char const * __cdecl <lambda_579dce4a55783e0389da1ac224b49b61>::operator()(void)const )
2DB 00000000 SECT39 notype ()    External     | ??$guarded@PEBDV<lambda_579dce4a55783e0389da1ac224b49b61>@@@?A0x55aa8b99@@YAPEBDV<lambda_579dce4a55783e0389da1ac224b49b61>@@@Z (char const * __cdecl `anonymous namespace'::guarded<char const *,class <lambda_579dce4a55783e0389da1ac224b49b61> >(class <lambda_579dce4a55783e0389da1ac224b49b61>))
2DC 00001140 SECT4  notype ()    Static       | ??R<lambda_0e15b34d22146574b8e8b74ac6158a9a>@@QEBAHXZ (public: int __cdecl <lambda_0e15b34d22146574b8e8b74ac6158a9a>::operator()(void)const )
2DD 00000000 SECT17 notype ()    External     | ??$guarded@HV<lambda_0e15b34d22146574b8e8b74ac6158a9a>@@@?A0x55aa8b99@@YAHV<lambda_0e15b34d22146574b8e8b74ac6158a9a>@@@Z (int __cdecl `anonymous namespace'::guarded<int,class <lambda_0e15b34d22146574b8e8b74ac6158a9a> >(class <lambda_0e15b34d22146574b8e8b74ac6158a9a>))
2DE 00001160 SECT4  notype ()    Static       | ??R<lambda_8993301c17ec73bbbaa34aada81482ce>@@QEBAXXZ (public: void __cdecl <lambda_8993301c17ec73bbbaa34aada81482ce>::operator()(void)const )
2DF 00000000 SECT5F notype ()    External     | ??$guarded@XV<lambda_8993301c17ec73bbbaa34aada81482ce>@@@?A0x55aa8b99@@YAXV<lambda_8993301c17ec73bbbaa34aada81482ce>@@@Z (void __cdecl `anonymous namespace'::guarded<void,class <lambda_8993301c17ec73bbbaa34aada81482ce> >(class <lambda_8993301c17ec73bbbaa34aada81482ce>))
2E0 00001180 SECT4  notype ()    Static       | ??0<lambda_3cf31ac7158ad6e069610f2a45149a5f>@@QEAA@AEBI@Z (public: __cdecl <lambda_3cf31ac7158ad6e069610f2a45149a5f>::<lambda_3cf31ac7158ad6e069610f2a45149a5f>(unsigned int const &))
2E1 000011B0 SECT4  notype ()    Static       | ??R<lambda_3cf31ac7158ad6e069610f2a45149a5f>@@QEBA_JXZ (public: __int64 __cdecl <lambda_3cf31ac7158ad6e069610f2a45149a5f>::operator()(void)const )
2E2 00000000 SECT7F notype ()    External     | ??$guarded@_JV<lambda_3cf31ac7158ad6e069610f2a45149a5f>@@@?A0x55aa8b99@@YA_JV<lambda_3cf31ac7158ad6e069610f2a45149a5f>@@@Z (__int64 __cdecl `anonymous namespace'::guarded<__int64,class <lambda_3cf31ac7158ad6e069610f2a45149a5f> >(class <lambda_3cf31ac7158ad6e069610f2a45149a5f>))
2E3 000011D0 SECT4  notype ()    Static       | ??0<lambda_eac3eea92ac966b5718a803e9e002bfb>@@QEAA@AEBIAEB_J@Z (public: __cdecl <lambda_eac3eea92ac966b5718a803e9e002bfb>::<lambda_eac3eea92ac966b5718a803e9e002bfb>(unsigned int const &,__int64 const &))
2E4 00001210 SECT4  notype ()    Static       | ??R<lambda_eac3eea92ac966b5718a803e9e002bfb>@@QEBA_JXZ (public: __int64 __cdecl <lambda_eac3eea92ac966b5718a803e9e002bfb>::operator()(void)const )
2E5 00000000 SECT81 notype ()    External     | ??$guarded@_JV<lambda_eac3eea92ac966b5718a803e9e002bfb>@@@?A0x55aa8b99@@YA_JV<lambda_eac3eea92ac966b5718a803e9e002bfb>@@@Z (__int64 __cdecl `anonymous namespace'::guarded<__int64,class <lambda_eac3eea92ac966b5718a803e9e002bfb> >(class <lambda_eac3eea92ac966b5718a803e9e002bfb>))
2E6 00001240 SECT4  notype ()    Static       | ??0<lambda_d8249463d5db3cdd434b3528fe1d480f>@@QEAA@AEBIAEBH10@Z (public: __cdecl <lambda_d8249463d5db3cdd434b3528fe1d480f>::<lambda_d8249463d5db3cdd434b3528fe1d480f>(unsigned int const &,int const &,int const &,unsigned int const &))
2E7 000012A0 SECT4  notype ()    Static       | ??R<lambda_d8249463d5db3cdd434b3528fe1d480f>@@QEBAPEAU_DIG_DRIVER@@XZ (public: struct _DIG_DRIVER * __cdecl <lambda_d8249463d5db3cdd434b3528fe1d480f>::operator()(void)const )
2E8 00000000 SECT2F notype ()    External     | ??$guarded@PEAU_DIG_DRIVER@@V<lambda_d8249463d5db3cdd434b3528fe1d480f>@@@?A0x55aa8b99@@YAPEAU_DIG_DRIVER@@V<lambda_d8249463d5db3cdd434b3528fe1d480f>@@@Z (struct _DIG_DRIVER * __cdecl `anonymous namespace'::guarded<struct _DIG_DRIVER *,class <lambda_d8249463d5db3cdd434b3528fe1d480f> >(class <lambda_d8249463d5db3cdd434b3528fe1d480f>))
2E9 000012E0 SECT4  notype ()    Static       | ??0<lambda_52817f306e40ab65a53c457dc96aaf06>@@QEAA@AEBQEAU_DIG_DRIVER@@@Z (public: __cdecl <lambda_52817f306e40ab65a53c457dc96aaf06>::<lambda_52817f306e40ab65a53c457dc96aaf06>(struct _DIG_DRIVER * const &))
2EA 00001310 SECT4  notype ()    Static       | ??R<lambda_52817f306e40ab65a53c457dc96aaf06>@@QEBAHXZ (public: int __cdecl <lambda_52817f306e40ab65a53c457dc96aaf06>::operator()(void)const )
2EB 00000000 SECT1D notype ()    External     | ??$guarded@HV<lambda_52817f306e40ab65a53c457dc96aaf06>@@@?A0x55aa8b99@@YAHV<lambda_52817f306e40ab65a53c457dc96aaf06>@@@Z (int __cdecl `anonymous namespace'::guarded<int,class <lambda_52817f306e40ab65a53c457dc96aaf06> >(class <lambda_52817f306e40ab65a53c457dc96aaf06>))
2EC 00001340 SECT4  notype ()    Static       | ??0<lambda_2d7bbb27e998ce5ba9db3cec95718faa>@@QEAA@AEBQ6AIPEBDPEA_K@ZAEBQ6AX_K@ZAEBQ6AH3HI@ZAEBQ6AI3PEAXI@Z@Z (public: __cdecl <lambda_2d7bbb27e998ce5ba9db3cec95718faa>::<lambda_2d7bbb27e998ce5ba9db3cec95718faa>(unsigned int (__cdecl*const &)(char const *,unsigned __int64 *),void (__cdecl*const &)(unsigned __int64),int (__cdecl*const &)(unsigned __int64,int,unsigned int),unsigned int (__cdecl*const &)(unsigned __int64,void *,unsigned int)))
2ED 000013B0 SECT4  notype ()    Static       | ??R<lambda_2d7bbb27e998ce5ba9db3cec95718faa>@@QEBAXXZ (public: void __cdecl <lambda_2d7bbb27e998ce5ba9db3cec95718faa>::operator()(void)const )
2EE 00000000 SECT45 notype ()    External     | ??$guarded@XV<lambda_2d7bbb27e998ce5ba9db3cec95718faa>@@@?A0x55aa8b99@@YAXV<lambda_2d7bbb27e998ce5ba9db3cec95718faa>@@@Z (void __cdecl `anonymous namespace'::guarded<void,class <lambda_2d7bbb27e998ce5ba9db3cec95718faa> >(class <lambda_2d7bbb27e998ce5ba9db3cec95718faa>))
2EF 000013F0 SECT4  notype ()    Static       | ??0<lambda_f0e7c54bb1a09da00d26e672a71d86a4>@@QEAA@AEBQEAU_DIG_DRIVER@@AEBM11@Z (public: __cdecl <lambda_f0e7c54bb1a09da00d26e672a71d86a4>::<lambda_f0e7c54bb1a09da00d26e672a71d86a4>(struct _DIG_DRIVER * const &,float const &,float const &,float const &))
2F0 00001460 SECT4  notype ()    Static       | ??R<lambda_f0e7c54bb1a09da00d26e672a71d86a4>@@QEBAXXZ (public: void __cdecl <lambda_f0e7c54bb1a09da00d26e672a71d86a4>::operator()(void)const )
2F1 00000000 SECT7D notype ()    External     | ??$guarded@XV<lambda_f0e7c54bb1a09da00d26e672a71d86a4>@@@?A0x55aa8b99@@YAXV<lambda_f0e7c54bb1a09da00d26e672a71d86a4>@@@Z (void __cdecl `anonymous namespace'::guarded<void,class <lambda_f0e7c54bb1a09da00d26e672a71d86a4> >(class <lambda_f0e7c54bb1a09da00d26e672a71d86a4>))
2F2 000014A0 SECT4  notype ()    Static       | ??0<lambda_94fde4d96f7282a2761016be8e904b3b>@@QEAA@AEBQEAU_DIG_DRIVER@@AEBM11@Z (public: __cdecl <lambda_94fde4d96f7282a2761016be8e904b3b>::<lambda_94fde4d96f7282a2761016be8e904b3b>(struct _DIG_DRIVER * const &,float const &,float const &,float const &))
2F3 00001510 SECT4  notype ()    Static       | ??R<lambda_94fde4d96f7282a2761016be8e904b3b>@@QEBAXXZ (public: void __cdecl <lambda_94fde4d96f7282a2761016be8e904b3b>::operator()(void)const )
2F4 00000000 SECT61 notype ()    External     | ??$guarded@XV<lambda_94fde4d96f7282a2761016be8e904b3b>@@@?A0x55aa8b99@@YAXV<lambda_94fde4d96f7282a2761016be8e904b3b>@@@Z (void __cdecl `anonymous namespace'::guarded<void,class <lambda_94fde4d96f7282a2761016be8e904b3b> >(class <lambda_94fde4d96f7282a2761016be8e904b3b>))
2F5 00001550 SECT4  notype ()    Static       | ??0<lambda_81c4734e752f86302aae654577f404a7>@@QEAA@AEBQEAU_DIG_DRIVER@@AEBM11111@Z (public: __cdecl <lambda_81c4734e752f86302aae654577f404a7>::<lambda_81c4734e752f86302aae654577f404a7>(struct _DIG_DRIVER * const &,float const &,float const &,float const &,float const &,float const &,float const &))
2F6 00001600 SECT4  notype ()    Static       | ??R<lambda_81c4734e752f86302aae654577f404a7>@@QEBAXXZ (public: void __cdecl <lambda_81c4734e752f86302aae654577f404a7>::operator()(void)const )
2F7 00000000 SECT5D notype ()    External     | ??$guarded@XV<lambda_81c4734e752f86302aae654577f404a7>@@@?A0x55aa8b99@@YAXV<lambda_81c4734e752f86302aae654577f404a7>@@@Z (void __cdecl `anonymous namespace'::guarded<void,class <lambda_81c4734e752f86302aae654577f404a7> >(class <lambda_81c4734e752f86302aae654577f404a7>))
2F8 00001670 SECT4  notype ()    Static       | ??0<lambda_73f47e14ef1bc29b8e620967215b5c7a>@@QEAA@AEBQEAU_DIG_DRIVER@@AEBM@Z (public: __cdecl <lambda_73f47e14ef1bc29b8e620967215b5c7a>::<lambda_73f47e14ef1bc29b8e620967215b5c7a>(struct _DIG_DRIVER * const &,float const &))
2F9 000016B0 SECT4  notype ()    Static       | ??R<lambda_73f47e14ef1bc29b8e620967215b5c7a>@@QEBAXXZ (public: void __cdecl <lambda_73f47e14ef1bc29b8e620967215b5c7a>::operator()(void)const )
2FA 00000000 SECT59 notype ()    External     | ??$guarded@XV<lambda_73f47e14ef1bc29b8e620967215b5c7a>@@@?A0x55aa8b99@@YAXV<lambda_73f47e14ef1bc29b8e620967215b5c7a>@@@Z (void __cdecl `anonymous namespace'::guarded<void,class <lambda_73f47e14ef1bc29b8e620967215b5c7a> >(class <lambda_73f47e14ef1bc29b8e620967215b5c7a>))
2FB 000016E0 SECT4  notype ()    Static       | ??R<lambda_b8c8e9c625ed217325fb40018d68f67a>@@QEBAXXZ (public: void __cdecl <lambda_b8c8e9c625ed217325fb40018d68f67a>::operator()(void)const )
2FC 00000000 SECT6F notype ()    External     | ??$guarded@XV<lambda_b8c8e9c625ed217325fb40018d68f67a>@@@?A0x55aa8b99@@YAXV<lambda_b8c8e9c625ed217325fb40018d68f67a>@@@Z (void __cdecl `anonymous namespace'::guarded<void,class <lambda_b8c8e9c625ed217325fb40018d68f67a> >(class <lambda_b8c8e9c625ed217325fb40018d68f67a>))
2FD 00001700 SECT4  notype ()    Static       | ??0<lambda_5b8a1b493a4f20b6114eb54594ee7e19>@@QEAA@AEBQEAU_DIG_DRIVER@@@Z (public: __cdecl <lambda_5b8a1b493a4f20b6114eb54594ee7e19>::<lambda_5b8a1b493a4f20b6114eb54594ee7e19>(struct _DIG_DRIVER * const &))
2FE 00001730 SECT4  notype ()    Static       | ??R<lambda_5b8a1b493a4f20b6114eb54594ee7e19>@@QEBAHXZ (public: int __cdecl <lambda_5b8a1b493a4f20b6114eb54594ee7e19>::operator()(void)const )
2FF 00000000 SECT21 notype ()    External     | ??$guarded@HV<lambda_5b8a1b493a4f20b6114eb54594ee7e19>@@@?A0x55aa8b99@@YAHV<lambda_5b8a1b493a4f20b6114eb54594ee7e19>@@@Z (int __cdecl `anonymous namespace'::guarded<int,class <lambda_5b8a1b493a4f20b6114eb54594ee7e19> >(class <lambda_5b8a1b493a4f20b6114eb54594ee7e19>))
300 00001760 SECT4  notype ()    Static       | ??0<lambda_cccfe32f11005af40eae007c4f696ac9>@@QEAA@AEBQEAU_DIG_DRIVER@@@Z (public: __cdecl <lambda_cccfe32f11005af40eae007c4f696ac9>::<lambda_cccfe32f11005af40eae007c4f696ac9>(struct _DIG_DRIVER * const &))
301 00001790 SECT4  notype ()    Static       | ??R<lambda_cccfe32f11005af40eae007c4f696ac9>@@QEBAHXZ (public: int __cdecl <lambda_cccfe32f11005af40eae007c4f696ac9>::operator()(void)const )
302 00000000 SECT25 notype ()    External     | ??$guarded@HV<lambda_cccfe32f11005af40eae007c4f696ac9>@@@?A0x55aa8b99@@YAHV<lambda_cccfe32f11005af40eae007c4f696ac9>@@@Z (int __cdecl `anonymous namespace'::guarded<int,class <lambda_cccfe32f11005af40eae007c4f696ac9> >(class <lambda_cccfe32f11005af40eae007c4f696ac9>))
303 000017C0 SECT4  notype ()    Static       | ??0<lambda_f1374f01306ce749f3b35ff7808f2a92>@@QEAA@AEBQEAU_DIG_DRIVER@@@Z (public: __cdecl <lambda_f1374f01306ce749f3b35ff7808f2a92>::<lambda_f1374f01306ce749f3b35ff7808f2a92>(struct _DIG_DRIVER * const &))
304 000017F0 SECT4  notype ()    Static       | ??R<lambda_f1374f01306ce749f3b35ff7808f2a92>@@QEBAHXZ (public: int __cdecl <lambda_f1374f01306ce749f3b35ff7808f2a92>::operator()(void)const )
305 00000000 SECT27 notype ()    External     | ??$guarded@HV<lambda_f1374f01306ce749f3b35ff7808f2a92>@@@?A0x55aa8b99@@YAHV<lambda_f1374f01306ce749f3b35ff7808f2a92>@@@Z (int __cdecl `anonymous namespace'::guarded<int,class <lambda_f1374f01306ce749f3b35ff7808f2a92> >(class <lambda_f1374f01306ce749f3b35ff7808f2a92>))
306 00001820 SECT4  notype ()    Static       | ??R<lambda_6440da8c6a8b39c392b563b180960b2e>@@QEBAIXZ (public: unsigned int __cdecl <lambda_6440da8c6a8b39c392b563b180960b2e>::operator()(void)const )
307 00000000 SECT29 notype ()    External     | ??$guarded@IV<lambda_6440da8c6a8b39c392b563b180960b2e>@@@?A0x55aa8b99@@YAIV<lambda_6440da8c6a8b39c392b563b180960b2e>@@@Z (unsigned int __cdecl `anonymous namespace'::guarded<unsigned int,class <lambda_6440da8c6a8b39c392b563b180960b2e> >(class <lambda_6440da8c6a8b39c392b563b180960b2e>))
308 00001840 SECT4  notype ()    Static       | ??R<lambda_384ab949e80cc40b16d34684b0757274>@@QEBAHXZ (public: int __cdecl <lambda_384ab949e80cc40b16d34684b0757274>::operator()(void)const )
309 00000000 SECT1B notype ()    External     | ??$guarded@HV<lambda_384ab949e80cc40b16d34684b0757274>@@@?A0x55aa8b99@@YAHV<lambda_384ab949e80cc40b16d34684b0757274>@@@Z (int __cdecl `anonymous namespace'::guarded<int,class <lambda_384ab949e80cc40b16d34684b0757274> >(class <lambda_384ab949e80cc40b16d34684b0757274>))
30A 00001860 SECT4  notype ()    Static       | ??0<lambda_257eafa3f4fa06df666845d47e5bd261>@@QEAA@AEBQEAU_DIG_DRIVER@@@Z (public: __cdecl <lambda_257eafa3f4fa06df666845d47e5bd261>::<lambda_257eafa3f4fa06df666845d47e5bd261>(struct _DIG_DRIVER * const &))
30B 00001890 SECT4  notype ()    Static       | ??R<lambda_257eafa3f4fa06df666845d47e5bd261>@@QEBAHXZ (public: int __cdecl <lambda_257eafa3f4fa06df666845d47e5bd261>::operator()(void)const )
30C 00000000 SECT19 notype ()    External     | ??$guarded@HV<lambda_257eafa3f4fa06df666845d47e5bd261>@@@?A0x55aa8b99@@YAHV<lambda_257eafa3f4fa06df666845d47e5bd261>@@@Z (int __cdecl `anonymous namespace'::guarded<int,class <lambda_257eafa3f4fa06df666845d47e5bd261> >(class <lambda_257eafa3f4fa06df666845d47e5bd261>))
30D 000018C0 SECT4  notype ()    Static       | ??0<lambda_9c8d08f422480236d02fcb278dc9ac04>@@QEAA@AEBQEAU_DIG_DRIVER@@AEBH@Z (public: __cdecl <lambda_9c8d08f422480236d02fcb278dc9ac04>::<lambda_9c8d08f422480236d02fcb278dc9ac04>(struct _DIG_DRIVER * const &,int const &))
30E 00001900 SECT4  notype ()    Static       | ??R<lambda_9c8d08f422480236d02fcb278dc9ac04>@@QEBAXXZ (public: void __cdecl <lambda_9c8d08f422480236d02fcb278dc9ac04>::operator()(void)const )
30F 00000000 SECT65 notype ()    External     | ??$guarded@XV<lambda_9c8d08f422480236d02fcb278dc9ac04>@@@?A0x55aa8b99@@YAXV<lambda_9c8d08f422480236d02fcb278dc9ac04>@@@Z (void __cdecl `anonymous namespace'::guarded<void,class <lambda_9c8d08f422480236d02fcb278dc9ac04> >(class <lambda_9c8d08f422480236d02fcb278dc9ac04>))
310 00001930 SECT4  notype ()    Static       | ??0<lambda_668cc8ef30740f6e794cdc8d64d44f87>@@QEAA@AEBQEAU_DIG_DRIVER@@AEBQEBDAEBH@Z (public: __cdecl <lambda_668cc8ef30740f6e794cdc8d64d44f87>::<lambda_668cc8ef30740f6e794cdc8d64d44f87>(struct _DIG_DRIVER * const &,char const * const &,int const &))
311 00001980 SECT4  notype ()    Static       | ??R<lambda_668cc8ef30740f6e794cdc8d64d44f87>@@QEBAPEAU_STREAM@@XZ (public: struct _STREAM * __cdecl <lambda_668cc8ef30740f6e794cdc8d64d44f87>::operator()(void)const )
312 00000000 SECT35 notype ()    External     | ??$guarded@PEAU_STREAM@@V<lambda_668cc8ef30740f6e794cdc8d64d44f87>@@@?A0x55aa8b99@@YAPEAU_STREAM@@V<lambda_668cc8ef30740f6e794cdc8d64d44f87>@@@Z (struct _STREAM * __cdecl `anonymous namespace'::guarded<struct _STREAM *,class <lambda_668cc8ef30740f6e794cdc8d64d44f87> >(class <lambda_668cc8ef30740f6e794cdc8d64d44f87>))
313 000019C0 SECT4  notype ()    Static       | ??0<lambda_36169225f1b0fa054899674485753e12>@@QEAA@AEBQEAU_STREAM@@@Z (public: __cdecl <lambda_36169225f1b0fa054899674485753e12>::<lambda_36169225f1b0fa054899674485753e12>(struct _STREAM * const &))
314 000019F0 SECT4  notype ()    Static       | ??R<lambda_36169225f1b0fa054899674485753e12>@@QEBAXXZ (public: void __cdecl <lambda_36169225f1b0fa054899674485753e12>::operator()(void)const )
315 00000000 SECT49 notype ()    External     | ??$guarded@XV<lambda_36169225f1b0fa054899674485753e12>@@@?A0x55aa8b99@@YAXV<lambda_36169225f1b0fa054899674485753e12>@@@Z (void __cdecl `anonymous namespace'::guarded<void,class <lambda_36169225f1b0fa054899674485753e12> >(class <lambda_36169225f1b0fa054899674485753e12>))
316 00001A20 SECT4  notype ()    Static       | ??0<lambda_414b2bb923474fc24add9b264f954cc1>@@QEAA@AEBQEAU_STREAM@@@Z (public: __cdecl <lambda_414b2bb923474fc24add9b264f954cc1>::<lambda_414b2bb923474fc24add9b264f954cc1>(struct _STREAM * const &))
317 00001A50 SECT4  notype ()    Static       | ??R<lambda_414b2bb923474fc24add9b264f954cc1>@@QEBAPEAU_SAMPLE@@XZ (public: struct _SAMPLE * __cdecl <lambda_414b2bb923474fc24add9b264f954cc1>::operator()(void)const )
318 00000000 SECT31 notype ()    External     | ??$guarded@PEAU_SAMPLE@@V<lambda_414b2bb923474fc24add9b264f954cc1>@@@?A0x55aa8b99@@YAPEAU_SAMPLE@@V<lambda_414b2bb923474fc24add9b264f954cc1>@@@Z (struct _SAMPLE * __cdecl `anonymous namespace'::guarded<struct _SAMPLE *,class <lambda_414b2bb923474fc24add9b264f954cc1> >(class <lambda_414b2bb923474fc24add9b264f954cc1>))
319 00001A80 SECT4  notype ()    Static       | ??0<lambda_c03c80beb971b5d19fae2847b31cb87b>@@QEAA@AEBQEAU_STREAM@@@Z (public: __cdecl <lambda_c03c80beb971b5d19fae2847b31cb87b>::<lambda_c03c80beb971b5d19fae2847b31cb87b>(struct _STREAM * const &))
31A 00001AB0 SECT4  notype ()    Static       | ??R<lambda_c03c80beb971b5d19fae2847b31cb87b>@@QEBAXXZ (public: void __cdecl <lambda_c03c80beb971b5d19fae2847b31cb87b>::operator()(void)const )
31B 00000000 SECT71 notype ()    External     | ??$guarded@XV<lambda_c03c80beb971b5d19fae2847b31cb87b>@@@?A0x55aa8b99@@YAXV<lambda_c03c80beb971b5d19fae2847b31cb87b>@@@Z (void __cdecl `anonymous namespace'::guarded<void,class <lambda_c03c80beb971b5d19fae2847b31cb87b> >(class <lambda_c03c80beb971b5d19fae2847b31cb87b>))
31C 00001AE0 SECT4  notype ()    Static       | ??0<lambda_3d8c71d54f8f9cc7c0e4a2f4dfe13c02>@@QEAA@AEBQEAU_STREAM@@AEBH@Z (public: __cdecl <lambda_3d8c71d54f8f9cc7c0e4a2f4dfe13c02>::<lambda_3d8c71d54f8f9cc7c0e4a2f4dfe13c02>(struct _STREAM * const &,int const &))
31D 00001B20 SECT4  notype ()    Static       | ??R<lambda_3d8c71d54f8f9cc7c0e4a2f4dfe13c02>@@QEBAXXZ (public: void __cdecl <lambda_3d8c71d54f8f9cc7c0e4a2f4dfe13c02>::operator()(void)const )
31E 00000000 SECT4B notype ()    External     | ??$guarded@XV<lambda_3d8c71d54f8f9cc7c0e4a2f4dfe13c02>@@@?A0x55aa8b99@@YAXV<lambda_3d8c71d54f8f9cc7c0e4a2f4dfe13c02>@@@Z (void __cdecl `anonymous namespace'::guarded<void,class <lambda_3d8c71d54f8f9cc7c0e4a2f4dfe13c02> >(class <lambda_3d8c71d54f8f9cc7c0e4a2f4dfe13c02>))
31F 00001B50 SECT4  notype ()    Static       | ??0<lambda_34f1ace2901c89165490f2d451d64f5e>@@QEAA@AEBQEAU_STREAM@@AEBH1@Z (public: __cdecl <lambda_34f1ace2901c89165490f2d451d64f5e>::<lambda_34f1ace2901c89165490f2d451d64f5e>(struct _STREAM * const &,int const &,int const &))
320 00001BA0 SECT4  notype ()    Static       | ??R<lambda_34f1ace2901c89165490f2d451d64f5e>@@QEBAXXZ (public: void __cdecl <lambda_34f1ace2901c89165490f2d451d64f5e>::operator()(void)const )
321 00000000 SECT47 notype ()    External     | ??$guarded@XV<lambda_34f1ace2901c89165490f2d451d64f5e>@@@?A0x55aa8b99@@YAXV<lambda_34f1ace2901c89165490f2d451d64f5e>@@@Z (void __cdecl `anonymous namespace'::guarded<void,class <lambda_34f1ace2901c89165490f2d451d64f5e> >(class <lambda_34f1ace2901c89165490f2d451d64f5e>))
322 00001BE0 SECT4  notype ()    Static       | ??0<lambda_5a774c7978a1d14bee3b1d06437f0426>@@QEAA@AEBQEAU_STREAM@@@Z (public: __cdecl <lambda_5a774c7978a1d14bee3b1d06437f0426>::<lambda_5a774c7978a1d14bee3b1d06437f0426>(struct _STREAM * const &))
323 00001C10 SECT4  notype ()    Static       | ??R<lambda_5a774c7978a1d14bee3b1d06437f0426>@@QEBAHXZ (public: int __cdecl <lambda_5a774c7978a1d14bee3b1d06437f0426>::operator()(void)const )
324 00000000 SECT1F notype ()    External     | ??$guarded@HV<lambda_5a774c7978a1d14bee3b1d06437f0426>@@@?A0x55aa8b99@@YAHV<lambda_5a774c7978a1d14bee3b1d06437f0426>@@@Z (int __cdecl `anonymous namespace'::guarded<int,class <lambda_5a774c7978a1d14bee3b1d06437f0426> >(class <lambda_5a774c7978a1d14bee3b1d06437f0426>))
325 00001C40 SECT4  notype ()    Static       | ??0<lambda_c41453374cd69c322f6690ca24e4f257>@@QEAA@AEBQEAU_STREAM@@AEBH@Z (public: __cdecl <lambda_c41453374cd69c322f6690ca24e4f257>::<lambda_c41453374cd69c322f6690ca24e4f257>(struct _STREAM * const &,int const &))
326 00001C80 SECT4  notype ()    Static       | ??R<lambda_c41453374cd69c322f6690ca24e4f257>@@QEBAXXZ (public: void __cdecl <lambda_c41453374cd69c322f6690ca24e4f257>::operator()(void)const )
327 00000000 SECT73 notype ()    External     | ??$guarded@XV<lambda_c41453374cd69c322f6690ca24e4f257>@@@?A0x55aa8b99@@YAXV<lambda_c41453374cd69c322f6690ca24e4f257>@@@Z (void __cdecl `anonymous namespace'::guarded<void,class <lambda_c41453374cd69c322f6690ca24e4f257> >(class <lambda_c41453374cd69c322f6690ca24e4f257>))
328 00001CB0 SECT4  notype ()    Static       | ??0<lambda_ab2d9fde73215b4f665037889d9e59e2>@@QEAA@AEBQEAU_STREAM@@AEBQEAH1@Z (public: __cdecl <lambda_ab2d9fde73215b4f665037889d9e59e2>::<lambda_ab2d9fde73215b4f665037889d9e59e2>(struct _STREAM * const &,int * const &,int * const &))
329 00001D10 SECT4  notype ()    Static       | ??R<lambda_ab2d9fde73215b4f665037889d9e59e2>@@QEBAXXZ (public: void __cdecl <lambda_ab2d9fde73215b4f665037889d9e59e2>::operator()(void)const )
32A 00000000 SECT69 notype ()    External     | ??$guarded@XV<lambda_ab2d9fde73215b4f665037889d9e59e2>@@@?A0x55aa8b99@@YAXV<lambda_ab2d9fde73215b4f665037889d9e59e2>@@@Z (void __cdecl `anonymous namespace'::guarded<void,class <lambda_ab2d9fde73215b4f665037889d9e59e2> >(class <lambda_ab2d9fde73215b4f665037889d9e59e2>))
32B 00001D50 SECT4  notype ()    Static       | ??0<lambda_fd09c45152f3a914969b6ac271fd5632>@@QEAA@AEBQEAU_DIG_DRIVER@@@Z (public: __cdecl <lambda_fd09c45152f3a914969b6ac271fd5632>::<lambda_fd09c45152f3a914969b6ac271fd5632>(struct _DIG_DRIVER * const &))
32C 00001D80 SECT4  notype ()    Static       | ??R<lambda_fd09c45152f3a914969b6ac271fd5632>@@QEBAPEAU_SAMPLE@@XZ (public: struct _SAMPLE * __cdecl <lambda_fd09c45152f3a914969b6ac271fd5632>::operator()(void)const )
32D 00000000 SECT33 notype ()    External     | ??$guarded@PEAU_SAMPLE@@V<lambda_fd09c45152f3a914969b6ac271fd5632>@@@?A0x55aa8b99@@YAPEAU_SAMPLE@@V<lambda_fd09c45152f3a914969b6ac271fd5632>@@@Z (struct _SAMPLE * __cdecl `anonymous namespace'::guarded<struct _SAMPLE *,class <lambda_fd09c45152f3a914969b6ac271fd5632> >(class <lambda_fd09c45152f3a914969b6ac271fd5632>))
32E 00001DB0 SECT4  notype ()    Static       | ??0<lambda_114b8dd09eb2933836ad3213c1c38ef3>@@QEAA@AEBQEAU_SAMPLE@@AEBQEAH1@Z (public: __cdecl <lambda_114b8dd09eb2933836ad3213c1c38ef3>::<lambda_114b8dd09eb2933836ad3213c1c38ef3>(struct _SAMPLE * const &,int * const &,int * const &))
32F 00001E10 SECT4  notype ()    Static       | ??R<lambda_114b8dd09eb2933836ad3213c1c38ef3>@@QEBAXXZ (public: void __cdecl <lambda_114b8dd09eb2933836ad3213c1c38ef3>::operator()(void)const )
330 00000000 SECT3D notype ()    External     | ??$guarded@XV<lambda_114b8dd09eb2933836ad3213c1c38ef3>@@@?A0x55aa8b99@@YAXV<lambda_114b8dd09eb2933836ad3213c1c38ef3>@@@Z (void __cdecl `anonymous namespace'::guarded<void,class <lambda_114b8dd09eb2933836ad3213c1c38ef3> >(class <lambda_114b8dd09eb2933836ad3213c1c38ef3>))
331 00001E50 SECT4  notype ()    Static       | ??0<lambda_a0c8e9f7d6cf0f24f3ccf1282c3471bb>@@QEAA@AEBQEAU_SAMPLE@@@Z (public: __cdecl <lambda_a0c8e9f7d6cf0f24f3ccf1282c3471bb>::<lambda_a0c8e9f7d6cf0f24f3ccf1282c3471bb>(struct _SAMPLE * const &))
332 00001E80 SECT4  notype ()    Static       | ??R<lambda_a0c8e9f7d6cf0f24f3ccf1282c3471bb>@@QEBAXXZ (public: void __cdecl <lambda_a0c8e9f7d6cf0f24f3ccf1282c3471bb>::operator()(void)const )
333 00000000 SECT67 notype ()    External     | ??$guarded@XV<lambda_a0c8e9f7d6cf0f24f3ccf1282c3471bb>@@@?A0x55aa8b99@@YAXV<lambda_a0c8e9f7d6cf0f24f3ccf1282c3471bb>@@@Z (void __cdecl `anonymous namespace'::guarded<void,class <lambda_a0c8e9f7d6cf0f24f3ccf1282c3471bb> >(class <lambda_a0c8e9f7d6cf0f24f3ccf1282c3471bb>))
334 00001EB0 SECT4  notype ()    Static       | ??0<lambda_9bba5dbd3126c16ff24d8c77a64511ca>@@QEAA@AEBQEAU_SAMPLE@@@Z (public: __cdecl <lambda_9bba5dbd3126c16ff24d8c77a64511ca>::<lambda_9bba5dbd3126c16ff24d8c77a64511ca>(struct _SAMPLE * const &))
335 00001EE0 SECT4  notype ()    Static       | ??R<lambda_9bba5dbd3126c16ff24d8c77a64511ca>@@QEBAXXZ (public: void __cdecl <lambda_9bba5dbd3126c16ff24d8c77a64511ca>::operator()(void)const )
336 00000000 SECT63 notype ()    External     | ??$guarded@XV<lambda_9bba5dbd3126c16ff24d8c77a64511ca>@@@?A0x55aa8b99@@YAXV<lambda_9bba5dbd3126c16ff24d8c77a64511ca>@@@Z (void __cdecl `anonymous namespace'::guarded<void,class <lambda_9bba5dbd3126c16ff24d8c77a64511ca> >(class <lambda_9bba5dbd3126c16ff24d8c77a64511ca>))
337 00001F10 SECT4  notype ()    Static       | ??0<lambda_ed258bf0fe4262ec00e5d646525b0715>@@QEAA@AEBQEAU_SAMPLE@@@Z (public: __cdecl <lambda_ed258bf0fe4262ec00e5d646525b0715>::<lambda_ed258bf0fe4262ec00e5d646525b0715>(struct _SAMPLE * const &))
338 00001F40 SECT4  notype ()    Static       | ??R<lambda_ed258bf0fe4262ec00e5d646525b0715>@@QEBAXXZ (public: void __cdecl <lambda_ed258bf0fe4262ec00e5d646525b0715>::operator()(void)const )
339 00000000 SECT79 notype ()    External     | ??$guarded@XV<lambda_ed258bf0fe4262ec00e5d646525b0715>@@@?A0x55aa8b99@@YAXV<lambda_ed258bf0fe4262ec00e5d646525b0715>@@@Z (void __cdecl `anonymous namespace'::guarded<void,class <lambda_ed258bf0fe4262ec00e5d646525b0715> >(class <lambda_ed258bf0fe4262ec00e5d646525b0715>))
33A 00001F70 SECT4  notype ()    Static       | ??0<lambda_553ba8f03dfeeba21c31831d3b8ece50>@@QEAA@AEBQEAU_SAMPLE@@@Z (public: __cdecl <lambda_553ba8f03dfeeba21c31831d3b8ece50>::<lambda_553ba8f03dfeeba21c31831d3b8ece50>(struct _SAMPLE * const &))
33B 00001FA0 SECT4  notype ()    Static       | ??R<lambda_553ba8f03dfeeba21c31831d3b8ece50>@@QEBAXXZ (public: void __cdecl <lambda_553ba8f03dfeeba21c31831d3b8ece50>::operator()(void)const )
33C 00000000 SECT53 notype ()    External     | ??$guarded@XV<lambda_553ba8f03dfeeba21c31831d3b8ece50>@@@?A0x55aa8b99@@YAXV<lambda_553ba8f03dfeeba21c31831d3b8ece50>@@@Z (void __cdecl `anonymous namespace'::guarded<void,class <lambda_553ba8f03dfeeba21c31831d3b8ece50> >(class <lambda_553ba8f03dfeeba21c31831d3b8ece50>))
33D 00001FD0 SECT4  notype ()    Static       | ??0<lambda_8f49d0341572fb3e0a595f9e8a2cb39b>@@QEAA@AEBQEAU_SAMPLE@@@Z (public: __cdecl <lambda_8f49d0341572fb3e0a595f9e8a2cb39b>::<lambda_8f49d0341572fb3e0a595f9e8a2cb39b>(struct _SAMPLE * const &))
33E 00002000 SECT4  notype ()    Static       | ??R<lambda_8f49d0341572fb3e0a595f9e8a2cb39b>@@QEBAIXZ (public: unsigned int __cdecl <lambda_8f49d0341572fb3e0a595f9e8a2cb39b>::operator()(void)const )
33F 00000000 SECT2B notype ()    External     | ??$guarded@IV<lambda_8f49d0341572fb3e0a595f9e8a2cb39b>@@@?A0x55aa8b99@@YAIV<lambda_8f49d0341572fb3e0a595f9e8a2cb39b>@@@Z (unsigned int __cdecl `anonymous namespace'::guarded<unsigned int,class <lambda_8f49d0341572fb3e0a595f9e8a2cb39b> >(class <lambda_8f49d0341572fb3e0a595f9e8a2cb39b>))
340 00002030 SECT4  notype ()    Static       | ??0<lambda_0aa27b02b49bfadf4433a333ebb3dc45>@@QEAA@AEBQEAU_SAMPLE@@AEBH@Z (public: __cdecl <lambda_0aa27b02b49bfadf4433a333ebb3dc45>::<lambda_0aa27b02b49bfadf4433a333ebb3dc45>(struct _SAMPLE * const &,int const &))
341 00002070 SECT4  notype ()    Static       | ??R<lambda_0aa27b02b49bfadf4433a333ebb3dc45>@@QEBAXXZ (public: void __cdecl <lambda_0aa27b02b49bfadf4433a333ebb3dc45>::operator()(void)const )
342 00000000 SECT3B notype ()    External     | ??$guarded@XV<lambda_0aa27b02b49bfadf4433a333ebb3dc45>@@@?A0x55aa8b99@@YAXV<lambda_0aa27b02b49bfadf4433a333ebb3dc45>@@@Z (void __cdecl `anonymous namespace'::guarded<void,class <lambda_0aa27b02b49bfadf4433a333ebb3dc45> >(class <lambda_0aa27b02b49bfadf4433a333ebb3dc45>))
343 000020A0 SECT4  notype ()    Static       | ??0<lambda_50cd49ab33591af6e5da253d96cd6cc5>@@QEAA@AEBQEAU_SAMPLE@@AEBH1@Z (public: __cdecl <lambda_50cd49ab33591af6e5da253d96cd6cc5>::<lambda_50cd49ab33591af6e5da253d96cd6cc5>(struct _SAMPLE * const &,int const &,int const &))
344 000020F0 SECT4  notype ()    Static       | ??R<lambda_50cd49ab33591af6e5da253d96cd6cc5>@@QEBAXXZ (public: void __cdecl <lambda_50cd49ab33591af6e5da253d96cd6cc5>::operator()(void)const )
345 00000000 SECT51 notype ()    External     | ??$guarded@XV<lambda_50cd49ab33591af6e5da253d96cd6cc5>@@@?A0x55aa8b99@@YAXV<lambda_50cd49ab33591af6e5da253d96cd6cc5>@@@Z (void __cdecl `anonymous namespace'::guarded<void,class <lambda_50cd49ab33591af6e5da253d96cd6cc5> >(class <lambda_50cd49ab33591af6e5da253d96cd6cc5>))
346 00002130 SECT4  notype ()    Static       | ??0<lambda_1ef604c6eba4117d22195b4b3c03e0c3>@@QEAA@AEBQEAU_SAMPLE@@AEBH@Z (public: __cdecl <lambda_1ef604c6eba4117d22195b4b3c03e0c3>::<lambda_1ef604c6eba4117d22195b4b3c03e0c3>(struct _SAMPLE * const &,int const &))
347 00002170 SECT4  notype ()    Static       | ??R<lambda_1ef604c6eba4117d22195b4b3c03e0c3>@@QEBAXXZ (public: void __cdecl <lambda_1ef604c6eba4117d22195b4b3c03e0c3>::operator()(void)const )
348 00000000 SECT41 notype ()    External     | ??$guarded@XV<lambda_1ef604c6eba4117d22195b4b3c03e0c3>@@@?A0x55aa8b99@@YAXV<lambda_1ef604c6eba4117d22195b4b3c03e0c3>@@@Z (void __cdecl `anonymous namespace'::guarded<void,class <lambda_1ef604c6eba4117d22195b4b3c03e0c3> >(class <lambda_1ef604c6eba4117d22195b4b3c03e0c3>))
349 000021A0 SECT4  notype ()    Static       | ??0<lambda_62f4daa67b08f8f9c403213178284edc>@@QEAA@AEBQEAU_SAMPLE@@AEBI@Z (public: __cdecl <lambda_62f4daa67b08f8f9c403213178284edc>::<lambda_62f4daa67b08f8f9c403213178284edc>(struct _SAMPLE * const &,unsigned int const &))
34A 000021E0 SECT4  notype ()    Static       | ??R<lambda_62f4daa67b08f8f9c403213178284edc>@@QEBAXXZ (public: void __cdecl <lambda_62f4daa67b08f8f9c403213178284edc>::operator()(void)const )
34B 00000000 SECT55 notype ()    External     | ??$guarded@XV<lambda_62f4daa67b08f8f9c403213178284edc>@@@?A0x55aa8b99@@YAXV<lambda_62f4daa67b08f8f9c403213178284edc>@@@Z (void __cdecl `anonymous namespace'::guarded<void,class <lambda_62f4daa67b08f8f9c403213178284edc> >(class <lambda_62f4daa67b08f8f9c403213178284edc>))
34C 00002210 SECT4  notype ()    Static       | ??0<lambda_9309390747f0333daa7f03c77082dc0a>@@QEAA@AEBQEAU_SAMPLE@@@Z (public: __cdecl <lambda_9309390747f0333daa7f03c77082dc0a>::<lambda_9309390747f0333daa7f03c77082dc0a>(struct _SAMPLE * const &))
34D 00002240 SECT4  notype ()    Static       | ??R<lambda_9309390747f0333daa7f03c77082dc0a>@@QEBAIXZ (public: unsigned int __cdecl <lambda_9309390747f0333daa7f03c77082dc0a>::operator()(void)const )
34E 00000000 SECT2D notype ()    External     | ??$guarded@IV<lambda_9309390747f0333daa7f03c77082dc0a>@@@?A0x55aa8b99@@YAIV<lambda_9309390747f0333daa7f03c77082dc0a>@@@Z (unsigned int __cdecl `anonymous namespace'::guarded<unsigned int,class <lambda_9309390747f0333daa7f03c77082dc0a> >(class <lambda_9309390747f0333daa7f03c77082dc0a>))
34F 00002270 SECT4  notype ()    Static       | ??0<lambda_6a73d7d39707bd4d48ad0544b6ba54b7>@@QEAA@AEBQEAU_SAMPLE@@AEBH@Z (public: __cdecl <lambda_6a73d7d39707bd4d48ad0544b6ba54b7>::<lambda_6a73d7d39707bd4d48ad0544b6ba54b7>(struct _SAMPLE * const &,int const &))
350 000022B0 SECT4  notype ()    Static       | ??R<lambda_6a73d7d39707bd4d48ad0544b6ba54b7>@@QEBAXXZ (public: void __cdecl <lambda_6a73d7d39707bd4d48ad0544b6ba54b7>::operator()(void)const )
351 00000000 SECT57 notype ()    External     | ??$guarded@XV<lambda_6a73d7d39707bd4d48ad0544b6ba54b7>@@@?A0x55aa8b99@@YAXV<lambda_6a73d7d39707bd4d48ad0544b6ba54b7>@@@Z (void __cdecl `anonymous namespace'::guarded<void,class <lambda_6a73d7d39707bd4d48ad0544b6ba54b7> >(class <lambda_6a73d7d39707bd4d48ad0544b6ba54b7>))
352 000022E0 SECT4  notype ()    Static       | ??0<lambda_00ae0043a5653bfeb386b392f3f32c52>@@QEAA@AEBQEAU_SAMPLE@@@Z (public: __cdecl <lambda_00ae0043a5653bfeb386b392f3f32c52>::<lambda_00ae0043a5653bfeb386b392f3f32c52>(struct _SAMPLE * const &))
353 00002310 SECT4  notype ()    Static       | ??R<lambda_00ae0043a5653bfeb386b392f3f32c52>@@QEBAHXZ (public: int __cdecl <lambda_00ae0043a5653bfeb386b392f3f32c52>::operator()(void)const )
354 00000000 SECT15 notype ()    External     | ??$guarded@HV<lambda_00ae0043a5653bfeb386b392f3f32c52>@@@?A0x55aa8b99@@YAHV<lambda_00ae0043a5653bfeb386b392f3f32c52>@@@Z (int __cdecl `anonymous namespace'::guarded<int,class <lambda_00ae0043a5653bfeb386b392f3f32c52> >(class <lambda_00ae0043a5653bfeb386b392f3f32c52>))
355 00002340 SECT4  notype ()    Static       | ??0<lambda_f00da9848f00cb605c466718b6c531a6>@@QEAA@AEBQEAU_SAMPLE@@AEBM1@Z (public: __cdecl <lambda_f00da9848f00cb605c466718b6c531a6>::<lambda_f00da9848f00cb605c466718b6c531a6>(struct _SAMPLE * const &,float const &,float const &))
356 000023A0 SECT4  notype ()    Static       | ??R<lambda_f00da9848f00cb605c466718b6c531a6>@@QEBAXXZ (public: void __cdecl <lambda_f00da9848f00cb605c466718b6c531a6>::operator()(void)const )
357 00000000 SECT7B notype ()    External     | ??$guarded@XV<lambda_f00da9848f00cb605c466718b6c531a6>@@@?A0x55aa8b99@@YAXV<lambda_f00da9848f00cb605c466718b6c531a6>@@@Z (void __cdecl `anonymous namespace'::guarded<void,class <lambda_f00da9848f00cb605c466718b6c531a6> >(class <lambda_f00da9848f00cb605c466718b6c531a6>))
358 000023E0 SECT4  notype ()    Static       | ??0<lambda_46d286065f31c45d03c441381f6d07c6>@@QEAA@AEBQEAU_SAMPLE@@AEBQEAM1@Z (public: __cdecl <lambda_46d286065f31c45d03c441381f6d07c6>::<lambda_46d286065f31c45d03c441381f6d07c6>(struct _SAMPLE * const &,float * const &,float * const &))
359 00002440 SECT4  notype ()    Static       | ??R<lambda_46d286065f31c45d03c441381f6d07c6>@@QEBAXXZ (public: void __cdecl <lambda_46d286065f31c45d03c441381f6d07c6>::operator()(void)const )
35A 00000000 SECT4F notype ()    External     | ??$guarded@XV<lambda_46d286065f31c45d03c441381f6d07c6>@@@?A0x55aa8b99@@YAXV<lambda_46d286065f31c45d03c441381f6d07c6>@@@Z (void __cdecl `anonymous namespace'::guarded<void,class <lambda_46d286065f31c45d03c441381f6d07c6> >(class <lambda_46d286065f31c45d03c441381f6d07c6>))
35B 00002480 SECT4  notype ()    Static       | ??0<lambda_dd35e218711ea738db30d25390aec9b0>@@QEAA@AEBQEAU_SAMPLE@@AEBM1@Z (public: __cdecl <lambda_dd35e218711ea738db30d25390aec9b0>::<lambda_dd35e218711ea738db30d25390aec9b0>(struct _SAMPLE * const &,float const &,float const &))
35C 000024E0 SECT4  notype ()    Static       | ??R<lambda_dd35e218711ea738db30d25390aec9b0>@@QEBAXXZ (public: void __cdecl <lambda_dd35e218711ea738db30d25390aec9b0>::operator()(void)const )
35D 00000000 SECT75 notype ()    External     | ??$guarded@XV<lambda_dd35e218711ea738db30d25390aec9b0>@@@?A0x55aa8b99@@YAXV<lambda_dd35e218711ea738db30d25390aec9b0>@@@Z (void __cdecl `anonymous namespace'::guarded<void,class <lambda_dd35e218711ea738db30d25390aec9b0> >(class <lambda_dd35e218711ea738db30d25390aec9b0>))
35E 00002520 SECT4  notype ()    Static       | ??0<lambda_adf9c17595d2d16cb531e933148a6132>@@QEAA@AEBQEAU_SAMPLE@@AEBQEAM1@Z (public: __cdecl <lambda_adf9c17595d2d16cb531e933148a6132>::<lambda_adf9c17595d2d16cb531e933148a6132>(struct _SAMPLE * const &,float * const &,float * const &))
35F 00002580 SECT4  notype ()    Static       | ??R<lambda_adf9c17595d2d16cb531e933148a6132>@@QEBAXXZ (public: void __cdecl <lambda_adf9c17595d2d16cb531e933148a6132>::operator()(void)const )
360 00000000 SECT6B notype ()    External     | ??$guarded@XV<lambda_adf9c17595d2d16cb531e933148a6132>@@@?A0x55aa8b99@@YAXV<lambda_adf9c17595d2d16cb531e933148a6132>@@@Z (void __cdecl `anonymous namespace'::guarded<void,class <lambda_adf9c17595d2d16cb531e933148a6132> >(class <lambda_adf9c17595d2d16cb531e933148a6132>))
361 000025C0 SECT4  notype ()    Static       | ??0<lambda_41af0a78e213b3a26ba08cbe04462139>@@QEAA@AEBQEAU_SAMPLE@@AEBM11@Z (public: __cdecl <lambda_41af0a78e213b3a26ba08cbe04462139>::<lambda_41af0a78e213b3a26ba08cbe04462139>(struct _SAMPLE * const &,float const &,float const &,float const &))
362 00002630 SECT4  notype ()    Static       | ??R<lambda_41af0a78e213b3a26ba08cbe04462139>@@QEBAXXZ (public: void __cdecl <lambda_41af0a78e213b3a26ba08cbe04462139>::operator()(void)const )
363 00000000 SECT4D notype ()    External     | ??$guarded@XV<lambda_41af0a78e213b3a26ba08cbe04462139>@@@?A0x55aa8b99@@YAXV<lambda_41af0a78e213b3a26ba08cbe04462139>@@@Z (void __cdecl `anonymous namespace'::guarded<void,class <lambda_41af0a78e213b3a26ba08cbe04462139> >(class <lambda_41af0a78e213b3a26ba08cbe04462139>))
364 00002670 SECT4  notype ()    Static       | ??0<lambda_16657eb4f11b4580df74f1501324faec>@@QEAA@AEBQEAU_SAMPLE@@AEBM11@Z (public: __cdecl <lambda_16657eb4f11b4580df74f1501324faec>::<lambda_16657eb4f11b4580df74f1501324faec>(struct _SAMPLE * const &,float const &,float const &,float const &))
365 000026E0 SECT4  notype ()    Static       | ??R<lambda_16657eb4f11b4580df74f1501324faec>@@QEBAXXZ (public: void __cdecl <lambda_16657eb4f11b4580df74f1501324faec>::operator()(void)const )
366 00000000 SECT3F notype ()    External     | ??$guarded@XV<lambda_16657eb4f11b4580df74f1501324faec>@@@?A0x55aa8b99@@YAXV<lambda_16657eb4f11b4580df74f1501324faec>@@@Z (void __cdecl `anonymous namespace'::guarded<void,class <lambda_16657eb4f11b4580df74f1501324faec> >(class <lambda_16657eb4f11b4580df74f1501324faec>))
367 00002720 SECT4  notype ()    Static       | ??0<lambda_7f16758173cd15478cd89d5503acb99f>@@QEAA@AEBQEAU_SAMPLE@@AEBM1AEBH@Z (public: __cdecl <lambda_7f16758173cd15478cd89d5503acb99f>::<lambda_7f16758173cd15478cd89d5503acb99f>(struct _SAMPLE * const &,float const &,float const &,int const &))
368 00002790 SECT4  notype ()    Static       | ??R<lambda_7f16758173cd15478cd89d5503acb99f>@@QEBAXXZ (public: void __cdecl <lambda_7f16758173cd15478cd89d5503acb99f>::operator()(void)const )
369 00000000 SECT5B notype ()    External     | ??$guarded@XV<lambda_7f16758173cd15478cd89d5503acb99f>@@@?A0x55aa8b99@@YAXV<lambda_7f16758173cd15478cd89d5503acb99f>@@@Z (void __cdecl `anonymous namespace'::guarded<void,class <lambda_7f16758173cd15478cd89d5503acb99f> >(class <lambda_7f16758173cd15478cd89d5503acb99f>))
36A 000027D0 SECT4  notype ()    Static       | ??0<lambda_e8387d4aa280132e3bf53f2ae16ea107>@@QEAA@AEBQEAU_SAMPLE@@AEBM@Z (public: __cdecl <lambda_e8387d4aa280132e3bf53f2ae16ea107>::<lambda_e8387d4aa280132e3bf53f2ae16ea107>(struct _SAMPLE * const &,float const &))
36B 00002810 SECT4  notype ()    Static       | ??R<lambda_e8387d4aa280132e3bf53f2ae16ea107>@@QEBAXXZ (public: void __cdecl <lambda_e8387d4aa280132e3bf53f2ae16ea107>::operator()(void)const )
36C 00000000 SECT77 notype ()    External     | ??$guarded@XV<lambda_e8387d4aa280132e3bf53f2ae16ea107>@@@?A0x55aa8b99@@YAXV<lambda_e8387d4aa280132e3bf53f2ae16ea107>@@@Z (void __cdecl `anonymous namespace'::guarded<void,class <lambda_e8387d4aa280132e3bf53f2ae16ea107> >(class <lambda_e8387d4aa280132e3bf53f2ae16ea107>))
36D 00002840 SECT4  notype ()    Static       | ??0<lambda_27ad9d690d25a790b095ad49a21c325a>@@QEAA@AEBQEAU_SAMPLE@@AEBM@Z (public: __cdecl <lambda_27ad9d690d25a790b095ad49a21c325a>::<lambda_27ad9d690d25a790b095ad49a21c325a>(struct _SAMPLE * const &,float const &))
36E 00002880 SECT4  notype ()    Static       | ??R<lambda_27ad9d690d25a790b095ad49a21c325a>@@QEBAXXZ (public: void __cdecl <lambda_27ad9d690d25a790b095ad49a21c325a>::operator()(void)const )
36F 00000000 SECT43 notype ()    External     | ??$guarded@XV<lambda_27ad9d690d25a790b095ad49a21c325a>@@@?A0x55aa8b99@@YAXV<lambda_27ad9d690d25a790b095ad49a21c325a>@@@Z (void __cdecl `anonymous namespace'::guarded<void,class <lambda_27ad9d690d25a790b095ad49a21c325a> >(class <lambda_27ad9d690d25a790b095ad49a21c325a>))
370 00000000 SECT9  notype ()    External     | ??$construct@PEADAEAPEAD@?$_Wrap_alloc@V?$allocator@D@std@@@std@@QEAAXPEAPEADAEAPEAD@Z (public: void __cdecl std::_Wrap_alloc<class std::allocator<char> >::construct<char *,char * &>(char * *,char * &))
371 00000000 SECTF  notype ()    External     | ??$destroy@PEAD@?$_Wrap_alloc@V?$allocator@D@std@@@std@@QEAAXPEAPEAD@Z (public: void __cdecl std::_Wrap_alloc<class std::allocator<char> >::destroy<char *>(char * *))
372 00000000 SECT8  notype ()    External     | ??$addressof@D@std@@YAPEADAEAD@Z (char * __cdecl std::addressof<char>(char &))
373 00000000 SECT88 notype ()    External     | ??0?$allocator@U_Container_proxy@std@@@std@@QEAA@XZ (public: __cdecl std::allocator<struct std::_Container_proxy>::allocator<struct std::_Container_proxy>(void))
374 00000000 SECTC8 notype ()    External     | ?deallocate@?$allocator@U_Container_proxy@std@@@std@@QEAAXPEAU_Container_proxy@2@_K@Z (public: void __cdecl std::allocator<struct std::_Container_proxy>::deallocate(struct std::_Container_proxy *,unsigned __int64))
375 00000000 SECTBE notype ()    External     | ?allocate@?$allocator@U_Container_proxy@std@@@std@@QEAAPEAU_Container_proxy@2@_K@Z (public: struct std::_Container_proxy * __cdecl std::allocator<struct std::_Container_proxy>::allocate(unsigned __int64))
376 00000000 SECTD  notype ()    External     | ??$construct@U_Container_proxy@std@@U12@@?$allocator@U_Container_proxy@std@@@std@@QEAAXPEAU_Container_proxy@1@$$QEAU21@@Z (public: void __cdecl std::allocator<struct std::_Container_proxy>::construct<struct std::_Container_proxy,struct std::_Container_proxy>(struct std::_Container_proxy *,struct std::_Container_proxy &&))
377 00000000 SECT12 notype ()    External     | ??$destroy@U_Container_proxy@std@@@?$allocator@U_Container_proxy@std@@@std@@QEAAXPEAU_Container_proxy@1@@Z (public: void __cdecl std::allocator<struct std::_Container_proxy>::destroy<struct std::_Container_proxy>(struct std::_Container_proxy *))
378 00000000 SECT6  notype ()    External     | ??$_Allocate@U_Container_proxy@std@@@std@@YAPEAU_Container_proxy@0@_KPEAU10@@Z (struct std::_Container_proxy * __cdecl std::_Allocate<struct std::_Container_proxy>(unsigned __int64,struct std::_Container_proxy *))
379 00000000 SECT5  notype ()    External     | ??$_Allocate@D@std@@YAPEAD_KPEAD@Z (char * __cdecl std::_Allocate<char>(unsigned __int64,char *))
37A 00000000 SECTA2 notype ()    Static       | ??__E?_Generic_object@?$_Error_objects@H@std@@2V_Generic_error_category@2@A@@YAXXZ (void __cdecl `dynamic initializer for 'public: static class std::_Generic_error_category std::_Error_objects<int>::_Generic_object''(void))
37B 00000000 SECTAB notype ()    Static       | ??__F?_Generic_object@?$_Error_objects@H@std@@2V_Generic_error_category@2@A@@YAXXZ (void __cdecl `dynamic atexit destructor for 'public: static class std::_Generic_error_category std::_Error_objects<int>::_Generic_object''(void))
37C 00000000 SECTA3 notype ()    Static       | ??__E?_Iostream_object@?$_Error_objects@H@std@@2V_Iostream_error_category@2@A@@YAXXZ (void __cdecl `dynamic initializer for 'public: static class std::_Iostream_error_category std::_Error_objects<int>::_Iostream_object''(void))
37D 00000000 SECTAC notype ()    Static       | ??__F?_Iostream_object@?$_Error_objects@H@std@@2V_Iostream_error_category@2@A@@YAXXZ (void __cdecl `dynamic atexit destructor for 'public: static class std::_Iostream_error_category std::_Error_objects<int>::_Iostream_object''(void))
37E 00000000 SECTA4 notype ()    Static       | ??__E?_System_object@?$_Error_objects@H@std@@2V_System_error_category@2@A@@YAXXZ (void __cdecl `dynamic initializer for 'public: static class std::_System_error_category std::_Error_objects<int>::_System_object''(void))
37F 00000000 SECTAD notype ()    Static       | ??__F?_System_object@?$_Error_objects@H@std@@2V_System_error_category@2@A@@YAXXZ (void __cdecl `dynamic atexit destructor for 'public: static class std::_System_error_category std::_Error_objects<int>::_System_object''(void))
380 00000000 SECT13 notype ()    External     | ??$forward@AEAPEAD@std@@YAAEAPEADAEAPEAD@Z (char * & __cdecl std::forward<char * &>(char * &))
381 00000000 SECTC  notype ()    External     | ??$construct@PEADAEAPEAD@?$allocator_traits@V?$allocator@D@std@@@std@@SAXAEAV?$allocator@D@1@PEAPEADAEAPEAD@Z (public: static void __cdecl std::allocator_traits<class std::allocator<char> >::construct<char *,char * &>(class std::allocator<char> &,char * *,char * &))
382 00000000 SECT11 notype ()    External     | ??$destroy@PEAD@?$allocator_traits@V?$allocator@D@std@@@std@@SAXAEAV?$allocator@D@1@PEAPEAD@Z (public: static void __cdecl std::allocator_traits<class std::allocator<char> >::destroy<char *>(class std::allocator<char> &,char * *))
383 00000000 SECT14 notype ()    External     | ??$forward@U_Container_proxy@std@@@std@@YA$$QEAU_Container_proxy@0@AEAU10@@Z (struct std::_Container_proxy && __cdecl std::forward<struct std::_Container_proxy>(struct std::_Container_proxy &))
384 00000000 SECTA5 notype ()    Static       | ??__E?id@?$num_put@DV?$back_insert_iterator@V?$basic_string@DU?$char_traits@D@std@@V?$allocator@D@2@@std@@@std@@@std@@2V0locale@2@A@@YAXXZ (void __cdecl `dynamic initializer for 'public: static class std::locale::id std::num_put<char,class std::back_insert_iterator<class std::basic_string<char,struct std::char_traits<char>,class std::allocator<char> > > >::id''(void))
385 00000000 SECTA6 notype ()    Static       | ??__E?id@?$num_put@_WV?$back_insert_iterator@V?$basic_string@_WU?$char_traits@_W@std@@V?$allocator@_W@2@@std@@@std@@@std@@2V0locale@2@A@@YAXXZ (void __cdecl `dynamic initializer for 'public: static class std::locale::id std::num_put<wchar_t,class std::back_insert_iterator<class std::basic_string<wchar_t,struct std::char_traits<wchar_t>,class std::allocator<wchar_t> > > >::id''(void))
386 00000000 SECTA7 notype ()    Static       | ??__E?id@?$numpunct@D@std@@2V0locale@2@A@@YAXXZ (void __cdecl `dynamic initializer for 'public: static class std::locale::id std::numpunct<char>::id''(void))
387 00000000 SECTA8 notype ()    Static       | ??__E?id@?$numpunct@_W@std@@2V0locale@2@A@@YAXXZ (void __cdecl `dynamic initializer for 'public: static class std::locale::id std::numpunct<wchar_t>::id''(void))
388 00000000 SECTA  notype ()    External     | ??$construct@PEADAEAPEAD@?$allocator@D@std@@QEAAXPEAPEADAEAPEAD@Z (public: void __cdecl std::allocator<char>::construct<char *,char * &>(char * *,char * &))
389 00000000 SECT10 notype ()    External     | ??$destroy@PEAD@?$allocator@D@std@@QEAAXPEAPEAD@Z (public: void __cdecl std::allocator<char>::destroy<char *>(char * *))
38A 00000000 SECT16 notype ()    Static       | ?catch$0@?0???$guarded@HV<lambda_00ae0043a5653bfeb386b392f3f32c52>@@@?A0x55aa8b99@@YAHV<lambda_00ae0043a5653bfeb386b392f3f32c52>@@@Z@4HA (int `int __cdecl `anonymous namespace'::guarded<int,class <lambda_00ae0043a5653bfeb386b392f3f32c52> >(class <lambda_00ae0043a5653bfeb386b392f3f32c52>)'::`1'::catch$0)
38B 00000000 SECT18 notype ()    Static       | ?catch$0@?0???$guarded@HV<lambda_0e15b34d22146574b8e8b74ac6158a9a>@@@?A0x55aa8b99@@YAHV<lambda_0e15b34d22146574b8e8b74ac6158a9a>@@@Z@4HA (int `int __cdecl `anonymous namespace'::guarded<int,class <lambda_0e15b34d22146574b8e8b74ac6158a9a> >(class <lambda_0e15b34d22146574b8e8b74ac6158a9a>)'::`1'::catch$0)
38C 00000000 SECT1A notype ()    Static       | ?catch$0@?0???$guarded@HV<lambda_257eafa3f4fa06df666845d47e5bd261>@@@?A0x55aa8b99@@YAHV<lambda_257eafa3f4fa06df666845d47e5bd261>@@@Z@4HA (int `int __cdecl `anonymous namespace'::guarded<int,class <lambda_257eafa3f4fa06df666845d47e5bd261> >(class <lambda_257eafa3f4fa06df666845d47e5bd261>)'::`1'::catch$0)
38D 00000000 SECT1C notype ()    Static       | ?catch$0@?0???$guarded@HV<lambda_384ab949e80cc40b16d34684b0757274>@@@?A0x55aa8b99@@YAHV<lambda_384ab949e80cc40b16d34684b0757274>@@@Z@4HA (int `int __cdecl `anonymous namespace'::guarded<int,class <lambda_384ab949e80cc40b16d34684b0757274> >(class <lambda_384ab949e80cc40b16d34684b0757274>)'::`1'::catch$0)
38E 00000000 SECT1E notype ()    Static       | ?catch$0@?0???$guarded@HV<lambda_52817f306e40ab65a53c457dc96aaf06>@@@?A0x55aa8b99@@YAHV<lambda_52817f306e40ab65a53c457dc96aaf06>@@@Z@4HA (int `int __cdecl `anonymous namespace'::guarded<int,class <lambda_52817f306e40ab65a53c457dc96aaf06> >(class <lambda_52817f306e40ab65a53c457dc96aaf06>)'::`1'::catch$0)
38F 00000000 SECT20 notype ()    Static       | ?catch$0@?0???$guarded@HV<lambda_5a774c7978a1d14bee3b1d06437f0426>@@@?A0x55aa8b99@@YAHV<lambda_5a774c7978a1d14bee3b1d06437f0426>@@@Z@4HA (int `int __cdecl `anonymous namespace'::guarded<int,class <lambda_5a774c7978a1d14bee3b1d06437f0426> >(class <lambda_5a774c7978a1d14bee3b1d06437f0426>)'::`1'::catch$0)
390 00000000 SECT22 notype ()    Static       | ?catch$0@?0???$guarded@HV<lambda_5b8a1b493a4f20b6114eb54594ee7e19>@@@?A0x55aa8b99@@YAHV<lambda_5b8a1b493a4f20b6114eb54594ee7e19>@@@Z@4HA (int `int __cdecl `anonymous namespace'::guarded<int,class <lambda_5b8a1b493a4f20b6114eb54594ee7e19> >(class <lambda_5b8a1b493a4f20b6114eb54594ee7e19>)'::`1'::catch$0)
391 00000000 SECT24 notype ()    Static       | ?catch$0@?0???$guarded@HV<lambda_66863ff94f0f8e53e597922f2dd5aa8d>@@@?A0x55aa8b99@@YAHV<lambda_66863ff94f0f8e53e597922f2dd5aa8d>@@@Z@4HA (int `int __cdecl `anonymous namespace'::guarded<int,class <lambda_66863ff94f0f8e53e597922f2dd5aa8d> >(class <lambda_66863ff94f0f8e53e597922f2dd5aa8d>)'::`1'::catch$0)
392 00000000 SECT26 notype ()    Static       | ?catch$0@?0???$guarded@HV<lambda_cccfe32f11005af40eae007c4f696ac9>@@@?A0x55aa8b99@@YAHV<lambda_cccfe32f11005af40eae007c4f696ac9>@@@Z@4HA (int `int __cdecl `anonymous namespace'::guarded<int,class <lambda_cccfe32f11005af40eae007c4f696ac9> >(class <lambda_cccfe32f11005af40eae007c4f696ac9>)'::`1'::catch$0)
393 00000000 SECT28 notype ()    Static       | ?catch$0@?0???$guarded@HV<lambda_f1374f01306ce749f3b35ff7808f2a92>@@@?A0x55aa8b99@@YAHV<lambda_f1374f01306ce749f3b35ff7808f2a92>@@@Z@4HA (int `int __cdecl `anonymous namespace'::guarded<int,class <lambda_f1374f01306ce749f3b35ff7808f2a92> >(class <lambda_f1374f01306ce749f3b35ff7808f2a92>)'::`1'::catch$0)
394 00000000 SECT2A notype ()    Static       | ?catch$0@?0???$guarded@IV<lambda_6440da8c6a8b39c392b563b180960b2e>@@@?A0x55aa8b99@@YAIV<lambda_6440da8c6a8b39c392b563b180960b2e>@@@Z@4HA (int `unsigned int __cdecl `anonymous namespace'::guarded<unsigned int,class <lambda_6440da8c6a8b39c392b563b180960b2e> >(class <lambda_6440da8c6a8b39c392b563b180960b2e>)'::`1'::catch$0)
395 00000000 SECT2C notype ()    Static       | ?catch$0@?0???$guarded@IV<lambda_8f49d0341572fb3e0a595f9e8a2cb39b>@@@?A0x55aa8b99@@YAIV<lambda_8f49d0341572fb3e0a595f9e8a2cb39b>@@@Z@4HA (int `unsigned int __cdecl `anonymous namespace'::guarded<unsigned int,class <lambda_8f49d0341572fb3e0a595f9e8a2cb39b> >(class <lambda_8f49d0341572fb3e0a595f9e8a2cb39b>)'::`1'::catch$0)
396 00000000 SECT2E notype ()    Static       | ?catch$0@?0???$guarded@IV<lambda_9309390747f0333daa7f03c77082dc0a>@@@?A0x55aa8b99@@YAIV<lambda_9309390747f0333daa7f03c77082dc0a>@@@Z@4HA (int `unsigned int __cdecl `anonymous namespace'::guarded<unsigned int,class <lambda_9309390747f0333daa7f03c77082dc0a> >(class <lambda_9309390747f0333daa7f03c77082dc0a>)'::`1'::catch$0)
397 00000000 SECT30 notype ()    Static       | ?catch$0@?0???$guarded@PEAU_DIG_DRIVER@@V<lambda_d8249463d5db3cdd434b3528fe1d480f>@@@?A0x55aa8b99@@YAPEAU_DIG_DRIVER@@V<lambda_d8249463d5db3cdd434b3528fe1d480f>@@@Z@4HA (int `struct _DIG_DRIVER * __cdecl `anonymous namespace'::guarded<struct _DIG_DRIVER *,class <lambda_d8249463d5db3cdd434b3528fe1d480f> >(class <lambda_d8249463d5db3cdd434b3528fe1d480f>)'::`1'::catch$0)
398 00000000 SECT32 notype ()    Static       | ?catch$0@?0???$guarded@PEAU_SAMPLE@@V<lambda_414b2bb923474fc24add9b264f954cc1>@@@?A0x55aa8b99@@YAPEAU_SAMPLE@@V<lambda_414b2bb923474fc24add9b264f954cc1>@@@Z@4HA (int `struct _SAMPLE * __cdecl `anonymous namespace'::guarded<struct _SAMPLE *,class <lambda_414b2bb923474fc24add9b264f954cc1> >(class <lambda_414b2bb923474fc24add9b264f954cc1>)'::`1'::catch$0)
399 00000000 SECT34 notype ()    Static       | ?catch$0@?0???$guarded@PEAU_SAMPLE@@V<lambda_fd09c45152f3a914969b6ac271fd5632>@@@?A0x55aa8b99@@YAPEAU_SAMPLE@@V<lambda_fd09c45152f3a914969b6ac271fd5632>@@@Z@4HA (int `struct _SAMPLE * __cdecl `anonymous namespace'::guarded<struct _SAMPLE *,class <lambda_fd09c45152f3a914969b6ac271fd5632> >(class <lambda_fd09c45152f3a914969b6ac271fd5632>)'::`1'::catch$0)
39A 00000000 SECT36 notype ()    Static       | ?catch$0@?0???$guarded@PEAU_STREAM@@V<lambda_668cc8ef30740f6e794cdc8d64d44f87>@@@?A0x55aa8b99@@YAPEAU_STREAM@@V<lambda_668cc8ef30740f6e794cdc8d64d44f87>@@@Z@4HA (int `struct _STREAM * __cdecl `anonymous namespace'::guarded<struct _STREAM *,class <lambda_668cc8ef30740f6e794cdc8d64d44f87> >(class <lambda_668cc8ef30740f6e794cdc8d64d44f87>)'::`1'::catch$0)
39B 00000000 SECT38 notype ()    Static       | ?catch$0@?0???$guarded@PEBDV<lambda_048e1e6635f74a69665b32c8bedcc68b>@@@?A0x55aa8b99@@YAPEBDV<lambda_048e1e6635f74a69665b32c8bedcc68b>@@@Z@4HA (int `char const * __cdecl `anonymous namespace'::guarded<char const *,class <lambda_048e1e6635f74a69665b32c8bedcc68b> >(class <lambda_048e1e6635f74a69665b32c8bedcc68b>)'::`1'::catch$0)
39C 00000000 SECT3A notype ()    Static       | ?catch$0@?0???$guarded@PEBDV<lambda_579dce4a55783e0389da1ac224b49b61>@@@?A0x55aa8b99@@YAPEBDV<lambda_579dce4a55783e0389da1ac224b49b61>@@@Z@4HA (int `char const * __cdecl `anonymous namespace'::guarded<char const *,class <lambda_579dce4a55783e0389da1ac224b49b61> >(class <lambda_579dce4a55783e0389da1ac224b49b61>)'::`1'::catch$0)
39D 00000000 SECT3C notype ()    Static       | ?catch$0@?0???$guarded@XV<lambda_0aa27b02b49bfadf4433a333ebb3dc45>@@@?A0x55aa8b99@@YAXV<lambda_0aa27b02b49bfadf4433a333ebb3dc45>@@@Z@4HA (int `void __cdecl `anonymous namespace'::guarded<void,class <lambda_0aa27b02b49bfadf4433a333ebb3dc45> >(class <lambda_0aa27b02b49bfadf4433a333ebb3dc45>)'::`1'::catch$0)
39E 00000000 SECT3E notype ()    Static       | ?catch$0@?0???$guarded@XV<lambda_114b8dd09eb2933836ad3213c1c38ef3>@@@?A0x55aa8b99@@YAXV<lambda_114b8dd09eb2933836ad3213c1c38ef3>@@@Z@4HA (int `void __cdecl `anonymous namespace'::guarded<void,class <lambda_114b8dd09eb2933836ad3213c1c38ef3> >(class <lambda_114b8dd09eb2933836ad3213c1c38ef3>)'::`1'::catch$0)
39F 00000000 SECT40 notype ()    Static       | ?catch$0@?0???$guarded@XV<lambda_16657eb4f11b4580df74f1501324faec>@@@?A0x55aa8b99@@YAXV<lambda_16657eb4f11b4580df74f1501324faec>@@@Z@4HA (int `void __cdecl `anonymous namespace'::guarded<void,class <lambda_16657eb4f11b4580df74f1501324faec> >(class <lambda_16657eb4f11b4580df74f1501324faec>)'::`1'::catch$0)
3A0 00000000 SECT42 notype ()    Static       | ?catch$0@?0???$guarded@XV<lambda_1ef604c6eba4117d22195b4b3c03e0c3>@@@?A0x55aa8b99@@YAXV<lambda_1ef604c6eba4117d22195b4b3c03e0c3>@@@Z@4HA (int `void __cdecl `anonymous namespace'::guarded<void,class <lambda_1ef604c6eba4117d22195b4b3c03e0c3> >(class <lambda_1ef604c6eba4117d22195b4b3c03e0c3>)'::`1'::catch$0)
3A1 00000000 SECT44 notype ()    Static       | ?catch$0@?0???$guarded@XV<lambda_27ad9d690d25a790b095ad49a21c325a>@@@?A0x55aa8b99@@YAXV<lambda_27ad9d690d25a790b095ad49a21c325a>@@@Z@4HA (int `void __cdecl `anonymous namespace'::guarded<void,class <lambda_27ad9d690d25a790b095ad49a21c325a> >(class <lambda_27ad9d690d25a790b095ad49a21c325a>)'::`1'::catch$0)
3A2 00000000 SECT46 notype ()    Static       | ?catch$0@?0???$guarded@XV<lambda_2d7bbb27e998ce5ba9db3cec95718faa>@@@?A0x55aa8b99@@YAXV<lambda_2d7bbb27e998ce5ba9db3cec95718faa>@@@Z@4HA (int `void __cdecl `anonymous namespace'::guarded<void,class <lambda_2d7bbb27e998ce5ba9db3cec95718faa> >(class <lambda_2d7bbb27e998ce5ba9db3cec95718faa>)'::`1'::catch$0)
3A3 00000000 SECT48 notype ()    Static       | ?catch$0@?0???$guarded@XV<lambda_34f1ace2901c89165490f2d451d64f5e>@@@?A0x55aa8b99@@YAXV<lambda_34f1ace2901c89165490f2d451d64f5e>@@@Z@4HA (int `void __cdecl `anonymous namespace'::guarded<void,class <lambda_34f1ace2901c89165490f2d451d64f5e> >(class <lambda_34f1ace2901c89165490f2d451d64f5e>)'::`1'::catch$0)
3A4 00000000 SECT4A notype ()    Static       | ?catch$0@?0???$guarded@XV<lambda_36169225f1b0fa054899674485753e12>@@@?A0x55aa8b99@@YAXV<lambda_36169225f1b0fa054899674485753e12>@@@Z@4HA (int `void __cdecl `anonymous namespace'::guarded<void,class <lambda_36169225f1b0fa054899674485753e12> >(class <lambda_36169225f1b0fa054899674485753e12>)'::`1'::catch$0)
3A5 00000000 SECT4C notype ()    Static       | ?catch$0@?0???$guarded@XV<lambda_3d8c71d54f8f9cc7c0e4a2f4dfe13c02>@@@?A0x55aa8b99@@YAXV<lambda_3d8c71d54f8f9cc7c0e4a2f4dfe13c02>@@@Z@4HA (int `void __cdecl `anonymous namespace'::guarded<void,class <lambda_3d8c71d54f8f9cc7c0e4a2f4dfe13c02> >(class <lambda_3d8c71d54f8f9cc7c0e4a2f4dfe13c02>)'::`1'::catch$0)
3A6 00000000 SECT4E notype ()    Static       | ?catch$0@?0???$guarded@XV<lambda_41af0a78e213b3a26ba08cbe04462139>@@@?A0x55aa8b99@@YAXV<lambda_41af0a78e213b3a26ba08cbe04462139>@@@Z@4HA (int `void __cdecl `anonymous namespace'::guarded<void,class <lambda_41af0a78e213b3a26ba08cbe04462139> >(class <lambda_41af0a78e213b3a26ba08cbe04462139>)'::`1'::catch$0)
3A7 00000000 SECT50 notype ()    Static       | ?catch$0@?0???$guarded@XV<lambda_46d286065f31c45d03c441381f6d07c6>@@@?A0x55aa8b99@@YAXV<lambda_46d286065f31c45d03c441381f6d07c6>@@@Z@4HA (int `void __cdecl `anonymous namespace'::guarded<void,class <lambda_46d286065f31c45d03c441381f6d07c6> >(class <lambda_46d286065f31c45d03c441381f6d07c6>)'::`1'::catch$0)
3A8 00000000 SECT52 notype ()    Static       | ?catch$0@?0???$guarded@XV<lambda_50cd49ab33591af6e5da253d96cd6cc5>@@@?A0x55aa8b99@@YAXV<lambda_50cd49ab33591af6e5da253d96cd6cc5>@@@Z@4HA (int `void __cdecl `anonymous namespace'::guarded<void,class <lambda_50cd49ab33591af6e5da253d96cd6cc5> >(class <lambda_50cd49ab33591af6e5da253d96cd6cc5>)'::`1'::catch$0)
3A9 00000000 SECT54 notype ()    Static       | ?catch$0@?0???$guarded@XV<lambda_553ba8f03dfeeba21c31831d3b8ece50>@@@?A0x55aa8b99@@YAXV<lambda_553ba8f03dfeeba21c31831d3b8ece50>@@@Z@4HA (int `void __cdecl `anonymous namespace'::guarded<void,class <lambda_553ba8f03dfeeba21c31831d3b8ece50> >(class <lambda_553ba8f03dfeeba21c31831d3b8ece50>)'::`1'::catch$0)
3AA 00000000 SECT56 notype ()    Static       | ?catch$0@?0???$guarded@XV<lambda_62f4daa67b08f8f9c403213178284edc>@@@?A0x55aa8b99@@YAXV<lambda_62f4daa67b08f8f9c403213178284edc>@@@Z@4HA (int `void __cdecl `anonymous namespace'::guarded<void,class <lambda_62f4daa67b08f8f9c403213178284edc> >(class <lambda_62f4daa67b08f8f9c403213178284edc>)'::`1'::catch$0)
3AB 00000000 SECT58 notype ()    Static       | ?catch$0@?0???$guarded@XV<lambda_6a73d7d39707bd4d48ad0544b6ba54b7>@@@?A0x55aa8b99@@YAXV<lambda_6a73d7d39707bd4d48ad0544b6ba54b7>@@@Z@4HA (int `void __cdecl `anonymous namespace'::guarded<void,class <lambda_6a73d7d39707bd4d48ad0544b6ba54b7> >(class <lambda_6a73d7d39707bd4d48ad0544b6ba54b7>)'::`1'::catch$0)
3AC 00000000 SECT5A notype ()    Static       | ?catch$0@?0???$guarded@XV<lambda_73f47e14ef1bc29b8e620967215b5c7a>@@@?A0x55aa8b99@@YAXV<lambda_73f47e14ef1bc29b8e620967215b5c7a>@@@Z@4HA (int `void __cdecl `anonymous namespace'::guarded<void,class <lambda_73f47e14ef1bc29b8e620967215b5c7a> >(class <lambda_73f47e14ef1bc29b8e620967215b5c7a>)'::`1'::catch$0)
3AD 00000000 SECT5C notype ()    Static       | ?catch$0@?0???$guarded@XV<lambda_7f16758173cd15478cd89d5503acb99f>@@@?A0x55aa8b99@@YAXV<lambda_7f16758173cd15478cd89d5503acb99f>@@@Z@4HA (int `void __cdecl `anonymous namespace'::guarded<void,class <lambda_7f16758173cd15478cd89d5503acb99f> >(class <lambda_7f16758173cd15478cd89d5503acb99f>)'::`1'::catch$0)
3AE 00000000 SECT5E notype ()    Static       | ?catch$0@?0???$guarded@XV<lambda_81c4734e752f86302aae654577f404a7>@@@?A0x55aa8b99@@YAXV<lambda_81c4734e752f86302aae654577f404a7>@@@Z@4HA (int `void __cdecl `anonymous namespace'::guarded<void,class <lambda_81c4734e752f86302aae654577f404a7> >(class <lambda_81c4734e752f86302aae654577f404a7>)'::`1'::catch$0)
3AF 00000000 SECT60 notype ()    Static       | ?catch$0@?0???$guarded@XV<lambda_8993301c17ec73bbbaa34aada81482ce>@@@?A0x55aa8b99@@YAXV<lambda_8993301c17ec73bbbaa34aada81482ce>@@@Z@4HA (int `void __cdecl `anonymous namespace'::guarded<void,class <lambda_8993301c17ec73bbbaa34aada81482ce> >(class <lambda_8993301c17ec73bbbaa34aada81482ce>)'::`1'::catch$0)
3B0 00000000 SECT62 notype ()    Static       | ?catch$0@?0???$guarded@XV<lambda_94fde4d96f7282a2761016be8e904b3b>@@@?A0x55aa8b99@@YAXV<lambda_94fde4d96f7282a2761016be8e904b3b>@@@Z@4HA (int `void __cdecl `anonymous namespace'::guarded<void,class <lambda_94fde4d96f7282a2761016be8e904b3b> >(class <lambda_94fde4d96f7282a2761016be8e904b3b>)'::`1'::catch$0)
3B1 00000000 SECT64 notype ()    Static       | ?catch$0@?0???$guarded@XV<lambda_9bba5dbd3126c16ff24d8c77a64511ca>@@@?A0x55aa8b99@@YAXV<lambda_9bba5dbd3126c16ff24d8c77a64511ca>@@@Z@4HA (int `void __cdecl `anonymous namespace'::guarded<void,class <lambda_9bba5dbd3126c16ff24d8c77a64511ca> >(class <lambda_9bba5dbd3126c16ff24d8c77a64511ca>)'::`1'::catch$0)
3B2 00000000 SECT66 notype ()    Static       | ?catch$0@?0???$guarded@XV<lambda_9c8d08f422480236d02fcb278dc9ac04>@@@?A0x55aa8b99@@YAXV<lambda_9c8d08f422480236d02fcb278dc9ac04>@@@Z@4HA (int `void __cdecl `anonymous namespace'::guarded<void,class <lambda_9c8d08f422480236d02fcb278dc9ac04> >(class <lambda_9c8d08f422480236d02fcb278dc9ac04>)'::`1'::catch$0)
3B3 00000000 SECT68 notype ()    Static       | ?catch$0@?0???$guarded@XV<lambda_a0c8e9f7d6cf0f24f3ccf1282c3471bb>@@@?A0x55aa8b99@@YAXV<lambda_a0c8e9f7d6cf0f24f3ccf1282c3471bb>@@@Z@4HA (int `void __cdecl `anonymous namespace'::guarded<void,class <lambda_a0c8e9f7d6cf0f24f3ccf1282c3471bb> >(class <lambda_a0c8e9f7d6cf0f24f3ccf1282c3471bb>)'::`1'::catch$0)
3B4 00000000 SECT6A notype ()    Static       | ?catch$0@?0???$guarded@XV<lambda_ab2d9fde73215b4f665037889d9e59e2>@@@?A0x55aa8b99@@YAXV<lambda_ab2d9fde73215b4f665037889d9e59e2>@@@Z@4HA (int `void __cdecl `anonymous namespace'::guarded<void,class <lambda_ab2d9fde73215b4f665037889d9e59e2> >(class <lambda_ab2d9fde73215b4f665037889d9e59e2>)'::`1'::catch$0)
3B5 00000000 SECT6C notype ()    Static       | ?catch$0@?0???$guarded@XV<lambda_adf9c17595d2d16cb531e933148a6132>@@@?A0x55aa8b99@@YAXV<lambda_adf9c17595d2d16cb531e933148a6132>@@@Z@4HA (int `void __cdecl `anonymous namespace'::guarded<void,class <lambda_adf9c17595d2d16cb531e933148a6132> >(class <lambda_adf9c17595d2d16cb531e933148a6132>)'::`1'::catch$0)
3B6 00000000 SECT6E notype ()    Static       | ?catch$0@?0???$guarded@XV<lambda_b296c6bd67f07e12f775c24d28cab191>@@@?A0x55aa8b99@@YAXV<lambda_b296c6bd67f07e12f775c24d28cab191>@@@Z@4HA (int `void __cdecl `anonymous namespace'::guarded<void,class <lambda_b296c6bd67f07e12f775c24d28cab191> >(class <lambda_b296c6bd67f07e12f775c24d28cab191>)'::`1'::catch$0)
3B7 00000000 SECT70 notype ()    Static       | ?catch$0@?0???$guarded@XV<lambda_b8c8e9c625ed217325fb40018d68f67a>@@@?A0x55aa8b99@@YAXV<lambda_b8c8e9c625ed217325fb40018d68f67a>@@@Z@4HA (int `void __cdecl `anonymous namespace'::guarded<void,class <lambda_b8c8e9c625ed217325fb40018d68f67a> >(class <lambda_b8c8e9c625ed217325fb40018d68f67a>)'::`1'::catch$0)
3B8 00000000 SECT72 notype ()    Static       | ?catch$0@?0???$guarded@XV<lambda_c03c80beb971b5d19fae2847b31cb87b>@@@?A0x55aa8b99@@YAXV<lambda_c03c80beb971b5d19fae2847b31cb87b>@@@Z@4HA (int `void __cdecl `anonymous namespace'::guarded<void,class <lambda_c03c80beb971b5d19fae2847b31cb87b> >(class <lambda_c03c80beb971b5d19fae2847b31cb87b>)'::`1'::catch$0)
3B9 00000000 SECT74 notype ()    Static       | ?catch$0@?0???$guarded@XV<lambda_c41453374cd69c322f6690ca24e4f257>@@@?A0x55aa8b99@@YAXV<lambda_c41453374cd69c322f6690ca24e4f257>@@@Z@4HA (int `void __cdecl `anonymous namespace'::guarded<void,class <lambda_c41453374cd69c322f6690ca24e4f257> >(class <lambda_c41453374cd69c322f6690ca24e4f257>)'::`1'::catch$0)
3BA 00000000 SECT76 notype ()    Static       | ?catch$0@?0???$guarded@XV<lambda_dd35e218711ea738db30d25390aec9b0>@@@?A0x55aa8b99@@YAXV<lambda_dd35e218711ea738db30d25390aec9b0>@@@Z@4HA (int `void __cdecl `anonymous namespace'::guarded<void,class <lambda_dd35e218711ea738db30d25390aec9b0> >(class <lambda_dd35e218711ea738db30d25390aec9b0>)'::`1'::catch$0)
3BB 00000000 SECT78 notype ()    Static       | ?catch$0@?0???$guarded@XV<lambda_e8387d4aa280132e3bf53f2ae16ea107>@@@?A0x55aa8b99@@YAXV<lambda_e8387d4aa280132e3bf53f2ae16ea107>@@@Z@4HA (int `void __cdecl `anonymous namespace'::guarded<void,class <lambda_e8387d4aa280132e3bf53f2ae16ea107> >(class <lambda_e8387d4aa280132e3bf53f2ae16ea107>)'::`1'::catch$0)
3BC 00000000 SECT7A notype ()    Static       | ?catch$0@?0???$guarded@XV<lambda_ed258bf0fe4262ec00e5d646525b0715>@@@?A0x55aa8b99@@YAXV<lambda_ed258bf0fe4262ec00e5d646525b0715>@@@Z@4HA (int `void __cdecl `anonymous namespace'::guarded<void,class <lambda_ed258bf0fe4262ec00e5d646525b0715> >(class <lambda_ed258bf0fe4262ec00e5d646525b0715>)'::`1'::catch$0)
3BD 00000000 SECT7C notype ()    Static       | ?catch$0@?0???$guarded@XV<lambda_f00da9848f00cb605c466718b6c531a6>@@@?A0x55aa8b99@@YAXV<lambda_f00da9848f00cb605c466718b6c531a6>@@@Z@4HA (int `void __cdecl `anonymous namespace'::guarded<void,class <lambda_f00da9848f00cb605c466718b6c531a6> >(class <lambda_f00da9848f00cb605c466718b6c531a6>)'::`1'::catch$0)
3BE 00000000 SECT7E notype ()    Static       | ?catch$0@?0???$guarded@XV<lambda_f0e7c54bb1a09da00d26e672a71d86a4>@@@?A0x55aa8b99@@YAXV<lambda_f0e7c54bb1a09da00d26e672a71d86a4>@@@Z@4HA (int `void __cdecl `anonymous namespace'::guarded<void,class <lambda_f0e7c54bb1a09da00d26e672a71d86a4> >(class <lambda_f0e7c54bb1a09da00d26e672a71d86a4>)'::`1'::catch$0)
3BF 00000000 SECT80 notype ()    Static       | ?catch$0@?0???$guarded@_JV<lambda_3cf31ac7158ad6e069610f2a45149a5f>@@@?A0x55aa8b99@@YA_JV<lambda_3cf31ac7158ad6e069610f2a45149a5f>@@@Z@4HA (int `__int64 __cdecl `anonymous namespace'::guarded<__int64,class <lambda_3cf31ac7158ad6e069610f2a45149a5f> >(class <lambda_3cf31ac7158ad6e069610f2a45149a5f>)'::`1'::catch$0)
3C0 00000000 SECT82 notype ()    Static       | ?catch$0@?0???$guarded@_JV<lambda_eac3eea92ac966b5718a803e9e002bfb>@@@?A0x55aa8b99@@YA_JV<lambda_eac3eea92ac966b5718a803e9e002bfb>@@@Z@4HA (int `__int64 __cdecl `anonymous namespace'::guarded<__int64,class <lambda_eac3eea92ac966b5718a803e9e002bfb> >(class <lambda_eac3eea92ac966b5718a803e9e002bfb>)'::`1'::catch$0)
3C1 0000005B SECTB0 notype ()    Static       | ?catch$0@?0??_Copy@?$basic_string@DU?$char_traits@D@std@@V?$allocator@D@2@@std@@QEAAX_K0@Z@4HA (int `public: void __cdecl std::basic_string<char,struct std::char_traits<char>,class std::allocator<char> >::_Copy(unsigned __int64,unsigned __int64)'::`1'::catch$0)
3C2 00000037 SECT16 notype ()    Static       | ?catch$1@?0???$guarded@HV<lambda_00ae0043a5653bfeb386b392f3f32c52>@@@?A0x55aa8b99@@YAHV<lambda_00ae0043a5653bfeb386b392f3f32c52>@@@Z@4HA (int `int __cdecl `anonymous namespace'::guarded<int,class <lambda_00ae0043a5653bfeb386b392f3f32c52> >(class <lambda_00ae0043a5653bfeb386b392f3f32c52>)'::`1'::catch$1)
3C3 00000037 SECT18 notype ()    Static       | ?catch$1@?0???$guarded@HV<lambda_0e15b34d22146574b8e8b74ac6158a9a>@@@?A0x55aa8b99@@YAHV<lambda_0e15b34d22146574b8e8b74ac6158a9a>@@@Z@4HA (int `int __cdecl `anonymous namespace'::guarded<int,class <lambda_0e15b34d22146574b8e8b74ac6158a9a> >(class <lambda_0e15b34d22146574b8e8b74ac6158a9a>)'::`1'::catch$1)
3C4 00000037 SECT1A notype ()    Static       | ?catch$1@?0???$guarded@HV<lambda_257eafa3f4fa06df666845d47e5bd261>@@@?A0x55aa8b99@@YAHV<lambda_257eafa3f4fa06df666845d47e5bd261>@@@Z@4HA (int `int __cdecl `anonymous namespace'::guarded<int,class <lambda_257eafa3f4fa06df666845d47e5bd261> >(class <lambda_257eafa3f4fa06df666845d47e5bd261>)'::`1'::catch$1)
3C5 00000037 SECT1C notype ()    Static       | ?catch$1@?0???$guarded@HV<lambda_384ab949e80cc40b16d34684b0757274>@@@?A0x55aa8b99@@YAHV<lambda_384ab949e80cc40b16d34684b0757274>@@@Z@4HA (int `int __cdecl `anonymous namespace'::guarded<int,class <lambda_384ab949e80cc40b16d34684b0757274> >(class <lambda_384ab949e80cc40b16d34684b0757274>)'::`1'::catch$1)
3C6 00000037 SECT1E notype ()    Static       | ?catch$1@?0???$guarded@HV<lambda_52817f306e40ab65a53c457dc96aaf06>@@@?A0x55aa8b99@@YAHV<lambda_52817f306e40ab65a53c457dc96aaf06>@@@Z@4HA (int `int __cdecl `anonymous namespace'::guarded<int,class <lambda_52817f306e40ab65a53c457dc96aaf06> >(class <lambda_52817f306e40ab65a53c457dc96aaf06>)'::`1'::catch$1)
3C7 00000037 SECT20 notype ()    Static       | ?catch$1@?0???$guarded@HV<lambda_5a774c7978a1d14bee3b1d06437f0426>@@@?A0x55aa8b99@@YAHV<lambda_5a774c7978a1d14bee3b1d06437f0426>@@@Z@4HA (int `int __cdecl `anonymous namespace'::guarded<int,class <lambda_5a774c7978a1d14bee3b1d06437f0426> >(class <lambda_5a774c7978a1d14bee3b1d06437f0426>)'::`1'::catch$1)
3C8 00000037 SECT22 notype ()    Static       | ?catch$1@?0???$guarded@HV<lambda_5b8a1b493a4f20b6114eb54594ee7e19>@@@?A0x55aa8b99@@YAHV<lambda_5b8a1b493a4f20b6114eb54594ee7e19>@@@Z@4HA (int `int __cdecl `anonymous namespace'::guarded<int,class <lambda_5b8a1b493a4f20b6114eb54594ee7e19> >(class <lambda_5b8a1b493a4f20b6114eb54594ee7e19>)'::`1'::catch$1)
3C9 00000037 SECT24 notype ()    Static       | ?catch$1@?0???$guarded@HV<lambda_66863ff94f0f8e53e597922f2dd5aa8d>@@@?A0x55aa8b99@@YAHV<lambda_66863ff94f0f8e53e597922f2dd5aa8d>@@@Z@4HA (int `int __cdecl `anonymous namespace'::guarded<int,class <lambda_66863ff94f0f8e53e597922f2dd5aa8d> >(class <lambda_66863ff94f0f8e53e597922f2dd5aa8d>)'::`1'::catch$1)
3CA 00000037 SECT26 notype ()    Static       | ?catch$1@?0???$guarded@HV<lambda_cccfe32f11005af40eae007c4f696ac9>@@@?A0x55aa8b99@@YAHV<lambda_cccfe32f11005af40eae007c4f696ac9>@@@Z@4HA (int `int __cdecl `anonymous namespace'::guarded<int,class <lambda_cccfe32f11005af40eae007c4f696ac9> >(class <lambda_cccfe32f11005af40eae007c4f696ac9>)'::`1'::catch$1)
3CB 00000037 SECT28 notype ()    Static       | ?catch$1@?0???$guarded@HV<lambda_f1374f01306ce749f3b35ff7808f2a92>@@@?A0x55aa8b99@@YAHV<lambda_f1374f01306ce749f3b35ff7808f2a92>@@@Z@4HA (int `int __cdecl `anonymous namespace'::guarded<int,class <lambda_f1374f01306ce749f3b35ff7808f2a92> >(class <lambda_f1374f01306ce749f3b35ff7808f2a92>)'::`1'::catch$1)
3CC 00000037 SECT2A notype ()    Static       | ?catch$1@?0???$guarded@IV<lambda_6440da8c6a8b39c392b563b180960b2e>@@@?A0x55aa8b99@@YAIV<lambda_6440da8c6a8b39c392b563b180960b2e>@@@Z@4HA (int `unsigned int __cdecl `anonymous namespace'::guarded<unsigned int,class <lambda_6440da8c6a8b39c392b563b180960b2e> >(class <lambda_6440da8c6a8b39c392b563b180960b2e>)'::`1'::catch$1)
3CD 00000037 SECT2C notype ()    Static       | ?catch$1@?0???$guarded@IV<lambda_8f49d0341572fb3e0a595f9e8a2cb39b>@@@?A0x55aa8b99@@YAIV<lambda_8f49d0341572fb3e0a595f9e8a2cb39b>@@@Z@4HA (int `unsigned int __cdecl `anonymous namespace'::guarded<unsigned int,class <lambda_8f49d0341572fb3e0a595f9e8a2cb39b> >(class <lambda_8f49d0341572fb3e0a595f9e8a2cb39b>)'::`1'::catch$1)
3CE 00000037 SECT2E notype ()    Static       | ?catch$1@?0???$guarded@IV<lambda_9309390747f0333daa7f03c77082dc0a>@@@?A0x55aa8b99@@YAIV<lambda_9309390747f0333daa7f03c77082dc0a>@@@Z@4HA (int `unsigned int __cdecl `anonymous namespace'::guarded<unsigned int,class <lambda_9309390747f0333daa7f03c77082dc0a> >(class <lambda_9309390747f0333daa7f03c77082dc0a>)'::`1'::catch$1)
3CF 00000037 SECT30 notype ()    Static       | ?catch$1@?0???$guarded@PEAU_DIG_DRIVER@@V<lambda_d8249463d5db3cdd434b3528fe1d480f>@@@?A0x55aa8b99@@YAPEAU_DIG_DRIVER@@V<lambda_d8249463d5db3cdd434b3528fe1d480f>@@@Z@4HA (int `struct _DIG_DRIVER * __cdecl `anonymous namespace'::guarded<struct _DIG_DRIVER *,class <lambda_d8249463d5db3cdd434b3528fe1d480f> >(class <lambda_d8249463d5db3cdd434b3528fe1d480f>)'::`1'::catch$1)
3D0 00000037 SECT32 notype ()    Static       | ?catch$1@?0???$guarded@PEAU_SAMPLE@@V<lambda_414b2bb923474fc24add9b264f954cc1>@@@?A0x55aa8b99@@YAPEAU_SAMPLE@@V<lambda_414b2bb923474fc24add9b264f954cc1>@@@Z@4HA (int `struct _SAMPLE * __cdecl `anonymous namespace'::guarded<struct _SAMPLE *,class <lambda_414b2bb923474fc24add9b264f954cc1> >(class <lambda_414b2bb923474fc24add9b264f954cc1>)'::`1'::catch$1)
3D1 00000037 SECT34 notype ()    Static       | ?catch$1@?0???$guarded@PEAU_SAMPLE@@V<lambda_fd09c45152f3a914969b6ac271fd5632>@@@?A0x55aa8b99@@YAPEAU_SAMPLE@@V<lambda_fd09c45152f3a914969b6ac271fd5632>@@@Z@4HA (int `struct _SAMPLE * __cdecl `anonymous namespace'::guarded<struct _SAMPLE *,class <lambda_fd09c45152f3a914969b6ac271fd5632> >(class <lambda_fd09c45152f3a914969b6ac271fd5632>)'::`1'::catch$1)
3D2 00000037 SECT36 notype ()    Static       | ?catch$1@?0???$guarded@PEAU_STREAM@@V<lambda_668cc8ef30740f6e794cdc8d64d44f87>@@@?A0x55aa8b99@@YAPEAU_STREAM@@V<lambda_668cc8ef30740f6e794cdc8d64d44f87>@@@Z@4HA (int `struct _STREAM * __cdecl `anonymous namespace'::guarded<struct _STREAM *,class <lambda_668cc8ef30740f6e794cdc8d64d44f87> >(class <lambda_668cc8ef30740f6e794cdc8d64d44f87>)'::`1'::catch$1)
3D3 00000037 SECT38 notype ()    Static       | ?catch$1@?0???$guarded@PEBDV<lambda_048e1e6635f74a69665b32c8bedcc68b>@@@?A0x55aa8b99@@YAPEBDV<lambda_048e1e6635f74a69665b32c8bedcc68b>@@@Z@4HA (int `char const * __cdecl `anonymous namespace'::guarded<char const *,class <lambda_048e1e6635f74a69665b32c8bedcc68b> >(class <lambda_048e1e6635f74a69665b32c8bedcc68b>)'::`1'::catch$1)
3D4 00000037 SECT3A notype ()    Static       | ?catch$1@?0???$guarded@PEBDV<lambda_579dce4a55783e0389da1ac224b49b61>@@@?A0x55aa8b99@@YAPEBDV<lambda_579dce4a55783e0389da1ac224b49b61>@@@Z@4HA (int `char const * __cdecl `anonymous namespace'::guarded<char const *,class <lambda_579dce4a55783e0389da1ac224b49b61> >(class <lambda_579dce4a55783e0389da1ac224b49b61>)'::`1'::catch$1)
3D5 00000037 SECT3C notype ()    Static       | ?catch$1@?0???$guarded@XV<lambda_0aa27b02b49bfadf4433a333ebb3dc45>@@@?A0x55aa8b99@@YAXV<lambda_0aa27b02b49bfadf4433a333ebb3dc45>@@@Z@4HA (int `void __cdecl `anonymous namespace'::guarded<void,class <lambda_0aa27b02b49bfadf4433a333ebb3dc45> >(class <lambda_0aa27b02b49bfadf4433a333ebb3dc45>)'::`1'::catch$1)
3D6 00000037 SECT3E notype ()    Static       | ?catch$1@?0???$guarded@XV<lambda_114b8dd09eb2933836ad3213c1c38ef3>@@@?A0x55aa8b99@@YAXV<lambda_114b8dd09eb2933836ad3213c1c38ef3>@@@Z@4HA (int `void __cdecl `anonymous namespace'::guarded<void,class <lambda_114b8dd09eb2933836ad3213c1c38ef3> >(class <lambda_114b8dd09eb2933836ad3213c1c38ef3>)'::`1'::catch$1)
3D7 00000037 SECT40 notype ()    Static       | ?catch$1@?0???$guarded@XV<lambda_16657eb4f11b4580df74f1501324faec>@@@?A0x55aa8b99@@YAXV<lambda_16657eb4f11b4580df74f1501324faec>@@@Z@4HA (int `void __cdecl `anonymous namespace'::guarded<void,class <lambda_16657eb4f11b4580df74f1501324faec> >(class <lambda_16657eb4f11b4580df74f1501324faec>)'::`1'::catch$1)
3D8 00000037 SECT42 notype ()    Static       | ?catch$1@?0???$guarded@XV<lambda_1ef604c6eba4117d22195b4b3c03e0c3>@@@?A0x55aa8b99@@YAXV<lambda_1ef604c6eba4117d22195b4b3c03e0c3>@@@Z@4HA (int `void __cdecl `anonymous namespace'::guarded<void,class <lambda_1ef604c6eba4117d22195b4b3c03e0c3> >(class <lambda_1ef604c6eba4117d22195b4b3c03e0c3>)'::`1'::catch$1)
3D9 00000037 SECT44 notype ()    Static       | ?catch$1@?0???$guarded@XV<lambda_27ad9d690d25a790b095ad49a21c325a>@@@?A0x55aa8b99@@YAXV<lambda_27ad9d690d25a790b095ad49a21c325a>@@@Z@4HA (int `void __cdecl `anonymous namespace'::guarded<void,class <lambda_27ad9d690d25a790b095ad49a21c325a> >(class <lambda_27ad9d690d25a790b095ad49a21c325a>)'::`1'::catch$1)
3DA 00000037 SECT46 notype ()    Static       | ?catch$1@?0???$guarded@XV<lambda_2d7bbb27e998ce5ba9db3cec95718faa>@@@?A0x55aa8b99@@YAXV<lambda_2d7bbb27e998ce5ba9db3cec95718faa>@@@Z@4HA (int `void __cdecl `anonymous namespace'::guarded<void,class <lambda_2d7bbb27e998ce5ba9db3cec95718faa> >(class <lambda_2d7bbb27e998ce5ba9db3cec95718faa>)'::`1'::catch$1)
3DB 00000037 SECT48 notype ()    Static       | ?catch$1@?0???$guarded@XV<lambda_34f1ace2901c89165490f2d451d64f5e>@@@?A0x55aa8b99@@YAXV<lambda_34f1ace2901c89165490f2d451d64f5e>@@@Z@4HA (int `void __cdecl `anonymous namespace'::guarded<void,class <lambda_34f1ace2901c89165490f2d451d64f5e> >(class <lambda_34f1ace2901c89165490f2d451d64f5e>)'::`1'::catch$1)
3DC 00000037 SECT4A notype ()    Static       | ?catch$1@?0???$guarded@XV<lambda_36169225f1b0fa054899674485753e12>@@@?A0x55aa8b99@@YAXV<lambda_36169225f1b0fa054899674485753e12>@@@Z@4HA (int `void __cdecl `anonymous namespace'::guarded<void,class <lambda_36169225f1b0fa054899674485753e12> >(class <lambda_36169225f1b0fa054899674485753e12>)'::`1'::catch$1)
3DD 00000037 SECT4C notype ()    Static       | ?catch$1@?0???$guarded@XV<lambda_3d8c71d54f8f9cc7c0e4a2f4dfe13c02>@@@?A0x55aa8b99@@YAXV<lambda_3d8c71d54f8f9cc7c0e4a2f4dfe13c02>@@@Z@4HA (int `void __cdecl `anonymous namespace'::guarded<void,class <lambda_3d8c71d54f8f9cc7c0e4a2f4dfe13c02> >(class <lambda_3d8c71d54f8f9cc7c0e4a2f4dfe13c02>)'::`1'::catch$1)
3DE 00000037 SECT4E notype ()    Static       | ?catch$1@?0???$guarded@XV<lambda_41af0a78e213b3a26ba08cbe04462139>@@@?A0x55aa8b99@@YAXV<lambda_41af0a78e213b3a26ba08cbe04462139>@@@Z@4HA (int `void __cdecl `anonymous namespace'::guarded<void,class <lambda_41af0a78e213b3a26ba08cbe04462139> >(class <lambda_41af0a78e213b3a26ba08cbe04462139>)'::`1'::catch$1)
3DF 00000037 SECT50 notype ()    Static       | ?catch$1@?0???$guarded@XV<lambda_46d286065f31c45d03c441381f6d07c6>@@@?A0x55aa8b99@@YAXV<lambda_46d286065f31c45d03c441381f6d07c6>@@@Z@4HA (int `void __cdecl `anonymous namespace'::guarded<void,class <lambda_46d286065f31c45d03c441381f6d07c6> >(class <lambda_46d286065f31c45d03c441381f6d07c6>)'::`1'::catch$1)
3E0 00000037 SECT52 notype ()    Static       | ?catch$1@?0???$guarded@XV<lambda_50cd49ab33591af6e5da253d96cd6cc5>@@@?A0x55aa8b99@@YAXV<lambda_50cd49ab33591af6e5da253d96cd6cc5>@@@Z@4HA (int `void __cdecl `anonymous namespace'::guarded<void,class <lambda_50cd49ab33591af6e5da253d96cd6cc5> >(class <lambda_50cd49ab33591af6e5da253d96cd6cc5>)'::`1'::catch$1)
3E1 00000037 SECT54 notype ()    Static       | ?catch$1@?0???$guarded@XV<lambda_553ba8f03dfeeba21c31831d3b8ece50>@@@?A0x55aa8b99@@YAXV<lambda_553ba8f03dfeeba21c31831d3b8ece50>@@@Z@4HA (int `void __cdecl `anonymous namespace'::guarded<void,class <lambda_553ba8f03dfeeba21c31831d3b8ece50> >(class <lambda_553ba8f03dfeeba21c31831d3b8ece50>)'::`1'::catch$1)
3E2 00000037 SECT56 notype ()    Static       | ?catch$1@?0???$guarded@XV<lambda_62f4daa67b08f8f9c403213178284edc>@@@?A0x55aa8b99@@YAXV<lambda_62f4daa67b08f8f9c403213178284edc>@@@Z@4HA (int `void __cdecl `anonymous namespace'::guarded<void,class <lambda_62f4daa67b08f8f9c403213178284edc> >(class <lambda_62f4daa67b08f8f9c403213178284edc>)'::`1'::catch$1)
3E3 00000037 SECT58 notype ()    Static       | ?catch$1@?0???$guarded@XV<lambda_6a73d7d39707bd4d48ad0544b6ba54b7>@@@?A0x55aa8b99@@YAXV<lambda_6a73d7d39707bd4d48ad0544b6ba54b7>@@@Z@4HA (int `void __cdecl `anonymous namespace'::guarded<void,class <lambda_6a73d7d39707bd4d48ad0544b6ba54b7> >(class <lambda_6a73d7d39707bd4d48ad0544b6ba54b7>)'::`1'::catch$1)
3E4 00000037 SECT5A notype ()    Static       | ?catch$1@?0???$guarded@XV<lambda_73f47e14ef1bc29b8e620967215b5c7a>@@@?A0x55aa8b99@@YAXV<lambda_73f47e14ef1bc29b8e620967215b5c7a>@@@Z@4HA (int `void __cdecl `anonymous namespace'::guarded<void,class <lambda_73f47e14ef1bc29b8e620967215b5c7a> >(class <lambda_73f47e14ef1bc29b8e620967215b5c7a>)'::`1'::catch$1)
3E5 00000037 SECT5C notype ()    Static       | ?catch$1@?0???$guarded@XV<lambda_7f16758173cd15478cd89d5503acb99f>@@@?A0x55aa8b99@@YAXV<lambda_7f16758173cd15478cd89d5503acb99f>@@@Z@4HA (int `void __cdecl `anonymous namespace'::guarded<void,class <lambda_7f16758173cd15478cd89d5503acb99f> >(class <lambda_7f16758173cd15478cd89d5503acb99f>)'::`1'::catch$1)
3E6 00000037 SECT5E notype ()    Static       | ?catch$1@?0???$guarded@XV<lambda_81c4734e752f86302aae654577f404a7>@@@?A0x55aa8b99@@YAXV<lambda_81c4734e752f86302aae654577f404a7>@@@Z@4HA (int `void __cdecl `anonymous namespace'::guarded<void,class <lambda_81c4734e752f86302aae654577f404a7> >(class <lambda_81c4734e752f86302aae654577f404a7>)'::`1'::catch$1)
3E7 00000037 SECT60 notype ()    Static       | ?catch$1@?0???$guarded@XV<lambda_8993301c17ec73bbbaa34aada81482ce>@@@?A0x55aa8b99@@YAXV<lambda_8993301c17ec73bbbaa34aada81482ce>@@@Z@4HA (int `void __cdecl `anonymous namespace'::guarded<void,class <lambda_8993301c17ec73bbbaa34aada81482ce> >(class <lambda_8993301c17ec73bbbaa34aada81482ce>)'::`1'::catch$1)
3E8 00000037 SECT62 notype ()    Static       | ?catch$1@?0???$guarded@XV<lambda_94fde4d96f7282a2761016be8e904b3b>@@@?A0x55aa8b99@@YAXV<lambda_94fde4d96f7282a2761016be8e904b3b>@@@Z@4HA (int `void __cdecl `anonymous namespace'::guarded<void,class <lambda_94fde4d96f7282a2761016be8e904b3b> >(class <lambda_94fde4d96f7282a2761016be8e904b3b>)'::`1'::catch$1)
3E9 00000037 SECT64 notype ()    Static       | ?catch$1@?0???$guarded@XV<lambda_9bba5dbd3126c16ff24d8c77a64511ca>@@@?A0x55aa8b99@@YAXV<lambda_9bba5dbd3126c16ff24d8c77a64511ca>@@@Z@4HA (int `void __cdecl `anonymous namespace'::guarded<void,class <lambda_9bba5dbd3126c16ff24d8c77a64511ca> >(class <lambda_9bba5dbd3126c16ff24d8c77a64511ca>)'::`1'::catch$1)
3EA 00000037 SECT66 notype ()    Static       | ?catch$1@?0???$guarded@XV<lambda_9c8d08f422480236d02fcb278dc9ac04>@@@?A0x55aa8b99@@YAXV<lambda_9c8d08f422480236d02fcb278dc9ac04>@@@Z@4HA (int `void __cdecl `anonymous namespace'::guarded<void,class <lambda_9c8d08f422480236d02fcb278dc9ac04> >(class <lambda_9c8d08f422480236d02fcb278dc9ac04>)'::`1'::catch$1)
3EB 00000037 SECT68 notype ()    Static       | ?catch$1@?0???$guarded@XV<lambda_a0c8e9f7d6cf0f24f3ccf1282c3471bb>@@@?A0x55aa8b99@@YAXV<lambda_a0c8e9f7d6cf0f24f3ccf1282c3471bb>@@@Z@4HA (int `void __cdecl `anonymous namespace'::guarded<void,class <lambda_a0c8e9f7d6cf0f24f3ccf1282c3471bb> >(class <lambda_a0c8e9f7d6cf0f24f3ccf1282c3471bb>)'::`1'::catch$1)
3EC 00000037 SECT6A notype ()    Static       | ?catch$1@?0???$guarded@XV<lambda_ab2d9fde73215b4f665037889d9e59e2>@@@?A0x55aa8b99@@YAXV<lambda_ab2d9fde73215b4f665037889d9e59e2>@@@Z@4HA (int `void __cdecl `anonymous namespace'::guarded<void,class <lambda_ab2d9fde73215b4f665037889d9e59e2> >(class <lambda_ab2d9fde73215b4f665037889d9e59e2>)'::`1'::catch$1)
3ED 00000037 SECT6C notype ()    Static       | ?catch$1@?0???$guarded@XV<lambda_adf9c17595d2d16cb531e933148a6132>@@@?A0x55aa8b99@@YAXV<lambda_adf9c17595d2d16cb531e933148a6132>@@@Z@4HA (int `void __cdecl `anonymous namespace'::guarded<void,class <lambda_adf9c17595d2d16cb531e933148a6132> >(class <lambda_adf9c17595d2d16cb531e933148a6132>)'::`1'::catch$1)
3EE 00000037 SECT6E notype ()    Static       | ?catch$1@?0???$guarded@XV<lambda_b296c6bd67f07e12f775c24d28cab191>@@@?A0x55aa8b99@@YAXV<lambda_b296c6bd67f07e12f775c24d28cab191>@@@Z@4HA (int `void __cdecl `anonymous namespace'::guarded<void,class <lambda_b296c6bd67f07e12f775c24d28cab191> >(class <lambda_b296c6bd67f07e12f775c24d28cab191>)'::`1'::catch$1)
3EF 00000037 SECT70 notype ()    Static       | ?catch$1@?0???$guarded@XV<lambda_b8c8e9c625ed217325fb40018d68f67a>@@@?A0x55aa8b99@@YAXV<lambda_b8c8e9c625ed217325fb40018d68f67a>@@@Z@4HA (int `void __cdecl `anonymous namespace'::guarded<void,class <lambda_b8c8e9c625ed217325fb40018d68f67a> >(class <lambda_b8c8e9c625ed217325fb40018d68f67a>)'::`1'::catch$1)
3F0 00000037 SECT72 notype ()    Static       | ?catch$1@?0???$guarded@XV<lambda_c03c80beb971b5d19fae2847b31cb87b>@@@?A0x55aa8b99@@YAXV<lambda_c03c80beb971b5d19fae2847b31cb87b>@@@Z@4HA (int `void __cdecl `anonymous namespace'::guarded<void,class <lambda_c03c80beb971b5d19fae2847b31cb87b> >(class <lambda_c03c80beb971b5d19fae2847b31cb87b>)'::`1'::catch$1)
3F1 00000037 SECT74 notype ()    Static       | ?catch$1@?0???$guarded@XV<lambda_c41453374cd69c322f6690ca24e4f257>@@@?A0x55aa8b99@@YAXV<lambda_c41453374cd69c322f6690ca24e4f257>@@@Z@4HA (int `void __cdecl `anonymous namespace'::guarded<void,class <lambda_c41453374cd69c322f6690ca24e4f257> >(class <lambda_c41453374cd69c322f6690ca24e4f257>)'::`1'::catch$1)
3F2 00000037 SECT76 notype ()    Static       | ?catch$1@?0???$guarded@XV<lambda_dd35e218711ea738db30d25390aec9b0>@@@?A0x55aa8b99@@YAXV<lambda_dd35e218711ea738db30d25390aec9b0>@@@Z@4HA (int `void __cdecl `anonymous namespace'::guarded<void,class <lambda_dd35e218711ea738db30d25390aec9b0> >(class <lambda_dd35e218711ea738db30d25390aec9b0>)'::`1'::catch$1)
3F3 00000037 SECT78 notype ()    Static       | ?catch$1@?0???$guarded@XV<lambda_e8387d4aa280132e3bf53f2ae16ea107>@@@?A0x55aa8b99@@YAXV<lambda_e8387d4aa280132e3bf53f2ae16ea107>@@@Z@4HA (int `void __cdecl `anonymous namespace'::guarded<void,class <lambda_e8387d4aa280132e3bf53f2ae16ea107> >(class <lambda_e8387d4aa280132e3bf53f2ae16ea107>)'::`1'::catch$1)
3F4 00000037 SECT7A notype ()    Static       | ?catch$1@?0???$guarded@XV<lambda_ed258bf0fe4262ec00e5d646525b0715>@@@?A0x55aa8b99@@YAXV<lambda_ed258bf0fe4262ec00e5d646525b0715>@@@Z@4HA (int `void __cdecl `anonymous namespace'::guarded<void,class <lambda_ed258bf0fe4262ec00e5d646525b0715> >(class <lambda_ed258bf0fe4262ec00e5d646525b0715>)'::`1'::catch$1)
3F5 00000037 SECT7C notype ()    Static       | ?catch$1@?0???$guarded@XV<lambda_f00da9848f00cb605c466718b6c531a6>@@@?A0x55aa8b99@@YAXV<lambda_f00da9848f00cb605c466718b6c531a6>@@@Z@4HA (int `void __cdecl `anonymous namespace'::guarded<void,class <lambda_f00da9848f00cb605c466718b6c531a6> >(class <lambda_f00da9848f00cb605c466718b6c531a6>)'::`1'::catch$1)
3F6 00000037 SECT7E notype ()    Static       | ?catch$1@?0???$guarded@XV<lambda_f0e7c54bb1a09da00d26e672a71d86a4>@@@?A0x55aa8b99@@YAXV<lambda_f0e7c54bb1a09da00d26e672a71d86a4>@@@Z@4HA (int `void __cdecl `anonymous namespace'::guarded<void,class <lambda_f0e7c54bb1a09da00d26e672a71d86a4> >(class <lambda_f0e7c54bb1a09da00d26e672a71d86a4>)'::`1'::catch$1)
3F7 00000037 SECT80 notype ()    Static       | ?catch$1@?0???$guarded@_JV<lambda_3cf31ac7158ad6e069610f2a45149a5f>@@@?A0x55aa8b99@@YA_JV<lambda_3cf31ac7158ad6e069610f2a45149a5f>@@@Z@4HA (int `__int64 __cdecl `anonymous namespace'::guarded<__int64,class <lambda_3cf31ac7158ad6e069610f2a45149a5f> >(class <lambda_3cf31ac7158ad6e069610f2a45149a5f>)'::`1'::catch$1)
3F8 00000037 SECT82 notype ()    Static       | ?catch$1@?0???$guarded@_JV<lambda_eac3eea92ac966b5718a803e9e002bfb>@@@?A0x55aa8b99@@YA_JV<lambda_eac3eea92ac966b5718a803e9e002bfb>@@@Z@4HA (int `__int64 __cdecl `anonymous namespace'::guarded<__int64,class <lambda_eac3eea92ac966b5718a803e9e002bfb> >(class <lambda_eac3eea92ac966b5718a803e9e002bfb>)'::`1'::catch$1)
3F9 00000000 SECTB0 notype ()    Static       | ?catch$1@?0??_Copy@?$basic_string@DU?$char_traits@D@std@@V?$allocator@D@2@@std@@QEAAX_K0@Z@4HA (int `public: void __cdecl std::basic_string<char,struct std::char_traits<char>,class std::allocator<char> >::_Copy(unsigned __int64,unsigned __int64)'::`1'::catch$1)
3FA 00000000 SECTB  notype ()    Static       | ?dtor$0@?0???$construct@PEADAEAPEAD@?$allocator@D@std@@QEAAXPEAPEADAEAPEAD@Z@4HA (int `public: void __cdecl std::allocator<char>::construct<char *,char * &>(char * *,char * &)'::`1'::dtor$0)
3FB 00000000 SECTE  notype ()    Static       | ?dtor$0@?0???$construct@U_Container_proxy@std@@U12@@?$allocator@U_Container_proxy@std@@@std@@QEAAXPEAU_Container_proxy@1@$$QEAU21@@Z@4HA (int `public: void __cdecl std::allocator<struct std::_Container_proxy>::construct<struct std::_Container_proxy,struct std::_Container_proxy>(struct allocator<struct std::_Container_proxy>::_Container_proxy *,struct allocator<struct std::_Container_proxy>::std &&)'::`1'::dtor$0)
3FC 00000000 SECT84 notype ()    Static       | ?dtor$0@?0???0?$_String_alloc@$0A@U?$_String_base_types@DV?$allocator@D@std@@@std@@@std@@QEAA@AEBV?$allocator@D@1@@Z@4HA (int `public: __cdecl std::_String_alloc<0,struct std::_String_base_types<char,class std::allocator<char> > >::_String_alloc<0,struct std::_String_base_types<char,class std::allocator<char> > >(class _String_alloc<0,struct std::_String_base_types<char,class std::allocator<char> > >::allocator<char> const &)'::`1'::dtor$0)
3FD 00000000 SECT8A notype ()    Static       | ?dtor$0@?0???0?$basic_string@DU?$char_traits@D@std@@V?$allocator@D@2@@std@@QEAA@PEBD@Z@4HA (int `public: __cdecl std::basic_string<char,struct std::char_traits<char>,class std::allocator<char> >::basic_string<char,struct std::char_traits<char>,class std::allocator<char> >(char const *)'::`1'::dtor$0)
3FE 00000000 UNDEF  notype ()    External     | _CxxThrowException
3FF 00000000 UNDEF  notype ()    External     | __CxxFrameHandler3
400 00000000 SECT4  notype       Label        | $LN3
401 00000020 SECT4  notype       Label        | $LN3
402 00000040 SECT4  notype       Label        | $LN3
403 00000070 SECT4  notype       Label        | $LN3
404 000000C0 SECT4  notype       Label        | $LN3
405 000000E0 SECT4  notype       Label        | $LN3
406 00000110 SECT4  notype       Label        | $LN3
407 00000160 SECT4  notype       Label        | $LN3
408 000001D0 SECT4  notype       Label        | $LN3
409 00000200 SECT4  notype       Label        | $LN3
40A 00000280 SECT4  notype       Label        | $LN3
40B 00000300 SECT4  notype       Label        | $LN3
40C 00000380 SECT4  notype       Label        | $LN3
40D 00000430 SECT4  notype       Label        | $LN3
40E 00000480 SECT4  notype       Label        | $LN3
40F 000004A0 SECT4  notype       Label        | $LN3
410 000004D0 SECT4  notype       Label        | $LN3
411 00000520 SECT4  notype       Label        | $LN3
412 00000550 SECT4  notype       Label        | $LN3
413 00000580 SECT4  notype       Label        | $LN3
414 000005A0 SECT4  notype       Label        | $LN3
415 000005D0 SECT4  notype       Label        | $LN3
416 00000600 SECT4  notype       Label        | $LN3
417 00000630 SECT4  notype       Label        | $LN3
418 00000660 SECT4  notype       Label        | $LN3
419 00000690 SECT4  notype       Label        | $LN3
41A 000006C0 SECT4  notype       Label        | $LN3
41B 000006F0 SECT4  notype       Label        | $LN3
41C 00000750 SECT4  notype       Label        | $LN3
41D 000007A0 SECT4  notype       Label        | $LN3
41E 000007F0 SECT4  notype       Label        | $LN3
41F 00000820 SECT4  notype       Label        | $LN3
420 00000870 SECT4  notype       Label        | $LN3
421 000008D0 SECT4  notype       Label        | $LN3
422 00000950 SECT4  notype       Label        | $LN3
423 000009D0 SECT4  notype       Label        | $LN3
424 00000A50 SECT4  notype       Label        | $LN3
425 00000AA0 SECT4  notype       Label        | $LN3
426 00000AF0 SECT4  notype       Label        | $LN3
427 00000B50 SECT4  notype       Label        | $LN3
428 00000BB0 SECT4  notype       Label        | $LN3
429 00000C10 SECT4  notype       Label        | $LN3
42A 00000C70 SECT4  notype       Label        | $LN3
42B 00000CC0 SECT4  notype       Label        | $LN3
42C 00000CF0 SECT4  notype       Label        | $LN3
42D 00000D50 SECT4  notype       Label        | $LN3
42E 00000D80 SECT4  notype       Label        | $LN3
42F 00000DB0 SECT4  notype       Label        | $LN3
430 00000DE0 SECT4  notype       Label        | $LN3
431 00000E30 SECT4  notype       Label        | $LN3
432 00000E90 SECT4  notype       Label        | $LN3
433 00000EC0 SECT4  notype       Label        | $LN3
434 00000F10 SECT4  notype       Label        | $LN3
435 00000F70 SECT4  notype       Label        | $LN3
436 00000FC0 SECT4  notype       Label        | $LN3
437 00000000 SECTE0 notype       Label        | $LN3
438 00000000 SECTD0 notype       Label        | $LN5
439 00000000 SECTC5 notype       Label        | $LN5
43A 00000000 SECTD8 notype       Label        | $LN5
43B 00000000 SECT95 notype       Label        | $LN3
43C 00000000 SECTB8 notype       Label        | $LN8
43D 00000000 SECTC7 notype       Label        | $LN3
43E 00000000 SECTBD notype       Label        | $LN3
43F 00000000 SECTD3 notype       Label        | $LN3
440 00000000 SECT86 notype       Label        | $LN3
441 00000000 SECTBC notype       Label        | $LN3
442 00000000 SECTC6 notype       Label        | $LN3
443 00000000 SECTD1 notype       Label        | $LN3
444 00000000 SECT85 notype       Label        | $LN4
445 00000000 SECTB6 notype       Label        | $LN5
446 00000000 SECTB7 notype       Label        | $LN5
447 00000000 SECT94 notype       Label        | $LN3
448 00000000 SECT83 notype       Label        | $LN4
449 00000000 SECT93 notype       Label        | $LN3
44A 00000000 SECTAE notype       Label        | $LN3
44B 00000000 SECTB2 notype       Label        | $LN3
44C 00000000 SECTB3 notype       Label        | $LN3
44D 00000000 SECT89 notype       Label        | $LN4
44E 00000000 SECTBF notype       Label        | $LN8
44F 00000000 SECTC1 notype       Label        | $LN6
450 00000000 SECTC0 notype       Label        | $LN3
451 00000000 SECTCE notype       Label        | $LN4
452 00000000 SECTCD notype       Label        | $LN7
453 00000000 SECTD4 notype       Label        | $LN5
454 00000142 SECTAF notype       Label        | $LN19
455 000001E7 SECTAF notype       Label        | $LN20
456 0000000D SECTB0 notype ()    Static       | __catch$?_Copy@?$basic_string@DU?$char_traits@D@std@@V?$allocator@D@2@@std@@QEAAX_K0@Z$0
457 0000004D SECTB0 notype       Label        | $LN17
458 00000068 SECTB0 notype ()    Static       | __catch$?_Copy@?$basic_string@DU?$char_traits@D@std@@V?$allocator@D@2@@std@@QEAAX_K0@Z$1
459 00000000 SECTAF notype       Label        | $LN23
45A 00000000 SECTB1 notype       Label        | $LN3
45B 00000000 SECTB4 notype       Label        | $LN13
45C 00000000 SECTB5 notype       Label        | $LN6
45D 00000000 SECTB9 notype       Label        | $LN7
45E 00000000 SECTBA notype       Label        | $LN3
45F 00000000 SECTBB notype       Label        | $LN3
460 00000000 SECT7  notype       Label        | $LN4
461 00000000 SECTCA notype       Label        | $LN3
462 00000000 SECTCC notype       Label        | $LN3
463 00000000 SECTCB notype       Label        | $LN5
464 00000000 SECT9C notype       Label        | $LN5
465 00000000 SECTA1 notype       Label        | $LN4
466 00000000 SECT9D notype       Label        | $LN5
467 00000000 SECT8D notype       Label        | $LN4
468 00000000 SECTD5 notype       Label        | $LN7
469 00000000 SECT96 notype       Label        | $LN3
46A 00000000 SECT9E notype       Label        | $LN4
46B 00000000 SECT8E notype       Label        | $LN4
46C 00000000 SECTD6 notype       Label        | $LN7
46D 00000000 SECT97 notype       Label        | $LN3
46E 00000000 SECT9F notype       Label        | $LN4
46F 00000000 SECT8F notype       Label        | $LN4
470 00000000 SECTD7 notype       Label        | $LN7
471 00000000 SECTC9 notype       Label        | $LN5
472 00000000 SECT98 notype       Label        | $LN3
473 00000000 SECTA0 notype       Label        | $LN4
474 0000002A SECT6D notype       Label        | $LN10
475 0000002E SECT6D notype       Label        | $LN8
476 00000034 SECT6D notype       Label        | $LN11
477 0000000D SECT6E notype ()    Static       | __catch$??$guarded@XV<lambda_b296c6bd67f07e12f775c24d28cab191>@@@?A0x55aa8b99@@YAXV<lambda_b296c6bd67f07e12f775c24d28cab191>@@@Z$0
478 00000044 SECT6E notype ()    Static       | __catch$??$guarded@XV<lambda_b296c6bd67f07e12f775c24d28cab191>@@@?A0x55aa8b99@@YAXV<lambda_b296c6bd67f07e12f775c24d28cab191>@@@Z$1
479 00000000 SECT6D notype       Label        | $LN14
47A 00000032 SECT23 notype       Label        | $LN10
47B 00000036 SECT23 notype       Label        | $LN8
47C 0000003C SECT23 notype       Label        | $LN11
47D 0000000D SECT24 notype ()    Static       | __catch$??$guarded@HV<lambda_66863ff94f0f8e53e597922f2dd5aa8d>@@@?A0x55aa8b99@@YAHV<lambda_66863ff94f0f8e53e597922f2dd5aa8d>@@@Z$0
47E 00000044 SECT24 notype ()    Static       | __catch$??$guarded@HV<lambda_66863ff94f0f8e53e597922f2dd5aa8d>@@@?A0x55aa8b99@@YAHV<lambda_66863ff94f0f8e53e597922f2dd5aa8d>@@@Z$1
47F 00000000 SECT23 notype       Label        | $LN14
480 00000033 SECT37 notype       Label        | $LN10
481 00000037 SECT37 notype       Label        | $LN8
482 0000003D SECT37 notype       Label        | $LN11
483 0000000D SECT38 notype ()    Static       | __catch$??$guarded@PEBDV<lambda_048e1e6635f74a69665b32c8bedcc68b>@@@?A0x55aa8b99@@YAPEBDV<lambda_048e1e6635f74a69665b32c8bedcc68b>@@@Z$0
484 00000044 SECT38 notype ()    Static       | __catch$??$guarded@PEBDV<lambda_048e1e6635f74a69665b32c8bedcc68b>@@@?A0x55aa8b99@@YAPEBDV<lambda_048e1e6635f74a69665b32c8bedcc68b>@@@Z$1
485 00000000 SECT37 notype       Label        | $LN14
486 00000034 SECT39 notype       Label        | $LN10
487 00000038 SECT39 notype       Label        | $LN8
488 0000003E SECT39 notype       Label        | $LN11
489 0000000D SECT3A notype ()    Static       | __catch$??$guarded@PEBDV<lambda_579dce4a55783e0389da1ac224b49b61>@@@?A0x55aa8b99@@YAPEBDV<lambda_579dce4a55783e0389da1ac224b49b61>@@@Z$0
48A 00000044 SECT3A notype ()    Static       | __catch$??$guarded@PEBDV<lambda_579dce4a55783e0389da1ac224b49b61>@@@?A0x55aa8b99@@YAPEBDV<lambda_579dce4a55783e0389da1ac224b49b61>@@@Z$1
48B 00000000 SECT39 notype       Label        | $LN14
48C 00000031 SECT17 notype       Label        | $LN10
48D 00000035 SECT17 notype       Label        | $LN8
48E 0000003B SECT17 notype       Label        | $LN11
48F 0000000D SECT18 notype ()    Static       | __catch$??$guarded@HV<lambda_0e15b34d22146574b8e8b74ac6158a9a>@@@?A0x55aa8b99@@YAHV<lambda_0e15b34d22146574b8e8b74ac6158a9a>@@@Z$0
490 00000044 SECT18 notype ()    Static       | __catch$??$guarded@HV<lambda_0e15b34d22146574b8e8b74ac6158a9a>@@@?A0x55aa8b99@@YAHV<lambda_0e15b34d22146574b8e8b74ac6158a9a>@@@Z$1
491 00000000 SECT17 notype       Label        | $LN14
492 00000029 SECT5F notype       Label        | $LN10
493 0000002D SECT5F notype       Label        | $LN8
494 00000033 SECT5F notype       Label        | $LN11
495 0000000D SECT60 notype ()    Static       | __catch$??$guarded@XV<lambda_8993301c17ec73bbbaa34aada81482ce>@@@?A0x55aa8b99@@YAXV<lambda_8993301c17ec73bbbaa34aada81482ce>@@@Z$0
496 00000044 SECT60 notype ()    Static       | __catch$??$guarded@XV<lambda_8993301c17ec73bbbaa34aada81482ce>@@@?A0x55aa8b99@@YAXV<lambda_8993301c17ec73bbbaa34aada81482ce>@@@Z$1
497 00000000 SECT5F notype       Label        | $LN14
498 00000033 SECT7F notype       Label        | $LN10
499 00000037 SECT7F notype       Label        | $LN8
49A 0000003D SECT7F notype       Label        | $LN11
49B 0000000D SECT80 notype ()    Static       | __catch$??$guarded@_JV<lambda_3cf31ac7158ad6e069610f2a45149a5f>@@@?A0x55aa8b99@@YA_JV<lambda_3cf31ac7158ad6e069610f2a45149a5f>@@@Z$0
49C 00000044 SECT80 notype ()    Static       | __catch$??$guarded@_JV<lambda_3cf31ac7158ad6e069610f2a45149a5f>@@@?A0x55aa8b99@@YA_JV<lambda_3cf31ac7158ad6e069610f2a45149a5f>@@@Z$1
49D 00000000 SECT7F notype       Label        | $LN14
49E 00000034 SECT81 notype       Label        | $LN10
49F 00000038 SECT81 notype       Label        | $LN8
4A0 0000003E SECT81 notype       Label        | $LN11
4A1 0000000D SECT82 notype ()    Static       | __catch$??$guarded@_JV<lambda_eac3eea92ac966b5718a803e9e002bfb>@@@?A0x55aa8b99@@YA_JV<lambda_eac3eea92ac966b5718a803e9e002bfb>@@@Z$0
4A2 00000044 SECT82 notype ()    Static       | __catch$??$guarded@_JV<lambda_eac3eea92ac966b5718a803e9e002bfb>@@@?A0x55aa8b99@@YA_JV<lambda_eac3eea92ac966b5718a803e9e002bfb>@@@Z$1
4A3 00000000 SECT81 notype       Label        | $LN14
4A4 00000034 SECT2F notype       Label        | $LN10
4A5 00000038 SECT2F notype       Label        | $LN8
4A6 0000003E SECT2F notype       Label        | $LN11
4A7 0000000D SECT30 notype ()    Static       | __catch$??$guarded@PEAU_DIG_DRIVER@@V<lambda_d8249463d5db3cdd434b3528fe1d480f>@@@?A0x55aa8b99@@YAPEAU_DIG_DRIVER@@V<lambda_d8249463d5db3cdd434b3528fe1d480f>@@@Z$0
4A8 00000044 SECT30 notype ()    Static       | __catch$??$guarded@PEAU_DIG_DRIVER@@V<lambda_d8249463d5db3cdd434b3528fe1d480f>@@@?A0x55aa8b99@@YAPEAU_DIG_DRIVER@@V<lambda_d8249463d5db3cdd434b3528fe1d480f>@@@Z$1
4A9 00000000 SECT2F notype       Label        | $LN14
4AA 00000032 SECT1D notype       Label        | $LN10
4AB 00000036 SECT1D notype       Label        | $LN8
4AC 0000003C SECT1D notype       Label        | $LN11
4AD 0000000D SECT1E notype ()    Static       | __catch$??$guarded@HV<lambda_52817f306e40ab65a53c457dc96aaf06>@@@?A0x55aa8b99@@YAHV<lambda_52817f306e40ab65a53c457dc96aaf06>@@@Z$0
4AE 00000044 SECT1E notype ()    Static       | __catch$??$guarded@HV<lambda_52817f306e40ab65a53c457dc96aaf06>@@@?A0x55aa8b99@@YAHV<lambda_52817f306e40ab65a53c457dc96aaf06>@@@Z$1
4AF 00000000 SECT1D notype       Label        | $LN14
4B0 0000002A SECT45 notype       Label        | $LN10
4B1 0000002E SECT45 notype       Label        | $LN8
4B2 00000034 SECT45 notype       Label        | $LN11
4B3 0000000D SECT46 notype ()    Static       | __catch$??$guarded@XV<lambda_2d7bbb27e998ce5ba9db3cec95718faa>@@@?A0x55aa8b99@@YAXV<lambda_2d7bbb27e998ce5ba9db3cec95718faa>@@@Z$0
4B4 00000044 SECT46 notype ()    Static       | __catch$??$guarded@XV<lambda_2d7bbb27e998ce5ba9db3cec95718faa>@@@?A0x55aa8b99@@YAXV<lambda_2d7bbb27e998ce5ba9db3cec95718faa>@@@Z$1
4B5 00000000 SECT45 notype       Label        | $LN14
4B6 0000002A SECT7D notype       Label        | $LN10
4B7 0000002E SECT7D notype       Label        | $LN8
4B8 00000034 SECT7D notype       Label        | $LN11
4B9 0000000D SECT7E notype ()    Static       | __catch$??$guarded@XV<lambda_f0e7c54bb1a09da00d26e672a71d86a4>@@@?A0x55aa8b99@@YAXV<lambda_f0e7c54bb1a09da00d26e672a71d86a4>@@@Z$0
4BA 00000044 SECT7E notype ()    Static       | __catch$??$guarded@XV<lambda_f0e7c54bb1a09da00d26e672a71d86a4>@@@?A0x55aa8b99@@YAXV<lambda_f0e7c54bb1a09da00d26e672a71d86a4>@@@Z$1
4BB 00000000 SECT7D notype       Label        | $LN14
4BC 0000002A SECT61 notype       Label        | $LN10
4BD 0000002E SECT61 notype       Label        | $LN8
4BE 00000034 SECT61 notype       Label        | $LN11
4BF 0000000D SECT62 notype ()    Static       | __catch$??$guarded@XV<lambda_94fde4d96f7282a2761016be8e904b3b>@@@?A0x55aa8b99@@YAXV<lambda_94fde4d96f7282a2761016be8e904b3b>@@@Z$0
4C0 00000044 SECT62 notype ()    Static       | __catch$??$guarded@XV<lambda_94fde4d96f7282a2761016be8e904b3b>@@@?A0x55aa8b99@@YAXV<lambda_94fde4d96f7282a2761016be8e904b3b>@@@Z$1
4C1 00000000 SECT61 notype       Label        | $LN14
4C2 0000002A SECT5D notype       Label        | $LN10
4C3 0000002E SECT5D notype       Label        | $LN8
4C4 00000034 SECT5D notype       Label        | $LN11
4C5 0000000D SECT5E notype ()    Static       | __catch$??$guarded@XV<lambda_81c4734e752f86302aae654577f404a7>@@@?A0x55aa8b99@@YAXV<lambda_81c4734e752f86302aae654577f404a7>@@@Z$0
4C6 00000044 SECT5E notype ()    Static       | __catch$??$guarded@XV<lambda_81c4734e752f86302aae654577f404a7>@@@?A0x55aa8b99@@YAXV<lambda_81c4734e752f86302aae654577f404a7>@@@Z$1
4C7 00000000 SECT5D notype       Label        | $LN14
4C8 0000002A SECT59 notype       Label        | $LN10
4C9 0000002E SECT59 notype       Label        | $LN8
4CA 00000034 SECT59 notype       Label        | $LN11
4CB 0000000D SECT5A notype ()    Static       | __catch$??$guarded@XV<lambda_73f47e14ef1bc29b8e620967215b5c7a>@@@?A0x55aa8b99@@YAXV<lambda_73f47e14ef1bc29b8e620967215b5c7a>@@@Z$0
4CC 00000044 SECT5A notype ()    Static       | __catch$??$guarded@XV<lambda_73f47e14ef1bc29b8e620967215b5c7a>@@@?A0x55aa8b99@@YAXV<lambda_73f47e14ef1bc29b8e620967215b5c7a>@@@Z$1
4CD 00000000 SECT59 notype       Label        | $LN14
4CE 00000029 SECT6F notype       Label        | $LN10
4CF 0000002D SECT6F notype       Label        | $LN8
4D0 00000033 SECT6F notype       Label        | $LN11
4D1 0000000D SECT70 notype ()    Static       | __catch$??$guarded@XV<lambda_b8c8e9c625ed217325fb40018d68f67a>@@@?A0x55aa8b99@@YAXV<lambda_b8c8e9c625ed217325fb40018d68f67a>@@@Z$0
4D2 00000044 SECT70 notype ()    Static       | __catch$??$guarded@XV<lambda_b8c8e9c625ed217325fb40018d68f67a>@@@?A0x55aa8b99@@YAXV<lambda_b8c8e9c625ed217325fb40018d68f67a>@@@Z$1
4D3 00000000 SECT6F notype       Label        | $LN14
4D4 00000032 SECT21 notype       Label        | $LN10
4D5 00000036 SECT21 notype       Label        | $LN8
4D6 0000003C SECT21 notype       Label        | $LN11
4D7 0000000D SECT22 notype ()    Static       | __catch$??$guarded@HV<lambda_5b8a1b493a4f20b6114eb54594ee7e19>@@@?A0x55aa8b99@@YAHV<lambda_5b8a1b493a4f20b6114eb54594ee7e19>@@@Z$0
4D8 00000044 SECT22 notype ()    Static       | __catch$??$guarded@HV<lambda_5b8a1b493a4f20b6114eb54594ee7e19>@@@?A0x55aa8b99@@YAHV<lambda_5b8a1b493a4f20b6114eb54594ee7e19>@@@Z$1
4D9 00000000 SECT21 notype       Label        | $LN14
4DA 00000032 SECT25 notype       Label        | $LN10
4DB 00000036 SECT25 notype       Label        | $LN8
4DC 0000003C SECT25 notype       Label        | $LN11
4DD 0000000D SECT26 notype ()    Static       | __catch$??$guarded@HV<lambda_cccfe32f11005af40eae007c4f696ac9>@@@?A0x55aa8b99@@YAHV<lambda_cccfe32f11005af40eae007c4f696ac9>@@@Z$0
4DE 00000044 SECT26 notype ()    Static       | __catch$??$guarded@HV<lambda_cccfe32f11005af40eae007c4f696ac9>@@@?A0x55aa8b99@@YAHV<lambda_cccfe32f11005af40eae007c4f696ac9>@@@Z$1
4DF 00000000 SECT25 notype       Label        | $LN14
4E0 00000032 SECT27 notype       Label        | $LN10
4E1 00000036 SECT27 notype       Label        | $LN8
4E2 0000003C SECT27 notype       Label        | $LN11
4E3 0000000D SECT28 notype ()    Static       | __catch$??$guarded@HV<lambda_f1374f01306ce749f3b35ff7808f2a92>@@@?A0x55aa8b99@@YAHV<lambda_f1374f01306ce749f3b35ff7808f2a92>@@@Z$0
4E4 00000044 SECT28 notype ()    Static       | __catch$??$guarded@HV<lambda_f1374f01306ce749f3b35ff7808f2a92>@@@?A0x55aa8b99@@YAHV<lambda_f1374f01306ce749f3b35ff7808f2a92>@@@Z$1
4E5 00000000 SECT27 notype       Label        | $LN14
4E6 00000031 SECT29 notype       Label        | $LN10
4E7 00000035 SECT29 notype       Label        | $LN8
4E8 0000003B SECT29 notype       Label        | $LN11
4E9 0000000D SECT2A notype ()    Static       | __catch$??$guarded@IV<lambda_6440da8c6a8b39c392b563b180960b2e>@@@?A0x55aa8b99@@YAIV<lambda_6440da8c6a8b39c392b563b180960b2e>@@@Z$0
4EA 00000044 SECT2A notype ()    Static       | __catch$??$guarded@IV<lambda_6440da8c6a8b39c392b563b180960b2e>@@@?A0x55aa8b99@@YAIV<lambda_6440da8c6a8b39c392b563b180960b2e>@@@Z$1
4EB 00000000 SECT29 notype       Label        | $LN14
4EC 00000031 SECT1B notype       Label        | $LN10
4ED 00000035 SECT1B notype       Label        | $LN8
4EE 0000003B SECT1B notype       Label        | $LN11
4EF 0000000D SECT1C notype ()    Static       | __catch$??$guarded@HV<lambda_384ab949e80cc40b16d34684b0757274>@@@?A0x55aa8b99@@YAHV<lambda_384ab949e80cc40b16d34684b0757274>@@@Z$0
4F0 00000044 SECT1C notype ()    Static       | __catch$??$guarded@HV<lambda_384ab949e80cc40b16d34684b0757274>@@@?A0x55aa8b99@@YAHV<lambda_384ab949e80cc40b16d34684b0757274>@@@Z$1
4F1 00000000 SECT1B notype       Label        | $LN14
4F2 00000032 SECT19 notype       Label        | $LN10
4F3 00000036 SECT19 notype       Label        | $LN8
4F4 0000003C SECT19 notype       Label        | $LN11
4F5 0000000D SECT1A notype ()    Static       | __catch$??$guarded@HV<lambda_257eafa3f4fa06df666845d47e5bd261>@@@?A0x55aa8b99@@YAHV<lambda_257eafa3f4fa06df666845d47e5bd261>@@@Z$0
4F6 00000044 SECT1A notype ()    Static       | __catch$??$guarded@HV<lambda_257eafa3f4fa06df666845d47e5bd261>@@@?A0x55aa8b99@@YAHV<lambda_257eafa3f4fa06df666845d47e5bd261>@@@Z$1
4F7 00000000 SECT19 notype       Label        | $LN14
4F8 0000002A SECT65 notype       Label        | $LN10
4F9 0000002E SECT65 notype       Label        | $LN8
4FA 00000034 SECT65 notype       Label        | $LN11
4FB 0000000D SECT66 notype ()    Static       | __catch$??$guarded@XV<lambda_9c8d08f422480236d02fcb278dc9ac04>@@@?A0x55aa8b99@@YAXV<lambda_9c8d08f422480236d02fcb278dc9ac04>@@@Z$0
4FC 00000044 SECT66 notype ()    Static       | __catch$??$guarded@XV<lambda_9c8d08f422480236d02fcb278dc9ac04>@@@?A0x55aa8b99@@YAXV<lambda_9c8d08f422480236d02fcb278dc9ac04>@@@Z$1
4FD 00000000 SECT65 notype       Label        | $LN14
4FE 00000034 SECT35 notype       Label        | $LN10
4FF 00000038 SECT35 notype       Label        | $LN8
500 0000003E SECT35 notype       Label        | $LN11
501 0000000D SECT36 notype ()    Static       | __catch$??$guarded@PEAU_STREAM@@V<lambda_668cc8ef30740f6e794cdc8d64d44f87>@@@?A0x55aa8b99@@YAPEAU_STREAM@@V<lambda_668cc8ef30740f6e794cdc8d64d44f87>@@@Z$0
502 00000044 SECT36 notype ()    Static       | __catch$??$guarded@PEAU_STREAM@@V<lambda_668cc8ef30740f6e794cdc8d64d44f87>@@@?A0x55aa8b99@@YAPEAU_STREAM@@V<lambda_668cc8ef30740f6e794cdc8d64d44f87>@@@Z$1
503 00000000 SECT35 notype       Label        | $LN14
504 0000002A SECT49 notype       Label        | $LN10
505 0000002E SECT49 notype       Label        | $LN8
506 00000034 SECT49 notype       Label        | $LN11
507 0000000D SECT4A notype ()    Static       | __catch$??$guarded@XV<lambda_36169225f1b0fa054899674485753e12>@@@?A0x55aa8b99@@YAXV<lambda_36169225f1b0fa054899674485753e12>@@@Z$0
508 00000044 SECT4A notype ()    Static       | __catch$??$guarded@XV<lambda_36169225f1b0fa054899674485753e12>@@@?A0x55aa8b99@@YAXV<lambda_36169225f1b0fa054899674485753e12>@@@Z$1
509 00000000 SECT49 notype       Label        | $LN14
50A 00000034 SECT31 notype       Label        | $LN10
50B 00000038 SECT31 notype       Label        | $LN8
50C 0000003E SECT31 notype       Label        | $LN11
50D 0000000D SECT32 notype ()    Static       | __catch$??$guarded@PEAU_SAMPLE@@V<lambda_414b2bb923474fc24add9b264f954cc1>@@@?A0x55aa8b99@@YAPEAU_SAMPLE@@V<lambda_414b2bb923474fc24add9b264f954cc1>@@@Z$0
50E 00000044 SECT32 notype ()    Static       | __catch$??$guarded@PEAU_SAMPLE@@V<lambda_414b2bb923474fc24add9b264f954cc1>@@@?A0x55aa8b99@@YAPEAU_SAMPLE@@V<lambda_414b2bb923474fc24add9b264f954cc1>@@@Z$1
50F 00000000 SECT31 notype       Label        | $LN14
510 0000002A SECT71 notype       Label        | $LN10
511 0000002E SECT71 notype       Label        | $LN8
512 00000034 SECT71 notype       Label        | $LN11
513 0000000D SECT72 notype ()    Static       | __catch$??$guarded@XV<lambda_c03c80beb971b5d19fae2847b31cb87b>@@@?A0x55aa8b99@@YAXV<lambda_c03c80beb971b5d19fae2847b31cb87b>@@@Z$0
514 00000044 SECT72 notype ()    Static       | __catch$??$guarded@XV<lambda_c03c80beb971b5d19fae2847b31cb87b>@@@?A0x55aa8b99@@YAXV<lambda_c03c80beb971b5d19fae2847b31cb87b>@@@Z$1
515 00000000 SECT71 notype       Label        | $LN14
516 0000002A SECT4B notype       Label        | $LN10
517 0000002E SECT4B notype       Label        | $LN8
518 00000034 SECT4B notype       Label        | $LN11
519 0000000D SECT4C notype ()    Static       | __catch$??$guarded@XV<lambda_3d8c71d54f8f9cc7c0e4a2f4dfe13c02>@@@?A0x55aa8b99@@YAXV<lambda_3d8c71d54f8f9cc7c0e4a2f4dfe13c02>@@@Z$0
51A 00000044 SECT4C notype ()    Static       | __catch$??$guarded@XV<lambda_3d8c71d54f8f9cc7c0e4a2f4dfe13c02>@@@?A0x55aa8b99@@YAXV<lambda_3d8c71d54f8f9cc7c0e4a2f4dfe13c02>@@@Z$1
51B 00000000 SECT4B notype       Label        | $LN14
51C 0000002A SECT47 notype       Label        | $LN10
51D 0000002E SECT47 notype       Label        | $LN8
51E 00000034 SECT47 notype       Label        | $LN11
51F 0000000D SECT48 notype ()    Static       | __catch$??$guarded@XV<lambda_34f1ace2901c89165490f2d451d64f5e>@@@?A0x55aa8b99@@YAXV<lambda_34f1ace2901c89165490f2d451d64f5e>@@@Z$0
520 00000044 SECT48 notype ()    Static       | __catch$??$guarded@XV<lambda_34f1ace2901c89165490f2d451d64f5e>@@@?A0x55aa8b99@@YAXV<lambda_34f1ace2901c89165490f2d451d64f5e>@@@Z$1
521 00000000 SECT47 notype       Label        | $LN14
522 00000032 SECT1F notype       Label        | $LN10
523 00000036 SECT1F notype       Label        | $LN8
524 0000003C SECT1F notype       Label        | $LN11
525 0000000D SECT20 notype ()    Static       | __catch$??$guarded@HV<lambda_5a774c7978a1d14bee3b1d06437f0426>@@@?A0x55aa8b99@@YAHV<lambda_5a774c7978a1d14bee3b1d06437f0426>@@@Z$0
526 00000044 SECT20 notype ()    Static       | __catch$??$guarded@HV<lambda_5a774c7978a1d14bee3b1d06437f0426>@@@?A0x55aa8b99@@YAHV<lambda_5a774c7978a1d14bee3b1d06437f0426>@@@Z$1
527 00000000 SECT1F notype       Label        | $LN14
528 0000002A SECT73 notype       Label        | $LN10
529 0000002E SECT73 notype       Label        | $LN8
52A 00000034 SECT73 notype       Label        | $LN11
52B 0000000D SECT74 notype ()    Static       | __catch$??$guarded@XV<lambda_c41453374cd69c322f6690ca24e4f257>@@@?A0x55aa8b99@@YAXV<lambda_c41453374cd69c322f6690ca24e4f257>@@@Z$0
52C 00000044 SECT74 notype ()    Static       | __catch$??$guarded@XV<lambda_c41453374cd69c322f6690ca24e4f257>@@@?A0x55aa8b99@@YAXV<lambda_c41453374cd69c322f6690ca24e4f257>@@@Z$1
52D 00000000 SECT73 notype       Label        | $LN14
52E 0000002A SECT69 notype       Label        | $LN10
52F 0000002E SECT69 notype       Label        | $LN8
530 00000034 SECT69 notype       Label        | $LN11
531 0000000D SECT6A notype ()    Static       | __catch$??$guarded@XV<lambda_ab2d9fde73215b4f665037889d9e59e2>@@@?A0x55aa8b99@@YAXV<lambda_ab2d9fde73215b4f665037889d9e59e2>@@@Z$0
532 00000044 SECT6A notype ()    Static       | __catch$??$guarded@XV<lambda_ab2d9fde73215b4f665037889d9e59e2>@@@?A0x55aa8b99@@YAXV<lambda_ab2d9fde73215b4f665037889d9e59e2>@@@Z$1
533 00000000 SECT69 notype       Label        | $LN14
534 00000034 SECT33 notype       Label        | $LN10
535 00000038 SECT33 notype       Label        | $LN8
536 0000003E SECT33 notype       Label        | $LN11
537 0000000D SECT34 notype ()    Static       | __catch$??$guarded@PEAU_SAMPLE@@V<lambda_fd09c45152f3a914969b6ac271fd5632>@@@?A0x55aa8b99@@YAPEAU_SAMPLE@@V<lambda_fd09c45152f3a914969b6ac271fd5632>@@@Z$0
538 00000044 SECT34 notype ()    Static       | __catch$??$guarded@PEAU_SAMPLE@@V<lambda_fd09c45152f3a914969b6ac271fd5632>@@@?A0x55aa8b99@@YAPEAU_SAMPLE@@V<lambda_fd09c45152f3a914969b6ac271fd5632>@@@Z$1
539 00000000 SECT33 notype       Label        | $LN14
53A 0000002A SECT3D notype       Label        | $LN10
53B 0000002E SECT3D notype       Label        | $LN8
53C 00000034 SECT3D notype       Label        | $LN11
53D 0000000D SECT3E notype ()    Static       | __catch$??$guarded@XV<lambda_114b8dd09eb2933836ad3213c1c38ef3>@@@?A0x55aa8b99@@YAXV<lambda_114b8dd09eb2933836ad3213c1c38ef3>@@@Z$0
53E 00000044 SECT3E notype ()    Static       | __catch$??$guarded@XV<lambda_114b8dd09eb2933836ad3213c1c38ef3>@@@?A0x55aa8b99@@YAXV<lambda_114b8dd09eb2933836ad3213c1c38ef3>@@@Z$1
53F 00000000 SECT3D notype       Label        | $LN14
540 0000002A SECT67 notype       Label        | $LN10
541 0000002E SECT67 notype       Label        | $LN8
542 00000034 SECT67 notype       Label        | $LN11
543 0000000D SECT68 notype ()    Static       | __catch$??$guarded@XV<lambda_a0c8e9f7d6cf0f24f3ccf1282c3471bb>@@@?A0x55aa8b99@@YAXV<lambda_a0c8e9f7d6cf0f24f3ccf1282c3471bb>@@@Z$0
544 00000044 SECT68 notype ()    Static       | __catch$??$guarded@XV<lambda_a0c8e9f7d6cf0f24f3ccf1282c3471bb>@@@?A0x55aa8b99@@YAXV<lambda_a0c8e9f7d6cf0f24f3ccf1282c3471bb>@@@Z$1
545 00000000 SECT67 notype       Label        | $LN14
546 0000002A SECT63 notype       Label        | $LN10
547 0000002E SECT63 notype       Label        | $LN8
548 00000034 SECT63 notype       Label        | $LN11
549 0000000D SECT64 notype ()    Static       | __catch$??$guarded@XV<lambda_9bba5dbd3126c16ff24d8c77a64511ca>@@@?A0x55aa8b99@@YAXV<lambda_9bba5dbd3126c16ff24d8c77a64511ca>@@@Z$0
54A 00000044 SECT64 notype ()    Static       | __catch$??$guarded@XV<lambda_9bba5dbd3126c16ff24d8c77a64511ca>@@@?A0x55aa8b99@@YAXV<lambda_9bba5dbd3126c16ff24d8c77a64511ca>@@@Z$1
54B 00000000 SECT63 notype       Label        | $LN14
54C 0000002A SECT79 notype       Label        | $LN10
54D 0000002E SECT79 notype       Label        | $LN8
54E 00000034 SECT79 notype       Label        | $LN11
54F 0000000D SECT7A notype ()    Static       | __catch$??$guarded@XV<lambda_ed258bf0fe4262ec00e5d646525b0715>@@@?A0x55aa8b99@@YAXV<lambda_ed258bf0fe4262ec00e5d646525b0715>@@@Z$0
550 00000044 SECT7A notype ()    Static       | __catch$??$guarded@XV<lambda_ed258bf0fe4262ec00e5d646525b0715>@@@?A0x55aa8b99@@YAXV<lambda_ed258bf0fe4262ec00e5d646525b0715>@@@Z$1
551 00000000 SECT79 notype       Label        | $LN14
552 0000002A SECT53 notype       Label        | $LN10
553 0000002E SECT53 notype       Label        | $LN8
554 00000034 SECT53 notype       Label        | $LN11
555 0000000D SECT54 notype ()    Static       | __catch$??$guarded@XV<lambda_553ba8f03dfeeba21c31831d3b8ece50>@@@?A0x55aa8b99@@YAXV<lambda_553ba8f03dfeeba21c31831d3b8ece50>@@@Z$0
556 00000044 SECT54 notype ()    Static       | __catch$??$guarded@XV<lambda_553ba8f03dfeeba21c31831d3b8ece50>@@@?A0x55aa8b99@@YAXV<lambda_553ba8f03dfeeba21c31831d3b8ece50>@@@Z$1
557 00000000 SECT53 notype       Label        | $LN14
558 00000032 SECT2B notype       Label        | $LN10
559 00000036 SECT2B notype       Label        | $LN8
55A 0000003C SECT2B notype       Label        | $LN11
55B 0000000D SECT2C notype ()    Static       | __catch$??$guarded@IV<lambda_8f49d0341572fb3e0a595f9e8a2cb39b>@@@?A0x55aa8b99@@YAIV<lambda_8f49d0341572fb3e0a595f9e8a2cb39b>@@@Z$0
55C 00000044 SECT2C notype ()    Static       | __catch$??$guarded@IV<lambda_8f49d0341572fb3e0a595f9e8a2cb39b>@@@?A0x55aa8b99@@YAIV<lambda_8f49d0341572fb3e0a595f9e8a2cb39b>@@@Z$1
55D 00000000 SECT2B notype       Label        | $LN14
55E 0000002A SECT3B notype       Label        | $LN10
55F 0000002E SECT3B notype       Label        | $LN8
560 00000034 SECT3B notype       Label        | $LN11
561 0000000D SECT3C notype ()    Static       | __catch$??$guarded@XV<lambda_0aa27b02b49bfadf4433a333ebb3dc45>@@@?A0x55aa8b99@@YAXV<lambda_0aa27b02b49bfadf4433a333ebb3dc45>@@@Z$0
562 00000044 SECT3C notype ()    Static       | __catch$??$guarded@XV<lambda_0aa27b02b49bfadf4433a333ebb3dc45>@@@?A0x55aa8b99@@YAXV<lambda_0aa27b02b49bfadf4433a333ebb3dc45>@@@Z$1
563 00000000 SECT3B notype       Label        | $LN14
564 0000002A SECT51 notype       Label        | $LN10
565 0000002E SECT51 notype       Label        | $LN8
566 00000034 SECT51 notype       Label        | $LN11
567 0000000D SECT52 notype ()    Static       | __catch$??$guarded@XV<lambda_50cd49ab33591af6e5da253d96cd6cc5>@@@?A0x55aa8b99@@YAXV<lambda_50cd49ab33591af6e5da253d96cd6cc5>@@@Z$0
568 00000044 SECT52 notype ()    Static       | __catch$??$guarded@XV<lambda_50cd49ab33591af6e5da253d96cd6cc5>@@@?A0x55aa8b99@@YAXV<lambda_50cd49ab33591af6e5da253d96cd6cc5>@@@Z$1
569 00000000 SECT51 notype       Label        | $LN14
56A 0000002A SECT41 notype       Label        | $LN10
56B 0000002E SECT41 notype       Label        | $LN8
56C 00000034 SECT41 notype       Label        | $LN11
56D 0000000D SECT42 notype ()    Static       | __catch$??$guarded@XV<lambda_1ef604c6eba4117d22195b4b3c03e0c3>@@@?A0x55aa8b99@@YAXV<lambda_1ef604c6eba4117d22195b4b3c03e0c3>@@@Z$0
56E 00000044 SECT42 notype ()    Static       | __catch$??$guarded@XV<lambda_1ef604c6eba4117d22195b4b3c03e0c3>@@@?A0x55aa8b99@@YAXV<lambda_1ef604c6eba4117d22195b4b3c03e0c3>@@@Z$1
56F 00000000 SECT41 notype       Label        | $LN14
570 0000002A SECT55 notype       Label        | $LN10
571 0000002E SECT55 notype       Label        | $LN8
572 00000034 SECT55 notype       Label        | $LN11
573 0000000D SECT56 notype ()    Static       | __catch$??$guarded@XV<lambda_62f4daa67b08f8f9c403213178284edc>@@@?A0x55aa8b99@@YAXV<lambda_62f4daa67b08f8f9c403213178284edc>@@@Z$0
574 00000044 SECT56 notype ()    Static       | __catch$??$guarded@XV<lambda_62f4daa67b08f8f9c403213178284edc>@@@?A0x55aa8b99@@YAXV<lambda_62f4daa67b08f8f9c403213178284edc>@@@Z$1
575 00000000 SECT55 notype       Label        | $LN14
576 00000032 SECT2D notype       Label        | $LN10
577 00000036 SECT2D notype       Label        | $LN8
578 0000003C SECT2D notype       Label        | $LN11
579 0000000D SECT2E notype ()    Static       | __catch$??$guarded@IV<lambda_9309390747f0333daa7f03c77082dc0a>@@@?A0x55aa8b99@@YAIV<lambda_9309390747f0333daa7f03c77082dc0a>@@@Z$0
57A 00000044 SECT2E notype ()    Static       | __catch$??$guarded@IV<lambda_9309390747f0333daa7f03c77082dc0a>@@@?A0x55aa8b99@@YAIV<lambda_9309390747f0333daa7f03c77082dc0a>@@@Z$1
57B 00000000 SECT2D notype       Label        | $LN14
57C 0000002A SECT57 notype       Label        | $LN10
57D 0000002E SECT57 notype       Label        | $LN8
57E 00000034 SECT57 notype       Label        | $LN11
57F 0000000D SECT58 notype ()    Static       | __catch$??$guarded@XV<lambda_6a73d7d39707bd4d48ad0544b6ba54b7>@@@?A0x55aa8b99@@YAXV<lambda_6a73d7d39707bd4d48ad0544b6ba54b7>@@@Z$0
580 00000044 SECT58 notype ()    Static       | __catch$??$guarded@XV<lambda_6a73d7d39707bd4d48ad0544b6ba54b7>@@@?A0x55aa8b99@@YAXV<lambda_6a73d7d39707bd4d48ad0544b6ba54b7>@@@Z$1
581 00000000 SECT57 notype       Label        | $LN14
582 00000032 SECT15 notype       Label        | $LN10
583 00000036 SECT15 notype       Label        | $LN8
584 0000003C SECT15 notype       Label        | $LN11
585 0000000D SECT16 notype ()    Static       | __catch$??$guarded@HV<lambda_00ae0043a5653bfeb386b392f3f32c52>@@@?A0x55aa8b99@@YAHV<lambda_00ae0043a5653bfeb386b392f3f32c52>@@@Z$0
586 00000044 SECT16 notype ()    Static       | __catch$??$guarded@HV<lambda_00ae0043a5653bfeb386b392f3f32c52>@@@?A0x55aa8b99@@YAHV<lambda_00ae0043a5653bfeb386b392f3f32c52>@@@Z$1
587 00000000 SECT15 notype       Label        | $LN14
588 0000002A SECT7B notype       Label        | $LN10
589 0000002E SECT7B notype       Label        | $LN8
58A 00000034 SECT7B notype       Label        | $LN11
58B 0000000D SECT7C notype ()    Static       | __catch$??$guarded@XV<lambda_f00da9848f00cb605c466718b6c531a6>@@@?A0x55aa8b99@@YAXV<lambda_f00da9848f00cb605c466718b6c531a6>@@@Z$0
58C 00000044 SECT7C notype ()    Static       | __catch$??$guarded@XV<lambda_f00da9848f00cb605c466718b6c531a6>@@@?A0x55aa8b99@@YAXV<lambda_f00da9848f00cb605c466718b6c531a6>@@@Z$1
58D 00000000 SECT7B notype       Label        | $LN14
58E 0000002A SECT4F notype       Label        | $LN10
58F 0000002E SECT4F notype       Label        | $LN8
590 00000034 SECT4F notype       Label        | $LN11
591 0000000D SECT50 notype ()    Static       | __catch$??$guarded@XV<lambda_46d286065f31c45d03c441381f6d07c6>@@@?A0x55aa8b99@@YAXV<lambda_46d286065f31c45d03c441381f6d07c6>@@@Z$0
592 00000044 SECT50 notype ()    Static       | __catch$??$guarded@XV<lambda_46d286065f31c45d03c441381f6d07c6>@@@?A0x55aa8b99@@YAXV<lambda_46d286065f31c45d03c441381f6d07c6>@@@Z$1
593 00000000 SECT4F notype       Label        | $LN14
594 0000002A SECT75 notype       Label        | $LN10
595 0000002E SECT75 notype       Label        | $LN8
596 00000034 SECT75 notype       Label        | $LN11
597 0000000D SECT76 notype ()    Static       | __catch$??$guarded@XV<lambda_dd35e218711ea738db30d25390aec9b0>@@@?A0x55aa8b99@@YAXV<lambda_dd35e218711ea738db30d25390aec9b0>@@@Z$0
598 00000044 SECT76 notype ()    Static       | __catch$??$guarded@XV<lambda_dd35e218711ea738db30d25390aec9b0>@@@?A0x55aa8b99@@YAXV<lambda_dd35e218711ea738db30d25390aec9b0>@@@Z$1
599 00000000 SECT75 notype       Label        | $LN14
59A 0000002A SECT6B notype       Label        | $LN10
59B 0000002E SECT6B notype       Label        | $LN8
59C 00000034 SECT6B notype       Label        | $LN11
59D 0000000D SECT6C notype ()    Static       | __catch$??$guarded@XV<lambda_adf9c17595d2d16cb531e933148a6132>@@@?A0x55aa8b99@@YAXV<lambda_adf9c17595d2d16cb531e933148a6132>@@@Z$0
59E 00000044 SECT6C notype ()    Static       | __catch$??$guarded@XV<lambda_adf9c17595d2d16cb531e933148a6132>@@@?A0x55aa8b99@@YAXV<lambda_adf9c17595d2d16cb531e933148a6132>@@@Z$1
59F 00000000 SECT6B notype       Label        | $LN14
5A0 0000002A SECT4D notype       Label        | $LN10
5A1 0000002E SECT4D notype       Label        | $LN8
5A2 00000034 SECT4D notype       Label        | $LN11
5A3 0000000D SECT4E notype ()    Static       | __catch$??$guarded@XV<lambda_41af0a78e213b3a26ba08cbe04462139>@@@?A0x55aa8b99@@YAXV<lambda_41af0a78e213b3a26ba08cbe04462139>@@@Z$0
5A4 00000044 SECT4E notype ()    Static       | __catch$??$guarded@XV<lambda_41af0a78e213b3a26ba08cbe04462139>@@@?A0x55aa8b99@@YAXV<lambda_41af0a78e213b3a26ba08cbe04462139>@@@Z$1
5A5 00000000 SECT4D notype       Label        | $LN14
5A6 0000002A SECT3F notype       Label        | $LN10
5A7 0000002E SECT3F notype       Label        | $LN8
5A8 00000034 SECT3F notype       Label        | $LN11
5A9 0000000D SECT40 notype ()    Static       | __catch$??$guarded@XV<lambda_16657eb4f11b4580df74f1501324faec>@@@?A0x55aa8b99@@YAXV<lambda_16657eb4f11b4580df74f1501324faec>@@@Z$0
5AA 00000044 SECT40 notype ()    Static       | __catch$??$guarded@XV<lambda_16657eb4f11b4580df74f1501324faec>@@@?A0x55aa8b99@@YAXV<lambda_16657eb4f11b4580df74f1501324faec>@@@Z$1
5AB 00000000 SECT3F notype       Label        | $LN14
5AC 0000002A SECT5B notype       Label        | $LN10
5AD 0000002E SECT5B notype       Label        | $LN8
5AE 00000034 SECT5B notype       Label        | $LN11
5AF 0000000D SECT5C notype ()    Static       | __catch$??$guarded@XV<lambda_7f16758173cd15478cd89d5503acb99f>@@@?A0x55aa8b99@@YAXV<lambda_7f16758173cd15478cd89d5503acb99f>@@@Z$0
5B0 00000044 SECT5C notype ()    Static       | __catch$??$guarded@XV<lambda_7f16758173cd15478cd89d5503acb99f>@@@?A0x55aa8b99@@YAXV<lambda_7f16758173cd15478cd89d5503acb99f>@@@Z$1
5B1 00000000 SECT5B notype       Label        | $LN14
5B2 0000002A SECT77 notype       Label        | $LN10
5B3 0000002E SECT77 notype       Label        | $LN8
5B4 00000034 SECT77 notype       Label        | $LN11
5B5 0000000D SECT78 notype ()    Static       | __catch$??$guarded@XV<lambda_e8387d4aa280132e3bf53f2ae16ea107>@@@?A0x55aa8b99@@YAXV<lambda_e8387d4aa280132e3bf53f2ae16ea107>@@@Z$0
5B6 00000044 SECT78 notype ()    Static       | __catch$??$guarded@XV<lambda_e8387d4aa280132e3bf53f2ae16ea107>@@@?A0x55aa8b99@@YAXV<lambda_e8387d4aa280132e3bf53f2ae16ea107>@@@Z$1
5B7 00000000 SECT77 notype       Label        | $LN14
5B8 0000002A SECT43 notype       Label        | $LN10
5B9 0000002E SECT43 notype       Label        | $LN8
5BA 00000034 SECT43 notype       Label        | $LN11
5BB 0000000D SECT44 notype ()    Static       | __catch$??$guarded@XV<lambda_27ad9d690d25a790b095ad49a21c325a>@@@?A0x55aa8b99@@YAXV<lambda_27ad9d690d25a790b095ad49a21c325a>@@@Z$0
5BC 00000044 SECT44 notype ()    Static       | __catch$??$guarded@XV<lambda_27ad9d690d25a790b095ad49a21c325a>@@@?A0x55aa8b99@@YAXV<lambda_27ad9d690d25a790b095ad49a21c325a>@@@Z$1
5BD 00000000 SECT43 notype       Label        | $LN14
5BE 00000000 SECT9  notype       Label        | $LN3
5BF 00000000 SECTF  notype       Label        | $LN3
5C0 00000000 SECTC8 notype       Label        | $LN3
5C1 00000000 SECTBE notype       Label        | $LN3
5C2 00000000 SECTD  notype       Label        | $LN6
5C3 00000000 SECT6  notype       Label        | $LN7
5C4 00000000 SECT5  notype       Label        | $LN7
5C5 00000000 SECTC  notype       Label        | $LN3
5C6 00000000 SECT11 notype       Label        | $LN3
5C7 00000000 SECTA  notype       Label        | $LN6
5C8 00000000 SECTE1 notype       Static       | .xdata
    Section length  3E8, #relocs    0, #linenums    0, checksum E9E4A486
5CA 00000000 SECTE1 notype       Static       | $unwind$?startup@ClientMiles@@YAHXZ
5CB 00000000 SECTE2 notype       Static       | .pdata
    Section length  528, #relocs  14A, #linenums    0, checksum 8C149E20
5CD 00000000 SECTE2 notype       Static       | $pdata$?startup@ClientMiles@@YAHXZ
5CE 00000008 SECTE1 notype       Static       | $unwind$?shutdown@ClientMiles@@YAXXZ
5CF 0000000C SECTE2 notype       Static       | $pdata$?shutdown@ClientMiles@@YAXXZ
5D0 00000010 SECTE1 notype       Static       | $unwind$?get_preference@ClientMiles@@YA_JI@Z
5D1 00000018 SECTE2 notype       Static       | $pdata$?get_preference@ClientMiles@@YA_JI@Z
5D2 00000018 SECTE1 notype       Static       | $unwind$?set_preference@ClientMiles@@YA_JI_J@Z
5D3 00000024 SECTE2 notype       Static       | $pdata$?set_preference@ClientMiles@@YA_JI_J@Z
5D4 00000024 SECTE1 notype       Static       | $unwind$?last_error@ClientMiles@@YAPEBDXZ
5D5 00000030 SECTE2 notype       Static       | $pdata$?last_error@ClientMiles@@YAPEBDXZ
5D6 0000002C SECTE1 notype       Static       | $unwind$?set_redist_directory@ClientMiles@@YAPEBDPEBD@Z
5D7 0000003C SECTE2 notype       Static       | $pdata$?set_redist_directory@ClientMiles@@YAPEBDPEBD@Z
5D8 00000034 SECTE1 notype       Static       | $unwind$?MSS_version@ClientMiles@@YAXPEADH@Z
5D9 00000048 SECTE2 notype       Static       | $pdata$?MSS_version@ClientMiles@@YAXPEADH@Z
5DA 00000040 SECTE1 notype       Static       | $unwind$?open_digital_driver@ClientMiles@@YAPEAU_DIG_DRIVER@@IHHI@Z
5DB 00000054 SECTE2 notype       Static       | $pdata$?open_digital_driver@ClientMiles@@YAPEAU_DIG_DRIVER@@IHHI@Z
5DC 0000004C SECTE1 notype       Static       | $unwind$?speaker_configuration_spec@ClientMiles@@YAHPEAU_DIG_DRIVER@@@Z
5DD 00000060 SECTE2 notype       Static       | $pdata$?speaker_configuration_spec@ClientMiles@@YAHPEAU_DIG_DRIVER@@@Z
5DE 00000054 SECTE1 notype       Static       | $unwind$?set_file_callbacks@ClientMiles@@YAXP6AIPEBDPEA_K@ZP6AX_K@ZP6AH3HI@ZP6AI3PEAXI@Z@Z
5DF 0000006C SECTE2 notype       Static       | $pdata$?set_file_callbacks@ClientMiles@@YAXP6AIPEBDPEA_K@ZP6AX_K@ZP6AH3HI@ZP6AI3PEAXI@Z@Z
5E0 00000060 SECTE1 notype       Static       | $unwind$?set_listener_3D_position@ClientMiles@@YAXPEAU_DIG_DRIVER@@MMM@Z
5E1 00000078 SECTE2 notype       Static       | $pdata$?set_listener_3D_position@ClientMiles@@YAXPEAU_DIG_DRIVER@@MMM@Z
5E2 0000006C SECTE1 notype       Static       | $unwind$?set_listener_3D_velocity_vector@ClientMiles@@YAXPEAU_DIG_DRIVER@@MMM@Z
5E3 00000084 SECTE2 notype       Static       | $pdata$?set_listener_3D_velocity_vector@ClientMiles@@YAXPEAU_DIG_DRIVER@@MMM@Z
5E4 00000078 SECTE1 notype       Static       | $unwind$?set_listener_3D_orientation@ClientMiles@@YAXPEAU_DIG_DRIVER@@MMMMMM@Z
5E5 00000090 SECTE2 notype       Static       | $pdata$?set_listener_3D_orientation@ClientMiles@@YAXPEAU_DIG_DRIVER@@MMMMMM@Z
5E6 00000084 SECTE1 notype       Static       | $unwind$?set_3D_rolloff_factor@ClientMiles@@YAXPEAU_DIG_DRIVER@@M@Z
5E7 0000009C SECTE2 notype       Static       | $pdata$?set_3D_rolloff_factor@ClientMiles@@YAXPEAU_DIG_DRIVER@@M@Z
5E8 00000090 SECTE1 notype       Static       | $unwind$?serve@ClientMiles@@YAXXZ
5E9 000000A8 SECTE2 notype       Static       | $pdata$?serve@ClientMiles@@YAXXZ
5EA 00000098 SECTE1 notype       Static       | $unwind$?room_type@ClientMiles@@YAHPEAU_DIG_DRIVER@@@Z
5EB 000000B4 SECTE2 notype       Static       | $pdata$?room_type@ClientMiles@@YAHPEAU_DIG_DRIVER@@@Z
5EC 000000A0 SECTE1 notype       Static       | $unwind$?set_room_type@ClientMiles@@YAXPEAU_DIG_DRIVER@@H@Z
5ED 000000C0 SECTE2 notype       Static       | $pdata$?set_room_type@ClientMiles@@YAXPEAU_DIG_DRIVER@@H@Z
5EE 000000AC SECTE1 notype       Static       | $unwind$?digital_CPU_percent@ClientMiles@@YAHPEAU_DIG_DRIVER@@@Z
5EF 000000CC SECTE2 notype       Static       | $pdata$?digital_CPU_percent@ClientMiles@@YAHPEAU_DIG_DRIVER@@@Z
5F0 000000B4 SECTE1 notype       Static       | $unwind$?digital_latency@ClientMiles@@YAHPEAU_DIG_DRIVER@@@Z
5F1 000000D8 SECTE2 notype       Static       | $pdata$?digital_latency@ClientMiles@@YAHPEAU_DIG_DRIVER@@@Z
5F2 000000BC SECTE1 notype       Static       | $unwind$?get_timer_highest_delay@ClientMiles@@YAIXZ
5F3 000000E4 SECTE2 notype       Static       | $pdata$?get_timer_highest_delay@ClientMiles@@YAIXZ
5F4 000000C4 SECTE1 notype       Static       | $unwind$?active_sample_count@ClientMiles@@YAHPEAU_DIG_DRIVER@@@Z
5F5 000000F0 SECTE2 notype       Static       | $pdata$?active_sample_count@ClientMiles@@YAHPEAU_DIG_DRIVER@@@Z
5F6 000000CC SECTE1 notype       Static       | $unwind$?allocate_sample_handle@ClientMiles@@YAPEAU_SAMPLE@@PEAU_DIG_DRIVER@@@Z
5F7 000000FC SECTE2 notype       Static       | $pdata$?allocate_sample_handle@ClientMiles@@YAPEAU_SAMPLE@@PEAU_DIG_DRIVER@@@Z
5F8 000000D4 SECTE1 notype       Static       | $unwind$?release_sample_handle@ClientMiles@@YAXPEAU_SAMPLE@@@Z
5F9 00000108 SECTE2 notype       Static       | $pdata$?release_sample_handle@ClientMiles@@YAXPEAU_SAMPLE@@@Z
5FA 000000DC SECTE1 notype       Static       | $unwind$?start_sample@ClientMiles@@YAXPEAU_SAMPLE@@@Z
5FB 00000114 SECTE2 notype       Static       | $pdata$?start_sample@ClientMiles@@YAXPEAU_SAMPLE@@@Z
5FC 000000E4 SECTE1 notype       Static       | $unwind$?stop_sample@ClientMiles@@YAXPEAU_SAMPLE@@@Z
5FD 00000120 SECTE2 notype       Static       | $pdata$?stop_sample@ClientMiles@@YAXPEAU_SAMPLE@@@Z
5FE 000000EC SECTE1 notype       Static       | $unwind$?end_sample@ClientMiles@@YAXPEAU_SAMPLE@@@Z
5FF 0000012C SECTE2 notype       Static       | $pdata$?end_sample@ClientMiles@@YAXPEAU_SAMPLE@@@Z
600 000000F4 SECTE1 notype       Static       | $unwind$?sample_status@ClientMiles@@YAIPEAU_SAMPLE@@@Z
601 00000138 SECTE2 notype       Static       | $pdata$?sample_status@ClientMiles@@YAIPEAU_SAMPLE@@@Z
602 000000FC SECTE1 notype       Static       | $unwind$?sample_ms_position@ClientMiles@@YAXPEAU_SAMPLE@@PEAH1@Z
603 00000144 SECTE2 notype       Static       | $pdata$?sample_ms_position@ClientMiles@@YAXPEAU_SAMPLE@@PEAH1@Z
604 00000108 SECTE1 notype       Static       | $unwind$?set_sample_ms_position@ClientMiles@@YAXPEAU_SAMPLE@@H@Z
605 00000150 SECTE2 notype       Static       | $pdata$?set_sample_ms_position@ClientMiles@@YAXPEAU_SAMPLE@@H@Z
606 00000114 SECTE1 notype       Static       | $unwind$?set_sample_position@ClientMiles@@YAXPEAU_SAMPLE@@I@Z
607 0000015C SECTE2 notype       Static       | $pdata$?set_sample_position@ClientMiles@@YAXPEAU_SAMPLE@@I@Z
608 00000120 SECTE1 notype       Static       | $unwind$?sample_position@ClientMiles@@YAIPEAU_SAMPLE@@@Z
609 00000168 SECTE2 notype       Static       | $pdata$?sample_position@ClientMiles@@YAIPEAU_SAMPLE@@@Z
60A 00000128 SECTE1 notype       Static       | $unwind$?set_sample_loop_count@ClientMiles@@YAXPEAU_SAMPLE@@H@Z
60B 00000174 SECTE2 notype       Static       | $pdata$?set_sample_loop_count@ClientMiles@@YAXPEAU_SAMPLE@@H@Z
60C 00000134 SECTE1 notype       Static       | $unwind$?set_sample_loop_block@ClientMiles@@YAXPEAU_SAMPLE@@HH@Z
60D 00000180 SECTE2 notype       Static       | $pdata$?set_sample_loop_block@ClientMiles@@YAXPEAU_SAMPLE@@HH@Z
60E 00000140 SECTE1 notype       Static       | $unwind$?set_sample_3D_position@ClientMiles@@YAXPEAU_SAMPLE@@MMM@Z
60F 0000018C SECTE2 notype       Static       | $pdata$?set_sample_3D_position@ClientMiles@@YAXPEAU_SAMPLE@@MMM@Z
610 0000014C SECTE1 notype       Static       | $unwind$?set_sample_3D_velocity_vector@ClientMiles@@YAXPEAU_SAMPLE@@MMM@Z
611 00000198 SECTE2 notype       Static       | $pdata$?set_sample_3D_velocity_vector@ClientMiles@@YAXPEAU_SAMPLE@@MMM@Z
612 00000158 SECTE1 notype       Static       | $unwind$?set_sample_3D_distances@ClientMiles@@YAXPEAU_SAMPLE@@MMH@Z
613 000001A4 SECTE2 notype       Static       | $pdata$?set_sample_3D_distances@ClientMiles@@YAXPEAU_SAMPLE@@MMH@Z
614 00000164 SECTE1 notype       Static       | $unwind$?set_sample_occlusion@ClientMiles@@YAXPEAU_SAMPLE@@M@Z
615 000001B0 SECTE2 notype       Static       | $pdata$?set_sample_occlusion@ClientMiles@@YAXPEAU_SAMPLE@@M@Z
616 00000170 SECTE1 notype       Static       | $unwind$?set_sample_obstruction@ClientMiles@@YAXPEAU_SAMPLE@@M@Z
617 000001BC SECTE2 notype       Static       | $pdata$?set_sample_obstruction@ClientMiles@@YAXPEAU_SAMPLE@@M@Z
618 0000017C SECTE1 notype       Static       | $unwind$?sample_reverb_levels@ClientMiles@@YAXPEAU_SAMPLE@@PEAM1@Z
619 000001C8 SECTE2 notype       Static       | $pdata$?sample_reverb_levels@ClientMiles@@YAXPEAU_SAMPLE@@PEAM1@Z
61A 00000188 SECTE1 notype       Static       | $unwind$?set_sample_volume_levels@ClientMiles@@YAXPEAU_SAMPLE@@MM@Z
61B 000001D4 SECTE2 notype       Static       | $pdata$?set_sample_volume_levels@ClientMiles@@YAXPEAU_SAMPLE@@MM@Z
61C 00000194 SECTE1 notype       Static       | $unwind$?sample_volume_levels@ClientMiles@@YAXPEAU_SAMPLE@@PEAM1@Z
61D 000001E0 SECTE2 notype       Static       | $pdata$?sample_volume_levels@ClientMiles@@YAXPEAU_SAMPLE@@PEAM1@Z
61E 000001A0 SECTE1 notype       Static       | $unwind$?set_sample_reverb_levels@ClientMiles@@YAXPEAU_SAMPLE@@MM@Z
61F 000001EC SECTE2 notype       Static       | $pdata$?set_sample_reverb_levels@ClientMiles@@YAXPEAU_SAMPLE@@MM@Z
620 000001AC SECTE1 notype       Static       | $unwind$?set_sample_playback_rate@ClientMiles@@YAXPEAU_SAMPLE@@H@Z
621 000001F8 SECTE2 notype       Static       | $pdata$?set_sample_playback_rate@ClientMiles@@YAXPEAU_SAMPLE@@H@Z
622 000001B8 SECTE1 notype       Static       | $unwind$?sample_playback_rate@ClientMiles@@YAHPEAU_SAMPLE@@@Z
623 00000204 SECTE2 notype       Static       | $pdata$?sample_playback_rate@ClientMiles@@YAHPEAU_SAMPLE@@@Z
624 000001C0 SECTE1 notype       Static       | $unwind$?open_stream@ClientMiles@@YAPEAU_STREAM@@PEAU_DIG_DRIVER@@PEBDH@Z
625 00000210 SECTE2 notype       Static       | $pdata$?open_stream@ClientMiles@@YAPEAU_STREAM@@PEAU_DIG_DRIVER@@PEBDH@Z
626 000001CC SECTE1 notype       Static       | $unwind$?close_stream@ClientMiles@@YAXPEAU_STREAM@@@Z
627 0000021C SECTE2 notype       Static       | $pdata$?close_stream@ClientMiles@@YAXPEAU_STREAM@@@Z
628 000001D4 SECTE1 notype       Static       | $unwind$?stream_sample_handle@ClientMiles@@YAPEAU_SAMPLE@@PEAU_STREAM@@@Z
629 00000228 SECTE2 notype       Static       | $pdata$?stream_sample_handle@ClientMiles@@YAPEAU_SAMPLE@@PEAU_STREAM@@@Z
62A 000001DC SECTE1 notype       Static       | $unwind$?start_stream@ClientMiles@@YAXPEAU_STREAM@@@Z
62B 00000234 SECTE2 notype       Static       | $pdata$?start_stream@ClientMiles@@YAXPEAU_STREAM@@@Z
62C 000001E4 SECTE1 notype       Static       | $unwind$?set_stream_loop_count@ClientMiles@@YAXPEAU_STREAM@@H@Z
62D 00000240 SECTE2 notype       Static       | $pdata$?set_stream_loop_count@ClientMiles@@YAXPEAU_STREAM@@H@Z
62E 000001F0 SECTE1 notype       Static       | $unwind$?set_stream_loop_block@ClientMiles@@YAXPEAU_STREAM@@HH@Z
62F 0000024C SECTE2 notype       Static       | $pdata$?set_stream_loop_block@ClientMiles@@YAXPEAU_STREAM@@HH@Z
630 000001FC SECTE1 notype       Static       | $unwind$?stream_status@ClientMiles@@YAHPEAU_STREAM@@@Z
631 00000258 SECTE2 notype       Static       | $pdata$?stream_status@ClientMiles@@YAHPEAU_STREAM@@@Z
632 00000204 SECTE1 notype       Static       | $unwind$?set_stream_ms_position@ClientMiles@@YAXPEAU_STREAM@@H@Z
633 00000264 SECTE2 notype       Static       | $pdata$?set_stream_ms_position@ClientMiles@@YAXPEAU_STREAM@@H@Z
634 00000210 SECTE1 notype       Static       | $unwind$?stream_ms_position@ClientMiles@@YAXPEAU_STREAM@@PEAH1@Z
635 00000270 SECTE2 notype       Static       | $pdata$?stream_ms_position@ClientMiles@@YAXPEAU_STREAM@@PEAH1@Z
636 0000021C SECTE1 notype       Static       | $unwind$?file_type@ClientMiles@@YAHPEBXI@Z
637 0000027C SECTE2 notype       Static       | $pdata$?file_type@ClientMiles@@YAHPEBXI@Z
638 00000228 SECTE1 notype       Static       | $unwind$?file_error@ClientMiles@@YAHXZ
639 00000288 SECTE2 notype       Static       | $pdata$?file_error@ClientMiles@@YAHXZ
63A 00000000 SECTE3 notype       Static       | .xdata
    Section length    8, #relocs    0, #linenums    0, checksum 432F41C4, selection    5 (pick associative Section 0xE0)
63C 00000000 SECTE3 notype       Static       | $unwind$hypot
63D 00000000 SECTE4 notype       Static       | .pdata
    Section length    C, #relocs    3, #linenums    0, checksum 3F196BD1, selection    5 (pick associative Section 0xE0)
63F 00000000 SECTE4 notype       Static       | $pdata$hypot
640 00000000 SECTE5 notype       Static       | .xdata
    Section length    8, #relocs    0, #linenums    0, checksum A435C62C, selection    5 (pick associative Section 0xD0)
642 00000000 SECTE5 notype       Static       | $unwind$?length@?$char_traits@D@std@@SA_KPEBD@Z
643 00000000 SECTE6 notype       Static       | .pdata
    Section length    C, #relocs    3, #linenums    0, checksum 9A824856, selection    5 (pick associative Section 0xD0)
645 00000000 SECTE6 notype       Static       | $pdata$?length@?$char_traits@D@std@@SA_KPEBD@Z
646 00000000 SECTE7 notype       Static       | .xdata
    Section length    8, #relocs    0, #linenums    0, checksum 583FB257, selection    5 (pick associative Section 0xC5)
648 00000000 SECTE7 notype       Static       | $unwind$?copy@?$char_traits@D@std@@SAPEADPEADPEBD_K@Z
649 00000000 SECTE8 notype       Static       | .pdata
    Section length    C, #relocs    3, #linenums    0, checksum B85DDE25, selection    5 (pick associative Section 0xC5)
64B 00000000 SECTE8 notype       Static       | $pdata$?copy@?$char_traits@D@std@@SAPEADPEADPEBD_K@Z
64C 00000000 SECTE9 notype       Static       | .xdata
    Section length    8, #relocs    0, #linenums    0, checksum 583FB257, selection    5 (pick associative Section 0xD8)
64E 00000000 SECTE9 notype       Static       | $unwind$?move@?$char_traits@D@std@@SAPEADPEADPEBD_K@Z
64F 00000000 SECTEA notype       Static       | .pdata
    Section length    C, #relocs    3, #linenums    0, checksum B85DDE25, selection    5 (pick associative Section 0xD8)
651 00000000 SECTEA notype       Static       | $pdata$?move@?$char_traits@D@std@@SAPEADPEADPEBD_K@Z
652 00000000 SECTEB notype       Static       | .xdata
    Section length    8, #relocs    0, #linenums    0, checksum BA48AFD3, selection    5 (pick associative Section 0xAA)
654 00000000 SECTEB notype       Static       | $unwind$??__Epiecewise_construct@std@@YAXXZ
655 00000000 SECTEC notype       Static       | .pdata
    Section length    C, #relocs    3, #linenums    0, checksum 2B142464, selection    5 (pick associative Section 0xAA)
657 00000000 SECTEC notype       Static       | $pdata$??__Epiecewise_construct@std@@YAXXZ
658 00000000 SECTED notype       Static       | .xdata
    Section length    8, #relocs    0, #linenums    0, checksum 9C7880CC, selection    5 (pick associative Section 0x95)
65A 00000000 SECTED notype       Static       | $unwind$??1_Container_base12@std@@QEAA@XZ
65B 00000000 SECTEE notype       Static       | .pdata
    Section length    C, #relocs    3, #linenums    0, checksum AF5E2A9E, selection    5 (pick associative Section 0x95)
65D 00000000 SECTEE notype       Static       | $pdata$??1_Container_base12@std@@QEAA@XZ
65E 00000000 SECTEF notype       Static       | .xdata
    Section length    8, #relocs    0, #linenums    0, checksum A435C62C, selection    5 (pick associative Section 0xB8)
660 00000000 SECTEF notype       Static       | $unwind$?_Orphan_all@_Container_base12@std@@QEAAXXZ
661 00000000 SECTF0 notype       Static       | .pdata
    Section length    C, #relocs    3, #linenums    0, checksum 1BDB8BBE, selection    5 (pick associative Section 0xB8)
663 00000000 SECTF0 notype       Static       | $pdata$?_Orphan_all@_Container_base12@std@@QEAAXXZ
664 00000000 SECTF1 notype       Static       | .xdata
    Section length    8, #relocs    0, #linenums    0, checksum BA48AFD3, selection    5 (pick associative Section 0xA9)
666 00000000 SECTF1 notype       Static       | $unwind$??__Eallocator_arg@std@@YAXXZ
667 00000000 SECTF2 notype       Static       | .pdata
    Section length    C, #relocs    3, #linenums    0, checksum 2B142464, selection    5 (pick associative Section 0xA9)
669 00000000 SECTF2 notype       Static       | $pdata$??__Eallocator_arg@std@@YAXXZ
66A 00000000 SECTF3 notype       Static       | .xdata
    Section length    8, #relocs    0, #linenums    0, checksum 6072F4B7, selection    5 (pick associative Section 0xC7)
66C 00000000 SECTF3 notype       Static       | $unwind$?deallocate@?$allocator@D@std@@QEAAXPEAD_K@Z
66D 00000000 SECTF4 notype       Static       | .pdata
    Section length    C, #relocs    3, #linenums    0, checksum BB53652B, selection    5 (pick associative Section 0xC7)
66F 00000000 SECTF4 notype       Static       | $pdata$?deallocate@?$allocator@D@std@@QEAAXPEAD_K@Z
670 00000000 SECTF5 notype       Static       | .xdata
    Section length    8, #relocs    0, #linenums    0, checksum C40886FB, selection    5 (pick associative Section 0xBD)
672 00000000 SECTF5 notype       Static       | $unwind$?allocate@?$allocator@D@std@@QEAAPEAD_K@Z
673 00000000 SECTF6 notype       Static       | .pdata
    Section length    C, #relocs    3, #linenums    0, checksum A59B2387, selection    5 (pick associative Section 0xBD)
675 00000000 SECTF6 notype       Static       | $pdata$?allocate@?$allocator@D@std@@QEAAPEAD_K@Z
676 00000000 SECTF7 notype       Static       | .xdata
    Section length    8, #relocs    0, #linenums    0, checksum 9C7880CC, selection    5 (pick associative Section 0xD3)
678 00000000 SECTF7 notype       Static       | $unwind$?max_size@?$allocator_traits@V?$allocator@D@std@@@std@@SA_KAEBV?$allocator@D@2@@Z
679 00000000 SECTF8 notype       Static       | .pdata
    Section length    C, #relocs    3, #linenums    0, checksum AF5E2A9E, selection    5 (pick associative Section 0xD3)
67B 00000000 SECTF8 notype       Static       | $pdata$?max_size@?$allocator_traits@V?$allocator@D@std@@@std@@SA_KAEBV?$allocator@D@2@@Z
67C 00000000 SECTF9 notype       Static       | .xdata
    Section length    8, #relocs    0, #linenums    0, checksum 9C7880CC, selection    5 (pick associative Section 0x86)
67E 00000000 SECTF9 notype       Static       | $unwind$??0?$_Wrap_alloc@V?$allocator@D@std@@@std@@QEAA@XZ
67F 00000000 SECTFA notype       Static       | .pdata
    Section length    C, #relocs    3, #linenums    0, checksum E7BE24FA, selection    5 (pick associative Section 0x86)
681 00000000 SECTFA notype       Static       | $pdata$??0?$_Wrap_alloc@V?$allocator@D@std@@@std@@QEAA@XZ
682 00000000 SECTFB notype       Static       | .xdata
    Section length    8, #relocs    0, #linenums    0, checksum C40886FB, selection    5 (pick associative Section 0xBC)
684 00000000 SECTFB notype       Static       | $unwind$?allocate@?$_Wrap_alloc@V?$allocator@D@std@@@std@@QEAAPEAD_K@Z
685 00000000 SECTFC notype       Static       | .pdata
    Section length    C, #relocs    3, #linenums    0, checksum BB53652B, selection    5 (pick associative Section 0xBC)
687 00000000 SECTFC notype       Static       | $pdata$?allocate@?$_Wrap_alloc@V?$allocator@D@std@@@std@@QEAAPEAD_K@Z
688 00000000 SECTFD notype       Static       | .xdata
    Section length    8, #relocs    0, #linenums    0, checksum 6072F4B7, selection    5 (pick associative Section 0xC6)
68A 00000000 SECTFD notype       Static       | $unwind$?deallocate@?$_Wrap_alloc@V?$allocator@D@std@@@std@@QEAAXPEAD_K@Z
68B 00000000 SECTFE notype       Static       | .pdata
    Section length    C, #relocs    3, #linenums    0, checksum AED97719, selection    5 (pick associative Section 0xC6)
68D 00000000 SECTFE notype       Static       | $pdata$?deallocate@?$_Wrap_alloc@V?$allocator@D@std@@@std@@QEAAXPEAD_K@Z
68E 00000000 SECTFF notype       Static       | .xdata
    Section length    8, #relocs    0, #linenums    0, checksum 9C7880CC, selection    5 (pick associative Section 0xD1)
690 00000000 SECTFF notype       Static       | $unwind$?max_size@?$_Wrap_alloc@V?$allocator@D@std@@@std@@QEBA_KXZ
691 00000000 SECT100 notype       Static      | .pdata
    Section length    C, #relocs    3, #linenums    0, checksum AF5E2A9E, selection    5 (pick associative Section 0xD1)
693 00000000 SECT100 notype       Static      | $pdata$?max_size@?$_Wrap_alloc@V?$allocator@D@std@@@std@@QEBA_KXZ
694 00000000 SECT101 notype       Static      | .xdata
    Section length    8, #relocs    0, #linenums    0, checksum 9C7880CC, selection    5 (pick associative Section 0x85)
696 00000000 SECT101 notype       Static      | $unwind$??0?$_String_val@U?$_Simple_types@D@std@@@std@@QEAA@XZ
697 00000000 SECT102 notype       Static      | .pdata
    Section length    C, #relocs    3, #linenums    0, checksum 8F085A64, selection    5 (pick associative Section 0x85)
699 00000000 SECT102 notype       Static      | $pdata$??0?$_String_val@U?$_Simple_types@D@std@@@std@@QEAA@XZ
69A 00000000 SECT103 notype       Static      | .xdata
    Section length    8, #relocs    0, #linenums    0, checksum A435C62C, selection    5 (pick associative Section 0xB6)
69C 00000000 SECT103 notype       Static      | $unwind$?_Myptr@?$_String_val@U?$_Simple_types@D@std@@@std@@QEAAPEADXZ
69D 00000000 SECT104 notype       Static      | .pdata
    Section length    C, #relocs    3, #linenums    0, checksum 6BB8C590, selection    5 (pick associative Section 0xB6)
69F 00000000 SECT104 notype       Static      | $pdata$?_Myptr@?$_String_val@U?$_Simple_types@D@std@@@std@@QEAAPEADXZ
6A0 00000000 SECT105 notype       Static      | .xdata
    Section length    8, #relocs    0, #linenums    0, checksum A435C62C, selection    5 (pick associative Section 0xB7)
6A2 00000000 SECT105 notype       Static      | $unwind$?_Myptr@?$_String_val@U?$_Simple_types@D@std@@@std@@QEBAPEBDXZ
6A3 00000000 SECT106 notype       Static      | .pdata
    Section length    C, #relocs    3, #linenums    0, checksum 6BB8C590, selection    5 (pick associative Section 0xB7)
6A5 00000000 SECT106 notype       Static      | $pdata$?_Myptr@?$_String_val@U?$_Simple_types@D@std@@@std@@QEBAPEBDXZ
6A6 00000000 SECT107 notype       Static      | .xdata
    Section length    8, #relocs    0, #linenums    0, checksum 9C7880CC, selection    5 (pick associative Section 0x94)
6A8 00000000 SECT107 notype       Static      | $unwind$??1?$_String_val@U?$_Simple_types@D@std@@@std@@QEAA@XZ
6A9 00000000 SECT108 notype       Static      | .pdata
    Section length    C, #relocs    3, #linenums    0, checksum AF5E2A9E, selection    5 (pick associative Section 0x94)
6AB 00000000 SECT108 notype       Static      | $pdata$??1?$_String_val@U?$_Simple_types@D@std@@@std@@QEAA@XZ
6AC 00000000 SECT109 notype       Static      | .xdata
    Section length   10, #relocs    2, #linenums    0, checksum EBAA22CB, selection    5 (pick associative Section 0x83)
6AE 00000000 SECT109 notype       Static      | $unwind$??0?$_String_alloc@$0A@U?$_String_base_types@DV?$allocator@D@std@@@std@@@std@@QEAA@AEBV?$allocator@D@1@@Z
6AF 00000000 SECT10A notype       Static      | .pdata
    Section length    C, #relocs    3, #linenums    0, checksum 8F085A64, selection    5 (pick associative Section 0x83)
6B1 00000000 SECT10A notype       Static      | $pdata$??0?$_String_alloc@$0A@U?$_String_base_types@DV?$allocator@D@std@@@std@@@std@@QEAA@AEBV?$allocator@D@1@@Z
6B2 00000000 SECT10B notype       Static      | .rdata
    Section length   28, #relocs    2, #linenums    0, checksum E93FB885, selection    5 (pick associative Section 0x83)
6B4 00000000 SECT10B notype       Static      | $cppxdata$??0?$_String_alloc@$0A@U?$_String_base_types@DV?$allocator@D@std@@@std@@@std@@QEAA@AEBV?$allocator@D@1@@Z
6B5 00000000 SECT10C notype       Static      | .xdata
    Section length    8, #relocs    1, #linenums    0, checksum 9ADD2096, selection    5 (pick associative Section 0x83)
6B7 00000000 SECT10C notype       Static      | $stateUnwindMap$??0?$_String_alloc@$0A@U?$_String_base_types@DV?$allocator@D@std@@@std@@@std@@QEAA@AEBV?$allocator@D@1@@Z
6B8 00000000 SECT10D notype       Static      | .xdata
    Section length   18, #relocs    3, #linenums    0, checksum DC7D6D08, selection    5 (pick associative Section 0x83)
6BA 00000000 SECT10D notype       Static      | $ip2state$??0?$_String_alloc@$0A@U?$_String_base_types@DV?$allocator@D@std@@@std@@@std@@QEAA@AEBV?$allocator@D@1@@Z
6BB 00000000 SECT10E notype       Static      | .xdata
    Section length    8, #relocs    0, #linenums    0, checksum B96BC9FB, selection    5 (pick associative Section 0x83)
6BD 00000000 SECT10E notype       Static      | $unwind$?dtor$0@?0???0?$_String_alloc@$0A@U?$_String_base_types@DV?$allocator@D@std@@@std@@@std@@QEAA@AEBV?$allocator@D@1@@Z@4HA
6BE 00000000 SECT10F notype       Static      | .pdata
    Section length    C, #relocs    3, #linenums    0, checksum AF5E2A9E, selection    5 (pick associative Section 0x83)
6C0 00000000 SECT10F notype       Static      | $pdata$?dtor$0@?0???0?$_String_alloc@$0A@U?$_String_base_types@DV?$allocator@D@std@@@std@@@std@@QEAA@AEBV?$allocator@D@1@@Z@4HA
6C1 00000000 SECT110 notype       Static      | .xdata
    Section length    8, #relocs    0, #linenums    0, checksum 9C7880CC, selection    5 (pick associative Section 0x93)
6C3 00000000 SECT110 notype       Static      | $unwind$??1?$_String_alloc@$0A@U?$_String_base_types@DV?$allocator@D@std@@@std@@@std@@QEAA@XZ
6C4 00000000 SECT111 notype       Static      | .pdata
    Section length    C, #relocs    3, #linenums    0, checksum BB53652B, selection    5 (pick associative Section 0x93)
6C6 00000000 SECT111 notype       Static      | $pdata$??1?$_String_alloc@$0A@U?$_String_base_types@DV?$allocator@D@std@@@std@@@std@@QEAA@XZ
6C7 00000000 SECT112 notype       Static      | .xdata
    Section length    8, #relocs    0, #linenums    0, checksum  DD7168C, selection    5 (pick associative Section 0xAE)
6C9 00000000 SECT112 notype       Static      | $unwind$?_Alloc_proxy@?$_String_alloc@$0A@U?$_String_base_types@DV?$allocator@D@std@@@std@@@std@@QEAAXXZ
6CA 00000000 SECT113 notype       Static      | .pdata
    Section length    C, #relocs    3, #linenums    0, checksum 40ACE1F4, selection    5 (pick associative Section 0xAE)
6CC 00000000 SECT113 notype       Static      | $pdata$?_Alloc_proxy@?$_String_alloc@$0A@U?$_String_base_types@DV?$allocator@D@std@@@std@@@std@@QEAAXXZ
6CD 00000000 SECT114 notype       Static      | .xdata
    Section length    8, #relocs    0, #linenums    0, checksum A435C62C, selection    5 (pick associative Section 0xB2)
6CF 00000000 SECT114 notype       Static      | $unwind$?_Free_proxy@?$_String_alloc@$0A@U?$_String_base_types@DV?$allocator@D@std@@@std@@@std@@QEAAXXZ
6D0 00000000 SECT115 notype       Static      | .pdata
    Section length    C, #relocs    3, #linenums    0, checksum 86C3E873, selection    5 (pick associative Section 0xB2)
6D2 00000000 SECT115 notype       Static      | $pdata$?_Free_proxy@?$_String_alloc@$0A@U?$_String_base_types@DV?$allocator@D@std@@@std@@@std@@QEAAXXZ
6D3 00000000 SECT116 notype       Static      | .xdata
    Section length    8, #relocs    0, #linenums    0, checksum C40886FB, selection    5 (pick associative Section 0xB3)
6D5 00000000 SECT116 notype       Static      | $unwind$?_Getal@?$_String_alloc@$0A@U?$_String_base_types@DV?$allocator@D@std@@@std@@@std@@QEBA?AU?$_Wrap_alloc@V?$allocator@D@std@@@2@XZ
6D6 00000000 SECT117 notype       Static      | .pdata
    Section length    C, #relocs    3, #linenums    0, checksum BB53652B, selection    5 (pick associative Section 0xB3)
6D8 00000000 SECT117 notype       Static      | $pdata$?_Getal@?$_String_alloc@$0A@U?$_String_base_types@DV?$allocator@D@std@@@std@@@std@@QEBA?AU?$_Wrap_alloc@V?$allocator@D@std@@@2@XZ
6D9 00000000 SECT118 notype       Static      | .xdata
    Section length   10, #relocs    2, #linenums    0, checksum EBAA22CB, selection    5 (pick associative Section 0x89)
6DB 00000000 SECT118 notype       Static      | $unwind$??0?$basic_string@DU?$char_traits@D@std@@V?$allocator@D@2@@std@@QEAA@PEBD@Z
6DC 00000000 SECT119 notype       Static      | .pdata
    Section length    C, #relocs    3, #linenums    0, checksum 86C3E873, selection    5 (pick associative Section 0x89)
6DE 00000000 SECT119 notype       Static      | $pdata$??0?$basic_string@DU?$char_traits@D@std@@V?$allocator@D@2@@std@@QEAA@PEBD@Z
6DF 00000000 SECT11A notype       Static      | .rdata
    Section length   28, #relocs    2, #linenums    0, checksum EF33CE7B, selection    5 (pick associative Section 0x89)
6E1 00000000 SECT11A notype       Static      | $cppxdata$??0?$basic_string@DU?$char_traits@D@std@@V?$allocator@D@2@@std@@QEAA@PEBD@Z
6E2 00000000 SECT11B notype       Static      | .xdata
    Section length    8, #relocs    1, #linenums    0, checksum 9ADD2096, selection    5 (pick associative Section 0x89)
6E4 00000000 SECT11B notype       Static      | $stateUnwindMap$??0?$basic_string@DU?$char_traits@D@std@@V?$allocator@D@2@@std@@QEAA@PEBD@Z
6E5 00000000 SECT11C notype       Static      | .xdata
    Section length   18, #relocs    3, #linenums    0, checksum 8B538809, selection    5 (pick associative Section 0x89)
6E7 00000000 SECT11C notype       Static      | $ip2state$??0?$basic_string@DU?$char_traits@D@std@@V?$allocator@D@2@@std@@QEAA@PEBD@Z
6E8 00000000 SECT11D notype       Static      | .xdata
    Section length    8, #relocs    0, #linenums    0, checksum B96BC9FB, selection    5 (pick associative Section 0x89)
6EA 00000000 SECT11D notype       Static      | $unwind$?dtor$0@?0???0?$basic_string@DU?$char_traits@D@std@@V?$allocator@D@2@@std@@QEAA@PEBD@Z@4HA
6EB 00000000 SECT11E notype       Static      | .pdata
    Section length    C, #relocs    3, #linenums    0, checksum AF5E2A9E, selection    5 (pick associative Section 0x89)
6ED 00000000 SECT11E notype       Static      | $pdata$?dtor$0@?0???0?$basic_string@DU?$char_traits@D@std@@V?$allocator@D@2@@std@@QEAA@PEBD@Z@4HA
6EE 00000000 SECT11F notype       Static      | .xdata
    Section length    8, #relocs    0, #linenums    0, checksum 8D3961AC, selection    5 (pick associative Section 0xBF)
6F0 00000000 SECT11F notype       Static      | $unwind$?assign@?$basic_string@DU?$char_traits@D@std@@V?$allocator@D@2@@std@@QEAAAEAV12@AEBV12@_K1@Z
6F1 00000000 SECT120 notype       Static      | .pdata
    Section length    C, #relocs    3, #linenums    0, checksum EAE10678, selection    5 (pick associative Section 0xBF)
6F3 00000000 SECT120 notype       Static      | $pdata$?assign@?$basic_string@DU?$char_traits@D@std@@V?$allocator@D@2@@std@@QEAAAEAV12@AEBV12@_K1@Z
6F4 00000000 SECT121 notype       Static      | .xdata
    Section length    8, #relocs    0, #linenums    0, checksum 6072F4B7, selection    5 (pick associative Section 0xC1)
6F6 00000000 SECT121 notype       Static      | $unwind$?assign@?$basic_string@DU?$char_traits@D@std@@V?$allocator@D@2@@std@@QEAAAEAV12@PEBD_K@Z
6F7 00000000 SECT122 notype       Static      | .pdata
    Section length    C, #relocs    3, #linenums    0, checksum FEEC49CD, selection    5 (pick associative Section 0xC1)
6F9 00000000 SECT122 notype       Static      | $pdata$?assign@?$basic_string@DU?$char_traits@D@std@@V?$allocator@D@2@@std@@QEAAAEAV12@PEBD_K@Z
6FA 00000000 SECT123 notype       Static      | .xdata
    Section length    8, #relocs    0, #linenums    0, checksum C40886FB, selection    5 (pick associative Section 0xC0)
6FC 00000000 SECT123 notype       Static      | $unwind$?assign@?$basic_string@DU?$char_traits@D@std@@V?$allocator@D@2@@std@@QEAAAEAV12@PEBD@Z
6FD 00000000 SECT124 notype       Static      | .pdata
    Section length    C, #relocs    3, #linenums    0, checksum EFF2CB6A, selection    5 (pick associative Section 0xC0)
6FF 00000000 SECT124 notype       Static      | $pdata$?assign@?$basic_string@DU?$char_traits@D@std@@V?$allocator@D@2@@std@@QEAAAEAV12@PEBD@Z
700 00000000 SECT125 notype       Static      | .xdata
    Section length    8, #relocs    0, #linenums    0, checksum C40886FB, selection    5 (pick associative Section 0xCE)
702 00000000 SECT125 notype       Static      | $unwind$?erase@?$basic_string@DU?$char_traits@D@std@@V?$allocator@D@2@@std@@QEAAAEAV12@_K@Z
703 00000000 SECT126 notype       Static      | .pdata
    Section length    C, #relocs    3, #linenums    0, checksum E537C273, selection    5 (pick associative Section 0xCE)
705 00000000 SECT126 notype       Static      | $pdata$?erase@?$basic_string@DU?$char_traits@D@std@@V?$allocator@D@2@@std@@QEAAAEAV12@_K@Z
706 00000000 SECT127 notype       Static      | .xdata
    Section length    8, #relocs    0, #linenums    0, checksum 583FB257, selection    5 (pick associative Section 0xCD)
708 00000000 SECT127 notype       Static      | $unwind$?erase@?$basic_string@DU?$char_traits@D@std@@V?$allocator@D@2@@std@@QEAAAEAV12@_K0@Z
709 00000000 SECT128 notype       Static      | .pdata
    Section length    C, #relocs    3, #linenums    0, checksum CAB77682, selection    5 (pick associative Section 0xCD)
70B 00000000 SECT128 notype       Static      | $pdata$?erase@?$basic_string@DU?$char_traits@D@std@@V?$allocator@D@2@@std@@QEAAAEAV12@_K0@Z
70C 00000000 SECT129 notype       Static      | .xdata
    Section length    8, #relocs    0, #linenums    0, checksum  DD7168C, selection    5 (pick associative Section 0xD4)
70E 00000000 SECT129 notype       Static      | $unwind$?max_size@?$basic_string@DU?$char_traits@D@std@@V?$allocator@D@2@@std@@QEBA_KXZ
70F 00000000 SECT12A notype       Static      | .pdata
    Section length    C, #relocs    3, #linenums    0, checksum F0BDD041, selection    5 (pick associative Section 0xD4)
711 00000000 SECT12A notype       Static      | $pdata$?max_size@?$basic_string@DU?$char_traits@D@std@@V?$allocator@D@2@@std@@QEBA_KXZ
712 00000000 SECT12B notype       Static      | .xdata
    Section length   10, #relocs    2, #linenums    0, checksum 201FD535, selection    5 (pick associative Section 0xAF)
714 00000000 SECT12B notype       Static      | $unwind$?_Copy@?$basic_string@DU?$char_traits@D@std@@V?$allocator@D@2@@std@@QEAAX_K0@Z
715 00000000 SECT12C notype       Static      | .pdata
    Section length    C, #relocs    3, #linenums    0, checksum 2F6227CC, selection    5 (pick associative Section 0xAF)
717 00000000 SECT12C notype       Static      | $pdata$?_Copy@?$basic_string@DU?$char_traits@D@std@@V?$allocator@D@2@@std@@QEAAX_K0@Z
718 00000000 SECT12D notype       Static      | .rdata
    Section length   28, #relocs    3, #linenums    0, checksum 83B37945, selection    5 (pick associative Section 0xAF)
71A 00000000 SECT12D notype       Static      | $cppxdata$?_Copy@?$basic_string@DU?$char_traits@D@std@@V?$allocator@D@2@@std@@QEAAX_K0@Z
71B 00000000 SECT12E notype       Static      | .xdata
    Section length   20, #relocs    0, #linenums    0, checksum D8090E82, selection    5 (pick associative Section 0xAF)
71D 00000000 SECT12E notype       Static      | $stateUnwindMap$?_Copy@?$basic_string@DU?$char_traits@D@std@@V?$allocator@D@2@@std@@QEAAX_K0@Z
71E 00000000 SECT12F notype       Static      | .xdata
    Section length   28, #relocs    2, #linenums    0, checksum 3EF07423, selection    5 (pick associative Section 0xAF)
720 00000000 SECT12F notype       Static      | $tryMap$?_Copy@?$basic_string@DU?$char_traits@D@std@@V?$allocator@D@2@@std@@QEAAX_K0@Z
721 00000000 SECT130 notype       Static      | .xdata
    Section length   14, #relocs    1, #linenums    0, checksum   677058, selection    5 (pick associative Section 0xAF)
723 00000000 SECT130 notype       Static      | $handlerMap$0$?_Copy@?$basic_string@DU?$char_traits@D@std@@V?$allocator@D@2@@std@@QEAAX_K0@Z
724 00000000 SECT131 notype       Static      | .xdata
    Section length   14, #relocs    1, #linenums    0, checksum   677058, selection    5 (pick associative Section 0xAF)
726 00000000 SECT131 notype       Static      | $handlerMap$1$?_Copy@?$basic_string@DU?$char_traits@D@std@@V?$allocator@D@2@@std@@QEAAX_K0@Z
727 00000000 SECT132 notype       Static      | .xdata
    Section length   50, #relocs    A, #linenums    0, checksum BFF3D57B, selection    5 (pick associative Section 0xAF)
729 00000000 SECT132 notype       Static      | $ip2state$?_Copy@?$basic_string@DU?$char_traits@D@std@@V?$allocator@D@2@@std@@QEAAX_K0@Z
72A 00000000 SECT133 notype       Static      | .xdata
    Section length   10, #relocs    2, #linenums    0, checksum 5840A276, selection    5 (pick associative Section 0xAF)
72C 00000000 SECT133 notype       Static      | $unwind$?catch$1@?0??_Copy@?$basic_string@DU?$char_traits@D@std@@V?$allocator@D@2@@std@@QEAAX_K0@Z@4HA
72D 00000000 SECT134 notype       Static      | .pdata
    Section length    C, #relocs    3, #linenums    0, checksum  84CEF90, selection    5 (pick associative Section 0xAF)
72F 00000000 SECT134 notype       Static      | $pdata$?catch$1@?0??_Copy@?$basic_string@DU?$char_traits@D@std@@V?$allocator@D@2@@std@@QEAAX_K0@Z@4HA
730 00000000 SECT135 notype       Static      | .xdata
    Section length   10, #relocs    2, #linenums    0, checksum 5840A276, selection    5 (pick associative Section 0xAF)
732 00000000 SECT135 notype       Static      | $unwind$?catch$0@?0??_Copy@?$basic_string@DU?$char_traits@D@std@@V?$allocator@D@2@@std@@QEAAX_K0@Z@4HA
733 00000000 SECT136 notype       Static      | .pdata
    Section length    C, #relocs    3, #linenums    0, checksum 43A25AFA, selection    5 (pick associative Section 0xAF)
735 00000000 SECT136 notype       Static      | $pdata$?catch$0@?0??_Copy@?$basic_string@DU?$char_traits@D@std@@V?$allocator@D@2@@std@@QEAAX_K0@Z@4HA
736 00000000 SECT137 notype       Static      | .xdata
    Section length    8, #relocs    0, #linenums    0, checksum FC45C01B, selection    5 (pick associative Section 0xB1)
738 00000000 SECT137 notype       Static      | $unwind$?_Eos@?$basic_string@DU?$char_traits@D@std@@V?$allocator@D@2@@std@@QEAAX_K@Z
739 00000000 SECT138 notype       Static      | .pdata
    Section length    C, #relocs    3, #linenums    0, checksum 6BB8C590, selection    5 (pick associative Section 0xB1)
73B 00000000 SECT138 notype       Static      | $pdata$?_Eos@?$basic_string@DU?$char_traits@D@std@@V?$allocator@D@2@@std@@QEAAX_K@Z
73C 00000000 SECT139 notype       Static      | .xdata
    Section length    8, #relocs    0, #linenums    0, checksum 583FB257, selection    5 (pick associative Section 0xB4)
73E 00000000 SECT139 notype       Static      | $unwind$?_Grow@?$basic_string@DU?$char_traits@D@std@@V?$allocator@D@2@@std@@QEAA_N_K_N@Z
73F 00000000 SECT13A notype       Static      | .pdata
    Section length    C, #relocs    3, #linenums    0, checksum 1397642E, selection    5 (pick associative Section 0xB4)
741 00000000 SECT13A notype       Static      | $pdata$?_Grow@?$basic_string@DU?$char_traits@D@std@@V?$allocator@D@2@@std@@QEAA_N_K_N@Z
742 00000000 SECT13B notype       Static      | .xdata
    Section length    8, #relocs    0, #linenums    0, checksum C40886FB, selection    5 (pick associative Section 0xB5)
744 00000000 SECT13B notype       Static      | $unwind$?_Inside@?$basic_string@DU?$char_traits@D@std@@V?$allocator@D@2@@std@@QEAA_NPEBD@Z
745 00000000 SECT13C notype       Static      | .pdata
    Section length    C, #relocs    3, #linenums    0, checksum 3C17D0DF, selection    5 (pick associative Section 0xB5)
747 00000000 SECT13C notype       Static      | $pdata$?_Inside@?$basic_string@DU?$char_traits@D@std@@V?$allocator@D@2@@std@@QEAA_NPEBD@Z
748 00000000 SECT13D notype       Static      | .xdata
    Section length    8, #relocs    0, #linenums    0, checksum EF160E26, selection    5 (pick associative Section 0xB9)
74A 00000000 SECT13D notype       Static      | $unwind$?_Tidy@?$basic_string@DU?$char_traits@D@std@@V?$allocator@D@2@@std@@QEAAX_N_K@Z
74B 00000000 SECT13E notype       Static      | .pdata
    Section length    C, #relocs    3, #linenums    0, checksum 9C9F3E4A, selection    5 (pick associative Section 0xB9)
74D 00000000 SECT13E notype       Static      | $pdata$?_Tidy@?$basic_string@DU?$char_traits@D@std@@V?$allocator@D@2@@std@@QEAAX_N_K@Z
74E 00000000 SECT13F notype       Static      | .xdata
    Section length    8, #relocs    0, #linenums    0, checksum 9C7880CC, selection    5 (pick associative Section 0xBA)
750 00000000 SECT13F notype       Static      | $unwind$?_Xlen@?$basic_string@DU?$char_traits@D@std@@V?$allocator@D@2@@std@@QEBAXXZ
751 00000000 SECT140 notype       Static      | .pdata
    Section length    C, #relocs    3, #linenums    0, checksum ED7B2DE3, selection    5 (pick associative Section 0xBA)
753 00000000 SECT140 notype       Static      | $pdata$?_Xlen@?$basic_string@DU?$char_traits@D@std@@V?$allocator@D@2@@std@@QEBAXXZ
754 00000000 SECT141 notype       Static      | .xdata
    Section length    8, #relocs    0, #linenums    0, checksum 9C7880CC, selection    5 (pick associative Section 0xBB)
756 00000000 SECT141 notype       Static      | $unwind$?_Xran@?$basic_string@DU?$char_traits@D@std@@V?$allocator@D@2@@std@@QEBAXXZ
757 00000000 SECT142 notype       Static      | .pdata
    Section length    C, #relocs    3, #linenums    0, checksum ED7B2DE3, selection    5 (pick associative Section 0xBB)
759 00000000 SECT142 notype       Static      | $pdata$?_Xran@?$basic_string@DU?$char_traits@D@std@@V?$allocator@D@2@@std@@QEBAXXZ
75A 00000000 SECT143 notype       Static      | .xdata
    Section length    8, #relocs    0, #linenums    0, checksum 6072F4B7, selection    5 (pick associative Section 0x7)
75C 00000000 SECT143 notype       Static      | $unwind$??$_Debug_pointer@D@std@@YAXPEBDPEB_WI@Z
75D 00000000 SECT144 notype       Static      | .pdata
    Section length    C, #relocs    3, #linenums    0, checksum 43A25AFA, selection    5 (pick associative Section 0x7)
75F 00000000 SECT144 notype       Static      | $pdata$??$_Debug_pointer@D@std@@YAXPEBDPEB_WI@Z
760 00000000 SECT145 notype       Static      | .xdata
    Section length    8, #relocs    0, #linenums    0, checksum 6072F4B7, selection    5 (pick associative Section 0xCA)
762 00000000 SECT145 notype       Static      | $unwind$?default_error_condition@error_category@std@@UEBA?AVerror_condition@2@H@Z
763 00000000 SECT146 notype       Static      | .pdata
    Section length    C, #relocs    3, #linenums    0, checksum 85CD537D, selection    5 (pick associative Section 0xCA)
765 00000000 SECT146 notype       Static      | $pdata$?default_error_condition@error_category@std@@UEBA?AVerror_condition@2@H@Z
766 00000000 SECT147 notype       Static      | .xdata
    Section length    8, #relocs    0, #linenums    0, checksum 46F4DE86, selection    5 (pick associative Section 0xCC)
768 00000000 SECT147 notype       Static      | $unwind$?equivalent@error_category@std@@UEBA_NHAEBVerror_condition@2@@Z
769 00000000 SECT148 notype       Static      | .pdata
    Section length    C, #relocs    3, #linenums    0, checksum 9047414F, selection    5 (pick associative Section 0xCC)
76B 00000000 SECT148 notype       Static      | $pdata$?equivalent@error_category@std@@UEBA_NHAEBVerror_condition@2@@Z
76C 00000000 SECT149 notype       Static      | .xdata
    Section length    8, #relocs    0, #linenums    0, checksum 583FB257, selection    5 (pick associative Section 0xCB)
76E 00000000 SECT149 notype       Static      | $unwind$?equivalent@error_category@std@@UEBA_NAEBVerror_code@2@H@Z
76F 00000000 SECT14A notype       Static      | .pdata
    Section length    C, #relocs    3, #linenums    0, checksum CE23E617, selection    5 (pick associative Section 0xCB)
771 00000000 SECT14A notype       Static      | $pdata$?equivalent@error_category@std@@UEBA_NAEBVerror_code@2@H@Z
772 00000000 SECT14B notype       Static      | .xdata
    Section length    8, #relocs    0, #linenums    0, checksum 8CDF4DDB, selection    5 (pick associative Section 0x9C)
774 00000000 SECT14B notype       Static      | $unwind$??8error_category@std@@QEBA_NAEBV01@@Z
775 00000000 SECT14C notype       Static      | .pdata
    Section length    C, #relocs    3, #linenums    0, checksum  B42549E, selection    5 (pick associative Section 0x9C)
777 00000000 SECT14C notype       Static      | $pdata$??8error_category@std@@QEBA_NAEBV01@@Z
778 00000000 SECT14D notype       Static      | .xdata
    Section length    8, #relocs    0, #linenums    0, checksum E7553388, selection    5 (pick associative Section 0xA1)
77A 00000000 SECT14D notype       Static      | $unwind$??_Gerror_category@std@@UEAAPEAXI@Z
77B 00000000 SECT14E notype       Static      | .pdata
    Section length    C, #relocs    3, #linenums    0, checksum 43A25AFA, selection    5 (pick associative Section 0xA1)
77D 00000000 SECT14E notype       Static      | $pdata$??_Gerror_category@std@@UEAAPEAXI@Z
77E 00000000 SECT14F notype       Static      | .xdata
    Section length    8, #relocs    0, #linenums    0, checksum FC45C01B, selection    5 (pick associative Section 0x9D)
780 00000000 SECT14F notype       Static      | $unwind$??8error_condition@std@@QEBA_NAEBV01@@Z
781 00000000 SECT150 notype       Static      | .pdata
    Section length    C, #relocs    3, #linenums    0, checksum 3D908D58, selection    5 (pick associative Section 0x9D)
783 00000000 SECT150 notype       Static      | $pdata$??8error_condition@std@@QEBA_NAEBV01@@Z
784 00000000 SECT151 notype       Static      | .xdata
    Section length    8, #relocs    0, #linenums    0, checksum 9C7880CC, selection    5 (pick associative Section 0x8D)
786 00000000 SECT151 notype       Static      | $unwind$??0_Generic_error_category@std@@QEAA@XZ
787 00000000 SECT152 notype       Static      | .pdata
    Section length    C, #relocs    3, #linenums    0, checksum AED97719, selection    5 (pick associative Section 0x8D)
789 00000000 SECT152 notype       Static      | $pdata$??0_Generic_error_category@std@@QEAA@XZ
78A 00000000 SECT153 notype       Static      | .xdata
    Section length    8, #relocs    0, #linenums    0, checksum F1DD62F7, selection    5 (pick associative Section 0xD5)
78C 00000000 SECT153 notype       Static      | $unwind$?message@_Generic_error_category@std@@UEBA?AV?$basic_string@DU?$char_traits@D@std@@V?$allocator@D@2@@2@H@Z
78D 00000000 SECT154 notype       Static      | .pdata
    Section length    C, #relocs    3, #linenums    0, checksum 4BEEB56A, selection    5 (pick associative Section 0xD5)
78F 00000000 SECT154 notype       Static      | $pdata$?message@_Generic_error_category@std@@UEBA?AV?$basic_string@DU?$char_traits@D@std@@V?$allocator@D@2@@2@H@Z
790 00000000 SECT155 notype       Static      | .xdata
    Section length    8, #relocs    0, #linenums    0, checksum 9C7880CC, selection    5 (pick associative Section 0x96)
792 00000000 SECT155 notype       Static      | $unwind$??1_Generic_error_category@std@@UEAA@XZ
793 00000000 SECT156 notype       Static      | .pdata
    Section length    C, #relocs    3, #linenums    0, checksum AF5E2A9E, selection    5 (pick associative Section 0x96)
795 00000000 SECT156 notype       Static      | $pdata$??1_Generic_error_category@std@@UEAA@XZ
796 00000000 SECT157 notype       Static      | .xdata
    Section length    8, #relocs    0, #linenums    0, checksum E7553388, selection    5 (pick associative Section 0x9E)
798 00000000 SECT157 notype       Static      | $unwind$??_G_Generic_error_category@std@@UEAAPEAXI@Z
799 00000000 SECT158 notype       Static      | .pdata
    Section length    C, #relocs    3, #linenums    0, checksum 43A25AFA, selection    5 (pick associative Section 0x9E)
79B 00000000 SECT158 notype       Static      | $pdata$??_G_Generic_error_category@std@@UEAAPEAXI@Z
79C 00000000 SECT159 notype       Static      | .xdata
    Section length    8, #relocs    0, #linenums    0, checksum 9C7880CC, selection    5 (pick associative Section 0x8E)
79E 00000000 SECT159 notype       Static      | $unwind$??0_Iostream_error_category@std@@QEAA@XZ
79F 00000000 SECT15A notype       Static      | .pdata
    Section length    C, #relocs    3, #linenums    0, checksum AED97719, selection    5 (pick associative Section 0x8E)
7A1 00000000 SECT15A notype       Static      | $pdata$??0_Iostream_error_category@std@@QEAA@XZ
7A2 00000000 SECT15B notype       Static      | .xdata
    Section length    8, #relocs    0, #linenums    0, checksum 583FB257, selection    5 (pick associative Section 0xD6)
7A4 00000000 SECT15B notype       Static      | $unwind$?message@_Iostream_error_category@std@@UEBA?AV?$basic_string@DU?$char_traits@D@std@@V?$allocator@D@2@@2@H@Z
7A5 00000000 SECT15C notype       Static      | .pdata
    Section length    C, #relocs    3, #linenums    0, checksum AC509190, selection    5 (pick associative Section 0xD6)
7A7 00000000 SECT15C notype       Static      | $pdata$?message@_Iostream_error_category@std@@UEBA?AV?$basic_string@DU?$char_traits@D@std@@V?$allocator@D@2@@2@H@Z
7A8 00000000 SECT15D notype       Static      | .xdata
    Section length    8, #relocs    0, #linenums    0, checksum 9C7880CC, selection    5 (pick associative Section 0x97)
7AA 00000000 SECT15D notype       Static      | $unwind$??1_Iostream_error_category@std@@UEAA@XZ
7AB 00000000 SECT15E notype       Static      | .pdata
    Section length    C, #relocs    3, #linenums    0, checksum AF5E2A9E, selection    5 (pick associative Section 0x97)
7AD 00000000 SECT15E notype       Static      | $pdata$??1_Iostream_error_category@std@@UEAA@XZ
7AE 00000000 SECT15F notype       Static      | .xdata
    Section length    8, #relocs    0, #linenums    0, checksum E7553388, selection    5 (pick associative Section 0x9F)
7B0 00000000 SECT15F notype       Static      | $unwind$??_G_Iostream_error_category@std@@UEAAPEAXI@Z
7B1 00000000 SECT160 notype       Static      | .pdata
    Section length    C, #relocs    3, #linenums    0, checksum 43A25AFA, selection    5 (pick associative Section 0x9F)
7B3 00000000 SECT160 notype       Static      | $pdata$??_G_Iostream_error_category@std@@UEAAPEAXI@Z
7B4 00000000 SECT161 notype       Static      | .xdata
    Section length    8, #relocs    0, #linenums    0, checksum 9C7880CC, selection    5 (pick associative Section 0x8F)
7B6 00000000 SECT161 notype       Static      | $unwind$??0_System_error_category@std@@QEAA@XZ
7B7 00000000 SECT162 notype       Static      | .pdata
    Section length    C, #relocs    3, #linenums    0, checksum AED97719, selection    5 (pick associative Section 0x8F)
7B9 00000000 SECT162 notype       Static      | $pdata$??0_System_error_category@std@@QEAA@XZ
7BA 00000000 SECT163 notype       Static      | .xdata
    Section length    8, #relocs    0, #linenums    0, checksum F1DD62F7, selection    5 (pick associative Section 0xD7)
7BC 00000000 SECT163 notype       Static      | $unwind$?message@_System_error_category@std@@UEBA?AV?$basic_string@DU?$char_traits@D@std@@V?$allocator@D@2@@2@H@Z
7BD 00000000 SECT164 notype       Static      | .pdata
    Section length    C, #relocs    3, #linenums    0, checksum 4BEEB56A, selection    5 (pick associative Section 0xD7)
7BF 00000000 SECT164 notype       Static      | $pdata$?message@_System_error_category@std@@UEBA?AV?$basic_string@DU?$char_traits@D@std@@V?$allocator@D@2@@2@H@Z
7C0 00000000 SECT165 notype       Static      | .xdata
    Section length    8, #relocs    0, #linenums    0, checksum 6072F4B7, selection    5 (pick associative Section 0xC9)
7C2 00000000 SECT165 notype       Static      | $unwind$?default_error_condition@_System_error_category@std@@UEBA?AVerror_condition@2@H@Z
7C3 00000000 SECT166 notype       Static      | .pdata
    Section length    C, #relocs    3, #linenums    0, checksum D0EBA0BB, selection    5 (pick associative Section 0xC9)
7C5 00000000 SECT166 notype       Static      | $pdata$?default_error_condition@_System_error_category@std@@UEBA?AVerror_condition@2@H@Z
7C6 00000000 SECT167 notype       Static      | .xdata
    Section length    8, #relocs    0, #linenums    0, checksum 9C7880CC, selection    5 (pick associative Section 0x98)
7C8 00000000 SECT167 notype       Static      | $unwind$??1_System_error_category@std@@UEAA@XZ
7C9 00000000 SECT168 notype       Static      | .pdata
    Section length    C, #relocs    3, #linenums    0, checksum AF5E2A9E, selection    5 (pick associative Section 0x98)
7CB 00000000 SECT168 notype       Static      | $pdata$??1_System_error_category@std@@UEAA@XZ
7CC 00000000 SECT169 notype       Static      | .xdata
    Section length    8, #relocs    0, #linenums    0, checksum E7553388, selection    5 (pick associative Section 0xA0)
7CE 00000000 SECT169 notype       Static      | $unwind$??_G_System_error_category@std@@UEAAPEAXI@Z
7CF 00000000 SECT16A notype       Static      | .pdata
    Section length    C, #relocs    3, #linenums    0, checksum 43A25AFA, selection    5 (pick associative Section 0xA0)
7D1 00000000 SECT16A notype       Static      | $pdata$??_G_System_error_category@std@@UEAAPEAXI@Z
7D2 00000230 SECTE1 notype       Static       | $unwind$??R<lambda_b296c6bd67f07e12f775c24d28cab191>@@QEBAXXZ
7D3 00000294 SECTE2 notype       Static       | $pdata$??R<lambda_b296c6bd67f07e12f775c24d28cab191>@@QEBAXXZ
7D4 00000000 SECT16B notype       Static      | .xdata
    Section length   10, #relocs    2, #linenums    0, checksum DFA6EA80, selection    5 (pick associative Section 0x6D)
7D6 00000000 SECT16B notype       Static      | $unwind$??$guarded@XV<lambda_b296c6bd67f07e12f775c24d28cab191>@@@?A0x55aa8b99@@YAXV<lambda_b296c6bd67f07e12f775c24d28cab191>@@@Z
7D7 00000000 SECT16C notype       Static      | .pdata
    Section length    C, #relocs    3, #linenums    0, checksum  1875D87, selection    5 (pick associative Section 0x6D)
7D9 00000000 SECT16C notype       Static      | $pdata$??$guarded@XV<lambda_b296c6bd67f07e12f775c24d28cab191>@@@?A0x55aa8b99@@YAXV<lambda_b296c6bd67f07e12f775c24d28cab191>@@@Z
7DA 00000000 SECT16D notype       Static      | .rdata
    Section length   28, #relocs    3, #linenums    0, checksum A1EC9887, selection    5 (pick associative Section 0x6D)
7DC 00000000 SECT16D notype       Static      | $cppxdata$??$guarded@XV<lambda_b296c6bd67f07e12f775c24d28cab191>@@@?A0x55aa8b99@@YAXV<lambda_b296c6bd67f07e12f775c24d28cab191>@@@Z
7DD 00000000 SECT16E notype       Static      | .xdata
    Section length   10, #relocs    0, #linenums    0, checksum 8999943C, selection    5 (pick associative Section 0x6D)
7DF 00000000 SECT16E notype       Static      | $stateUnwindMap$??$guarded@XV<lambda_b296c6bd67f07e12f775c24d28cab191>@@@?A0x55aa8b99@@YAXV<lambda_b296c6bd67f07e12f775c24d28cab191>@@@Z
7E0 00000000 SECT16F notype       Static      | .xdata
    Section length   14, #relocs    1, #linenums    0, checksum D9804B12, selection    5 (pick associative Section 0x6D)
7E2 00000000 SECT16F notype       Static      | $tryMap$??$guarded@XV<lambda_b296c6bd67f07e12f775c24d28cab191>@@@?A0x55aa8b99@@YAXV<lambda_b296c6bd67f07e12f775c24d28cab191>@@@Z
7E3 00000000 SECT170 notype       Static      | .xdata
    Section length   28, #relocs    3, #linenums    0, checksum BC5203CB, selection    5 (pick associative Section 0x6D)
7E5 00000000 SECT170 notype       Static      | $handlerMap$0$??$guarded@XV<lambda_b296c6bd67f07e12f775c24d28cab191>@@@?A0x55aa8b99@@YAXV<lambda_b296c6bd67f07e12f775c24d28cab191>@@@Z
7E6 00000000 SECT171 notype       Static      | .xdata
    Section length   30, #relocs    6, #linenums    0, checksum F5BFE449, selection    5 (pick associative Section 0x6D)
7E8 00000000 SECT171 notype       Static      | $ip2state$??$guarded@XV<lambda_b296c6bd67f07e12f775c24d28cab191>@@@?A0x55aa8b99@@YAXV<lambda_b296c6bd67f07e12f775c24d28cab191>@@@Z
7E9 00000000 SECT172 notype       Static      | .xdata
    Section length   10, #relocs    2, #linenums    0, checksum 5840A276, selection    5 (pick associative Section 0x6D)
7EB 00000000 SECT172 notype       Static      | $unwind$?catch$0@?0???$guarded@XV<lambda_b296c6bd67f07e12f775c24d28cab191>@@@?A0x55aa8b99@@YAXV<lambda_b296c6bd67f07e12f775c24d28cab191>@@@Z@4HA
7EC 00000000 SECT173 notype       Static      | .pdata
    Section length    C, #relocs    3, #linenums    0, checksum 8F085A64, selection    5 (pick associative Section 0x6D)
7EE 00000000 SECT173 notype       Static      | $pdata$?catch$0@?0???$guarded@XV<lambda_b296c6bd67f07e12f775c24d28cab191>@@@?A0x55aa8b99@@YAXV<lambda_b296c6bd67f07e12f775c24d28cab191>@@@Z@4HA
7EF 00000000 SECT174 notype       Static      | .xdata
    Section length   10, #relocs    2, #linenums    0, checksum 5840A276, selection    5 (pick associative Section 0x6D)
7F1 00000000 SECT174 notype       Static      | $unwind$?catch$1@?0???$guarded@XV<lambda_b296c6bd67f07e12f775c24d28cab191>@@@?A0x55aa8b99@@YAXV<lambda_b296c6bd67f07e12f775c24d28cab191>@@@Z@4HA
7F2 00000000 SECT175 notype       Static      | .pdata
    Section length    C, #relocs    3, #linenums    0, checksum 62737787, selection    5 (pick associative Section 0x6D)
7F4 00000000 SECT175 notype       Static      | $pdata$?catch$1@?0???$guarded@XV<lambda_b296c6bd67f07e12f775c24d28cab191>@@@?A0x55aa8b99@@YAXV<lambda_b296c6bd67f07e12f775c24d28cab191>@@@Z@4HA
7F5 00000238 SECTE1 notype       Static       | $unwind$??R<lambda_66863ff94f0f8e53e597922f2dd5aa8d>@@QEBAHXZ
7F6 000002A0 SECTE2 notype       Static       | $pdata$??R<lambda_66863ff94f0f8e53e597922f2dd5aa8d>@@QEBAHXZ
7F7 00000000 SECT176 notype       Static      | .xdata
    Section length   10, #relocs    2, #linenums    0, checksum F8934927, selection    5 (pick associative Section 0x23)
7F9 00000000 SECT176 notype       Static      | $unwind$??$guarded@HV<lambda_66863ff94f0f8e53e597922f2dd5aa8d>@@@?A0x55aa8b99@@YAHV<lambda_66863ff94f0f8e53e597922f2dd5aa8d>@@@Z
7FA 00000000 SECT177 notype       Static      | .pdata
    Section length    C, #relocs    3, #linenums    0, checksum D2624632, selection    5 (pick associative Section 0x23)
7FC 00000000 SECT177 notype       Static      | $pdata$??$guarded@HV<lambda_66863ff94f0f8e53e597922f2dd5aa8d>@@@?A0x55aa8b99@@YAHV<lambda_66863ff94f0f8e53e597922f2dd5aa8d>@@@Z
7FD 00000000 SECT178 notype       Static      | .rdata
    Section length   28, #relocs    3, #linenums    0, checksum ABF80385, selection    5 (pick associative Section 0x23)
7FF 00000000 SECT178 notype       Static      | $cppxdata$??$guarded@HV<lambda_66863ff94f0f8e53e597922f2dd5aa8d>@@@?A0x55aa8b99@@YAHV<lambda_66863ff94f0f8e53e597922f2dd5aa8d>@@@Z
800 00000000 SECT179 notype       Static      | .xdata
    Section length   10, #relocs    0, #linenums    0, checksum 8999943C, selection    5 (pick associative Section 0x23)
802 00000000 SECT179 notype       Static      | $stateUnwindMap$??$guarded@HV<lambda_66863ff94f0f8e53e597922f2dd5aa8d>@@@?A0x55aa8b99@@YAHV<lambda_66863ff94f0f8e53e597922f2dd5aa8d>@@@Z
803 00000000 SECT17A notype       Static      | .xdata
    Section length   14, #relocs    1, #linenums    0, checksum D9804B12, selection    5 (pick associative Section 0x23)
805 00000000 SECT17A notype       Static      | $tryMap$??$guarded@HV<lambda_66863ff94f0f8e53e597922f2dd5aa8d>@@@?A0x55aa8b99@@YAHV<lambda_66863ff94f0f8e53e597922f2dd5aa8d>@@@Z
806 00000000 SECT17B notype       Static      | .xdata
    Section length   28, #relocs    3, #linenums    0, checksum 5F46379F, selection    5 (pick associative Section 0x23)
808 00000000 SECT17B notype       Static      | $handlerMap$0$??$guarded@HV<lambda_66863ff94f0f8e53e597922f2dd5aa8d>@@@?A0x55aa8b99@@YAHV<lambda_66863ff94f0f8e53e597922f2dd5aa8d>@@@Z
809 00000000 SECT17C notype       Static      | .xdata
    Section length   30, #relocs    6, #linenums    0, checksum F5BFE449, selection    5 (pick associative Section 0x23)
80B 00000000 SECT17C notype       Static      | $ip2state$??$guarded@HV<lambda_66863ff94f0f8e53e597922f2dd5aa8d>@@@?A0x55aa8b99@@YAHV<lambda_66863ff94f0f8e53e597922f2dd5aa8d>@@@Z
80C 00000000 SECT17D notype       Static      | .xdata
    Section length   10, #relocs    2, #linenums    0, checksum 5840A276, selection    5 (pick associative Section 0x23)
80E 00000000 SECT17D notype       Static      | $unwind$?catch$0@?0???$guarded@HV<lambda_66863ff94f0f8e53e597922f2dd5aa8d>@@@?A0x55aa8b99@@YAHV<lambda_66863ff94f0f8e53e597922f2dd5aa8d>@@@Z@4HA
80F 00000000 SECT17E notype       Static      | .pdata
    Section length    C, #relocs    3, #linenums    0, checksum 8F085A64, selection    5 (pick associative Section 0x23)
811 00000000 SECT17E notype       Static      | $pdata$?catch$0@?0???$guarded@HV<lambda_66863ff94f0f8e53e597922f2dd5aa8d>@@@?A0x55aa8b99@@YAHV<lambda_66863ff94f0f8e53e597922f2dd5aa8d>@@@Z@4HA
812 00000000 SECT17F notype       Static      | .xdata
    Section length   10, #relocs    2, #linenums    0, checksum 5840A276, selection    5 (pick associative Section 0x23)
814 00000000 SECT17F notype       Static      | $unwind$?catch$1@?0???$guarded@HV<lambda_66863ff94f0f8e53e597922f2dd5aa8d>@@@?A0x55aa8b99@@YAHV<lambda_66863ff94f0f8e53e597922f2dd5aa8d>@@@Z@4HA
815 00000000 SECT180 notype       Static      | .pdata
    Section length    C, #relocs    3, #linenums    0, checksum 62737787, selection    5 (pick associative Section 0x23)
817 00000000 SECT180 notype       Static      | $pdata$?catch$1@?0???$guarded@HV<lambda_66863ff94f0f8e53e597922f2dd5aa8d>@@@?A0x55aa8b99@@YAHV<lambda_66863ff94f0f8e53e597922f2dd5aa8d>@@@Z@4HA
818 00000240 SECTE1 notype       Static       | $unwind$??R<lambda_048e1e6635f74a69665b32c8bedcc68b>@@QEBAPEBDXZ
819 000002AC SECTE2 notype       Static       | $pdata$??R<lambda_048e1e6635f74a69665b32c8bedcc68b>@@QEBAPEBDXZ
81A 00000000 SECT181 notype       Static      | .xdata
    Section length   10, #relocs    2, #linenums    0, checksum 724B6F31, selection    5 (pick associative Section 0x37)
81C 00000000 SECT181 notype       Static      | $unwind$??$guarded@PEBDV<lambda_048e1e6635f74a69665b32c8bedcc68b>@@@?A0x55aa8b99@@YAPEBDV<lambda_048e1e6635f74a69665b32c8bedcc68b>@@@Z
81D 00000000 SECT182 notype       Static      | .pdata
    Section length    C, #relocs    3, #linenums    0, checksum 1EC846AC, selection    5 (pick associative Section 0x37)
81F 00000000 SECT182 notype       Static      | $pdata$??$guarded@PEBDV<lambda_048e1e6635f74a69665b32c8bedcc68b>@@@?A0x55aa8b99@@YAPEBDV<lambda_048e1e6635f74a69665b32c8bedcc68b>@@@Z
820 00000000 SECT183 notype       Static      | .rdata
    Section length   28, #relocs    3, #linenums    0, checksum ABF80385, selection    5 (pick associative Section 0x37)
822 00000000 SECT183 notype       Static      | $cppxdata$??$guarded@PEBDV<lambda_048e1e6635f74a69665b32c8bedcc68b>@@@?A0x55aa8b99@@YAPEBDV<lambda_048e1e6635f74a69665b32c8bedcc68b>@@@Z
823 00000000 SECT184 notype       Static      | .xdata
    Section length   10, #relocs    0, #linenums    0, checksum 8999943C, selection    5 (pick associative Section 0x37)
825 00000000 SECT184 notype       Static      | $stateUnwindMap$??$guarded@PEBDV<lambda_048e1e6635f74a69665b32c8bedcc68b>@@@?A0x55aa8b99@@YAPEBDV<lambda_048e1e6635f74a69665b32c8bedcc68b>@@@Z
826 00000000 SECT185 notype       Static      | .xdata
    Section length   14, #relocs    1, #linenums    0, checksum D9804B12, selection    5 (pick associative Section 0x37)
828 00000000 SECT185 notype       Static      | $tryMap$??$guarded@PEBDV<lambda_048e1e6635f74a69665b32c8bedcc68b>@@@?A0x55aa8b99@@YAPEBDV<lambda_048e1e6635f74a69665b32c8bedcc68b>@@@Z
829 00000000 SECT186 notype       Static      | .xdata
    Section length   28, #relocs    3, #linenums    0, checksum 5F46379F, selection    5 (pick associative Section 0x37)
82B 00000000 SECT186 notype       Static      | $handlerMap$0$??$guarded@PEBDV<lambda_048e1e6635f74a69665b32c8bedcc68b>@@@?A0x55aa8b99@@YAPEBDV<lambda_048e1e6635f74a69665b32c8bedcc68b>@@@Z
82C 00000000 SECT187 notype       Static      | .xdata
    Section length   30, #relocs    6, #linenums    0, checksum DF0354C1, selection    5 (pick associative Section 0x37)
82E 00000000 SECT187 notype       Static      | $ip2state$??$guarded@PEBDV<lambda_048e1e6635f74a69665b32c8bedcc68b>@@@?A0x55aa8b99@@YAPEBDV<lambda_048e1e6635f74a69665b32c8bedcc68b>@@@Z
82F 00000000 SECT188 notype       Static      | .xdata
    Section length   10, #relocs    2, #linenums    0, checksum 5840A276, selection    5 (pick associative Section 0x37)
831 00000000 SECT188 notype       Static      | $unwind$?catch$0@?0???$guarded@PEBDV<lambda_048e1e6635f74a69665b32c8bedcc68b>@@@?A0x55aa8b99@@YAPEBDV<lambda_048e1e6635f74a69665b32c8bedcc68b>@@@Z@4HA
832 00000000 SECT189 notype       Static      | .pdata
    Section length    C, #relocs    3, #linenums    0, checksum 8F085A64, selection    5 (pick associative Section 0x37)
834 00000000 SECT189 notype       Static      | $pdata$?catch$0@?0???$guarded@PEBDV<lambda_048e1e6635f74a69665b32c8bedcc68b>@@@?A0x55aa8b99@@YAPEBDV<lambda_048e1e6635f74a69665b32c8bedcc68b>@@@Z@4HA
835 00000000 SECT18A notype       Static      | .xdata
    Section length   10, #relocs    2, #linenums    0, checksum 5840A276, selection    5 (pick associative Section 0x37)
837 00000000 SECT18A notype       Static      | $unwind$?catch$1@?0???$guarded@PEBDV<lambda_048e1e6635f74a69665b32c8bedcc68b>@@@?A0x55aa8b99@@YAPEBDV<lambda_048e1e6635f74a69665b32c8bedcc68b>@@@Z@4HA
838 00000000 SECT18B notype       Static      | .pdata
    Section length    C, #relocs    3, #linenums    0, checksum 62737787, selection    5 (pick associative Section 0x37)
83A 00000000 SECT18B notype       Static      | $pdata$?catch$1@?0???$guarded@PEBDV<lambda_048e1e6635f74a69665b32c8bedcc68b>@@@?A0x55aa8b99@@YAPEBDV<lambda_048e1e6635f74a69665b32c8bedcc68b>@@@Z@4HA
83B 00000248 SECTE1 notype       Static       | $unwind$??R<lambda_579dce4a55783e0389da1ac224b49b61>@@QEBAPEBDXZ
83C 000002B8 SECTE2 notype       Static       | $pdata$??R<lambda_579dce4a55783e0389da1ac224b49b61>@@QEBAPEBDXZ
83D 00000000 SECT18C notype       Static      | .xdata
    Section length   10, #relocs    2, #linenums    0, checksum F8934927, selection    5 (pick associative Section 0x39)
83F 00000000 SECT18C notype       Static      | $unwind$??$guarded@PEBDV<lambda_579dce4a55783e0389da1ac224b49b61>@@@?A0x55aa8b99@@YAPEBDV<lambda_579dce4a55783e0389da1ac224b49b61>@@@Z
840 00000000 SECT18D notype       Static      | .pdata
    Section length    C, #relocs    3, #linenums    0, checksum 9047414F, selection    5 (pick associative Section 0x39)
842 00000000 SECT18D notype       Static      | $pdata$??$guarded@PEBDV<lambda_579dce4a55783e0389da1ac224b49b61>@@@?A0x55aa8b99@@YAPEBDV<lambda_579dce4a55783e0389da1ac224b49b61>@@@Z
843 00000000 SECT18E notype       Static      | .rdata
    Section length   28, #relocs    3, #linenums    0, checksum ABF80385, selection    5 (pick associative Section 0x39)
845 00000000 SECT18E notype       Static      | $cppxdata$??$guarded@PEBDV<lambda_579dce4a55783e0389da1ac224b49b61>@@@?A0x55aa8b99@@YAPEBDV<lambda_579dce4a55783e0389da1ac224b49b61>@@@Z
846 00000000 SECT18F notype       Static      | .xdata
    Section length   10, #relocs    0, #linenums    0, checksum 8999943C, selection    5 (pick associative Section 0x39)
848 00000000 SECT18F notype       Static      | $stateUnwindMap$??$guarded@PEBDV<lambda_579dce4a55783e0389da1ac224b49b61>@@@?A0x55aa8b99@@YAPEBDV<lambda_579dce4a55783e0389da1ac224b49b61>@@@Z
849 00000000 SECT190 notype       Static      | .xdata
    Section length   14, #relocs    1, #linenums    0, checksum D9804B12, selection    5 (pick associative Section 0x39)
84B 00000000 SECT190 notype       Static      | $tryMap$??$guarded@PEBDV<lambda_579dce4a55783e0389da1ac224b49b61>@@@?A0x55aa8b99@@YAPEBDV<lambda_579dce4a55783e0389da1ac224b49b61>@@@Z
84C 00000000 SECT191 notype       Static      | .xdata
    Section length   28, #relocs    3, #linenums    0, checksum 5F46379F, selection    5 (pick associative Section 0x39)
84E 00000000 SECT191 notype       Static      | $handlerMap$0$??$guarded@PEBDV<lambda_579dce4a55783e0389da1ac224b49b61>@@@?A0x55aa8b99@@YAPEBDV<lambda_579dce4a55783e0389da1ac224b49b61>@@@Z
84F 00000000 SECT192 notype       Static      | .xdata
    Section length   30, #relocs    6, #linenums    0, checksum F5BFE449, selection    5 (pick associative Section 0x39)
851 00000000 SECT192 notype       Static      | $ip2state$??$guarded@PEBDV<lambda_579dce4a55783e0389da1ac224b49b61>@@@?A0x55aa8b99@@YAPEBDV<lambda_579dce4a55783e0389da1ac224b49b61>@@@Z
852 00000000 SECT193 notype       Static      | .xdata
    Section length   10, #relocs    2, #linenums    0, checksum 5840A276, selection    5 (pick associative Section 0x39)
854 00000000 SECT193 notype       Static      | $unwind$?catch$0@?0???$guarded@PEBDV<lambda_579dce4a55783e0389da1ac224b49b61>@@@?A0x55aa8b99@@YAPEBDV<lambda_579dce4a55783e0389da1ac224b49b61>@@@Z@4HA
855 00000000 SECT194 notype       Static      | .pdata
    Section length    C, #relocs    3, #linenums    0, checksum 8F085A64, selection    5 (pick associative Section 0x39)
857 00000000 SECT194 notype       Static      | $pdata$?catch$0@?0???$guarded@PEBDV<lambda_579dce4a55783e0389da1ac224b49b61>@@@?A0x55aa8b99@@YAPEBDV<lambda_579dce4a55783e0389da1ac224b49b61>@@@Z@4HA
858 00000000 SECT195 notype       Static      | .xdata
    Section length   10, #relocs    2, #linenums    0, checksum 5840A276, selection    5 (pick associative Section 0x39)
85A 00000000 SECT195 notype       Static      | $unwind$?catch$1@?0???$guarded@PEBDV<lambda_579dce4a55783e0389da1ac224b49b61>@@@?A0x55aa8b99@@YAPEBDV<lambda_579dce4a55783e0389da1ac224b49b61>@@@Z@4HA
85B 00000000 SECT196 notype       Static      | .pdata
    Section length    C, #relocs    3, #linenums    0, checksum 62737787, selection    5 (pick associative Section 0x39)
85D 00000000 SECT196 notype       Static      | $pdata$?catch$1@?0???$guarded@PEBDV<lambda_579dce4a55783e0389da1ac224b49b61>@@@?A0x55aa8b99@@YAPEBDV<lambda_579dce4a55783e0389da1ac224b49b61>@@@Z@4HA
85E 00000250 SECTE1 notype       Static       | $unwind$??R<lambda_0e15b34d22146574b8e8b74ac6158a9a>@@QEBAHXZ
85F 000002C4 SECTE2 notype       Static       | $pdata$??R<lambda_0e15b34d22146574b8e8b74ac6158a9a>@@QEBAHXZ
860 00000000 SECT197 notype       Static      | .xdata
    Section length   10, #relocs    2, #linenums    0, checksum 724B6F31, selection    5 (pick associative Section 0x17)
862 00000000 SECT197 notype       Static      | $unwind$??$guarded@HV<lambda_0e15b34d22146574b8e8b74ac6158a9a>@@@?A0x55aa8b99@@YAHV<lambda_0e15b34d22146574b8e8b74ac6158a9a>@@@Z
863 00000000 SECT198 notype       Static      | .pdata
    Section length    C, #relocs    3, #linenums    0, checksum D8A74F2B, selection    5 (pick associative Section 0x17)
865 00000000 SECT198 notype       Static      | $pdata$??$guarded@HV<lambda_0e15b34d22146574b8e8b74ac6158a9a>@@@?A0x55aa8b99@@YAHV<lambda_0e15b34d22146574b8e8b74ac6158a9a>@@@Z
866 00000000 SECT199 notype       Static      | .rdata
    Section length   28, #relocs    3, #linenums    0, checksum ABF80385, selection    5 (pick associative Section 0x17)
868 00000000 SECT199 notype       Static      | $cppxdata$??$guarded@HV<lambda_0e15b34d22146574b8e8b74ac6158a9a>@@@?A0x55aa8b99@@YAHV<lambda_0e15b34d22146574b8e8b74ac6158a9a>@@@Z
869 00000000 SECT19A notype       Static      | .xdata
    Section length   10, #relocs    0, #linenums    0, checksum 8999943C, selection    5 (pick associative Section 0x17)
86B 00000000 SECT19A notype       Static      | $stateUnwindMap$??$guarded@HV<lambda_0e15b34d22146574b8e8b74ac6158a9a>@@@?A0x55aa8b99@@YAHV<lambda_0e15b34d22146574b8e8b74ac6158a9a>@@@Z
86C 00000000 SECT19B notype       Static      | .xdata
    Section length   14, #relocs    1, #linenums    0, checksum D9804B12, selection    5 (pick associative Section 0x17)
86E 00000000 SECT19B notype       Static      | $tryMap$??$guarded@HV<lambda_0e15b34d22146574b8e8b74ac6158a9a>@@@?A0x55aa8b99@@YAHV<lambda_0e15b34d22146574b8e8b74ac6158a9a>@@@Z
86F 00000000 SECT19C notype       Static      | .xdata
    Section length   28, #relocs    3, #linenums    0, checksum 5F46379F, selection    5 (pick associative Section 0x17)
871 00000000 SECT19C notype       Static      | $handlerMap$0$??$guarded@HV<lambda_0e15b34d22146574b8e8b74ac6158a9a>@@@?A0x55aa8b99@@YAHV<lambda_0e15b34d22146574b8e8b74ac6158a9a>@@@Z
872 00000000 SECT19D notype       Static      | .xdata
    Section length   30, #relocs    6, #linenums    0, checksum DF0354C1, selection    5 (pick associative Section 0x17)
874 00000000 SECT19D notype       Static      | $ip2state$??$guarded@HV<lambda_0e15b34d22146574b8e8b74ac6158a9a>@@@?A0x55aa8b99@@YAHV<lambda_0e15b34d22146574b8e8b74ac6158a9a>@@@Z
875 00000000 SECT19E notype       Static      | .xdata
    Section length   10, #relocs    2, #linenums    0, checksum 5840A276, selection    5 (pick associative Section 0x17)
877 00000000 SECT19E notype       Static      | $unwind$?catch$0@?0???$guarded@HV<lambda_0e15b34d22146574b8e8b74ac6158a9a>@@@?A0x55aa8b99@@YAHV<lambda_0e15b34d22146574b8e8b74ac6158a9a>@@@Z@4HA
878 00000000 SECT19F notype       Static      | .pdata
    Section length    C, #relocs    3, #linenums    0, checksum 8F085A64, selection    5 (pick associative Section 0x17)
87A 00000000 SECT19F notype       Static      | $pdata$?catch$0@?0???$guarded@HV<lambda_0e15b34d22146574b8e8b74ac6158a9a>@@@?A0x55aa8b99@@YAHV<lambda_0e15b34d22146574b8e8b74ac6158a9a>@@@Z@4HA
87B 00000000 SECT1A0 notype       Static      | .xdata
    Section length   10, #relocs    2, #linenums    0, checksum 5840A276, selection    5 (pick associative Section 0x17)
87D 00000000 SECT1A0 notype       Static      | $unwind$?catch$1@?0???$guarded@HV<lambda_0e15b34d22146574b8e8b74ac6158a9a>@@@?A0x55aa8b99@@YAHV<lambda_0e15b34d22146574b8e8b74ac6158a9a>@@@Z@4HA
87E 00000000 SECT1A1 notype       Static      | .pdata
    Section length    C, #relocs    3, #linenums    0, checksum 62737787, selection    5 (pick associative Section 0x17)
880 00000000 SECT1A1 notype       Static      | $pdata$?catch$1@?0???$guarded@HV<lambda_0e15b34d22146574b8e8b74ac6158a9a>@@@?A0x55aa8b99@@YAHV<lambda_0e15b34d22146574b8e8b74ac6158a9a>@@@Z@4HA
881 00000258 SECTE1 notype       Static       | $unwind$??R<lambda_8993301c17ec73bbbaa34aada81482ce>@@QEBAXXZ
882 000002D0 SECTE2 notype       Static       | $pdata$??R<lambda_8993301c17ec73bbbaa34aada81482ce>@@QEBAXXZ
883 00000000 SECT1A2 notype       Static      | .xdata
    Section length   10, #relocs    2, #linenums    0, checksum 557ECC96, selection    5 (pick associative Section 0x5F)
885 00000000 SECT1A2 notype       Static      | $unwind$??$guarded@XV<lambda_8993301c17ec73bbbaa34aada81482ce>@@@?A0x55aa8b99@@YAXV<lambda_8993301c17ec73bbbaa34aada81482ce>@@@Z
886 00000000 SECT1A3 notype       Static      | .pdata
    Section length    C, #relocs    3, #linenums    0, checksum  B42549E, selection    5 (pick associative Section 0x5F)
888 00000000 SECT1A3 notype       Static      | $pdata$??$guarded@XV<lambda_8993301c17ec73bbbaa34aada81482ce>@@@?A0x55aa8b99@@YAXV<lambda_8993301c17ec73bbbaa34aada81482ce>@@@Z
889 00000000 SECT1A4 notype       Static      | .rdata
    Section length   28, #relocs    3, #linenums    0, checksum A1EC9887, selection    5 (pick associative Section 0x5F)
88B 00000000 SECT1A4 notype       Static      | $cppxdata$??$guarded@XV<lambda_8993301c17ec73bbbaa34aada81482ce>@@@?A0x55aa8b99@@YAXV<lambda_8993301c17ec73bbbaa34aada81482ce>@@@Z
88C 00000000 SECT1A5 notype       Static      | .xdata
    Section length   10, #relocs    0, #linenums    0, checksum 8999943C, selection    5 (pick associative Section 0x5F)
88E 00000000 SECT1A5 notype       Static      | $stateUnwindMap$??$guarded@XV<lambda_8993301c17ec73bbbaa34aada81482ce>@@@?A0x55aa8b99@@YAXV<lambda_8993301c17ec73bbbaa34aada81482ce>@@@Z
88F 00000000 SECT1A6 notype       Static      | .xdata
    Section length   14, #relocs    1, #linenums    0, checksum D9804B12, selection    5 (pick associative Section 0x5F)
891 00000000 SECT1A6 notype       Static      | $tryMap$??$guarded@XV<lambda_8993301c17ec73bbbaa34aada81482ce>@@@?A0x55aa8b99@@YAXV<lambda_8993301c17ec73bbbaa34aada81482ce>@@@Z
892 00000000 SECT1A7 notype       Static      | .xdata
    Section length   28, #relocs    3, #linenums    0, checksum BC5203CB, selection    5 (pick associative Section 0x5F)
894 00000000 SECT1A7 notype       Static      | $handlerMap$0$??$guarded@XV<lambda_8993301c17ec73bbbaa34aada81482ce>@@@?A0x55aa8b99@@YAXV<lambda_8993301c17ec73bbbaa34aada81482ce>@@@Z
895 00000000 SECT1A8 notype       Static      | .xdata
    Section length   30, #relocs    6, #linenums    0, checksum DF0354C1, selection    5 (pick associative Section 0x5F)
897 00000000 SECT1A8 notype       Static      | $ip2state$??$guarded@XV<lambda_8993301c17ec73bbbaa34aada81482ce>@@@?A0x55aa8b99@@YAXV<lambda_8993301c17ec73bbbaa34aada81482ce>@@@Z
898 00000000 SECT1A9 notype       Static      | .xdata
    Section length   10, #relocs    2, #linenums    0, checksum 5840A276, selection    5 (pick associative Section 0x5F)
89A 00000000 SECT1A9 notype       Static      | $unwind$?catch$0@?0???$guarded@XV<lambda_8993301c17ec73bbbaa34aada81482ce>@@@?A0x55aa8b99@@YAXV<lambda_8993301c17ec73bbbaa34aada81482ce>@@@Z@4HA
89B 00000000 SECT1AA notype       Static      | .pdata
    Section length    C, #relocs    3, #linenums    0, checksum 8F085A64, selection    5 (pick associative Section 0x5F)
89D 00000000 SECT1AA notype       Static      | $pdata$?catch$0@?0???$guarded@XV<lambda_8993301c17ec73bbbaa34aada81482ce>@@@?A0x55aa8b99@@YAXV<lambda_8993301c17ec73bbbaa34aada81482ce>@@@Z@4HA
89E 00000000 SECT1AB notype       Static      | .xdata
    Section length   10, #relocs    2, #linenums    0, checksum 5840A276, selection    5 (pick associative Section 0x5F)
8A0 00000000 SECT1AB notype       Static      | $unwind$?catch$1@?0???$guarded@XV<lambda_8993301c17ec73bbbaa34aada81482ce>@@@?A0x55aa8b99@@YAXV<lambda_8993301c17ec73bbbaa34aada81482ce>@@@Z@4HA
8A1 00000000 SECT1AC notype       Static      | .pdata
    Section length    C, #relocs    3, #linenums    0, checksum 62737787, selection    5 (pick associative Section 0x5F)
8A3 00000000 SECT1AC notype       Static      | $pdata$?catch$1@?0???$guarded@XV<lambda_8993301c17ec73bbbaa34aada81482ce>@@@?A0x55aa8b99@@YAXV<lambda_8993301c17ec73bbbaa34aada81482ce>@@@Z@4HA
8A4 00000260 SECTE1 notype       Static       | $unwind$??R<lambda_3cf31ac7158ad6e069610f2a45149a5f>@@QEBA_JXZ
8A5 000002DC SECTE2 notype       Static       | $pdata$??R<lambda_3cf31ac7158ad6e069610f2a45149a5f>@@QEBA_JXZ
8A6 00000000 SECT1AD notype       Static      | .xdata
    Section length   10, #relocs    2, #linenums    0, checksum 724B6F31, selection    5 (pick associative Section 0x7F)
8A8 00000000 SECT1AD notype       Static      | $unwind$??$guarded@_JV<lambda_3cf31ac7158ad6e069610f2a45149a5f>@@@?A0x55aa8b99@@YA_JV<lambda_3cf31ac7158ad6e069610f2a45149a5f>@@@Z
8A9 00000000 SECT1AE notype       Static      | .pdata
    Section length    C, #relocs    3, #linenums    0, checksum 1EC846AC, selection    5 (pick associative Section 0x7F)
8AB 00000000 SECT1AE notype       Static      | $pdata$??$guarded@_JV<lambda_3cf31ac7158ad6e069610f2a45149a5f>@@@?A0x55aa8b99@@YA_JV<lambda_3cf31ac7158ad6e069610f2a45149a5f>@@@Z
8AC 00000000 SECT1AF notype       Static      | .rdata
    Section length   28, #relocs    3, #linenums    0, checksum ABF80385, selection    5 (pick associative Section 0x7F)
8AE 00000000 SECT1AF notype       Static      | $cppxdata$??$guarded@_JV<lambda_3cf31ac7158ad6e069610f2a45149a5f>@@@?A0x55aa8b99@@YA_JV<lambda_3cf31ac7158ad6e069610f2a45149a5f>@@@Z
8AF 00000000 SECT1B0 notype       Static      | .xdata
    Section length   10, #relocs    0, #linenums    0, checksum 8999943C, selection    5 (pick associative Section 0x7F)
8B1 00000000 SECT1B0 notype       Static      | $stateUnwindMap$??$guarded@_JV<lambda_3cf31ac7158ad6e069610f2a45149a5f>@@@?A0x55aa8b99@@YA_JV<lambda_3cf31ac7158ad6e069610f2a45149a5f>@@@Z
8B2 00000000 SECT1B1 notype       Static      | .xdata
    Section length   14, #relocs    1, #linenums    0, checksum D9804B12, selection    5 (pick associative Section 0x7F)
8B4 00000000 SECT1B1 notype       Static      | $tryMap$??$guarded@_JV<lambda_3cf31ac7158ad6e069610f2a45149a5f>@@@?A0x55aa8b99@@YA_JV<lambda_3cf31ac7158ad6e069610f2a45149a5f>@@@Z
8B5 00000000 SECT1B2 notype       Static      | .xdata
    Section length   28, #relocs    3, #linenums    0, checksum 5F46379F, selection    5 (pick associative Section 0x7F)
8B7 00000000 SECT1B2 notype       Static      | $handlerMap$0$??$guarded@_JV<lambda_3cf31ac7158ad6e069610f2a45149a5f>@@@?A0x55aa8b99@@YA_JV<lambda_3cf31ac7158ad6e069610f2a45149a5f>@@@Z
8B8 00000000 SECT1B3 notype       Static      | .xdata
    Section length   30, #relocs    6, #linenums    0, checksum DF0354C1, selection    5 (pick associative Section 0x7F)
8BA 00000000 SECT1B3 notype       Static      | $ip2state$??$guarded@_JV<lambda_3cf31ac7158ad6e069610f2a45149a5f>@@@?A0x55aa8b99@@YA_JV<lambda_3cf31ac7158ad6e069610f2a45149a5f>@@@Z
8BB 00000000 SECT1B4 notype       Static      | .xdata
    Section length   10, #relocs    2, #linenums    0, checksum 5840A276, selection    5 (pick associative Section 0x7F)
8BD 00000000 SECT1B4 notype       Static      | $unwind$?catch$0@?0???$guarded@_JV<lambda_3cf31ac7158ad6e069610f2a45149a5f>@@@?A0x55aa8b99@@YA_JV<lambda_3cf31ac7158ad6e069610f2a45149a5f>@@@Z@4HA
8BE 00000000 SECT1B5 notype       Static      | .pdata
    Section length    C, #relocs    3, #linenums    0, checksum 8F085A64, selection    5 (pick associative Section 0x7F)
8C0 00000000 SECT1B5 notype       Static      | $pdata$?catch$0@?0???$guarded@_JV<lambda_3cf31ac7158ad6e069610f2a45149a5f>@@@?A0x55aa8b99@@YA_JV<lambda_3cf31ac7158ad6e069610f2a45149a5f>@@@Z@4HA
8C1 00000000 SECT1B6 notype       Static      | .xdata
    Section length   10, #relocs    2, #linenums    0, checksum 5840A276, selection    5 (pick associative Section 0x7F)
8C3 00000000 SECT1B6 notype       Static      | $unwind$?catch$1@?0???$guarded@_JV<lambda_3cf31ac7158ad6e069610f2a45149a5f>@@@?A0x55aa8b99@@YA_JV<lambda_3cf31ac7158ad6e069610f2a45149a5f>@@@Z@4HA
8C4 00000000 SECT1B7 notype       Static      | .pdata
    Section length    C, #relocs    3, #linenums    0, checksum 62737787, selection    5 (pick associative Section 0x7F)
8C6 00000000 SECT1B7 notype       Static      | $pdata$?catch$1@?0???$guarded@_JV<lambda_3cf31ac7158ad6e069610f2a45149a5f>@@@?A0x55aa8b99@@YA_JV<lambda_3cf31ac7158ad6e069610f2a45149a5f>@@@Z@4HA
8C7 00000268 SECTE1 notype       Static       | $unwind$??R<lambda_eac3eea92ac966b5718a803e9e002bfb>@@QEBA_JXZ
8C8 000002E8 SECTE2 notype       Static       | $pdata$??R<lambda_eac3eea92ac966b5718a803e9e002bfb>@@QEBA_JXZ
8C9 00000000 SECT1B8 notype       Static      | .xdata
    Section length   10, #relocs    2, #linenums    0, checksum F8934927, selection    5 (pick associative Section 0x81)
8CB 00000000 SECT1B8 notype       Static      | $unwind$??$guarded@_JV<lambda_eac3eea92ac966b5718a803e9e002bfb>@@@?A0x55aa8b99@@YA_JV<lambda_eac3eea92ac966b5718a803e9e002bfb>@@@Z
8CC 00000000 SECT1B9 notype       Static      | .pdata
    Section length    C, #relocs    3, #linenums    0, checksum 9047414F, selection    5 (pick associative Section 0x81)
8CE 00000000 SECT1B9 notype       Static      | $pdata$??$guarded@_JV<lambda_eac3eea92ac966b5718a803e9e002bfb>@@@?A0x55aa8b99@@YA_JV<lambda_eac3eea92ac966b5718a803e9e002bfb>@@@Z
8CF 00000000 SECT1BA notype       Static      | .rdata
    Section length   28, #relocs    3, #linenums    0, checksum ABF80385, selection    5 (pick associative Section 0x81)
8D1 00000000 SECT1BA notype       Static      | $cppxdata$??$guarded@_JV<lambda_eac3eea92ac966b5718a803e9e002bfb>@@@?A0x55aa8b99@@YA_JV<lambda_eac3eea92ac966b5718a803e9e002bfb>@@@Z
8D2 00000000 SECT1BB notype       Static      | .xdata
    Section length   10, #relocs    0, #linenums    0, checksum 8999943C, selection    5 (pick associative Section 0x81)
8D4 00000000 SECT1BB notype       Static      | $stateUnwindMap$??$guarded@_JV<lambda_eac3eea92ac966b5718a803e9e002bfb>@@@?A0x55aa8b99@@YA_JV<lambda_eac3eea92ac966b5718a803e9e002bfb>@@@Z
8D5 00000000 SECT1BC notype       Static      | .xdata
    Section length   14, #relocs    1, #linenums    0, checksum D9804B12, selection    5 (pick associative Section 0x81)
8D7 00000000 SECT1BC notype       Static      | $tryMap$??$guarded@_JV<lambda_eac3eea92ac966b5718a803e9e002bfb>@@@?A0x55aa8b99@@YA_JV<lambda_eac3eea92ac966b5718a803e9e002bfb>@@@Z
8D8 00000000 SECT1BD notype       Static      | .xdata
    Section length   28, #relocs    3, #linenums    0, checksum 5F46379F, selection    5 (pick associative Section 0x81)
8DA 00000000 SECT1BD notype       Static      | $handlerMap$0$??$guarded@_JV<lambda_eac3eea92ac966b5718a803e9e002bfb>@@@?A0x55aa8b99@@YA_JV<lambda_eac3eea92ac966b5718a803e9e002bfb>@@@Z
8DB 00000000 SECT1BE notype       Static      | .xdata
    Section length   30, #relocs    6, #linenums    0, checksum F5BFE449, selection    5 (pick associative Section 0x81)
8DD 00000000 SECT1BE notype       Static      | $ip2state$??$guarded@_JV<lambda_eac3eea92ac966b5718a803e9e002bfb>@@@?A0x55aa8b99@@YA_JV<lambda_eac3eea92ac966b5718a803e9e002bfb>@@@Z
8DE 00000000 SECT1BF notype       Static      | .xdata
    Section length   10, #relocs    2, #linenums    0, checksum 5840A276, selection    5 (pick associative Section 0x81)
8E0 00000000 SECT1BF notype       Static      | $unwind$?catch$0@?0???$guarded@_JV<lambda_eac3eea92ac966b5718a803e9e002bfb>@@@?A0x55aa8b99@@YA_JV<lambda_eac3eea92ac966b5718a803e9e002bfb>@@@Z@4HA
8E1 00000000 SECT1C0 notype       Static      | .pdata
    Section length    C, #relocs    3, #linenums    0, checksum 8F085A64, selection    5 (pick associative Section 0x81)
8E3 00000000 SECT1C0 notype       Static      | $pdata$?catch$0@?0???$guarded@_JV<lambda_eac3eea92ac966b5718a803e9e002bfb>@@@?A0x55aa8b99@@YA_JV<lambda_eac3eea92ac966b5718a803e9e002bfb>@@@Z@4HA
8E4 00000000 SECT1C1 notype       Static      | .xdata
    Section length   10, #relocs    2, #linenums    0, checksum 5840A276, selection    5 (pick associative Section 0x81)
8E6 00000000 SECT1C1 notype       Static      | $unwind$?catch$1@?0???$guarded@_JV<lambda_eac3eea92ac966b5718a803e9e002bfb>@@@?A0x55aa8b99@@YA_JV<lambda_eac3eea92ac966b5718a803e9e002bfb>@@@Z@4HA
8E7 00000000 SECT1C2 notype       Static      | .pdata
    Section length    C, #relocs    3, #linenums    0, checksum 62737787, selection    5 (pick associative Section 0x81)
8E9 00000000 SECT1C2 notype       Static      | $pdata$?catch$1@?0???$guarded@_JV<lambda_eac3eea92ac966b5718a803e9e002bfb>@@@?A0x55aa8b99@@YA_JV<lambda_eac3eea92ac966b5718a803e9e002bfb>@@@Z@4HA
8EA 00000270 SECTE1 notype       Static       | $unwind$??R<lambda_d8249463d5db3cdd434b3528fe1d480f>@@QEBAPEAU_DIG_DRIVER@@XZ
8EB 000002F4 SECTE2 notype       Static       | $pdata$??R<lambda_d8249463d5db3cdd434b3528fe1d480f>@@QEBAPEAU_DIG_DRIVER@@XZ
8EC 00000000 SECT1C3 notype       Static      | .xdata
    Section length   10, #relocs    2, #linenums    0, checksum F8934927, selection    5 (pick associative Section 0x2F)
8EE 00000000 SECT1C3 notype       Static      | $unwind$??$guarded@PEAU_DIG_DRIVER@@V<lambda_d8249463d5db3cdd434b3528fe1d480f>@@@?A0x55aa8b99@@YAPEAU_DIG_DRIVER@@V<lambda_d8249463d5db3cdd434b3528fe1d480f>@@@Z
8EF 00000000 SECT1C4 notype       Static      | .pdata
    Section length    C, #relocs    3, #linenums    0, checksum 9047414F, selection    5 (pick associative Section 0x2F)
8F1 00000000 SECT1C4 notype       Static      | $pdata$??$guarded@PEAU_DIG_DRIVER@@V<lambda_d8249463d5db3cdd434b3528fe1d480f>@@@?A0x55aa8b99@@YAPEAU_DIG_DRIVER@@V<lambda_d8249463d5db3cdd434b3528fe1d480f>@@@Z
8F2 00000000 SECT1C5 notype       Static      | .rdata
    Section length   28, #relocs    3, #linenums    0, checksum ABF80385, selection    5 (pick associative Section 0x2F)
8F4 00000000 SECT1C5 notype       Static      | $cppxdata$??$guarded@PEAU_DIG_DRIVER@@V<lambda_d8249463d5db3cdd434b3528fe1d480f>@@@?A0x55aa8b99@@YAPEAU_DIG_DRIVER@@V<lambda_d8249463d5db3cdd434b3528fe1d480f>@@@Z
8F5 00000000 SECT1C6 notype       Static      | .xdata
    Section length   10, #relocs    0, #linenums    0, checksum 8999943C, selection    5 (pick associative Section 0x2F)
8F7 00000000 SECT1C6 notype       Static      | $stateUnwindMap$??$guarded@PEAU_DIG_DRIVER@@V<lambda_d8249463d5db3cdd434b3528fe1d480f>@@@?A0x55aa8b99@@YAPEAU_DIG_DRIVER@@V<lambda_d8249463d5db3cdd434b3528fe1d480f>@@@Z
8F8 00000000 SECT1C7 notype       Static      | .xdata
    Section length   14, #relocs    1, #linenums    0, checksum D9804B12, selection    5 (pick associative Section 0x2F)
8FA 00000000 SECT1C7 notype       Static      | $tryMap$??$guarded@PEAU_DIG_DRIVER@@V<lambda_d8249463d5db3cdd434b3528fe1d480f>@@@?A0x55aa8b99@@YAPEAU_DIG_DRIVER@@V<lambda_d8249463d5db3cdd434b3528fe1d480f>@@@Z
8FB 00000000 SECT1C8 notype       Static      | .xdata
    Section length   28, #relocs    3, #linenums    0, checksum 5F46379F, selection    5 (pick associative Section 0x2F)
8FD 00000000 SECT1C8 notype       Static      | $handlerMap$0$??$guarded@PEAU_DIG_DRIVER@@V<lambda_d8249463d5db3cdd434b3528fe1d480f>@@@?A0x55aa8b99@@YAPEAU_DIG_DRIVER@@V<lambda_d8249463d5db3cdd434b3528fe1d480f>@@@Z
8FE 00000000 SECT1C9 notype       Static      | .xdata
    Section length   30, #relocs    6, #linenums    0, checksum F5BFE449, selection    5 (pick associative Section 0x2F)
900 00000000 SECT1C9 notype       Static      | $ip2state$??$guarded@PEAU_DIG_DRIVER@@V<lambda_d8249463d5db3cdd434b3528fe1d480f>@@@?A0x55aa8b99@@YAPEAU_DIG_DRIVER@@V<lambda_d8249463d5db3cdd434b3528fe1d480f>@@@Z
901 00000000 SECT1CA notype       Static      | .xdata
    Section length   10, #relocs    2, #linenums    0, checksum 5840A276, selection    5 (pick associative Section 0x2F)
903 00000000 SECT1CA notype       Static      | $unwind$?catch$0@?0???$guarded@PEAU_DIG_DRIVER@@V<lambda_d8249463d5db3cdd434b3528fe1d480f>@@@?A0x55aa8b99@@YAPEAU_DIG_DRIVER@@V<lambda_d8249463d5db3cdd434b3528fe1d480f>@@@Z@4HA
904 00000000 SECT1CB notype       Static      | .pdata
    Section length    C, #relocs    3, #linenums    0, checksum 8F085A64, selection    5 (pick associative Section 0x2F)
906 00000000 SECT1CB notype       Static      | $pdata$?catch$0@?0???$guarded@PEAU_DIG_DRIVER@@V<lambda_d8249463d5db3cdd434b3528fe1d480f>@@@?A0x55aa8b99@@YAPEAU_DIG_DRIVER@@V<lambda_d8249463d5db3cdd434b3528fe1d480f>@@@Z@4HA
907 00000000 SECT1CC notype       Static      | .xdata
    Section length   10, #relocs    2, #linenums    0, checksum 5840A276, selection    5 (pick associative Section 0x2F)
909 00000000 SECT1CC notype       Static      | $unwind$?catch$1@?0???$guarded@PEAU_DIG_DRIVER@@V<lambda_d8249463d5db3cdd434b3528fe1d480f>@@@?A0x55aa8b99@@YAPEAU_DIG_DRIVER@@V<lambda_d8249463d5db3cdd434b3528fe1d480f>@@@Z@4HA
90A 00000000 SECT1CD notype       Static      | .pdata
    Section length    C, #relocs    3, #linenums    0, checksum 62737787, selection    5 (pick associative Section 0x2F)
90C 00000000 SECT1CD notype       Static      | $pdata$?catch$1@?0???$guarded@PEAU_DIG_DRIVER@@V<lambda_d8249463d5db3cdd434b3528fe1d480f>@@@?A0x55aa8b99@@YAPEAU_DIG_DRIVER@@V<lambda_d8249463d5db3cdd434b3528fe1d480f>@@@Z@4HA
90D 00000278 SECTE1 notype       Static       | $unwind$??R<lambda_52817f306e40ab65a53c457dc96aaf06>@@QEBAHXZ
90E 00000300 SECTE2 notype       Static       | $pdata$??R<lambda_52817f306e40ab65a53c457dc96aaf06>@@QEBAHXZ
90F 00000000 SECT1CE notype       Static      | .xdata
    Section length   10, #relocs    2, #linenums    0, checksum F8934927, selection    5 (pick associative Section 0x1D)
911 00000000 SECT1CE notype       Static      | $unwind$??$guarded@HV<lambda_52817f306e40ab65a53c457dc96aaf06>@@@?A0x55aa8b99@@YAHV<lambda_52817f306e40ab65a53c457dc96aaf06>@@@Z
912 00000000 SECT1CF notype       Static      | .pdata
    Section length    C, #relocs    3, #linenums    0, checksum D2624632, selection    5 (pick associative Section 0x1D)
914 00000000 SECT1CF notype       Static      | $pdata$??$guarded@HV<lambda_52817f306e40ab65a53c457dc96aaf06>@@@?A0x55aa8b99@@YAHV<lambda_52817f306e40ab65a53c457dc96aaf06>@@@Z
915 00000000 SECT1D0 notype       Static      | .rdata
    Section length   28, #relocs    3, #linenums    0, checksum ABF80385, selection    5 (pick associative Section 0x1D)
917 00000000 SECT1D0 notype       Static      | $cppxdata$??$guarded@HV<lambda_52817f306e40ab65a53c457dc96aaf06>@@@?A0x55aa8b99@@YAHV<lambda_52817f306e40ab65a53c457dc96aaf06>@@@Z
918 00000000 SECT1D1 notype       Static      | .xdata
    Section length   10, #relocs    0, #linenums    0, checksum 8999943C, selection    5 (pick associative Section 0x1D)
91A 00000000 SECT1D1 notype       Static      | $stateUnwindMap$??$guarded@HV<lambda_52817f306e40ab65a53c457dc96aaf06>@@@?A0x55aa8b99@@YAHV<lambda_52817f306e40ab65a53c457dc96aaf06>@@@Z
91B 00000000 SECT1D2 notype       Static      | .xdata
    Section length   14, #relocs    1, #linenums    0, checksum D9804B12, selection    5 (pick associative Section 0x1D)
91D 00000000 SECT1D2 notype       Static      | $tryMap$??$guarded@HV<lambda_52817f306e40ab65a53c457dc96aaf06>@@@?A0x55aa8b99@@YAHV<lambda_52817f306e40ab65a53c457dc96aaf06>@@@Z
91E 00000000 SECT1D3 notype       Static      | .xdata
    Section length   28, #relocs    3, #linenums    0, checksum 5F46379F, selection    5 (pick associative Section 0x1D)
920 00000000 SECT1D3 notype       Static      | $handlerMap$0$??$guarded@HV<lambda_52817f306e40ab65a53c457dc96aaf06>@@@?A0x55aa8b99@@YAHV<lambda_52817f306e40ab65a53c457dc96aaf06>@@@Z
921 00000000 SECT1D4 notype       Static      | .xdata
    Section length   30, #relocs    6, #linenums    0, checksum F5BFE449, selection    5 (pick associative Section 0x1D)
923 00000000 SECT1D4 notype       Static      | $ip2state$??$guarded@HV<lambda_52817f306e40ab65a53c457dc96aaf06>@@@?A0x55aa8b99@@YAHV<lambda_52817f306e40ab65a53c457dc96aaf06>@@@Z
924 00000000 SECT1D5 notype       Static      | .xdata
    Section length   10, #relocs    2, #linenums    0, checksum 5840A276, selection    5 (pick associative Section 0x1D)
926 00000000 SECT1D5 notype       Static      | $unwind$?catch$0@?0???$guarded@HV<lambda_52817f306e40ab65a53c457dc96aaf06>@@@?A0x55aa8b99@@YAHV<lambda_52817f306e40ab65a53c457dc96aaf06>@@@Z@4HA
927 00000000 SECT1D6 notype       Static      | .pdata
    Section length    C, #relocs    3, #linenums    0, checksum 8F085A64, selection    5 (pick associative Section 0x1D)
929 00000000 SECT1D6 notype       Static      | $pdata$?catch$0@?0???$guarded@HV<lambda_52817f306e40ab65a53c457dc96aaf06>@@@?A0x55aa8b99@@YAHV<lambda_52817f306e40ab65a53c457dc96aaf06>@@@Z@4HA
92A 00000000 SECT1D7 notype       Static      | .xdata
    Section length   10, #relocs    2, #linenums    0, checksum 5840A276, selection    5 (pick associative Section 0x1D)
92C 00000000 SECT1D7 notype       Static      | $unwind$?catch$1@?0???$guarded@HV<lambda_52817f306e40ab65a53c457dc96aaf06>@@@?A0x55aa8b99@@YAHV<lambda_52817f306e40ab65a53c457dc96aaf06>@@@Z@4HA
92D 00000000 SECT1D8 notype       Static      | .pdata
    Section length    C, #relocs    3, #linenums    0, checksum 62737787, selection    5 (pick associative Section 0x1D)
92F 00000000 SECT1D8 notype       Static      | $pdata$?catch$1@?0???$guarded@HV<lambda_52817f306e40ab65a53c457dc96aaf06>@@@?A0x55aa8b99@@YAHV<lambda_52817f306e40ab65a53c457dc96aaf06>@@@Z@4HA
930 00000280 SECTE1 notype       Static       | $unwind$??R<lambda_2d7bbb27e998ce5ba9db3cec95718faa>@@QEBAXXZ
931 0000030C SECTE2 notype       Static       | $pdata$??R<lambda_2d7bbb27e998ce5ba9db3cec95718faa>@@QEBAXXZ
932 00000000 SECT1D9 notype       Static      | .xdata
    Section length   10, #relocs    2, #linenums    0, checksum DFA6EA80, selection    5 (pick associative Section 0x45)
934 00000000 SECT1D9 notype       Static      | $unwind$??$guarded@XV<lambda_2d7bbb27e998ce5ba9db3cec95718faa>@@@?A0x55aa8b99@@YAXV<lambda_2d7bbb27e998ce5ba9db3cec95718faa>@@@Z
935 00000000 SECT1DA notype       Static      | .pdata
    Section length    C, #relocs    3, #linenums    0, checksum  1875D87, selection    5 (pick associative Section 0x45)
937 00000000 SECT1DA notype       Static      | $pdata$??$guarded@XV<lambda_2d7bbb27e998ce5ba9db3cec95718faa>@@@?A0x55aa8b99@@YAXV<lambda_2d7bbb27e998ce5ba9db3cec95718faa>@@@Z
938 00000000 SECT1DB notype       Static      | .rdata
    Section length   28, #relocs    3, #linenums    0, checksum A1EC9887, selection    5 (pick associative Section 0x45)
93A 00000000 SECT1DB notype       Static      | $cppxdata$??$guarded@XV<lambda_2d7bbb27e998ce5ba9db3cec95718faa>@@@?A0x55aa8b99@@YAXV<lambda_2d7bbb27e998ce5ba9db3cec95718faa>@@@Z
93B 00000000 SECT1DC notype       Static      | .xdata
    Section length   10, #relocs    0, #linenums    0, checksum 8999943C, selection    5 (pick associative Section 0x45)
93D 00000000 SECT1DC notype       Static      | $stateUnwindMap$??$guarded@XV<lambda_2d7bbb27e998ce5ba9db3cec95718faa>@@@?A0x55aa8b99@@YAXV<lambda_2d7bbb27e998ce5ba9db3cec95718faa>@@@Z
93E 00000000 SECT1DD notype       Static      | .xdata
    Section length   14, #relocs    1, #linenums    0, checksum D9804B12, selection    5 (pick associative Section 0x45)
940 00000000 SECT1DD notype       Static      | $tryMap$??$guarded@XV<lambda_2d7bbb27e998ce5ba9db3cec95718faa>@@@?A0x55aa8b99@@YAXV<lambda_2d7bbb27e998ce5ba9db3cec95718faa>@@@Z
941 00000000 SECT1DE notype       Static      | .xdata
    Section length   28, #relocs    3, #linenums    0, checksum BC5203CB, selection    5 (pick associative Section 0x45)
943 00000000 SECT1DE notype       Static      | $handlerMap$0$??$guarded@XV<lambda_2d7bbb27e998ce5ba9db3cec95718faa>@@@?A0x55aa8b99@@YAXV<lambda_2d7bbb27e998ce5ba9db3cec95718faa>@@@Z
944 00000000 SECT1DF notype       Static      | .xdata
    Section length   30, #relocs    6, #linenums    0, checksum F5BFE449, selection    5 (pick associative Section 0x45)
946 00000000 SECT1DF notype       Static      | $ip2state$??$guarded@XV<lambda_2d7bbb27e998ce5ba9db3cec95718faa>@@@?A0x55aa8b99@@YAXV<lambda_2d7bbb27e998ce5ba9db3cec95718faa>@@@Z
947 00000000 SECT1E0 notype       Static      | .xdata
    Section length   10, #relocs    2, #linenums    0, checksum 5840A276, selection    5 (pick associative Section 0x45)
949 00000000 SECT1E0 notype       Static      | $unwind$?catch$0@?0???$guarded@XV<lambda_2d7bbb27e998ce5ba9db3cec95718faa>@@@?A0x55aa8b99@@YAXV<lambda_2d7bbb27e998ce5ba9db3cec95718faa>@@@Z@4HA
94A 00000000 SECT1E1 notype       Static      | .pdata
    Section length    C, #relocs    3, #linenums    0, checksum 8F085A64, selection    5 (pick associative Section 0x45)
94C 00000000 SECT1E1 notype       Static      | $pdata$?catch$0@?0???$guarded@XV<lambda_2d7bbb27e998ce5ba9db3cec95718faa>@@@?A0x55aa8b99@@YAXV<lambda_2d7bbb27e998ce5ba9db3cec95718faa>@@@Z@4HA
94D 00000000 SECT1E2 notype       Static      | .xdata
    Section length   10, #relocs    2, #linenums    0, checksum 5840A276, selection    5 (pick associative Section 0x45)
94F 00000000 SECT1E2 notype       Static      | $unwind$?catch$1@?0???$guarded@XV<lambda_2d7bbb27e998ce5ba9db3cec95718faa>@@@?A0x55aa8b99@@YAXV<lambda_2d7bbb27e998ce5ba9db3cec95718faa>@@@Z@4HA
950 00000000 SECT1E3 notype       Static      | .pdata
    Section length    C, #relocs    3, #linenums    0, checksum 62737787, selection    5 (pick associative Section 0x45)
952 00000000 SECT1E3 notype       Static      | $pdata$?catch$1@?0???$guarded@XV<lambda_2d7bbb27e998ce5ba9db3cec95718faa>@@@?A0x55aa8b99@@YAXV<lambda_2d7bbb27e998ce5ba9db3cec95718faa>@@@Z@4HA
953 00000288 SECTE1 notype       Static       | $unwind$??R<lambda_f0e7c54bb1a09da00d26e672a71d86a4>@@QEBAXXZ
954 00000318 SECTE2 notype       Static       | $pdata$??R<lambda_f0e7c54bb1a09da00d26e672a71d86a4>@@QEBAXXZ
955 00000000 SECT1E4 notype       Static      | .xdata
    Section length   10, #relocs    2, #linenums    0, checksum DFA6EA80, selection    5 (pick associative Section 0x7D)
957 00000000 SECT1E4 notype       Static      | $unwind$??$guarded@XV<lambda_f0e7c54bb1a09da00d26e672a71d86a4>@@@?A0x55aa8b99@@YAXV<lambda_f0e7c54bb1a09da00d26e672a71d86a4>@@@Z
958 00000000 SECT1E5 notype       Static      | .pdata
    Section length    C, #relocs    3, #linenums    0, checksum  1875D87, selection    5 (pick associative Section 0x7D)
95A 00000000 SECT1E5 notype       Static      | $pdata$??$guarded@XV<lambda_f0e7c54bb1a09da00d26e672a71d86a4>@@@?A0x55aa8b99@@YAXV<lambda_f0e7c54bb1a09da00d26e672a71d86a4>@@@Z
95B 00000000 SECT1E6 notype       Static      | .rdata
    Section length   28, #relocs    3, #linenums    0, checksum A1EC9887, selection    5 (pick associative Section 0x7D)
95D 00000000 SECT1E6 notype       Static      | $cppxdata$??$guarded@XV<lambda_f0e7c54bb1a09da00d26e672a71d86a4>@@@?A0x55aa8b99@@YAXV<lambda_f0e7c54bb1a09da00d26e672a71d86a4>@@@Z
95E 00000000 SECT1E7 notype       Static      | .xdata
    Section length   10, #relocs    0, #linenums    0, checksum 8999943C, selection    5 (pick associative Section 0x7D)
960 00000000 SECT1E7 notype       Static      | $stateUnwindMap$??$guarded@XV<lambda_f0e7c54bb1a09da00d26e672a71d86a4>@@@?A0x55aa8b99@@YAXV<lambda_f0e7c54bb1a09da00d26e672a71d86a4>@@@Z
961 00000000 SECT1E8 notype       Static      | .xdata
    Section length   14, #relocs    1, #linenums    0, checksum D9804B12, selection    5 (pick associative Section 0x7D)
963 00000000 SECT1E8 notype       Static      | $tryMap$??$guarded@XV<lambda_f0e7c54bb1a09da00d26e672a71d86a4>@@@?A0x55aa8b99@@YAXV<lambda_f0e7c54bb1a09da00d26e672a71d86a4>@@@Z
964 00000000 SECT1E9 notype       Static      | .xdata
    Section length   28, #relocs    3, #linenums    0, checksum BC5203CB, selection    5 (pick associative Section 0x7D)
966 00000000 SECT1E9 notype       Static      | $handlerMap$0$??$guarded@XV<lambda_f0e7c54bb1a09da00d26e672a71d86a4>@@@?A0x55aa8b99@@YAXV<lambda_f0e7c54bb1a09da00d26e672a71d86a4>@@@Z
967 00000000 SECT1EA notype       Static      | .xdata
    Section length   30, #relocs    6, #linenums    0, checksum F5BFE449, selection    5 (pick associative Section 0x7D)
969 00000000 SECT1EA notype       Static      | $ip2state$??$guarded@XV<lambda_f0e7c54bb1a09da00d26e672a71d86a4>@@@?A0x55aa8b99@@YAXV<lambda_f0e7c54bb1a09da00d26e672a71d86a4>@@@Z
96A 00000000 SECT1EB notype       Static      | .xdata
    Section length   10, #relocs    2, #linenums    0, checksum 5840A276, selection    5 (pick associative Section 0x7D)
96C 00000000 SECT1EB notype       Static      | $unwind$?catch$0@?0???$guarded@XV<lambda_f0e7c54bb1a09da00d26e672a71d86a4>@@@?A0x55aa8b99@@YAXV<lambda_f0e7c54bb1a09da00d26e672a71d86a4>@@@Z@4HA
96D 00000000 SECT1EC notype       Static      | .pdata
    Section length    C, #relocs    3, #linenums    0, checksum 8F085A64, selection    5 (pick associative Section 0x7D)
96F 00000000 SECT1EC notype       Static      | $pdata$?catch$0@?0???$guarded@XV<lambda_f0e7c54bb1a09da00d26e672a71d86a4>@@@?A0x55aa8b99@@YAXV<lambda_f0e7c54bb1a09da00d26e672a71d86a4>@@@Z@4HA
970 00000000 SECT1ED notype       Static      | .xdata
    Section length   10, #relocs    2, #linenums    0, checksum 5840A276, selection    5 (pick associative Section 0x7D)
972 00000000 SECT1ED notype       Static      | $unwind$?catch$1@?0???$guarded@XV<lambda_f0e7c54bb1a09da00d26e672a71d86a4>@@@?A0x55aa8b99@@YAXV<lambda_f0e7c54bb1a09da00d26e672a71d86a4>@@@Z@4HA
973 00000000 SECT1EE notype       Static      | .pdata
    Section length    C, #relocs    3, #linenums    0, checksum 62737787, selection    5 (pick associative Section 0x7D)
975 00000000 SECT1EE notype       Static      | $pdata$?catch$1@?0???$guarded@XV<lambda_f0e7c54bb1a09da00d26e672a71d86a4>@@@?A0x55aa8b99@@YAXV<lambda_f0e7c54bb1a09da00d26e672a71d86a4>@@@Z@4HA
976 00000290 SECTE1 notype       Static       | $unwind$??R<lambda_94fde4d96f7282a2761016be8e904b3b>@@QEBAXXZ
977 00000324 SECTE2 notype       Static       | $pdata$??R<lambda_94fde4d96f7282a2761016be8e904b3b>@@QEBAXXZ
978 00000000 SECT1EF notype       Static      | .xdata
    Section length   10, #relocs    2, #linenums    0, checksum DFA6EA80, selection    5 (pick associative Section 0x61)
97A 00000000 SECT1EF notype       Static      | $unwind$??$guarded@XV<lambda_94fde4d96f7282a2761016be8e904b3b>@@@?A0x55aa8b99@@YAXV<lambda_94fde4d96f7282a2761016be8e904b3b>@@@Z
97B 00000000 SECT1F0 notype       Static      | .pdata
    Section length    C, #relocs    3, #linenums    0, checksum  1875D87, selection    5 (pick associative Section 0x61)
97D 00000000 SECT1F0 notype       Static      | $pdata$??$guarded@XV<lambda_94fde4d96f7282a2761016be8e904b3b>@@@?A0x55aa8b99@@YAXV<lambda_94fde4d96f7282a2761016be8e904b3b>@@@Z
97E 00000000 SECT1F1 notype       Static      | .rdata
    Section length   28, #relocs    3, #linenums    0, checksum A1EC9887, selection    5 (pick associative Section 0x61)
980 00000000 SECT1F1 notype       Static      | $cppxdata$??$guarded@XV<lambda_94fde4d96f7282a2761016be8e904b3b>@@@?A0x55aa8b99@@YAXV<lambda_94fde4d96f7282a2761016be8e904b3b>@@@Z
981 00000000 SECT1F2 notype       Static      | .xdata
    Section length   10, #relocs    0, #linenums    0, checksum 8999943C, selection    5 (pick associative Section 0x61)
983 00000000 SECT1F2 notype       Static      | $stateUnwindMap$??$guarded@XV<lambda_94fde4d96f7282a2761016be8e904b3b>@@@?A0x55aa8b99@@YAXV<lambda_94fde4d96f7282a2761016be8e904b3b>@@@Z
984 00000000 SECT1F3 notype       Static      | .xdata
    Section length   14, #relocs    1, #linenums    0, checksum D9804B12, selection    5 (pick associative Section 0x61)
986 00000000 SECT1F3 notype       Static      | $tryMap$??$guarded@XV<lambda_94fde4d96f7282a2761016be8e904b3b>@@@?A0x55aa8b99@@YAXV<lambda_94fde4d96f7282a2761016be8e904b3b>@@@Z
987 00000000 SECT1F4 notype       Static      | .xdata
    Section length   28, #relocs    3, #linenums    0, checksum BC5203CB, selection    5 (pick associative Section 0x61)
989 00000000 SECT1F4 notype       Static      | $handlerMap$0$??$guarded@XV<lambda_94fde4d96f7282a2761016be8e904b3b>@@@?A0x55aa8b99@@YAXV<lambda_94fde4d96f7282a2761016be8e904b3b>@@@Z
98A 00000000 SECT1F5 notype       Static      | .xdata
    Section length   30, #relocs    6, #linenums    0, checksum F5BFE449, selection    5 (pick associative Section 0x61)
98C 00000000 SECT1F5 notype       Static      | $ip2state$??$guarded@XV<lambda_94fde4d96f7282a2761016be8e904b3b>@@@?A0x55aa8b99@@YAXV<lambda_94fde4d96f7282a2761016be8e904b3b>@@@Z
98D 00000000 SECT1F6 notype       Static      | .xdata
    Section length   10, #relocs    2, #linenums    0, checksum 5840A276, selection    5 (pick associative Section 0x61)
98F 00000000 SECT1F6 notype       Static      | $unwind$?catch$0@?0???$guarded@XV<lambda_94fde4d96f7282a2761016be8e904b3b>@@@?A0x55aa8b99@@YAXV<lambda_94fde4d96f7282a2761016be8e904b3b>@@@Z@4HA
990 00000000 SECT1F7 notype       Static      | .pdata
    Section length    C, #relocs    3, #linenums    0, checksum 8F085A64, selection    5 (pick associative Section 0x61)
992 00000000 SECT1F7 notype       Static      | $pdata$?catch$0@?0???$guarded@XV<lambda_94fde4d96f7282a2761016be8e904b3b>@@@?A0x55aa8b99@@YAXV<lambda_94fde4d96f7282a2761016be8e904b3b>@@@Z@4HA
993 00000000 SECT1F8 notype       Static      | .xdata
    Section length   10, #relocs    2, #linenums    0, checksum 5840A276, selection    5 (pick associative Section 0x61)
995 00000000 SECT1F8 notype       Static      | $unwind$?catch$1@?0???$guarded@XV<lambda_94fde4d96f7282a2761016be8e904b3b>@@@?A0x55aa8b99@@YAXV<lambda_94fde4d96f7282a2761016be8e904b3b>@@@Z@4HA
996 00000000 SECT1F9 notype       Static      | .pdata
    Section length    C, #relocs    3, #linenums    0, checksum 62737787, selection    5 (pick associative Section 0x61)
998 00000000 SECT1F9 notype       Static      | $pdata$?catch$1@?0???$guarded@XV<lambda_94fde4d96f7282a2761016be8e904b3b>@@@?A0x55aa8b99@@YAXV<lambda_94fde4d96f7282a2761016be8e904b3b>@@@Z@4HA
999 00000298 SECTE1 notype       Static       | $unwind$??R<lambda_81c4734e752f86302aae654577f404a7>@@QEBAXXZ
99A 00000330 SECTE2 notype       Static       | $pdata$??R<lambda_81c4734e752f86302aae654577f404a7>@@QEBAXXZ
99B 00000000 SECT1FA notype       Static      | .xdata
    Section length   10, #relocs    2, #linenums    0, checksum DFA6EA80, selection    5 (pick associative Section 0x5D)
99D 00000000 SECT1FA notype       Static      | $unwind$??$guarded@XV<lambda_81c4734e752f86302aae654577f404a7>@@@?A0x55aa8b99@@YAXV<lambda_81c4734e752f86302aae654577f404a7>@@@Z
99E 00000000 SECT1FB notype       Static      | .pdata
    Section length    C, #relocs    3, #linenums    0, checksum  1875D87, selection    5 (pick associative Section 0x5D)
9A0 00000000 SECT1FB notype       Static      | $pdata$??$guarded@XV<lambda_81c4734e752f86302aae654577f404a7>@@@?A0x55aa8b99@@YAXV<lambda_81c4734e752f86302aae654577f404a7>@@@Z
9A1 00000000 SECT1FC notype       Static      | .rdata
    Section length   28, #relocs    3, #linenums    0, checksum A1EC9887, selection    5 (pick associative Section 0x5D)
9A3 00000000 SECT1FC notype       Static      | $cppxdata$??$guarded@XV<lambda_81c4734e752f86302aae654577f404a7>@@@?A0x55aa8b99@@YAXV<lambda_81c4734e752f86302aae654577f404a7>@@@Z
9A4 00000000 SECT1FD notype       Static      | .xdata
    Section length   10, #relocs    0, #linenums    0, checksum 8999943C, selection    5 (pick associative Section 0x5D)
9A6 00000000 SECT1FD notype       Static      | $stateUnwindMap$??$guarded@XV<lambda_81c4734e752f86302aae654577f404a7>@@@?A0x55aa8b99@@YAXV<lambda_81c4734e752f86302aae654577f404a7>@@@Z
9A7 00000000 SECT1FE notype       Static      | .xdata
    Section length   14, #relocs    1, #linenums    0, checksum D9804B12, selection    5 (pick associative Section 0x5D)
9A9 00000000 SECT1FE notype       Static      | $tryMap$??$guarded@XV<lambda_81c4734e752f86302aae654577f404a7>@@@?A0x55aa8b99@@YAXV<lambda_81c4734e752f86302aae654577f404a7>@@@Z
9AA 00000000 SECT1FF notype       Static      | .xdata
    Section length   28, #relocs    3, #linenums    0, checksum BC5203CB, selection    5 (pick associative Section 0x5D)
9AC 00000000 SECT1FF notype       Static      | $handlerMap$0$??$guarded@XV<lambda_81c4734e752f86302aae654577f404a7>@@@?A0x55aa8b99@@YAXV<lambda_81c4734e752f86302aae654577f404a7>@@@Z
9AD 00000000 SECT200 notype       Static      | .xdata
    Section length   30, #relocs    6, #linenums    0, checksum F5BFE449, selection    5 (pick associative Section 0x5D)
9AF 00000000 SECT200 notype       Static      | $ip2state$??$guarded@XV<lambda_81c4734e752f86302aae654577f404a7>@@@?A0x55aa8b99@@YAXV<lambda_81c4734e752f86302aae654577f404a7>@@@Z
9B0 00000000 SECT201 notype       Static      | .xdata
    Section length   10, #relocs    2, #linenums    0, checksum 5840A276, selection    5 (pick associative Section 0x5D)
9B2 00000000 SECT201 notype       Static      | $unwind$?catch$0@?0???$guarded@XV<lambda_81c4734e752f86302aae654577f404a7>@@@?A0x55aa8b99@@YAXV<lambda_81c4734e752f86302aae654577f404a7>@@@Z@4HA
9B3 00000000 SECT202 notype       Static      | .pdata
    Section length    C, #relocs    3, #linenums    0, checksum 8F085A64, selection    5 (pick associative Section 0x5D)
9B5 00000000 SECT202 notype       Static      | $pdata$?catch$0@?0???$guarded@XV<lambda_81c4734e752f86302aae654577f404a7>@@@?A0x55aa8b99@@YAXV<lambda_81c4734e752f86302aae654577f404a7>@@@Z@4HA
9B6 00000000 SECT203 notype       Static      | .xdata
    Section length   10, #relocs    2, #linenums    0, checksum 5840A276, selection    5 (pick associative Section 0x5D)
9B8 00000000 SECT203 notype       Static      | $unwind$?catch$1@?0???$guarded@XV<lambda_81c4734e752f86302aae654577f404a7>@@@?A0x55aa8b99@@YAXV<lambda_81c4734e752f86302aae654577f404a7>@@@Z@4HA
9B9 00000000 SECT204 notype       Static      | .pdata
    Section length    C, #relocs    3, #linenums    0, checksum 62737787, selection    5 (pick associative Section 0x5D)
9BB 00000000 SECT204 notype       Static      | $pdata$?catch$1@?0???$guarded@XV<lambda_81c4734e752f86302aae654577f404a7>@@@?A0x55aa8b99@@YAXV<lambda_81c4734e752f86302aae654577f404a7>@@@Z@4HA
9BC 000002A0 SECTE1 notype       Static       | $unwind$??R<lambda_73f47e14ef1bc29b8e620967215b5c7a>@@QEBAXXZ
9BD 0000033C SECTE2 notype       Static       | $pdata$??R<lambda_73f47e14ef1bc29b8e620967215b5c7a>@@QEBAXXZ
9BE 00000000 SECT205 notype       Static      | .xdata
    Section length   10, #relocs    2, #linenums    0, checksum DFA6EA80, selection    5 (pick associative Section 0x59)
9C0 00000000 SECT205 notype       Static      | $unwind$??$guarded@XV<lambda_73f47e14ef1bc29b8e620967215b5c7a>@@@?A0x55aa8b99@@YAXV<lambda_73f47e14ef1bc29b8e620967215b5c7a>@@@Z
9C1 00000000 SECT206 notype       Static      | .pdata
    Section length    C, #relocs    3, #linenums    0, checksum  1875D87, selection    5 (pick associative Section 0x59)
9C3 00000000 SECT206 notype       Static      | $pdata$??$guarded@XV<lambda_73f47e14ef1bc29b8e620967215b5c7a>@@@?A0x55aa8b99@@YAXV<lambda_73f47e14ef1bc29b8e620967215b5c7a>@@@Z
9C4 00000000 SECT207 notype       Static      | .rdata
    Section length   28, #relocs    3, #linenums    0, checksum A1EC9887, selection    5 (pick associative Section 0x59)
9C6 00000000 SECT207 notype       Static      | $cppxdata$??$guarded@XV<lambda_73f47e14ef1bc29b8e620967215b5c7a>@@@?A0x55aa8b99@@YAXV<lambda_73f47e14ef1bc29b8e620967215b5c7a>@@@Z
9C7 00000000 SECT208 notype       Static      | .xdata
    Section length   10, #relocs    0, #linenums    0, checksum 8999943C, selection    5 (pick associative Section 0x59)
9C9 00000000 SECT208 notype       Static      | $stateUnwindMap$??$guarded@XV<lambda_73f47e14ef1bc29b8e620967215b5c7a>@@@?A0x55aa8b99@@YAXV<lambda_73f47e14ef1bc29b8e620967215b5c7a>@@@Z
9CA 00000000 SECT209 notype       Static      | .xdata
    Section length   14, #relocs    1, #linenums    0, checksum D9804B12, selection    5 (pick associative Section 0x59)
9CC 00000000 SECT209 notype       Static      | $tryMap$??$guarded@XV<lambda_73f47e14ef1bc29b8e620967215b5c7a>@@@?A0x55aa8b99@@YAXV<lambda_73f47e14ef1bc29b8e620967215b5c7a>@@@Z
9CD 00000000 SECT20A notype       Static      | .xdata
    Section length   28, #relocs    3, #linenums    0, checksum BC5203CB, selection    5 (pick associative Section 0x59)
9CF 00000000 SECT20A notype       Static      | $handlerMap$0$??$guarded@XV<lambda_73f47e14ef1bc29b8e620967215b5c7a>@@@?A0x55aa8b99@@YAXV<lambda_73f47e14ef1bc29b8e620967215b5c7a>@@@Z
9D0 00000000 SECT20B notype       Static      | .xdata
    Section length   30, #relocs    6, #linenums    0, checksum F5BFE449, selection    5 (pick associative Section 0x59)
9D2 00000000 SECT20B notype       Static      | $ip2state$??$guarded@XV<lambda_73f47e14ef1bc29b8e620967215b5c7a>@@@?A0x55aa8b99@@YAXV<lambda_73f47e14ef1bc29b8e620967215b5c7a>@@@Z
9D3 00000000 SECT20C notype       Static      | .xdata
    Section length   10, #relocs    2, #linenums    0, checksum 5840A276, selection    5 (pick associative Section 0x59)
9D5 00000000 SECT20C notype       Static      | $unwind$?catch$0@?0???$guarded@XV<lambda_73f47e14ef1bc29b8e620967215b5c7a>@@@?A0x55aa8b99@@YAXV<lambda_73f47e14ef1bc29b8e620967215b5c7a>@@@Z@4HA
9D6 00000000 SECT20D notype       Static      | .pdata
    Section length    C, #relocs    3, #linenums    0, checksum 8F085A64, selection    5 (pick associative Section 0x59)
9D8 00000000 SECT20D notype       Static      | $pdata$?catch$0@?0???$guarded@XV<lambda_73f47e14ef1bc29b8e620967215b5c7a>@@@?A0x55aa8b99@@YAXV<lambda_73f47e14ef1bc29b8e620967215b5c7a>@@@Z@4HA
9D9 00000000 SECT20E notype       Static      | .xdata
    Section length   10, #relocs    2, #linenums    0, checksum 5840A276, selection    5 (pick associative Section 0x59)
9DB 00000000 SECT20E notype       Static      | $unwind$?catch$1@?0???$guarded@XV<lambda_73f47e14ef1bc29b8e620967215b5c7a>@@@?A0x55aa8b99@@YAXV<lambda_73f47e14ef1bc29b8e620967215b5c7a>@@@Z@4HA
9DC 00000000 SECT20F notype       Static      | .pdata
    Section length    C, #relocs    3, #linenums    0, checksum 62737787, selection    5 (pick associative Section 0x59)
9DE 00000000 SECT20F notype       Static      | $pdata$?catch$1@?0???$guarded@XV<lambda_73f47e14ef1bc29b8e620967215b5c7a>@@@?A0x55aa8b99@@YAXV<lambda_73f47e14ef1bc29b8e620967215b5c7a>@@@Z@4HA
9DF 000002A8 SECTE1 notype       Static       | $unwind$??R<lambda_b8c8e9c625ed217325fb40018d68f67a>@@QEBAXXZ
9E0 00000348 SECTE2 notype       Static       | $pdata$??R<lambda_b8c8e9c625ed217325fb40018d68f67a>@@QEBAXXZ
9E1 00000000 SECT210 notype       Static      | .xdata
    Section length   10, #relocs    2, #linenums    0, checksum 557ECC96, selection    5 (pick associative Section 0x6F)
9E3 00000000 SECT210 notype       Static      | $unwind$??$guarded@XV<lambda_b8c8e9c625ed217325fb40018d68f67a>@@@?A0x55aa8b99@@YAXV<lambda_b8c8e9c625ed217325fb40018d68f67a>@@@Z
9E4 00000000 SECT211 notype       Static      | .pdata
    Section length    C, #relocs    3, #linenums    0, checksum  B42549E, selection    5 (pick associative Section 0x6F)
9E6 00000000 SECT211 notype       Static      | $pdata$??$guarded@XV<lambda_b8c8e9c625ed217325fb40018d68f67a>@@@?A0x55aa8b99@@YAXV<lambda_b8c8e9c625ed217325fb40018d68f67a>@@@Z
9E7 00000000 SECT212 notype       Static      | .rdata
    Section length   28, #relocs    3, #linenums    0, checksum A1EC9887, selection    5 (pick associative Section 0x6F)
9E9 00000000 SECT212 notype       Static      | $cppxdata$??$guarded@XV<lambda_b8c8e9c625ed217325fb40018d68f67a>@@@?A0x55aa8b99@@YAXV<lambda_b8c8e9c625ed217325fb40018d68f67a>@@@Z
9EA 00000000 SECT213 notype       Static      | .xdata
    Section length   10, #relocs    0, #linenums    0, checksum 8999943C, selection    5 (pick associative Section 0x6F)
9EC 00000000 SECT213 notype       Static      | $stateUnwindMap$??$guarded@XV<lambda_b8c8e9c625ed217325fb40018d68f67a>@@@?A0x55aa8b99@@YAXV<lambda_b8c8e9c625ed217325fb40018d68f67a>@@@Z
9ED 00000000 SECT214 notype       Static      | .xdata
    Section length   14, #relocs    1, #linenums    0, checksum D9804B12, selection    5 (pick associative Section 0x6F)
9EF 00000000 SECT214 notype       Static      | $tryMap$??$guarded@XV<lambda_b8c8e9c625ed217325fb40018d68f67a>@@@?A0x55aa8b99@@YAXV<lambda_b8c8e9c625ed217325fb40018d68f67a>@@@Z
9F0 00000000 SECT215 notype       Static      | .xdata
    Section length   28, #relocs    3, #linenums    0, checksum BC5203CB, selection    5 (pick associative Section 0x6F)
9F2 00000000 SECT215 notype       Static      | $handlerMap$0$??$guarded@XV<lambda_b8c8e9c625ed217325fb40018d68f67a>@@@?A0x55aa8b99@@YAXV<lambda_b8c8e9c625ed217325fb40018d68f67a>@@@Z
9F3 00000000 SECT216 notype       Static      | .xdata
    Section length   30, #relocs    6, #linenums    0, checksum DF0354C1, selection    5 (pick associative Section 0x6F)
9F5 00000000 SECT216 notype       Static      | $ip2state$??$guarded@XV<lambda_b8c8e9c625ed217325fb40018d68f67a>@@@?A0x55aa8b99@@YAXV<lambda_b8c8e9c625ed217325fb40018d68f67a>@@@Z
9F6 00000000 SECT217 notype       Static      | .xdata
    Section length   10, #relocs    2, #linenums    0, checksum 5840A276, selection    5 (pick associative Section 0x6F)
9F8 00000000 SECT217 notype       Static      | $unwind$?catch$0@?0???$guarded@XV<lambda_b8c8e9c625ed217325fb40018d68f67a>@@@?A0x55aa8b99@@YAXV<lambda_b8c8e9c625ed217325fb40018d68f67a>@@@Z@4HA
9F9 00000000 SECT218 notype       Static      | .pdata
    Section length    C, #relocs    3, #linenums    0, checksum 8F085A64, selection    5 (pick associative Section 0x6F)
9FB 00000000 SECT218 notype       Static      | $pdata$?catch$0@?0???$guarded@XV<lambda_b8c8e9c625ed217325fb40018d68f67a>@@@?A0x55aa8b99@@YAXV<lambda_b8c8e9c625ed217325fb40018d68f67a>@@@Z@4HA
9FC 00000000 SECT219 notype       Static      | .xdata
    Section length   10, #relocs    2, #linenums    0, checksum 5840A276, selection    5 (pick associative Section 0x6F)
9FE 00000000 SECT219 notype       Static      | $unwind$?catch$1@?0???$guarded@XV<lambda_b8c8e9c625ed217325fb40018d68f67a>@@@?A0x55aa8b99@@YAXV<lambda_b8c8e9c625ed217325fb40018d68f67a>@@@Z@4HA
9FF 00000000 SECT21A notype       Static      | .pdata
    Section length    C, #relocs    3, #linenums    0, checksum 62737787, selection    5 (pick associative Section 0x6F)
A01 00000000 SECT21A notype       Static      | $pdata$?catch$1@?0???$guarded@XV<lambda_b8c8e9c625ed217325fb40018d68f67a>@@@?A0x55aa8b99@@YAXV<lambda_b8c8e9c625ed217325fb40018d68f67a>@@@Z@4HA
A02 000002B0 SECTE1 notype       Static       | $unwind$??R<lambda_5b8a1b493a4f20b6114eb54594ee7e19>@@QEBAHXZ
A03 00000354 SECTE2 notype       Static       | $pdata$??R<lambda_5b8a1b493a4f20b6114eb54594ee7e19>@@QEBAHXZ
A04 00000000 SECT21B notype       Static      | .xdata
    Section length   10, #relocs    2, #linenums    0, checksum F8934927, selection    5 (pick associative Section 0x21)
A06 00000000 SECT21B notype       Static      | $unwind$??$guarded@HV<lambda_5b8a1b493a4f20b6114eb54594ee7e19>@@@?A0x55aa8b99@@YAHV<lambda_5b8a1b493a4f20b6114eb54594ee7e19>@@@Z
A07 00000000 SECT21C notype       Static      | .pdata
    Section length    C, #relocs    3, #linenums    0, checksum D2624632, selection    5 (pick associative Section 0x21)
A09 00000000 SECT21C notype       Static      | $pdata$??$guarded@HV<lambda_5b8a1b493a4f20b6114eb54594ee7e19>@@@?A0x55aa8b99@@YAHV<lambda_5b8a1b493a4f20b6114eb54594ee7e19>@@@Z
A0A 00000000 SECT21D notype       Static      | .rdata
    Section length   28, #relocs    3, #linenums    0, checksum ABF80385, selection    5 (pick associative Section 0x21)
A0C 00000000 SECT21D notype       Static      | $cppxdata$??$guarded@HV<lambda_5b8a1b493a4f20b6114eb54594ee7e19>@@@?A0x55aa8b99@@YAHV<lambda_5b8a1b493a4f20b6114eb54594ee7e19>@@@Z
A0D 00000000 SECT21E notype       Static      | .xdata
    Section length   10, #relocs    0, #linenums    0, checksum 8999943C, selection    5 (pick associative Section 0x21)
A0F 00000000 SECT21E notype       Static      | $stateUnwindMap$??$guarded@HV<lambda_5b8a1b493a4f20b6114eb54594ee7e19>@@@?A0x55aa8b99@@YAHV<lambda_5b8a1b493a4f20b6114eb54594ee7e19>@@@Z
A10 00000000 SECT21F notype       Static      | .xdata
    Section length   14, #relocs    1, #linenums    0, checksum D9804B12, selection    5 (pick associative Section 0x21)
A12 00000000 SECT21F notype       Static      | $tryMap$??$guarded@HV<lambda_5b8a1b493a4f20b6114eb54594ee7e19>@@@?A0x55aa8b99@@YAHV<lambda_5b8a1b493a4f20b6114eb54594ee7e19>@@@Z
A13 00000000 SECT220 notype       Static      | .xdata
    Section length   28, #relocs    3, #linenums    0, checksum 5F46379F, selection    5 (pick associative Section 0x21)
A15 00000000 SECT220 notype       Static      | $handlerMap$0$??$guarded@HV<lambda_5b8a1b493a4f20b6114eb54594ee7e19>@@@?A0x55aa8b99@@YAHV<lambda_5b8a1b493a4f20b6114eb54594ee7e19>@@@Z
A16 00000000 SECT221 notype       Static      | .xdata
    Section length   30, #relocs    6, #linenums    0, checksum F5BFE449, selection    5 (pick associative Section 0x21)
A18 00000000 SECT221 notype       Static      | $ip2state$??$guarded@HV<lambda_5b8a1b493a4f20b6114eb54594ee7e19>@@@?A0x55aa8b99@@YAHV<lambda_5b8a1b493a4f20b6114eb54594ee7e19>@@@Z
A19 00000000 SECT222 notype       Static      | .xdata
    Section length   10, #relocs    2, #linenums    0, checksum 5840A276, selection    5 (pick associative Section 0x21)
A1B 00000000 SECT222 notype       Static      | $unwind$?catch$0@?0???$guarded@HV<lambda_5b8a1b493a4f20b6114eb54594ee7e19>@@@?A0x55aa8b99@@YAHV<lambda_5b8a1b493a4f20b6114eb54594ee7e19>@@@Z@4HA
A1C 00000000 SECT223 notype       Static      | .pdata
    Section length    C, #relocs    3, #linenums    0, checksum 8F085A64, selection    5 (pick associative Section 0x21)
A1E 00000000 SECT223 notype       Static      | $pdata$?catch$0@?0???$guarded@HV<lambda_5b8a1b493a4f20b6114eb54594ee7e19>@@@?A0x55aa8b99@@YAHV<lambda_5b8a1b493a4f20b6114eb54594ee7e19>@@@Z@4HA
A1F 00000000 SECT224 notype       Static      | .xdata
    Section length   10, #relocs    2, #linenums    0, checksum 5840A276, selection    5 (pick associative Section 0x21)
A21 00000000 SECT224 notype       Static      | $unwind$?catch$1@?0???$guarded@HV<lambda_5b8a1b493a4f20b6114eb54594ee7e19>@@@?A0x55aa8b99@@YAHV<lambda_5b8a1b493a4f20b6114eb54594ee7e19>@@@Z@4HA
A22 00000000 SECT225 notype       Static      | .pdata
    Section length    C, #relocs    3, #linenums    0, checksum 62737787, selection    5 (pick associative Section 0x21)
A24 00000000 SECT225 notype       Static      | $pdata$?catch$1@?0???$guarded@HV<lambda_5b8a1b493a4f20b6114eb54594ee7e19>@@@?A0x55aa8b99@@YAHV<lambda_5b8a1b493a4f20b6114eb54594ee7e19>@@@Z@4HA
A25 000002B8 SECTE1 notype       Static       | $unwind$??R<lambda_cccfe32f11005af40eae007c4f696ac9>@@QEBAHXZ
A26 00000360 SECTE2 notype       Static       | $pdata$??R<lambda_cccfe32f11005af40eae007c4f696ac9>@@QEBAHXZ
A27 00000000 SECT226 notype       Static      | .xdata
    Section length   10, #relocs    2, #linenums    0, checksum F8934927, selection    5 (pick associative Section 0x25)
A29 00000000 SECT226 notype       Static      | $unwind$??$guarded@HV<lambda_cccfe32f11005af40eae007c4f696ac9>@@@?A0x55aa8b99@@YAHV<lambda_cccfe32f11005af40eae007c4f696ac9>@@@Z
A2A 00000000 SECT227 notype       Static      | .pdata
    Section length    C, #relocs    3, #linenums    0, checksum D2624632, selection    5 (pick associative Section 0x25)
A2C 00000000 SECT227 notype       Static      | $pdata$??$guarded@HV<lambda_cccfe32f11005af40eae007c4f696ac9>@@@?A0x55aa8b99@@YAHV<lambda_cccfe32f11005af40eae007c4f696ac9>@@@Z
A2D 00000000 SECT228 notype       Static      | .rdata
    Section length   28, #relocs    3, #linenums    0, checksum ABF80385, selection    5 (pick associative Section 0x25)
A2F 00000000 SECT228 notype       Static      | $cppxdata$??$guarded@HV<lambda_cccfe32f11005af40eae007c4f696ac9>@@@?A0x55aa8b99@@YAHV<lambda_cccfe32f11005af40eae007c4f696ac9>@@@Z
A30 00000000 SECT229 notype       Static      | .xdata
    Section length   10, #relocs    0, #linenums    0, checksum 8999943C, selection    5 (pick associative Section 0x25)
A32 00000000 SECT229 notype       Static      | $stateUnwindMap$??$guarded@HV<lambda_cccfe32f11005af40eae007c4f696ac9>@@@?A0x55aa8b99@@YAHV<lambda_cccfe32f11005af40eae007c4f696ac9>@@@Z
A33 00000000 SECT22A notype       Static      | .xdata
    Section length   14, #relocs    1, #linenums    0, checksum D9804B12, selection    5 (pick associative Section 0x25)
A35 00000000 SECT22A notype       Static      | $tryMap$??$guarded@HV<lambda_cccfe32f11005af40eae007c4f696ac9>@@@?A0x55aa8b99@@YAHV<lambda_cccfe32f11005af40eae007c4f696ac9>@@@Z
A36 00000000 SECT22B notype       Static      | .xdata
    Section length   28, #relocs    3, #linenums    0, checksum 5F46379F, selection    5 (pick associative Section 0x25)
A38 00000000 SECT22B notype       Static      | $handlerMap$0$??$guarded@HV<lambda_cccfe32f11005af40eae007c4f696ac9>@@@?A0x55aa8b99@@YAHV<lambda_cccfe32f11005af40eae007c4f696ac9>@@@Z
A39 00000000 SECT22C notype       Static      | .xdata
    Section length   30, #relocs    6, #linenums    0, checksum F5BFE449, selection    5 (pick associative Section 0x25)
A3B 00000000 SECT22C notype       Static      | $ip2state$??$guarded@HV<lambda_cccfe32f11005af40eae007c4f696ac9>@@@?A0x55aa8b99@@YAHV<lambda_cccfe32f11005af40eae007c4f696ac9>@@@Z
A3C 00000000 SECT22D notype       Static      | .xdata
    Section length   10, #relocs    2, #linenums    0, checksum 5840A276, selection    5 (pick associative Section 0x25)
A3E 00000000 SECT22D notype       Static      | $unwind$?catch$0@?0???$guarded@HV<lambda_cccfe32f11005af40eae007c4f696ac9>@@@?A0x55aa8b99@@YAHV<lambda_cccfe32f11005af40eae007c4f696ac9>@@@Z@4HA
A3F 00000000 SECT22E notype       Static      | .pdata
    Section length    C, #relocs    3, #linenums    0, checksum 8F085A64, selection    5 (pick associative Section 0x25)
A41 00000000 SECT22E notype       Static      | $pdata$?catch$0@?0???$guarded@HV<lambda_cccfe32f11005af40eae007c4f696ac9>@@@?A0x55aa8b99@@YAHV<lambda_cccfe32f11005af40eae007c4f696ac9>@@@Z@4HA
A42 00000000 SECT22F notype       Static      | .xdata
    Section length   10, #relocs    2, #linenums    0, checksum 5840A276, selection    5 (pick associative Section 0x25)
A44 00000000 SECT22F notype       Static      | $unwind$?catch$1@?0???$guarded@HV<lambda_cccfe32f11005af40eae007c4f696ac9>@@@?A0x55aa8b99@@YAHV<lambda_cccfe32f11005af40eae007c4f696ac9>@@@Z@4HA
A45 00000000 SECT230 notype       Static      | .pdata
    Section length    C, #relocs    3, #linenums    0, checksum 62737787, selection    5 (pick associative Section 0x25)
A47 00000000 SECT230 notype       Static      | $pdata$?catch$1@?0???$guarded@HV<lambda_cccfe32f11005af40eae007c4f696ac9>@@@?A0x55aa8b99@@YAHV<lambda_cccfe32f11005af40eae007c4f696ac9>@@@Z@4HA
A48 000002C0 SECTE1 notype       Static       | $unwind$??R<lambda_f1374f01306ce749f3b35ff7808f2a92>@@QEBAHXZ
A49 0000036C SECTE2 notype       Static       | $pdata$??R<lambda_f1374f01306ce749f3b35ff7808f2a92>@@QEBAHXZ
A4A 00000000 SECT231 notype       Static      | .xdata
    Section length   10, #relocs    2, #linenums    0, checksum F8934927, selection    5 (pick associative Section 0x27)
A4C 00000000 SECT231 notype       Static      | $unwind$??$guarded@HV<lambda_f1374f01306ce749f3b35ff7808f2a92>@@@?A0x55aa8b99@@YAHV<lambda_f1374f01306ce749f3b35ff7808f2a92>@@@Z
A4D 00000000 SECT232 notype       Static      | .pdata
    Section length    C, #relocs    3, #linenums    0, checksum D2624632, selection    5 (pick associative Section 0x27)
A4F 00000000 SECT232 notype       Static      | $pdata$??$guarded@HV<lambda_f1374f01306ce749f3b35ff7808f2a92>@@@?A0x55aa8b99@@YAHV<lambda_f1374f01306ce749f3b35ff7808f2a92>@@@Z
A50 00000000 SECT233 notype       Static      | .rdata
    Section length   28, #relocs    3, #linenums    0, checksum ABF80385, selection    5 (pick associative Section 0x27)
A52 00000000 SECT233 notype       Static      | $cppxdata$??$guarded@HV<lambda_f1374f01306ce749f3b35ff7808f2a92>@@@?A0x55aa8b99@@YAHV<lambda_f1374f01306ce749f3b35ff7808f2a92>@@@Z
A53 00000000 SECT234 notype       Static      | .xdata
    Section length   10, #relocs    0, #linenums    0, checksum 8999943C, selection    5 (pick associative Section 0x27)
A55 00000000 SECT234 notype       Static      | $stateUnwindMap$??$guarded@HV<lambda_f1374f01306ce749f3b35ff7808f2a92>@@@?A0x55aa8b99@@YAHV<lambda_f1374f01306ce749f3b35ff7808f2a92>@@@Z
A56 00000000 SECT235 notype       Static      | .xdata
    Section length   14, #relocs    1, #linenums    0, checksum D9804B12, selection    5 (pick associative Section 0x27)
A58 00000000 SECT235 notype       Static      | $tryMap$??$guarded@HV<lambda_f1374f01306ce749f3b35ff7808f2a92>@@@?A0x55aa8b99@@YAHV<lambda_f1374f01306ce749f3b35ff7808f2a92>@@@Z
A59 00000000 SECT236 notype       Static      | .xdata
    Section length   28, #relocs    3, #linenums    0, checksum 5F46379F, selection    5 (pick associative Section 0x27)
A5B 00000000 SECT236 notype       Static      | $handlerMap$0$??$guarded@HV<lambda_f1374f01306ce749f3b35ff7808f2a92>@@@?A0x55aa8b99@@YAHV<lambda_f1374f01306ce749f3b35ff7808f2a92>@@@Z
A5C 00000000 SECT237 notype       Static      | .xdata
    Section length   30, #relocs    6, #linenums    0, checksum F5BFE449, selection    5 (pick associative Section 0x27)
A5E 00000000 SECT237 notype       Static      | $ip2state$??$guarded@HV<lambda_f1374f01306ce749f3b35ff7808f2a92>@@@?A0x55aa8b99@@YAHV<lambda_f1374f01306ce749f3b35ff7808f2a92>@@@Z
A5F 00000000 SECT238 notype       Static      | .xdata
    Section length   10, #relocs    2, #linenums    0, checksum 5840A276, selection    5 (pick associative Section 0x27)
A61 00000000 SECT238 notype       Static      | $unwind$?catch$0@?0???$guarded@HV<lambda_f1374f01306ce749f3b35ff7808f2a92>@@@?A0x55aa8b99@@YAHV<lambda_f1374f01306ce749f3b35ff7808f2a92>@@@Z@4HA
A62 00000000 SECT239 notype       Static      | .pdata
    Section length    C, #relocs    3, #linenums    0, checksum 8F085A64, selection    5 (pick associative Section 0x27)
A64 00000000 SECT239 notype       Static      | $pdata$?catch$0@?0???$guarded@HV<lambda_f1374f01306ce749f3b35ff7808f2a92>@@@?A0x55aa8b99@@YAHV<lambda_f1374f01306ce749f3b35ff7808f2a92>@@@Z@4HA
A65 00000000 SECT23A notype       Static      | .xdata
    Section length   10, #relocs    2, #linenums    0, checksum 5840A276, selection    5 (pick associative Section 0x27)
A67 00000000 SECT23A notype       Static      | $unwind$?catch$1@?0???$guarded@HV<lambda_f1374f01306ce749f3b35ff7808f2a92>@@@?A0x55aa8b99@@YAHV<lambda_f1374f01306ce749f3b35ff7808f2a92>@@@Z@4HA
A68 00000000 SECT23B notype       Static      | .pdata
    Section length    C, #relocs    3, #linenums    0, checksum 62737787, selection    5 (pick associative Section 0x27)
A6A 00000000 SECT23B notype       Static      | $pdata$?catch$1@?0???$guarded@HV<lambda_f1374f01306ce749f3b35ff7808f2a92>@@@?A0x55aa8b99@@YAHV<lambda_f1374f01306ce749f3b35ff7808f2a92>@@@Z@4HA
A6B 000002C8 SECTE1 notype       Static       | $unwind$??R<lambda_6440da8c6a8b39c392b563b180960b2e>@@QEBAIXZ
A6C 00000378 SECTE2 notype       Static       | $pdata$??R<lambda_6440da8c6a8b39c392b563b180960b2e>@@QEBAIXZ
A6D 00000000 SECT23C notype       Static      | .xdata
    Section length   10, #relocs    2, #linenums    0, checksum 724B6F31, selection    5 (pick associative Section 0x29)
A6F 00000000 SECT23C notype       Static      | $unwind$??$guarded@IV<lambda_6440da8c6a8b39c392b563b180960b2e>@@@?A0x55aa8b99@@YAIV<lambda_6440da8c6a8b39c392b563b180960b2e>@@@Z
A70 00000000 SECT23D notype       Static      | .pdata
    Section length    C, #relocs    3, #linenums    0, checksum D8A74F2B, selection    5 (pick associative Section 0x29)
A72 00000000 SECT23D notype       Static      | $pdata$??$guarded@IV<lambda_6440da8c6a8b39c392b563b180960b2e>@@@?A0x55aa8b99@@YAIV<lambda_6440da8c6a8b39c392b563b180960b2e>@@@Z
A73 00000000 SECT23E notype       Static      | .rdata
    Section length   28, #relocs    3, #linenums    0, checksum ABF80385, selection    5 (pick associative Section 0x29)
A75 00000000 SECT23E notype       Static      | $cppxdata$??$guarded@IV<lambda_6440da8c6a8b39c392b563b180960b2e>@@@?A0x55aa8b99@@YAIV<lambda_6440da8c6a8b39c392b563b180960b2e>@@@Z
A76 00000000 SECT23F notype       Static      | .xdata
    Section length   10, #relocs    0, #linenums    0, checksum 8999943C, selection    5 (pick associative Section 0x29)
A78 00000000 SECT23F notype       Static      | $stateUnwindMap$??$guarded@IV<lambda_6440da8c6a8b39c392b563b180960b2e>@@@?A0x55aa8b99@@YAIV<lambda_6440da8c6a8b39c392b563b180960b2e>@@@Z
A79 00000000 SECT240 notype       Static      | .xdata
    Section length   14, #relocs    1, #linenums    0, checksum D9804B12, selection    5 (pick associative Section 0x29)
A7B 00000000 SECT240 notype       Static      | $tryMap$??$guarded@IV<lambda_6440da8c6a8b39c392b563b180960b2e>@@@?A0x55aa8b99@@YAIV<lambda_6440da8c6a8b39c392b563b180960b2e>@@@Z
A7C 00000000 SECT241 notype       Static      | .xdata
    Section length   28, #relocs    3, #linenums    0, checksum 5F46379F, selection    5 (pick associative Section 0x29)
A7E 00000000 SECT241 notype       Static      | $handlerMap$0$??$guarded@IV<lambda_6440da8c6a8b39c392b563b180960b2e>@@@?A0x55aa8b99@@YAIV<lambda_6440da8c6a8b39c392b563b180960b2e>@@@Z
A7F 00000000 SECT242 notype       Static      | .xdata
    Section length   30, #relocs    6, #linenums    0, checksum DF0354C1, selection    5 (pick associative Section 0x29)
A81 00000000 SECT242 notype       Static      | $ip2state$??$guarded@IV<lambda_6440da8c6a8b39c392b563b180960b2e>@@@?A0x55aa8b99@@YAIV<lambda_6440da8c6a8b39c392b563b180960b2e>@@@Z
A82 00000000 SECT243 notype       Static      | .xdata
    Section length   10, #relocs    2, #linenums    0, checksum 5840A276, selection    5 (pick associative Section 0x29)
A84 00000000 SECT243 notype       Static      | $unwind$?catch$0@?0???$guarded@IV<lambda_6440da8c6a8b39c392b563b180960b2e>@@@?A0x55aa8b99@@YAIV<lambda_6440da8c6a8b39c392b563b180960b2e>@@@Z@4HA
A85 00000000 SECT244 notype       Static      | .pdata
    Section length    C, #relocs    3, #linenums    0, checksum 8F085A64, selection    5 (pick associative Section 0x29)
A87 00000000 SECT244 notype       Static      | $pdata$?catch$0@?0???$guarded@IV<lambda_6440da8c6a8b39c392b563b180960b2e>@@@?A0x55aa8b99@@YAIV<lambda_6440da8c6a8b39c392b563b180960b2e>@@@Z@4HA
A88 00000000 SECT245 notype       Static      | .xdata
    Section length   10, #relocs    2, #linenums    0, checksum 5840A276, selection    5 (pick associative Section 0x29)
A8A 00000000 SECT245 notype       Static      | $unwind$?catch$1@?0???$guarded@IV<lambda_6440da8c6a8b39c392b563b180960b2e>@@@?A0x55aa8b99@@YAIV<lambda_6440da8c6a8b39c392b563b180960b2e>@@@Z@4HA
A8B 00000000 SECT246 notype       Static      | .pdata
    Section length    C, #relocs    3, #linenums    0, checksum 62737787, selection    5 (pick associative Section 0x29)
A8D 00000000 SECT246 notype       Static      | $pdata$?catch$1@?0???$guarded@IV<lambda_6440da8c6a8b39c392b563b180960b2e>@@@?A0x55aa8b99@@YAIV<lambda_6440da8c6a8b39c392b563b180960b2e>@@@Z@4HA
A8E 000002D0 SECTE1 notype       Static       | $unwind$??R<lambda_384ab949e80cc40b16d34684b0757274>@@QEBAHXZ
A8F 00000384 SECTE2 notype       Static       | $pdata$??R<lambda_384ab949e80cc40b16d34684b0757274>@@QEBAHXZ
A90 00000000 SECT247 notype       Static      | .xdata
    Section length   10, #relocs    2, #linenums    0, checksum 724B6F31, selection    5 (pick associative Section 0x1B)
A92 00000000 SECT247 notype       Static      | $unwind$??$guarded@HV<lambda_384ab949e80cc40b16d34684b0757274>@@@?A0x55aa8b99@@YAHV<lambda_384ab949e80cc40b16d34684b0757274>@@@Z
A93 00000000 SECT248 notype       Static      | .pdata
    Section length    C, #relocs    3, #linenums    0, checksum D8A74F2B, selection    5 (pick associative Section 0x1B)
A95 00000000 SECT248 notype       Static      | $pdata$??$guarded@HV<lambda_384ab949e80cc40b16d34684b0757274>@@@?A0x55aa8b99@@YAHV<lambda_384ab949e80cc40b16d34684b0757274>@@@Z
A96 00000000 SECT249 notype       Static      | .rdata
    Section length   28, #relocs    3, #linenums    0, checksum ABF80385, selection    5 (pick associative Section 0x1B)
A98 00000000 SECT249 notype       Static      | $cppxdata$??$guarded@HV<lambda_384ab949e80cc40b16d34684b0757274>@@@?A0x55aa8b99@@YAHV<lambda_384ab949e80cc40b16d34684b0757274>@@@Z
A99 00000000 SECT24A notype       Static      | .xdata
    Section length   10, #relocs    0, #linenums    0, checksum 8999943C, selection    5 (pick associative Section 0x1B)
A9B 00000000 SECT24A notype       Static      | $stateUnwindMap$??$guarded@HV<lambda_384ab949e80cc40b16d34684b0757274>@@@?A0x55aa8b99@@YAHV<lambda_384ab949e80cc40b16d34684b0757274>@@@Z
A9C 00000000 SECT24B notype       Static      | .xdata
    Section length   14, #relocs    1, #linenums    0, checksum D9804B12, selection    5 (pick associative Section 0x1B)
A9E 00000000 SECT24B notype       Static      | $tryMap$??$guarded@HV<lambda_384ab949e80cc40b16d34684b0757274>@@@?A0x55aa8b99@@YAHV<lambda_384ab949e80cc40b16d34684b0757274>@@@Z
A9F 00000000 SECT24C notype       Static      | .xdata
    Section length   28, #relocs    3, #linenums    0, checksum 5F46379F, selection    5 (pick associative Section 0x1B)
AA1 00000000 SECT24C notype       Static      | $handlerMap$0$??$guarded@HV<lambda_384ab949e80cc40b16d34684b0757274>@@@?A0x55aa8b99@@YAHV<lambda_384ab949e80cc40b16d34684b0757274>@@@Z
AA2 00000000 SECT24D notype       Static      | .xdata
    Section length   30, #relocs    6, #linenums    0, checksum DF0354C1, selection    5 (pick associative Section 0x1B)
AA4 00000000 SECT24D notype       Static      | $ip2state$??$guarded@HV<lambda_384ab949e80cc40b16d34684b0757274>@@@?A0x55aa8b99@@YAHV<lambda_384ab949e80cc40b16d34684b0757274>@@@Z
AA5 00000000 SECT24E notype       Static      | .xdata
    Section length   10, #relocs    2, #linenums    0, checksum 5840A276, selection    5 (pick associative Section 0x1B)
AA7 00000000 SECT24E notype       Static      | $unwind$?catch$0@?0???$guarded@HV<lambda_384ab949e80cc40b16d34684b0757274>@@@?A0x55aa8b99@@YAHV<lambda_384ab949e80cc40b16d34684b0757274>@@@Z@4HA
AA8 00000000 SECT24F notype       Static      | .pdata
    Section length    C, #relocs    3, #linenums    0, checksum 8F085A64, selection    5 (pick associative Section 0x1B)
AAA 00000000 SECT24F notype       Static      | $pdata$?catch$0@?0???$guarded@HV<lambda_384ab949e80cc40b16d34684b0757274>@@@?A0x55aa8b99@@YAHV<lambda_384ab949e80cc40b16d34684b0757274>@@@Z@4HA
AAB 00000000 SECT250 notype       Static      | .xdata
    Section length   10, #relocs    2, #linenums    0, checksum 5840A276, selection    5 (pick associative Section 0x1B)
AAD 00000000 SECT250 notype       Static      | $unwind$?catch$1@?0???$guarded@HV<lambda_384ab949e80cc40b16d34684b0757274>@@@?A0x55aa8b99@@YAHV<lambda_384ab949e80cc40b16d34684b0757274>@@@Z@4HA
AAE 00000000 SECT251 notype       Static      | .pdata
    Section length    C, #relocs    3, #linenums    0, checksum 62737787, selection    5 (pick associative Section 0x1B)
AB0 00000000 SECT251 notype       Static      | $pdata$?catch$1@?0???$guarded@HV<lambda_384ab949e80cc40b16d34684b0757274>@@@?A0x55aa8b99@@YAHV<lambda_384ab949e80cc40b16d34684b0757274>@@@Z@4HA
AB1 000002D8 SECTE1 notype       Static       | $unwind$??R<lambda_257eafa3f4fa06df666845d47e5bd261>@@QEBAHXZ
AB2 00000390 SECTE2 notype       Static       | $pdata$??R<lambda_257eafa3f4fa06df666845d47e5bd261>@@QEBAHXZ
AB3 00000000 SECT252 notype       Static      | .xdata
    Section length   10, #relocs    2, #linenums    0, checksum F8934927, selection    5 (pick associative Section 0x19)
AB5 00000000 SECT252 notype       Static      | $unwind$??$guarded@HV<lambda_257eafa3f4fa06df666845d47e5bd261>@@@?A0x55aa8b99@@YAHV<lambda_257eafa3f4fa06df666845d47e5bd261>@@@Z
AB6 00000000 SECT253 notype       Static      | .pdata
    Section length    C, #relocs    3, #linenums    0, checksum D2624632, selection    5 (pick associative Section 0x19)
AB8 00000000 SECT253 notype       Static      | $pdata$??$guarded@HV<lambda_257eafa3f4fa06df666845d47e5bd261>@@@?A0x55aa8b99@@YAHV<lambda_257eafa3f4fa06df666845d47e5bd261>@@@Z
AB9 00000000 SECT254 notype       Static      | .rdata
    Section length   28, #relocs    3, #linenums    0, checksum ABF80385, selection    5 (pick associative Section 0x19)
ABB 00000000 SECT254 notype       Static      | $cppxdata$??$guarded@HV<lambda_257eafa3f4fa06df666845d47e5bd261>@@@?A0x55aa8b99@@YAHV<lambda_257eafa3f4fa06df666845d47e5bd261>@@@Z
ABC 00000000 SECT255 notype       Static      | .xdata
    Section length   10, #relocs    0, #linenums    0, checksum 8999943C, selection    5 (pick associative Section 0x19)
ABE 00000000 SECT255 notype       Static      | $stateUnwindMap$??$guarded@HV<lambda_257eafa3f4fa06df666845d47e5bd261>@@@?A0x55aa8b99@@YAHV<lambda_257eafa3f4fa06df666845d47e5bd261>@@@Z
ABF 00000000 SECT256 notype       Static      | .xdata
    Section length   14, #relocs    1, #linenums    0, checksum D9804B12, selection    5 (pick associative Section 0x19)
AC1 00000000 SECT256 notype       Static      | $tryMap$??$guarded@HV<lambda_257eafa3f4fa06df666845d47e5bd261>@@@?A0x55aa8b99@@YAHV<lambda_257eafa3f4fa06df666845d47e5bd261>@@@Z
AC2 00000000 SECT257 notype       Static      | .xdata
    Section length   28, #relocs    3, #linenums    0, checksum 5F46379F, selection    5 (pick associative Section 0x19)
AC4 00000000 SECT257 notype       Static      | $handlerMap$0$??$guarded@HV<lambda_257eafa3f4fa06df666845d47e5bd261>@@@?A0x55aa8b99@@YAHV<lambda_257eafa3f4fa06df666845d47e5bd261>@@@Z
AC5 00000000 SECT258 notype       Static      | .xdata
    Section length   30, #relocs    6, #linenums    0, checksum F5BFE449, selection    5 (pick associative Section 0x19)
AC7 00000000 SECT258 notype       Static      | $ip2state$??$guarded@HV<lambda_257eafa3f4fa06df666845d47e5bd261>@@@?A0x55aa8b99@@YAHV<lambda_257eafa3f4fa06df666845d47e5bd261>@@@Z
AC8 00000000 SECT259 notype       Static      | .xdata
    Section length   10, #relocs    2, #linenums    0, checksum 5840A276, selection    5 (pick associative Section 0x19)
ACA 00000000 SECT259 notype       Static      | $unwind$?catch$0@?0???$guarded@HV<lambda_257eafa3f4fa06df666845d47e5bd261>@@@?A0x55aa8b99@@YAHV<lambda_257eafa3f4fa06df666845d47e5bd261>@@@Z@4HA
ACB 00000000 SECT25A notype       Static      | .pdata
    Section length    C, #relocs    3, #linenums    0, checksum 8F085A64, selection    5 (pick associative Section 0x19)
ACD 00000000 SECT25A notype       Static      | $pdata$?catch$0@?0???$guarded@HV<lambda_257eafa3f4fa06df666845d47e5bd261>@@@?A0x55aa8b99@@YAHV<lambda_257eafa3f4fa06df666845d47e5bd261>@@@Z@4HA
ACE 00000000 SECT25B notype       Static      | .xdata
    Section length   10, #relocs    2, #linenums    0, checksum 5840A276, selection    5 (pick associative Section 0x19)
AD0 00000000 SECT25B notype       Static      | $unwind$?catch$1@?0???$guarded@HV<lambda_257eafa3f4fa06df666845d47e5bd261>@@@?A0x55aa8b99@@YAHV<lambda_257eafa3f4fa06df666845d47e5bd261>@@@Z@4HA
AD1 00000000 SECT25C notype       Static      | .pdata
    Section length    C, #relocs    3, #linenums    0, checksum 62737787, selection    5 (pick associative Section 0x19)
AD3 00000000 SECT25C notype       Static      | $pdata$?catch$1@?0???$guarded@HV<lambda_257eafa3f4fa06df666845d47e5bd261>@@@?A0x55aa8b99@@YAHV<lambda_257eafa3f4fa06df666845d47e5bd261>@@@Z@4HA
AD4 000002E0 SECTE1 notype       Static       | $unwind$??R<lambda_9c8d08f422480236d02fcb278dc9ac04>@@QEBAXXZ
AD5 0000039C SECTE2 notype       Static       | $pdata$??R<lambda_9c8d08f422480236d02fcb278dc9ac04>@@QEBAXXZ
AD6 00000000 SECT25D notype       Static      | .xdata
    Section length   10, #relocs    2, #linenums    0, checksum DFA6EA80, selection    5 (pick associative Section 0x65)
AD8 00000000 SECT25D notype       Static      | $unwind$??$guarded@XV<lambda_9c8d08f422480236d02fcb278dc9ac04>@@@?A0x55aa8b99@@YAXV<lambda_9c8d08f422480236d02fcb278dc9ac04>@@@Z
AD9 00000000 SECT25E notype       Static      | .pdata
    Section length    C, #relocs    3, #linenums    0, checksum  1875D87, selection    5 (pick associative Section 0x65)
ADB 00000000 SECT25E notype       Static      | $pdata$??$guarded@XV<lambda_9c8d08f422480236d02fcb278dc9ac04>@@@?A0x55aa8b99@@YAXV<lambda_9c8d08f422480236d02fcb278dc9ac04>@@@Z
ADC 00000000 SECT25F notype       Static      | .rdata
    Section length   28, #relocs    3, #linenums    0, checksum A1EC9887, selection    5 (pick associative Section 0x65)
ADE 00000000 SECT25F notype       Static      | $cppxdata$??$guarded@XV<lambda_9c8d08f422480236d02fcb278dc9ac04>@@@?A0x55aa8b99@@YAXV<lambda_9c8d08f422480236d02fcb278dc9ac04>@@@Z
ADF 00000000 SECT260 notype       Static      | .xdata
    Section length   10, #relocs    0, #linenums    0, checksum 8999943C, selection    5 (pick associative Section 0x65)
AE1 00000000 SECT260 notype       Static      | $stateUnwindMap$??$guarded@XV<lambda_9c8d08f422480236d02fcb278dc9ac04>@@@?A0x55aa8b99@@YAXV<lambda_9c8d08f422480236d02fcb278dc9ac04>@@@Z
AE2 00000000 SECT261 notype       Static      | .xdata
    Section length   14, #relocs    1, #linenums    0, checksum D9804B12, selection    5 (pick associative Section 0x65)
AE4 00000000 SECT261 notype       Static      | $tryMap$??$guarded@XV<lambda_9c8d08f422480236d02fcb278dc9ac04>@@@?A0x55aa8b99@@YAXV<lambda_9c8d08f422480236d02fcb278dc9ac04>@@@Z
AE5 00000000 SECT262 notype       Static      | .xdata
    Section length   28, #relocs    3, #linenums    0, checksum BC5203CB, selection    5 (pick associative Section 0x65)
AE7 00000000 SECT262 notype       Static      | $handlerMap$0$??$guarded@XV<lambda_9c8d08f422480236d02fcb278dc9ac04>@@@?A0x55aa8b99@@YAXV<lambda_9c8d08f422480236d02fcb278dc9ac04>@@@Z
AE8 00000000 SECT263 notype       Static      | .xdata
    Section length   30, #relocs    6, #linenums    0, checksum F5BFE449, selection    5 (pick associative Section 0x65)
AEA 00000000 SECT263 notype       Static      | $ip2state$??$guarded@XV<lambda_9c8d08f422480236d02fcb278dc9ac04>@@@?A0x55aa8b99@@YAXV<lambda_9c8d08f422480236d02fcb278dc9ac04>@@@Z
AEB 00000000 SECT264 notype       Static      | .xdata
    Section length   10, #relocs    2, #linenums    0, checksum 5840A276, selection    5 (pick associative Section 0x65)
AED 00000000 SECT264 notype       Static      | $unwind$?catch$0@?0???$guarded@XV<lambda_9c8d08f422480236d02fcb278dc9ac04>@@@?A0x55aa8b99@@YAXV<lambda_9c8d08f422480236d02fcb278dc9ac04>@@@Z@4HA
AEE 00000000 SECT265 notype       Static      | .pdata
    Section length    C, #relocs    3, #linenums    0, checksum 8F085A64, selection    5 (pick associative Section 0x65)
AF0 00000000 SECT265 notype       Static      | $pdata$?catch$0@?0???$guarded@XV<lambda_9c8d08f422480236d02fcb278dc9ac04>@@@?A0x55aa8b99@@YAXV<lambda_9c8d08f422480236d02fcb278dc9ac04>@@@Z@4HA
AF1 00000000 SECT266 notype       Static      | .xdata
    Section length   10, #relocs    2, #linenums    0, checksum 5840A276, selection    5 (pick associative Section 0x65)
AF3 00000000 SECT266 notype       Static      | $unwind$?catch$1@?0???$guarded@XV<lambda_9c8d08f422480236d02fcb278dc9ac04>@@@?A0x55aa8b99@@YAXV<lambda_9c8d08f422480236d02fcb278dc9ac04>@@@Z@4HA
AF4 00000000 SECT267 notype       Static      | .pdata
    Section length    C, #relocs    3, #linenums    0, checksum 62737787, selection    5 (pick associative Section 0x65)
AF6 00000000 SECT267 notype       Static      | $pdata$?catch$1@?0???$guarded@XV<lambda_9c8d08f422480236d02fcb278dc9ac04>@@@?A0x55aa8b99@@YAXV<lambda_9c8d08f422480236d02fcb278dc9ac04>@@@Z@4HA
AF7 000002E8 SECTE1 notype       Static       | $unwind$??R<lambda_668cc8ef30740f6e794cdc8d64d44f87>@@QEBAPEAU_STREAM@@XZ
AF8 000003A8 SECTE2 notype       Static       | $pdata$??R<lambda_668cc8ef30740f6e794cdc8d64d44f87>@@QEBAPEAU_STREAM@@XZ
AF9 00000000 SECT268 notype       Static      | .xdata
    Section length   10, #relocs    2, #linenums    0, checksum F8934927, selection    5 (pick associative Section 0x35)
AFB 00000000 SECT268 notype       Static      | $unwind$??$guarded@PEAU_STREAM@@V<lambda_668cc8ef30740f6e794cdc8d64d44f87>@@@?A0x55aa8b99@@YAPEAU_STREAM@@V<lambda_668cc8ef30740f6e794cdc8d64d44f87>@@@Z
AFC 00000000 SECT269 notype       Static      | .pdata
    Section length    C, #relocs    3, #linenums    0, checksum 9047414F, selection    5 (pick associative Section 0x35)
AFE 00000000 SECT269 notype       Static      | $pdata$??$guarded@PEAU_STREAM@@V<lambda_668cc8ef30740f6e794cdc8d64d44f87>@@@?A0x55aa8b99@@YAPEAU_STREAM@@V<lambda_668cc8ef30740f6e794cdc8d64d44f87>@@@Z
AFF 00000000 SECT26A notype       Static      | .rdata
    Section length   28, #relocs    3, #linenums    0, checksum ABF80385, selection    5 (pick associative Section 0x35)
B01 00000000 SECT26A notype       Static      | $cppxdata$??$guarded@PEAU_STREAM@@V<lambda_668cc8ef30740f6e794cdc8d64d44f87>@@@?A0x55aa8b99@@YAPEAU_STREAM@@V<lambda_668cc8ef30740f6e794cdc8d64d44f87>@@@Z
B02 00000000 SECT26B notype       Static      | .xdata
    Section length   10, #relocs    0, #linenums    0, checksum 8999943C, selection    5 (pick associative Section 0x35)
B04 00000000 SECT26B notype       Static      | $stateUnwindMap$??$guarded@PEAU_STREAM@@V<lambda_668cc8ef30740f6e794cdc8d64d44f87>@@@?A0x55aa8b99@@YAPEAU_STREAM@@V<lambda_668cc8ef30740f6e794cdc8d64d44f87>@@@Z
B05 00000000 SECT26C notype       Static      | .xdata
    Section length   14, #relocs    1, #linenums    0, checksum D9804B12, selection    5 (pick associative Section 0x35)
B07 00000000 SECT26C notype       Static      | $tryMap$??$guarded@PEAU_STREAM@@V<lambda_668cc8ef30740f6e794cdc8d64d44f87>@@@?A0x55aa8b99@@YAPEAU_STREAM@@V<lambda_668cc8ef30740f6e794cdc8d64d44f87>@@@Z
B08 00000000 SECT26D notype       Static      | .xdata
    Section length   28, #relocs    3, #linenums    0, checksum 5F46379F, selection    5 (pick associative Section 0x35)
B0A 00000000 SECT26D notype       Static      | $handlerMap$0$??$guarded@PEAU_STREAM@@V<lambda_668cc8ef30740f6e794cdc8d64d44f87>@@@?A0x55aa8b99@@YAPEAU_STREAM@@V<lambda_668cc8ef30740f6e794cdc8d64d44f87>@@@Z
B0B 00000000 SECT26E notype       Static      | .xdata
    Section length   30, #relocs    6, #linenums    0, checksum F5BFE449, selection    5 (pick associative Section 0x35)
B0D 00000000 SECT26E notype       Static      | $ip2state$??$guarded@PEAU_STREAM@@V<lambda_668cc8ef30740f6e794cdc8d64d44f87>@@@?A0x55aa8b99@@YAPEAU_STREAM@@V<lambda_668cc8ef30740f6e794cdc8d64d44f87>@@@Z
B0E 00000000 SECT26F notype       Static      | .xdata
    Section length   10, #relocs    2, #linenums    0, checksum 5840A276, selection    5 (pick associative Section 0x35)
B10 00000000 SECT26F notype       Static      | $unwind$?catch$0@?0???$guarded@PEAU_STREAM@@V<lambda_668cc8ef30740f6e794cdc8d64d44f87>@@@?A0x55aa8b99@@YAPEAU_STREAM@@V<lambda_668cc8ef30740f6e794cdc8d64d44f87>@@@Z@4HA
B11 00000000 SECT270 notype       Static      | .pdata
    Section length    C, #relocs    3, #linenums    0, checksum 8F085A64, selection    5 (pick associative Section 0x35)
B13 00000000 SECT270 notype       Static      | $pdata$?catch$0@?0???$guarded@PEAU_STREAM@@V<lambda_668cc8ef30740f6e794cdc8d64d44f87>@@@?A0x55aa8b99@@YAPEAU_STREAM@@V<lambda_668cc8ef30740f6e794cdc8d64d44f87>@@@Z@4HA
B14 00000000 SECT271 notype       Static      | .xdata
    Section length   10, #relocs    2, #linenums    0, checksum 5840A276, selection    5 (pick associative Section 0x35)
B16 00000000 SECT271 notype       Static      | $unwind$?catch$1@?0???$guarded@PEAU_STREAM@@V<lambda_668cc8ef30740f6e794cdc8d64d44f87>@@@?A0x55aa8b99@@YAPEAU_STREAM@@V<lambda_668cc8ef30740f6e794cdc8d64d44f87>@@@Z@4HA
B17 00000000 SECT272 notype       Static      | .pdata
    Section length    C, #relocs    3, #linenums    0, checksum 62737787, selection    5 (pick associative Section 0x35)
B19 00000000 SECT272 notype       Static      | $pdata$?catch$1@?0???$guarded@PEAU_STREAM@@V<lambda_668cc8ef30740f6e794cdc8d64d44f87>@@@?A0x55aa8b99@@YAPEAU_STREAM@@V<lambda_668cc8ef30740f6e794cdc8d64d44f87>@@@Z@4HA
B1A 000002F0 SECTE1 notype       Static       | $unwind$??R<lambda_36169225f1b0fa054899674485753e12>@@QEBAXXZ
B1B 000003B4 SECTE2 notype       Static       | $pdata$??R<lambda_36169225f1b0fa054899674485753e12>@@QEBAXXZ
B1C 00000000 SECT273 notype       Static      | .xdata
    Section length   10, #relocs    2, #linenums    0, checksum DFA6EA80, selection    5 (pick associative Section 0x49)
B1E 00000000 SECT273 notype       Static      | $unwind$??$guarded@XV<lambda_36169225f1b0fa054899674485753e12>@@@?A0x55aa8b99@@YAXV<lambda_36169225f1b0fa054899674485753e12>@@@Z
B1F 00000000 SECT274 notype       Static      | .pdata
    Section length    C, #relocs    3, #linenums    0, checksum  1875D87, selection    5 (pick associative Section 0x49)
B21 00000000 SECT274 notype       Static      | $pdata$??$guarded@XV<lambda_36169225f1b0fa054899674485753e12>@@@?A0x55aa8b99@@YAXV<lambda_36169225f1b0fa054899674485753e12>@@@Z
B22 00000000 SECT275 notype       Static      | .rdata
    Section length   28, #relocs    3, #linenums    0, checksum A1EC9887, selection    5 (pick associative Section 0x49)
B24 00000000 SECT275 notype       Static      | $cppxdata$??$guarded@XV<lambda_36169225f1b0fa054899674485753e12>@@@?A0x55aa8b99@@YAXV<lambda_36169225f1b0fa054899674485753e12>@@@Z
B25 00000000 SECT276 notype       Static      | .xdata
    Section length   10, #relocs    0, #linenums    0, checksum 8999943C, selection    5 (pick associative Section 0x49)
B27 00000000 SECT276 notype       Static      | $stateUnwindMap$??$guarded@XV<lambda_36169225f1b0fa054899674485753e12>@@@?A0x55aa8b99@@YAXV<lambda_36169225f1b0fa054899674485753e12>@@@Z
B28 00000000 SECT277 notype       Static      | .xdata
    Section length   14, #relocs    1, #linenums    0, checksum D9804B12, selection    5 (pick associative Section 0x49)
B2A 00000000 SECT277 notype       Static      | $tryMap$??$guarded@XV<lambda_36169225f1b0fa054899674485753e12>@@@?A0x55aa8b99@@YAXV<lambda_36169225f1b0fa054899674485753e12>@@@Z
B2B 00000000 SECT278 notype       Static      | .xdata
    Section length   28, #relocs    3, #linenums    0, checksum BC5203CB, selection    5 (pick associative Section 0x49)
B2D 00000000 SECT278 notype       Static      | $handlerMap$0$??$guarded@XV<lambda_36169225f1b0fa054899674485753e12>@@@?A0x55aa8b99@@YAXV<lambda_36169225f1b0fa054899674485753e12>@@@Z
B2E 00000000 SECT279 notype       Static      | .xdata
    Section length   30, #relocs    6, #linenums    0, checksum F5BFE449, selection    5 (pick associative Section 0x49)
B30 00000000 SECT279 notype       Static      | $ip2state$??$guarded@XV<lambda_36169225f1b0fa054899674485753e12>@@@?A0x55aa8b99@@YAXV<lambda_36169225f1b0fa054899674485753e12>@@@Z
B31 00000000 SECT27A notype       Static      | .xdata
    Section length   10, #relocs    2, #linenums    0, checksum 5840A276, selection    5 (pick associative Section 0x49)
B33 00000000 SECT27A notype       Static      | $unwind$?catch$0@?0???$guarded@XV<lambda_36169225f1b0fa054899674485753e12>@@@?A0x55aa8b99@@YAXV<lambda_36169225f1b0fa054899674485753e12>@@@Z@4HA
B34 00000000 SECT27B notype       Static      | .pdata
    Section length    C, #relocs    3, #linenums    0, checksum 8F085A64, selection    5 (pick associative Section 0x49)
B36 00000000 SECT27B notype       Static      | $pdata$?catch$0@?0???$guarded@XV<lambda_36169225f1b0fa054899674485753e12>@@@?A0x55aa8b99@@YAXV<lambda_36169225f1b0fa054899674485753e12>@@@Z@4HA
B37 00000000 SECT27C notype       Static      | .xdata
    Section length   10, #relocs    2, #linenums    0, checksum 5840A276, selection    5 (pick associative Section 0x49)
B39 00000000 SECT27C notype       Static      | $unwind$?catch$1@?0???$guarded@XV<lambda_36169225f1b0fa054899674485753e12>@@@?A0x55aa8b99@@YAXV<lambda_36169225f1b0fa054899674485753e12>@@@Z@4HA
B3A 00000000 SECT27D notype       Static      | .pdata
    Section length    C, #relocs    3, #linenums    0, checksum 62737787, selection    5 (pick associative Section 0x49)
B3C 00000000 SECT27D notype       Static      | $pdata$?catch$1@?0???$guarded@XV<lambda_36169225f1b0fa054899674485753e12>@@@?A0x55aa8b99@@YAXV<lambda_36169225f1b0fa054899674485753e12>@@@Z@4HA
B3D 000002F8 SECTE1 notype       Static       | $unwind$??R<lambda_414b2bb923474fc24add9b264f954cc1>@@QEBAPEAU_SAMPLE@@XZ
B3E 000003C0 SECTE2 notype       Static       | $pdata$??R<lambda_414b2bb923474fc24add9b264f954cc1>@@QEBAPEAU_SAMPLE@@XZ
B3F 00000000 SECT27E notype       Static      | .xdata
    Section length   10, #relocs    2, #linenums    0, checksum F8934927, selection    5 (pick associative Section 0x31)
B41 00000000 SECT27E notype       Static      | $unwind$??$guarded@PEAU_SAMPLE@@V<lambda_414b2bb923474fc24add9b264f954cc1>@@@?A0x55aa8b99@@YAPEAU_SAMPLE@@V<lambda_414b2bb923474fc24add9b264f954cc1>@@@Z
B42 00000000 SECT27F notype       Static      | .pdata
    Section length    C, #relocs    3, #linenums    0, checksum 9047414F, selection    5 (pick associative Section 0x31)
B44 00000000 SECT27F notype       Static      | $pdata$??$guarded@PEAU_SAMPLE@@V<lambda_414b2bb923474fc24add9b264f954cc1>@@@?A0x55aa8b99@@YAPEAU_SAMPLE@@V<lambda_414b2bb923474fc24add9b264f954cc1>@@@Z
B45 00000000 SECT280 notype       Static      | .rdata
    Section length   28, #relocs    3, #linenums    0, checksum ABF80385, selection    5 (pick associative Section 0x31)
B47 00000000 SECT280 notype       Static      | $cppxdata$??$guarded@PEAU_SAMPLE@@V<lambda_414b2bb923474fc24add9b264f954cc1>@@@?A0x55aa8b99@@YAPEAU_SAMPLE@@V<lambda_414b2bb923474fc24add9b264f954cc1>@@@Z
B48 00000000 SECT281 notype       Static      | .xdata
    Section length   10, #relocs    0, #linenums    0, checksum 8999943C, selection    5 (pick associative Section 0x31)
B4A 00000000 SECT281 notype       Static      | $stateUnwindMap$??$guarded@PEAU_SAMPLE@@V<lambda_414b2bb923474fc24add9b264f954cc1>@@@?A0x55aa8b99@@YAPEAU_SAMPLE@@V<lambda_414b2bb923474fc24add9b264f954cc1>@@@Z
B4B 00000000 SECT282 notype       Static      | .xdata
    Section length   14, #relocs    1, #linenums    0, checksum D9804B12, selection    5 (pick associative Section 0x31)
B4D 00000000 SECT282 notype       Static      | $tryMap$??$guarded@PEAU_SAMPLE@@V<lambda_414b2bb923474fc24add9b264f954cc1>@@@?A0x55aa8b99@@YAPEAU_SAMPLE@@V<lambda_414b2bb923474fc24add9b264f954cc1>@@@Z
B4E 00000000 SECT283 notype       Static      | .xdata
    Section length   28, #relocs    3, #linenums    0, checksum 5F46379F, selection    5 (pick associative Section 0x31)
B50 00000000 SECT283 notype       Static      | $handlerMap$0$??$guarded@PEAU_SAMPLE@@V<lambda_414b2bb923474fc24add9b264f954cc1>@@@?A0x55aa8b99@@YAPEAU_SAMPLE@@V<lambda_414b2bb923474fc24add9b264f954cc1>@@@Z
B51 00000000 SECT284 notype       Static      | .xdata
    Section length   30, #relocs    6, #linenums    0, checksum F5BFE449, selection    5 (pick associative Section 0x31)
B53 00000000 SECT284 notype       Static      | $ip2state$??$guarded@PEAU_SAMPLE@@V<lambda_414b2bb923474fc24add9b264f954cc1>@@@?A0x55aa8b99@@YAPEAU_SAMPLE@@V<lambda_414b2bb923474fc24add9b264f954cc1>@@@Z
B54 00000000 SECT285 notype       Static      | .xdata
    Section length   10, #relocs    2, #linenums    0, checksum 5840A276, selection    5 (pick associative Section 0x31)
B56 00000000 SECT285 notype       Static      | $unwind$?catch$0@?0???$guarded@PEAU_SAMPLE@@V<lambda_414b2bb923474fc24add9b264f954cc1>@@@?A0x55aa8b99@@YAPEAU_SAMPLE@@V<lambda_414b2bb923474fc24add9b264f954cc1>@@@Z@4HA
B57 00000000 SECT286 notype       Static      | .pdata
    Section length    C, #relocs    3, #linenums    0, checksum 8F085A64, selection    5 (pick associative Section 0x31)
B59 00000000 SECT286 notype       Static      | $pdata$?catch$0@?0???$guarded@PEAU_SAMPLE@@V<lambda_414b2bb923474fc24add9b264f954cc1>@@@?A0x55aa8b99@@YAPEAU_SAMPLE@@V<lambda_414b2bb923474fc24add9b264f954cc1>@@@Z@4HA
B5A 00000000 SECT287 notype       Static      | .xdata
    Section length   10, #relocs    2, #linenums    0, checksum 5840A276, selection    5 (pick associative Section 0x31)
B5C 00000000 SECT287 notype       Static      | $unwind$?catch$1@?0???$guarded@PEAU_SAMPLE@@V<lambda_414b2bb923474fc24add9b264f954cc1>@@@?A0x55aa8b99@@YAPEAU_SAMPLE@@V<lambda_414b2bb923474fc24add9b264f954cc1>@@@Z@4HA
B5D 00000000 SECT288 notype       Static      | .pdata
    Section length    C, #relocs    3, #linenums    0, checksum 62737787, selection    5 (pick associative Section 0x31)
B5F 00000000 SECT288 notype       Static      | $pdata$?catch$1@?0???$guarded@PEAU_SAMPLE@@V<lambda_414b2bb923474fc24add9b264f954cc1>@@@?A0x55aa8b99@@YAPEAU_SAMPLE@@V<lambda_414b2bb923474fc24add9b264f954cc1>@@@Z@4HA
B60 00000300 SECTE1 notype       Static       | $unwind$??R<lambda_c03c80beb971b5d19fae2847b31cb87b>@@QEBAXXZ
B61 000003CC SECTE2 notype       Static       | $pdata$??R<lambda_c03c80beb971b5d19fae2847b31cb87b>@@QEBAXXZ
B62 00000000 SECT289 notype       Static      | .xdata
    Section length   10, #relocs    2, #linenums    0, checksum DFA6EA80, selection    5 (pick associative Section 0x71)
B64 00000000 SECT289 notype       Static      | $unwind$??$guarded@XV<lambda_c03c80beb971b5d19fae2847b31cb87b>@@@?A0x55aa8b99@@YAXV<lambda_c03c80beb971b5d19fae2847b31cb87b>@@@Z
B65 00000000 SECT28A notype       Static      | .pdata
    Section length    C, #relocs    3, #linenums    0, checksum  1875D87, selection    5 (pick associative Section 0x71)
B67 00000000 SECT28A notype       Static      | $pdata$??$guarded@XV<lambda_c03c80beb971b5d19fae2847b31cb87b>@@@?A0x55aa8b99@@YAXV<lambda_c03c80beb971b5d19fae2847b31cb87b>@@@Z
B68 00000000 SECT28B notype       Static      | .rdata
    Section length   28, #relocs    3, #linenums    0, checksum A1EC9887, selection    5 (pick associative Section 0x71)
B6A 00000000 SECT28B notype       Static      | $cppxdata$??$guarded@XV<lambda_c03c80beb971b5d19fae2847b31cb87b>@@@?A0x55aa8b99@@YAXV<lambda_c03c80beb971b5d19fae2847b31cb87b>@@@Z
B6B 00000000 SECT28C notype       Static      | .xdata
    Section length   10, #relocs    0, #linenums    0, checksum 8999943C, selection    5 (pick associative Section 0x71)
B6D 00000000 SECT28C notype       Static      | $stateUnwindMap$??$guarded@XV<lambda_c03c80beb971b5d19fae2847b31cb87b>@@@?A0x55aa8b99@@YAXV<lambda_c03c80beb971b5d19fae2847b31cb87b>@@@Z
B6E 00000000 SECT28D notype       Static      | .xdata
    Section length   14, #relocs    1, #linenums    0, checksum D9804B12, selection    5 (pick associative Section 0x71)
B70 00000000 SECT28D notype       Static      | $tryMap$??$guarded@XV<lambda_c03c80beb971b5d19fae2847b31cb87b>@@@?A0x55aa8b99@@YAXV<lambda_c03c80beb971b5d19fae2847b31cb87b>@@@Z
B71 00000000 SECT28E notype       Static      | .xdata
    Section length   28, #relocs    3, #linenums    0, checksum BC5203CB, selection    5 (pick associative Section 0x71)
B73 00000000 SECT28E notype       Static      | $handlerMap$0$??$guarded@XV<lambda_c03c80beb971b5d19fae2847b31cb87b>@@@?A0x55aa8b99@@YAXV<lambda_c03c80beb971b5d19fae2847b31cb87b>@@@Z
B74 00000000 SECT28F notype       Static      | .xdata
    Section length   30, #relocs    6, #linenums    0, checksum F5BFE449, selection    5 (pick associative Section 0x71)
B76 00000000 SECT28F notype       Static      | $ip2state$??$guarded@XV<lambda_c03c80beb971b5d19fae2847b31cb87b>@@@?A0x55aa8b99@@YAXV<lambda_c03c80beb971b5d19fae2847b31cb87b>@@@Z
B77 00000000 SECT290 notype       Static      | .xdata
    Section length   10, #relocs    2, #linenums    0, checksum 5840A276, selection    5 (pick associative Section 0x71)
B79 00000000 SECT290 notype       Static      | $unwind$?catch$0@?0???$guarded@XV<lambda_c03c80beb971b5d19fae2847b31cb87b>@@@?A0x55aa8b99@@YAXV<lambda_c03c80beb971b5d19fae2847b31cb87b>@@@Z@4HA
B7A 00000000 SECT291 notype       Static      | .pdata
    Section length    C, #relocs    3, #linenums    0, checksum 8F085A64, selection    5 (pick associative Section 0x71)
B7C 00000000 SECT291 notype       Static      | $pdata$?catch$0@?0???$guarded@XV<lambda_c03c80beb971b5d19fae2847b31cb87b>@@@?A0x55aa8b99@@YAXV<lambda_c03c80beb971b5d19fae2847b31cb87b>@@@Z@4HA
B7D 00000000 SECT292 notype       Static      | .xdata
    Section length   10, #relocs    2, #linenums    0, checksum 5840A276, selection    5 (pick associative Section 0x71)
B7F 00000000 SECT292 notype       Static      | $unwind$?catch$1@?0???$guarded@XV<lambda_c03c80beb971b5d19fae2847b31cb87b>@@@?A0x55aa8b99@@YAXV<lambda_c03c80beb971b5d19fae2847b31cb87b>@@@Z@4HA
B80 00000000 SECT293 notype       Static      | .pdata
    Section length    C, #relocs    3, #linenums    0, checksum 62737787, selection    5 (pick associative Section 0x71)
B82 00000000 SECT293 notype       Static      | $pdata$?catch$1@?0???$guarded@XV<lambda_c03c80beb971b5d19fae2847b31cb87b>@@@?A0x55aa8b99@@YAXV<lambda_c03c80beb971b5d19fae2847b31cb87b>@@@Z@4HA
B83 00000308 SECTE1 notype       Static       | $unwind$??R<lambda_3d8c71d54f8f9cc7c0e4a2f4dfe13c02>@@QEBAXXZ
B84 000003D8 SECTE2 notype       Static       | $pdata$??R<lambda_3d8c71d54f8f9cc7c0e4a2f4dfe13c02>@@QEBAXXZ
B85 00000000 SECT294 notype       Static      | .xdata
    Section length   10, #relocs    2, #linenums    0, checksum DFA6EA80, selection    5 (pick associative Section 0x4B)
B87 00000000 SECT294 notype       Static      | $unwind$??$guarded@XV<lambda_3d8c71d54f8f9cc7c0e4a2f4dfe13c02>@@@?A0x55aa8b99@@YAXV<lambda_3d8c71d54f8f9cc7c0e4a2f4dfe13c02>@@@Z
B88 00000000 SECT295 notype       Static      | .pdata
    Section length    C, #relocs    3, #linenums    0, checksum  1875D87, selection    5 (pick associative Section 0x4B)
B8A 00000000 SECT295 notype       Static      | $pdata$??$guarded@XV<lambda_3d8c71d54f8f9cc7c0e4a2f4dfe13c02>@@@?A0x55aa8b99@@YAXV<lambda_3d8c71d54f8f9cc7c0e4a2f4dfe13c02>@@@Z
B8B 00000000 SECT296 notype       Static      | .rdata
    Section length   28, #relocs    3, #linenums    0, checksum A1EC9887, selection    5 (pick associative Section 0x4B)
B8D 00000000 SECT296 notype       Static      | $cppxdata$??$guarded@XV<lambda_3d8c71d54f8f9cc7c0e4a2f4dfe13c02>@@@?A0x55aa8b99@@YAXV<lambda_3d8c71d54f8f9cc7c0e4a2f4dfe13c02>@@@Z
B8E 00000000 SECT297 notype       Static      | .xdata
    Section length   10, #relocs    0, #linenums    0, checksum 8999943C, selection    5 (pick associative Section 0x4B)
B90 00000000 SECT297 notype       Static      | $stateUnwindMap$??$guarded@XV<lambda_3d8c71d54f8f9cc7c0e4a2f4dfe13c02>@@@?A0x55aa8b99@@YAXV<lambda_3d8c71d54f8f9cc7c0e4a2f4dfe13c02>@@@Z
B91 00000000 SECT298 notype       Static      | .xdata
    Section length   14, #relocs    1, #linenums    0, checksum D9804B12, selection    5 (pick associative Section 0x4B)
B93 00000000 SECT298 notype       Static      | $tryMap$??$guarded@XV<lambda_3d8c71d54f8f9cc7c0e4a2f4dfe13c02>@@@?A0x55aa8b99@@YAXV<lambda_3d8c71d54f8f9cc7c0e4a2f4dfe13c02>@@@Z
B94 00000000 SECT299 notype       Static      | .xdata
    Section length   28, #relocs    3, #linenums    0, checksum BC5203CB, selection    5 (pick associative Section 0x4B)
B96 00000000 SECT299 notype       Static      | $handlerMap$0$??$guarded@XV<lambda_3d8c71d54f8f9cc7c0e4a2f4dfe13c02>@@@?A0x55aa8b99@@YAXV<lambda_3d8c71d54f8f9cc7c0e4a2f4dfe13c02>@@@Z
B97 00000000 SECT29A notype       Static      | .xdata
    Section length   30, #relocs    6, #linenums    0, checksum F5BFE449, selection    5 (pick associative Section 0x4B)
B99 00000000 SECT29A notype       Static      | $ip2state$??$guarded@XV<lambda_3d8c71d54f8f9cc7c0e4a2f4dfe13c02>@@@?A0x55aa8b99@@YAXV<lambda_3d8c71d54f8f9cc7c0e4a2f4dfe13c02>@@@Z
B9A 00000000 SECT29B notype       Static      | .xdata
    Section length   10, #relocs    2, #linenums    0, checksum 5840A276, selection    5 (pick associative Section 0x4B)
B9C 00000000 SECT29B notype       Static      | $unwind$?catch$0@?0???$guarded@XV<lambda_3d8c71d54f8f9cc7c0e4a2f4dfe13c02>@@@?A0x55aa8b99@@YAXV<lambda_3d8c71d54f8f9cc7c0e4a2f4dfe13c02>@@@Z@4HA
B9D 00000000 SECT29C notype       Static      | .pdata
    Section length    C, #relocs    3, #linenums    0, checksum 8F085A64, selection    5 (pick associative Section 0x4B)
B9F 00000000 SECT29C notype       Static      | $pdata$?catch$0@?0???$guarded@XV<lambda_3d8c71d54f8f9cc7c0e4a2f4dfe13c02>@@@?A0x55aa8b99@@YAXV<lambda_3d8c71d54f8f9cc7c0e4a2f4dfe13c02>@@@Z@4HA
BA0 00000000 SECT29D notype       Static      | .xdata
    Section length   10, #relocs    2, #linenums    0, checksum 5840A276, selection    5 (pick associative Section 0x4B)
BA2 00000000 SECT29D notype       Static      | $unwind$?catch$1@?0???$guarded@XV<lambda_3d8c71d54f8f9cc7c0e4a2f4dfe13c02>@@@?A0x55aa8b99@@YAXV<lambda_3d8c71d54f8f9cc7c0e4a2f4dfe13c02>@@@Z@4HA
BA3 00000000 SECT29E notype       Static      | .pdata
    Section length    C, #relocs    3, #linenums    0, checksum 62737787, selection    5 (pick associative Section 0x4B)
BA5 00000000 SECT29E notype       Static      | $pdata$?catch$1@?0???$guarded@XV<lambda_3d8c71d54f8f9cc7c0e4a2f4dfe13c02>@@@?A0x55aa8b99@@YAXV<lambda_3d8c71d54f8f9cc7c0e4a2f4dfe13c02>@@@Z@4HA
BA6 00000310 SECTE1 notype       Static       | $unwind$??R<lambda_34f1ace2901c89165490f2d451d64f5e>@@QEBAXXZ
BA7 000003E4 SECTE2 notype       Static       | $pdata$??R<lambda_34f1ace2901c89165490f2d451d64f5e>@@QEBAXXZ
BA8 00000000 SECT29F notype       Static      | .xdata
    Section length   10, #relocs    2, #linenums    0, checksum DFA6EA80, selection    5 (pick associative Section 0x47)
BAA 00000000 SECT29F notype       Static      | $unwind$??$guarded@XV<lambda_34f1ace2901c89165490f2d451d64f5e>@@@?A0x55aa8b99@@YAXV<lambda_34f1ace2901c89165490f2d451d64f5e>@@@Z
BAB 00000000 SECT2A0 notype       Static      | .pdata
    Section length    C, #relocs    3, #linenums    0, checksum  1875D87, selection    5 (pick associative Section 0x47)
BAD 00000000 SECT2A0 notype       Static      | $pdata$??$guarded@XV<lambda_34f1ace2901c89165490f2d451d64f5e>@@@?A0x55aa8b99@@YAXV<lambda_34f1ace2901c89165490f2d451d64f5e>@@@Z
BAE 00000000 SECT2A1 notype       Static      | .rdata
    Section length   28, #relocs    3, #linenums    0, checksum A1EC9887, selection    5 (pick associative Section 0x47)
BB0 00000000 SECT2A1 notype       Static      | $cppxdata$??$guarded@XV<lambda_34f1ace2901c89165490f2d451d64f5e>@@@?A0x55aa8b99@@YAXV<lambda_34f1ace2901c89165490f2d451d64f5e>@@@Z
BB1 00000000 SECT2A2 notype       Static      | .xdata
    Section length   10, #relocs    0, #linenums    0, checksum 8999943C, selection    5 (pick associative Section 0x47)
BB3 00000000 SECT2A2 notype       Static      | $stateUnwindMap$??$guarded@XV<lambda_34f1ace2901c89165490f2d451d64f5e>@@@?A0x55aa8b99@@YAXV<lambda_34f1ace2901c89165490f2d451d64f5e>@@@Z
BB4 00000000 SECT2A3 notype       Static      | .xdata
    Section length   14, #relocs    1, #linenums    0, checksum D9804B12, selection    5 (pick associative Section 0x47)
BB6 00000000 SECT2A3 notype       Static      | $tryMap$??$guarded@XV<lambda_34f1ace2901c89165490f2d451d64f5e>@@@?A0x55aa8b99@@YAXV<lambda_34f1ace2901c89165490f2d451d64f5e>@@@Z
BB7 00000000 SECT2A4 notype       Static      | .xdata
    Section length   28, #relocs    3, #linenums    0, checksum BC5203CB, selection    5 (pick associative Section 0x47)
BB9 00000000 SECT2A4 notype       Static      | $handlerMap$0$??$guarded@XV<lambda_34f1ace2901c89165490f2d451d64f5e>@@@?A0x55aa8b99@@YAXV<lambda_34f1ace2901c89165490f2d451d64f5e>@@@Z
BBA 00000000 SECT2A5 notype       Static      | .xdata
    Section length   30, #relocs    6, #linenums    0, checksum F5BFE449, selection    5 (pick associative Section 0x47)
BBC 00000000 SECT2A5 notype       Static      | $ip2state$??$guarded@XV<lambda_34f1ace2901c89165490f2d451d64f5e>@@@?A0x55aa8b99@@YAXV<lambda_34f1ace2901c89165490f2d451d64f5e>@@@Z
BBD 00000000 SECT2A6 notype       Static      | .xdata
    Section length   10, #relocs    2, #linenums    0, checksum 5840A276, selection    5 (pick associative Section 0x47)
BBF 00000000 SECT2A6 notype       Static      | $unwind$?catch$0@?0???$guarded@XV<lambda_34f1ace2901c89165490f2d451d64f5e>@@@?A0x55aa8b99@@YAXV<lambda_34f1ace2901c89165490f2d451d64f5e>@@@Z@4HA
BC0 00000000 SECT2A7 notype       Static      | .pdata
    Section length    C, #relocs    3, #linenums    0, checksum 8F085A64, selection    5 (pick associative Section 0x47)
BC2 00000000 SECT2A7 notype       Static      | $pdata$?catch$0@?0???$guarded@XV<lambda_34f1ace2901c89165490f2d451d64f5e>@@@?A0x55aa8b99@@YAXV<lambda_34f1ace2901c89165490f2d451d64f5e>@@@Z@4HA
BC3 00000000 SECT2A8 notype       Static      | .xdata
    Section length   10, #relocs    2, #linenums    0, checksum 5840A276, selection    5 (pick associative Section 0x47)
BC5 00000000 SECT2A8 notype       Static      | $unwind$?catch$1@?0???$guarded@XV<lambda_34f1ace2901c89165490f2d451d64f5e>@@@?A0x55aa8b99@@YAXV<lambda_34f1ace2901c89165490f2d451d64f5e>@@@Z@4HA
BC6 00000000 SECT2A9 notype       Static      | .pdata
    Section length    C, #relocs    3, #linenums    0, checksum 62737787, selection    5 (pick associative Section 0x47)
BC8 00000000 SECT2A9 notype       Static      | $pdata$?catch$1@?0???$guarded@XV<lambda_34f1ace2901c89165490f2d451d64f5e>@@@?A0x55aa8b99@@YAXV<lambda_34f1ace2901c89165490f2d451d64f5e>@@@Z@4HA
BC9 00000318 SECTE1 notype       Static       | $unwind$??R<lambda_5a774c7978a1d14bee3b1d06437f0426>@@QEBAHXZ
BCA 000003F0 SECTE2 notype       Static       | $pdata$??R<lambda_5a774c7978a1d14bee3b1d06437f0426>@@QEBAHXZ
BCB 00000000 SECT2AA notype       Static      | .xdata
    Section length   10, #relocs    2, #linenums    0, checksum F8934927, selection    5 (pick associative Section 0x1F)
BCD 00000000 SECT2AA notype       Static      | $unwind$??$guarded@HV<lambda_5a774c7978a1d14bee3b1d06437f0426>@@@?A0x55aa8b99@@YAHV<lambda_5a774c7978a1d14bee3b1d06437f0426>@@@Z
BCE 00000000 SECT2AB notype       Static      | .pdata
    Section length    C, #relocs    3, #linenums    0, checksum D2624632, selection    5 (pick associative Section 0x1F)
BD0 00000000 SECT2AB notype       Static      | $pdata$??$guarded@HV<lambda_5a774c7978a1d14bee3b1d06437f0426>@@@?A0x55aa8b99@@YAHV<lambda_5a774c7978a1d14bee3b1d06437f0426>@@@Z
BD1 00000000 SECT2AC notype       Static      | .rdata
    Section length   28, #relocs    3, #linenums    0, checksum ABF80385, selection    5 (pick associative Section 0x1F)
BD3 00000000 SECT2AC notype       Static      | $cppxdata$??$guarded@HV<lambda_5a774c7978a1d14bee3b1d06437f0426>@@@?A0x55aa8b99@@YAHV<lambda_5a774c7978a1d14bee3b1d06437f0426>@@@Z
BD4 00000000 SECT2AD notype       Static      | .xdata
    Section length   10, #relocs    0, #linenums    0, checksum 8999943C, selection    5 (pick associative Section 0x1F)
BD6 00000000 SECT2AD notype       Static      | $stateUnwindMap$??$guarded@HV<lambda_5a774c7978a1d14bee3b1d06437f0426>@@@?A0x55aa8b99@@YAHV<lambda_5a774c7978a1d14bee3b1d06437f0426>@@@Z
BD7 00000000 SECT2AE notype       Static      | .xdata
    Section length   14, #relocs    1, #linenums    0, checksum D9804B12, selection    5 (pick associative Section 0x1F)
BD9 00000000 SECT2AE notype       Static      | $tryMap$??$guarded@HV<lambda_5a774c7978a1d14bee3b1d06437f0426>@@@?A0x55aa8b99@@YAHV<lambda_5a774c7978a1d14bee3b1d06437f0426>@@@Z
BDA 00000000 SECT2AF notype       Static      | .xdata
    Section length   28, #relocs    3, #linenums    0, checksum 5F46379F, selection    5 (pick associative Section 0x1F)
BDC 00000000 SECT2AF notype       Static      | $handlerMap$0$??$guarded@HV<lambda_5a774c7978a1d14bee3b1d06437f0426>@@@?A0x55aa8b99@@YAHV<lambda_5a774c7978a1d14bee3b1d06437f0426>@@@Z
BDD 00000000 SECT2B0 notype       Static      | .xdata
    Section length   30, #relocs    6, #linenums    0, checksum F5BFE449, selection    5 (pick associative Section 0x1F)
BDF 00000000 SECT2B0 notype       Static      | $ip2state$??$guarded@HV<lambda_5a774c7978a1d14bee3b1d06437f0426>@@@?A0x55aa8b99@@YAHV<lambda_5a774c7978a1d14bee3b1d06437f0426>@@@Z
BE0 00000000 SECT2B1 notype       Static      | .xdata
    Section length   10, #relocs    2, #linenums    0, checksum 5840A276, selection    5 (pick associative Section 0x1F)
BE2 00000000 SECT2B1 notype       Static      | $unwind$?catch$0@?0???$guarded@HV<lambda_5a774c7978a1d14bee3b1d06437f0426>@@@?A0x55aa8b99@@YAHV<lambda_5a774c7978a1d14bee3b1d06437f0426>@@@Z@4HA
BE3 00000000 SECT2B2 notype       Static      | .pdata
    Section length    C, #relocs    3, #linenums    0, checksum 8F085A64, selection    5 (pick associative Section 0x1F)
BE5 00000000 SECT2B2 notype       Static      | $pdata$?catch$0@?0???$guarded@HV<lambda_5a774c7978a1d14bee3b1d06437f0426>@@@?A0x55aa8b99@@YAHV<lambda_5a774c7978a1d14bee3b1d06437f0426>@@@Z@4HA
BE6 00000000 SECT2B3 notype       Static      | .xdata
    Section length   10, #relocs    2, #linenums    0, checksum 5840A276, selection    5 (pick associative Section 0x1F)
BE8 00000000 SECT2B3 notype       Static      | $unwind$?catch$1@?0???$guarded@HV<lambda_5a774c7978a1d14bee3b1d06437f0426>@@@?A0x55aa8b99@@YAHV<lambda_5a774c7978a1d14bee3b1d06437f0426>@@@Z@4HA
BE9 00000000 SECT2B4 notype       Static      | .pdata
    Section length    C, #relocs    3, #linenums    0, checksum 62737787, selection    5 (pick associative Section 0x1F)
BEB 00000000 SECT2B4 notype       Static      | $pdata$?catch$1@?0???$guarded@HV<lambda_5a774c7978a1d14bee3b1d06437f0426>@@@?A0x55aa8b99@@YAHV<lambda_5a774c7978a1d14bee3b1d06437f0426>@@@Z@4HA
BEC 00000320 SECTE1 notype       Static       | $unwind$??R<lambda_c41453374cd69c322f6690ca24e4f257>@@QEBAXXZ
BED 000003FC SECTE2 notype       Static       | $pdata$??R<lambda_c41453374cd69c322f6690ca24e4f257>@@QEBAXXZ
BEE 00000000 SECT2B5 notype       Static      | .xdata
    Section length   10, #relocs    2, #linenums    0, checksum DFA6EA80, selection    5 (pick associative Section 0x73)
BF0 00000000 SECT2B5 notype       Static      | $unwind$??$guarded@XV<lambda_c41453374cd69c322f6690ca24e4f257>@@@?A0x55aa8b99@@YAXV<lambda_c41453374cd69c322f6690ca24e4f257>@@@Z
BF1 00000000 SECT2B6 notype       Static      | .pdata
    Section length    C, #relocs    3, #linenums    0, checksum  1875D87, selection    5 (pick associative Section 0x73)
BF3 00000000 SECT2B6 notype       Static      | $pdata$??$guarded@XV<lambda_c41453374cd69c322f6690ca24e4f257>@@@?A0x55aa8b99@@YAXV<lambda_c41453374cd69c322f6690ca24e4f257>@@@Z
BF4 00000000 SECT2B7 notype       Static      | .rdata
    Section length   28, #relocs    3, #linenums    0, checksum A1EC9887, selection    5 (pick associative Section 0x73)
BF6 00000000 SECT2B7 notype       Static      | $cppxdata$??$guarded@XV<lambda_c41453374cd69c322f6690ca24e4f257>@@@?A0x55aa8b99@@YAXV<lambda_c41453374cd69c322f6690ca24e4f257>@@@Z
BF7 00000000 SECT2B8 notype       Static      | .xdata
    Section length   10, #relocs    0, #linenums    0, checksum 8999943C, selection    5 (pick associative Section 0x73)
BF9 00000000 SECT2B8 notype       Static      | $stateUnwindMap$??$guarded@XV<lambda_c41453374cd69c322f6690ca24e4f257>@@@?A0x55aa8b99@@YAXV<lambda_c41453374cd69c322f6690ca24e4f257>@@@Z
BFA 00000000 SECT2B9 notype       Static      | .xdata
    Section length   14, #relocs    1, #linenums    0, checksum D9804B12, selection    5 (pick associative Section 0x73)
BFC 00000000 SECT2B9 notype       Static      | $tryMap$??$guarded@XV<lambda_c41453374cd69c322f6690ca24e4f257>@@@?A0x55aa8b99@@YAXV<lambda_c41453374cd69c322f6690ca24e4f257>@@@Z
BFD 00000000 SECT2BA notype       Static      | .xdata
    Section length   28, #relocs    3, #linenums    0, checksum BC5203CB, selection    5 (pick associative Section 0x73)
BFF 00000000 SECT2BA notype       Static      | $handlerMap$0$??$guarded@XV<lambda_c41453374cd69c322f6690ca24e4f257>@@@?A0x55aa8b99@@YAXV<lambda_c41453374cd69c322f6690ca24e4f257>@@@Z
C00 00000000 SECT2BB notype       Static      | .xdata
    Section length   30, #relocs    6, #linenums    0, checksum F5BFE449, selection    5 (pick associative Section 0x73)
C02 00000000 SECT2BB notype       Static      | $ip2state$??$guarded@XV<lambda_c41453374cd69c322f6690ca24e4f257>@@@?A0x55aa8b99@@YAXV<lambda_c41453374cd69c322f6690ca24e4f257>@@@Z
C03 00000000 SECT2BC notype       Static      | .xdata
    Section length   10, #relocs    2, #linenums    0, checksum 5840A276, selection    5 (pick associative Section 0x73)
C05 00000000 SECT2BC notype       Static      | $unwind$?catch$0@?0???$guarded@XV<lambda_c41453374cd69c322f6690ca24e4f257>@@@?A0x55aa8b99@@YAXV<lambda_c41453374cd69c322f6690ca24e4f257>@@@Z@4HA
C06 00000000 SECT2BD notype       Static      | .pdata
    Section length    C, #relocs    3, #linenums    0, checksum 8F085A64, selection    5 (pick associative Section 0x73)
C08 00000000 SECT2BD notype       Static      | $pdata$?catch$0@?0???$guarded@XV<lambda_c41453374cd69c322f6690ca24e4f257>@@@?A0x55aa8b99@@YAXV<lambda_c41453374cd69c322f6690ca24e4f257>@@@Z@4HA
C09 00000000 SECT2BE notype       Static      | .xdata
    Section length   10, #relocs    2, #linenums    0, checksum 5840A276, selection    5 (pick associative Section 0x73)
C0B 00000000 SECT2BE notype       Static      | $unwind$?catch$1@?0???$guarded@XV<lambda_c41453374cd69c322f6690ca24e4f257>@@@?A0x55aa8b99@@YAXV<lambda_c41453374cd69c322f6690ca24e4f257>@@@Z@4HA
C0C 00000000 SECT2BF notype       Static      | .pdata
    Section length    C, #relocs    3, #linenums    0, checksum 62737787, selection    5 (pick associative Section 0x73)
C0E 00000000 SECT2BF notype       Static      | $pdata$?catch$1@?0???$guarded@XV<lambda_c41453374cd69c322f6690ca24e4f257>@@@?A0x55aa8b99@@YAXV<lambda_c41453374cd69c322f6690ca24e4f257>@@@Z@4HA
C0F 00000328 SECTE1 notype       Static       | $unwind$??R<lambda_ab2d9fde73215b4f665037889d9e59e2>@@QEBAXXZ
C10 00000408 SECTE2 notype       Static       | $pdata$??R<lambda_ab2d9fde73215b4f665037889d9e59e2>@@QEBAXXZ
C11 00000000 SECT2C0 notype       Static      | .xdata
    Section length   10, #relocs    2, #linenums    0, checksum DFA6EA80, selection    5 (pick associative Section 0x69)
C13 00000000 SECT2C0 notype       Static      | $unwind$??$guarded@XV<lambda_ab2d9fde73215b4f665037889d9e59e2>@@@?A0x55aa8b99@@YAXV<lambda_ab2d9fde73215b4f665037889d9e59e2>@@@Z
C14 00000000 SECT2C1 notype       Static      | .pdata
    Section length    C, #relocs    3, #linenums    0, checksum  1875D87, selection    5 (pick associative Section 0x69)
C16 00000000 SECT2C1 notype       Static      | $pdata$??$guarded@XV<lambda_ab2d9fde73215b4f665037889d9e59e2>@@@?A0x55aa8b99@@YAXV<lambda_ab2d9fde73215b4f665037889d9e59e2>@@@Z
C17 00000000 SECT2C2 notype       Static      | .rdata
    Section length   28, #relocs    3, #linenums    0, checksum A1EC9887, selection    5 (pick associative Section 0x69)
C19 00000000 SECT2C2 notype       Static      | $cppxdata$??$guarded@XV<lambda_ab2d9fde73215b4f665037889d9e59e2>@@@?A0x55aa8b99@@YAXV<lambda_ab2d9fde73215b4f665037889d9e59e2>@@@Z
C1A 00000000 SECT2C3 notype       Static      | .xdata
    Section length   10, #relocs    0, #linenums    0, checksum 8999943C, selection    5 (pick associative Section 0x69)
C1C 00000000 SECT2C3 notype       Static      | $stateUnwindMap$??$guarded@XV<lambda_ab2d9fde73215b4f665037889d9e59e2>@@@?A0x55aa8b99@@YAXV<lambda_ab2d9fde73215b4f665037889d9e59e2>@@@Z
C1D 00000000 SECT2C4 notype       Static      | .xdata
    Section length   14, #relocs    1, #linenums    0, checksum D9804B12, selection    5 (pick associative Section 0x69)
C1F 00000000 SECT2C4 notype       Static      | $tryMap$??$guarded@XV<lambda_ab2d9fde73215b4f665037889d9e59e2>@@@?A0x55aa8b99@@YAXV<lambda_ab2d9fde73215b4f665037889d9e59e2>@@@Z
C20 00000000 SECT2C5 notype       Static      | .xdata
    Section length   28, #relocs    3, #linenums    0, checksum BC5203CB, selection    5 (pick associative Section 0x69)
C22 00000000 SECT2C5 notype       Static      | $handlerMap$0$??$guarded@XV<lambda_ab2d9fde73215b4f665037889d9e59e2>@@@?A0x55aa8b99@@YAXV<lambda_ab2d9fde73215b4f665037889d9e59e2>@@@Z
C23 00000000 SECT2C6 notype       Static      | .xdata
    Section length   30, #relocs    6, #linenums    0, checksum F5BFE449, selection    5 (pick associative Section 0x69)
C25 00000000 SECT2C6 notype       Static      | $ip2state$??$guarded@XV<lambda_ab2d9fde73215b4f665037889d9e59e2>@@@?A0x55aa8b99@@YAXV<lambda_ab2d9fde73215b4f665037889d9e59e2>@@@Z
C26 00000000 SECT2C7 notype       Static      | .xdata
    Section length   10, #relocs    2, #linenums    0, checksum 5840A276, selection    5 (pick associative Section 0x69)
C28 00000000 SECT2C7 notype       Static      | $unwind$?catch$0@?0???$guarded@XV<lambda_ab2d9fde73215b4f665037889d9e59e2>@@@?A0x55aa8b99@@YAXV<lambda_ab2d9fde73215b4f665037889d9e59e2>@@@Z@4HA
C29 00000000 SECT2C8 notype       Static      | .pdata
    Section length    C, #relocs    3, #linenums    0, checksum 8F085A64, selection    5 (pick associative Section 0x69)
C2B 00000000 SECT2C8 notype       Static      | $pdata$?catch$0@?0???$guarded@XV<lambda_ab2d9fde73215b4f665037889d9e59e2>@@@?A0x55aa8b99@@YAXV<lambda_ab2d9fde73215b4f665037889d9e59e2>@@@Z@4HA
C2C 00000000 SECT2C9 notype       Static      | .xdata
    Section length   10, #relocs    2, #linenums    0, checksum 5840A276, selection    5 (pick associative Section 0x69)
C2E 00000000 SECT2C9 notype       Static      | $unwind$?catch$1@?0???$guarded@XV<lambda_ab2d9fde73215b4f665037889d9e59e2>@@@?A0x55aa8b99@@YAXV<lambda_ab2d9fde73215b4f665037889d9e59e2>@@@Z@4HA
C2F 00000000 SECT2CA notype       Static      | .pdata
    Section length    C, #relocs    3, #linenums    0, checksum 62737787, selection    5 (pick associative Section 0x69)
C31 00000000 SECT2CA notype       Static      | $pdata$?catch$1@?0???$guarded@XV<lambda_ab2d9fde73215b4f665037889d9e59e2>@@@?A0x55aa8b99@@YAXV<lambda_ab2d9fde73215b4f665037889d9e59e2>@@@Z@4HA
C32 00000330 SECTE1 notype       Static       | $unwind$??R<lambda_fd09c45152f3a914969b6ac271fd5632>@@QEBAPEAU_SAMPLE@@XZ
C33 00000414 SECTE2 notype       Static       | $pdata$??R<lambda_fd09c45152f3a914969b6ac271fd5632>@@QEBAPEAU_SAMPLE@@XZ
C34 00000000 SECT2CB notype       Static      | .xdata
    Section length   10, #relocs    2, #linenums    0, checksum F8934927, selection    5 (pick associative Section 0x33)
C36 00000000 SECT2CB notype       Static      | $unwind$??$guarded@PEAU_SAMPLE@@V<lambda_fd09c45152f3a914969b6ac271fd5632>@@@?A0x55aa8b99@@YAPEAU_SAMPLE@@V<lambda_fd09c45152f3a914969b6ac271fd5632>@@@Z
C37 00000000 SECT2CC notype       Static      | .pdata
    Section length    C, #relocs    3, #linenums    0, checksum 9047414F, selection    5 (pick associative Section 0x33)
C39 00000000 SECT2CC notype       Static      | $pdata$??$guarded@PEAU_SAMPLE@@V<lambda_fd09c45152f3a914969b6ac271fd5632>@@@?A0x55aa8b99@@YAPEAU_SAMPLE@@V<lambda_fd09c45152f3a914969b6ac271fd5632>@@@Z
C3A 00000000 SECT2CD notype       Static      | .rdata
    Section length   28, #relocs    3, #linenums    0, checksum ABF80385, selection    5 (pick associative Section 0x33)
C3C 00000000 SECT2CD notype       Static      | $cppxdata$??$guarded@PEAU_SAMPLE@@V<lambda_fd09c45152f3a914969b6ac271fd5632>@@@?A0x55aa8b99@@YAPEAU_SAMPLE@@V<lambda_fd09c45152f3a914969b6ac271fd5632>@@@Z
C3D 00000000 SECT2CE notype       Static      | .xdata
    Section length   10, #relocs    0, #linenums    0, checksum 8999943C, selection    5 (pick associative Section 0x33)
C3F 00000000 SECT2CE notype       Static      | $stateUnwindMap$??$guarded@PEAU_SAMPLE@@V<lambda_fd09c45152f3a914969b6ac271fd5632>@@@?A0x55aa8b99@@YAPEAU_SAMPLE@@V<lambda_fd09c45152f3a914969b6ac271fd5632>@@@Z
C40 00000000 SECT2CF notype       Static      | .xdata
    Section length   14, #relocs    1, #linenums    0, checksum D9804B12, selection    5 (pick associative Section 0x33)
C42 00000000 SECT2CF notype       Static      | $tryMap$??$guarded@PEAU_SAMPLE@@V<lambda_fd09c45152f3a914969b6ac271fd5632>@@@?A0x55aa8b99@@YAPEAU_SAMPLE@@V<lambda_fd09c45152f3a914969b6ac271fd5632>@@@Z
C43 00000000 SECT2D0 notype       Static      | .xdata
    Section length   28, #relocs    3, #linenums    0, checksum 5F46379F, selection    5 (pick associative Section 0x33)
C45 00000000 SECT2D0 notype       Static      | $handlerMap$0$??$guarded@PEAU_SAMPLE@@V<lambda_fd09c45152f3a914969b6ac271fd5632>@@@?A0x55aa8b99@@YAPEAU_SAMPLE@@V<lambda_fd09c45152f3a914969b6ac271fd5632>@@@Z
C46 00000000 SECT2D1 notype       Static      | .xdata
    Section length   30, #relocs    6, #linenums    0, checksum F5BFE449, selection    5 (pick associative Section 0x33)
C48 00000000 SECT2D1 notype       Static      | $ip2state$??$guarded@PEAU_SAMPLE@@V<lambda_fd09c45152f3a914969b6ac271fd5632>@@@?A0x55aa8b99@@YAPEAU_SAMPLE@@V<lambda_fd09c45152f3a914969b6ac271fd5632>@@@Z
C49 00000000 SECT2D2 notype       Static      | .xdata
    Section length   10, #relocs    2, #linenums    0, checksum 5840A276, selection    5 (pick associative Section 0x33)
C4B 00000000 SECT2D2 notype       Static      | $unwind$?catch$0@?0???$guarded@PEAU_SAMPLE@@V<lambda_fd09c45152f3a914969b6ac271fd5632>@@@?A0x55aa8b99@@YAPEAU_SAMPLE@@V<lambda_fd09c45152f3a914969b6ac271fd5632>@@@Z@4HA
C4C 00000000 SECT2D3 notype       Static      | .pdata
    Section length    C, #relocs    3, #linenums    0, checksum 8F085A64, selection    5 (pick associative Section 0x33)
C4E 00000000 SECT2D3 notype       Static      | $pdata$?catch$0@?0???$guarded@PEAU_SAMPLE@@V<lambda_fd09c45152f3a914969b6ac271fd5632>@@@?A0x55aa8b99@@YAPEAU_SAMPLE@@V<lambda_fd09c45152f3a914969b6ac271fd5632>@@@Z@4HA
C4F 00000000 SECT2D4 notype       Static      | .xdata
    Section length   10, #relocs    2, #linenums    0, checksum 5840A276, selection    5 (pick associative Section 0x33)
C51 00000000 SECT2D4 notype       Static      | $unwind$?catch$1@?0???$guarded@PEAU_SAMPLE@@V<lambda_fd09c45152f3a914969b6ac271fd5632>@@@?A0x55aa8b99@@YAPEAU_SAMPLE@@V<lambda_fd09c45152f3a914969b6ac271fd5632>@@@Z@4HA
C52 00000000 SECT2D5 notype       Static      | .pdata
    Section length    C, #relocs    3, #linenums    0, checksum 62737787, selection    5 (pick associative Section 0x33)
C54 00000000 SECT2D5 notype       Static      | $pdata$?catch$1@?0???$guarded@PEAU_SAMPLE@@V<lambda_fd09c45152f3a914969b6ac271fd5632>@@@?A0x55aa8b99@@YAPEAU_SAMPLE@@V<lambda_fd09c45152f3a914969b6ac271fd5632>@@@Z@4HA
C55 00000338 SECTE1 notype       Static       | $unwind$??R<lambda_114b8dd09eb2933836ad3213c1c38ef3>@@QEBAXXZ
C56 00000420 SECTE2 notype       Static       | $pdata$??R<lambda_114b8dd09eb2933836ad3213c1c38ef3>@@QEBAXXZ
C57 00000000 SECT2D6 notype       Static      | .xdata
    Section length   10, #relocs    2, #linenums    0, checksum DFA6EA80, selection    5 (pick associative Section 0x3D)
C59 00000000 SECT2D6 notype       Static      | $unwind$??$guarded@XV<lambda_114b8dd09eb2933836ad3213c1c38ef3>@@@?A0x55aa8b99@@YAXV<lambda_114b8dd09eb2933836ad3213c1c38ef3>@@@Z
C5A 00000000 SECT2D7 notype       Static      | .pdata
    Section length    C, #relocs    3, #linenums    0, checksum  1875D87, selection    5 (pick associative Section 0x3D)
C5C 00000000 SECT2D7 notype       Static      | $pdata$??$guarded@XV<lambda_114b8dd09eb2933836ad3213c1c38ef3>@@@?A0x55aa8b99@@YAXV<lambda_114b8dd09eb2933836ad3213c1c38ef3>@@@Z
C5D 00000000 SECT2D8 notype       Static      | .rdata
    Section length   28, #relocs    3, #linenums    0, checksum A1EC9887, selection    5 (pick associative Section 0x3D)
C5F 00000000 SECT2D8 notype       Static      | $cppxdata$??$guarded@XV<lambda_114b8dd09eb2933836ad3213c1c38ef3>@@@?A0x55aa8b99@@YAXV<lambda_114b8dd09eb2933836ad3213c1c38ef3>@@@Z
C60 00000000 SECT2D9 notype       Static      | .xdata
    Section length   10, #relocs    0, #linenums    0, checksum 8999943C, selection    5 (pick associative Section 0x3D)
C62 00000000 SECT2D9 notype       Static      | $stateUnwindMap$??$guarded@XV<lambda_114b8dd09eb2933836ad3213c1c38ef3>@@@?A0x55aa8b99@@YAXV<lambda_114b8dd09eb2933836ad3213c1c38ef3>@@@Z
C63 00000000 SECT2DA notype       Static      | .xdata
    Section length   14, #relocs    1, #linenums    0, checksum D9804B12, selection    5 (pick associative Section 0x3D)
C65 00000000 SECT2DA notype       Static      | $tryMap$??$guarded@XV<lambda_114b8dd09eb2933836ad3213c1c38ef3>@@@?A0x55aa8b99@@YAXV<lambda_114b8dd09eb2933836ad3213c1c38ef3>@@@Z
C66 00000000 SECT2DB notype       Static      | .xdata
    Section length   28, #relocs    3, #linenums    0, checksum BC5203CB, selection    5 (pick associative Section 0x3D)
C68 00000000 SECT2DB notype       Static      | $handlerMap$0$??$guarded@XV<lambda_114b8dd09eb2933836ad3213c1c38ef3>@@@?A0x55aa8b99@@YAXV<lambda_114b8dd09eb2933836ad3213c1c38ef3>@@@Z
C69 00000000 SECT2DC notype       Static      | .xdata
    Section length   30, #relocs    6, #linenums    0, checksum F5BFE449, selection    5 (pick associative Section 0x3D)
C6B 00000000 SECT2DC notype       Static      | $ip2state$??$guarded@XV<lambda_114b8dd09eb2933836ad3213c1c38ef3>@@@?A0x55aa8b99@@YAXV<lambda_114b8dd09eb2933836ad3213c1c38ef3>@@@Z
C6C 00000000 SECT2DD notype       Static      | .xdata
    Section length   10, #relocs    2, #linenums    0, checksum 5840A276, selection    5 (pick associative Section 0x3D)
C6E 00000000 SECT2DD notype       Static      | $unwind$?catch$0@?0???$guarded@XV<lambda_114b8dd09eb2933836ad3213c1c38ef3>@@@?A0x55aa8b99@@YAXV<lambda_114b8dd09eb2933836ad3213c1c38ef3>@@@Z@4HA
C6F 00000000 SECT2DE notype       Static      | .pdata
    Section length    C, #relocs    3, #linenums    0, checksum 8F085A64, selection    5 (pick associative Section 0x3D)
C71 00000000 SECT2DE notype       Static      | $pdata$?catch$0@?0???$guarded@XV<lambda_114b8dd09eb2933836ad3213c1c38ef3>@@@?A0x55aa8b99@@YAXV<lambda_114b8dd09eb2933836ad3213c1c38ef3>@@@Z@4HA
C72 00000000 SECT2DF notype       Static      | .xdata
    Section length   10, #relocs    2, #linenums    0, checksum 5840A276, selection    5 (pick associative Section 0x3D)
C74 00000000 SECT2DF notype       Static      | $unwind$?catch$1@?0???$guarded@XV<lambda_114b8dd09eb2933836ad3213c1c38ef3>@@@?A0x55aa8b99@@YAXV<lambda_114b8dd09eb2933836ad3213c1c38ef3>@@@Z@4HA
C75 00000000 SECT2E0 notype       Static      | .pdata
    Section length    C, #relocs    3, #linenums    0, checksum 62737787, selection    5 (pick associative Section 0x3D)
C77 00000000 SECT2E0 notype       Static      | $pdata$?catch$1@?0???$guarded@XV<lambda_114b8dd09eb2933836ad3213c1c38ef3>@@@?A0x55aa8b99@@YAXV<lambda_114b8dd09eb2933836ad3213c1c38ef3>@@@Z@4HA
C78 00000340 SECTE1 notype       Static       | $unwind$??R<lambda_a0c8e9f7d6cf0f24f3ccf1282c3471bb>@@QEBAXXZ
C79 0000042C SECTE2 notype       Static       | $pdata$??R<lambda_a0c8e9f7d6cf0f24f3ccf1282c3471bb>@@QEBAXXZ
C7A 00000000 SECT2E1 notype       Static      | .xdata
    Section length   10, #relocs    2, #linenums    0, checksum DFA6EA80, selection    5 (pick associative Section 0x67)
C7C 00000000 SECT2E1 notype       Static      | $unwind$??$guarded@XV<lambda_a0c8e9f7d6cf0f24f3ccf1282c3471bb>@@@?A0x55aa8b99@@YAXV<lambda_a0c8e9f7d6cf0f24f3ccf1282c3471bb>@@@Z
C7D 00000000 SECT2E2 notype       Static      | .pdata
    Section length    C, #relocs    3, #linenums    0, checksum  1875D87, selection    5 (pick associative Section 0x67)
C7F 00000000 SECT2E2 notype       Static      | $pdata$??$guarded@XV<lambda_a0c8e9f7d6cf0f24f3ccf1282c3471bb>@@@?A0x55aa8b99@@YAXV<lambda_a0c8e9f7d6cf0f24f3ccf1282c3471bb>@@@Z
C80 00000000 SECT2E3 notype       Static      | .rdata
    Section length   28, #relocs    3, #linenums    0, checksum A1EC9887, selection    5 (pick associative Section 0x67)
C82 00000000 SECT2E3 notype       Static      | $cppxdata$??$guarded@XV<lambda_a0c8e9f7d6cf0f24f3ccf1282c3471bb>@@@?A0x55aa8b99@@YAXV<lambda_a0c8e9f7d6cf0f24f3ccf1282c3471bb>@@@Z
C83 00000000 SECT2E4 notype       Static      | .xdata
    Section length   10, #relocs    0, #linenums    0, checksum 8999943C, selection    5 (pick associative Section 0x67)
C85 00000000 SECT2E4 notype       Static      | $stateUnwindMap$??$guarded@XV<lambda_a0c8e9f7d6cf0f24f3ccf1282c3471bb>@@@?A0x55aa8b99@@YAXV<lambda_a0c8e9f7d6cf0f24f3ccf1282c3471bb>@@@Z
C86 00000000 SECT2E5 notype       Static      | .xdata
    Section length   14, #relocs    1, #linenums    0, checksum D9804B12, selection    5 (pick associative Section 0x67)
C88 00000000 SECT2E5 notype       Static      | $tryMap$??$guarded@XV<lambda_a0c8e9f7d6cf0f24f3ccf1282c3471bb>@@@?A0x55aa8b99@@YAXV<lambda_a0c8e9f7d6cf0f24f3ccf1282c3471bb>@@@Z
C89 00000000 SECT2E6 notype       Static      | .xdata
    Section length   28, #relocs    3, #linenums    0, checksum BC5203CB, selection    5 (pick associative Section 0x67)
C8B 00000000 SECT2E6 notype       Static      | $handlerMap$0$??$guarded@XV<lambda_a0c8e9f7d6cf0f24f3ccf1282c3471bb>@@@?A0x55aa8b99@@YAXV<lambda_a0c8e9f7d6cf0f24f3ccf1282c3471bb>@@@Z
C8C 00000000 SECT2E7 notype       Static      | .xdata
    Section length   30, #relocs    6, #linenums    0, checksum F5BFE449, selection    5 (pick associative Section 0x67)
C8E 00000000 SECT2E7 notype       Static      | $ip2state$??$guarded@XV<lambda_a0c8e9f7d6cf0f24f3ccf1282c3471bb>@@@?A0x55aa8b99@@YAXV<lambda_a0c8e9f7d6cf0f24f3ccf1282c3471bb>@@@Z
C8F 00000000 SECT2E8 notype       Static      | .xdata
    Section length   10, #relocs    2, #linenums    0, checksum 5840A276, selection    5 (pick associative Section 0x67)
C91 00000000 SECT2E8 notype       Static      | $unwind$?catch$0@?0???$guarded@XV<lambda_a0c8e9f7d6cf0f24f3ccf1282c3471bb>@@@?A0x55aa8b99@@YAXV<lambda_a0c8e9f7d6cf0f24f3ccf1282c3471bb>@@@Z@4HA
C92 00000000 SECT2E9 notype       Static      | .pdata
    Section length    C, #relocs    3, #linenums    0, checksum 8F085A64, selection    5 (pick associative Section 0x67)
C94 00000000 SECT2E9 notype       Static      | $pdata$?catch$0@?0???$guarded@XV<lambda_a0c8e9f7d6cf0f24f3ccf1282c3471bb>@@@?A0x55aa8b99@@YAXV<lambda_a0c8e9f7d6cf0f24f3ccf1282c3471bb>@@@Z@4HA
C95 00000000 SECT2EA notype       Static      | .xdata
    Section length   10, #relocs    2, #linenums    0, checksum 5840A276, selection    5 (pick associative Section 0x67)
C97 00000000 SECT2EA notype       Static      | $unwind$?catch$1@?0???$guarded@XV<lambda_a0c8e9f7d6cf0f24f3ccf1282c3471bb>@@@?A0x55aa8b99@@YAXV<lambda_a0c8e9f7d6cf0f24f3ccf1282c3471bb>@@@Z@4HA
C98 00000000 SECT2EB notype       Static      | .pdata
    Section length    C, #relocs    3, #linenums    0, checksum 62737787, selection    5 (pick associative Section 0x67)
C9A 00000000 SECT2EB notype       Static      | $pdata$?catch$1@?0???$guarded@XV<lambda_a0c8e9f7d6cf0f24f3ccf1282c3471bb>@@@?A0x55aa8b99@@YAXV<lambda_a0c8e9f7d6cf0f24f3ccf1282c3471bb>@@@Z@4HA
C9B 00000348 SECTE1 notype       Static       | $unwind$??R<lambda_9bba5dbd3126c16ff24d8c77a64511ca>@@QEBAXXZ
C9C 00000438 SECTE2 notype       Static       | $pdata$??R<lambda_9bba5dbd3126c16ff24d8c77a64511ca>@@QEBAXXZ
C9D 00000000 SECT2EC notype       Static      | .xdata
    Section length   10, #relocs    2, #linenums    0, checksum DFA6EA80, selection    5 (pick associative Section 0x63)
C9F 00000000 SECT2EC notype       Static      | $unwind$??$guarded@XV<lambda_9bba5dbd3126c16ff24d8c77a64511ca>@@@?A0x55aa8b99@@YAXV<lambda_9bba5dbd3126c16ff24d8c77a64511ca>@@@Z
CA0 00000000 SECT2ED notype       Static      | .pdata
    Section length    C, #relocs    3, #linenums    0, checksum  1875D87, selection    5 (pick associative Section 0x63)
CA2 00000000 SECT2ED notype       Static      | $pdata$??$guarded@XV<lambda_9bba5dbd3126c16ff24d8c77a64511ca>@@@?A0x55aa8b99@@YAXV<lambda_9bba5dbd3126c16ff24d8c77a64511ca>@@@Z
CA3 00000000 SECT2EE notype       Static      | .rdata
    Section length   28, #relocs    3, #linenums    0, checksum A1EC9887, selection    5 (pick associative Section 0x63)
CA5 00000000 SECT2EE notype       Static      | $cppxdata$??$guarded@XV<lambda_9bba5dbd3126c16ff24d8c77a64511ca>@@@?A0x55aa8b99@@YAXV<lambda_9bba5dbd3126c16ff24d8c77a64511ca>@@@Z
CA6 00000000 SECT2EF notype       Static      | .xdata
    Section length   10, #relocs    0, #linenums    0, checksum 8999943C, selection    5 (pick associative Section 0x63)
CA8 00000000 SECT2EF notype       Static      | $stateUnwindMap$??$guarded@XV<lambda_9bba5dbd3126c16ff24d8c77a64511ca>@@@?A0x55aa8b99@@YAXV<lambda_9bba5dbd3126c16ff24d8c77a64511ca>@@@Z
CA9 00000000 SECT2F0 notype       Static      | .xdata
    Section length   14, #relocs    1, #linenums    0, checksum D9804B12, selection    5 (pick associative Section 0x63)
CAB 00000000 SECT2F0 notype       Static      | $tryMap$??$guarded@XV<lambda_9bba5dbd3126c16ff24d8c77a64511ca>@@@?A0x55aa8b99@@YAXV<lambda_9bba5dbd3126c16ff24d8c77a64511ca>@@@Z
CAC 00000000 SECT2F1 notype       Static      | .xdata
    Section length   28, #relocs    3, #linenums    0, checksum BC5203CB, selection    5 (pick associative Section 0x63)
CAE 00000000 SECT2F1 notype       Static      | $handlerMap$0$??$guarded@XV<lambda_9bba5dbd3126c16ff24d8c77a64511ca>@@@?A0x55aa8b99@@YAXV<lambda_9bba5dbd3126c16ff24d8c77a64511ca>@@@Z
CAF 00000000 SECT2F2 notype       Static      | .xdata
    Section length   30, #relocs    6, #linenums    0, checksum F5BFE449, selection    5 (pick associative Section 0x63)
CB1 00000000 SECT2F2 notype       Static      | $ip2state$??$guarded@XV<lambda_9bba5dbd3126c16ff24d8c77a64511ca>@@@?A0x55aa8b99@@YAXV<lambda_9bba5dbd3126c16ff24d8c77a64511ca>@@@Z
CB2 00000000 SECT2F3 notype       Static      | .xdata
    Section length   10, #relocs    2, #linenums    0, checksum 5840A276, selection    5 (pick associative Section 0x63)
CB4 00000000 SECT2F3 notype       Static      | $unwind$?catch$0@?0???$guarded@XV<lambda_9bba5dbd3126c16ff24d8c77a64511ca>@@@?A0x55aa8b99@@YAXV<lambda_9bba5dbd3126c16ff24d8c77a64511ca>@@@Z@4HA
CB5 00000000 SECT2F4 notype       Static      | .pdata
    Section length    C, #relocs    3, #linenums    0, checksum 8F085A64, selection    5 (pick associative Section 0x63)
CB7 00000000 SECT2F4 notype       Static      | $pdata$?catch$0@?0???$guarded@XV<lambda_9bba5dbd3126c16ff24d8c77a64511ca>@@@?A0x55aa8b99@@YAXV<lambda_9bba5dbd3126c16ff24d8c77a64511ca>@@@Z@4HA
CB8 00000000 SECT2F5 notype       Static      | .xdata
    Section length   10, #relocs    2, #linenums    0, checksum 5840A276, selection    5 (pick associative Section 0x63)
CBA 00000000 SECT2F5 notype       Static      | $unwind$?catch$1@?0???$guarded@XV<lambda_9bba5dbd3126c16ff24d8c77a64511ca>@@@?A0x55aa8b99@@YAXV<lambda_9bba5dbd3126c16ff24d8c77a64511ca>@@@Z@4HA
CBB 00000000 SECT2F6 notype       Static      | .pdata
    Section length    C, #relocs    3, #linenums    0, checksum 62737787, selection    5 (pick associative Section 0x63)
CBD 00000000 SECT2F6 notype       Static      | $pdata$?catch$1@?0???$guarded@XV<lambda_9bba5dbd3126c16ff24d8c77a64511ca>@@@?A0x55aa8b99@@YAXV<lambda_9bba5dbd3126c16ff24d8c77a64511ca>@@@Z@4HA
CBE 00000350 SECTE1 notype       Static       | $unwind$??R<lambda_ed258bf0fe4262ec00e5d646525b0715>@@QEBAXXZ
CBF 00000444 SECTE2 notype       Static       | $pdata$??R<lambda_ed258bf0fe4262ec00e5d646525b0715>@@QEBAXXZ
CC0 00000000 SECT2F7 notype       Static      | .xdata
    Section length   10, #relocs    2, #linenums    0, checksum DFA6EA80, selection    5 (pick associative Section 0x79)
CC2 00000000 SECT2F7 notype       Static      | $unwind$??$guarded@XV<lambda_ed258bf0fe4262ec00e5d646525b0715>@@@?A0x55aa8b99@@YAXV<lambda_ed258bf0fe4262ec00e5d646525b0715>@@@Z
CC3 00000000 SECT2F8 notype       Static      | .pdata
    Section length    C, #relocs    3, #linenums    0, checksum  1875D87, selection    5 (pick associative Section 0x79)
CC5 00000000 SECT2F8 notype       Static      | $pdata$??$guarded@XV<lambda_ed258bf0fe4262ec00e5d646525b0715>@@@?A0x55aa8b99@@YAXV<lambda_ed258bf0fe4262ec00e5d646525b0715>@@@Z
CC6 00000000 SECT2F9 notype       Static      | .rdata
    Section length   28, #relocs    3, #linenums    0, checksum A1EC9887, selection    5 (pick associative Section 0x79)
CC8 00000000 SECT2F9 notype       Static      | $cppxdata$??$guarded@XV<lambda_ed258bf0fe4262ec00e5d646525b0715>@@@?A0x55aa8b99@@YAXV<lambda_ed258bf0fe4262ec00e5d646525b0715>@@@Z
CC9 00000000 SECT2FA notype       Static      | .xdata
    Section length   10, #relocs    0, #linenums    0, checksum 8999943C, selection    5 (pick associative Section 0x79)
CCB 00000000 SECT2FA notype       Static      | $stateUnwindMap$??$guarded@XV<lambda_ed258bf0fe4262ec00e5d646525b0715>@@@?A0x55aa8b99@@YAXV<lambda_ed258bf0fe4262ec00e5d646525b0715>@@@Z
CCC 00000000 SECT2FB notype       Static      | .xdata
    Section length   14, #relocs    1, #linenums    0, checksum D9804B12, selection    5 (pick associative Section 0x79)
CCE 00000000 SECT2FB notype       Static      | $tryMap$??$guarded@XV<lambda_ed258bf0fe4262ec00e5d646525b0715>@@@?A0x55aa8b99@@YAXV<lambda_ed258bf0fe4262ec00e5d646525b0715>@@@Z
CCF 00000000 SECT2FC notype       Static      | .xdata
    Section length   28, #relocs    3, #linenums    0, checksum BC5203CB, selection    5 (pick associative Section 0x79)
CD1 00000000 SECT2FC notype       Static      | $handlerMap$0$??$guarded@XV<lambda_ed258bf0fe4262ec00e5d646525b0715>@@@?A0x55aa8b99@@YAXV<lambda_ed258bf0fe4262ec00e5d646525b0715>@@@Z
CD2 00000000 SECT2FD notype       Static      | .xdata
    Section length   30, #relocs    6, #linenums    0, checksum F5BFE449, selection    5 (pick associative Section 0x79)
CD4 00000000 SECT2FD notype       Static      | $ip2state$??$guarded@XV<lambda_ed258bf0fe4262ec00e5d646525b0715>@@@?A0x55aa8b99@@YAXV<lambda_ed258bf0fe4262ec00e5d646525b0715>@@@Z
CD5 00000000 SECT2FE notype       Static      | .xdata
    Section length   10, #relocs    2, #linenums    0, checksum 5840A276, selection    5 (pick associative Section 0x79)
CD7 00000000 SECT2FE notype       Static      | $unwind$?catch$0@?0???$guarded@XV<lambda_ed258bf0fe4262ec00e5d646525b0715>@@@?A0x55aa8b99@@YAXV<lambda_ed258bf0fe4262ec00e5d646525b0715>@@@Z@4HA
CD8 00000000 SECT2FF notype       Static      | .pdata
    Section length    C, #relocs    3, #linenums    0, checksum 8F085A64, selection    5 (pick associative Section 0x79)
CDA 00000000 SECT2FF notype       Static      | $pdata$?catch$0@?0???$guarded@XV<lambda_ed258bf0fe4262ec00e5d646525b0715>@@@?A0x55aa8b99@@YAXV<lambda_ed258bf0fe4262ec00e5d646525b0715>@@@Z@4HA
CDB 00000000 SECT300 notype       Static      | .xdata
    Section length   10, #relocs    2, #linenums    0, checksum 5840A276, selection    5 (pick associative Section 0x79)
CDD 00000000 SECT300 notype       Static      | $unwind$?catch$1@?0???$guarded@XV<lambda_ed258bf0fe4262ec00e5d646525b0715>@@@?A0x55aa8b99@@YAXV<lambda_ed258bf0fe4262ec00e5d646525b0715>@@@Z@4HA
CDE 00000000 SECT301 notype       Static      | .pdata
    Section length    C, #relocs    3, #linenums    0, checksum 62737787, selection    5 (pick associative Section 0x79)
CE0 00000000 SECT301 notype       Static      | $pdata$?catch$1@?0???$guarded@XV<lambda_ed258bf0fe4262ec00e5d646525b0715>@@@?A0x55aa8b99@@YAXV<lambda_ed258bf0fe4262ec00e5d646525b0715>@@@Z@4HA
CE1 00000358 SECTE1 notype       Static       | $unwind$??R<lambda_553ba8f03dfeeba21c31831d3b8ece50>@@QEBAXXZ
CE2 00000450 SECTE2 notype       Static       | $pdata$??R<lambda_553ba8f03dfeeba21c31831d3b8ece50>@@QEBAXXZ
CE3 00000000 SECT302 notype       Static      | .xdata
    Section length   10, #relocs    2, #linenums    0, checksum DFA6EA80, selection    5 (pick associative Section 0x53)
CE5 00000000 SECT302 notype       Static      | $unwind$??$guarded@XV<lambda_553ba8f03dfeeba21c31831d3b8ece50>@@@?A0x55aa8b99@@YAXV<lambda_553ba8f03dfeeba21c31831d3b8ece50>@@@Z
CE6 00000000 SECT303 notype       Static      | .pdata
    Section length    C, #relocs    3, #linenums    0, checksum  1875D87, selection    5 (pick associative Section 0x53)
CE8 00000000 SECT303 notype       Static      | $pdata$??$guarded@XV<lambda_553ba8f03dfeeba21c31831d3b8ece50>@@@?A0x55aa8b99@@YAXV<lambda_553ba8f03dfeeba21c31831d3b8ece50>@@@Z
CE9 00000000 SECT304 notype       Static      | .rdata
    Section length   28, #relocs    3, #linenums    0, checksum A1EC9887, selection    5 (pick associative Section 0x53)
CEB 00000000 SECT304 notype       Static      | $cppxdata$??$guarded@XV<lambda_553ba8f03dfeeba21c31831d3b8ece50>@@@?A0x55aa8b99@@YAXV<lambda_553ba8f03dfeeba21c31831d3b8ece50>@@@Z
CEC 00000000 SECT305 notype       Static      | .xdata
    Section length   10, #relocs    0, #linenums    0, checksum 8999943C, selection    5 (pick associative Section 0x53)
CEE 00000000 SECT305 notype       Static      | $stateUnwindMap$??$guarded@XV<lambda_553ba8f03dfeeba21c31831d3b8ece50>@@@?A0x55aa8b99@@YAXV<lambda_553ba8f03dfeeba21c31831d3b8ece50>@@@Z
CEF 00000000 SECT306 notype       Static      | .xdata
    Section length   14, #relocs    1, #linenums    0, checksum D9804B12, selection    5 (pick associative Section 0x53)
CF1 00000000 SECT306 notype       Static      | $tryMap$??$guarded@XV<lambda_553ba8f03dfeeba21c31831d3b8ece50>@@@?A0x55aa8b99@@YAXV<lambda_553ba8f03dfeeba21c31831d3b8ece50>@@@Z
CF2 00000000 SECT307 notype       Static      | .xdata
    Section length   28, #relocs    3, #linenums    0, checksum BC5203CB, selection    5 (pick associative Section 0x53)
CF4 00000000 SECT307 notype       Static      | $handlerMap$0$??$guarded@XV<lambda_553ba8f03dfeeba21c31831d3b8ece50>@@@?A0x55aa8b99@@YAXV<lambda_553ba8f03dfeeba21c31831d3b8ece50>@@@Z
CF5 00000000 SECT308 notype       Static      | .xdata
    Section length   30, #relocs    6, #linenums    0, checksum F5BFE449, selection    5 (pick associative Section 0x53)
CF7 00000000 SECT308 notype       Static      | $ip2state$??$guarded@XV<lambda_553ba8f03dfeeba21c31831d3b8ece50>@@@?A0x55aa8b99@@YAXV<lambda_553ba8f03dfeeba21c31831d3b8ece50>@@@Z
CF8 00000000 SECT309 notype       Static      | .xdata
    Section length   10, #relocs    2, #linenums    0, checksum 5840A276, selection    5 (pick associative Section 0x53)
CFA 00000000 SECT309 notype       Static      | $unwind$?catch$0@?0???$guarded@XV<lambda_553ba8f03dfeeba21c31831d3b8ece50>@@@?A0x55aa8b99@@YAXV<lambda_553ba8f03dfeeba21c31831d3b8ece50>@@@Z@4HA
CFB 00000000 SECT30A notype       Static      | .pdata
    Section length    C, #relocs    3, #linenums    0, checksum 8F085A64, selection    5 (pick associative Section 0x53)
CFD 00000000 SECT30A notype       Static      | $pdata$?catch$0@?0???$guarded@XV<lambda_553ba8f03dfeeba21c31831d3b8ece50>@@@?A0x55aa8b99@@YAXV<lambda_553ba8f03dfeeba21c31831d3b8ece50>@@@Z@4HA
CFE 00000000 SECT30B notype       Static      | .xdata
    Section length   10, #relocs    2, #linenums    0, checksum 5840A276, selection    5 (pick associative Section 0x53)
D00 00000000 SECT30B notype       Static      | $unwind$?catch$1@?0???$guarded@XV<lambda_553ba8f03dfeeba21c31831d3b8ece50>@@@?A0x55aa8b99@@YAXV<lambda_553ba8f03dfeeba21c31831d3b8ece50>@@@Z@4HA
D01 00000000 SECT30C notype       Static      | .pdata
    Section length    C, #relocs    3, #linenums    0, checksum 62737787, selection    5 (pick associative Section 0x53)
D03 00000000 SECT30C notype       Static      | $pdata$?catch$1@?0???$guarded@XV<lambda_553ba8f03dfeeba21c31831d3b8ece50>@@@?A0x55aa8b99@@YAXV<lambda_553ba8f03dfeeba21c31831d3b8ece50>@@@Z@4HA
D04 00000360 SECTE1 notype       Static       | $unwind$??R<lambda_8f49d0341572fb3e0a595f9e8a2cb39b>@@QEBAIXZ
D05 0000045C SECTE2 notype       Static       | $pdata$??R<lambda_8f49d0341572fb3e0a595f9e8a2cb39b>@@QEBAIXZ
D06 00000000 SECT30D notype       Static      | .xdata
    Section length   10, #relocs    2, #linenums    0, checksum F8934927, selection    5 (pick associative Section 0x2B)
D08 00000000 SECT30D notype       Static      | $unwind$??$guarded@IV<lambda_8f49d0341572fb3e0a595f9e8a2cb39b>@@@?A0x55aa8b99@@YAIV<lambda_8f49d0341572fb3e0a595f9e8a2cb39b>@@@Z
D09 00000000 SECT30E notype       Static      | .pdata
    Section length    C, #relocs    3, #linenums    0, checksum D2624632, selection    5 (pick associative Section 0x2B)
D0B 00000000 SECT30E notype       Static      | $pdata$??$guarded@IV<lambda_8f49d0341572fb3e0a595f9e8a2cb39b>@@@?A0x55aa8b99@@YAIV<lambda_8f49d0341572fb3e0a595f9e8a2cb39b>@@@Z
D0C 00000000 SECT30F notype       Static      | .rdata
    Section length   28, #relocs    3, #linenums    0, checksum ABF80385, selection    5 (pick associative Section 0x2B)
D0E 00000000 SECT30F notype       Static      | $cppxdata$??$guarded@IV<lambda_8f49d0341572fb3e0a595f9e8a2cb39b>@@@?A0x55aa8b99@@YAIV<lambda_8f49d0341572fb3e0a595f9e8a2cb39b>@@@Z
D0F 00000000 SECT310 notype       Static      | .xdata
    Section length   10, #relocs    0, #linenums    0, checksum 8999943C, selection    5 (pick associative Section 0x2B)
D11 00000000 SECT310 notype       Static      | $stateUnwindMap$??$guarded@IV<lambda_8f49d0341572fb3e0a595f9e8a2cb39b>@@@?A0x55aa8b99@@YAIV<lambda_8f49d0341572fb3e0a595f9e8a2cb39b>@@@Z
D12 00000000 SECT311 notype       Static      | .xdata
    Section length   14, #relocs    1, #linenums    0, checksum D9804B12, selection    5 (pick associative Section 0x2B)
D14 00000000 SECT311 notype       Static      | $tryMap$??$guarded@IV<lambda_8f49d0341572fb3e0a595f9e8a2cb39b>@@@?A0x55aa8b99@@YAIV<lambda_8f49d0341572fb3e0a595f9e8a2cb39b>@@@Z
D15 00000000 SECT312 notype       Static      | .xdata
    Section length   28, #relocs    3, #linenums    0, checksum 5F46379F, selection    5 (pick associative Section 0x2B)
D17 00000000 SECT312 notype       Static      | $handlerMap$0$??$guarded@IV<lambda_8f49d0341572fb3e0a595f9e8a2cb39b>@@@?A0x55aa8b99@@YAIV<lambda_8f49d0341572fb3e0a595f9e8a2cb39b>@@@Z
D18 00000000 SECT313 notype       Static      | .xdata
    Section length   30, #relocs    6, #linenums    0, checksum F5BFE449, selection    5 (pick associative Section 0x2B)
D1A 00000000 SECT313 notype       Static      | $ip2state$??$guarded@IV<lambda_8f49d0341572fb3e0a595f9e8a2cb39b>@@@?A0x55aa8b99@@YAIV<lambda_8f49d0341572fb3e0a595f9e8a2cb39b>@@@Z
D1B 00000000 SECT314 notype       Static      | .xdata
    Section length   10, #relocs    2, #linenums    0, checksum 5840A276, selection    5 (pick associative Section 0x2B)
D1D 00000000 SECT314 notype       Static      | $unwind$?catch$0@?0???$guarded@IV<lambda_8f49d0341572fb3e0a595f9e8a2cb39b>@@@?A0x55aa8b99@@YAIV<lambda_8f49d0341572fb3e0a595f9e8a2cb39b>@@@Z@4HA
D1E 00000000 SECT315 notype       Static      | .pdata
    Section length    C, #relocs    3, #linenums    0, checksum 8F085A64, selection    5 (pick associative Section 0x2B)
D20 00000000 SECT315 notype       Static      | $pdata$?catch$0@?0???$guarded@IV<lambda_8f49d0341572fb3e0a595f9e8a2cb39b>@@@?A0x55aa8b99@@YAIV<lambda_8f49d0341572fb3e0a595f9e8a2cb39b>@@@Z@4HA
D21 00000000 SECT316 notype       Static      | .xdata
    Section length   10, #relocs    2, #linenums    0, checksum 5840A276, selection    5 (pick associative Section 0x2B)
D23 00000000 SECT316 notype       Static      | $unwind$?catch$1@?0???$guarded@IV<lambda_8f49d0341572fb3e0a595f9e8a2cb39b>@@@?A0x55aa8b99@@YAIV<lambda_8f49d0341572fb3e0a595f9e8a2cb39b>@@@Z@4HA
D24 00000000 SECT317 notype       Static      | .pdata
    Section length    C, #relocs    3, #linenums    0, checksum 62737787, selection    5 (pick associative Section 0x2B)
D26 00000000 SECT317 notype       Static      | $pdata$?catch$1@?0???$guarded@IV<lambda_8f49d0341572fb3e0a595f9e8a2cb39b>@@@?A0x55aa8b99@@YAIV<lambda_8f49d0341572fb3e0a595f9e8a2cb39b>@@@Z@4HA
D27 00000368 SECTE1 notype       Static       | $unwind$??R<lambda_0aa27b02b49bfadf4433a333ebb3dc45>@@QEBAXXZ
D28 00000468 SECTE2 notype       Static       | $pdata$??R<lambda_0aa27b02b49bfadf4433a333ebb3dc45>@@QEBAXXZ
D29 00000000 SECT318 notype       Static      | .xdata
    Section length   10, #relocs    2, #linenums    0, checksum DFA6EA80, selection    5 (pick associative Section 0x3B)
D2B 00000000 SECT318 notype       Static      | $unwind$??$guarded@XV<lambda_0aa27b02b49bfadf4433a333ebb3dc45>@@@?A0x55aa8b99@@YAXV<lambda_0aa27b02b49bfadf4433a333ebb3dc45>@@@Z
D2C 00000000 SECT319 notype       Static      | .pdata
    Section length    C, #relocs    3, #linenums    0, checksum  1875D87, selection    5 (pick associative Section 0x3B)
D2E 00000000 SECT319 notype       Static      | $pdata$??$guarded@XV<lambda_0aa27b02b49bfadf4433a333ebb3dc45>@@@?A0x55aa8b99@@YAXV<lambda_0aa27b02b49bfadf4433a333ebb3dc45>@@@Z
D2F 00000000 SECT31A notype       Static      | .rdata
    Section length   28, #relocs    3, #linenums    0, checksum A1EC9887, selection    5 (pick associative Section 0x3B)
D31 00000000 SECT31A notype       Static      | $cppxdata$??$guarded@XV<lambda_0aa27b02b49bfadf4433a333ebb3dc45>@@@?A0x55aa8b99@@YAXV<lambda_0aa27b02b49bfadf4433a333ebb3dc45>@@@Z
D32 00000000 SECT31B notype       Static      | .xdata
    Section length   10, #relocs    0, #linenums    0, checksum 8999943C, selection    5 (pick associative Section 0x3B)
D34 00000000 SECT31B notype       Static      | $stateUnwindMap$??$guarded@XV<lambda_0aa27b02b49bfadf4433a333ebb3dc45>@@@?A0x55aa8b99@@YAXV<lambda_0aa27b02b49bfadf4433a333ebb3dc45>@@@Z
D35 00000000 SECT31C notype       Static      | .xdata
    Section length   14, #relocs    1, #linenums    0, checksum D9804B12, selection    5 (pick associative Section 0x3B)
D37 00000000 SECT31C notype       Static      | $tryMap$??$guarded@XV<lambda_0aa27b02b49bfadf4433a333ebb3dc45>@@@?A0x55aa8b99@@YAXV<lambda_0aa27b02b49bfadf4433a333ebb3dc45>@@@Z
D38 00000000 SECT31D notype       Static      | .xdata
    Section length   28, #relocs    3, #linenums    0, checksum BC5203CB, selection    5 (pick associative Section 0x3B)
D3A 00000000 SECT31D notype       Static      | $handlerMap$0$??$guarded@XV<lambda_0aa27b02b49bfadf4433a333ebb3dc45>@@@?A0x55aa8b99@@YAXV<lambda_0aa27b02b49bfadf4433a333ebb3dc45>@@@Z
D3B 00000000 SECT31E notype       Static      | .xdata
    Section length   30, #relocs    6, #linenums    0, checksum F5BFE449, selection    5 (pick associative Section 0x3B)
D3D 00000000 SECT31E notype       Static      | $ip2state$??$guarded@XV<lambda_0aa27b02b49bfadf4433a333ebb3dc45>@@@?A0x55aa8b99@@YAXV<lambda_0aa27b02b49bfadf4433a333ebb3dc45>@@@Z
D3E 00000000 SECT31F notype       Static      | .xdata
    Section length   10, #relocs    2, #linenums    0, checksum 5840A276, selection    5 (pick associative Section 0x3B)
D40 00000000 SECT31F notype       Static      | $unwind$?catch$0@?0???$guarded@XV<lambda_0aa27b02b49bfadf4433a333ebb3dc45>@@@?A0x55aa8b99@@YAXV<lambda_0aa27b02b49bfadf4433a333ebb3dc45>@@@Z@4HA
D41 00000000 SECT320 notype       Static      | .pdata
    Section length    C, #relocs    3, #linenums    0, checksum 8F085A64, selection    5 (pick associative Section 0x3B)
D43 00000000 SECT320 notype       Static      | $pdata$?catch$0@?0???$guarded@XV<lambda_0aa27b02b49bfadf4433a333ebb3dc45>@@@?A0x55aa8b99@@YAXV<lambda_0aa27b02b49bfadf4433a333ebb3dc45>@@@Z@4HA
D44 00000000 SECT321 notype       Static      | .xdata
    Section length   10, #relocs    2, #linenums    0, checksum 5840A276, selection    5 (pick associative Section 0x3B)
D46 00000000 SECT321 notype       Static      | $unwind$?catch$1@?0???$guarded@XV<lambda_0aa27b02b49bfadf4433a333ebb3dc45>@@@?A0x55aa8b99@@YAXV<lambda_0aa27b02b49bfadf4433a333ebb3dc45>@@@Z@4HA
D47 00000000 SECT322 notype       Static      | .pdata
    Section length    C, #relocs    3, #linenums    0, checksum 62737787, selection    5 (pick associative Section 0x3B)
D49 00000000 SECT322 notype       Static      | $pdata$?catch$1@?0???$guarded@XV<lambda_0aa27b02b49bfadf4433a333ebb3dc45>@@@?A0x55aa8b99@@YAXV<lambda_0aa27b02b49bfadf4433a333ebb3dc45>@@@Z@4HA
D4A 00000370 SECTE1 notype       Static       | $unwind$??R<lambda_50cd49ab33591af6e5da253d96cd6cc5>@@QEBAXXZ
D4B 00000474 SECTE2 notype       Static       | $pdata$??R<lambda_50cd49ab33591af6e5da253d96cd6cc5>@@QEBAXXZ
D4C 00000000 SECT323 notype       Static      | .xdata
    Section length   10, #relocs    2, #linenums    0, checksum DFA6EA80, selection    5 (pick associative Section 0x51)
D4E 00000000 SECT323 notype       Static      | $unwind$??$guarded@XV<lambda_50cd49ab33591af6e5da253d96cd6cc5>@@@?A0x55aa8b99@@YAXV<lambda_50cd49ab33591af6e5da253d96cd6cc5>@@@Z
D4F 00000000 SECT324 notype       Static      | .pdata
    Section length    C, #relocs    3, #linenums    0, checksum  1875D87, selection    5 (pick associative Section 0x51)
D51 00000000 SECT324 notype       Static      | $pdata$??$guarded@XV<lambda_50cd49ab33591af6e5da253d96cd6cc5>@@@?A0x55aa8b99@@YAXV<lambda_50cd49ab33591af6e5da253d96cd6cc5>@@@Z
D52 00000000 SECT325 notype       Static      | .rdata
    Section length   28, #relocs    3, #linenums    0, checksum A1EC9887, selection    5 (pick associative Section 0x51)
D54 00000000 SECT325 notype       Static      | $cppxdata$??$guarded@XV<lambda_50cd49ab33591af6e5da253d96cd6cc5>@@@?A0x55aa8b99@@YAXV<lambda_50cd49ab33591af6e5da253d96cd6cc5>@@@Z
D55 00000000 SECT326 notype       Static      | .xdata
    Section length   10, #relocs    0, #linenums    0, checksum 8999943C, selection    5 (pick associative Section 0x51)
D57 00000000 SECT326 notype       Static      | $stateUnwindMap$??$guarded@XV<lambda_50cd49ab33591af6e5da253d96cd6cc5>@@@?A0x55aa8b99@@YAXV<lambda_50cd49ab33591af6e5da253d96cd6cc5>@@@Z
D58 00000000 SECT327 notype       Static      | .xdata
    Section length   14, #relocs    1, #linenums    0, checksum D9804B12, selection    5 (pick associative Section 0x51)
D5A 00000000 SECT327 notype       Static      | $tryMap$??$guarded@XV<lambda_50cd49ab33591af6e5da253d96cd6cc5>@@@?A0x55aa8b99@@YAXV<lambda_50cd49ab33591af6e5da253d96cd6cc5>@@@Z
D5B 00000000 SECT328 notype       Static      | .xdata
    Section length   28, #relocs    3, #linenums    0, checksum BC5203CB, selection    5 (pick associative Section 0x51)
D5D 00000000 SECT328 notype       Static      | $handlerMap$0$??$guarded@XV<lambda_50cd49ab33591af6e5da253d96cd6cc5>@@@?A0x55aa8b99@@YAXV<lambda_50cd49ab33591af6e5da253d96cd6cc5>@@@Z
D5E 00000000 SECT329 notype       Static      | .xdata
    Section length   30, #relocs    6, #linenums    0, checksum F5BFE449, selection    5 (pick associative Section 0x51)
D60 00000000 SECT329 notype       Static      | $ip2state$??$guarded@XV<lambda_50cd49ab33591af6e5da253d96cd6cc5>@@@?A0x55aa8b99@@YAXV<lambda_50cd49ab33591af6e5da253d96cd6cc5>@@@Z
D61 00000000 SECT32A notype       Static      | .xdata
    Section length   10, #relocs    2, #linenums    0, checksum 5840A276, selection    5 (pick associative Section 0x51)
D63 00000000 SECT32A notype       Static      | $unwind$?catch$0@?0???$guarded@XV<lambda_50cd49ab33591af6e5da253d96cd6cc5>@@@?A0x55aa8b99@@YAXV<lambda_50cd49ab33591af6e5da253d96cd6cc5>@@@Z@4HA
D64 00000000 SECT32B notype       Static      | .pdata
    Section length    C, #relocs    3, #linenums    0, checksum 8F085A64, selection    5 (pick associative Section 0x51)
D66 00000000 SECT32B notype       Static      | $pdata$?catch$0@?0???$guarded@XV<lambda_50cd49ab33591af6e5da253d96cd6cc5>@@@?A0x55aa8b99@@YAXV<lambda_50cd49ab33591af6e5da253d96cd6cc5>@@@Z@4HA
D67 00000000 SECT32C notype       Static      | .xdata
    Section length   10, #relocs    2, #linenums    0, checksum 5840A276, selection    5 (pick associative Section 0x51)
D69 00000000 SECT32C notype       Static      | $unwind$?catch$1@?0???$guarded@XV<lambda_50cd49ab33591af6e5da253d96cd6cc5>@@@?A0x55aa8b99@@YAXV<lambda_50cd49ab33591af6e5da253d96cd6cc5>@@@Z@4HA
D6A 00000000 SECT32D notype       Static      | .pdata
    Section length    C, #relocs    3, #linenums    0, checksum 62737787, selection    5 (pick associative Section 0x51)
D6C 00000000 SECT32D notype       Static      | $pdata$?catch$1@?0???$guarded@XV<lambda_50cd49ab33591af6e5da253d96cd6cc5>@@@?A0x55aa8b99@@YAXV<lambda_50cd49ab33591af6e5da253d96cd6cc5>@@@Z@4HA
D6D 00000378 SECTE1 notype       Static       | $unwind$??R<lambda_1ef604c6eba4117d22195b4b3c03e0c3>@@QEBAXXZ
D6E 00000480 SECTE2 notype       Static       | $pdata$??R<lambda_1ef604c6eba4117d22195b4b3c03e0c3>@@QEBAXXZ
D6F 00000000 SECT32E notype       Static      | .xdata
    Section length   10, #relocs    2, #linenums    0, checksum DFA6EA80, selection    5 (pick associative Section 0x41)
D71 00000000 SECT32E notype       Static      | $unwind$??$guarded@XV<lambda_1ef604c6eba4117d22195b4b3c03e0c3>@@@?A0x55aa8b99@@YAXV<lambda_1ef604c6eba4117d22195b4b3c03e0c3>@@@Z
D72 00000000 SECT32F notype       Static      | .pdata
    Section length    C, #relocs    3, #linenums    0, checksum  1875D87, selection    5 (pick associative Section 0x41)
D74 00000000 SECT32F notype       Static      | $pdata$??$guarded@XV<lambda_1ef604c6eba4117d22195b4b3c03e0c3>@@@?A0x55aa8b99@@YAXV<lambda_1ef604c6eba4117d22195b4b3c03e0c3>@@@Z
D75 00000000 SECT330 notype       Static      | .rdata
    Section length   28, #relocs    3, #linenums    0, checksum A1EC9887, selection    5 (pick associative Section 0x41)
D77 00000000 SECT330 notype       Static      | $cppxdata$??$guarded@XV<lambda_1ef604c6eba4117d22195b4b3c03e0c3>@@@?A0x55aa8b99@@YAXV<lambda_1ef604c6eba4117d22195b4b3c03e0c3>@@@Z
D78 00000000 SECT331 notype       Static      | .xdata
    Section length   10, #relocs    0, #linenums    0, checksum 8999943C, selection    5 (pick associative Section 0x41)
D7A 00000000 SECT331 notype       Static      | $stateUnwindMap$??$guarded@XV<lambda_1ef604c6eba4117d22195b4b3c03e0c3>@@@?A0x55aa8b99@@YAXV<lambda_1ef604c6eba4117d22195b4b3c03e0c3>@@@Z
D7B 00000000 SECT332 notype       Static      | .xdata
    Section length   14, #relocs    1, #linenums    0, checksum D9804B12, selection    5 (pick associative Section 0x41)
D7D 00000000 SECT332 notype       Static      | $tryMap$??$guarded@XV<lambda_1ef604c6eba4117d22195b4b3c03e0c3>@@@?A0x55aa8b99@@YAXV<lambda_1ef604c6eba4117d22195b4b3c03e0c3>@@@Z
D7E 00000000 SECT333 notype       Static      | .xdata
    Section length   28, #relocs    3, #linenums    0, checksum BC5203CB, selection    5 (pick associative Section 0x41)
D80 00000000 SECT333 notype       Static      | $handlerMap$0$??$guarded@XV<lambda_1ef604c6eba4117d22195b4b3c03e0c3>@@@?A0x55aa8b99@@YAXV<lambda_1ef604c6eba4117d22195b4b3c03e0c3>@@@Z
D81 00000000 SECT334 notype       Static      | .xdata
    Section length   30, #relocs    6, #linenums    0, checksum F5BFE449, selection    5 (pick associative Section 0x41)
D83 00000000 SECT334 notype       Static      | $ip2state$??$guarded@XV<lambda_1ef604c6eba4117d22195b4b3c03e0c3>@@@?A0x55aa8b99@@YAXV<lambda_1ef604c6eba4117d22195b4b3c03e0c3>@@@Z
D84 00000000 SECT335 notype       Static      | .xdata
    Section length   10, #relocs    2, #linenums    0, checksum 5840A276, selection    5 (pick associative Section 0x41)
D86 00000000 SECT335 notype       Static      | $unwind$?catch$0@?0???$guarded@XV<lambda_1ef604c6eba4117d22195b4b3c03e0c3>@@@?A0x55aa8b99@@YAXV<lambda_1ef604c6eba4117d22195b4b3c03e0c3>@@@Z@4HA
D87 00000000 SECT336 notype       Static      | .pdata
    Section length    C, #relocs    3, #linenums    0, checksum 8F085A64, selection    5 (pick associative Section 0x41)
D89 00000000 SECT336 notype       Static      | $pdata$?catch$0@?0???$guarded@XV<lambda_1ef604c6eba4117d22195b4b3c03e0c3>@@@?A0x55aa8b99@@YAXV<lambda_1ef604c6eba4117d22195b4b3c03e0c3>@@@Z@4HA
D8A 00000000 SECT337 notype       Static      | .xdata
    Section length   10, #relocs    2, #linenums    0, checksum 5840A276, selection    5 (pick associative Section 0x41)
D8C 00000000 SECT337 notype       Static      | $unwind$?catch$1@?0???$guarded@XV<lambda_1ef604c6eba4117d22195b4b3c03e0c3>@@@?A0x55aa8b99@@YAXV<lambda_1ef604c6eba4117d22195b4b3c03e0c3>@@@Z@4HA
D8D 00000000 SECT338 notype       Static      | .pdata
    Section length    C, #relocs    3, #linenums    0, checksum 62737787, selection    5 (pick associative Section 0x41)
D8F 00000000 SECT338 notype       Static      | $pdata$?catch$1@?0???$guarded@XV<lambda_1ef604c6eba4117d22195b4b3c03e0c3>@@@?A0x55aa8b99@@YAXV<lambda_1ef604c6eba4117d22195b4b3c03e0c3>@@@Z@4HA
D90 00000380 SECTE1 notype       Static       | $unwind$??R<lambda_62f4daa67b08f8f9c403213178284edc>@@QEBAXXZ
D91 0000048C SECTE2 notype       Static       | $pdata$??R<lambda_62f4daa67b08f8f9c403213178284edc>@@QEBAXXZ
D92 00000000 SECT339 notype       Static      | .xdata
    Section length   10, #relocs    2, #linenums    0, checksum DFA6EA80, selection    5 (pick associative Section 0x55)
D94 00000000 SECT339 notype       Static      | $unwind$??$guarded@XV<lambda_62f4daa67b08f8f9c403213178284edc>@@@?A0x55aa8b99@@YAXV<lambda_62f4daa67b08f8f9c403213178284edc>@@@Z
D95 00000000 SECT33A notype       Static      | .pdata
    Section length    C, #relocs    3, #linenums    0, checksum  1875D87, selection    5 (pick associative Section 0x55)
D97 00000000 SECT33A notype       Static      | $pdata$??$guarded@XV<lambda_62f4daa67b08f8f9c403213178284edc>@@@?A0x55aa8b99@@YAXV<lambda_62f4daa67b08f8f9c403213178284edc>@@@Z
D98 00000000 SECT33B notype       Static      | .rdata
    Section length   28, #relocs    3, #linenums    0, checksum A1EC9887, selection    5 (pick associative Section 0x55)
D9A 00000000 SECT33B notype       Static      | $cppxdata$??$guarded@XV<lambda_62f4daa67b08f8f9c403213178284edc>@@@?A0x55aa8b99@@YAXV<lambda_62f4daa67b08f8f9c403213178284edc>@@@Z
D9B 00000000 SECT33C notype       Static      | .xdata
    Section length   10, #relocs    0, #linenums    0, checksum 8999943C, selection    5 (pick associative Section 0x55)
D9D 00000000 SECT33C notype       Static      | $stateUnwindMap$??$guarded@XV<lambda_62f4daa67b08f8f9c403213178284edc>@@@?A0x55aa8b99@@YAXV<lambda_62f4daa67b08f8f9c403213178284edc>@@@Z
D9E 00000000 SECT33D notype       Static      | .xdata
    Section length   14, #relocs    1, #linenums    0, checksum D9804B12, selection    5 (pick associative Section 0x55)
DA0 00000000 SECT33D notype       Static      | $tryMap$??$guarded@XV<lambda_62f4daa67b08f8f9c403213178284edc>@@@?A0x55aa8b99@@YAXV<lambda_62f4daa67b08f8f9c403213178284edc>@@@Z
DA1 00000000 SECT33E notype       Static      | .xdata
    Section length   28, #relocs    3, #linenums    0, checksum BC5203CB, selection    5 (pick associative Section 0x55)
DA3 00000000 SECT33E notype       Static      | $handlerMap$0$??$guarded@XV<lambda_62f4daa67b08f8f9c403213178284edc>@@@?A0x55aa8b99@@YAXV<lambda_62f4daa67b08f8f9c403213178284edc>@@@Z
DA4 00000000 SECT33F notype       Static      | .xdata
    Section length   30, #relocs    6, #linenums    0, checksum F5BFE449, selection    5 (pick associative Section 0x55)
DA6 00000000 SECT33F notype       Static      | $ip2state$??$guarded@XV<lambda_62f4daa67b08f8f9c403213178284edc>@@@?A0x55aa8b99@@YAXV<lambda_62f4daa67b08f8f9c403213178284edc>@@@Z
DA7 00000000 SECT340 notype       Static      | .xdata
    Section length   10, #relocs    2, #linenums    0, checksum 5840A276, selection    5 (pick associative Section 0x55)
DA9 00000000 SECT340 notype       Static      | $unwind$?catch$0@?0???$guarded@XV<lambda_62f4daa67b08f8f9c403213178284edc>@@@?A0x55aa8b99@@YAXV<lambda_62f4daa67b08f8f9c403213178284edc>@@@Z@4HA
DAA 00000000 SECT341 notype       Static      | .pdata
    Section length    C, #relocs    3, #linenums    0, checksum 8F085A64, selection    5 (pick associative Section 0x55)
DAC 00000000 SECT341 notype       Static      | $pdata$?catch$0@?0???$guarded@XV<lambda_62f4daa67b08f8f9c403213178284edc>@@@?A0x55aa8b99@@YAXV<lambda_62f4daa67b08f8f9c403213178284edc>@@@Z@4HA
DAD 00000000 SECT342 notype       Static      | .xdata
    Section length   10, #relocs    2, #linenums    0, checksum 5840A276, selection    5 (pick associative Section 0x55)
DAF 00000000 SECT342 notype       Static      | $unwind$?catch$1@?0???$guarded@XV<lambda_62f4daa67b08f8f9c403213178284edc>@@@?A0x55aa8b99@@YAXV<lambda_62f4daa67b08f8f9c403213178284edc>@@@Z@4HA
DB0 00000000 SECT343 notype       Static      | .pdata
    Section length    C, #relocs    3, #linenums    0, checksum 62737787, selection    5 (pick associative Section 0x55)
DB2 00000000 SECT343 notype       Static      | $pdata$?catch$1@?0???$guarded@XV<lambda_62f4daa67b08f8f9c403213178284edc>@@@?A0x55aa8b99@@YAXV<lambda_62f4daa67b08f8f9c403213178284edc>@@@Z@4HA
DB3 00000388 SECTE1 notype       Static       | $unwind$??R<lambda_9309390747f0333daa7f03c77082dc0a>@@QEBAIXZ
DB4 00000498 SECTE2 notype       Static       | $pdata$??R<lambda_9309390747f0333daa7f03c77082dc0a>@@QEBAIXZ
DB5 00000000 SECT344 notype       Static      | .xdata
    Section length   10, #relocs    2, #linenums    0, checksum F8934927, selection    5 (pick associative Section 0x2D)
DB7 00000000 SECT344 notype       Static      | $unwind$??$guarded@IV<lambda_9309390747f0333daa7f03c77082dc0a>@@@?A0x55aa8b99@@YAIV<lambda_9309390747f0333daa7f03c77082dc0a>@@@Z
DB8 00000000 SECT345 notype       Static      | .pdata
    Section length    C, #relocs    3, #linenums    0, checksum D2624632, selection    5 (pick associative Section 0x2D)
DBA 00000000 SECT345 notype       Static      | $pdata$??$guarded@IV<lambda_9309390747f0333daa7f03c77082dc0a>@@@?A0x55aa8b99@@YAIV<lambda_9309390747f0333daa7f03c77082dc0a>@@@Z
DBB 00000000 SECT346 notype       Static      | .rdata
    Section length   28, #relocs    3, #linenums    0, checksum ABF80385, selection    5 (pick associative Section 0x2D)
DBD 00000000 SECT346 notype       Static      | $cppxdata$??$guarded@IV<lambda_9309390747f0333daa7f03c77082dc0a>@@@?A0x55aa8b99@@YAIV<lambda_9309390747f0333daa7f03c77082dc0a>@@@Z
DBE 00000000 SECT347 notype       Static      | .xdata
    Section length   10, #relocs    0, #linenums    0, checksum 8999943C, selection    5 (pick associative Section 0x2D)
DC0 00000000 SECT347 notype       Static      | $stateUnwindMap$??$guarded@IV<lambda_9309390747f0333daa7f03c77082dc0a>@@@?A0x55aa8b99@@YAIV<lambda_9309390747f0333daa7f03c77082dc0a>@@@Z
DC1 00000000 SECT348 notype       Static      | .xdata
    Section length   14, #relocs    1, #linenums    0, checksum D9804B12, selection    5 (pick associative Section 0x2D)
DC3 00000000 SECT348 notype       Static      | $tryMap$??$guarded@IV<lambda_9309390747f0333daa7f03c77082dc0a>@@@?A0x55aa8b99@@YAIV<lambda_9309390747f0333daa7f03c77082dc0a>@@@Z
DC4 00000000 SECT349 notype       Static      | .xdata
    Section length   28, #relocs    3, #linenums    0, checksum 5F46379F, selection    5 (pick associative Section 0x2D)
DC6 00000000 SECT349 notype       Static      | $handlerMap$0$??$guarded@IV<lambda_9309390747f0333daa7f03c77082dc0a>@@@?A0x55aa8b99@@YAIV<lambda_9309390747f0333daa7f03c77082dc0a>@@@Z
DC7 00000000 SECT34A notype       Static      | .xdata
    Section length   30, #relocs    6, #linenums    0, checksum F5BFE449, selection    5 (pick associative Section 0x2D)
DC9 00000000 SECT34A notype       Static      | $ip2state$??$guarded@IV<lambda_9309390747f0333daa7f03c77082dc0a>@@@?A0x55aa8b99@@YAIV<lambda_9309390747f0333daa7f03c77082dc0a>@@@Z
DCA 00000000 SECT34B notype       Static      | .xdata
    Section length   10, #relocs    2, #linenums    0, checksum 5840A276, selection    5 (pick associative Section 0x2D)
DCC 00000000 SECT34B notype       Static      | $unwind$?catch$0@?0???$guarded@IV<lambda_9309390747f0333daa7f03c77082dc0a>@@@?A0x55aa8b99@@YAIV<lambda_9309390747f0333daa7f03c77082dc0a>@@@Z@4HA
DCD 00000000 SECT34C notype       Static      | .pdata
    Section length    C, #relocs    3, #linenums    0, checksum 8F085A64, selection    5 (pick associative Section 0x2D)
DCF 00000000 SECT34C notype       Static      | $pdata$?catch$0@?0???$guarded@IV<lambda_9309390747f0333daa7f03c77082dc0a>@@@?A0x55aa8b99@@YAIV<lambda_9309390747f0333daa7f03c77082dc0a>@@@Z@4HA
DD0 00000000 SECT34D notype       Static      | .xdata
    Section length   10, #relocs    2, #linenums    0, checksum 5840A276, selection    5 (pick associative Section 0x2D)
DD2 00000000 SECT34D notype       Static      | $unwind$?catch$1@?0???$guarded@IV<lambda_9309390747f0333daa7f03c77082dc0a>@@@?A0x55aa8b99@@YAIV<lambda_9309390747f0333daa7f03c77082dc0a>@@@Z@4HA
DD3 00000000 SECT34E notype       Static      | .pdata
    Section length    C, #relocs    3, #linenums    0, checksum 62737787, selection    5 (pick associative Section 0x2D)
DD5 00000000 SECT34E notype       Static      | $pdata$?catch$1@?0???$guarded@IV<lambda_9309390747f0333daa7f03c77082dc0a>@@@?A0x55aa8b99@@YAIV<lambda_9309390747f0333daa7f03c77082dc0a>@@@Z@4HA
DD6 00000390 SECTE1 notype       Static       | $unwind$??R<lambda_6a73d7d39707bd4d48ad0544b6ba54b7>@@QEBAXXZ
DD7 000004A4 SECTE2 notype       Static       | $pdata$??R<lambda_6a73d7d39707bd4d48ad0544b6ba54b7>@@QEBAXXZ
DD8 00000000 SECT34F notype       Static      | .xdata
    Section length   10, #relocs    2, #linenums    0, checksum DFA6EA80, selection    5 (pick associative Section 0x57)
DDA 00000000 SECT34F notype       Static      | $unwind$??$guarded@XV<lambda_6a73d7d39707bd4d48ad0544b6ba54b7>@@@?A0x55aa8b99@@YAXV<lambda_6a73d7d39707bd4d48ad0544b6ba54b7>@@@Z
DDB 00000000 SECT350 notype       Static      | .pdata
    Section length    C, #relocs    3, #linenums    0, checksum  1875D87, selection    5 (pick associative Section 0x57)
DDD 00000000 SECT350 notype       Static      | $pdata$??$guarded@XV<lambda_6a73d7d39707bd4d48ad0544b6ba54b7>@@@?A0x55aa8b99@@YAXV<lambda_6a73d7d39707bd4d48ad0544b6ba54b7>@@@Z
DDE 00000000 SECT351 notype       Static      | .rdata
    Section length   28, #relocs    3, #linenums    0, checksum A1EC9887, selection    5 (pick associative Section 0x57)
DE0 00000000 SECT351 notype       Static      | $cppxdata$??$guarded@XV<lambda_6a73d7d39707bd4d48ad0544b6ba54b7>@@@?A0x55aa8b99@@YAXV<lambda_6a73d7d39707bd4d48ad0544b6ba54b7>@@@Z
DE1 00000000 SECT352 notype       Static      | .xdata
    Section length   10, #relocs    0, #linenums    0, checksum 8999943C, selection    5 (pick associative Section 0x57)
DE3 00000000 SECT352 notype       Static      | $stateUnwindMap$??$guarded@XV<lambda_6a73d7d39707bd4d48ad0544b6ba54b7>@@@?A0x55aa8b99@@YAXV<lambda_6a73d7d39707bd4d48ad0544b6ba54b7>@@@Z
DE4 00000000 SECT353 notype       Static      | .xdata
    Section length   14, #relocs    1, #linenums    0, checksum D9804B12, selection    5 (pick associative Section 0x57)
DE6 00000000 SECT353 notype       Static      | $tryMap$??$guarded@XV<lambda_6a73d7d39707bd4d48ad0544b6ba54b7>@@@?A0x55aa8b99@@YAXV<lambda_6a73d7d39707bd4d48ad0544b6ba54b7>@@@Z
DE7 00000000 SECT354 notype       Static      | .xdata
    Section length   28, #relocs    3, #linenums    0, checksum BC5203CB, selection    5 (pick associative Section 0x57)
DE9 00000000 SECT354 notype       Static      | $handlerMap$0$??$guarded@XV<lambda_6a73d7d39707bd4d48ad0544b6ba54b7>@@@?A0x55aa8b99@@YAXV<lambda_6a73d7d39707bd4d48ad0544b6ba54b7>@@@Z
DEA 00000000 SECT355 notype       Static      | .xdata
    Section length   30, #relocs    6, #linenums    0, checksum F5BFE449, selection    5 (pick associative Section 0x57)
DEC 00000000 SECT355 notype       Static      | $ip2state$??$guarded@XV<lambda_6a73d7d39707bd4d48ad0544b6ba54b7>@@@?A0x55aa8b99@@YAXV<lambda_6a73d7d39707bd4d48ad0544b6ba54b7>@@@Z
DED 00000000 SECT356 notype       Static      | .xdata
    Section length   10, #relocs    2, #linenums    0, checksum 5840A276, selection    5 (pick associative Section 0x57)
DEF 00000000 SECT356 notype       Static      | $unwind$?catch$0@?0???$guarded@XV<lambda_6a73d7d39707bd4d48ad0544b6ba54b7>@@@?A0x55aa8b99@@YAXV<lambda_6a73d7d39707bd4d48ad0544b6ba54b7>@@@Z@4HA
DF0 00000000 SECT357 notype       Static      | .pdata
    Section length    C, #relocs    3, #linenums    0, checksum 8F085A64, selection    5 (pick associative Section 0x57)
DF2 00000000 SECT357 notype       Static      | $pdata$?catch$0@?0???$guarded@XV<lambda_6a73d7d39707bd4d48ad0544b6ba54b7>@@@?A0x55aa8b99@@YAXV<lambda_6a73d7d39707bd4d48ad0544b6ba54b7>@@@Z@4HA
DF3 00000000 SECT358 notype       Static      | .xdata
    Section length   10, #relocs    2, #linenums    0, checksum 5840A276, selection    5 (pick associative Section 0x57)
DF5 00000000 SECT358 notype       Static      | $unwind$?catch$1@?0???$guarded@XV<lambda_6a73d7d39707bd4d48ad0544b6ba54b7>@@@?A0x55aa8b99@@YAXV<lambda_6a73d7d39707bd4d48ad0544b6ba54b7>@@@Z@4HA
DF6 00000000 SECT359 notype       Static      | .pdata
    Section length    C, #relocs    3, #linenums    0, checksum 62737787, selection    5 (pick associative Section 0x57)
DF8 00000000 SECT359 notype       Static      | $pdata$?catch$1@?0???$guarded@XV<lambda_6a73d7d39707bd4d48ad0544b6ba54b7>@@@?A0x55aa8b99@@YAXV<lambda_6a73d7d39707bd4d48ad0544b6ba54b7>@@@Z@4HA
DF9 00000398 SECTE1 notype       Static       | $unwind$??R<lambda_00ae0043a5653bfeb386b392f3f32c52>@@QEBAHXZ
DFA 000004B0 SECTE2 notype       Static       | $pdata$??R<lambda_00ae0043a5653bfeb386b392f3f32c52>@@QEBAHXZ
DFB 00000000 SECT35A notype       Static      | .xdata
    Section length   10, #relocs    2, #linenums    0, checksum F8934927, selection    5 (pick associative Section 0x15)
DFD 00000000 SECT35A notype       Static      | $unwind$??$guarded@HV<lambda_00ae0043a5653bfeb386b392f3f32c52>@@@?A0x55aa8b99@@YAHV<lambda_00ae0043a5653bfeb386b392f3f32c52>@@@Z
DFE 00000000 SECT35B notype       Static      | .pdata
    Section length    C, #relocs    3, #linenums    0, checksum D2624632, selection    5 (pick associative Section 0x15)
E00 00000000 SECT35B notype       Static      | $pdata$??$guarded@HV<lambda_00ae0043a5653bfeb386b392f3f32c52>@@@?A0x55aa8b99@@YAHV<lambda_00ae0043a5653bfeb386b392f3f32c52>@@@Z
E01 00000000 SECT35C notype       Static      | .rdata
    Section length   28, #relocs    3, #linenums    0, checksum ABF80385, selection    5 (pick associative Section 0x15)
E03 00000000 SECT35C notype       Static      | $cppxdata$??$guarded@HV<lambda_00ae0043a5653bfeb386b392f3f32c52>@@@?A0x55aa8b99@@YAHV<lambda_00ae0043a5653bfeb386b392f3f32c52>@@@Z
E04 00000000 SECT35D notype       Static      | .xdata
    Section length   10, #relocs    0, #linenums    0, checksum 8999943C, selection    5 (pick associative Section 0x15)
E06 00000000 SECT35D notype       Static      | $stateUnwindMap$??$guarded@HV<lambda_00ae0043a5653bfeb386b392f3f32c52>@@@?A0x55aa8b99@@YAHV<lambda_00ae0043a5653bfeb386b392f3f32c52>@@@Z
E07 00000000 SECT35E notype       Static      | .xdata
    Section length   14, #relocs    1, #linenums    0, checksum D9804B12, selection    5 (pick associative Section 0x15)
E09 00000000 SECT35E notype       Static      | $tryMap$??$guarded@HV<lambda_00ae0043a5653bfeb386b392f3f32c52>@@@?A0x55aa8b99@@YAHV<lambda_00ae0043a5653bfeb386b392f3f32c52>@@@Z
E0A 00000000 SECT35F notype       Static      | .xdata
    Section length   28, #relocs    3, #linenums    0, checksum 5F46379F, selection    5 (pick associative Section 0x15)
E0C 00000000 SECT35F notype       Static      | $handlerMap$0$??$guarded@HV<lambda_00ae0043a5653bfeb386b392f3f32c52>@@@?A0x55aa8b99@@YAHV<lambda_00ae0043a5653bfeb386b392f3f32c52>@@@Z
E0D 00000000 SECT360 notype       Static      | .xdata
    Section length   30, #relocs    6, #linenums    0, checksum F5BFE449, selection    5 (pick associative Section 0x15)
E0F 00000000 SECT360 notype       Static      | $ip2state$??$guarded@HV<lambda_00ae0043a5653bfeb386b392f3f32c52>@@@?A0x55aa8b99@@YAHV<lambda_00ae0043a5653bfeb386b392f3f32c52>@@@Z
E10 00000000 SECT361 notype       Static      | .xdata
    Section length   10, #relocs    2, #linenums    0, checksum 5840A276, selection    5 (pick associative Section 0x15)
E12 00000000 SECT361 notype       Static      | $unwind$?catch$0@?0???$guarded@HV<lambda_00ae0043a5653bfeb386b392f3f32c52>@@@?A0x55aa8b99@@YAHV<lambda_00ae0043a5653bfeb386b392f3f32c52>@@@Z@4HA
E13 00000000 SECT362 notype       Static      | .pdata
    Section length    C, #relocs    3, #linenums    0, checksum 8F085A64, selection    5 (pick associative Section 0x15)
E15 00000000 SECT362 notype       Static      | $pdata$?catch$0@?0???$guarded@HV<lambda_00ae0043a5653bfeb386b392f3f32c52>@@@?A0x55aa8b99@@YAHV<lambda_00ae0043a5653bfeb386b392f3f32c52>@@@Z@4HA
E16 00000000 SECT363 notype       Static      | .xdata
    Section length   10, #relocs    2, #linenums    0, checksum 5840A276, selection    5 (pick associative Section 0x15)
E18 00000000 SECT363 notype       Static      | $unwind$?catch$1@?0???$guarded@HV<lambda_00ae0043a5653bfeb386b392f3f32c52>@@@?A0x55aa8b99@@YAHV<lambda_00ae0043a5653bfeb386b392f3f32c52>@@@Z@4HA
E19 00000000 SECT364 notype       Static      | .pdata
    Section length    C, #relocs    3, #linenums    0, checksum 62737787, selection    5 (pick associative Section 0x15)
E1B 00000000 SECT364 notype       Static      | $pdata$?catch$1@?0???$guarded@HV<lambda_00ae0043a5653bfeb386b392f3f32c52>@@@?A0x55aa8b99@@YAHV<lambda_00ae0043a5653bfeb386b392f3f32c52>@@@Z@4HA
E1C 000003A0 SECTE1 notype       Static       | $unwind$??R<lambda_f00da9848f00cb605c466718b6c531a6>@@QEBAXXZ
E1D 000004BC SECTE2 notype       Static       | $pdata$??R<lambda_f00da9848f00cb605c466718b6c531a6>@@QEBAXXZ
E1E 00000000 SECT365 notype       Static      | .xdata
    Section length   10, #relocs    2, #linenums    0, checksum DFA6EA80, selection    5 (pick associative Section 0x7B)
E20 00000000 SECT365 notype       Static      | $unwind$??$guarded@XV<lambda_f00da9848f00cb605c466718b6c531a6>@@@?A0x55aa8b99@@YAXV<lambda_f00da9848f00cb605c466718b6c531a6>@@@Z
E21 00000000 SECT366 notype       Static      | .pdata
    Section length    C, #relocs    3, #linenums    0, checksum  1875D87, selection    5 (pick associative Section 0x7B)
E23 00000000 SECT366 notype       Static      | $pdata$??$guarded@XV<lambda_f00da9848f00cb605c466718b6c531a6>@@@?A0x55aa8b99@@YAXV<lambda_f00da9848f00cb605c466718b6c531a6>@@@Z
E24 00000000 SECT367 notype       Static      | .rdata
    Section length   28, #relocs    3, #linenums    0, checksum A1EC9887, selection    5 (pick associative Section 0x7B)
E26 00000000 SECT367 notype       Static      | $cppxdata$??$guarded@XV<lambda_f00da9848f00cb605c466718b6c531a6>@@@?A0x55aa8b99@@YAXV<lambda_f00da9848f00cb605c466718b6c531a6>@@@Z
E27 00000000 SECT368 notype       Static      | .xdata
    Section length   10, #relocs    0, #linenums    0, checksum 8999943C, selection    5 (pick associative Section 0x7B)
E29 00000000 SECT368 notype       Static      | $stateUnwindMap$??$guarded@XV<lambda_f00da9848f00cb605c466718b6c531a6>@@@?A0x55aa8b99@@YAXV<lambda_f00da9848f00cb605c466718b6c531a6>@@@Z
E2A 00000000 SECT369 notype       Static      | .xdata
    Section length   14, #relocs    1, #linenums    0, checksum D9804B12, selection    5 (pick associative Section 0x7B)
E2C 00000000 SECT369 notype       Static      | $tryMap$??$guarded@XV<lambda_f00da9848f00cb605c466718b6c531a6>@@@?A0x55aa8b99@@YAXV<lambda_f00da9848f00cb605c466718b6c531a6>@@@Z
E2D 00000000 SECT36A notype       Static      | .xdata
    Section length   28, #relocs    3, #linenums    0, checksum BC5203CB, selection    5 (pick associative Section 0x7B)
E2F 00000000 SECT36A notype       Static      | $handlerMap$0$??$guarded@XV<lambda_f00da9848f00cb605c466718b6c531a6>@@@?A0x55aa8b99@@YAXV<lambda_f00da9848f00cb605c466718b6c531a6>@@@Z
E30 00000000 SECT36B notype       Static      | .xdata
    Section length   30, #relocs    6, #linenums    0, checksum F5BFE449, selection    5 (pick associative Section 0x7B)
E32 00000000 SECT36B notype       Static      | $ip2state$??$guarded@XV<lambda_f00da9848f00cb605c466718b6c531a6>@@@?A0x55aa8b99@@YAXV<lambda_f00da9848f00cb605c466718b6c531a6>@@@Z
E33 00000000 SECT36C notype       Static      | .xdata
    Section length   10, #relocs    2, #linenums    0, checksum 5840A276, selection    5 (pick associative Section 0x7B)
E35 00000000 SECT36C notype       Static      | $unwind$?catch$0@?0???$guarded@XV<lambda_f00da9848f00cb605c466718b6c531a6>@@@?A0x55aa8b99@@YAXV<lambda_f00da9848f00cb605c466718b6c531a6>@@@Z@4HA
E36 00000000 SECT36D notype       Static      | .pdata
    Section length    C, #relocs    3, #linenums    0, checksum 8F085A64, selection    5 (pick associative Section 0x7B)
E38 00000000 SECT36D notype       Static      | $pdata$?catch$0@?0???$guarded@XV<lambda_f00da9848f00cb605c466718b6c531a6>@@@?A0x55aa8b99@@YAXV<lambda_f00da9848f00cb605c466718b6c531a6>@@@Z@4HA
E39 00000000 SECT36E notype       Static      | .xdata
    Section length   10, #relocs    2, #linenums    0, checksum 5840A276, selection    5 (pick associative Section 0x7B)
E3B 00000000 SECT36E notype       Static      | $unwind$?catch$1@?0???$guarded@XV<lambda_f00da9848f00cb605c466718b6c531a6>@@@?A0x55aa8b99@@YAXV<lambda_f00da9848f00cb605c466718b6c531a6>@@@Z@4HA
E3C 00000000 SECT36F notype       Static      | .pdata
    Section length    C, #relocs    3, #linenums    0, checksum 62737787, selection    5 (pick associative Section 0x7B)
E3E 00000000 SECT36F notype       Static      | $pdata$?catch$1@?0???$guarded@XV<lambda_f00da9848f00cb605c466718b6c531a6>@@@?A0x55aa8b99@@YAXV<lambda_f00da9848f00cb605c466718b6c531a6>@@@Z@4HA
E3F 000003A8 SECTE1 notype       Static       | $unwind$??R<lambda_46d286065f31c45d03c441381f6d07c6>@@QEBAXXZ
E40 000004C8 SECTE2 notype       Static       | $pdata$??R<lambda_46d286065f31c45d03c441381f6d07c6>@@QEBAXXZ
E41 00000000 SECT370 notype       Static      | .xdata
    Section length   10, #relocs    2, #linenums    0, checksum DFA6EA80, selection    5 (pick associative Section 0x4F)
E43 00000000 SECT370 notype       Static      | $unwind$??$guarded@XV<lambda_46d286065f31c45d03c441381f6d07c6>@@@?A0x55aa8b99@@YAXV<lambda_46d286065f31c45d03c441381f6d07c6>@@@Z
E44 00000000 SECT371 notype       Static      | .pdata
    Section length    C, #relocs    3, #linenums    0, checksum  1875D87, selection    5 (pick associative Section 0x4F)
E46 00000000 SECT371 notype       Static      | $pdata$??$guarded@XV<lambda_46d286065f31c45d03c441381f6d07c6>@@@?A0x55aa8b99@@YAXV<lambda_46d286065f31c45d03c441381f6d07c6>@@@Z
E47 00000000 SECT372 notype       Static      | .rdata
    Section length   28, #relocs    3, #linenums    0, checksum A1EC9887, selection    5 (pick associative Section 0x4F)
E49 00000000 SECT372 notype       Static      | $cppxdata$??$guarded@XV<lambda_46d286065f31c45d03c441381f6d07c6>@@@?A0x55aa8b99@@YAXV<lambda_46d286065f31c45d03c441381f6d07c6>@@@Z
E4A 00000000 SECT373 notype       Static      | .xdata
    Section length   10, #relocs    0, #linenums    0, checksum 8999943C, selection    5 (pick associative Section 0x4F)
E4C 00000000 SECT373 notype       Static      | $stateUnwindMap$??$guarded@XV<lambda_46d286065f31c45d03c441381f6d07c6>@@@?A0x55aa8b99@@YAXV<lambda_46d286065f31c45d03c441381f6d07c6>@@@Z
E4D 00000000 SECT374 notype       Static      | .xdata
    Section length   14, #relocs    1, #linenums    0, checksum D9804B12, selection    5 (pick associative Section 0x4F)
E4F 00000000 SECT374 notype       Static      | $tryMap$??$guarded@XV<lambda_46d286065f31c45d03c441381f6d07c6>@@@?A0x55aa8b99@@YAXV<lambda_46d286065f31c45d03c441381f6d07c6>@@@Z
E50 00000000 SECT375 notype       Static      | .xdata
    Section length   28, #relocs    3, #linenums    0, checksum BC5203CB, selection    5 (pick associative Section 0x4F)
E52 00000000 SECT375 notype       Static      | $handlerMap$0$??$guarded@XV<lambda_46d286065f31c45d03c441381f6d07c6>@@@?A0x55aa8b99@@YAXV<lambda_46d286065f31c45d03c441381f6d07c6>@@@Z
E53 00000000 SECT376 notype       Static      | .xdata
    Section length   30, #relocs    6, #linenums    0, checksum F5BFE449, selection    5 (pick associative Section 0x4F)
E55 00000000 SECT376 notype       Static      | $ip2state$??$guarded@XV<lambda_46d286065f31c45d03c441381f6d07c6>@@@?A0x55aa8b99@@YAXV<lambda_46d286065f31c45d03c441381f6d07c6>@@@Z
E56 00000000 SECT377 notype       Static      | .xdata
    Section length   10, #relocs    2, #linenums    0, checksum 5840A276, selection    5 (pick associative Section 0x4F)
E58 00000000 SECT377 notype       Static      | $unwind$?catch$0@?0???$guarded@XV<lambda_46d286065f31c45d03c441381f6d07c6>@@@?A0x55aa8b99@@YAXV<lambda_46d286065f31c45d03c441381f6d07c6>@@@Z@4HA
E59 00000000 SECT378 notype       Static      | .pdata
    Section length    C, #relocs    3, #linenums    0, checksum 8F085A64, selection    5 (pick associative Section 0x4F)
E5B 00000000 SECT378 notype       Static      | $pdata$?catch$0@?0???$guarded@XV<lambda_46d286065f31c45d03c441381f6d07c6>@@@?A0x55aa8b99@@YAXV<lambda_46d286065f31c45d03c441381f6d07c6>@@@Z@4HA
E5C 00000000 SECT379 notype       Static      | .xdata
    Section length   10, #relocs    2, #linenums    0, checksum 5840A276, selection    5 (pick associative Section 0x4F)
E5E 00000000 SECT379 notype       Static      | $unwind$?catch$1@?0???$guarded@XV<lambda_46d286065f31c45d03c441381f6d07c6>@@@?A0x55aa8b99@@YAXV<lambda_46d286065f31c45d03c441381f6d07c6>@@@Z@4HA
E5F 00000000 SECT37A notype       Static      | .pdata
    Section length    C, #relocs    3, #linenums    0, checksum 62737787, selection    5 (pick associative Section 0x4F)
E61 00000000 SECT37A notype       Static      | $pdata$?catch$1@?0???$guarded@XV<lambda_46d286065f31c45d03c441381f6d07c6>@@@?A0x55aa8b99@@YAXV<lambda_46d286065f31c45d03c441381f6d07c6>@@@Z@4HA
E62 000003B0 SECTE1 notype       Static       | $unwind$??R<lambda_dd35e218711ea738db30d25390aec9b0>@@QEBAXXZ
E63 000004D4 SECTE2 notype       Static       | $pdata$??R<lambda_dd35e218711ea738db30d25390aec9b0>@@QEBAXXZ
E64 00000000 SECT37B notype       Static      | .xdata
    Section length   10, #relocs    2, #linenums    0, checksum DFA6EA80, selection    5 (pick associative Section 0x75)
E66 00000000 SECT37B notype       Static      | $unwind$??$guarded@XV<lambda_dd35e218711ea738db30d25390aec9b0>@@@?A0x55aa8b99@@YAXV<lambda_dd35e218711ea738db30d25390aec9b0>@@@Z
E67 00000000 SECT37C notype       Static      | .pdata
    Section length    C, #relocs    3, #linenums    0, checksum  1875D87, selection    5 (pick associative Section 0x75)
E69 00000000 SECT37C notype       Static      | $pdata$??$guarded@XV<lambda_dd35e218711ea738db30d25390aec9b0>@@@?A0x55aa8b99@@YAXV<lambda_dd35e218711ea738db30d25390aec9b0>@@@Z
E6A 00000000 SECT37D notype       Static      | .rdata
    Section length   28, #relocs    3, #linenums    0, checksum A1EC9887, selection    5 (pick associative Section 0x75)
E6C 00000000 SECT37D notype       Static      | $cppxdata$??$guarded@XV<lambda_dd35e218711ea738db30d25390aec9b0>@@@?A0x55aa8b99@@YAXV<lambda_dd35e218711ea738db30d25390aec9b0>@@@Z
E6D 00000000 SECT37E notype       Static      | .xdata
    Section length   10, #relocs    0, #linenums    0, checksum 8999943C, selection    5 (pick associative Section 0x75)
E6F 00000000 SECT37E notype       Static      | $stateUnwindMap$??$guarded@XV<lambda_dd35e218711ea738db30d25390aec9b0>@@@?A0x55aa8b99@@YAXV<lambda_dd35e218711ea738db30d25390aec9b0>@@@Z
E70 00000000 SECT37F notype       Static      | .xdata
    Section length   14, #relocs    1, #linenums    0, checksum D9804B12, selection    5 (pick associative Section 0x75)
E72 00000000 SECT37F notype       Static      | $tryMap$??$guarded@XV<lambda_dd35e218711ea738db30d25390aec9b0>@@@?A0x55aa8b99@@YAXV<lambda_dd35e218711ea738db30d25390aec9b0>@@@Z
E73 00000000 SECT380 notype       Static      | .xdata
    Section length   28, #relocs    3, #linenums    0, checksum BC5203CB, selection    5 (pick associative Section 0x75)
E75 00000000 SECT380 notype       Static      | $handlerMap$0$??$guarded@XV<lambda_dd35e218711ea738db30d25390aec9b0>@@@?A0x55aa8b99@@YAXV<lambda_dd35e218711ea738db30d25390aec9b0>@@@Z
E76 00000000 SECT381 notype       Static      | .xdata
    Section length   30, #relocs    6, #linenums    0, checksum F5BFE449, selection    5 (pick associative Section 0x75)
E78 00000000 SECT381 notype       Static      | $ip2state$??$guarded@XV<lambda_dd35e218711ea738db30d25390aec9b0>@@@?A0x55aa8b99@@YAXV<lambda_dd35e218711ea738db30d25390aec9b0>@@@Z
E79 00000000 SECT382 notype       Static      | .xdata
    Section length   10, #relocs    2, #linenums    0, checksum 5840A276, selection    5 (pick associative Section 0x75)
E7B 00000000 SECT382 notype       Static      | $unwind$?catch$0@?0???$guarded@XV<lambda_dd35e218711ea738db30d25390aec9b0>@@@?A0x55aa8b99@@YAXV<lambda_dd35e218711ea738db30d25390aec9b0>@@@Z@4HA
E7C 00000000 SECT383 notype       Static      | .pdata
    Section length    C, #relocs    3, #linenums    0, checksum 8F085A64, selection    5 (pick associative Section 0x75)
E7E 00000000 SECT383 notype       Static      | $pdata$?catch$0@?0???$guarded@XV<lambda_dd35e218711ea738db30d25390aec9b0>@@@?A0x55aa8b99@@YAXV<lambda_dd35e218711ea738db30d25390aec9b0>@@@Z@4HA
E7F 00000000 SECT384 notype       Static      | .xdata
    Section length   10, #relocs    2, #linenums    0, checksum 5840A276, selection    5 (pick associative Section 0x75)
E81 00000000 SECT384 notype       Static      | $unwind$?catch$1@?0???$guarded@XV<lambda_dd35e218711ea738db30d25390aec9b0>@@@?A0x55aa8b99@@YAXV<lambda_dd35e218711ea738db30d25390aec9b0>@@@Z@4HA
E82 00000000 SECT385 notype       Static      | .pdata
    Section length    C, #relocs    3, #linenums    0, checksum 62737787, selection    5 (pick associative Section 0x75)
E84 00000000 SECT385 notype       Static      | $pdata$?catch$1@?0???$guarded@XV<lambda_dd35e218711ea738db30d25390aec9b0>@@@?A0x55aa8b99@@YAXV<lambda_dd35e218711ea738db30d25390aec9b0>@@@Z@4HA
E85 000003B8 SECTE1 notype       Static       | $unwind$??R<lambda_adf9c17595d2d16cb531e933148a6132>@@QEBAXXZ
E86 000004E0 SECTE2 notype       Static       | $pdata$??R<lambda_adf9c17595d2d16cb531e933148a6132>@@QEBAXXZ
E87 00000000 SECT386 notype       Static      | .xdata
    Section length   10, #relocs    2, #linenums    0, checksum DFA6EA80, selection    5 (pick associative Section 0x6B)
E89 00000000 SECT386 notype       Static      | $unwind$??$guarded@XV<lambda_adf9c17595d2d16cb531e933148a6132>@@@?A0x55aa8b99@@YAXV<lambda_adf9c17595d2d16cb531e933148a6132>@@@Z
E8A 00000000 SECT387 notype       Static      | .pdata
    Section length    C, #relocs    3, #linenums    0, checksum  1875D87, selection    5 (pick associative Section 0x6B)
E8C 00000000 SECT387 notype       Static      | $pdata$??$guarded@XV<lambda_adf9c17595d2d16cb531e933148a6132>@@@?A0x55aa8b99@@YAXV<lambda_adf9c17595d2d16cb531e933148a6132>@@@Z
E8D 00000000 SECT388 notype       Static      | .rdata
    Section length   28, #relocs    3, #linenums    0, checksum A1EC9887, selection    5 (pick associative Section 0x6B)
E8F 00000000 SECT388 notype       Static      | $cppxdata$??$guarded@XV<lambda_adf9c17595d2d16cb531e933148a6132>@@@?A0x55aa8b99@@YAXV<lambda_adf9c17595d2d16cb531e933148a6132>@@@Z
E90 00000000 SECT389 notype       Static      | .xdata
    Section length   10, #relocs    0, #linenums    0, checksum 8999943C, selection    5 (pick associative Section 0x6B)
E92 00000000 SECT389 notype       Static      | $stateUnwindMap$??$guarded@XV<lambda_adf9c17595d2d16cb531e933148a6132>@@@?A0x55aa8b99@@YAXV<lambda_adf9c17595d2d16cb531e933148a6132>@@@Z
E93 00000000 SECT38A notype       Static      | .xdata
    Section length   14, #relocs    1, #linenums    0, checksum D9804B12, selection    5 (pick associative Section 0x6B)
E95 00000000 SECT38A notype       Static      | $tryMap$??$guarded@XV<lambda_adf9c17595d2d16cb531e933148a6132>@@@?A0x55aa8b99@@YAXV<lambda_adf9c17595d2d16cb531e933148a6132>@@@Z
E96 00000000 SECT38B notype       Static      | .xdata
    Section length   28, #relocs    3, #linenums    0, checksum BC5203CB, selection    5 (pick associative Section 0x6B)
E98 00000000 SECT38B notype       Static      | $handlerMap$0$??$guarded@XV<lambda_adf9c17595d2d16cb531e933148a6132>@@@?A0x55aa8b99@@YAXV<lambda_adf9c17595d2d16cb531e933148a6132>@@@Z
E99 00000000 SECT38C notype       Static      | .xdata
    Section length   30, #relocs    6, #linenums    0, checksum F5BFE449, selection    5 (pick associative Section 0x6B)
E9B 00000000 SECT38C notype       Static      | $ip2state$??$guarded@XV<lambda_adf9c17595d2d16cb531e933148a6132>@@@?A0x55aa8b99@@YAXV<lambda_adf9c17595d2d16cb531e933148a6132>@@@Z
E9C 00000000 SECT38D notype       Static      | .xdata
    Section length   10, #relocs    2, #linenums    0, checksum 5840A276, selection    5 (pick associative Section 0x6B)
E9E 00000000 SECT38D notype       Static      | $unwind$?catch$0@?0???$guarded@XV<lambda_adf9c17595d2d16cb531e933148a6132>@@@?A0x55aa8b99@@YAXV<lambda_adf9c17595d2d16cb531e933148a6132>@@@Z@4HA
E9F 00000000 SECT38E notype       Static      | .pdata
    Section length    C, #relocs    3, #linenums    0, checksum 8F085A64, selection    5 (pick associative Section 0x6B)
EA1 00000000 SECT38E notype       Static      | $pdata$?catch$0@?0???$guarded@XV<lambda_adf9c17595d2d16cb531e933148a6132>@@@?A0x55aa8b99@@YAXV<lambda_adf9c17595d2d16cb531e933148a6132>@@@Z@4HA
EA2 00000000 SECT38F notype       Static      | .xdata
    Section length   10, #relocs    2, #linenums    0, checksum 5840A276, selection    5 (pick associative Section 0x6B)
EA4 00000000 SECT38F notype       Static      | $unwind$?catch$1@?0???$guarded@XV<lambda_adf9c17595d2d16cb531e933148a6132>@@@?A0x55aa8b99@@YAXV<lambda_adf9c17595d2d16cb531e933148a6132>@@@Z@4HA
EA5 00000000 SECT390 notype       Static      | .pdata
    Section length    C, #relocs    3, #linenums    0, checksum 62737787, selection    5 (pick associative Section 0x6B)
EA7 00000000 SECT390 notype       Static      | $pdata$?catch$1@?0???$guarded@XV<lambda_adf9c17595d2d16cb531e933148a6132>@@@?A0x55aa8b99@@YAXV<lambda_adf9c17595d2d16cb531e933148a6132>@@@Z@4HA
EA8 000003C0 SECTE1 notype       Static       | $unwind$??R<lambda_41af0a78e213b3a26ba08cbe04462139>@@QEBAXXZ
EA9 000004EC SECTE2 notype       Static       | $pdata$??R<lambda_41af0a78e213b3a26ba08cbe04462139>@@QEBAXXZ
EAA 00000000 SECT391 notype       Static      | .xdata
    Section length   10, #relocs    2, #linenums    0, checksum DFA6EA80, selection    5 (pick associative Section 0x4D)
EAC 00000000 SECT391 notype       Static      | $unwind$??$guarded@XV<lambda_41af0a78e213b3a26ba08cbe04462139>@@@?A0x55aa8b99@@YAXV<lambda_41af0a78e213b3a26ba08cbe04462139>@@@Z
EAD 00000000 SECT392 notype       Static      | .pdata
    Section length    C, #relocs    3, #linenums    0, checksum  1875D87, selection    5 (pick associative Section 0x4D)
EAF 00000000 SECT392 notype       Static      | $pdata$??$guarded@XV<lambda_41af0a78e213b3a26ba08cbe04462139>@@@?A0x55aa8b99@@YAXV<lambda_41af0a78e213b3a26ba08cbe04462139>@@@Z
EB0 00000000 SECT393 notype       Static      | .rdata
    Section length   28, #relocs    3, #linenums    0, checksum A1EC9887, selection    5 (pick associative Section 0x4D)
EB2 00000000 SECT393 notype       Static      | $cppxdata$??$guarded@XV<lambda_41af0a78e213b3a26ba08cbe04462139>@@@?A0x55aa8b99@@YAXV<lambda_41af0a78e213b3a26ba08cbe04462139>@@@Z
EB3 00000000 SECT394 notype       Static      | .xdata
    Section length   10, #relocs    0, #linenums    0, checksum 8999943C, selection    5 (pick associative Section 0x4D)
EB5 00000000 SECT394 notype       Static      | $stateUnwindMap$??$guarded@XV<lambda_41af0a78e213b3a26ba08cbe04462139>@@@?A0x55aa8b99@@YAXV<lambda_41af0a78e213b3a26ba08cbe04462139>@@@Z
EB6 00000000 SECT395 notype       Static      | .xdata
    Section length   14, #relocs    1, #linenums    0, checksum D9804B12, selection    5 (pick associative Section 0x4D)
EB8 00000000 SECT395 notype       Static      | $tryMap$??$guarded@XV<lambda_41af0a78e213b3a26ba08cbe04462139>@@@?A0x55aa8b99@@YAXV<lambda_41af0a78e213b3a26ba08cbe04462139>@@@Z
EB9 00000000 SECT396 notype       Static      | .xdata
    Section length   28, #relocs    3, #linenums    0, checksum BC5203CB, selection    5 (pick associative Section 0x4D)
EBB 00000000 SECT396 notype       Static      | $handlerMap$0$??$guarded@XV<lambda_41af0a78e213b3a26ba08cbe04462139>@@@?A0x55aa8b99@@YAXV<lambda_41af0a78e213b3a26ba08cbe04462139>@@@Z
EBC 00000000 SECT397 notype       Static      | .xdata
    Section length   30, #relocs    6, #linenums    0, checksum F5BFE449, selection    5 (pick associative Section 0x4D)
EBE 00000000 SECT397 notype       Static      | $ip2state$??$guarded@XV<lambda_41af0a78e213b3a26ba08cbe04462139>@@@?A0x55aa8b99@@YAXV<lambda_41af0a78e213b3a26ba08cbe04462139>@@@Z
EBF 00000000 SECT398 notype       Static      | .xdata
    Section length   10, #relocs    2, #linenums    0, checksum 5840A276, selection    5 (pick associative Section 0x4D)
EC1 00000000 SECT398 notype       Static      | $unwind$?catch$0@?0???$guarded@XV<lambda_41af0a78e213b3a26ba08cbe04462139>@@@?A0x55aa8b99@@YAXV<lambda_41af0a78e213b3a26ba08cbe04462139>@@@Z@4HA
EC2 00000000 SECT399 notype       Static      | .pdata
    Section length    C, #relocs    3, #linenums    0, checksum 8F085A64, selection    5 (pick associative Section 0x4D)
EC4 00000000 SECT399 notype       Static      | $pdata$?catch$0@?0???$guarded@XV<lambda_41af0a78e213b3a26ba08cbe04462139>@@@?A0x55aa8b99@@YAXV<lambda_41af0a78e213b3a26ba08cbe04462139>@@@Z@4HA
EC5 00000000 SECT39A notype       Static      | .xdata
    Section length   10, #relocs    2, #linenums    0, checksum 5840A276, selection    5 (pick associative Section 0x4D)
EC7 00000000 SECT39A notype       Static      | $unwind$?catch$1@?0???$guarded@XV<lambda_41af0a78e213b3a26ba08cbe04462139>@@@?A0x55aa8b99@@YAXV<lambda_41af0a78e213b3a26ba08cbe04462139>@@@Z@4HA
EC8 00000000 SECT39B notype       Static      | .pdata
    Section length    C, #relocs    3, #linenums    0, checksum 62737787, selection    5 (pick associative Section 0x4D)
ECA 00000000 SECT39B notype       Static      | $pdata$?catch$1@?0???$guarded@XV<lambda_41af0a78e213b3a26ba08cbe04462139>@@@?A0x55aa8b99@@YAXV<lambda_41af0a78e213b3a26ba08cbe04462139>@@@Z@4HA
ECB 000003C8 SECTE1 notype       Static       | $unwind$??R<lambda_16657eb4f11b4580df74f1501324faec>@@QEBAXXZ
ECC 000004F8 SECTE2 notype       Static       | $pdata$??R<lambda_16657eb4f11b4580df74f1501324faec>@@QEBAXXZ
ECD 00000000 SECT39C notype       Static      | .xdata
    Section length   10, #relocs    2, #linenums    0, checksum DFA6EA80, selection    5 (pick associative Section 0x3F)
ECF 00000000 SECT39C notype       Static      | $unwind$??$guarded@XV<lambda_16657eb4f11b4580df74f1501324faec>@@@?A0x55aa8b99@@YAXV<lambda_16657eb4f11b4580df74f1501324faec>@@@Z
ED0 00000000 SECT39D notype       Static      | .pdata
    Section length    C, #relocs    3, #linenums    0, checksum  1875D87, selection    5 (pick associative Section 0x3F)
ED2 00000000 SECT39D notype       Static      | $pdata$??$guarded@XV<lambda_16657eb4f11b4580df74f1501324faec>@@@?A0x55aa8b99@@YAXV<lambda_16657eb4f11b4580df74f1501324faec>@@@Z
ED3 00000000 SECT39E notype       Static      | .rdata
    Section length   28, #relocs    3, #linenums    0, checksum A1EC9887, selection    5 (pick associative Section 0x3F)
ED5 00000000 SECT39E notype       Static      | $cppxdata$??$guarded@XV<lambda_16657eb4f11b4580df74f1501324faec>@@@?A0x55aa8b99@@YAXV<lambda_16657eb4f11b4580df74f1501324faec>@@@Z
ED6 00000000 SECT39F notype       Static      | .xdata
    Section length   10, #relocs    0, #linenums    0, checksum 8999943C, selection    5 (pick associative Section 0x3F)
ED8 00000000 SECT39F notype       Static      | $stateUnwindMap$??$guarded@XV<lambda_16657eb4f11b4580df74f1501324faec>@@@?A0x55aa8b99@@YAXV<lambda_16657eb4f11b4580df74f1501324faec>@@@Z
ED9 00000000 SECT3A0 notype       Static      | .xdata
    Section length   14, #relocs    1, #linenums    0, checksum D9804B12, selection    5 (pick associative Section 0x3F)
EDB 00000000 SECT3A0 notype       Static      | $tryMap$??$guarded@XV<lambda_16657eb4f11b4580df74f1501324faec>@@@?A0x55aa8b99@@YAXV<lambda_16657eb4f11b4580df74f1501324faec>@@@Z
EDC 00000000 SECT3A1 notype       Static      | .xdata
    Section length   28, #relocs    3, #linenums    0, checksum BC5203CB, selection    5 (pick associative Section 0x3F)
EDE 00000000 SECT3A1 notype       Static      | $handlerMap$0$??$guarded@XV<lambda_16657eb4f11b4580df74f1501324faec>@@@?A0x55aa8b99@@YAXV<lambda_16657eb4f11b4580df74f1501324faec>@@@Z
EDF 00000000 SECT3A2 notype       Static      | .xdata
    Section length   30, #relocs    6, #linenums    0, checksum F5BFE449, selection    5 (pick associative Section 0x3F)
EE1 00000000 SECT3A2 notype       Static      | $ip2state$??$guarded@XV<lambda_16657eb4f11b4580df74f1501324faec>@@@?A0x55aa8b99@@YAXV<lambda_16657eb4f11b4580df74f1501324faec>@@@Z
EE2 00000000 SECT3A3 notype       Static      | .xdata
    Section length   10, #relocs    2, #linenums    0, checksum 5840A276, selection    5 (pick associative Section 0x3F)
EE4 00000000 SECT3A3 notype       Static      | $unwind$?catch$0@?0???$guarded@XV<lambda_16657eb4f11b4580df74f1501324faec>@@@?A0x55aa8b99@@YAXV<lambda_16657eb4f11b4580df74f1501324faec>@@@Z@4HA
EE5 00000000 SECT3A4 notype       Static      | .pdata
    Section length    C, #relocs    3, #linenums    0, checksum 8F085A64, selection    5 (pick associative Section 0x3F)
EE7 00000000 SECT3A4 notype       Static      | $pdata$?catch$0@?0???$guarded@XV<lambda_16657eb4f11b4580df74f1501324faec>@@@?A0x55aa8b99@@YAXV<lambda_16657eb4f11b4580df74f1501324faec>@@@Z@4HA
EE8 00000000 SECT3A5 notype       Static      | .xdata
    Section length   10, #relocs    2, #linenums    0, checksum 5840A276, selection    5 (pick associative Section 0x3F)
EEA 00000000 SECT3A5 notype       Static      | $unwind$?catch$1@?0???$guarded@XV<lambda_16657eb4f11b4580df74f1501324faec>@@@?A0x55aa8b99@@YAXV<lambda_16657eb4f11b4580df74f1501324faec>@@@Z@4HA
EEB 00000000 SECT3A6 notype       Static      | .pdata
    Section length    C, #relocs    3, #linenums    0, checksum 62737787, selection    5 (pick associative Section 0x3F)
EED 00000000 SECT3A6 notype       Static      | $pdata$?catch$1@?0???$guarded@XV<lambda_16657eb4f11b4580df74f1501324faec>@@@?A0x55aa8b99@@YAXV<lambda_16657eb4f11b4580df74f1501324faec>@@@Z@4HA
EEE 000003D0 SECTE1 notype       Static       | $unwind$??R<lambda_7f16758173cd15478cd89d5503acb99f>@@QEBAXXZ
EEF 00000504 SECTE2 notype       Static       | $pdata$??R<lambda_7f16758173cd15478cd89d5503acb99f>@@QEBAXXZ
EF0 00000000 SECT3A7 notype       Static      | .xdata
    Section length   10, #relocs    2, #linenums    0, checksum DFA6EA80, selection    5 (pick associative Section 0x5B)
EF2 00000000 SECT3A7 notype       Static      | $unwind$??$guarded@XV<lambda_7f16758173cd15478cd89d5503acb99f>@@@?A0x55aa8b99@@YAXV<lambda_7f16758173cd15478cd89d5503acb99f>@@@Z
EF3 00000000 SECT3A8 notype       Static      | .pdata
    Section length    C, #relocs    3, #linenums    0, checksum  1875D87, selection    5 (pick associative Section 0x5B)
EF5 00000000 SECT3A8 notype       Static      | $pdata$??$guarded@XV<lambda_7f16758173cd15478cd89d5503acb99f>@@@?A0x55aa8b99@@YAXV<lambda_7f16758173cd15478cd89d5503acb99f>@@@Z
EF6 00000000 SECT3A9 notype       Static      | .rdata
    Section length   28, #relocs    3, #linenums    0, checksum A1EC9887, selection    5 (pick associative Section 0x5B)
EF8 00000000 SECT3A9 notype       Static      | $cppxdata$??$guarded@XV<lambda_7f16758173cd15478cd89d5503acb99f>@@@?A0x55aa8b99@@YAXV<lambda_7f16758173cd15478cd89d5503acb99f>@@@Z
EF9 00000000 SECT3AA notype       Static      | .xdata
    Section length   10, #relocs    0, #linenums    0, checksum 8999943C, selection    5 (pick associative Section 0x5B)
EFB 00000000 SECT3AA notype       Static      | $stateUnwindMap$??$guarded@XV<lambda_7f16758173cd15478cd89d5503acb99f>@@@?A0x55aa8b99@@YAXV<lambda_7f16758173cd15478cd89d5503acb99f>@@@Z
EFC 00000000 SECT3AB notype       Static      | .xdata
    Section length   14, #relocs    1, #linenums    0, checksum D9804B12, selection    5 (pick associative Section 0x5B)
EFE 00000000 SECT3AB notype       Static      | $tryMap$??$guarded@XV<lambda_7f16758173cd15478cd89d5503acb99f>@@@?A0x55aa8b99@@YAXV<lambda_7f16758173cd15478cd89d5503acb99f>@@@Z
EFF 00000000 SECT3AC notype       Static      | .xdata
    Section length   28, #relocs    3, #linenums    0, checksum BC5203CB, selection    5 (pick associative Section 0x5B)
F01 00000000 SECT3AC notype       Static      | $handlerMap$0$??$guarded@XV<lambda_7f16758173cd15478cd89d5503acb99f>@@@?A0x55aa8b99@@YAXV<lambda_7f16758173cd15478cd89d5503acb99f>@@@Z
F02 00000000 SECT3AD notype       Static      | .xdata
    Section length   30, #relocs    6, #linenums    0, checksum F5BFE449, selection    5 (pick associative Section 0x5B)
F04 00000000 SECT3AD notype       Static      | $ip2state$??$guarded@XV<lambda_7f16758173cd15478cd89d5503acb99f>@@@?A0x55aa8b99@@YAXV<lambda_7f16758173cd15478cd89d5503acb99f>@@@Z
F05 00000000 SECT3AE notype       Static      | .xdata
    Section length   10, #relocs    2, #linenums    0, checksum 5840A276, selection    5 (pick associative Section 0x5B)
F07 00000000 SECT3AE notype       Static      | $unwind$?catch$0@?0???$guarded@XV<lambda_7f16758173cd15478cd89d5503acb99f>@@@?A0x55aa8b99@@YAXV<lambda_7f16758173cd15478cd89d5503acb99f>@@@Z@4HA
F08 00000000 SECT3AF notype       Static      | .pdata
    Section length    C, #relocs    3, #linenums    0, checksum 8F085A64, selection    5 (pick associative Section 0x5B)
F0A 00000000 SECT3AF notype       Static      | $pdata$?catch$0@?0???$guarded@XV<lambda_7f16758173cd15478cd89d5503acb99f>@@@?A0x55aa8b99@@YAXV<lambda_7f16758173cd15478cd89d5503acb99f>@@@Z@4HA
F0B 00000000 SECT3B0 notype       Static      | .xdata
    Section length   10, #relocs    2, #linenums    0, checksum 5840A276, selection    5 (pick associative Section 0x5B)
F0D 00000000 SECT3B0 notype       Static      | $unwind$?catch$1@?0???$guarded@XV<lambda_7f16758173cd15478cd89d5503acb99f>@@@?A0x55aa8b99@@YAXV<lambda_7f16758173cd15478cd89d5503acb99f>@@@Z@4HA
F0E 00000000 SECT3B1 notype       Static      | .pdata
    Section length    C, #relocs    3, #linenums    0, checksum 62737787, selection    5 (pick associative Section 0x5B)
F10 00000000 SECT3B1 notype       Static      | $pdata$?catch$1@?0???$guarded@XV<lambda_7f16758173cd15478cd89d5503acb99f>@@@?A0x55aa8b99@@YAXV<lambda_7f16758173cd15478cd89d5503acb99f>@@@Z@4HA
F11 000003D8 SECTE1 notype       Static       | $unwind$??R<lambda_e8387d4aa280132e3bf53f2ae16ea107>@@QEBAXXZ
F12 00000510 SECTE2 notype       Static       | $pdata$??R<lambda_e8387d4aa280132e3bf53f2ae16ea107>@@QEBAXXZ
F13 00000000 SECT3B2 notype       Static      | .xdata
    Section length   10, #relocs    2, #linenums    0, checksum DFA6EA80, selection    5 (pick associative Section 0x77)
F15 00000000 SECT3B2 notype       Static      | $unwind$??$guarded@XV<lambda_e8387d4aa280132e3bf53f2ae16ea107>@@@?A0x55aa8b99@@YAXV<lambda_e8387d4aa280132e3bf53f2ae16ea107>@@@Z
F16 00000000 SECT3B3 notype       Static      | .pdata
    Section length    C, #relocs    3, #linenums    0, checksum  1875D87, selection    5 (pick associative Section 0x77)
F18 00000000 SECT3B3 notype       Static      | $pdata$??$guarded@XV<lambda_e8387d4aa280132e3bf53f2ae16ea107>@@@?A0x55aa8b99@@YAXV<lambda_e8387d4aa280132e3bf53f2ae16ea107>@@@Z
F19 00000000 SECT3B4 notype       Static      | .rdata
    Section length   28, #relocs    3, #linenums    0, checksum A1EC9887, selection    5 (pick associative Section 0x77)
F1B 00000000 SECT3B4 notype       Static      | $cppxdata$??$guarded@XV<lambda_e8387d4aa280132e3bf53f2ae16ea107>@@@?A0x55aa8b99@@YAXV<lambda_e8387d4aa280132e3bf53f2ae16ea107>@@@Z
F1C 00000000 SECT3B5 notype       Static      | .xdata
    Section length   10, #relocs    0, #linenums    0, checksum 8999943C, selection    5 (pick associative Section 0x77)
F1E 00000000 SECT3B5 notype       Static      | $stateUnwindMap$??$guarded@XV<lambda_e8387d4aa280132e3bf53f2ae16ea107>@@@?A0x55aa8b99@@YAXV<lambda_e8387d4aa280132e3bf53f2ae16ea107>@@@Z
F1F 00000000 SECT3B6 notype       Static      | .xdata
    Section length   14, #relocs    1, #linenums    0, checksum D9804B12, selection    5 (pick associative Section 0x77)
F21 00000000 SECT3B6 notype       Static      | $tryMap$??$guarded@XV<lambda_e8387d4aa280132e3bf53f2ae16ea107>@@@?A0x55aa8b99@@YAXV<lambda_e8387d4aa280132e3bf53f2ae16ea107>@@@Z
F22 00000000 SECT3B7 notype       Static      | .xdata
    Section length   28, #relocs    3, #linenums    0, checksum BC5203CB, selection    5 (pick associative Section 0x77)
F24 00000000 SECT3B7 notype       Static      | $handlerMap$0$??$guarded@XV<lambda_e8387d4aa280132e3bf53f2ae16ea107>@@@?A0x55aa8b99@@YAXV<lambda_e8387d4aa280132e3bf53f2ae16ea107>@@@Z
F25 00000000 SECT3B8 notype       Static      | .xdata
    Section length   30, #relocs    6, #linenums    0, checksum F5BFE449, selection    5 (pick associative Section 0x77)
F27 00000000 SECT3B8 notype       Static      | $ip2state$??$guarded@XV<lambda_e8387d4aa280132e3bf53f2ae16ea107>@@@?A0x55aa8b99@@YAXV<lambda_e8387d4aa280132e3bf53f2ae16ea107>@@@Z
F28 00000000 SECT3B9 notype       Static      | .xdata
    Section length   10, #relocs    2, #linenums    0, checksum 5840A276, selection    5 (pick associative Section 0x77)
F2A 00000000 SECT3B9 notype       Static      | $unwind$?catch$0@?0???$guarded@XV<lambda_e8387d4aa280132e3bf53f2ae16ea107>@@@?A0x55aa8b99@@YAXV<lambda_e8387d4aa280132e3bf53f2ae16ea107>@@@Z@4HA
F2B 00000000 SECT3BA notype       Static      | .pdata
    Section length    C, #relocs    3, #linenums    0, checksum 8F085A64, selection    5 (pick associative Section 0x77)
F2D 00000000 SECT3BA notype       Static      | $pdata$?catch$0@?0???$guarded@XV<lambda_e8387d4aa280132e3bf53f2ae16ea107>@@@?A0x55aa8b99@@YAXV<lambda_e8387d4aa280132e3bf53f2ae16ea107>@@@Z@4HA
F2E 00000000 SECT3BB notype       Static      | .xdata
    Section length   10, #relocs    2, #linenums    0, checksum 5840A276, selection    5 (pick associative Section 0x77)
F30 00000000 SECT3BB notype       Static      | $unwind$?catch$1@?0???$guarded@XV<lambda_e8387d4aa280132e3bf53f2ae16ea107>@@@?A0x55aa8b99@@YAXV<lambda_e8387d4aa280132e3bf53f2ae16ea107>@@@Z@4HA
F31 00000000 SECT3BC notype       Static      | .pdata
    Section length    C, #relocs    3, #linenums    0, checksum 62737787, selection    5 (pick associative Section 0x77)
F33 00000000 SECT3BC notype       Static      | $pdata$?catch$1@?0???$guarded@XV<lambda_e8387d4aa280132e3bf53f2ae16ea107>@@@?A0x55aa8b99@@YAXV<lambda_e8387d4aa280132e3bf53f2ae16ea107>@@@Z@4HA
F34 000003E0 SECTE1 notype       Static       | $unwind$??R<lambda_27ad9d690d25a790b095ad49a21c325a>@@QEBAXXZ
F35 0000051C SECTE2 notype       Static       | $pdata$??R<lambda_27ad9d690d25a790b095ad49a21c325a>@@QEBAXXZ
F36 00000000 SECT3BD notype       Static      | .xdata
    Section length   10, #relocs    2, #linenums    0, checksum DFA6EA80, selection    5 (pick associative Section 0x43)
F38 00000000 SECT3BD notype       Static      | $unwind$??$guarded@XV<lambda_27ad9d690d25a790b095ad49a21c325a>@@@?A0x55aa8b99@@YAXV<lambda_27ad9d690d25a790b095ad49a21c325a>@@@Z
F39 00000000 SECT3BE notype       Static      | .pdata
    Section length    C, #relocs    3, #linenums    0, checksum  1875D87, selection    5 (pick associative Section 0x43)
F3B 00000000 SECT3BE notype       Static      | $pdata$??$guarded@XV<lambda_27ad9d690d25a790b095ad49a21c325a>@@@?A0x55aa8b99@@YAXV<lambda_27ad9d690d25a790b095ad49a21c325a>@@@Z
F3C 00000000 SECT3BF notype       Static      | .rdata
    Section length   28, #relocs    3, #linenums    0, checksum A1EC9887, selection    5 (pick associative Section 0x43)
F3E 00000000 SECT3BF notype       Static      | $cppxdata$??$guarded@XV<lambda_27ad9d690d25a790b095ad49a21c325a>@@@?A0x55aa8b99@@YAXV<lambda_27ad9d690d25a790b095ad49a21c325a>@@@Z
F3F 00000000 SECT3C0 notype       Static      | .xdata
    Section length   10, #relocs    0, #linenums    0, checksum 8999943C, selection    5 (pick associative Section 0x43)
F41 00000000 SECT3C0 notype       Static      | $stateUnwindMap$??$guarded@XV<lambda_27ad9d690d25a790b095ad49a21c325a>@@@?A0x55aa8b99@@YAXV<lambda_27ad9d690d25a790b095ad49a21c325a>@@@Z
F42 00000000 SECT3C1 notype       Static      | .xdata
    Section length   14, #relocs    1, #linenums    0, checksum D9804B12, selection    5 (pick associative Section 0x43)
F44 00000000 SECT3C1 notype       Static      | $tryMap$??$guarded@XV<lambda_27ad9d690d25a790b095ad49a21c325a>@@@?A0x55aa8b99@@YAXV<lambda_27ad9d690d25a790b095ad49a21c325a>@@@Z
F45 00000000 SECT3C2 notype       Static      | .xdata
    Section length   28, #relocs    3, #linenums    0, checksum BC5203CB, selection    5 (pick associative Section 0x43)
F47 00000000 SECT3C2 notype       Static      | $handlerMap$0$??$guarded@XV<lambda_27ad9d690d25a790b095ad49a21c325a>@@@?A0x55aa8b99@@YAXV<lambda_27ad9d690d25a790b095ad49a21c325a>@@@Z
F48 00000000 SECT3C3 notype       Static      | .xdata
    Section length   30, #relocs    6, #linenums    0, checksum F5BFE449, selection    5 (pick associative Section 0x43)
F4A 00000000 SECT3C3 notype       Static      | $ip2state$??$guarded@XV<lambda_27ad9d690d25a790b095ad49a21c325a>@@@?A0x55aa8b99@@YAXV<lambda_27ad9d690d25a790b095ad49a21c325a>@@@Z
F4B 00000000 SECT3C4 notype       Static      | .xdata
    Section length   10, #relocs    2, #linenums    0, checksum 5840A276, selection    5 (pick associative Section 0x43)
F4D 00000000 SECT3C4 notype       Static      | $unwind$?catch$0@?0???$guarded@XV<lambda_27ad9d690d25a790b095ad49a21c325a>@@@?A0x55aa8b99@@YAXV<lambda_27ad9d690d25a790b095ad49a21c325a>@@@Z@4HA
F4E 00000000 SECT3C5 notype       Static      | .pdata
    Section length    C, #relocs    3, #linenums    0, checksum 8F085A64, selection    5 (pick associative Section 0x43)
F50 00000000 SECT3C5 notype       Static      | $pdata$?catch$0@?0???$guarded@XV<lambda_27ad9d690d25a790b095ad49a21c325a>@@@?A0x55aa8b99@@YAXV<lambda_27ad9d690d25a790b095ad49a21c325a>@@@Z@4HA
F51 00000000 SECT3C6 notype       Static      | .xdata
    Section length   10, #relocs    2, #linenums    0, checksum 5840A276, selection    5 (pick associative Section 0x43)
F53 00000000 SECT3C6 notype       Static      | $unwind$?catch$1@?0???$guarded@XV<lambda_27ad9d690d25a790b095ad49a21c325a>@@@?A0x55aa8b99@@YAXV<lambda_27ad9d690d25a790b095ad49a21c325a>@@@Z@4HA
F54 00000000 SECT3C7 notype       Static      | .pdata
    Section length    C, #relocs    3, #linenums    0, checksum 62737787, selection    5 (pick associative Section 0x43)
F56 00000000 SECT3C7 notype       Static      | $pdata$?catch$1@?0???$guarded@XV<lambda_27ad9d690d25a790b095ad49a21c325a>@@@?A0x55aa8b99@@YAXV<lambda_27ad9d690d25a790b095ad49a21c325a>@@@Z@4HA
F57 00000000 SECT3C8 notype       Static      | .xdata
    Section length    8, #relocs    0, #linenums    0, checksum 6072F4B7, selection    5 (pick associative Section 0x9)
F59 00000000 SECT3C8 notype       Static      | $unwind$??$construct@PEADAEAPEAD@?$_Wrap_alloc@V?$allocator@D@std@@@std@@QEAAXPEAPEADAEAPEAD@Z
F5A 00000000 SECT3C9 notype       Static      | .pdata
    Section length    C, #relocs    3, #linenums    0, checksum  1875D87, selection    5 (pick associative Section 0x9)
F5C 00000000 SECT3C9 notype       Static      | $pdata$??$construct@PEADAEAPEAD@?$_Wrap_alloc@V?$allocator@D@std@@@std@@QEAAXPEAPEADAEAPEAD@Z
F5D 00000000 SECT3CA notype       Static      | .xdata
    Section length    8, #relocs    0, #linenums    0, checksum C40886FB, selection    5 (pick associative Section 0xF)
F5F 00000000 SECT3CA notype       Static      | $unwind$??$destroy@PEAD@?$_Wrap_alloc@V?$allocator@D@std@@@std@@QEAAXPEAPEAD@Z
F60 00000000 SECT3CB notype       Static      | .pdata
    Section length    C, #relocs    3, #linenums    0, checksum BB53652B, selection    5 (pick associative Section 0xF)
F62 00000000 SECT3CB notype       Static      | $pdata$??$destroy@PEAD@?$_Wrap_alloc@V?$allocator@D@std@@@std@@QEAAXPEAPEAD@Z
F63 00000000 SECT3CC notype       Static      | .xdata
    Section length    8, #relocs    0, #linenums    0, checksum 6072F4B7, selection    5 (pick associative Section 0xC8)
F65 00000000 SECT3CC notype       Static      | $unwind$?deallocate@?$allocator@U_Container_proxy@std@@@std@@QEAAXPEAU_Container_proxy@2@_K@Z
F66 00000000 SECT3CD notype       Static      | .pdata
    Section length    C, #relocs    3, #linenums    0, checksum BB53652B, selection    5 (pick associative Section 0xC8)
F68 00000000 SECT3CD notype       Static      | $pdata$?deallocate@?$allocator@U_Container_proxy@std@@@std@@QEAAXPEAU_Container_proxy@2@_K@Z
F69 00000000 SECT3CE notype       Static      | .xdata
    Section length    8, #relocs    0, #linenums    0, checksum C40886FB, selection    5 (pick associative Section 0xBE)
F6B 00000000 SECT3CE notype       Static      | $unwind$?allocate@?$allocator@U_Container_proxy@std@@@std@@QEAAPEAU_Container_proxy@2@_K@Z
F6C 00000000 SECT3CF notype       Static      | .pdata
    Section length    C, #relocs    3, #linenums    0, checksum A59B2387, selection    5 (pick associative Section 0xBE)
F6E 00000000 SECT3CF notype       Static      | $pdata$?allocate@?$allocator@U_Container_proxy@std@@@std@@QEAAPEAU_Container_proxy@2@_K@Z
F6F 00000000 SECT3D0 notype       Static      | .xdata
    Section length   14, #relocs    2, #linenums    0, checksum 8FE21865, selection    5 (pick associative Section 0xD)
F71 00000000 SECT3D0 notype       Static      | $unwind$??$construct@U_Container_proxy@std@@U12@@?$allocator@U_Container_proxy@std@@@std@@QEAAXPEAU_Container_proxy@1@$$QEAU21@@Z
F72 00000000 SECT3D1 notype       Static      | .pdata
    Section length    C, #relocs    3, #linenums    0, checksum B31F8ABB, selection    5 (pick associative Section 0xD)
F74 00000000 SECT3D1 notype       Static      | $pdata$??$construct@U_Container_proxy@std@@U12@@?$allocator@U_Container_proxy@std@@@std@@QEAAXPEAU_Container_proxy@1@$$QEAU21@@Z
F75 00000000 SECT3D2 notype       Static      | .rdata
    Section length   28, #relocs    2, #linenums    0, checksum E5275579, selection    5 (pick associative Section 0xD)
F77 00000000 SECT3D2 notype       Static      | $cppxdata$??$construct@U_Container_proxy@std@@U12@@?$allocator@U_Container_proxy@std@@@std@@QEAAXPEAU_Container_proxy@1@$$QEAU21@@Z
F78 00000000 SECT3D3 notype       Static      | .xdata
    Section length    8, #relocs    1, #linenums    0, checksum 9ADD2096, selection    5 (pick associative Section 0xD)
F7A 00000000 SECT3D3 notype       Static      | $stateUnwindMap$??$construct@U_Container_proxy@std@@U12@@?$allocator@U_Container_proxy@std@@@std@@QEAAXPEAU_Container_proxy@1@$$QEAU21@@Z
F7B 00000000 SECT3D4 notype       Static      | .xdata
    Section length   18, #relocs    3, #linenums    0, checksum B65CB2FC, selection    5 (pick associative Section 0xD)
F7D 00000000 SECT3D4 notype       Static      | $ip2state$??$construct@U_Container_proxy@std@@U12@@?$allocator@U_Container_proxy@std@@@std@@QEAAXPEAU_Container_proxy@1@$$QEAU21@@Z
F7E 00000000 SECT3D5 notype       Static      | .xdata
    Section length    8, #relocs    0, #linenums    0, checksum B96BC9FB, selection    5 (pick associative Section 0xD)
F80 00000000 SECT3D5 notype       Static      | $unwind$?dtor$0@?0???$construct@U_Container_proxy@std@@U12@@?$allocator@U_Container_proxy@std@@@std@@QEAAXPEAU_Container_proxy@1@$$QEAU21@@Z@4HA
F81 00000000 SECT3D6 notype       Static      | .pdata
    Section length    C, #relocs    3, #linenums    0, checksum 2B142464, selection    5 (pick associative Section 0xD)
F83 00000000 SECT3D6 notype       Static      | $pdata$?dtor$0@?0???$construct@U_Container_proxy@std@@U12@@?$allocator@U_Container_proxy@std@@@std@@QEAAXPEAU_Container_proxy@1@$$QEAU21@@Z@4HA
F84 00000000 SECT3D7 notype       Static      | .xdata
    Section length    8, #relocs    0, #linenums    0, checksum FC45C01B, selection    5 (pick associative Section 0x6)
F86 00000000 SECT3D7 notype       Static      | $unwind$??$_Allocate@U_Container_proxy@std@@@std@@YAPEAU_Container_proxy@0@_KPEAU10@@Z
F87 00000000 SECT3D8 notype       Static      | .pdata
    Section length    C, #relocs    3, #linenums    0, checksum  289E689, selection    5 (pick associative Section 0x6)
F89 00000000 SECT3D8 notype       Static      | $pdata$??$_Allocate@U_Container_proxy@std@@@std@@YAPEAU_Container_proxy@0@_KPEAU10@@Z
F8A 00000000 SECT3D9 notype       Static      | .xdata
    Section length    8, #relocs    0, #linenums    0, checksum FC45C01B, selection    5 (pick associative Section 0x5)
F8C 00000000 SECT3D9 notype       Static      | $unwind$??$_Allocate@D@std@@YAPEAD_KPEAD@Z
F8D 00000000 SECT3DA notype       Static      | .pdata
    Section length    C, #relocs    3, #linenums    0, checksum F0BDD041, selection    5 (pick associative Section 0x5)
F8F 00000000 SECT3DA notype       Static      | $pdata$??$_Allocate@D@std@@YAPEAD_KPEAD@Z
F90 00000000 SECT3DB notype       Static      | .xdata
    Section length    8, #relocs    0, #linenums    0, checksum  FC539D1, selection    5 (pick associative Section 0xA2)
F92 00000000 SECT3DB notype       Static      | $unwind$??__E?_Generic_object@?$_Error_objects@H@std@@2V_Generic_error_category@2@A@@YAXXZ
F93 00000000 SECT3DC notype       Static      | .pdata
    Section length    C, #relocs    3, #linenums    0, checksum 35DC62C8, selection    5 (pick associative Section 0xA2)
F95 00000000 SECT3DC notype       Static      | $pdata$??__E?_Generic_object@?$_Error_objects@H@std@@2V_Generic_error_category@2@A@@YAXXZ
F96 00000000 SECT3DD notype       Static      | .xdata
    Section length    8, #relocs    0, #linenums    0, checksum  FC539D1, selection    5 (pick associative Section 0xAB)
F98 00000000 SECT3DD notype       Static      | $unwind$??__F?_Generic_object@?$_Error_objects@H@std@@2V_Generic_error_category@2@A@@YAXXZ
F99 00000000 SECT3DE notype       Static      | .pdata
    Section length    C, #relocs    3, #linenums    0, checksum 345B3F4F, selection    5 (pick associative Section 0xAB)
F9B 00000000 SECT3DE notype       Static      | $pdata$??__F?_Generic_object@?$_Error_objects@H@std@@2V_Generic_error_category@2@A@@YAXXZ
F9C 00000000 SECT3DF notype       Static      | .xdata
    Section length    8, #relocs    0, #linenums    0, checksum  FC539D1, selection    5 (pick associative Section 0xA3)
F9E 00000000 SECT3DF notype       Static      | $unwind$??__E?_Iostream_object@?$_Error_objects@H@std@@2V_Iostream_error_category@2@A@@YAXXZ
F9F 00000000 SECT3E0 notype       Static      | .pdata
    Section length    C, #relocs    3, #linenums    0, checksum 35DC62C8, selection    5 (pick associative Section 0xA3)
FA1 00000000 SECT3E0 notype       Static      | $pdata$??__E?_Iostream_object@?$_Error_objects@H@std@@2V_Iostream_error_category@2@A@@YAXXZ
FA2 00000000 SECT3E1 notype       Static      | .xdata
    Section length    8, #relocs    0, #linenums    0, checksum  FC539D1, selection    5 (pick associative Section 0xAC)
FA4 00000000 SECT3E1 notype       Static      | $unwind$??__F?_Iostream_object@?$_Error_objects@H@std@@2V_Iostream_error_category@2@A@@YAXXZ
FA5 00000000 SECT3E2 notype       Static      | .pdata
    Section length    C, #relocs    3, #linenums    0, checksum 345B3F4F, selection    5 (pick associative Section 0xAC)
FA7 00000000 SECT3E2 notype       Static      | $pdata$??__F?_Iostream_object@?$_Error_objects@H@std@@2V_Iostream_error_category@2@A@@YAXXZ
FA8 00000000 SECT3E3 notype       Static      | .xdata
    Section length    8, #relocs    0, #linenums    0, checksum  FC539D1, selection    5 (pick associative Section 0xA4)
FAA 00000000 SECT3E3 notype       Static      | $unwind$??__E?_System_object@?$_Error_objects@H@std@@2V_System_error_category@2@A@@YAXXZ
FAB 00000000 SECT3E4 notype       Static      | .pdata
    Section length    C, #relocs    3, #linenums    0, checksum 35DC62C8, selection    5 (pick associative Section 0xA4)
FAD 00000000 SECT3E4 notype       Static      | $pdata$??__E?_System_object@?$_Error_objects@H@std@@2V_System_error_category@2@A@@YAXXZ
FAE 00000000 SECT3E5 notype       Static      | .xdata
    Section length    8, #relocs    0, #linenums    0, checksum  FC539D1, selection    5 (pick associative Section 0xAD)
FB0 00000000 SECT3E5 notype       Static      | $unwind$??__F?_System_object@?$_Error_objects@H@std@@2V_System_error_category@2@A@@YAXXZ
FB1 00000000 SECT3E6 notype       Static      | .pdata
    Section length    C, #relocs    3, #linenums    0, checksum 345B3F4F, selection    5 (pick associative Section 0xAD)
FB3 00000000 SECT3E6 notype       Static      | $pdata$??__F?_System_object@?$_Error_objects@H@std@@2V_System_error_category@2@A@@YAXXZ
FB4 00000000 SECT3E7 notype       Static      | .xdata
    Section length    8, #relocs    0, #linenums    0, checksum 6072F4B7, selection    5 (pick associative Section 0xC)
FB6 00000000 SECT3E7 notype       Static      | $unwind$??$construct@PEADAEAPEAD@?$allocator_traits@V?$allocator@D@std@@@std@@SAXAEAV?$allocator@D@1@PEAPEADAEAPEAD@Z
FB7 00000000 SECT3E8 notype       Static      | .pdata
    Section length    C, #relocs    3, #linenums    0, checksum  1875D87, selection    5 (pick associative Section 0xC)
FB9 00000000 SECT3E8 notype       Static      | $pdata$??$construct@PEADAEAPEAD@?$allocator_traits@V?$allocator@D@std@@@std@@SAXAEAV?$allocator@D@1@PEAPEADAEAPEAD@Z
FBA 00000000 SECT3E9 notype       Static      | .xdata
    Section length    8, #relocs    0, #linenums    0, checksum C40886FB, selection    5 (pick associative Section 0x11)
FBC 00000000 SECT3E9 notype       Static      | $unwind$??$destroy@PEAD@?$allocator_traits@V?$allocator@D@std@@@std@@SAXAEAV?$allocator@D@1@PEAPEAD@Z
FBD 00000000 SECT3EA notype       Static      | .pdata
    Section length    C, #relocs    3, #linenums    0, checksum BB53652B, selection    5 (pick associative Section 0x11)
FBF 00000000 SECT3EA notype       Static      | $pdata$??$destroy@PEAD@?$allocator_traits@V?$allocator@D@std@@@std@@SAXAEAV?$allocator@D@1@PEAPEAD@Z
FC0 00000000 SECT3EB notype       Static      | .xdata
    Section length    8, #relocs    0, #linenums    0, checksum  FC539D1, selection    5 (pick associative Section 0xA5)
FC2 00000000 SECT3EB notype       Static      | $unwind$??__E?id@?$num_put@DV?$back_insert_iterator@V?$basic_string@DU?$char_traits@D@std@@V?$allocator@D@2@@std@@@std@@@std@@2V0locale@2@A@@YAXXZ
FC3 00000000 SECT3EC notype       Static      | .pdata
    Section length    C, #relocs    3, #linenums    0, checksum 767E3832, selection    5 (pick associative Section 0xA5)
FC5 00000000 SECT3EC notype       Static      | $pdata$??__E?id@?$num_put@DV?$back_insert_iterator@V?$basic_string@DU?$char_traits@D@std@@V?$allocator@D@2@@std@@@std@@@std@@2V0locale@2@A@@YAXXZ
FC6 00000000 SECT3ED notype       Static      | .xdata
    Section length    8, #relocs    0, #linenums    0, checksum  FC539D1, selection    5 (pick associative Section 0xA6)
FC8 00000000 SECT3ED notype       Static      | $unwind$??__E?id@?$num_put@_WV?$back_insert_iterator@V?$basic_string@_WU?$char_traits@_W@std@@V?$allocator@_W@2@@std@@@std@@@std@@2V0locale@2@A@@YAXXZ
FC9 00000000 SECT3EE notype       Static      | .pdata
    Section length    C, #relocs    3, #linenums    0, checksum 767E3832, selection    5 (pick associative Section 0xA6)
FCB 00000000 SECT3EE notype       Static      | $pdata$??__E?id@?$num_put@_WV?$back_insert_iterator@V?$basic_string@_WU?$char_traits@_W@std@@V?$allocator@_W@2@@std@@@std@@@std@@2V0locale@2@A@@YAXXZ
FCC 00000000 SECT3EF notype       Static      | .xdata
    Section length    8, #relocs    0, #linenums    0, checksum  FC539D1, selection    5 (pick associative Section 0xA7)
FCE 00000000 SECT3EF notype       Static      | $unwind$??__E?id@?$numpunct@D@std@@2V0locale@2@A@@YAXXZ
FCF 00000000 SECT3F0 notype       Static      | .pdata
    Section length    C, #relocs    3, #linenums    0, checksum 767E3832, selection    5 (pick associative Section 0xA7)
FD1 00000000 SECT3F0 notype       Static      | $pdata$??__E?id@?$numpunct@D@std@@2V0locale@2@A@@YAXXZ
FD2 00000000 SECT3F1 notype       Static      | .xdata
    Section length    8, #relocs    0, #linenums    0, checksum  FC539D1, selection    5 (pick associative Section 0xA8)
FD4 00000000 SECT3F1 notype       Static      | $unwind$??__E?id@?$numpunct@_W@std@@2V0locale@2@A@@YAXXZ
FD5 00000000 SECT3F2 notype       Static      | .pdata
    Section length    C, #relocs    3, #linenums    0, checksum 767E3832, selection    5 (pick associative Section 0xA8)
FD7 00000000 SECT3F2 notype       Static      | $pdata$??__E?id@?$numpunct@_W@std@@2V0locale@2@A@@YAXXZ
FD8 00000000 SECT3F3 notype       Static      | .xdata
    Section length   10, #relocs    2, #linenums    0, checksum 80DCCB80, selection    5 (pick associative Section 0xA)
FDA 00000000 SECT3F3 notype       Static      | $unwind$??$construct@PEADAEAPEAD@?$allocator@D@std@@QEAAXPEAPEADAEAPEAD@Z
FDB 00000000 SECT3F4 notype       Static      | .pdata
    Section length    C, #relocs    3, #linenums    0, checksum 60FA910E, selection    5 (pick associative Section 0xA)
FDD 00000000 SECT3F4 notype       Static      | $pdata$??$construct@PEADAEAPEAD@?$allocator@D@std@@QEAAXPEAPEADAEAPEAD@Z
FDE 00000000 SECT3F5 notype       Static      | .rdata
    Section length   28, #relocs    2, #linenums    0, checksum E5275579, selection    5 (pick associative Section 0xA)
FE0 00000000 SECT3F5 notype       Static      | $cppxdata$??$construct@PEADAEAPEAD@?$allocator@D@std@@QEAAXPEAPEADAEAPEAD@Z
FE1 00000000 SECT3F6 notype       Static      | .xdata
    Section length    8, #relocs    1, #linenums    0, checksum 9ADD2096, selection    5 (pick associative Section 0xA)
FE3 00000000 SECT3F6 notype       Static      | $stateUnwindMap$??$construct@PEADAEAPEAD@?$allocator@D@std@@QEAAXPEAPEADAEAPEAD@Z
FE4 00000000 SECT3F7 notype       Static      | .xdata
    Section length   18, #relocs    3, #linenums    0, checksum 58CDB486, selection    5 (pick associative Section 0xA)
FE6 00000000 SECT3F7 notype       Static      | $ip2state$??$construct@PEADAEAPEAD@?$allocator@D@std@@QEAAXPEAPEADAEAPEAD@Z
FE7 00000000 SECT3F8 notype       Static      | .xdata
    Section length    8, #relocs    0, #linenums    0, checksum B96BC9FB, selection    5 (pick associative Section 0xA)
FE9 00000000 SECT3F8 notype       Static      | $unwind$?dtor$0@?0???$construct@PEADAEAPEAD@?$allocator@D@std@@QEAAXPEAPEADAEAPEAD@Z@4HA
FEA 00000000 SECT3F9 notype       Static      | .pdata
    Section length    C, #relocs    3, #linenums    0, checksum 2B142464, selection    5 (pick associative Section 0xA)
FEC 00000000 SECT3F9 notype       Static      | $pdata$?dtor$0@?0???$construct@PEADAEAPEAD@?$allocator@D@std@@QEAAXPEAPEADAEAPEAD@Z@4HA
FED 00000000 SECT3FA notype       Static      | .bss
    Section length    2, #relocs    0, #linenums    0, checksum        0
FEF 00000001 SECT3FA notype       Static      | piecewise_construct
FF0 00000000 SECT3FA notype       Static      | allocator_arg
FF1 00000000 UNDEF  notype       External     | ??_7type_info@@6B@ (const type_info::`vftable')
FF2 00000000 SECT3FB notype       Static      | .data$r
    Section length   24, #relocs    1, #linenums    0, checksum 54BC55F2, selection    2 (pick any)
FF4 00000000 SECT3FB notype       External    | ??_R0?AVexception@std@@@8 (class std::exception `RTTI Type Descriptor')
FF5 00000000 SECT3FC notype       Static      | .rdata
    Section length   38, #relocs    7, #linenums    0, checksum        0, selection    6 (pick largest)
FF7 00000008 SECT3FC notype       External    | ??_7error_category@std@@6B@ (const std::error_category::`vftable')
FF8 00000000 SECT3FD notype       Static      | .rdata
    Section length   38, #relocs    7, #linenums    0, checksum        0, selection    6 (pick largest)
FFA 00000008 SECT3FD notype       External    | ??_7_Generic_error_category@std@@6B@ (const std::_Generic_error_category::`vftable')
FFB 00000000 SECT3FE notype       Static      | .rdata
    Section length    8, #relocs    0, #linenums    0, checksum A86CFC2B, selection    2 (pick any)
FFD 00000000 SECT3FE notype       External    | ??_C@_07DCLBNMLN@generic?$AA@ (`string')
FFE 00000000 SECT3FF notype       Static      | .rdata
    Section length    E, #relocs    0, #linenums    0, checksum 3BD6D632, selection    2 (pick any)
1000 00000000 SECT3FF notype       External    | ??_C@_0O@BFJCFAAK@unknown?5error?$AA@ (`string')
1001 00000000 SECT400 notype       Static      | .rdata
    Section length   38, #relocs    7, #linenums    0, checksum        0, selection    6 (pick largest)
1003 00000008 SECT400 notype       External    | ??_7_Iostream_error_category@std@@6B@ (const std::_Iostream_error_category::`vftable')
1004 00000000 SECT401 notype       Static      | .rdata
    Section length    9, #relocs    0, #linenums    0, checksum A29400EA, selection    2 (pick any)
1006 00000000 SECT401 notype       External    | ??_C@_08LLGCOLLL@iostream?$AA@ (`string')
1007 00000000 SECT402 notype       Static      | .rdata
    Section length   16, #relocs    0, #linenums    0, checksum A7E7FC63, selection    2 (pick any)
1009 00000000 SECT402 notype       External    | ??_C@_0BG@PADBLCHM@iostream?5stream?5error?$AA@ (`string')
100A 00000000 SECT403 notype       Static      | .rdata
    Section length   38, #relocs    7, #linenums    0, checksum        0, selection    6 (pick largest)
100C 00000008 SECT403 notype       External    | ??_7_System_error_category@std@@6B@ (const std::_System_error_category::`vftable')
100D 00000000 SECT404 notype       Static      | .rdata
    Section length    7, #relocs    0, #linenums    0, checksum 35CD274A, selection    2 (pick any)
100F 00000000 SECT404 notype       External    | ??_C@_06FHFOAHML@system?$AA@ (`string')
1010 00000000 SECT405 notype       Static      | .bss
    Section length    8, #relocs    0, #linenums    0, checksum        0, selection    2 (pick any)
1012 00000000 SECT405 notype       External    | ?_Generic_object@?$_Error_objects@H@std@@2V_Generic_error_category@2@A (public: static class std::_Generic_error_category std::_Error_objects<int>::_Generic_object)
1013 00000000 SECT406 notype       Static      | .bss
    Section length    8, #relocs    0, #linenums    0, checksum        0, selection    2 (pick any)
1015 00000000 SECT406 notype       External    | ?_Iostream_object@?$_Error_objects@H@std@@2V_Iostream_error_category@2@A (public: static class std::_Iostream_error_category std::_Error_objects<int>::_Iostream_object)
1016 00000000 SECT407 notype       Static      | .bss
    Section length    8, #relocs    0, #linenums    0, checksum        0, selection    2 (pick any)
1018 00000000 SECT407 notype       External    | ?_System_object@?$_Error_objects@H@std@@2V_System_error_category@2@A (public: static class std::_System_error_category std::_Error_objects<int>::_System_object)
1019 00000000 SECT408 notype       Static      | .bss
    Section length    8, #relocs    0, #linenums    0, checksum        0, selection    2 (pick any)
101B 00000000 SECT408 notype       External    | ?id@?$num_put@DV?$back_insert_iterator@V?$basic_string@DU?$char_traits@D@std@@V?$allocator@D@2@@std@@@std@@@std@@2V0locale@2@A (public: static class std::locale::id std::num_put<char,class std::back_insert_iterator<class std::basic_string<char,struct std::char_traits<char>,class std::allocator<char> > > >::id)
101C 00000000 SECT409 notype       Static      | .bss
    Section length    8, #relocs    0, #linenums    0, checksum        0, selection    2 (pick any)
101E 00000000 SECT409 notype       External    | ?id@?$num_put@_WV?$back_insert_iterator@V?$basic_string@_WU?$char_traits@_W@std@@V?$allocator@_W@2@@std@@@std@@@std@@2V0locale@2@A (public: static class std::locale::id std::num_put<wchar_t,class std::back_insert_iterator<class std::basic_string<wchar_t,struct std::char_traits<wchar_t>,class std::allocator<wchar_t> > > >::id)
101F 00000000 SECT40A notype       Static      | .rdata
    Section length   8E, #relocs    0, #linenums    0, checksum 813BAE69, selection    2 (pick any)
1021 00000000 SECT40A notype       External    | ??_C@_1IO@FKLKODGG@?$AAC?$AA?3?$AA?2?$AAP?$AAr?$AAo?$AAg?$AAr?$AAa?$AAm?$AA?5?$AAF?$AAi?$AAl?$AAe?$AAs?$AA?5?$AA?$CI?$AAx?$AA8?$AA6?$AA?$CJ?$AA?2?$AAM?$AAi?$AAc?$AAr?$AAo?$AAs?$AAo?$AAf?$AAt@ (`string')
1022 00000000 SECT40B notype       Static      | .bss
    Section length    8, #relocs    0, #linenums    0, checksum        0, selection    2 (pick any)
1024 00000000 SECT40B notype       External    | ?id@?$numpunct@D@std@@2V0locale@2@A (public: static class std::locale::id std::numpunct<char>::id)
1025 00000000 SECT40C notype       Static      | .bss
    Section length    8, #relocs    0, #linenums    0, checksum        0, selection    2 (pick any)
1027 00000000 SECT40C notype       External    | ?id@?$numpunct@_W@std@@2V0locale@2@A (public: static class std::locale::id std::numpunct<wchar_t>::id)
1028 00000000 SECT40D notype       Static      | .rdata
    Section length   10, #relocs    0, #linenums    0, checksum 869C5FA0, selection    2 (pick any)
102A 00000000 SECT40D notype       External    | ??_C@_0BA@JFNIOLAK@string?5too?5long?$AA@ (`string')
102B 00000000 SECT40E notype       Static      | .rdata
    Section length   18, #relocs    0, #linenums    0, checksum 79C52538, selection    2 (pick any)
102D 00000000 SECT40E notype       External    | ??_C@_0BI@CFPLBAOH@invalid?5string?5position?$AA@ (`string')
102E 00000000 SECT40F notype       Static      | .rdata
    Section length   2A, #relocs    0, #linenums    0, checksum 55665FBD, selection    2 (pick any)
1030 00000000 SECT40F notype       External    | ??_C@_1CK@EOPGIILJ@?$AAi?$AAn?$AAv?$AAa?$AAl?$AAi?$AAd?$AA?5?$AAn?$AAu?$AAl?$AAl?$AA?5?$AAp?$AAo?$AAi?$AAn?$AAt?$AAe?$AAr?$AA?$AA@ (`string')
1031 00000000 SECT410 notype       Static      | .rdata$r
    Section length   24, #relocs    3, #linenums    0, checksum 81256527, selection    2 (pick any)
1033 00000000 SECT410 notype       External    | ??_R4error_category@std@@6B@ (const std::error_category::`RTTI Complete Object Locator')
1034 00000000 SECT411 notype       Static      | .data$r
    Section length   29, #relocs    1, #linenums    0, checksum 57781CE5, selection    2 (pick any)
1036 00000000 SECT411 notype       External    | ??_R0?AVerror_category@std@@@8 (class std::error_category `RTTI Type Descriptor')
1037 00000000 SECT412 notype       Static      | .rdata$r
    Section length   14, #relocs    1, #linenums    0, checksum CCAA009E, selection    2 (pick any)
1039 00000000 SECT412 notype       External    | ??_R3error_category@std@@8 (std::error_category::`RTTI Class Hierarchy Descriptor')
103A 00000000 SECT413 notype       Static      | .rdata$r
    Section length    C, #relocs    1, #linenums    0, checksum        0, selection    2 (pick any)
103C 00000000 SECT413 notype       External    | ??_R2error_category@std@@8 (std::error_category::`RTTI Base Class Array')
103D 00000000 SECT414 notype       Static      | .rdata$r
    Section length   24, #relocs    2, #linenums    0, checksum 3AD97647, selection    2 (pick any)
103F 00000000 SECT414 notype       External    | ??_R1A@?0A@EA@error_category@std@@8 (std::error_category::`RTTI Base Class Descriptor at (0,-1,0,64)')
1040 00000000 SECT415 notype       Static      | .rdata$r
    Section length   24, #relocs    3, #linenums    0, checksum 81256527, selection    2 (pick any)
1042 00000000 SECT415 notype       External    | ??_R4_Generic_error_category@std@@6B@ (const std::_Generic_error_category::`RTTI Complete Object Locator')
1043 00000000 SECT416 notype       Static      | .data$r
    Section length   32, #relocs    1, #linenums    0, checksum 61E25741, selection    2 (pick any)
1045 00000000 SECT416 notype       External    | ??_R0?AV_Generic_error_category@std@@@8 (class std::_Generic_error_category `RTTI Type Descriptor')
1046 00000000 SECT417 notype       Static      | .rdata$r
    Section length   14, #relocs    1, #linenums    0, checksum 4225077D, selection    2 (pick any)
1048 00000000 SECT417 notype       External    | ??_R3_Generic_error_category@std@@8 (std::_Generic_error_category::`RTTI Class Hierarchy Descriptor')
1049 00000000 SECT418 notype       Static      | .rdata$r
    Section length   14, #relocs    2, #linenums    0, checksum        0, selection    2 (pick any)
104B 00000000 SECT418 notype       External    | ??_R2_Generic_error_category@std@@8 (std::_Generic_error_category::`RTTI Base Class Array')
104C 00000000 SECT419 notype       Static      | .rdata$r
    Section length   24, #relocs    2, #linenums    0, checksum BBFC1360, selection    2 (pick any)
104E 00000000 SECT419 notype       External    | ??_R1A@?0A@EA@_Generic_error_category@std@@8 (std::_Generic_error_category::`RTTI Base Class Descriptor at (0,-1,0,64)')
104F 00000000 SECT41A notype       Static      | .rdata$r
    Section length   24, #relocs    3, #linenums    0, checksum 81256527, selection    2 (pick any)
1051 00000000 SECT41A notype       External    | ??_R4_Iostream_error_category@std@@6B@ (const std::_Iostream_error_category::`RTTI Complete Object Locator')
1052 00000000 SECT41B notype       Static      | .data$r
    Section length   33, #relocs    1, #linenums    0, checksum 9ABBB05D, selection    2 (pick any)
1054 00000000 SECT41B notype       External    | ??_R0?AV_Iostream_error_category@std@@@8 (class std::_Iostream_error_category `RTTI Type Descriptor')
1055 00000000 SECT41C notype       Static      | .rdata$r
    Section length   14, #relocs    1, #linenums    0, checksum 8E8F07E3, selection    2 (pick any)
1057 00000000 SECT41C notype       External    | ??_R3_Iostream_error_category@std@@8 (std::_Iostream_error_category::`RTTI Class Hierarchy Descriptor')
1058 00000000 SECT41D notype       Static      | .rdata$r
    Section length   1C, #relocs    3, #linenums    0, checksum        0, selection    2 (pick any)
105A 00000000 SECT41D notype       External    | ??_R2_Iostream_error_category@std@@8 (std::_Iostream_error_category::`RTTI Base Class Array')
105B 00000000 SECT41E notype       Static      | .rdata$r
    Section length   24, #relocs    2, #linenums    0, checksum E3E2BA48, selection    2 (pick any)
105D 00000000 SECT41E notype       External    | ??_R1A@?0A@EA@_Iostream_error_category@std@@8 (std::_Iostream_error_category::`RTTI Base Class Descriptor at (0,-1,0,64)')
105E 00000000 SECT41F notype       Static      | .rdata$r
    Section length   24, #relocs    3, #linenums    0, checksum 81256527, selection    2 (pick any)
1060 00000000 SECT41F notype       External    | ??_R4_System_error_category@std@@6B@ (const std::_System_error_category::`RTTI Complete Object Locator')
1061 00000000 SECT420 notype       Static      | .data$r
    Section length   31, #relocs    1, #linenums    0, checksum FF15FF41, selection    2 (pick any)
1063 00000000 SECT420 notype       External    | ??_R0?AV_System_error_category@std@@@8 (class std::_System_error_category `RTTI Type Descriptor')
1064 00000000 SECT421 notype       Static      | .rdata$r
    Section length   14, #relocs    1, #linenums    0, checksum 8E8F07E3, selection    2 (pick any)
1066 00000000 SECT421 notype       External    | ??_R3_System_error_category@std@@8 (std::_System_error_category::`RTTI Class Hierarchy Descriptor')
1067 00000000 SECT422 notype       Static      | .rdata$r
    Section length   1C, #relocs    3, #linenums    0, checksum        0, selection    2 (pick any)
1069 00000000 SECT422 notype       External    | ??_R2_System_error_category@std@@8 (std::_System_error_category::`RTTI Base Class Array')
106A 00000000 SECT423 notype       Static      | .rdata$r
    Section length   24, #relocs    2, #linenums    0, checksum E3E2BA48, selection    2 (pick any)
106C 00000000 SECT423 notype       External    | ??_R1A@?0A@EA@_System_error_category@std@@8 (std::_System_error_category::`RTTI Base Class Descriptor at (0,-1,0,64)')
106D 00000000 UNDEF  notype       External     | _fltused
106E 00000000 SECT424 notype       Static      | .CRT$XCU
    Section length   10, #relocs    2, #linenums    0, checksum        0
1070 00000000 SECT424 notype       Static      | piecewise_construct$initializer$
1071 00000008 SECT424 notype       Static      | allocator_arg$initializer$
1072 00000000 SECT425 notype       Static      | .CRT$XCU
    Section length    8, #relocs    1, #linenums    0, checksum        0, selection    5 (pick associative Section 0x405)
1074 00000000 SECT425 notype       Static      | ?_Generic_object$initializer$@?$_Error_objects@H@std@@2P6AXXZEA (public: static void (__cdecl* std::_Error_objects<int>::_Generic_object$initializer$)(void))
1075 00000000 SECT426 notype       Static      | .CRT$XCU
    Section length    8, #relocs    1, #linenums    0, checksum        0, selection    5 (pick associative Section 0x406)
1077 00000000 SECT426 notype       Static      | ?_Iostream_object$initializer$@?$_Error_objects@H@std@@2P6AXXZEA (public: static void (__cdecl* std::_Error_objects<int>::_Iostream_object$initializer$)(void))
1078 00000000 SECT427 notype       Static      | .CRT$XCU
    Section length    8, #relocs    1, #linenums    0, checksum        0, selection    5 (pick associative Section 0x407)
107A 00000000 SECT427 notype       Static      | ?_System_object$initializer$@?$_Error_objects@H@std@@2P6AXXZEA (public: static void (__cdecl* std::_Error_objects<int>::_System_object$initializer$)(void))
107B 00000000 SECT428 notype       Static      | .CRT$XCU
    Section length    8, #relocs    1, #linenums    0, checksum        0, selection    5 (pick associative Section 0x408)
107D 00000000 SECT428 notype       Static      | ?id$initializer$@?$num_put@DV?$back_insert_iterator@V?$basic_string@DU?$char_traits@D@std@@V?$allocator@D@2@@std@@@std@@@std@@2P6AXXZEA (public: static void (__cdecl* std::num_put<char,class std::back_insert_iterator<class std::basic_string<char,struct std::char_traits<char>,class std::allocator<char> > > >::id$initializer$)(void))
107E 00000000 SECT429 notype       Static      | .CRT$XCU
    Section length    8, #relocs    1, #linenums    0, checksum        0, selection    5 (pick associative Section 0x409)
1080 00000000 SECT429 notype       Static      | ?id$initializer$@?$num_put@_WV?$back_insert_iterator@V?$basic_string@_WU?$char_traits@_W@std@@V?$allocator@_W@2@@std@@@std@@@std@@2P6AXXZEA (public: static void (__cdecl* std::num_put<wchar_t,class std::back_insert_iterator<class std::basic_string<wchar_t,struct std::char_traits<wchar_t>,class std::allocator<wchar_t> > > >::id$initializer$)(void))
1081 00000000 SECT42A notype       Static      | .CRT$XCU
    Section length    8, #relocs    1, #linenums    0, checksum        0, selection    5 (pick associative Section 0x40B)
1083 00000000 SECT42A notype       Static      | ?id$initializer$@?$numpunct@D@std@@2P6AXXZEA (public: static void (__cdecl* std::numpunct<char>::id$initializer$)(void))
1084 00000000 SECT42B notype       Static      | .CRT$XCU
    Section length    8, #relocs    1, #linenums    0, checksum        0, selection    5 (pick associative Section 0x40C)
1086 00000000 SECT42B notype       Static      | ?id$initializer$@?$numpunct@_W@std@@2P6AXXZEA (public: static void (__cdecl* std::numpunct<wchar_t>::id$initializer$)(void))

String Table Size = 0x2A384 bytes

  Summary

          48 .CRT$XCU
          3A .bss
          E3 .data$r
          A0 .debug$S
         321 .drectve
        10D4 .pdata
        13F4 .rdata
         1C8 .rdata$r
          F7 .text$di
        4A64 .text$mn
        1675 .text$x
          3F .text$yd
        2CF8 .xdata
