ALSA lib control.c:1575:(snd_ctl_open_noupdate) [error.control] Invalid CTL hw:0
ALSA lib control.c:1575:(snd_ctl_open_noupdate) [error.control] Invalid CTL hw:1
ALSA lib control.c:1575:(snd_ctl_open_noupdate) [error.control] Invalid CTL hw:0
ALSA lib control.c:1575:(snd_ctl_open_noupdate) [error.control] Invalid CTL hw:1
reply request=1 opcode=4096 status=0 bytes=128 sha256=ef71e2da96c837c76cf5a738ed46873cd52d4a023f741ed495048510cddd68f0 return_bits=0 value3=0 null_mask=0 text_hex=-
reply request=2 opcode=4101 status=0 bytes=133 sha256=856937200827297c8bfcbf7215f5506299e43fae098b398cbb64541b1ab5129b return_bits=0 value3=0 null_mask=0 text_hex=372e326100
reply request=3 opcode=34 status=0 bytes=135 sha256=dc47cf2301b9fe4452b6cd6e377b0321ef2078c58581f7a3a99dfcabffde64f4 return_bits=0 value3=0 null_mask=0 text_hex=6d696c65732f00
reply request=4 opcode=56 status=0 bytes=128 sha256=047f4426f1501be417df4fcf505b6e810d501d90810ec86f2675fe1055340919 return_bits=1 value3=0 null_mask=0 text_hex=-
reply request=5 opcode=14 status=0 bytes=128 sha256=955e60ab9f0190c12aea248cf14ee33f61cc1f051dc059bcc476884f16b69615 return_bits=0 value3=0 null_mask=0 text_hex=-
reply request=6 opcode=53 status=0 bytes=128 sha256=d61616426dbf235b98c4442d583a971c2c8813b6283f592eedd1f328b2db9ae4 return_bits=0 value3=2 null_mask=0 text_hex=-
reply request=7 opcode=3 status=0 bytes=128 sha256=e485b27c092f8aa20a8ffaf6bdee49d2c0c8a1049fd44c45b274d5d04f63fa38 return_bits=0 value3=0 null_mask=0 text_hex=-
sample_identity allocation=1 kind=2 slot=2 generation=1
reply request=8 opcode=7 status=0 bytes=128 sha256=8a06424e1b70ee27af87c3dc0410221612423d00ba3dcf30585da1afb4f02a64 return_bits=0 value3=0 null_mask=0 text_hex=-
reply request=9 opcode=18 status=0 bytes=128 sha256=6acc8e3222ac238a2f30bbc0f92b1fb1ebaa874f6e965461c33871b10a4c92ff return_bits=0 value3=0 null_mask=0 text_hex=-
reply request=10 opcode=7 status=2 bytes=128 sha256=cf4e25f8ee428332f725bd67e4ac6fd930a0f4905ee30d5108beb522640c8fa4 return_bits=0 value3=0 null_mask=0 text_hex=-
reply request=11 opcode=3 status=0 bytes=128 sha256=2d2703f9a921e8922e7c2d83304ffd781fe088f9e03741bc36ccf579dcb900d9 return_bits=0 value3=0 null_mask=0 text_hex=-
sample_identity allocation=2 kind=2 slot=2 generation=2
reply request=12 opcode=7 status=0 bytes=128 sha256=ed0ccd5cc33b9b75c7271f911660dde442b19afd1a3304e476b589a1e43ccf13 return_bits=0 value3=0 null_mask=0 text_hex=-
reply request=13 opcode=18 status=0 bytes=128 sha256=ef67b3d8cf26f25ba6e83d07aac339e84f619524b843dc509f738ab49053574a return_bits=0 value3=0 null_mask=0 text_hex=-
reply request=14 opcode=3 status=0 bytes=128 sha256=0dbe6a6762ac6436cdd16ad1fb16a7a7e02796235283ba696f91b864db0d5f43 return_bits=0 value3=0 null_mask=0 text_hex=-
sample_identity allocation=3 kind=2 slot=2 generation=3
reply request=15 opcode=7 status=0 bytes=128 sha256=f3ceea3ac82fa67c8dbe95c97bff9c4f747defe110c88b674d0854efb6650726 return_bits=0 value3=0 null_mask=0 text_hex=-
reply request=16 opcode=18 status=0 bytes=128 sha256=91ede9be1a192e0b20ca3b7a870826d3b5874c97ffc94bc6af56a1ee480546aa return_bits=0 value3=0 null_mask=0 text_hex=-
reply request=17 opcode=3 status=0 bytes=128 sha256=12d837b6f6747916c0dde2b4f6cdeacc658a28235d2d6f245bca8449909ade1f return_bits=0 value3=0 null_mask=0 text_hex=-
sample_identity allocation=4 kind=2 slot=2 generation=4
reply request=18 opcode=7 status=0 bytes=128 sha256=c627f70949403ab1b8968ae6d7354ae72b574b464508c7ebbafc34d2b8f886a0 return_bits=0 value3=0 null_mask=0 text_hex=-
reply request=19 opcode=18 status=0 bytes=128 sha256=1263147c3f66a6b0f973d0040ed318fd4585f7d545cc95468bbf97135565c4e7 return_bits=0 value3=0 null_mask=0 text_hex=-
reply request=20 opcode=3 status=0 bytes=128 sha256=e3095769c528c824c75f74919e73f29dac690a62e0b0b8343bbdc39a7a14d6ec return_bits=0 value3=0 null_mask=0 text_hex=-
sample_identity allocation=5 kind=2 slot=2 generation=5
reply request=21 opcode=7 status=0 bytes=128 sha256=ce007f9484030eebe58c706e92ea157f89ef48a8079e77f906a9d0c05c1f18b2 return_bits=0 value3=0 null_mask=0 text_hex=-
reply request=22 opcode=18 status=0 bytes=128 sha256=ffa244bb883d5b89e5789be27a0f4f976514b2a5922e2251896165c62df0247c return_bits=0 value3=0 null_mask=0 text_hex=-
reply request=23 opcode=3 status=0 bytes=128 sha256=0567209523dfa859697517b89fe9e1e883c161fbc960a23487a5dec2f5f75a87 return_bits=0 value3=0 null_mask=0 text_hex=-
sample_identity allocation=6 kind=2 slot=2 generation=6
reply request=24 opcode=7 status=0 bytes=128 sha256=ad55c41078ca786fb25dc30c9f49d68e0045a53e5e085b6772dbeeea7e6b50bc return_bits=0 value3=0 null_mask=0 text_hex=-
reply request=25 opcode=18 status=0 bytes=128 sha256=112195e33a36634dc5f377885ab01e83c0a66e775f887036d8d8cb640499f2e0 return_bits=0 value3=0 null_mask=0 text_hex=-
reply request=26 opcode=3 status=0 bytes=128 sha256=d47bd8fc50aca1e72a48f2ea06a077dcfa1074f547935ed10aed3a358ac6d17f return_bits=0 value3=0 null_mask=0 text_hex=-
sample_identity allocation=7 kind=2 slot=2 generation=7
reply request=27 opcode=7 status=0 bytes=128 sha256=8df8b82c98067705a8905241971715e89135f0204e4b9081f980ac0999bd407c return_bits=0 value3=0 null_mask=0 text_hex=-
reply request=28 opcode=18 status=0 bytes=128 sha256=887c11323b6dcc0d5385e47bdd80a067518be21d214c4f8cb8c8fe8c67f00359 return_bits=0 value3=0 null_mask=0 text_hex=-
reply request=29 opcode=3 status=0 bytes=128 sha256=c21a5082314810f0504f3c62ce39f766205e4a2e7615fe3924d8dc06b9b1c899 return_bits=0 value3=0 null_mask=0 text_hex=-
sample_identity allocation=8 kind=2 slot=2 generation=8
reply request=30 opcode=7 status=0 bytes=128 sha256=85cf0079b2ce7b15d1e8893626afdcc535fc52b394c8221640c17db6ed894bf7 return_bits=0 value3=0 null_mask=0 text_hex=-
reply request=31 opcode=18 status=0 bytes=128 sha256=8a73fe77cabe29a7b0b75adae4ae699fcf3bced00d06048b7df181972fcf4a22 return_bits=0 value3=0 null_mask=0 text_hex=-
reply request=32 opcode=3 status=0 bytes=128 sha256=871a8f1a942bf12394840a4f0f34a6d66d489f45f99b83d0c702cceb09f86c8f return_bits=0 value3=0 null_mask=0 text_hex=-
sample_identity allocation=9 kind=2 slot=2 generation=9
reply request=33 opcode=7 status=0 bytes=128 sha256=3a0682efca49a608039d826b1df71cba7d845ffb181bfc3e13ca4d487ec5fead return_bits=0 value3=0 null_mask=0 text_hex=-
reply request=34 opcode=18 status=0 bytes=128 sha256=93d591cbe212d6916d54f70077094dedeb244d9950a42c3db7f8a5458868f0f4 return_bits=0 value3=0 null_mask=0 text_hex=-
reply request=35 opcode=3 status=0 bytes=128 sha256=e6c6c049cccfbe85fd5be08b568e4d5aacb56cc4e8bb82decefd18d741a81fe8 return_bits=0 value3=0 null_mask=0 text_hex=-
sample_identity allocation=10 kind=2 slot=2 generation=10
reply request=36 opcode=7 status=0 bytes=128 sha256=f28d6402932c9ee784733edb80671cd2e5b73b33747792332352afd2e7aad800 return_bits=0 value3=0 null_mask=0 text_hex=-
reply request=37 opcode=18 status=0 bytes=128 sha256=c5a3f1deac2b17f51703bcadfca66c4811d39ef6878ee5b6e9fd081d862c8113 return_bits=0 value3=0 null_mask=0 text_hex=-
reply request=38 opcode=3 status=0 bytes=128 sha256=9b42e3c03f03884f53320fef19768a702862faa7900265eeda044af2e41fe0c6 return_bits=0 value3=0 null_mask=0 text_hex=-
sample_identity allocation=11 kind=2 slot=2 generation=11
reply request=39 opcode=7 status=0 bytes=128 sha256=df308f2e29312d45620bf358bdf48edf9b02b13056f7c35069f360b601a51442 return_bits=0 value3=0 null_mask=0 text_hex=-
reply request=40 opcode=18 status=0 bytes=128 sha256=8df39848a6bb2dd0d18a542b3d1e1a4a962957f78420fa19591f17fcd9831f65 return_bits=0 value3=0 null_mask=0 text_hex=-
reply request=41 opcode=3 status=0 bytes=128 sha256=e4c96b4af540cea2b99fbb04b2372a18670a869a8ba4f46ceb0ddc8d3ee85ba8 return_bits=0 value3=0 null_mask=0 text_hex=-
sample_identity allocation=12 kind=2 slot=2 generation=12
reply request=42 opcode=7 status=0 bytes=128 sha256=1565400e9feb8707109751c14f65992d3bd281b7c3791b8c4c8baa6ff3daba1e return_bits=0 value3=0 null_mask=0 text_hex=-
reply request=43 opcode=18 status=0 bytes=128 sha256=2782864dfcb3b49b9429ce163f86ff5fa07df4959c8a9eb9a2d36f1dee15122c return_bits=0 value3=0 null_mask=0 text_hex=-
reply request=44 opcode=3 status=0 bytes=128 sha256=1140be4ac793dee974932d72de3972a7affbf512e50f13cacc72f2639853ed1c return_bits=0 value3=0 null_mask=0 text_hex=-
sample_identity allocation=13 kind=2 slot=2 generation=13
reply request=45 opcode=7 status=0 bytes=128 sha256=b1e626e328279a391a57214b017678c4a0b6ec3cc6413beea2c222ffce89126d return_bits=0 value3=0 null_mask=0 text_hex=-
reply request=46 opcode=18 status=0 bytes=128 sha256=7edbe9d9dc91d591ef4316eeaac2fcccc48a8b53ce10e6e380398712cb0ef304 return_bits=0 value3=0 null_mask=0 text_hex=-
reply request=47 opcode=3 status=0 bytes=128 sha256=f164608941978b24b72fd4f4e313112bc9253fb6c5849b448c7c1089d1c6c5e1 return_bits=0 value3=0 null_mask=0 text_hex=-
sample_identity allocation=14 kind=2 slot=2 generation=14
reply request=48 opcode=7 status=0 bytes=128 sha256=86ee7efcf9fed3c0ce90330fdfa9fdef8a051a1d638c4b18520abce192e6da48 return_bits=0 value3=0 null_mask=0 text_hex=-
reply request=49 opcode=18 status=0 bytes=128 sha256=48a0e3541b9956d52da7e474c0d2b1f87368fe803fba003ae7e2503d92014f1a return_bits=0 value3=0 null_mask=0 text_hex=-
reply request=50 opcode=3 status=0 bytes=128 sha256=0cad8640a96d36cd9dadb468d8717f3d9d8dd465ffb95014da7bac39db2eda28 return_bits=0 value3=0 null_mask=0 text_hex=-
sample_identity allocation=15 kind=2 slot=2 generation=15
reply request=51 opcode=7 status=0 bytes=128 sha256=0939a7c2fe4b82b50ea058a546ec9839363bee4d134175002cb972e8cb60743b return_bits=0 value3=0 null_mask=0 text_hex=-
reply request=52 opcode=18 status=0 bytes=128 sha256=a3582b13b790adae87dc6fea2f34ff75fab1503bf3ef746b2753f7f0c7831c25 return_bits=0 value3=0 null_mask=0 text_hex=-
reply request=53 opcode=3 status=0 bytes=128 sha256=ff39e6d771a9ad081ddb52cb91ff5a6ae3412e12c082aea34002376b4ab39c2d return_bits=0 value3=0 null_mask=0 text_hex=-
sample_identity allocation=16 kind=2 slot=2 generation=16
reply request=54 opcode=7 status=0 bytes=128 sha256=5cd4cabf8573fcf7a4c2402fb62e8fde473adb1d6ac6c7f59b8bcff4bba5976e return_bits=0 value3=0 null_mask=0 text_hex=-
reply request=55 opcode=18 status=0 bytes=128 sha256=570843a324e940102dd71ce35954ce6dfa4c8b6c05042bd626274a27a1f15c11 return_bits=0 value3=0 null_mask=0 text_hex=-
reply request=56 opcode=3 status=0 bytes=128 sha256=a911013acd7549c3a0aca827812326fb690fd96f635861749b80d3ed9c6a4f2a return_bits=0 value3=0 null_mask=0 text_hex=-
sample_identity allocation=17 kind=2 slot=2 generation=17
reply request=57 opcode=7 status=0 bytes=128 sha256=4cc05c3bc4c3d09126df29127ee72ab2bf94eb3bcb8e8accadb1b93e9d8b3a4a return_bits=0 value3=0 null_mask=0 text_hex=-
reply request=58 opcode=18 status=0 bytes=128 sha256=722dfa4b6ab6f1e2f073db7b684b5b34104cd7a0cc55cee1931bc3d943f6a234 return_bits=0 value3=0 null_mask=0 text_hex=-
reply request=59 opcode=3 status=0 bytes=128 sha256=b08d57c5961794e874f636a037f516f40632fb57bd8c1e3e6077d0c45189d4f9 return_bits=0 value3=0 null_mask=0 text_hex=-
sample_identity allocation=18 kind=2 slot=2 generation=18
reply request=60 opcode=7 status=0 bytes=128 sha256=772234883dffc9408bb367553326125f7d14fe99969cb21cb8741abe10139b65 return_bits=0 value3=0 null_mask=0 text_hex=-
reply request=61 opcode=18 status=0 bytes=128 sha256=444c6d04ed3acf20a81740cd0fec6601eedfa60593930f64575bc24a075b1dfa return_bits=0 value3=0 null_mask=0 text_hex=-
reply request=62 opcode=3 status=0 bytes=128 sha256=2e0443f3f7aec22b250918830a86dfe4544cc115d32dd670716264b199c18269 return_bits=0 value3=0 null_mask=0 text_hex=-
sample_identity allocation=19 kind=2 slot=2 generation=19
reply request=63 opcode=7 status=0 bytes=128 sha256=6a0769dcb815f86b6d4744ce1744299f69a39798b87b342d02ef6fcfcc252460 return_bits=0 value3=0 null_mask=0 text_hex=-
reply request=64 opcode=18 status=0 bytes=128 sha256=2189731d9687c40c27d2f868bbf7b8afc0e52ebd3c40b4dffde2f457e7fad8bf return_bits=0 value3=0 null_mask=0 text_hex=-
reply request=65 opcode=3 status=0 bytes=128 sha256=ad0d49440cd94f2b4a6c7a6ea7ab66de7ee2094a6628a954e84ec446f86f518a return_bits=0 value3=0 null_mask=0 text_hex=-
sample_identity allocation=20 kind=2 slot=2 generation=20
reply request=66 opcode=7 status=0 bytes=128 sha256=e4c64849a7d044e7c146721ab3be39355f4e17819b9366172296dfa6d100adec return_bits=0 value3=0 null_mask=0 text_hex=-
reply request=67 opcode=18 status=0 bytes=128 sha256=4f2db8f0c743d6d9b17c2c5059b798b3183e5eba81e7d827021bb33b0c357167 return_bits=0 value3=0 null_mask=0 text_hex=-
reply request=68 opcode=3 status=0 bytes=128 sha256=441e9c051256a3506fc567abc63f9355df957c48c287a07e1f219092cf7f3381 return_bits=0 value3=0 null_mask=0 text_hex=-
sample_identity allocation=21 kind=2 slot=2 generation=21
reply request=69 opcode=7 status=0 bytes=128 sha256=09f5bb868f9bdd3019642e7cbbbcf60153267e86a5b1efbaf4f793fbb6aa86f2 return_bits=0 value3=0 null_mask=0 text_hex=-
reply request=70 opcode=18 status=0 bytes=128 sha256=b2d98add248d3ab2f8101b75ae06ffec1d57cc05bebcc9af9144aca560bcb7da return_bits=0 value3=0 null_mask=0 text_hex=-
reply request=71 opcode=3 status=0 bytes=128 sha256=122e0294e99c417a4913b16d3f54a6e8d3a4921bdc8bf4486e21bf004667a7b1 return_bits=0 value3=0 null_mask=0 text_hex=-
sample_identity allocation=22 kind=2 slot=2 generation=22
reply request=72 opcode=7 status=0 bytes=128 sha256=1c51db9ccde7d3f982a3f5019d88b5b9cb03dfb0650e5a4bdd74a6049bb909ac return_bits=0 value3=0 null_mask=0 text_hex=-
reply request=73 opcode=18 status=0 bytes=128 sha256=9cfb2e2f81df0c639ca27de3ae09e4ab9aee46bb4884a8c75ba07d756604f5f9 return_bits=0 value3=0 null_mask=0 text_hex=-
reply request=74 opcode=3 status=0 bytes=128 sha256=e8033fb1a421b94e4bef39ddd00460f31150c6dfd267d89071b142665dc25e97 return_bits=0 value3=0 null_mask=0 text_hex=-
sample_identity allocation=23 kind=2 slot=2 generation=23
reply request=75 opcode=7 status=0 bytes=128 sha256=3eb58f0595edd317671ea336fe1c36b9b35056dd347bc848a6b1dc621673ec6a return_bits=0 value3=0 null_mask=0 text_hex=-
reply request=76 opcode=18 status=0 bytes=128 sha256=408ee72f9e8b9fd965cc54d9ecf4774dad16f488006a13a21ff8021b198d0c15 return_bits=0 value3=0 null_mask=0 text_hex=-
reply request=77 opcode=3 status=0 bytes=128 sha256=ee4f0c5859cd9cdc883e1e1d2f0018e84bc3e44af51277374cac146cf0c0a081 return_bits=0 value3=0 null_mask=0 text_hex=-
sample_identity allocation=24 kind=2 slot=2 generation=24
reply request=78 opcode=7 status=0 bytes=128 sha256=0289d0084446e32bf9120f92ce9070540c50a4fbe5c21528f19f39a1680b8b31 return_bits=0 value3=0 null_mask=0 text_hex=-
reply request=79 opcode=18 status=0 bytes=128 sha256=5868d1cd6cef38115061f3af0f342932f98b5d3cfcab0eef900dfe249c2fa4b4 return_bits=0 value3=0 null_mask=0 text_hex=-
reply request=80 opcode=3 status=0 bytes=128 sha256=de086413e61ebf757d6ceb69821f225215fa7faba681e26185d29442dfddcf1c return_bits=0 value3=0 null_mask=0 text_hex=-
sample_identity allocation=25 kind=2 slot=2 generation=25
reply request=81 opcode=7 status=0 bytes=128 sha256=db0ec9b66de4c1309eac89c416625c6361b67cb0dcb6bc3ffb77fa73c27636c9 return_bits=0 value3=0 null_mask=0 text_hex=-
reply request=82 opcode=18 status=0 bytes=128 sha256=7c77668fd06a518fb76e21d4160d7d439a80eed22725e54eeefa238d31854ef5 return_bits=0 value3=0 null_mask=0 text_hex=-
reply request=83 opcode=3 status=0 bytes=128 sha256=67cfb58fd19d69f1f110a5f8c0754ce2c89e6160c4bb1b32bc320455bb8adf4d return_bits=0 value3=0 null_mask=0 text_hex=-
sample_identity allocation=26 kind=2 slot=2 generation=26
reply request=84 opcode=7 status=0 bytes=128 sha256=b32a8bc1c2b907e4b05e1e7a7c0798a994e62f3b7b713ecbb562b24cae4b65c5 return_bits=0 value3=0 null_mask=0 text_hex=-
reply request=85 opcode=18 status=0 bytes=128 sha256=55659742f8420ff84c6deca726c3278140939507f7cc945431942553da60a664 return_bits=0 value3=0 null_mask=0 text_hex=-
reply request=86 opcode=3 status=0 bytes=128 sha256=da0ca094c84cc6e70b54b212880208a34d2b3b62764e369620636ea5ee7ef8df return_bits=0 value3=0 null_mask=0 text_hex=-
sample_identity allocation=27 kind=2 slot=2 generation=27
reply request=87 opcode=7 status=0 bytes=128 sha256=c2071ee8b110f015bf31a89ef8399c47ba3bd3caaef7234096fa31a248007576 return_bits=0 value3=0 null_mask=0 text_hex=-
reply request=88 opcode=18 status=0 bytes=128 sha256=8350d2568e8c782df2aefb438d35d5469d8639e8f17021a14e625ff9554321bd return_bits=0 value3=0 null_mask=0 text_hex=-
reply request=89 opcode=3 status=0 bytes=128 sha256=a19db625183083fcab8ea2cf210e366c9205708e8a9eacf89300fc2fabeb0f01 return_bits=0 value3=0 null_mask=0 text_hex=-
sample_identity allocation=28 kind=2 slot=2 generation=28
reply request=90 opcode=7 status=0 bytes=128 sha256=8357c523e5ad043df280c2d50fcce39140b3c655ae62246e55ef6dbefd774b66 return_bits=0 value3=0 null_mask=0 text_hex=-
reply request=91 opcode=18 status=0 bytes=128 sha256=71e148acfc54310db8cd4d7c19a3aeaafd06e8dc1052ec5331aa8de751f12838 return_bits=0 value3=0 null_mask=0 text_hex=-
reply request=92 opcode=3 status=0 bytes=128 sha256=3589f1c9d71c0734a4bca83fa117bf947e08fb7b1c24d09d80a36f8df1a5ffd8 return_bits=0 value3=0 null_mask=0 text_hex=-
sample_identity allocation=29 kind=2 slot=2 generation=29
reply request=93 opcode=7 status=0 bytes=128 sha256=5f37c99a112c4d11e27dff22ccad917d502531b4f8aade9ccb016d68b602dbb3 return_bits=0 value3=0 null_mask=0 text_hex=-
reply request=94 opcode=18 status=0 bytes=128 sha256=6357c4457d939f5b4847748a81cee432bd0fd9215081fa8da7a9512049d10b28 return_bits=0 value3=0 null_mask=0 text_hex=-
reply request=95 opcode=3 status=0 bytes=128 sha256=8b7a942ed50e1e057d89dc9af2c9828340493d9df77717089b05c07f4c41cbef return_bits=0 value3=0 null_mask=0 text_hex=-
sample_identity allocation=30 kind=2 slot=2 generation=30
reply request=96 opcode=7 status=0 bytes=128 sha256=e2a29dcf52f2a516c7660aae7777596b0dbe5ed3064e55391a85f9e138d20f81 return_bits=0 value3=0 null_mask=0 text_hex=-
reply request=97 opcode=18 status=0 bytes=128 sha256=9cc9fb92d949868b6b542ca898e29f10316adf5e5263153eb993de36f70ab835 return_bits=0 value3=0 null_mask=0 text_hex=-
reply request=98 opcode=3 status=0 bytes=128 sha256=c5b99414054b04f91f50bc654164deed90fc066a765aa415406cab8ccca2e40c return_bits=0 value3=0 null_mask=0 text_hex=-
sample_identity allocation=31 kind=2 slot=2 generation=31
reply request=99 opcode=7 status=0 bytes=128 sha256=6c91c571ebc3a369123ac066d7fad9b970ac134d9737fc720b191fc04a917186 return_bits=0 value3=0 null_mask=0 text_hex=-
reply request=100 opcode=18 status=0 bytes=128 sha256=982c658fe0a4ed1a54f01f62b9899a3058a75513b1668a2818c50f291242500d return_bits=0 value3=0 null_mask=0 text_hex=-
reply request=101 opcode=3 status=0 bytes=128 sha256=52080625417f6be4fe57b6d2830d60fd6def9ecbca83405d6e1ae580302eb5cc return_bits=0 value3=0 null_mask=0 text_hex=-
sample_identity allocation=32 kind=2 slot=2 generation=32
reply request=102 opcode=7 status=0 bytes=128 sha256=3fc2616a8e97e4acc05583563089e40a216865951d9373bcbab844c50f911550 return_bits=0 value3=0 null_mask=0 text_hex=-
reply request=103 opcode=18 status=0 bytes=128 sha256=3e81b05e290fcf0360b4e76e69a50e05eaa12406dd37101e14904cd838d2ab26 return_bits=0 value3=0 null_mask=0 text_hex=-
reply request=104 opcode=3 status=0 bytes=128 sha256=164a6e6739f93c7ef22361ba96ff679ae4fab25d606ee20cfc0cf14ab90418fd return_bits=0 value3=0 null_mask=0 text_hex=-
sample_identity allocation=33 kind=2 slot=2 generation=33
reply request=105 opcode=7 status=0 bytes=128 sha256=8016f70623fdbaa4311b156c14b98d1e46031967c4d13f6376d2ded615aee5dc return_bits=0 value3=0 null_mask=0 text_hex=-
reply request=106 opcode=18 status=0 bytes=128 sha256=eef0960365e256bb701095889dd8424e81c91d9e5097a1243c30e0d351489356 return_bits=0 value3=0 null_mask=0 text_hex=-
reply request=107 opcode=3 status=0 bytes=128 sha256=02b753cdf1b40f2e7a5473aa104827216b9d0c49ea304431db8c0f3d6d78d7bc return_bits=0 value3=0 null_mask=0 text_hex=-
sample_identity allocation=34 kind=2 slot=2 generation=34
reply request=108 opcode=7 status=0 bytes=128 sha256=e8183f40af14921036c0b5e0580ad5f1a9f459be72e6c47cb0f9601553dba792 return_bits=0 value3=0 null_mask=0 text_hex=-
reply request=109 opcode=18 status=0 bytes=128 sha256=a3fab9862bd36d1223e7c44ef516d46b70589e659aa119d05536f370aff31024 return_bits=0 value3=0 null_mask=0 text_hex=-
reply request=110 opcode=3 status=0 bytes=128 sha256=ea7df0f8a2b3ad9bb74d97e809037a2e768d1e12a40e1df747a759789d223b3a return_bits=0 value3=0 null_mask=0 text_hex=-
sample_identity allocation=35 kind=2 slot=2 generation=35
reply request=111 opcode=7 status=0 bytes=128 sha256=f14a04a8fc394f85c3c8ca8553c50375b801ac65b1cde6a34554d7c89e61be96 return_bits=0 value3=0 null_mask=0 text_hex=-
reply request=112 opcode=18 status=0 bytes=128 sha256=1ccde41ce7f169d88d90acd75522660040d9f762dd4baa39e250795d5f8ec38a return_bits=0 value3=0 null_mask=0 text_hex=-
reply request=113 opcode=3 status=0 bytes=128 sha256=6080b0833b06238cfd066ac9574e023e15e9644efaa96054beb1d99eb524c51a return_bits=0 value3=0 null_mask=0 text_hex=-
sample_identity allocation=36 kind=2 slot=2 generation=36
reply request=114 opcode=7 status=0 bytes=128 sha256=29755682458383480952179b9eb4cd44e7a0e43f592757b9b8cfe1be965641d7 return_bits=0 value3=0 null_mask=0 text_hex=-
reply request=115 opcode=18 status=0 bytes=128 sha256=0ee4f0f3e901f794393142b18805df9b546486e74806b0e7700d3fa472541830 return_bits=0 value3=0 null_mask=0 text_hex=-
reply request=116 opcode=3 status=0 bytes=128 sha256=fbeaa5cc929a817448bb07e5e0f0ac1dfd49464d804497187c90760f9818451d return_bits=0 value3=0 null_mask=0 text_hex=-
sample_identity allocation=37 kind=2 slot=2 generation=37
reply request=117 opcode=7 status=0 bytes=128 sha256=5b49dd1e81f061312bc8477a2cc7cdbe3049a00513caf3796a9247939fd80a0b return_bits=0 value3=0 null_mask=0 text_hex=-
reply request=118 opcode=18 status=0 bytes=128 sha256=c9e01a1ee61a1df74dd39d3d5db8270d7f8c794caaa2803cecf3f9fe9dada117 return_bits=0 value3=0 null_mask=0 text_hex=-
reply request=119 opcode=3 status=0 bytes=128 sha256=7cda88ca4766cd8fcbd8a5e33b5a8cc5106c47cece22b72f27417fa7fd1769fe return_bits=0 value3=0 null_mask=0 text_hex=-
sample_identity allocation=38 kind=2 slot=2 generation=38
reply request=120 opcode=7 status=0 bytes=128 sha256=faf5397644fc6cf6d4baf279a53ef68ca3601e11bc54ab7bf5d0c4e9b54854f2 return_bits=0 value3=0 null_mask=0 text_hex=-
reply request=121 opcode=18 status=0 bytes=128 sha256=54ad041cbe65b4bd1407cf43b23ebeba73c3004634edb69d6a3f5c06f7396bd7 return_bits=0 value3=0 null_mask=0 text_hex=-
reply request=122 opcode=3 status=0 bytes=128 sha256=3476cacf728795e305f9b14c9b9f1258003f3b7bb6de14792e11d07994b2a923 return_bits=0 value3=0 null_mask=0 text_hex=-
sample_identity allocation=39 kind=2 slot=2 generation=39
reply request=123 opcode=7 status=0 bytes=128 sha256=7ad4b29ebd4691515ef71b681342f86e0e4c6fd020dbbb0bf94ea1b917042ca4 return_bits=0 value3=0 null_mask=0 text_hex=-
reply request=124 opcode=18 status=0 bytes=128 sha256=a354686806961e9e09e81d6a9c06b61df8ec42154223bc059f698dd7d92de96d return_bits=0 value3=0 null_mask=0 text_hex=-
reply request=125 opcode=3 status=0 bytes=128 sha256=4d2885915e2f440f0f6e58e4571c1ac4d059bf1c0872824d6c3cff09df9ff340 return_bits=0 value3=0 null_mask=0 text_hex=-
sample_identity allocation=40 kind=2 slot=2 generation=40
reply request=126 opcode=7 status=0 bytes=128 sha256=86aa1b6afdb754ef2399fa130d169d56eda673ca86e4d9e4b5df223b75dac142 return_bits=0 value3=0 null_mask=0 text_hex=-
reply request=127 opcode=18 status=0 bytes=128 sha256=8c20a2dcb0345d9652f8a45bf6b5d64e1011f886c92adb127ea263d51e3ce4d8 return_bits=0 value3=0 null_mask=0 text_hex=-
reply request=128 opcode=3 status=0 bytes=128 sha256=9ffb38cd00002d0c2c66377672559afbf3268e2130bee65dd22e48038d4ac213 return_bits=0 value3=0 null_mask=0 text_hex=-
sample_identity allocation=41 kind=2 slot=2 generation=41
reply request=129 opcode=7 status=0 bytes=128 sha256=b431ea4541f4d992f39b8850a5eb6f6358cd86feeef72a063dbfe4bf35d6d783 return_bits=0 value3=0 null_mask=0 text_hex=-
reply request=130 opcode=18 status=0 bytes=128 sha256=b3bec40a4c06e041fe22788215dbe63bab1dab652d8e5d307e83393018404c24 return_bits=0 value3=0 null_mask=0 text_hex=-
reply request=131 opcode=3 status=0 bytes=128 sha256=ba720cd198bc5607858c64ff4e8e7d032704e069518104748600ab9237d139f0 return_bits=0 value3=0 null_mask=0 text_hex=-
sample_identity allocation=42 kind=2 slot=2 generation=42
reply request=132 opcode=7 status=0 bytes=128 sha256=71fc021fd394d13e721a8e895b55af62e3b0e76b5dec4808b1f5764d36840c56 return_bits=0 value3=0 null_mask=0 text_hex=-
reply request=133 opcode=18 status=0 bytes=128 sha256=dcd3e84eb5055cd04c882f266add5aab47db7b548937595bbb216fa74f112716 return_bits=0 value3=0 null_mask=0 text_hex=-
reply request=134 opcode=3 status=0 bytes=128 sha256=c92c533717b3dbc0993b7d997265e12bdc3e0d32926576e7d89721f3bc8871e1 return_bits=0 value3=0 null_mask=0 text_hex=-
sample_identity allocation=43 kind=2 slot=2 generation=43
reply request=135 opcode=7 status=0 bytes=128 sha256=1aa9eda88fdd0bf696a1ba3ceba996483c862dac82da0a9f279dc5848b0c7e60 return_bits=0 value3=0 null_mask=0 text_hex=-
reply request=136 opcode=18 status=0 bytes=128 sha256=d1f795ef9a299fa138f1784be94223e466ae8ed762939e7d70f993e389cf192a return_bits=0 value3=0 null_mask=0 text_hex=-
reply request=137 opcode=3 status=0 bytes=128 sha256=a3b942b7623d63ff68d6dc9e22914bd9c9204bd395fc8cacd0fa264052a2b60b return_bits=0 value3=0 null_mask=0 text_hex=-
sample_identity allocation=44 kind=2 slot=2 generation=44
reply request=138 opcode=7 status=0 bytes=128 sha256=8fdb2b66ae999b5a6e6f1f2fbd12e621aadf7921db569ef764a5c3e3ec8473ad return_bits=0 value3=0 null_mask=0 text_hex=-
reply request=139 opcode=18 status=0 bytes=128 sha256=4853faa474bbbac6ce6cfbd4fc65593983c9f48d01ba4ff2b9c248c4e8dd05d4 return_bits=0 value3=0 null_mask=0 text_hex=-
reply request=140 opcode=3 status=0 bytes=128 sha256=6d412142dec7303e2fa864d44ee5a0f56069adcc5bc945499f5327820b1c9272 return_bits=0 value3=0 null_mask=0 text_hex=-
sample_identity allocation=45 kind=2 slot=2 generation=45
reply request=141 opcode=7 status=0 bytes=128 sha256=8847af165aca1864356e459a1e9e7b03740aab59b081055f16727ba988aa6673 return_bits=0 value3=0 null_mask=0 text_hex=-
reply request=142 opcode=18 status=0 bytes=128 sha256=231ada6910464db63b637b5a0811ce22878b488370127e03f3b82526ae163a38 return_bits=0 value3=0 null_mask=0 text_hex=-
reply request=143 opcode=3 status=0 bytes=128 sha256=cf324825d1e662d24236112b009a4bbf4b12d096b157850db46381c51d6c6bec return_bits=0 value3=0 null_mask=0 text_hex=-
sample_identity allocation=46 kind=2 slot=2 generation=46
reply request=144 opcode=7 status=0 bytes=128 sha256=130c8431bcd872da5f60affa5c72c35a493d0f9f32a379bcf1a3446e0832d9e4 return_bits=0 value3=0 null_mask=0 text_hex=-
reply request=145 opcode=18 status=0 bytes=128 sha256=e8c22c0f3268887a6470288e261fe715656338a447a8862bd49cf9b6294c6974 return_bits=0 value3=0 null_mask=0 text_hex=-
reply request=146 opcode=3 status=0 bytes=128 sha256=0656b83ff31f33f3da09f4c9f85c7504e1025a0524ddd0a3d25a8277a2c340b4 return_bits=0 value3=0 null_mask=0 text_hex=-
sample_identity allocation=47 kind=2 slot=2 generation=47
reply request=147 opcode=7 status=0 bytes=128 sha256=8385a5ac0632336f7ebf4148613ff4c866a7d53d126173637c9e8857a43e6e99 return_bits=0 value3=0 null_mask=0 text_hex=-
reply request=148 opcode=18 status=0 bytes=128 sha256=29fd0fb221637595268ba61ef6009731ff7b68b82fd0bb5686cd8c93056b8414 return_bits=0 value3=0 null_mask=0 text_hex=-
reply request=149 opcode=3 status=0 bytes=128 sha256=3ea1e1283b1579b62ea7f4eefee9a900350904ccb947b8e002fda5741770bde3 return_bits=0 value3=0 null_mask=0 text_hex=-
sample_identity allocation=48 kind=2 slot=2 generation=48
reply request=150 opcode=7 status=0 bytes=128 sha256=c8ca50eb2f02181206a04f212606ae72e6c01d84ae15deaa1306a92059dce99b return_bits=0 value3=0 null_mask=0 text_hex=-
reply request=151 opcode=18 status=0 bytes=128 sha256=16abefab482588530d2b900aa833300a3002c892ade224d2ecba996aa22e274f return_bits=0 value3=0 null_mask=0 text_hex=-
reply request=152 opcode=3 status=0 bytes=128 sha256=ba43b313930dc99c61a4cc9afff2966bf5b95db125ea189f3800035882601098 return_bits=0 value3=0 null_mask=0 text_hex=-
sample_identity allocation=49 kind=2 slot=2 generation=49
reply request=153 opcode=7 status=0 bytes=128 sha256=5c64c8ca8384ab44810ebab05df873dd9682ff372f0709a297ccdbf4606a686b return_bits=0 value3=0 null_mask=0 text_hex=-
reply request=154 opcode=18 status=0 bytes=128 sha256=ff7d70bf2130a703551f58dc414612d35fbbebc930ca87ded1e740ab0ca552b8 return_bits=0 value3=0 null_mask=0 text_hex=-
reply request=155 opcode=3 status=0 bytes=128 sha256=dbe015c158c277031746a3fdce83f93b7129b191965e3312a3b251f5220ed9c9 return_bits=0 value3=0 null_mask=0 text_hex=-
sample_identity allocation=50 kind=2 slot=2 generation=50
reply request=156 opcode=7 status=0 bytes=128 sha256=847b08158776d4502ca4cba3ae137cf7f17f8a3c06350ccb844c9c963307f62a return_bits=0 value3=0 null_mask=0 text_hex=-
reply request=157 opcode=18 status=0 bytes=128 sha256=1c03a2f23f8eeed4f1b0f300c24f18758ecd3b585afbdc3102147ceeeae17d6c return_bits=0 value3=0 null_mask=0 text_hex=-
reply request=158 opcode=3 status=0 bytes=128 sha256=26a5da97dcb8bebfec17d84261a47176904376b4966ce7acdf0853c72819637a return_bits=0 value3=0 null_mask=0 text_hex=-
sample_identity allocation=51 kind=2 slot=2 generation=51
reply request=159 opcode=7 status=0 bytes=128 sha256=8205e30de34c0f4d33a5035bec7d71f4071d3532f74c91612dbbe8a9fd535199 return_bits=0 value3=0 null_mask=0 text_hex=-
reply request=160 opcode=18 status=0 bytes=128 sha256=c904e5d73c42f41ae92ec373c935f03bd538a52a643e342e5af4cb4aaff3a2fd return_bits=0 value3=0 null_mask=0 text_hex=-
reply request=161 opcode=3 status=0 bytes=128 sha256=79fce7368afb3e99ca1dd03356b0b3544ad88e7bff57a5a2ea0f3cb382d1e09e return_bits=0 value3=0 null_mask=0 text_hex=-
sample_identity allocation=52 kind=2 slot=2 generation=52
reply request=162 opcode=7 status=0 bytes=128 sha256=2d16491f2369da83e5835d39b1103dad0befc306f677e0b4374d23e0bbf4ddb3 return_bits=0 value3=0 null_mask=0 text_hex=-
reply request=163 opcode=18 status=0 bytes=128 sha256=1e45c904495d396c923c3def963ccfe36be8c45a07bcf2a5b88b496510d97f8c return_bits=0 value3=0 null_mask=0 text_hex=-
reply request=164 opcode=3 status=0 bytes=128 sha256=c987e0144be64e6045eea9598e158f2c66872298ab712b00b077b2fe42580b62 return_bits=0 value3=0 null_mask=0 text_hex=-
sample_identity allocation=53 kind=2 slot=2 generation=53
reply request=165 opcode=7 status=0 bytes=128 sha256=c731c874202e83aabcc49e3b4ab336273d762ab5466ab48166b6323144957d28 return_bits=0 value3=0 null_mask=0 text_hex=-
reply request=166 opcode=18 status=0 bytes=128 sha256=700dcc99affb3c2bdae576d2cd54226d84857f4054df2b383c943233daa1dfd8 return_bits=0 value3=0 null_mask=0 text_hex=-
reply request=167 opcode=3 status=0 bytes=128 sha256=83d8906a95e2fb0ac8bfb13172c5dc3369583a185f0e0d4aa8eeaac1e0b9355b return_bits=0 value3=0 null_mask=0 text_hex=-
sample_identity allocation=54 kind=2 slot=2 generation=54
reply request=168 opcode=7 status=0 bytes=128 sha256=5f4f2f48d1684bcf83a277f7da507204b1db24df95cd247ed073775135f4bbd2 return_bits=0 value3=0 null_mask=0 text_hex=-
reply request=169 opcode=18 status=0 bytes=128 sha256=1bf9016df9059aeb011f6158c18013f7b67b4e6d303d5ad550a20549729e993f return_bits=0 value3=0 null_mask=0 text_hex=-
reply request=170 opcode=3 status=0 bytes=128 sha256=fc18f9aac835e8386492876f335190817f2b3229bdb17fcaf667ab53675ee640 return_bits=0 value3=0 null_mask=0 text_hex=-
sample_identity allocation=55 kind=2 slot=2 generation=55
reply request=171 opcode=7 status=0 bytes=128 sha256=f0cb083bba66b41750497f63218dac649f9d6b15d774dd1c747b37ac363a68f8 return_bits=0 value3=0 null_mask=0 text_hex=-
reply request=172 opcode=18 status=0 bytes=128 sha256=9d049a8447f6c772d3db3b74ea2ea649cca42b80adecab871e394dbb0d89a31e return_bits=0 value3=0 null_mask=0 text_hex=-
reply request=173 opcode=3 status=0 bytes=128 sha256=fa84b2561a343b01c48e91808d6b94216585cef1a633deec661b72eb2226b190 return_bits=0 value3=0 null_mask=0 text_hex=-
sample_identity allocation=56 kind=2 slot=2 generation=56
reply request=174 opcode=7 status=0 bytes=128 sha256=5c11446e510d8c99a54de8bd015818b982c9738b0326eab400e93f23e7bd2bf8 return_bits=0 value3=0 null_mask=0 text_hex=-
reply request=175 opcode=18 status=0 bytes=128 sha256=642a13dee8f64a3d11a54deab559ae63f22850954af65eabc93f0e80260766ee return_bits=0 value3=0 null_mask=0 text_hex=-
reply request=176 opcode=3 status=0 bytes=128 sha256=ac4f9da6b308fe513553ca50152b6a4d5d6cf7dd30623ebfdd10945d286c3d4a return_bits=0 value3=0 null_mask=0 text_hex=-
sample_identity allocation=57 kind=2 slot=2 generation=57
reply request=177 opcode=7 status=0 bytes=128 sha256=57a13d4833a241a462804eb3eb1784d553b49bf2f59ed67747cb12e59ca83815 return_bits=0 value3=0 null_mask=0 text_hex=-
reply request=178 opcode=18 status=0 bytes=128 sha256=27391ce4c885e3e574a1ab4eeb72d80b46822f673af1bcc0003f6df4cafdad5b return_bits=0 value3=0 null_mask=0 text_hex=-
reply request=179 opcode=3 status=0 bytes=128 sha256=59beda8548a5c91097010650e77a89ec7ae123b3db35d4a0ab37bb88981db76a return_bits=0 value3=0 null_mask=0 text_hex=-
sample_identity allocation=58 kind=2 slot=2 generation=58
reply request=180 opcode=7 status=0 bytes=128 sha256=253ddb07ab1d9af9e7669e9bd3b737fcc9dbb2cafea0d8cb7ab5cf6bad3609ad return_bits=0 value3=0 null_mask=0 text_hex=-
reply request=181 opcode=18 status=0 bytes=128 sha256=83436f68079936b4949ab294b39587119a768b70c2ef92e2b90c388a66ea2879 return_bits=0 value3=0 null_mask=0 text_hex=-
reply request=182 opcode=3 status=0 bytes=128 sha256=bcae25da4b005e86de52990a96a275f299d1de363b540cf67854b3d9c7024ab1 return_bits=0 value3=0 null_mask=0 text_hex=-
sample_identity allocation=59 kind=2 slot=2 generation=59
reply request=183 opcode=7 status=0 bytes=128 sha256=d2ebecf238f27a564f7f59a377439dc729ce06ef892af86858e12fd6cabba22a return_bits=0 value3=0 null_mask=0 text_hex=-
reply request=184 opcode=18 status=0 bytes=128 sha256=31c702465339d4a253c0a21bc04b81398b11ab946d142a461cbc12d394702dd9 return_bits=0 value3=0 null_mask=0 text_hex=-
reply request=185 opcode=3 status=0 bytes=128 sha256=4b0e6662558c43d2d543e26c0a8fbe06a1e555f2fd4b0d37986863b60c46b5e7 return_bits=0 value3=0 null_mask=0 text_hex=-
sample_identity allocation=60 kind=2 slot=2 generation=60
reply request=186 opcode=7 status=0 bytes=128 sha256=99e6e29cfbee71824b9e07d48336a244236fa43abe69428856ab1a469eb29eb9 return_bits=0 value3=0 null_mask=0 text_hex=-
reply request=187 opcode=18 status=0 bytes=128 sha256=92c9a48e73c21aee9fea5ed0c867a6b8a943deaada2edb754b63fbbe15008dd7 return_bits=0 value3=0 null_mask=0 text_hex=-
reply request=188 opcode=3 status=0 bytes=128 sha256=29f066e4e7fe9343ad900c004710cb56bf62967fa766ea0a4f0be817d1ec4cf3 return_bits=0 value3=0 null_mask=0 text_hex=-
sample_identity allocation=61 kind=2 slot=2 generation=61
reply request=189 opcode=7 status=0 bytes=128 sha256=42a25855d1e2df9874467020a73dc151701ef8280402bd98f5e5ee25a9aba630 return_bits=0 value3=0 null_mask=0 text_hex=-
reply request=190 opcode=18 status=0 bytes=128 sha256=0aa6437f23290405ee3f117fd75ba417d9df34836b0546a7cd0ecc6ca667af43 return_bits=0 value3=0 null_mask=0 text_hex=-
reply request=191 opcode=3 status=0 bytes=128 sha256=c0180995dc6448d8091e5c2f0df25c8c1f6ae12284c94f3cd0814800930417ed return_bits=0 value3=0 null_mask=0 text_hex=-
sample_identity allocation=62 kind=2 slot=2 generation=62
reply request=192 opcode=7 status=0 bytes=128 sha256=a7170911690f25c63901500c27d08a702c3c7c73d16d7bee67747c6d8c6f0b62 return_bits=0 value3=0 null_mask=0 text_hex=-
reply request=193 opcode=18 status=0 bytes=128 sha256=fd0cd1239c2b3573f93034ea18a284967660ae0ea490f886f073ffc1f7c093d4 return_bits=0 value3=0 null_mask=0 text_hex=-
reply request=194 opcode=3 status=0 bytes=128 sha256=215318e7f423bc4059c8f66b3c6c2d3173f43319ba2e63f294dfeb5673979635 return_bits=0 value3=0 null_mask=0 text_hex=-
sample_identity allocation=63 kind=2 slot=2 generation=63
reply request=195 opcode=7 status=0 bytes=128 sha256=07e30a4b1c1ee3307523290cbcb83f2bace20b750f53df45fd90c9318bdb82aa return_bits=0 value3=0 null_mask=0 text_hex=-
reply request=196 opcode=18 status=0 bytes=128 sha256=a91a8e19a15fde074a2dafcb50425de09559de1c14e59f3f8e2bc433ccc8efd0 return_bits=0 value3=0 null_mask=0 text_hex=-
reply request=197 opcode=3 status=0 bytes=128 sha256=dabaea8890ea007a0e899837f53b8f7110f9f8496769095194b9642140c822c3 return_bits=0 value3=0 null_mask=0 text_hex=-
sample_identity allocation=64 kind=2 slot=2 generation=64
reply request=198 opcode=7 status=0 bytes=128 sha256=60757527d706261885a672f93b8dc46e5c9616357bb035d8e900a2be31ca65b3 return_bits=0 value3=0 null_mask=0 text_hex=-
reply request=199 opcode=18 status=0 bytes=128 sha256=ab83dd963c75a198fd5d3e717fce3d7dc862df8026a6d435074110e4ec35b2cb return_bits=0 value3=0 null_mask=0 text_hex=-
reply request=200 opcode=3 status=0 bytes=128 sha256=a47889d4a09752cf93275fdd86cd02e15d5ac362e9a6390c7c711525acbebe4c return_bits=0 value3=0 null_mask=0 text_hex=-
sample_identity allocation=65 kind=2 slot=2 generation=65
reply request=201 opcode=7 status=0 bytes=128 sha256=e91e6eb8dcc308a6a906144abee453081aef0ae2724ea7164f705c3d11b1ac01 return_bits=0 value3=0 null_mask=0 text_hex=-
reply request=202 opcode=18 status=0 bytes=128 sha256=bf61911c8d16f0bfb7c54ed24a9fa51ebf5b4bde15d8a336afe60cfef7024653 return_bits=0 value3=0 null_mask=0 text_hex=-
reply request=203 opcode=3 status=0 bytes=128 sha256=acaf2e90d7e1b2abd9148274d9804c9024dc5b29f49fb11f891a78fdf19590e1 return_bits=0 value3=0 null_mask=0 text_hex=-
sample_identity allocation=66 kind=2 slot=2 generation=66
reply request=204 opcode=7 status=0 bytes=128 sha256=ac4bc08ac99677eb394e283850079bc5dbf61f5380f63c22c3fd57afd2629af8 return_bits=0 value3=0 null_mask=0 text_hex=-
reply request=205 opcode=18 status=0 bytes=128 sha256=7f39fa8761d4fde3c3b0e415b5ef65aea2d9af89261e593078fa75578ca00836 return_bits=0 value3=0 null_mask=0 text_hex=-
reply request=206 opcode=3 status=0 bytes=128 sha256=9943fef8bd641d69b7beead10c42ec46c5db1ad855e0ffb9eb8512b0059ea706 return_bits=0 value3=0 null_mask=0 text_hex=-
sample_identity allocation=67 kind=2 slot=2 generation=67
reply request=207 opcode=7 status=0 bytes=128 sha256=ee2c4c9c390c27e55457fb16c29dba0dd18b0df60ab8f2ddcd1be4bf7763a228 return_bits=0 value3=0 null_mask=0 text_hex=-
reply request=208 opcode=18 status=0 bytes=128 sha256=c6f0f4e1899fc193e0e3f281c9202835caa28412d57cd8e31b76f8c51af79249 return_bits=0 value3=0 null_mask=0 text_hex=-
reply request=209 opcode=3 status=0 bytes=128 sha256=78ca2189910b458713aa693150a3b3cd1b1505543e2f44534c3fd5443d4204b9 return_bits=0 value3=0 null_mask=0 text_hex=-
sample_identity allocation=68 kind=2 slot=2 generation=68
reply request=210 opcode=7 status=0 bytes=128 sha256=466ea25937cfd608f4b21d484a46dd0a0c173469b49892f68ef442f5934b2749 return_bits=0 value3=0 null_mask=0 text_hex=-
reply request=211 opcode=18 status=0 bytes=128 sha256=6029a379acadbcd8ac70a36870d5cde7c486d29dd6aaa29f537047fb6fec3a72 return_bits=0 value3=0 null_mask=0 text_hex=-
reply request=212 opcode=3 status=0 bytes=128 sha256=16e1875a1b69be85b1fc80f01bd17b4038eb0bc0a43298055409aca612713e93 return_bits=0 value3=0 null_mask=0 text_hex=-
sample_identity allocation=69 kind=2 slot=2 generation=69
reply request=213 opcode=7 status=0 bytes=128 sha256=c93c4ca76a2e7d193a7f7ebb331f7a70f597bfd0e045d59c84c7d07bab0028fa return_bits=0 value3=0 null_mask=0 text_hex=-
reply request=214 opcode=18 status=0 bytes=128 sha256=202d67e3be2530e7ca5b71631c5ed1255fa7e04ec6ecd1490d20b6b7047a35f6 return_bits=0 value3=0 null_mask=0 text_hex=-
reply request=215 opcode=3 status=0 bytes=128 sha256=c9b51ef4a8074e5151e116eee740c0ffc0c033b9ce4ddef21ccaeebfb8e8f6fa return_bits=0 value3=0 null_mask=0 text_hex=-
sample_identity allocation=70 kind=2 slot=2 generation=70
reply request=216 opcode=7 status=0 bytes=128 sha256=a503e9cc46cd4319871f9b9f05f1982048f503af5639fe0e525bc2a48d0d8a89 return_bits=0 value3=0 null_mask=0 text_hex=-
reply request=217 opcode=18 status=0 bytes=128 sha256=69a2349899afee1bbb66d672c0675bd83dea5773e764aadf3dab05846ffe779f return_bits=0 value3=0 null_mask=0 text_hex=-
reply request=218 opcode=3 status=0 bytes=128 sha256=8cce03e469c721245177a417127e4b1ae2c427e506c7f29e03fd72827f6edf54 return_bits=0 value3=0 null_mask=0 text_hex=-
sample_identity allocation=71 kind=2 slot=2 generation=71
reply request=219 opcode=7 status=0 bytes=128 sha256=757ad75a3a83dbaccf13d019a441ccf431fc8e783d0e26259137f9a3d24df182 return_bits=0 value3=0 null_mask=0 text_hex=-
reply request=220 opcode=18 status=0 bytes=128 sha256=02d04f125fdd9445c11a11b4f818ad160e1c20e9989b3f8f975587cf78a9bb6f return_bits=0 value3=0 null_mask=0 text_hex=-
reply request=221 opcode=3 status=0 bytes=128 sha256=0ddb5f434d0f685bc5725340397ff95a18bff804323cde966f8f44f161b8b924 return_bits=0 value3=0 null_mask=0 text_hex=-
sample_identity allocation=72 kind=2 slot=2 generation=72
reply request=222 opcode=7 status=0 bytes=128 sha256=cafa9302e5ce51b85d3601c1ba1e3d99ec14c33065945b3ff9dc2e321f6515b7 return_bits=0 value3=0 null_mask=0 text_hex=-
reply request=223 opcode=18 status=0 bytes=128 sha256=b07a0b3b39995e70b9eac16de168efe687482ca3c6357b0dfb3179643296efd1 return_bits=0 value3=0 null_mask=0 text_hex=-
reply request=224 opcode=3 status=0 bytes=128 sha256=2848898c5e7a62eb42b4204216da0bee0bf4454e443cd7fc2c3c428c46441d25 return_bits=0 value3=0 null_mask=0 text_hex=-
sample_identity allocation=73 kind=2 slot=2 generation=73
reply request=225 opcode=7 status=0 bytes=128 sha256=69a9adaf9ffb2acb16af697f154d659caaa0df548569189b3163ecbd27ad610a return_bits=0 value3=0 null_mask=0 text_hex=-
reply request=226 opcode=18 status=0 bytes=128 sha256=2d79d0e97704ddb17993dc5f68a31c060e8e5cbedaabf2f565d7f466da975e1a return_bits=0 value3=0 null_mask=0 text_hex=-
reply request=227 opcode=3 status=0 bytes=128 sha256=0c85760bac38c3d43735ef9cb8463b1b72d36a9f522cd08d82c0136f2b0f4186 return_bits=0 value3=0 null_mask=0 text_hex=-
sample_identity allocation=74 kind=2 slot=2 generation=74
reply request=228 opcode=7 status=0 bytes=128 sha256=5b73cecee1b33985be2f8ea3efb35c68ad56742f0eba11dd5f79342c41f72862 return_bits=0 value3=0 null_mask=0 text_hex=-
reply request=229 opcode=18 status=0 bytes=128 sha256=0424d1cda519b1984252f24faf2f3e242fb78d5095b9a8be9e50c0da6b61c15b return_bits=0 value3=0 null_mask=0 text_hex=-
reply request=230 opcode=3 status=0 bytes=128 sha256=20ee135db2885739aa7b63ff9e4723f76d2ade12f61d1e0ec493e79a32d0c262 return_bits=0 value3=0 null_mask=0 text_hex=-
sample_identity allocation=75 kind=2 slot=2 generation=75
reply request=231 opcode=7 status=0 bytes=128 sha256=d3b74bc222b7adc21dc56737226926b121a9b67d455524bf3574f07a7733f362 return_bits=0 value3=0 null_mask=0 text_hex=-
reply request=232 opcode=18 status=0 bytes=128 sha256=73e33438acebd82a514a5959aae2a6362c20f4b5d81642a11065964eaf860d01 return_bits=0 value3=0 null_mask=0 text_hex=-
reply request=233 opcode=3 status=0 bytes=128 sha256=dbfdd110345ca8c8446c507f14f723ed89a3476fb32f6bb02146affdac0903d5 return_bits=0 value3=0 null_mask=0 text_hex=-
sample_identity allocation=76 kind=2 slot=2 generation=76
reply request=234 opcode=7 status=0 bytes=128 sha256=149fef8c314b75250a1f05dc2407b6ae7d6a10c92ea231e751adcbfa9e86a5c9 return_bits=0 value3=0 null_mask=0 text_hex=-
reply request=235 opcode=18 status=0 bytes=128 sha256=2dc394706f832229b09c80dca594cf991a3da5f1521c3ef257aadfa60900f567 return_bits=0 value3=0 null_mask=0 text_hex=-
reply request=236 opcode=3 status=0 bytes=128 sha256=bc55a38b5bb4a7c15531c2931fc2a717e8b33d60faaf0f352f0f4aece14326b2 return_bits=0 value3=0 null_mask=0 text_hex=-
sample_identity allocation=77 kind=2 slot=2 generation=77
reply request=237 opcode=7 status=0 bytes=128 sha256=c26e7ec151a7e95a26bcc2d4947eaae2bdf74edf33d6dd1c864a7633e979af5c return_bits=0 value3=0 null_mask=0 text_hex=-
reply request=238 opcode=18 status=0 bytes=128 sha256=edfb0ce2ba680094f7f97aadb3a50d1d56e2f641a6dd62ab25bae3a7a995f1e8 return_bits=0 value3=0 null_mask=0 text_hex=-
reply request=239 opcode=3 status=0 bytes=128 sha256=65abc340d2b6a175b1fba19e201c70f898062f64b20e9424dde161b3417256e9 return_bits=0 value3=0 null_mask=0 text_hex=-
sample_identity allocation=78 kind=2 slot=2 generation=78
reply request=240 opcode=7 status=0 bytes=128 sha256=89e41e2d7add6425a27b383f4204d142af366d6e784ae1059a9a5f6036e12725 return_bits=0 value3=0 null_mask=0 text_hex=-
reply request=241 opcode=18 status=0 bytes=128 sha256=cededf61029c92fde4be588e61bcbf03697b1484b818136bcf90a7036317c369 return_bits=0 value3=0 null_mask=0 text_hex=-
reply request=242 opcode=3 status=0 bytes=128 sha256=ff90b4ba54fecec724e100610c5506a7bd80c602b4a8a55085d22ab9cefe4f18 return_bits=0 value3=0 null_mask=0 text_hex=-
sample_identity allocation=79 kind=2 slot=2 generation=79
reply request=243 opcode=7 status=0 bytes=128 sha256=e0fd163ea96d0d1c3f76a56a8a61a038cd1945724cd976d2a8436af7aad1ba52 return_bits=0 value3=0 null_mask=0 text_hex=-
reply request=244 opcode=18 status=0 bytes=128 sha256=dab6f5f02698cfcde22aaf2a8bd92d319d9c9d9ae9987358e1f73a22c9cfe7dd return_bits=0 value3=0 null_mask=0 text_hex=-
reply request=245 opcode=3 status=0 bytes=128 sha256=f5d221c5db7444a2f9859ce25106ebe3d47afe38cd32f2a6a4583169ceccc42a return_bits=0 value3=0 null_mask=0 text_hex=-
sample_identity allocation=80 kind=2 slot=2 generation=80
reply request=246 opcode=7 status=0 bytes=128 sha256=d07333a642262fce09e9d15874381250e552ce7dc48a9e4bb37c6a18f7e2a578 return_bits=0 value3=0 null_mask=0 text_hex=-
reply request=247 opcode=18 status=0 bytes=128 sha256=01df870a80cff83c9e2ad377cf6aab5bfea40cb8e01f98b7cc372f26ae48c369 return_bits=0 value3=0 null_mask=0 text_hex=-
reply request=248 opcode=3 status=0 bytes=128 sha256=b6ff143735cda8838fe5b8bcc0621ed9ed6b32642d6b41ce4ed883765af2d556 return_bits=0 value3=0 null_mask=0 text_hex=-
sample_identity allocation=81 kind=2 slot=2 generation=81
reply request=249 opcode=7 status=0 bytes=128 sha256=4dac78f5982597a28804b6ee561897644fe63f00cd5819dd3ffa1f34b78a0370 return_bits=0 value3=0 null_mask=0 text_hex=-
reply request=250 opcode=18 status=0 bytes=128 sha256=e47f98e29ab3ff0dcaac0bf904dab9505bd988b7a028a777634f5d51fbb0fd20 return_bits=0 value3=0 null_mask=0 text_hex=-
reply request=251 opcode=3 status=0 bytes=128 sha256=e8f2af48b61921921c8a5e2eaecf0078c9907d5ccb29f286c378340307ca295a return_bits=0 value3=0 null_mask=0 text_hex=-
sample_identity allocation=82 kind=2 slot=2 generation=82
reply request=252 opcode=7 status=0 bytes=128 sha256=d612f5cdcf7fb7a8a03bed505d2f26359ac43e36b5b3d5a7d2592b20ac5ae3fc return_bits=0 value3=0 null_mask=0 text_hex=-
reply request=253 opcode=18 status=0 bytes=128 sha256=11d066283570b7158d54f9e62506d1631d0a63a9cab4a73c0373dcb482dd2869 return_bits=0 value3=0 null_mask=0 text_hex=-
reply request=254 opcode=3 status=0 bytes=128 sha256=983789bd3c602b4f80c40d2e59092e60ccaebedaa83fe43f33eb7350d55e1238 return_bits=0 value3=0 null_mask=0 text_hex=-
sample_identity allocation=83 kind=2 slot=2 generation=83
reply request=255 opcode=7 status=0 bytes=128 sha256=2a84682bf1b460aa4f4c31850c26e4862a491a3c722a13de7f1c53cce18159ee return_bits=0 value3=0 null_mask=0 text_hex=-
reply request=256 opcode=18 status=0 bytes=128 sha256=5c153617f99fcea957b29ca28fcd1f257f9698b38ff461911b222563bf802be4 return_bits=0 value3=0 null_mask=0 text_hex=-
reply request=257 opcode=3 status=0 bytes=128 sha256=076ad6cb26c5136651f91d5da30f99c7de19b10592b98569022de1269ac7c1a0 return_bits=0 value3=0 null_mask=0 text_hex=-
sample_identity allocation=84 kind=2 slot=2 generation=84
reply request=258 opcode=7 status=0 bytes=128 sha256=592aea71b466e86ce9ab0b4c2e637ff1c0980f51751d6415009ce875c2a30f48 return_bits=0 value3=0 null_mask=0 text_hex=-
reply request=259 opcode=18 status=0 bytes=128 sha256=0835adad2326933fc54d7124a7494ba5b104b8abbec528337d4baa8793e7e5e1 return_bits=0 value3=0 null_mask=0 text_hex=-
reply request=260 opcode=3 status=0 bytes=128 sha256=1a37cf0a8f5212e6a927cbad67e5e6de04b0937a6a24a7046eab8b64a7a0ba73 return_bits=0 value3=0 null_mask=0 text_hex=-
sample_identity allocation=85 kind=2 slot=2 generation=85
reply request=261 opcode=7 status=0 bytes=128 sha256=56ec5b25a02238684e26e933349cd56b734e9326f82c2a3aa95519ebc98512e2 return_bits=0 value3=0 null_mask=0 text_hex=-
reply request=262 opcode=18 status=0 bytes=128 sha256=7f43588b5b8095a8e828fa8279c58c8a33a39eee37d4b26ff2d25e9da99a6e4b return_bits=0 value3=0 null_mask=0 text_hex=-
reply request=263 opcode=3 status=0 bytes=128 sha256=25885d50b571c8599705f2203e0e1d190fc281641401c22c3215adc8b294bcb8 return_bits=0 value3=0 null_mask=0 text_hex=-
sample_identity allocation=86 kind=2 slot=2 generation=86
reply request=264 opcode=7 status=0 bytes=128 sha256=c67733cbd447d16b02a76746da24dadb1128761b0c3ab4c09ddeccd8789c1f87 return_bits=0 value3=0 null_mask=0 text_hex=-
reply request=265 opcode=18 status=0 bytes=128 sha256=8edf3c9aefbdf6ba4ee72582091bb0d3cb7b871d7324fc4ffe920aebcc81a47a return_bits=0 value3=0 null_mask=0 text_hex=-
reply request=266 opcode=3 status=0 bytes=128 sha256=61a491ab4900cb8ff3106a602dd0d0e8985c15c3545c220ead52786a15566a98 return_bits=0 value3=0 null_mask=0 text_hex=-
sample_identity allocation=87 kind=2 slot=2 generation=87
reply request=267 opcode=7 status=0 bytes=128 sha256=859d41df301a90d2e95b9abf93a1e59449e02315cae013fbc58f1711d4b26c6b return_bits=0 value3=0 null_mask=0 text_hex=-
reply request=268 opcode=18 status=0 bytes=128 sha256=3c2b00d14008c1cf91690e0edd76c513c4c932badc2b39bafec216e62a08be8b return_bits=0 value3=0 null_mask=0 text_hex=-
reply request=269 opcode=3 status=0 bytes=128 sha256=3b89c59e31b4e7cc01c95483d5c33632931eff0a3d882b798a10f2c902b26434 return_bits=0 value3=0 null_mask=0 text_hex=-
sample_identity allocation=88 kind=2 slot=2 generation=88
reply request=270 opcode=7 status=0 bytes=128 sha256=c9454eef2840a28a60008dd5262f25c3560c03dc62c61835652d242a89aa5783 return_bits=0 value3=0 null_mask=0 text_hex=-
reply request=271 opcode=18 status=0 bytes=128 sha256=67428dd2c1d5b9b6d89e2b3a4b366980c96250128ebc54ca183826f6c8c1208d return_bits=0 value3=0 null_mask=0 text_hex=-
reply request=272 opcode=3 status=0 bytes=128 sha256=ec9777d7765cfdd5adf784528a7b15bd59a6e08130b99a774c9098b7549f9a32 return_bits=0 value3=0 null_mask=0 text_hex=-
sample_identity allocation=89 kind=2 slot=2 generation=89
reply request=273 opcode=7 status=0 bytes=128 sha256=9374810540e5d28c3eb3af1f9b948304679cc8ea8cfc9e5c951ca32bb42601bd return_bits=0 value3=0 null_mask=0 text_hex=-
reply request=274 opcode=18 status=0 bytes=128 sha256=7b8c0e910fbce16b2c1fbfc9d1e0088f00d9205317bd750d1068c66817070ac5 return_bits=0 value3=0 null_mask=0 text_hex=-
reply request=275 opcode=3 status=0 bytes=128 sha256=04b4bf4bffcfbbcd666e5b9fefbbd19c445ecf24c9d30a95a923cf7c28cb6cb7 return_bits=0 value3=0 null_mask=0 text_hex=-
sample_identity allocation=90 kind=2 slot=2 generation=90
reply request=276 opcode=7 status=0 bytes=128 sha256=8b08c2d7c522807a3b96be0be9a5722be679d3e6660560143180f80c5987c7f5 return_bits=0 value3=0 null_mask=0 text_hex=-
reply request=277 opcode=18 status=0 bytes=128 sha256=6c6d3312c4bf9d900a357f4c15b63a383af9b0b17bd9aa64689546da11c03e45 return_bits=0 value3=0 null_mask=0 text_hex=-
reply request=278 opcode=3 status=0 bytes=128 sha256=aca5e35b43a3733cf540bee960a77d26667dac8753e269d9fc804c31520665ed return_bits=0 value3=0 null_mask=0 text_hex=-
sample_identity allocation=91 kind=2 slot=2 generation=91
reply request=279 opcode=7 status=0 bytes=128 sha256=f4e09998478dae2d15216997059796aa0ab8c8ab25cfd4d8a7bdcc7a27547ebb return_bits=0 value3=0 null_mask=0 text_hex=-
reply request=280 opcode=18 status=0 bytes=128 sha256=c304e6dbbfb5a04b608e912a38ed75c88cf456ec793304455b22ff03a3c8ffe9 return_bits=0 value3=0 null_mask=0 text_hex=-
reply request=281 opcode=3 status=0 bytes=128 sha256=754b8fd71c75624ca6d8319beb7a19b765bbfc87e4297fee98abf1e790a65e23 return_bits=0 value3=0 null_mask=0 text_hex=-
sample_identity allocation=92 kind=2 slot=2 generation=92
reply request=282 opcode=7 status=0 bytes=128 sha256=75c79cc8542a53fb1444ab93e096fbeb6be6affc92654794518d99140a7c82ea return_bits=0 value3=0 null_mask=0 text_hex=-
reply request=283 opcode=18 status=0 bytes=128 sha256=13bd37a0b969503cccfc3856d55e5c0c69cd688a63e2057b89cbe5ccb5060b1b return_bits=0 value3=0 null_mask=0 text_hex=-
reply request=284 opcode=3 status=0 bytes=128 sha256=4a5f4d446bce8f950ba9be866b679572fff39611809be1e1eb3ebcadb6f8ff0f return_bits=0 value3=0 null_mask=0 text_hex=-
sample_identity allocation=93 kind=2 slot=2 generation=93
reply request=285 opcode=7 status=0 bytes=128 sha256=b72d9a90a4946612a3f351739e107c02422cbee25526dc541bea502fba93e742 return_bits=0 value3=0 null_mask=0 text_hex=-
reply request=286 opcode=18 status=0 bytes=128 sha256=3a7680737a21e7dd8ea6c23f9174e3a44e50124c544e7f30485995bc38524907 return_bits=0 value3=0 null_mask=0 text_hex=-
reply request=287 opcode=3 status=0 bytes=128 sha256=74f214fe6401c2c2ef67d5ea53ef3c2f3f8c862cdc7788dd97c9d177d0617fd1 return_bits=0 value3=0 null_mask=0 text_hex=-
sample_identity allocation=94 kind=2 slot=2 generation=94
reply request=288 opcode=7 status=0 bytes=128 sha256=e646fe99aabc6faab5314cf700dc15441a9355c3956b9546396063192653ded4 return_bits=0 value3=0 null_mask=0 text_hex=-
reply request=289 opcode=18 status=0 bytes=128 sha256=8b9ebc2505363c87058150926d912dc402632e62a8f88541a06c042025a9be06 return_bits=0 value3=0 null_mask=0 text_hex=-
reply request=290 opcode=3 status=0 bytes=128 sha256=bd8dfd88099654e696f95fe9e1194ad88b89cfd4611f9ba988bf0823f06802d7 return_bits=0 value3=0 null_mask=0 text_hex=-
sample_identity allocation=95 kind=2 slot=2 generation=95
reply request=291 opcode=7 status=0 bytes=128 sha256=db22a6132471135f8366548f50a09a0177cbd765b78b7efc377140c8cf6d5f11 return_bits=0 value3=0 null_mask=0 text_hex=-
reply request=292 opcode=18 status=0 bytes=128 sha256=3a389fe72b03511795341ebc29986e1aa9f4784c823df5a28cc83223fa938622 return_bits=0 value3=0 null_mask=0 text_hex=-
reply request=293 opcode=3 status=0 bytes=128 sha256=0acb6272ffb4a045dd3061a393e24c797a7b71071e12c9c74435b31de4eac22d return_bits=0 value3=0 null_mask=0 text_hex=-
sample_identity allocation=96 kind=2 slot=2 generation=96
reply request=294 opcode=7 status=0 bytes=128 sha256=e9ae74cd939e736890029e4e2df080f3418cd73b6087d0e36ac5da78ab2e3d5c return_bits=0 value3=0 null_mask=0 text_hex=-
reply request=295 opcode=18 status=0 bytes=128 sha256=fae222d43726e786b7e2b68e9bd996a8095ad73817d3979fabddd22d4637402b return_bits=0 value3=0 null_mask=0 text_hex=-
reply request=296 opcode=3 status=0 bytes=128 sha256=d02915e23ecc9b51ba5f865328e0830134e59eda8676f9135f6195d4838b0689 return_bits=0 value3=0 null_mask=0 text_hex=-
sample_identity allocation=97 kind=2 slot=2 generation=97
reply request=297 opcode=7 status=0 bytes=128 sha256=9b5938abb456ad1117fc64114f064ba621d3d7aba6461a5e8f010d176d8302ea return_bits=0 value3=0 null_mask=0 text_hex=-
reply request=298 opcode=18 status=0 bytes=128 sha256=8455a60f85d801a5ee05b69f7c003b4600934b6f3f3e098026c93ae92b37a9ae return_bits=0 value3=0 null_mask=0 text_hex=-
reply request=299 opcode=3 status=0 bytes=128 sha256=00d427bd6422d032bb66807e60e090c7583513be702051675d83767d68908fbd return_bits=0 value3=0 null_mask=0 text_hex=-
sample_identity allocation=98 kind=2 slot=2 generation=98
reply request=300 opcode=7 status=0 bytes=128 sha256=2e2d0a1d292723d1f9fb2fe1189e73128577b81578d5c2fef64b5be53ce6c0cd return_bits=0 value3=0 null_mask=0 text_hex=-
reply request=301 opcode=18 status=0 bytes=128 sha256=aafa0600f9fb07d8e2a2d1913dd790de56181e50e97c9a6c26957949a06e4b7b return_bits=0 value3=0 null_mask=0 text_hex=-
reply request=302 opcode=3 status=0 bytes=128 sha256=9e3ba570c83f0c6047f0ca01a2303128ab7c15581a4bd9c9016ca82954a0856f return_bits=0 value3=0 null_mask=0 text_hex=-
sample_identity allocation=99 kind=2 slot=2 generation=99
reply request=303 opcode=7 status=0 bytes=128 sha256=5545768014ccbf776dcc5917dedbcbad3507378b330d6a846ee4c354aed02efa return_bits=0 value3=0 null_mask=0 text_hex=-
reply request=304 opcode=18 status=0 bytes=128 sha256=7411d9dd3c3c0f6a1d9e577eb72ad924d0518c0bdbd6c317347805e29d929b51 return_bits=0 value3=0 null_mask=0 text_hex=-
reply request=305 opcode=3 status=0 bytes=128 sha256=1a57a3c2948d3affa0ae4744b7be510522a7c837651b366e1d16dea8f0a06306 return_bits=0 value3=0 null_mask=0 text_hex=-
sample_identity allocation=100 kind=2 slot=2 generation=100
reply request=306 opcode=7 status=0 bytes=128 sha256=7562c671ca848dc7614a89b4490ee08673c2e914e270f5508d9e48e8e6f3be29 return_bits=0 value3=0 null_mask=0 text_hex=-
reply request=307 opcode=18 status=0 bytes=128 sha256=7ce9d7e6ac7a7f1060e24fce0b49bc94ab2ea8a247a1e30d8022c4a0837a2327 return_bits=0 value3=0 null_mask=0 text_hex=-
reply request=308 opcode=3 status=0 bytes=128 sha256=cfba63b3786dd3a55915927ddb105f4c4eb1b90d54749d14c620a496ea920ddc return_bits=0 value3=0 null_mask=0 text_hex=-
sample_identity allocation=101 kind=2 slot=2 generation=101
reply request=309 opcode=7 status=0 bytes=128 sha256=c1dafea6db9bb7b2f2d4363ab75d16027ad2bea0593e463624c0ebfd0464e651 return_bits=0 value3=0 null_mask=0 text_hex=-
reply request=310 opcode=18 status=0 bytes=128 sha256=f011a8001e9b416ff0657bd8bbf75930018440d4bb25e028360711c69a99ca5e return_bits=0 value3=0 null_mask=0 text_hex=-
reply request=311 opcode=3 status=0 bytes=128 sha256=4f22252ff8d93d9bf82e7e60f34a1b36ffd325bf1d3b85368765ace7e7776e85 return_bits=0 value3=0 null_mask=0 text_hex=-
sample_identity allocation=102 kind=2 slot=2 generation=102
reply request=312 opcode=7 status=0 bytes=128 sha256=a79ecc997f0681d7c90a3db179aa3504f0a73e057d7b25ce9535c4ba9845cda8 return_bits=0 value3=0 null_mask=0 text_hex=-
reply request=313 opcode=18 status=0 bytes=128 sha256=d9a8d3d20899d15f6a79f2aaaf68ef70f7ff2675e1cf3743fefebbf998713098 return_bits=0 value3=0 null_mask=0 text_hex=-
reply request=314 opcode=3 status=0 bytes=128 sha256=eca64494d8f54e9bb185c01964feb0bfefb0cf706bec636c54b82fc693ba0060 return_bits=0 value3=0 null_mask=0 text_hex=-
sample_identity allocation=103 kind=2 slot=2 generation=103
reply request=315 opcode=7 status=0 bytes=128 sha256=c8df05aaeca3864736bb797d7a787f4d826db5e633ca9ae55cb04e56452af0bf return_bits=0 value3=0 null_mask=0 text_hex=-
reply request=316 opcode=18 status=0 bytes=128 sha256=ae45c70cbf273c228e43f7f1ba28dcbdd745d4db965688e13631dde703587c7a return_bits=0 value3=0 null_mask=0 text_hex=-
reply request=317 opcode=3 status=0 bytes=128 sha256=f8621e0b8ca10b1308885237db011101c08561522f7f8b7108d0485752869de2 return_bits=0 value3=0 null_mask=0 text_hex=-
sample_identity allocation=104 kind=2 slot=2 generation=104
reply request=318 opcode=7 status=0 bytes=128 sha256=dd7a0f3c00aa9f55935c9a16fe42dd9c5dcb8c3fde5d1261ef4a9d5bb397a86c return_bits=0 value3=0 null_mask=0 text_hex=-
reply request=319 opcode=18 status=0 bytes=128 sha256=e967afc47dfca0dfe6d1fac978a0ef3d2397a18bcb13dbb7ed8ac487ab9b3f33 return_bits=0 value3=0 null_mask=0 text_hex=-
reply request=320 opcode=3 status=0 bytes=128 sha256=546ec9e830eb733e5eee146b90957d5415227b104fe91d492c245e1d21ab5159 return_bits=0 value3=0 null_mask=0 text_hex=-
sample_identity allocation=105 kind=2 slot=2 generation=105
reply request=321 opcode=7 status=0 bytes=128 sha256=5936ea9701c0207120d68371a14c7efe1a2bd96a99045b7cc323654cb9a61a22 return_bits=0 value3=0 null_mask=0 text_hex=-
reply request=322 opcode=18 status=0 bytes=128 sha256=12252e2b799fba39f0ee102721ee7cdd9dc4036c6921b1fab4e1a13f5fc394fa return_bits=0 value3=0 null_mask=0 text_hex=-
reply request=323 opcode=3 status=0 bytes=128 sha256=c1050e481b29592db1d1d4a6b633d17a59de864d05c6e44eb41958109b9f9b3a return_bits=0 value3=0 null_mask=0 text_hex=-
sample_identity allocation=106 kind=2 slot=2 generation=106
reply request=324 opcode=7 status=0 bytes=128 sha256=ca3301a59231ff29bdaaddfbd32ba634369a4f49c0b8a0d65d03a018545d398f return_bits=0 value3=0 null_mask=0 text_hex=-
reply request=325 opcode=18 status=0 bytes=128 sha256=103ee10f19b7672a5eabf19acfc9f8d2cc405462422899d117e82dc67f1a961a return_bits=0 value3=0 null_mask=0 text_hex=-
reply request=326 opcode=3 status=0 bytes=128 sha256=469e598b32b8c90701fed15af3224ce2b8b3aeb949079a8fd625cd781f5259c1 return_bits=0 value3=0 null_mask=0 text_hex=-
sample_identity allocation=107 kind=2 slot=2 generation=107
reply request=327 opcode=7 status=0 bytes=128 sha256=c102e33818b2a937ffb2436e1c04f27e6918e46ac927848cbaaea7a6dffae0b7 return_bits=0 value3=0 null_mask=0 text_hex=-
reply request=328 opcode=18 status=0 bytes=128 sha256=fd5c4917188295b239fbab941984430d3350bae91812c184afc6eb5b9fc29b98 return_bits=0 value3=0 null_mask=0 text_hex=-
reply request=329 opcode=3 status=0 bytes=128 sha256=787722ddd8818d5dbc9d4a324d7b51ba055390dbf78c2419891d5932cc4db02e return_bits=0 value3=0 null_mask=0 text_hex=-
sample_identity allocation=108 kind=2 slot=2 generation=108
reply request=330 opcode=7 status=0 bytes=128 sha256=c4646d664d0413e5d242c33bd6511d123fb8e6f3fdebbb93ee453258675f3530 return_bits=0 value3=0 null_mask=0 text_hex=-
reply request=331 opcode=18 status=0 bytes=128 sha256=177f29bf74fc43b6966d4277005ceb3f8502840aa61d7b0704809d903175ebd5 return_bits=0 value3=0 null_mask=0 text_hex=-
reply request=332 opcode=3 status=0 bytes=128 sha256=cb764267ccd2ce798bd660bb5dd3be41d6059fd8c35f7c2af8bbe8621d51c995 return_bits=0 value3=0 null_mask=0 text_hex=-
sample_identity allocation=109 kind=2 slot=2 generation=109
reply request=333 opcode=7 status=0 bytes=128 sha256=fa436639a48ba716f74938a534d5abe64cc9e8345374e68eff8ed34a0bc4e254 return_bits=0 value3=0 null_mask=0 text_hex=-
reply request=334 opcode=18 status=0 bytes=128 sha256=002efc847ef47d7ed00963bbd369a8227a594d5f6627b2ef093a5b161726c826 return_bits=0 value3=0 null_mask=0 text_hex=-
reply request=335 opcode=3 status=0 bytes=128 sha256=f480278799b669ee2a06300e5dc15423adf1e6fe1c62b1a94b9d9dd3fc3c1b01 return_bits=0 value3=0 null_mask=0 text_hex=-
sample_identity allocation=110 kind=2 slot=2 generation=110
reply request=336 opcode=7 status=0 bytes=128 sha256=f9762999c8941704bc1dfca98adce154734ea19725a7221d8ca3f60309deba80 return_bits=0 value3=0 null_mask=0 text_hex=-
reply request=337 opcode=18 status=0 bytes=128 sha256=14673d816f33587ee42fce881d2a55b460cd29fde27bcb1cedfd858396b04f91 return_bits=0 value3=0 null_mask=0 text_hex=-
reply request=338 opcode=3 status=0 bytes=128 sha256=5837c4939d7b07b1009e921c60b34724fe705c1295fede7f61e9f5a23356c011 return_bits=0 value3=0 null_mask=0 text_hex=-
sample_identity allocation=111 kind=2 slot=2 generation=111
reply request=339 opcode=7 status=0 bytes=128 sha256=7a7d3b7391fee75c36e458a26a70f56648f74061496e333d13393865020021b8 return_bits=0 value3=0 null_mask=0 text_hex=-
reply request=340 opcode=18 status=0 bytes=128 sha256=fa7ee7762e94545d888f4d5fe7c7c8e15239eea0a9e8ea373307a47a0524a578 return_bits=0 value3=0 null_mask=0 text_hex=-
reply request=341 opcode=3 status=0 bytes=128 sha256=9531b4c952ecb1769381dea895396e0abf1dd30aa7482798bc3d1b1dfe19202e return_bits=0 value3=0 null_mask=0 text_hex=-
sample_identity allocation=112 kind=2 slot=2 generation=112
reply request=342 opcode=7 status=0 bytes=128 sha256=423ae8bd7fb4e84e7523beb9661caa786a4613fcd043b28a4f97853357ee2f4a return_bits=0 value3=0 null_mask=0 text_hex=-
reply request=343 opcode=18 status=0 bytes=128 sha256=449c0dbdc9da0f3a41cbd57814dd6e0c6400f224171d0c871a712709fc2e4eba return_bits=0 value3=0 null_mask=0 text_hex=-
reply request=344 opcode=3 status=0 bytes=128 sha256=a4cc5661178c39c6cfefd3ede82296176d521ad87bdbc8cde3f78022608fe59c return_bits=0 value3=0 null_mask=0 text_hex=-
sample_identity allocation=113 kind=2 slot=2 generation=113
reply request=345 opcode=7 status=0 bytes=128 sha256=060bf1033c70d7bc86e624ca86b061e3da77fe1e3d3d70ff57c7837e0107af51 return_bits=0 value3=0 null_mask=0 text_hex=-
reply request=346 opcode=18 status=0 bytes=128 sha256=1435942b07596466b1f5d4293fea0d79723668c35ffb72c540d70b927d51fb29 return_bits=0 value3=0 null_mask=0 text_hex=-
reply request=347 opcode=3 status=0 bytes=128 sha256=30e53ac1fd3d721325201b0e98f5c5173d5b55ce327d9e7248b375ddcfc7450a return_bits=0 value3=0 null_mask=0 text_hex=-
sample_identity allocation=114 kind=2 slot=2 generation=114
reply request=348 opcode=7 status=0 bytes=128 sha256=56d32eea9da9494e2b2841c2e851b6af7a50c9603b6386584e2fdf884bb76b34 return_bits=0 value3=0 null_mask=0 text_hex=-
reply request=349 opcode=18 status=0 bytes=128 sha256=05038d0c5a23940e95f785f4a6b58e7b857ba0eb14c7f1f8424ea604162fb039 return_bits=0 value3=0 null_mask=0 text_hex=-
reply request=350 opcode=3 status=0 bytes=128 sha256=da2759f9e41fb25730eaac213abb53cc4c2edeaf0433a2a087bed019ba3b5efa return_bits=0 value3=0 null_mask=0 text_hex=-
sample_identity allocation=115 kind=2 slot=2 generation=115
reply request=351 opcode=7 status=0 bytes=128 sha256=43ebf4087a58557d62315f30e55193b208e7f49e1acb1b4c705f3ef71c324445 return_bits=0 value3=0 null_mask=0 text_hex=-
reply request=352 opcode=18 status=0 bytes=128 sha256=d9cd131e506f798b9a7bd0d5c2ccf4a4bd440b26bcbf4f96e0bfe7feae757cb8 return_bits=0 value3=0 null_mask=0 text_hex=-
reply request=353 opcode=3 status=0 bytes=128 sha256=d68e020df5fca7ce5f08e3ae7b624d33240613f8ddffee9a0ab1689aff8b24fb return_bits=0 value3=0 null_mask=0 text_hex=-
sample_identity allocation=116 kind=2 slot=2 generation=116
reply request=354 opcode=7 status=0 bytes=128 sha256=f879828dc77cfcfbad11277a4cd0936cd41637c3fe7d03803f4cbdc3adcb8841 return_bits=0 value3=0 null_mask=0 text_hex=-
reply request=355 opcode=18 status=0 bytes=128 sha256=3d822123594195b228c6998490fb07dc49d2a297eee8417bc24e3d0d13a1d0c3 return_bits=0 value3=0 null_mask=0 text_hex=-
reply request=356 opcode=3 status=0 bytes=128 sha256=754e13722b436b06332863eaa5f9468a56f03794dda0369b0bd9a915f8fea9ee return_bits=0 value3=0 null_mask=0 text_hex=-
sample_identity allocation=117 kind=2 slot=2 generation=117
reply request=357 opcode=7 status=0 bytes=128 sha256=242314416f1b907c28e3af1df63ba7e0c8eb581c24571a0e9e716e219f57114c return_bits=0 value3=0 null_mask=0 text_hex=-
reply request=358 opcode=18 status=0 bytes=128 sha256=9ca7ded71a5d5420cdf70cc510f9bf9e825c42c05dd498f4dab3c2a1595b1e38 return_bits=0 value3=0 null_mask=0 text_hex=-
reply request=359 opcode=3 status=0 bytes=128 sha256=7920e12b1feccae9c019a11bad961e47cd25ef80a6a2459bdb6afba1072fe479 return_bits=0 value3=0 null_mask=0 text_hex=-
sample_identity allocation=118 kind=2 slot=2 generation=118
reply request=360 opcode=7 status=0 bytes=128 sha256=526f8852d0ee26e21a3e8007ed9620d02da7ed3646ef1d329acbc04a6ae0edd6 return_bits=0 value3=0 null_mask=0 text_hex=-
reply request=361 opcode=18 status=0 bytes=128 sha256=36a68b9a2c54467c3a934c7c5cbfbdf7308a76900b4b7232838ac55e56e9e952 return_bits=0 value3=0 null_mask=0 text_hex=-
reply request=362 opcode=3 status=0 bytes=128 sha256=93e74a4fde122443a0f0b82722057745d509cd8639d2b3e0992776e771fd87d4 return_bits=0 value3=0 null_mask=0 text_hex=-
sample_identity allocation=119 kind=2 slot=2 generation=119
reply request=363 opcode=7 status=0 bytes=128 sha256=992174f1a5f6e9ce66d511d535bc2ea56e02c94a4eb522803024f6b5e3502a5d return_bits=0 value3=0 null_mask=0 text_hex=-
reply request=364 opcode=18 status=0 bytes=128 sha256=280ed0ebba1c0c107583802b9c796fbc5f15f728fd721c1ca06d55007e7bfdb5 return_bits=0 value3=0 null_mask=0 text_hex=-
reply request=365 opcode=3 status=0 bytes=128 sha256=346c16d10b2d58d72fac5bddb8641a12ebc45b03cda5970af8ea5391c38080f5 return_bits=0 value3=0 null_mask=0 text_hex=-
sample_identity allocation=120 kind=2 slot=2 generation=120
reply request=366 opcode=7 status=0 bytes=128 sha256=eb042c471184fe31dd27be722959664a1c5770275cb99b6bdbc5ef95a5991ca7 return_bits=0 value3=0 null_mask=0 text_hex=-
reply request=367 opcode=18 status=0 bytes=128 sha256=99408b2facf48c8367817977755ce51e5588714f912a47f74b45098a2ef7efdc return_bits=0 value3=0 null_mask=0 text_hex=-
reply request=368 opcode=3 status=0 bytes=128 sha256=21a8a2abac529da3849bf031cdeb57ae19080eceef733e053dc363c1238a7a17 return_bits=0 value3=0 null_mask=0 text_hex=-
sample_identity allocation=121 kind=2 slot=2 generation=121
reply request=369 opcode=7 status=0 bytes=128 sha256=55bb2490b0389bb959a7aeae384fe2898a4a8ff0dcd74950c8d2942cd8c097f7 return_bits=0 value3=0 null_mask=0 text_hex=-
reply request=370 opcode=18 status=0 bytes=128 sha256=3d90639eac70e7f7e21fb982eb10b18fba6186be8093b456f10b8f06f5805e39 return_bits=0 value3=0 null_mask=0 text_hex=-
reply request=371 opcode=3 status=0 bytes=128 sha256=59ccedb6740a4cbc46e258027e549e27612cb723ef87aff57af8345c13ed7104 return_bits=0 value3=0 null_mask=0 text_hex=-
sample_identity allocation=122 kind=2 slot=2 generation=122
reply request=372 opcode=7 status=0 bytes=128 sha256=b33bf196d15833e370f3237df911533e1c09f02db0be7d7d9911e2d228a3f1f2 return_bits=0 value3=0 null_mask=0 text_hex=-
reply request=373 opcode=18 status=0 bytes=128 sha256=4acaee0af3b952e341f3d3d46e1f640d1d086043804b5d3e49a8fc4ccb4a067b return_bits=0 value3=0 null_mask=0 text_hex=-
reply request=374 opcode=3 status=0 bytes=128 sha256=9f1e3452359439f7c2970bb7c3b402c7e5ca8e1398be55a712f4724e11ebb9a0 return_bits=0 value3=0 null_mask=0 text_hex=-
sample_identity allocation=123 kind=2 slot=2 generation=123
reply request=375 opcode=7 status=0 bytes=128 sha256=b8dda3fb6fc78432733842fb2a79bf16935cb1df01f550264473b0193ff38194 return_bits=0 value3=0 null_mask=0 text_hex=-
reply request=376 opcode=18 status=0 bytes=128 sha256=debd2a0e6d5ec384b24b9f51c012552cf10eafae81f0b3ae0ee01887d4b6a3e3 return_bits=0 value3=0 null_mask=0 text_hex=-
reply request=377 opcode=3 status=0 bytes=128 sha256=e37d6f7b4cbcf075f86a1fee0fe554228a8208dd64a86719115c076564c51afe return_bits=0 value3=0 null_mask=0 text_hex=-
sample_identity allocation=124 kind=2 slot=2 generation=124
reply request=378 opcode=7 status=0 bytes=128 sha256=dcbf9ba96e219d0f1a8ba21096ec1bd3da7aff7e9077da5c39bd61820407fb06 return_bits=0 value3=0 null_mask=0 text_hex=-
reply request=379 opcode=18 status=0 bytes=128 sha256=7512a4fcfa2cacb5c3d991b75393ce95bfbf86db88e6ab7ce326ea6e7cd758b9 return_bits=0 value3=0 null_mask=0 text_hex=-
reply request=380 opcode=3 status=0 bytes=128 sha256=531f0785f88d69227ac6d27c167fd246e1f1372a913d5301e8e7e5f6e093c78f return_bits=0 value3=0 null_mask=0 text_hex=-
sample_identity allocation=125 kind=2 slot=2 generation=125
reply request=381 opcode=7 status=0 bytes=128 sha256=8d9d52009e8d28c1d9b93a226b70effddf2aa262cc6cf60646ab1098d973c4f3 return_bits=0 value3=0 null_mask=0 text_hex=-
reply request=382 opcode=18 status=0 bytes=128 sha256=62ba135d8a8aeb2e0a53284e671f46b66b8b9d9e10d1039b86389ed8fc047b6c return_bits=0 value3=0 null_mask=0 text_hex=-
reply request=383 opcode=3 status=0 bytes=128 sha256=bcafc88fb86abb48e94e1b2b38ceebc7b7341197d7e98bbca88860306aa639cb return_bits=0 value3=0 null_mask=0 text_hex=-
sample_identity allocation=126 kind=2 slot=2 generation=126
reply request=384 opcode=7 status=0 bytes=128 sha256=bc7112e240ad121cb6516118c95d87b3d935e73214440875fbbbfc28f1a566b1 return_bits=0 value3=0 null_mask=0 text_hex=-
reply request=385 opcode=18 status=0 bytes=128 sha256=2435057b522d0875a72f89e0f6cffa5a21ded2c655d1ada239a4b59e0593d7fb return_bits=0 value3=0 null_mask=0 text_hex=-
reply request=386 opcode=3 status=0 bytes=128 sha256=4ffe78cb08ef990f1d924649d36114bd41f75c9341eb816e19835bfc0a7d84d1 return_bits=0 value3=0 null_mask=0 text_hex=-
sample_identity allocation=127 kind=2 slot=2 generation=127
reply request=387 opcode=7 status=0 bytes=128 sha256=631a5fbd7c3f3255888cda04bf38f59d2e54d9515955c4adf27e5479351f9d02 return_bits=0 value3=0 null_mask=0 text_hex=-
reply request=388 opcode=18 status=0 bytes=128 sha256=b1deb442240b555a14be17381411cad0302b9515e6346c06e4bb469f8615414d return_bits=0 value3=0 null_mask=0 text_hex=-
reply request=389 opcode=3 status=0 bytes=128 sha256=2d48e592820b0f65d534800cc9a7c9c902894d3b55fe7b91bf96d9f27d3d0a26 return_bits=0 value3=0 null_mask=0 text_hex=-
sample_identity allocation=128 kind=2 slot=2 generation=128
reply request=390 opcode=7 status=0 bytes=128 sha256=3e59ea110fc2cf58c92667a1bb28ab5005315c73ee9cdcd9b158e695e63e8106 return_bits=0 value3=0 null_mask=0 text_hex=-
reply request=391 opcode=18 status=0 bytes=128 sha256=6d466514ba1ff00579bf7ef2f4a462e0aaf743ff1b96d05a63a2b8a58801962f return_bits=0 value3=0 null_mask=0 text_hex=-
reply request=392 opcode=3 status=0 bytes=128 sha256=dcbc1038799a034eb1baab802220cca4b2797fcf232207786b2e377ab30b3287 return_bits=0 value3=0 null_mask=0 text_hex=-
sample_identity allocation=129 kind=2 slot=2 generation=129
reply request=393 opcode=7 status=0 bytes=128 sha256=8276f896883d8dda154c3bbca3463235e282284211a2db34e39c0d7cd1d0b004 return_bits=0 value3=0 null_mask=0 text_hex=-
reply request=394 opcode=18 status=0 bytes=128 sha256=9659e6a02adafe36608ff3298457bd804d7dab022b00ce9d290260ce6125c222 return_bits=0 value3=0 null_mask=0 text_hex=-
reply request=395 opcode=3 status=0 bytes=128 sha256=33d49da0cc6f078dc316f35e7e76087d29cd56ad3d2ee1051726f10a72c72fa0 return_bits=0 value3=0 null_mask=0 text_hex=-
sample_identity allocation=130 kind=2 slot=2 generation=130
reply request=396 opcode=7 status=0 bytes=128 sha256=e5dd6da66fdecb06c1cc790ea56b58556dabbe589a77f10762d93f2c4be4e7a4 return_bits=0 value3=0 null_mask=0 text_hex=-
reply request=397 opcode=18 status=0 bytes=128 sha256=e086fdcb985007d2a1a67c0ee6279be2916b874675b573a6d7a0400b5707c975 return_bits=0 value3=0 null_mask=0 text_hex=-
reply request=398 opcode=3 status=0 bytes=128 sha256=96f220732535f10dfa4102509b6f8322efe14cd7a33ee59c53de5c59bbbd0746 return_bits=0 value3=0 null_mask=0 text_hex=-
sample_identity allocation=131 kind=2 slot=2 generation=131
reply request=399 opcode=7 status=0 bytes=128 sha256=04fb035001d29fbbe490628a74d12dd581291ef76a3e38a2498addaece1dbc9f return_bits=0 value3=0 null_mask=0 text_hex=-
reply request=400 opcode=18 status=0 bytes=128 sha256=8690f44c72780665b52e8be2756aed28ad554002d66ca845c9f40012103dc551 return_bits=0 value3=0 null_mask=0 text_hex=-
reply request=401 opcode=3 status=0 bytes=128 sha256=0a591b263884cd6d2a17131850d7beeb98ed6cc2ae06b20454c11820d37d7e24 return_bits=0 value3=0 null_mask=0 text_hex=-
sample_identity allocation=132 kind=2 slot=2 generation=132
reply request=402 opcode=7 status=0 bytes=128 sha256=3ec86729d5e3809d677d6a5db2e5d4cb50ef91c68cef2d55e5aa73b4768c9ed6 return_bits=0 value3=0 null_mask=0 text_hex=-
reply request=403 opcode=18 status=0 bytes=128 sha256=9522f0d207a776fc83386d2320109c112059bab038eaa9e52511d946705bbd31 return_bits=0 value3=0 null_mask=0 text_hex=-
reply request=404 opcode=3 status=0 bytes=128 sha256=26f19f74f12a7bda6b8b3caaa452201b02dca4c47bf7b20d52cb77ab5af7dcd0 return_bits=0 value3=0 null_mask=0 text_hex=-
sample_identity allocation=133 kind=2 slot=2 generation=133
reply request=405 opcode=7 status=0 bytes=128 sha256=f8778cab848b8fce1e98c41f9d33ea6781a3bb03ebedf7551b9893b64750a134 return_bits=0 value3=0 null_mask=0 text_hex=-
reply request=406 opcode=18 status=0 bytes=128 sha256=6f6f23e4f69db13bfa1fa4b416b2731b59c3e31a195f21dda551654eefeca866 return_bits=0 value3=0 null_mask=0 text_hex=-
reply request=407 opcode=3 status=0 bytes=128 sha256=02c6e9c634d5413042d56762624c091961930a78db923059072f0529f0bde71b return_bits=0 value3=0 null_mask=0 text_hex=-
sample_identity allocation=134 kind=2 slot=2 generation=134
reply request=408 opcode=7 status=0 bytes=128 sha256=4a660dccaa5e30f92afd97e23fb8a2ab6c81c8fd4a33362ef581acfd417acc71 return_bits=0 value3=0 null_mask=0 text_hex=-
reply request=409 opcode=18 status=0 bytes=128 sha256=c8a63a3361199b58ec2fb3a6808e60ae54adf26a4abf4afe7ccae14e0acda748 return_bits=0 value3=0 null_mask=0 text_hex=-
reply request=410 opcode=3 status=0 bytes=128 sha256=25d7d6b2f961b83577e590cfc14ca28493245b7df90fb01f289477cea1652e8a return_bits=0 value3=0 null_mask=0 text_hex=-
sample_identity allocation=135 kind=2 slot=2 generation=135
reply request=411 opcode=7 status=0 bytes=128 sha256=91f04103161bb3fa286f5ba0875b3da88541da240b181ab4fc4ee171ef7594e6 return_bits=0 value3=0 null_mask=0 text_hex=-
reply request=412 opcode=18 status=0 bytes=128 sha256=3935183fe9dbc05c514eb476a0d768bbfa0e87eb7795b22c2b733f7da66eb953 return_bits=0 value3=0 null_mask=0 text_hex=-
reply request=413 opcode=3 status=0 bytes=128 sha256=61109453b930728ea4bf42b081507dad0f6a70f5b897faef7829da41521025df return_bits=0 value3=0 null_mask=0 text_hex=-
sample_identity allocation=136 kind=2 slot=2 generation=136
reply request=414 opcode=7 status=0 bytes=128 sha256=00dbe3b9fd30ebb8e6fe79d66f4e639acefd43a063ccc95d1c57661cceab5654 return_bits=0 value3=0 null_mask=0 text_hex=-
reply request=415 opcode=18 status=0 bytes=128 sha256=a3c9a4f192c98491137f741e9934edc44e7c5aa331100fb87598876f7d240517 return_bits=0 value3=0 null_mask=0 text_hex=-
reply request=416 opcode=3 status=0 bytes=128 sha256=898e0190b11b7ffb77345c8230a597827aff3f0e726d99c7b8ccdfa75bebd309 return_bits=0 value3=0 null_mask=0 text_hex=-
sample_identity allocation=137 kind=2 slot=2 generation=137
reply request=417 opcode=7 status=0 bytes=128 sha256=4b424adbe0f62a13176a70cdae0ba907e2cb914cbe3da1e3f40cbd7d87e53bf5 return_bits=0 value3=0 null_mask=0 text_hex=-
reply request=418 opcode=18 status=0 bytes=128 sha256=8c4c38023b75e92fc9aad28f755edd80a4922c2a79173796906be8f57405f9cb return_bits=0 value3=0 null_mask=0 text_hex=-
reply request=419 opcode=3 status=0 bytes=128 sha256=356756c56578059acafabcbb6efaf5c6eecb6d312a818a3663f63d41b8e91346 return_bits=0 value3=0 null_mask=0 text_hex=-
sample_identity allocation=138 kind=2 slot=2 generation=138
reply request=420 opcode=7 status=0 bytes=128 sha256=45e5541694ab7c2fa1127613b448bd7b6cdffb516dd5d54da943042c0dfb986e return_bits=0 value3=0 null_mask=0 text_hex=-
reply request=421 opcode=18 status=0 bytes=128 sha256=216944976db4931565be421df114780b2f0aa2c3650d1e3a4919f25d16d90649 return_bits=0 value3=0 null_mask=0 text_hex=-
reply request=422 opcode=3 status=0 bytes=128 sha256=2259b26896d4554d90a44edfe9bc4b4fa97ed1451479e2bd4c59906ec59efa48 return_bits=0 value3=0 null_mask=0 text_hex=-
sample_identity allocation=139 kind=2 slot=2 generation=139
reply request=423 opcode=7 status=0 bytes=128 sha256=723903765ceaeaf1fa41b3c66065823d62d5cd2880c870181ebbd352f875ef58 return_bits=0 value3=0 null_mask=0 text_hex=-
reply request=424 opcode=18 status=0 bytes=128 sha256=894f431c7b53e77d2738a3cbbbbb827459a47013ffc8c829fa3c6bd73ce7fdb9 return_bits=0 value3=0 null_mask=0 text_hex=-
reply request=425 opcode=3 status=0 bytes=128 sha256=7bbb7f06447ee7674a406ac70f795ce943cfff95e1b3a0571f60f37dc3fb995a return_bits=0 value3=0 null_mask=0 text_hex=-
sample_identity allocation=140 kind=2 slot=2 generation=140
reply request=426 opcode=7 status=0 bytes=128 sha256=26b15845e01b9e63746aa50a5ff85dabfd0d7655aac471dec147ad94d3513d9f return_bits=0 value3=0 null_mask=0 text_hex=-
reply request=427 opcode=18 status=0 bytes=128 sha256=6be92a73ad1f2e12d3076dbca2892f520f65dffdeb3c30698eb4a47e0bc3cf05 return_bits=0 value3=0 null_mask=0 text_hex=-
reply request=428 opcode=3 status=0 bytes=128 sha256=c76119e2db1b39f3f75f1091f74daad3bcf3086d4a99ca8d4b6db160898b56a9 return_bits=0 value3=0 null_mask=0 text_hex=-
sample_identity allocation=141 kind=2 slot=2 generation=141
reply request=429 opcode=7 status=0 bytes=128 sha256=1fd3d1fcc443897bf404eacb9f016b1fbc65629fbfea28c8a1ecf5ff0089bf22 return_bits=0 value3=0 null_mask=0 text_hex=-
reply request=430 opcode=18 status=0 bytes=128 sha256=1a841792b242f6aabb44afed644e5fbb4a33c2e2de9b361722e277d3198bf220 return_bits=0 value3=0 null_mask=0 text_hex=-
reply request=431 opcode=3 status=0 bytes=128 sha256=1d67c63e83b40672843409150e2209f5c9efe4fafa790233f060bcee9c590822 return_bits=0 value3=0 null_mask=0 text_hex=-
sample_identity allocation=142 kind=2 slot=2 generation=142
reply request=432 opcode=7 status=0 bytes=128 sha256=6c1153521a9ed98f58c87b33a61acfed51b1f1fde617c93026e80569c14b7c37 return_bits=0 value3=0 null_mask=0 text_hex=-
reply request=433 opcode=18 status=0 bytes=128 sha256=71c6e5ddc8a3783ee8c796dfa9a074e9c2357dd1a0f45cb8c936c49a2e94053b return_bits=0 value3=0 null_mask=0 text_hex=-
reply request=434 opcode=3 status=0 bytes=128 sha256=8c683040b97d7e2f2378497df899c8666b8609e0b0bce73abf9a9f8a37927b76 return_bits=0 value3=0 null_mask=0 text_hex=-
sample_identity allocation=143 kind=2 slot=2 generation=143
reply request=435 opcode=7 status=0 bytes=128 sha256=d96d12c6310ae1c355870cf18a70b68e02bdf78e762c4864a908f2825e511f2b return_bits=0 value3=0 null_mask=0 text_hex=-
reply request=436 opcode=18 status=0 bytes=128 sha256=ca11313edb6298496b3712f93a05b184a898dc76ad08b2df5b84078e361db78b return_bits=0 value3=0 null_mask=0 text_hex=-
reply request=437 opcode=3 status=0 bytes=128 sha256=f6dd692261a3f909a274267c6f335b2f4d81f60d2582daa8f21c1eb685b10679 return_bits=0 value3=0 null_mask=0 text_hex=-
sample_identity allocation=144 kind=2 slot=2 generation=144
reply request=438 opcode=7 status=0 bytes=128 sha256=9fa0f436f68d474b69fe637b7029d3bd18afbe25d074f6a6ee569479c04a2270 return_bits=0 value3=0 null_mask=0 text_hex=-
reply request=439 opcode=18 status=0 bytes=128 sha256=46a456a3ea8cba41f8d8cd527f7102bfb74532e36989c41e65ceec45d1b082fa return_bits=0 value3=0 null_mask=0 text_hex=-
reply request=440 opcode=3 status=0 bytes=128 sha256=230915bc02b18c93456817396eabb28b697f1ea507c5d456248cfa7da462199a return_bits=0 value3=0 null_mask=0 text_hex=-
sample_identity allocation=145 kind=2 slot=2 generation=145
reply request=441 opcode=7 status=0 bytes=128 sha256=2d6fadd2512963276873997459ccf86314a0cabb37a0e90f0d5290e7bcd7380e return_bits=0 value3=0 null_mask=0 text_hex=-
reply request=442 opcode=18 status=0 bytes=128 sha256=625d4f823e4f354ddee59576776432fd012431fea18b3076c12a48a8826192ce return_bits=0 value3=0 null_mask=0 text_hex=-
reply request=443 opcode=3 status=0 bytes=128 sha256=18f8f681320877e7dc4c413dfb8d4492409758ff7fa1738e50271d213f60e0ca return_bits=0 value3=0 null_mask=0 text_hex=-
sample_identity allocation=146 kind=2 slot=2 generation=146
reply request=444 opcode=7 status=0 bytes=128 sha256=8a4cbdc86961413bc1088fa00cb49fd27e401e460b325cb14c0b07b359c03392 return_bits=0 value3=0 null_mask=0 text_hex=-
reply request=445 opcode=18 status=0 bytes=128 sha256=a2a21e3d34e3f6c1c52a2873e90c92fc74c5f6e771c09060c5ce7c5d81f27181 return_bits=0 value3=0 null_mask=0 text_hex=-
reply request=446 opcode=3 status=0 bytes=128 sha256=b4e31ad157021ebcb376992c9ce91878d54ca282bedca728b733357458b133b1 return_bits=0 value3=0 null_mask=0 text_hex=-
sample_identity allocation=147 kind=2 slot=2 generation=147
reply request=447 opcode=7 status=0 bytes=128 sha256=d70f6d2c6015c7b09cbd259fa480d819eacd2ff880876c832d779967e36ee3d6 return_bits=0 value3=0 null_mask=0 text_hex=-
reply request=448 opcode=18 status=0 bytes=128 sha256=d300eb06b03773cd45b6695b91525e755950458af27ce9e401a9fbfedc7576e6 return_bits=0 value3=0 null_mask=0 text_hex=-
reply request=449 opcode=3 status=0 bytes=128 sha256=3f11c78133b9483be41c2ad834c713b1327028fb1054809f837982b9f40cca88 return_bits=0 value3=0 null_mask=0 text_hex=-
sample_identity allocation=148 kind=2 slot=2 generation=148
reply request=450 opcode=7 status=0 bytes=128 sha256=98df57e1e7651920e5a86a0c4eceaa6aaecb042130cdb9e5be53915b5f71a37c return_bits=0 value3=0 null_mask=0 text_hex=-
reply request=451 opcode=18 status=0 bytes=128 sha256=19120766617a42e89519194b36e8dc0dbf91a36a1b425511d0df6818895f1ddf return_bits=0 value3=0 null_mask=0 text_hex=-
reply request=452 opcode=3 status=0 bytes=128 sha256=02d4346210c4aa6e9a445209c86ca6378d3a289547894ce6dade0f9233d3d43a return_bits=0 value3=0 null_mask=0 text_hex=-
sample_identity allocation=149 kind=2 slot=2 generation=149
reply request=453 opcode=7 status=0 bytes=128 sha256=ac0d9955fd625dd972cea8034c1fc94289d5a5a2c834708876bb7311a96f2615 return_bits=0 value3=0 null_mask=0 text_hex=-
reply request=454 opcode=18 status=0 bytes=128 sha256=ed689388ae4bc4ec371b47cb762557c1820cf20e098edda0290be0015f5829d5 return_bits=0 value3=0 null_mask=0 text_hex=-
reply request=455 opcode=3 status=0 bytes=128 sha256=586fd9b7d4a252b7772f2ec96bc75de35c5a60fb4ac6fdf5385d85081a74a62b return_bits=0 value3=0 null_mask=0 text_hex=-
sample_identity allocation=150 kind=2 slot=2 generation=150
reply request=456 opcode=7 status=0 bytes=128 sha256=61412d68cb43db87dfb9c5ad2443d0c6cf72ba3747ffc44122ef5c27551f1a1e return_bits=0 value3=0 null_mask=0 text_hex=-
reply request=457 opcode=18 status=0 bytes=128 sha256=3c6aac51a7c3adaba6921ceb69053428e38eab6e93cd4a3a5cc9a5fe4fd450da return_bits=0 value3=0 null_mask=0 text_hex=-
reply request=458 opcode=3 status=0 bytes=128 sha256=449907e3973e8c22738d39c035faf6f743ff3ffbfd4b9e7c24839d286f9aaaf1 return_bits=0 value3=0 null_mask=0 text_hex=-
sample_identity allocation=151 kind=2 slot=2 generation=151
reply request=459 opcode=7 status=0 bytes=128 sha256=dc9f9d63abd8bb8126c28e112c32b3fb8d714b5339365d4498f049a3780ab8a5 return_bits=0 value3=0 null_mask=0 text_hex=-
reply request=460 opcode=18 status=0 bytes=128 sha256=76e5c9526cccd9c0d754e74f5e6fd9a8de1075974168066db8ff456152d01f56 return_bits=0 value3=0 null_mask=0 text_hex=-
reply request=461 opcode=3 status=0 bytes=128 sha256=ed5c7936ef8aa4a4221a77f06581bc0888a0f4dd97c86c459368113d0b747d0b return_bits=0 value3=0 null_mask=0 text_hex=-
sample_identity allocation=152 kind=2 slot=2 generation=152
reply request=462 opcode=7 status=0 bytes=128 sha256=a3e91ae587f272eabfb66d1bed2a79835bc4f2bcdde6d2eae39681caf3d540c9 return_bits=0 value3=0 null_mask=0 text_hex=-
reply request=463 opcode=18 status=0 bytes=128 sha256=002678b6602ae193fc3f2e9627f0f6c4e7b29d530699bc014ca7eb624fcb3559 return_bits=0 value3=0 null_mask=0 text_hex=-
reply request=464 opcode=3 status=0 bytes=128 sha256=38b7b596b640d3d2f96762ee36a56a732530982e4fe68d8fc6cc7bd283181c80 return_bits=0 value3=0 null_mask=0 text_hex=-
sample_identity allocation=153 kind=2 slot=2 generation=153
reply request=465 opcode=7 status=0 bytes=128 sha256=960430ac551d5fa9c4bc802e6d8b5c7c9cdf6d739bb4fb28ceb4e558f3f17cf7 return_bits=0 value3=0 null_mask=0 text_hex=-
reply request=466 opcode=18 status=0 bytes=128 sha256=782b261fbfc1dbbad133ca6217f59c244931d85ca52fd0f7ef3ba6cec15323d1 return_bits=0 value3=0 null_mask=0 text_hex=-
reply request=467 opcode=3 status=0 bytes=128 sha256=81b0519c17bf37c3cb480ef14f7471f1935f2ca21d7cc94e07f4f0d24b89d9ca return_bits=0 value3=0 null_mask=0 text_hex=-
sample_identity allocation=154 kind=2 slot=2 generation=154
reply request=468 opcode=7 status=0 bytes=128 sha256=fdfcea5e1c399f5612fd8082e1b577cdb58aa6910936d17a6e76c0944ac5af5f return_bits=0 value3=0 null_mask=0 text_hex=-
reply request=469 opcode=18 status=0 bytes=128 sha256=b905d708061787b7e63975ecee275e0ffcb1dd146c08235b4917bf095570a6dd return_bits=0 value3=0 null_mask=0 text_hex=-
reply request=470 opcode=3 status=0 bytes=128 sha256=2042120c4c9897d6f9be89c74c3314315c5239337cc9259116fbdd9c7d14d216 return_bits=0 value3=0 null_mask=0 text_hex=-
sample_identity allocation=155 kind=2 slot=2 generation=155
reply request=471 opcode=7 status=0 bytes=128 sha256=1dfc9cccc38e2da1ed5bd19fef177803768525e0a97c8c40312bbc2dca0d4f6f return_bits=0 value3=0 null_mask=0 text_hex=-
reply request=472 opcode=18 status=0 bytes=128 sha256=f0978b001b176a051ab7cf83339197f81918adcd40a0568ee2613d00d53001a4 return_bits=0 value3=0 null_mask=0 text_hex=-
reply request=473 opcode=3 status=0 bytes=128 sha256=c7ad9b79b7fd14dcff16d33e113cc448fc6af9d41f87dfd79d9d62b6d400e80b return_bits=0 value3=0 null_mask=0 text_hex=-
sample_identity allocation=156 kind=2 slot=2 generation=156
reply request=474 opcode=7 status=0 bytes=128 sha256=c6577de9f1ef607e0c02be7b58802f570315c01abed64eb7e376892f7844080c return_bits=0 value3=0 null_mask=0 text_hex=-
reply request=475 opcode=18 status=0 bytes=128 sha256=6b1fecfb4d8ca3549930854c613585c6429a6c806880407bd76ff9c97af38e53 return_bits=0 value3=0 null_mask=0 text_hex=-
reply request=476 opcode=3 status=0 bytes=128 sha256=0ab26660b0468407c3ecc82e986c84ceb036ffefab190dde1d574a0dcab88969 return_bits=0 value3=0 null_mask=0 text_hex=-
sample_identity allocation=157 kind=2 slot=2 generation=157
reply request=477 opcode=7 status=0 bytes=128 sha256=b77dc37626e703c00fb820ff61575a52681c2dcb192c69288a219a91201fdc4b return_bits=0 value3=0 null_mask=0 text_hex=-
reply request=478 opcode=18 status=0 bytes=128 sha256=2aa69209064816122436b44060f523493510a8a6663a261a5212e674538dc73f return_bits=0 value3=0 null_mask=0 text_hex=-
reply request=479 opcode=3 status=0 bytes=128 sha256=a0b1faddc3bba6e6b067888ebe2767b01299021091d585eb6039029f3994157b return_bits=0 value3=0 null_mask=0 text_hex=-
sample_identity allocation=158 kind=2 slot=2 generation=158
reply request=480 opcode=7 status=0 bytes=128 sha256=bacd2295d2999754b2e0cf7957521c19bd41714856b8153ff25f60fcbe40231e return_bits=0 value3=0 null_mask=0 text_hex=-
reply request=481 opcode=18 status=0 bytes=128 sha256=dc67b3d48ee07bf5f85eb8b157675818fa5a5f60cdee796d4c64f0314ba7a1a9 return_bits=0 value3=0 null_mask=0 text_hex=-
reply request=482 opcode=3 status=0 bytes=128 sha256=dda59c5b0fdc731e9f87deaa48b57df0d8514b44d6f148628344b5e811d7acf7 return_bits=0 value3=0 null_mask=0 text_hex=-
sample_identity allocation=159 kind=2 slot=2 generation=159
reply request=483 opcode=7 status=0 bytes=128 sha256=ef888f92fb7f77a1c5c5b5b33d89ed455efa85d1633be757a0c4b50aabf621c5 return_bits=0 value3=0 null_mask=0 text_hex=-
reply request=484 opcode=18 status=0 bytes=128 sha256=cc0726a3acafe5f971b922f2fd26dea1aa6117c9db279c80896050b0c11b0bf4 return_bits=0 value3=0 null_mask=0 text_hex=-
reply request=485 opcode=3 status=0 bytes=128 sha256=c94333f786e87d4349a65a5a0ce0ca75f3f36f26629800f2a5846e6feb16316e return_bits=0 value3=0 null_mask=0 text_hex=-
sample_identity allocation=160 kind=2 slot=2 generation=160
reply request=486 opcode=7 status=0 bytes=128 sha256=3d84d60c487f3ca84a7071238b619b3fb091b7b488a2ee50186593e7069b9289 return_bits=0 value3=0 null_mask=0 text_hex=-
reply request=487 opcode=18 status=0 bytes=128 sha256=7d95e21ba41bd2fdab1cb462072ef4bb34e1b038418c42834c7ccf776ed485ab return_bits=0 value3=0 null_mask=0 text_hex=-
reply request=488 opcode=3 status=0 bytes=128 sha256=fad3d8c57537c0f56ac867c802202c38b399fed7473d4271183258afdced3883 return_bits=0 value3=0 null_mask=0 text_hex=-
sample_identity allocation=161 kind=2 slot=2 generation=161
reply request=489 opcode=7 status=0 bytes=128 sha256=796bced70f552ad3c87d82a767be6a60df794e2c78057d263a7e4c3d44f3fc27 return_bits=0 value3=0 null_mask=0 text_hex=-
reply request=490 opcode=18 status=0 bytes=128 sha256=ce4ea914ee4ed27a9daef83435537cd28377dca5a6d9e7c222c2ad3b5a328381 return_bits=0 value3=0 null_mask=0 text_hex=-
reply request=491 opcode=3 status=0 bytes=128 sha256=7b94165d196a58f1f271b0b475766f12d4aa2fa6ecf897d86f4e2e6ed4c9bac1 return_bits=0 value3=0 null_mask=0 text_hex=-
sample_identity allocation=162 kind=2 slot=2 generation=162
reply request=492 opcode=7 status=0 bytes=128 sha256=835a748aaaced00592302c3be0343abac58056a01f8be28ad58ea85ecba11014 return_bits=0 value3=0 null_mask=0 text_hex=-
reply request=493 opcode=18 status=0 bytes=128 sha256=5898389f4ce025abaa8b97cb44548da9d59622a7a8d5e0fbe8bb55fe82260770 return_bits=0 value3=0 null_mask=0 text_hex=-
reply request=494 opcode=3 status=0 bytes=128 sha256=9beb53b07f600721955506357c30dfc810df78bf10a82f1a27d12b8c13fe3889 return_bits=0 value3=0 null_mask=0 text_hex=-
sample_identity allocation=163 kind=2 slot=2 generation=163
reply request=495 opcode=7 status=0 bytes=128 sha256=43b81a535634edda7dab5677eeab020eb395d20b3b4a5b3ed267203f6f49a42e return_bits=0 value3=0 null_mask=0 text_hex=-
reply request=496 opcode=18 status=0 bytes=128 sha256=c826b7e19fdc343d8662df82e034ddb0fe9d1b6dc13929a47e49fdd4c18b9070 return_bits=0 value3=0 null_mask=0 text_hex=-
reply request=497 opcode=3 status=0 bytes=128 sha256=5a465ba833661e02aed6f2bd90ae63e8a8946ccfaf08de8a9ce615b0eb0c857d return_bits=0 value3=0 null_mask=0 text_hex=-
sample_identity allocation=164 kind=2 slot=2 generation=164
reply request=498 opcode=7 status=0 bytes=128 sha256=4348ff2647c433784e729a29e99227add3c8889ca4ca1fec2751c1880662c011 return_bits=0 value3=0 null_mask=0 text_hex=-
reply request=499 opcode=18 status=0 bytes=128 sha256=94ed88a86c76731f78164110839f374ab708f8a3470d29e32eb98cac1968ea1e return_bits=0 value3=0 null_mask=0 text_hex=-
reply request=500 opcode=3 status=0 bytes=128 sha256=3638a90e460dc8f1edbab9be1ecc5549e3f504563f52aacecc9eb71fe3ddf7e8 return_bits=0 value3=0 null_mask=0 text_hex=-
sample_identity allocation=165 kind=2 slot=2 generation=165
reply request=501 opcode=7 status=0 bytes=128 sha256=056608c7ed1af166718c29b079df988aace36ae5e6eecff52b5f0c8d5b493eab return_bits=0 value3=0 null_mask=0 text_hex=-
reply request=502 opcode=18 status=0 bytes=128 sha256=800d48aa408a8b58b9a50326aac7eaa0e222f9517260a79916f1e9796dc7e4db return_bits=0 value3=0 null_mask=0 text_hex=-
reply request=503 opcode=3 status=0 bytes=128 sha256=4dc5e0b0b0cb6aced585ab9714448b76fbaa3b6024d1dde98f3fc11a0eafd1e9 return_bits=0 value3=0 null_mask=0 text_hex=-
sample_identity allocation=166 kind=2 slot=2 generation=166
reply request=504 opcode=7 status=0 bytes=128 sha256=f238bd89294a49f24a3a2dad20e82e233ce2a9d5e2a2822468af1051d1431316 return_bits=0 value3=0 null_mask=0 text_hex=-
reply request=505 opcode=18 status=0 bytes=128 sha256=76f6918b031f6a5c99f1f61febe50aac1a7842ac35153036ded76012686ef980 return_bits=0 value3=0 null_mask=0 text_hex=-
reply request=506 opcode=3 status=0 bytes=128 sha256=082e7e829b0b49fc4306b958958c31ded82318ed3c645ac42d6e30e1db879b28 return_bits=0 value3=0 null_mask=0 text_hex=-
sample_identity allocation=167 kind=2 slot=2 generation=167
reply request=507 opcode=7 status=0 bytes=128 sha256=7822cd169e3feb330d7503a7b625a457a97aed01cc071ef5b95155f4936b9866 return_bits=0 value3=0 null_mask=0 text_hex=-
reply request=508 opcode=18 status=0 bytes=128 sha256=c6f22c65afe3a28e559b11ccddaf4a52e9e10d4ab3d2e20382e460e94183da89 return_bits=0 value3=0 null_mask=0 text_hex=-
reply request=509 opcode=3 status=0 bytes=128 sha256=281837b100d03f60342dcecf25f5597f1206003493613afe84a1139739a9a423 return_bits=0 value3=0 null_mask=0 text_hex=-
sample_identity allocation=168 kind=2 slot=2 generation=168
reply request=510 opcode=7 status=0 bytes=128 sha256=04f0a6565ab67572ec8ebfc139f6162aa995b077c1b2d86d7635ea0b71e6478a return_bits=0 value3=0 null_mask=0 text_hex=-
reply request=511 opcode=18 status=0 bytes=128 sha256=dbbfd873b60e938fc490bc2f15fdfa607a712ebf3d5ba3ab8248baa9a1b62d16 return_bits=0 value3=0 null_mask=0 text_hex=-
reply request=512 opcode=3 status=0 bytes=128 sha256=87b80f19d1aeb0327b6ca40b23b4f3227704b24c41a7e4e619a4c9b7eb84b338 return_bits=0 value3=0 null_mask=0 text_hex=-
sample_identity allocation=169 kind=2 slot=2 generation=169
reply request=513 opcode=7 status=0 bytes=128 sha256=bbe0014fad12622d7743398afd31e90c97fb27568c36bcc7e2c1ecf4f32d9a9d return_bits=0 value3=0 null_mask=0 text_hex=-
reply request=514 opcode=18 status=0 bytes=128 sha256=93993009c52aaa3def4201d764c6a37118864b4046b4e5b57e5387a6d13d2636 return_bits=0 value3=0 null_mask=0 text_hex=-
reply request=515 opcode=3 status=0 bytes=128 sha256=e1d1af0d24bd6c2982366f357592eb57b4ac4ecb2b72f3f1050dcbc70574aec8 return_bits=0 value3=0 null_mask=0 text_hex=-
sample_identity allocation=170 kind=2 slot=2 generation=170
reply request=516 opcode=7 status=0 bytes=128 sha256=c1e723c0ed6253eb3d20002a718d70cb78d3d491d3598ecbbe1d530c720360c6 return_bits=0 value3=0 null_mask=0 text_hex=-
reply request=517 opcode=18 status=0 bytes=128 sha256=afd2fe048257afe05d66893be309fb7cc9c79ca05512d5da8ba40f5a1ef6b229 return_bits=0 value3=0 null_mask=0 text_hex=-
reply request=518 opcode=3 status=0 bytes=128 sha256=7ddfcf4b25549a0a0acf5fe722ae813e980795a4854b99fbe9311ee78bac9624 return_bits=0 value3=0 null_mask=0 text_hex=-
sample_identity allocation=171 kind=2 slot=2 generation=171
reply request=519 opcode=7 status=0 bytes=128 sha256=0836d4428598441617a7ff60e5bbf18f65908c3b13ec9e81076de665fc1926d5 return_bits=0 value3=0 null_mask=0 text_hex=-
reply request=520 opcode=18 status=0 bytes=128 sha256=1452e98fa03a88a732a01ce39f525b6e999ba3f67a79ceca064fba1ed4e21ef4 return_bits=0 value3=0 null_mask=0 text_hex=-
reply request=521 opcode=3 status=0 bytes=128 sha256=abbecc8f4abee70e9c84e7cfe56986f638331baf20b43f3daba1d0953c08620e return_bits=0 value3=0 null_mask=0 text_hex=-
sample_identity allocation=172 kind=2 slot=2 generation=172
reply request=522 opcode=7 status=0 bytes=128 sha256=58382bb0eb4a0e9dfc88231ea0ce39a657e89aea61961ab406262632a6a8e49e return_bits=0 value3=0 null_mask=0 text_hex=-
reply request=523 opcode=18 status=0 bytes=128 sha256=83b39e28c88245dbc767c8b402f0187e983a7e87b83d5f0105286416f3ea3298 return_bits=0 value3=0 null_mask=0 text_hex=-
reply request=524 opcode=3 status=0 bytes=128 sha256=58b7ea0d6f8089365ee93da5492a6dbeaeaa2da7b61d82783b3cc296f5702019 return_bits=0 value3=0 null_mask=0 text_hex=-
sample_identity allocation=173 kind=2 slot=2 generation=173
reply request=525 opcode=7 status=0 bytes=128 sha256=01e83dd3d95c71648411fcf363b2521f8da303ea784f1ba0f31447bfd2ff4436 return_bits=0 value3=0 null_mask=0 text_hex=-
reply request=526 opcode=18 status=0 bytes=128 sha256=027d6998b917277bd5ed7ae67f72c1e805f7f75149516f14729848d9168c99f4 return_bits=0 value3=0 null_mask=0 text_hex=-
reply request=527 opcode=3 status=0 bytes=128 sha256=59e2317251958d49440172b39d6534c78420909e194930fe4106cd2132342b76 return_bits=0 value3=0 null_mask=0 text_hex=-
sample_identity allocation=174 kind=2 slot=2 generation=174
reply request=528 opcode=7 status=0 bytes=128 sha256=844a0931cbf16b4623f43ecc929337b77d8973adb69af998423480a81025be39 return_bits=0 value3=0 null_mask=0 text_hex=-
reply request=529 opcode=18 status=0 bytes=128 sha256=6076d3b86f98ce8f7baf6b6b07a2e5f384df2bdc69100603103cd8d2b4e93c33 return_bits=0 value3=0 null_mask=0 text_hex=-
reply request=530 opcode=3 status=0 bytes=128 sha256=b97166c47b9f4c3aad2208ab8d905ebe59f5caa76ff06bfb512fadf056bb2e4d return_bits=0 value3=0 null_mask=0 text_hex=-
sample_identity allocation=175 kind=2 slot=2 generation=175
reply request=531 opcode=7 status=0 bytes=128 sha256=b1e1e27ab509bde461ce684ed6d21f8ac6d800da3d89dc4ba0c423026473cc32 return_bits=0 value3=0 null_mask=0 text_hex=-
reply request=532 opcode=18 status=0 bytes=128 sha256=b9e84c3378dd5151f2a2ad692720b1210d5b5a780f4755b9e9e6f97d2ba1763e return_bits=0 value3=0 null_mask=0 text_hex=-
reply request=533 opcode=3 status=0 bytes=128 sha256=1dd469492db747e346924666f43d3a1bc580448625f6b8c8e089b434057a25c9 return_bits=0 value3=0 null_mask=0 text_hex=-
sample_identity allocation=176 kind=2 slot=2 generation=176
reply request=534 opcode=7 status=0 bytes=128 sha256=956bc6b5bb717b404d80b5c21ce58dc51f19d6362e4529fe407132cec5bbf831 return_bits=0 value3=0 null_mask=0 text_hex=-
reply request=535 opcode=18 status=0 bytes=128 sha256=3f53da761ff2d38cf2cb59ef30ab52ed8315cafcfca476134496fda253ea9d4d return_bits=0 value3=0 null_mask=0 text_hex=-
reply request=536 opcode=3 status=0 bytes=128 sha256=0d1a409c85fb42facca0672124d42657d107ec0a39f695d23988270474f37487 return_bits=0 value3=0 null_mask=0 text_hex=-
sample_identity allocation=177 kind=2 slot=2 generation=177
reply request=537 opcode=7 status=0 bytes=128 sha256=ea5bb93ab39191531d04f4d10c88ece75cac05793e53aa61f3874633192b455f return_bits=0 value3=0 null_mask=0 text_hex=-
reply request=538 opcode=18 status=0 bytes=128 sha256=308c19e10a25982f61ca028f5e9252d71c0e1e5c871a864b69bf4cace7677859 return_bits=0 value3=0 null_mask=0 text_hex=-
reply request=539 opcode=3 status=0 bytes=128 sha256=6df9dac87af5ee7ecde569587679aaf8ac39517d57734591716928ae055ca2d0 return_bits=0 value3=0 null_mask=0 text_hex=-
sample_identity allocation=178 kind=2 slot=2 generation=178
reply request=540 opcode=7 status=0 bytes=128 sha256=0333822a5f6116f6556b248c9097c4687d7daaacce15176b0259c6f4c5ac0742 return_bits=0 value3=0 null_mask=0 text_hex=-
reply request=541 opcode=18 status=0 bytes=128 sha256=3d05901b3c88cf110fad2574ba191b02871e773ccf7fbef31a3043ba166e8fc4 return_bits=0 value3=0 null_mask=0 text_hex=-
reply request=542 opcode=3 status=0 bytes=128 sha256=012c25a7997a4cc2ec96d5be238549cd5b1e4c3c91ee9b09c41f60467660fa65 return_bits=0 value3=0 null_mask=0 text_hex=-
sample_identity allocation=179 kind=2 slot=2 generation=179
reply request=543 opcode=7 status=0 bytes=128 sha256=e047c633d034db394e46ebf82919e324c461fa077008c187a5faa1c6a62df2e9 return_bits=0 value3=0 null_mask=0 text_hex=-
reply request=544 opcode=18 status=0 bytes=128 sha256=9a74002ebe4f885469b501a94d74b532c59b2026a0f12c28e1a611bc091992bd return_bits=0 value3=0 null_mask=0 text_hex=-
reply request=545 opcode=3 status=0 bytes=128 sha256=a55620f7e41e41678fc53e993883abb6c5ba8dff1bc3dc7d6e37f844c74c871f return_bits=0 value3=0 null_mask=0 text_hex=-
sample_identity allocation=180 kind=2 slot=2 generation=180
reply request=546 opcode=7 status=0 bytes=128 sha256=e34712438d419fb3c2c96876165c1ff86607cfecfb3b9f14e37b5adf4ebedc54 return_bits=0 value3=0 null_mask=0 text_hex=-
reply request=547 opcode=18 status=0 bytes=128 sha256=66e21ffd3b3e51beeb35bb739a09ef3035257b0b7a8b532151662bc9b04235d4 return_bits=0 value3=0 null_mask=0 text_hex=-
reply request=548 opcode=3 status=0 bytes=128 sha256=9a8359685810479163ec0424a5b0de7c684cd1ad414993b251aa11d03653058d return_bits=0 value3=0 null_mask=0 text_hex=-
sample_identity allocation=181 kind=2 slot=2 generation=181
reply request=549 opcode=7 status=0 bytes=128 sha256=a3a1d69250c27fcb7a95f7079ff36c3be6b740f0144b0eadeeff26be19da3990 return_bits=0 value3=0 null_mask=0 text_hex=-
reply request=550 opcode=18 status=0 bytes=128 sha256=2e26ac9ac1f35047df4600f82e42ec97946bb9211812eea5b1e96549ab7f1460 return_bits=0 value3=0 null_mask=0 text_hex=-
reply request=551 opcode=3 status=0 bytes=128 sha256=3d150b71dabdf2e154c0bd0b992cefee24082123bc1ccb9e359628c5c4fa2312 return_bits=0 value3=0 null_mask=0 text_hex=-
sample_identity allocation=182 kind=2 slot=2 generation=182
reply request=552 opcode=7 status=0 bytes=128 sha256=d262cbd85cd649e11081e067451656cbfbdcda2023996132d47a14f78d7d5bc8 return_bits=0 value3=0 null_mask=0 text_hex=-
reply request=553 opcode=18 status=0 bytes=128 sha256=3ac45f212ce4e631f17ad2a600c2a335b5596690b0f1bb4c192e7e786d2c4856 return_bits=0 value3=0 null_mask=0 text_hex=-
reply request=554 opcode=3 status=0 bytes=128 sha256=2d4a63517300b16223c26a9d7b8b88788273c09791e117e36f8cc039f97906e9 return_bits=0 value3=0 null_mask=0 text_hex=-
sample_identity allocation=183 kind=2 slot=2 generation=183
reply request=555 opcode=7 status=0 bytes=128 sha256=5a819e0e2bc012adfbdb2e20f8d046f14645812da8212a9acbf9e59398660203 return_bits=0 value3=0 null_mask=0 text_hex=-
reply request=556 opcode=18 status=0 bytes=128 sha256=606e5800e9c9e9eb66afd44edd3b364c859f44f7bc9522fdc3d06e8266289701 return_bits=0 value3=0 null_mask=0 text_hex=-
reply request=557 opcode=3 status=0 bytes=128 sha256=7987ae1a5cfdb28bea2464c1600ac88b44951925d2425617cb1d778e3b5d46ff return_bits=0 value3=0 null_mask=0 text_hex=-
sample_identity allocation=184 kind=2 slot=2 generation=184
reply request=558 opcode=7 status=0 bytes=128 sha256=de979c971ab20114edff879681f834460f16381feb065eb163d6275276db7193 return_bits=0 value3=0 null_mask=0 text_hex=-
reply request=559 opcode=18 status=0 bytes=128 sha256=829808b42aaac0a77d9e5efef4870070e063a2f3e4d83aa7923e5d30c564b094 return_bits=0 value3=0 null_mask=0 text_hex=-
reply request=560 opcode=3 status=0 bytes=128 sha256=8a893b71fc9c1d2d70ebbd67b4cedbdc7e824de21e7f941f67318ec6671d334d return_bits=0 value3=0 null_mask=0 text_hex=-
sample_identity allocation=185 kind=2 slot=2 generation=185
reply request=561 opcode=7 status=0 bytes=128 sha256=0519c929b4639507202dce2a95f3c7e1fcbead97c60057da0c123b329154a499 return_bits=0 value3=0 null_mask=0 text_hex=-
reply request=562 opcode=18 status=0 bytes=128 sha256=3e8ef94092da2559d61ccb6af4797f6f26865af614a9773ef28c8e0d7ac1751c return_bits=0 value3=0 null_mask=0 text_hex=-
reply request=563 opcode=3 status=0 bytes=128 sha256=c4b044bb0b8bfa873a06f45e732b28c7b64fcb43b6a9b31b0443f24c0a36503f return_bits=0 value3=0 null_mask=0 text_hex=-
sample_identity allocation=186 kind=2 slot=2 generation=186
reply request=564 opcode=7 status=0 bytes=128 sha256=476ec5aaff31df2b5c8d0f37ec4accb4b6f678c266e3b121a976d26fb3197942 return_bits=0 value3=0 null_mask=0 text_hex=-
reply request=565 opcode=18 status=0 bytes=128 sha256=c42cecd53552628f8eb906de2f96f57e63b92181e38e8836bd863be657412a86 return_bits=0 value3=0 null_mask=0 text_hex=-
reply request=566 opcode=3 status=0 bytes=128 sha256=068153f3ec7615b4b00830ddfbb08e31611bf35df622cbbd248c9158dbcda816 return_bits=0 value3=0 null_mask=0 text_hex=-
sample_identity allocation=187 kind=2 slot=2 generation=187
reply request=567 opcode=7 status=0 bytes=128 sha256=11233ba67dc0550c71aea74b052ea52fcf416d9c3b7bebbb9918a5a2a55ba85a return_bits=0 value3=0 null_mask=0 text_hex=-
reply request=568 opcode=18 status=0 bytes=128 sha256=f77a53cc0959184e822a8096de2687c746f14ab97371b3bba22648df84b60d81 return_bits=0 value3=0 null_mask=0 text_hex=-
reply request=569 opcode=3 status=0 bytes=128 sha256=f288e6b1d1dfb4ae30d9b48c6db4f7a175ed213163b755cbe64bb22cbcd7aad4 return_bits=0 value3=0 null_mask=0 text_hex=-
sample_identity allocation=188 kind=2 slot=2 generation=188
reply request=570 opcode=7 status=0 bytes=128 sha256=be5e772565b9484f4340b7f708d19af7e5447b7ce94cd4457bd61a2d03e88112 return_bits=0 value3=0 null_mask=0 text_hex=-
reply request=571 opcode=18 status=0 bytes=128 sha256=f737d398f66ce62907bbec9ee00b98996144854e440aaae5ce25e7d1d358bb9f return_bits=0 value3=0 null_mask=0 text_hex=-
reply request=572 opcode=3 status=0 bytes=128 sha256=44d66328b4cdf3e3f3c6d74a5f4cf6b73e099e06c0c3955d909131e6b5956791 return_bits=0 value3=0 null_mask=0 text_hex=-
sample_identity allocation=189 kind=2 slot=2 generation=189
reply request=573 opcode=7 status=0 bytes=128 sha256=c8643a06ed4b38bc0648b374bd9cdd8f83b29b4a017bd9af960f3394ee9d1a51 return_bits=0 value3=0 null_mask=0 text_hex=-
reply request=574 opcode=18 status=0 bytes=128 sha256=3184b716e48dc9846af1fb0e1e3c4c777f46da272872f0a1d884e383c491d3bf return_bits=0 value3=0 null_mask=0 text_hex=-
reply request=575 opcode=3 status=0 bytes=128 sha256=7574179343f6ea67854c48a01cd3dba776184d992214edb2f4c00d431d107372 return_bits=0 value3=0 null_mask=0 text_hex=-
sample_identity allocation=190 kind=2 slot=2 generation=190
reply request=576 opcode=7 status=0 bytes=128 sha256=e9976ea39f3b4150346e0df9adb028a6c1bbb4cbec1f0a9690855d8156b835fd return_bits=0 value3=0 null_mask=0 text_hex=-
reply request=577 opcode=18 status=0 bytes=128 sha256=451bd335813badb7b1871d540d3feff4485cdd7d4a41a88efebe76b94073c6b5 return_bits=0 value3=0 null_mask=0 text_hex=-
reply request=578 opcode=3 status=0 bytes=128 sha256=fa2fd29b1a69892051ceaffa530ee1004cd77e4db07b476bc2a72db03c7c4a31 return_bits=0 value3=0 null_mask=0 text_hex=-
sample_identity allocation=191 kind=2 slot=2 generation=191
reply request=579 opcode=7 status=0 bytes=128 sha256=106fc6b66f89312b3b05dfe497e6549bc6eda624ceb1610f2db2bf346f3cef6a return_bits=0 value3=0 null_mask=0 text_hex=-
reply request=580 opcode=18 status=0 bytes=128 sha256=4d7aae19a945617d9927edbe8f554b5bcd1d53f397da28484645d28e3fb9c514 return_bits=0 value3=0 null_mask=0 text_hex=-
reply request=581 opcode=3 status=0 bytes=128 sha256=75779ea7720bb59f730c8be89ee300be0c8b9fb55e2b1118887445bed3a68bb7 return_bits=0 value3=0 null_mask=0 text_hex=-
sample_identity allocation=192 kind=2 slot=2 generation=192
reply request=582 opcode=7 status=0 bytes=128 sha256=0008efe1cdcba8ff3d1f27a5b141afa60efd68272c7380123e476cb502107d51 return_bits=0 value3=0 null_mask=0 text_hex=-
reply request=583 opcode=18 status=0 bytes=128 sha256=d419b081993b242a89b1ec48c5ca3f8471cf81e19f78b87c203ba219fc5115e0 return_bits=0 value3=0 null_mask=0 text_hex=-
reply request=584 opcode=3 status=0 bytes=128 sha256=2f32a372c9c78cd85a349bfb1b09fd14de40a65f0bba6620b603d840a00034fc return_bits=0 value3=0 null_mask=0 text_hex=-
sample_identity allocation=193 kind=2 slot=2 generation=193
reply request=585 opcode=7 status=0 bytes=128 sha256=edcd159a268539b510df4e82997ba7cef2162ee145dd83706529a7b7195c614f return_bits=0 value3=0 null_mask=0 text_hex=-
reply request=586 opcode=18 status=0 bytes=128 sha256=38febc6b04e0d68d09cff849f234a9fd464d79a3350ffbcbdd7798410c6e9c04 return_bits=0 value3=0 null_mask=0 text_hex=-
reply request=587 opcode=3 status=0 bytes=128 sha256=d4e6c12d202de432300fa6fc603858929a98a3a6a91bea02adba24a691c20a87 return_bits=0 value3=0 null_mask=0 text_hex=-
sample_identity allocation=194 kind=2 slot=2 generation=194
reply request=588 opcode=7 status=0 bytes=128 sha256=f242f2b58c65ab4bf9e5c47b971969ba5c53409083916afc14e98300052585b1 return_bits=0 value3=0 null_mask=0 text_hex=-
reply request=589 opcode=18 status=0 bytes=128 sha256=bb878ace2fbedd90e1bf77ac0f9db082568a66e9cd63edcc70d0706d0e90d662 return_bits=0 value3=0 null_mask=0 text_hex=-
reply request=590 opcode=3 status=0 bytes=128 sha256=d42f3c5f0e8ebd21b8973faafd9e9b7ee84e5164fbb80540d9dd2ec3b1e0e2d1 return_bits=0 value3=0 null_mask=0 text_hex=-
sample_identity allocation=195 kind=2 slot=2 generation=195
reply request=591 opcode=7 status=0 bytes=128 sha256=68bae84fcdc95a118bfb6c03efe19897a59777abbbc6b7e59848a01151e280d3 return_bits=0 value3=0 null_mask=0 text_hex=-
reply request=592 opcode=18 status=0 bytes=128 sha256=6b56da99dc7d82e5a7ce272c459728465fd3b6168bb918e3a170a6ec809c7b21 return_bits=0 value3=0 null_mask=0 text_hex=-
reply request=593 opcode=3 status=0 bytes=128 sha256=83d341d08103d5d9bc335c7be35144e359e56bfd4d7ca8950301b9a5007beb09 return_bits=0 value3=0 null_mask=0 text_hex=-
sample_identity allocation=196 kind=2 slot=2 generation=196
reply request=594 opcode=7 status=0 bytes=128 sha256=91bf47607d546f0e5ef3428bb6bb77bebbc13652c68ec885108db39612d6b3f1 return_bits=0 value3=0 null_mask=0 text_hex=-
reply request=595 opcode=18 status=0 bytes=128 sha256=47535c7c515530964c7ee2567dbb5533d57e9b697a665ae9a9bc254c19df142e return_bits=0 value3=0 null_mask=0 text_hex=-
reply request=596 opcode=3 status=0 bytes=128 sha256=9b563727ada95fac51722a632e245b9f23d88fc276c3cd6b95c9a12b72e9ec7a return_bits=0 value3=0 null_mask=0 text_hex=-
sample_identity allocation=197 kind=2 slot=2 generation=197
reply request=597 opcode=7 status=0 bytes=128 sha256=75f1bbf5a526904007441facbcaefb1bf6fe1beb6eacbbe3c7f9f27000ec2c71 return_bits=0 value3=0 null_mask=0 text_hex=-
reply request=598 opcode=18 status=0 bytes=128 sha256=0fad1fc11ef5642143eec4497f49e26f722c6f9c4792c31cfd51f9e91263fc54 return_bits=0 value3=0 null_mask=0 text_hex=-
reply request=599 opcode=3 status=0 bytes=128 sha256=4d6fe71f975540a3fac76369f7cfcf5efc0bb34aa29399a8fc6794665325ffa4 return_bits=0 value3=0 null_mask=0 text_hex=-
sample_identity allocation=198 kind=2 slot=2 generation=198
reply request=600 opcode=7 status=0 bytes=128 sha256=43aead5e8e9ba2d33d0705d1707fdc17829ef2345707fd852fbc7190fca4975c return_bits=0 value3=0 null_mask=0 text_hex=-
reply request=601 opcode=18 status=0 bytes=128 sha256=2bf89c8ef28dd5fc5b8749bbc3a57cf44bea19a3b998ed7dd94c0df6ea912009 return_bits=0 value3=0 null_mask=0 text_hex=-
reply request=602 opcode=3 status=0 bytes=128 sha256=b6ed5f95ba29ec286daa74a360ec3f6885768d156d1350c44be393cd8cebfb9b return_bits=0 value3=0 null_mask=0 text_hex=-
sample_identity allocation=199 kind=2 slot=2 generation=199
reply request=603 opcode=7 status=0 bytes=128 sha256=dab6466682acb7f79fb22ef02c7e6ad45f25533e225120a8f33e3c69dddff8b3 return_bits=0 value3=0 null_mask=0 text_hex=-
reply request=604 opcode=18 status=0 bytes=128 sha256=0bfd86b1d4e433a3dc1eb4a0e8089d818ae2ac0af3893f2890e9594de8666b0e return_bits=0 value3=0 null_mask=0 text_hex=-
reply request=605 opcode=3 status=0 bytes=128 sha256=90e41058262f812158cf6d77a974b874f1c1c2fb418bc63c296ebcca94078c40 return_bits=0 value3=0 null_mask=0 text_hex=-
sample_identity allocation=200 kind=2 slot=2 generation=200
reply request=606 opcode=7 status=0 bytes=128 sha256=6dbd76e3823938bd31d54063e612d9f4318f5a1814934b7d737b95bb10de8360 return_bits=0 value3=0 null_mask=0 text_hex=-
reply request=607 opcode=18 status=0 bytes=128 sha256=2067f0d7f81b95e3ad67c39bc37777092deacedacf513eeb73f78209d2691d97 return_bits=0 value3=0 null_mask=0 text_hex=-
reply request=608 opcode=3 status=0 bytes=128 sha256=ef621bb14f08162f269f08fb2fc23893461f884343de5d212274bd3013220e0e return_bits=0 value3=0 null_mask=0 text_hex=-
sample_identity allocation=201 kind=2 slot=2 generation=201
reply request=609 opcode=7 status=0 bytes=128 sha256=315781e8e29d7c97acb71c9f35f53343e4fba0f472bf71047aa2a7d1d5faa505 return_bits=0 value3=0 null_mask=0 text_hex=-
reply request=610 opcode=18 status=0 bytes=128 sha256=3f853504b3403f5ee5ac42e2770ce84535d9f46f6c544dbe739ea7786c88ab80 return_bits=0 value3=0 null_mask=0 text_hex=-
reply request=611 opcode=3 status=0 bytes=128 sha256=5fc5bdf3aa8f5d8aa963b3e5efe3ca0719db2ed07944e409a1398c6f43ee63e3 return_bits=0 value3=0 null_mask=0 text_hex=-
sample_identity allocation=202 kind=2 slot=2 generation=202
reply request=612 opcode=7 status=0 bytes=128 sha256=e61f2527d4a5e7ad348934d4872a00ffc6f417d29e5fc6e6932cbf59e35a2415 return_bits=0 value3=0 null_mask=0 text_hex=-
reply request=613 opcode=18 status=0 bytes=128 sha256=d20aaafd81748b790ab793d4793a3c2ebbc7e574d46b69d3d7f2049a6fd70c18 return_bits=0 value3=0 null_mask=0 text_hex=-
reply request=614 opcode=3 status=0 bytes=128 sha256=0bd2d42ab47352b8f9b3b55217e8e95bfe970e64a8f5785575c28460ca05d6aa return_bits=0 value3=0 null_mask=0 text_hex=-
sample_identity allocation=203 kind=2 slot=2 generation=203
reply request=615 opcode=7 status=0 bytes=128 sha256=0ef1b99b20505787db97a87d50e6cb10109f66e0f18d9b02d44317ce5924f137 return_bits=0 value3=0 null_mask=0 text_hex=-
reply request=616 opcode=18 status=0 bytes=128 sha256=45e26881797baca3df0ba17084f08cac347b16e510d8b59301c71ce199ca2216 return_bits=0 value3=0 null_mask=0 text_hex=-
reply request=617 opcode=3 status=0 bytes=128 sha256=b1a79317860008e8ad5422d749e96e5dad945d57ae90f85bacab66b586192d35 return_bits=0 value3=0 null_mask=0 text_hex=-
sample_identity allocation=204 kind=2 slot=2 generation=204
reply request=618 opcode=7 status=0 bytes=128 sha256=af1a3f6c6d212d3a257891992796c1e57988d2bf6724f0017a1039182c09a8ae return_bits=0 value3=0 null_mask=0 text_hex=-
reply request=619 opcode=18 status=0 bytes=128 sha256=53f21a7d8aa74064ba0e6555ec389c0654441b96a2830509dfdc94a52991bcca return_bits=0 value3=0 null_mask=0 text_hex=-
reply request=620 opcode=3 status=0 bytes=128 sha256=123b4a24d724ee40e9ef9a830543078dad69f70d51017e376970f967ab9ea560 return_bits=0 value3=0 null_mask=0 text_hex=-
sample_identity allocation=205 kind=2 slot=2 generation=205
reply request=621 opcode=7 status=0 bytes=128 sha256=66e2449f87775463e0922467f6adeeded02d5bc3f31f41666aab784548492434 return_bits=0 value3=0 null_mask=0 text_hex=-
reply request=622 opcode=18 status=0 bytes=128 sha256=21de518c3b5d691149ee48cf5dad8dde0cc94e4257912b4afb9d7627b5d04c3d return_bits=0 value3=0 null_mask=0 text_hex=-
reply request=623 opcode=3 status=0 bytes=128 sha256=2a979070903451059058df8e5002c9a261594fe1a8bc9a036fe6ca4cce087435 return_bits=0 value3=0 null_mask=0 text_hex=-
sample_identity allocation=206 kind=2 slot=2 generation=206
reply request=624 opcode=7 status=0 bytes=128 sha256=599928fa51f78efc90551246dd38281e8bc52f29f887ca0c66c5faf2d0fff98c return_bits=0 value3=0 null_mask=0 text_hex=-
reply request=625 opcode=18 status=0 bytes=128 sha256=0e32a11608495be713df358c7053b7db4ebb14bcbad5e161666d4d141f89457e return_bits=0 value3=0 null_mask=0 text_hex=-
reply request=626 opcode=3 status=0 bytes=128 sha256=08964e0713d94f47209416336bc286ddfd31bdeecd9eb4c432ccb2f295bde1bc return_bits=0 value3=0 null_mask=0 text_hex=-
sample_identity allocation=207 kind=2 slot=2 generation=207
reply request=627 opcode=7 status=0 bytes=128 sha256=823dae3cbefd5888fca9d325315866aec08e888a3460a395f91b3f37fcc648ae return_bits=0 value3=0 null_mask=0 text_hex=-
reply request=628 opcode=18 status=0 bytes=128 sha256=7c96a5043c0c44239c920db9409c28dba03ae382de09e33fbb1174624add4ff5 return_bits=0 value3=0 null_mask=0 text_hex=-
reply request=629 opcode=3 status=0 bytes=128 sha256=e7149e53fdce6c074ad5cce0a815c7682aee251e302c0e86c43bb4ea3bd4ed08 return_bits=0 value3=0 null_mask=0 text_hex=-
sample_identity allocation=208 kind=2 slot=2 generation=208
reply request=630 opcode=7 status=0 bytes=128 sha256=b84c2121f5f47a2d6a6aebeb38055d5c6d21240b8a3fedb39fe12f1cd1a73659 return_bits=0 value3=0 null_mask=0 text_hex=-
reply request=631 opcode=18 status=0 bytes=128 sha256=20b8ae16f30631a50edf2f764515ee4dec2812d035b65f7b14fb45a220dfa824 return_bits=0 value3=0 null_mask=0 text_hex=-
reply request=632 opcode=3 status=0 bytes=128 sha256=b5cd0c766af5e721979164c14e57ed4bef3aee458fd678cd59ceae0509cf6999 return_bits=0 value3=0 null_mask=0 text_hex=-
sample_identity allocation=209 kind=2 slot=2 generation=209
reply request=633 opcode=7 status=0 bytes=128 sha256=c24c320e56af7af90433a74aa099e0409d72897fe7c5834eccaedd17a0a36d08 return_bits=0 value3=0 null_mask=0 text_hex=-
reply request=634 opcode=18 status=0 bytes=128 sha256=ab03203b0a94bde937d77e24d9138602c759d2d9132aef9c434ea3b12e8ad17c return_bits=0 value3=0 null_mask=0 text_hex=-
reply request=635 opcode=3 status=0 bytes=128 sha256=dd370b62ac550f03552e4b7b112ff2d9be9f9dd41977b8291ad328219708e345 return_bits=0 value3=0 null_mask=0 text_hex=-
sample_identity allocation=210 kind=2 slot=2 generation=210
reply request=636 opcode=7 status=0 bytes=128 sha256=b650bf00f396f12987c0665a4c750cf812f908a8b98727072bf555b5b8371487 return_bits=0 value3=0 null_mask=0 text_hex=-
reply request=637 opcode=18 status=0 bytes=128 sha256=683e3d5768a53a16608bc63f0e348904ac30a0c3b2bd2e8c4f56ea847f809213 return_bits=0 value3=0 null_mask=0 text_hex=-
reply request=638 opcode=3 status=0 bytes=128 sha256=696dde0246c36db2e7cb966e46bd16d70ddefd1b0a11b6b9be30101e6380a216 return_bits=0 value3=0 null_mask=0 text_hex=-
sample_identity allocation=211 kind=2 slot=2 generation=211
reply request=639 opcode=7 status=0 bytes=128 sha256=359125d29295f016776712740b63a12a64eee3f718d10cca6e52043d01999cd0 return_bits=0 value3=0 null_mask=0 text_hex=-
reply request=640 opcode=18 status=0 bytes=128 sha256=2140938b0e2027a355ecfe2585a9c5eddd2556be287dc1954bb262a4e23d784f return_bits=0 value3=0 null_mask=0 text_hex=-
reply request=641 opcode=3 status=0 bytes=128 sha256=8b4c0011f9ebe8016d7fc04c6d35b01b1f3df5db0575fbb940a524a97fc1b1fe return_bits=0 value3=0 null_mask=0 text_hex=-
sample_identity allocation=212 kind=2 slot=2 generation=212
reply request=642 opcode=7 status=0 bytes=128 sha256=1719733960403fb78d53ec69f682fc05ecf58e28d3c063acaec48eaf1fb93471 return_bits=0 value3=0 null_mask=0 text_hex=-
reply request=643 opcode=18 status=0 bytes=128 sha256=f447a25cba8b6e2acb5a2c051cc278b9dc046bab5091b4c33f65f81c88768320 return_bits=0 value3=0 null_mask=0 text_hex=-
reply request=644 opcode=3 status=0 bytes=128 sha256=3986cc32c00d09002f798597efc4e35a25649182484c157140bb20d84639617a return_bits=0 value3=0 null_mask=0 text_hex=-
sample_identity allocation=213 kind=2 slot=2 generation=213
reply request=645 opcode=7 status=0 bytes=128 sha256=90671367e988af0befe59f1d8ba5fe0cc1b3086a814e33fca1b9f83fbb481032 return_bits=0 value3=0 null_mask=0 text_hex=-
reply request=646 opcode=18 status=0 bytes=128 sha256=512eb94f0cd0348346d65d945d5e9a4c6d31511d80592356e07d9b396ddc22aa return_bits=0 value3=0 null_mask=0 text_hex=-
reply request=647 opcode=3 status=0 bytes=128 sha256=31773683793b7819de0c25c5102f88a65a08a40440db99e0e6c2526d3a8e356c return_bits=0 value3=0 null_mask=0 text_hex=-
sample_identity allocation=214 kind=2 slot=2 generation=214
reply request=648 opcode=7 status=0 bytes=128 sha256=6b5a327190e836f7de89bac2774ffd09cf85bad5feef45d9c388b22cc37e4436 return_bits=0 value3=0 null_mask=0 text_hex=-
reply request=649 opcode=18 status=0 bytes=128 sha256=f247cd35edc0ffa4ffe6c9dfa7946cb8d5537ed4c89252018a94044fcb0f5a47 return_bits=0 value3=0 null_mask=0 text_hex=-
reply request=650 opcode=3 status=0 bytes=128 sha256=ee64ca042981c63d657ed0b9171aa456d6ffad83a5514292d038f04abd7525b2 return_bits=0 value3=0 null_mask=0 text_hex=-
sample_identity allocation=215 kind=2 slot=2 generation=215
reply request=651 opcode=7 status=0 bytes=128 sha256=0fef636ec054bd2558c8b4921d2c5ad48a5595dc12e17baa76c14663a6e4f29c return_bits=0 value3=0 null_mask=0 text_hex=-
reply request=652 opcode=18 status=0 bytes=128 sha256=e5142d384646c34c9080b4d7bbe5fbc0e5b7615ae641bb6e72330d198843b7b1 return_bits=0 value3=0 null_mask=0 text_hex=-
reply request=653 opcode=3 status=0 bytes=128 sha256=a7e4a6d7199b773a0c7e33d7b9fc38df5c94c7b083426046e8fc1f3232b34bbb return_bits=0 value3=0 null_mask=0 text_hex=-
sample_identity allocation=216 kind=2 slot=2 generation=216
reply request=654 opcode=7 status=0 bytes=128 sha256=bf8718b83e96a8cec753d1b873933d1061cddb7505bd6c8e06876d976df5a384 return_bits=0 value3=0 null_mask=0 text_hex=-
reply request=655 opcode=18 status=0 bytes=128 sha256=963dfa715152c4c434e9cd902ad883700ec4b362d401104e51ab98edacdb43c8 return_bits=0 value3=0 null_mask=0 text_hex=-
reply request=656 opcode=3 status=0 bytes=128 sha256=6130c77aa93e06b4525ccb8ed58042135ab754db5fa3b4df95063ff4715ebb31 return_bits=0 value3=0 null_mask=0 text_hex=-
sample_identity allocation=217 kind=2 slot=2 generation=217
reply request=657 opcode=7 status=0 bytes=128 sha256=9814bbd3d21e240f1deecdacd38f87e815b5df5ec25a7add37e01faa08c5671c return_bits=0 value3=0 null_mask=0 text_hex=-
reply request=658 opcode=18 status=0 bytes=128 sha256=c10fbbf7736e35480c130580d5bb0e82b217e8d1c23ae1961d14969a183ba2a8 return_bits=0 value3=0 null_mask=0 text_hex=-
reply request=659 opcode=3 status=0 bytes=128 sha256=7d4a3f8e21cb875df8db2957b5464b51e602b137c9f64e96ff157d4a03143741 return_bits=0 value3=0 null_mask=0 text_hex=-
sample_identity allocation=218 kind=2 slot=2 generation=218
reply request=660 opcode=7 status=0 bytes=128 sha256=c235374cc63ab297de18410861521b50caf287d02af936a7031522ea43aea4d2 return_bits=0 value3=0 null_mask=0 text_hex=-
reply request=661 opcode=18 status=0 bytes=128 sha256=86d92c0530918c2ed5eaf4096220097d406b12747943dada0df7d1b228682915 return_bits=0 value3=0 null_mask=0 text_hex=-
reply request=662 opcode=3 status=0 bytes=128 sha256=ce482a000a22c0087d0c8276c7ee853c1f8a5566e23b65a6107be1db90a3def2 return_bits=0 value3=0 null_mask=0 text_hex=-
sample_identity allocation=219 kind=2 slot=2 generation=219
reply request=663 opcode=7 status=0 bytes=128 sha256=0b062e478c0339a1ddd1050f44fec25c503d0b7979bcd5c59e08dd08fd8e66b6 return_bits=0 value3=0 null_mask=0 text_hex=-
reply request=664 opcode=18 status=0 bytes=128 sha256=6aae6b4bac06407f130a344a5db4d452a4c59fd43223c93e77df5794ed795c73 return_bits=0 value3=0 null_mask=0 text_hex=-
reply request=665 opcode=3 status=0 bytes=128 sha256=4a0195c2a0f6ac0c81c91805e8eb0a2a9d97df8e218c0f97aca5f9a7a83c9ce1 return_bits=0 value3=0 null_mask=0 text_hex=-
sample_identity allocation=220 kind=2 slot=2 generation=220
reply request=666 opcode=7 status=0 bytes=128 sha256=da163434b3f8a8b1b0bd12196e55d2164706ffd6338eb105409b04f535c2b391 return_bits=0 value3=0 null_mask=0 text_hex=-
reply request=667 opcode=18 status=0 bytes=128 sha256=0bf94390f93ca37baad71376588749dd8af277fd47d6268aa664ab14cce3f385 return_bits=0 value3=0 null_mask=0 text_hex=-
reply request=668 opcode=3 status=0 bytes=128 sha256=d8e1e9305325aba9c9119f5e9db25bb29be8f33bccd33b3cebe2481f33a6c070 return_bits=0 value3=0 null_mask=0 text_hex=-
sample_identity allocation=221 kind=2 slot=2 generation=221
reply request=669 opcode=7 status=0 bytes=128 sha256=897ff81c997bca016e6e32e3f5a654ff2aa693b7d5640ee641c1c77aa2109695 return_bits=0 value3=0 null_mask=0 text_hex=-
reply request=670 opcode=18 status=0 bytes=128 sha256=da20f30ceafd9b6de268800cc5e173034164efa2cc50ac645bfbb06807bfc5c3 return_bits=0 value3=0 null_mask=0 text_hex=-
reply request=671 opcode=3 status=0 bytes=128 sha256=e78f487ca25e356a265ce5e69c42190baa13c5cb91c735dba0766bfeeecd7718 return_bits=0 value3=0 null_mask=0 text_hex=-
sample_identity allocation=222 kind=2 slot=2 generation=222
reply request=672 opcode=7 status=0 bytes=128 sha256=f009d20e5421fd0ca03a6d0b0332a9f522ee7ad32162ed0cb533dc73911fb985 return_bits=0 value3=0 null_mask=0 text_hex=-
reply request=673 opcode=18 status=0 bytes=128 sha256=f83740ea40af7f8a1a3fcc0a081f42c284c9c7753ef87027511b3bec04ea6b0f return_bits=0 value3=0 null_mask=0 text_hex=-
reply request=674 opcode=3 status=0 bytes=128 sha256=628a4032b5bacc1dad016cc31ee269266cf744b9a665dabf6f633dda9a74eeef return_bits=0 value3=0 null_mask=0 text_hex=-
sample_identity allocation=223 kind=2 slot=2 generation=223
reply request=675 opcode=7 status=0 bytes=128 sha256=817a190ed5a84cd8cc1ca2774e12d3d0ed26a9e5e8e493611da226f6ad2911bd return_bits=0 value3=0 null_mask=0 text_hex=-
reply request=676 opcode=18 status=0 bytes=128 sha256=24a320d004cadaeb607b6d569988794709391ae908db3b8a18c89e64f86365e4 return_bits=0 value3=0 null_mask=0 text_hex=-
reply request=677 opcode=3 status=0 bytes=128 sha256=27d01de478c67510519fbc985bb9171d01044d348933f2c9dad181cc980aed4a return_bits=0 value3=0 null_mask=0 text_hex=-
sample_identity allocation=224 kind=2 slot=2 generation=224
reply request=678 opcode=7 status=0 bytes=128 sha256=4db6021a65f6fc4ac16682ec0c40798c22f0c3fc89441cee57827dfc0511767e return_bits=0 value3=0 null_mask=0 text_hex=-
reply request=679 opcode=18 status=0 bytes=128 sha256=0d225e867d796ccb111cc49527aed5ef1cde76805ec21120627b0d75417d4568 return_bits=0 value3=0 null_mask=0 text_hex=-
reply request=680 opcode=3 status=0 bytes=128 sha256=2d7a0dd0a1fe865199f84b34b6767c59bc5e7c54e90a6554b3ff9ac4ac6c86eb return_bits=0 value3=0 null_mask=0 text_hex=-
sample_identity allocation=225 kind=2 slot=2 generation=225
reply request=681 opcode=7 status=0 bytes=128 sha256=e4973098d023ee210c6d422ba585670db06025291595e03c95bead717944005b return_bits=0 value3=0 null_mask=0 text_hex=-
reply request=682 opcode=18 status=0 bytes=128 sha256=e483afff058436e88b65e6cedf96f388e0c2ef5c9094d6b18b47229ba037c9d8 return_bits=0 value3=0 null_mask=0 text_hex=-
reply request=683 opcode=3 status=0 bytes=128 sha256=65783c4a59d3e0229eac40aaffc650cec960fda9d067e57d4aa8fb9186d6e978 return_bits=0 value3=0 null_mask=0 text_hex=-
sample_identity allocation=226 kind=2 slot=2 generation=226
reply request=684 opcode=7 status=0 bytes=128 sha256=13864ef55181a37a9aa102e0810554f3724ffc35ec7ed25963e1892d9d4a12c5 return_bits=0 value3=0 null_mask=0 text_hex=-
reply request=685 opcode=18 status=0 bytes=128 sha256=7c25e27753058d1e4ba9afe591d4bb7f9838bb7803874a1e5a894971d36887ca return_bits=0 value3=0 null_mask=0 text_hex=-
reply request=686 opcode=3 status=0 bytes=128 sha256=39c7b3aa51c175bae5db033592cbc745dedc3123285abe4a0c67ff1afcdad5a6 return_bits=0 value3=0 null_mask=0 text_hex=-
sample_identity allocation=227 kind=2 slot=2 generation=227
reply request=687 opcode=7 status=0 bytes=128 sha256=72d32951f7d4b74ad6a5832b3c98ae86410fb63d996edd05272cc9ccdca0eb21 return_bits=0 value3=0 null_mask=0 text_hex=-
reply request=688 opcode=18 status=0 bytes=128 sha256=e0bb26b625c22c53e413409ccfbb6012547ff093d85092eb6e22cfa6be031502 return_bits=0 value3=0 null_mask=0 text_hex=-
reply request=689 opcode=3 status=0 bytes=128 sha256=142f0b5e3daa76b7daf217c5ccb373c973ee605bcdc48a4ff3b3965ac5e5aa77 return_bits=0 value3=0 null_mask=0 text_hex=-
sample_identity allocation=228 kind=2 slot=2 generation=228
reply request=690 opcode=7 status=0 bytes=128 sha256=24903f80349f004602ad610f5d37c6e7bc31e44301c2056f428c300abc4fc470 return_bits=0 value3=0 null_mask=0 text_hex=-
reply request=691 opcode=18 status=0 bytes=128 sha256=cd75b695324e3a1fb4d327f4ac33438aea61d25674e873467dbcda3b1aebf2af return_bits=0 value3=0 null_mask=0 text_hex=-
reply request=692 opcode=3 status=0 bytes=128 sha256=70e7b3cb8bba45de25387c8f74d0da1bf4c383b351015b541e0c9341ba61aa2f return_bits=0 value3=0 null_mask=0 text_hex=-
sample_identity allocation=229 kind=2 slot=2 generation=229
reply request=693 opcode=7 status=0 bytes=128 sha256=7c7745329a98d650c82f1b45130aa2e28e08895ab22f07edc7e63285ab05fd50 return_bits=0 value3=0 null_mask=0 text_hex=-
reply request=694 opcode=18 status=0 bytes=128 sha256=04302d94caa5381a595e1a720b9e9f4c437e80f72b672cb8fb21a8cf9c653415 return_bits=0 value3=0 null_mask=0 text_hex=-
reply request=695 opcode=3 status=0 bytes=128 sha256=3882fb7f82e9ea96b51538cbaaed1d7fb1ac82a49ec5d79de8dd1786e6fdd082 return_bits=0 value3=0 null_mask=0 text_hex=-
sample_identity allocation=230 kind=2 slot=2 generation=230
reply request=696 opcode=7 status=0 bytes=128 sha256=85235437351bc32cfbfecba17984e517d3d16f58502af522775a0f75add1204c return_bits=0 value3=0 null_mask=0 text_hex=-
reply request=697 opcode=18 status=0 bytes=128 sha256=94116dd9667cb0ae9e009c3333c7ca293150d45207ae24569214093fdcecae5e return_bits=0 value3=0 null_mask=0 text_hex=-
reply request=698 opcode=3 status=0 bytes=128 sha256=841ee49ed735346ef24d7c6000f035d62dbfcab2a4d647828523a4af4a5b1ca0 return_bits=0 value3=0 null_mask=0 text_hex=-
sample_identity allocation=231 kind=2 slot=2 generation=231
reply request=699 opcode=7 status=0 bytes=128 sha256=c77cb537b1859c383706bc586e0b30209f214863b47f207bf42ac5a703603b83 return_bits=0 value3=0 null_mask=0 text_hex=-
reply request=700 opcode=18 status=0 bytes=128 sha256=00a8d72dcaa79a62e4dd1a28940ddf2f262ca4f9f3504c9a0e97cb2eafb51a4f return_bits=0 value3=0 null_mask=0 text_hex=-
reply request=701 opcode=3 status=0 bytes=128 sha256=25203d77f314771d620510b6ecd1970660ec809ab87387b72605f920a7b8b9d3 return_bits=0 value3=0 null_mask=0 text_hex=-
sample_identity allocation=232 kind=2 slot=2 generation=232
reply request=702 opcode=7 status=0 bytes=128 sha256=5610e0113b67d0815e6f31c8bd48e95a4883adeef4f694dfc0647e03a5c5958a return_bits=0 value3=0 null_mask=0 text_hex=-
reply request=703 opcode=18 status=0 bytes=128 sha256=b37f9a681a515c653969f757fab0ecb996804482ae7065705bf9ffbfa6240468 return_bits=0 value3=0 null_mask=0 text_hex=-
reply request=704 opcode=3 status=0 bytes=128 sha256=7e9880bb071a737b5048afcca9e9d6d070461bfdb76c99af33610faf75f4d145 return_bits=0 value3=0 null_mask=0 text_hex=-
sample_identity allocation=233 kind=2 slot=2 generation=233
reply request=705 opcode=7 status=0 bytes=128 sha256=870c03916740e7237eb1e60765de53a56e1c2393d07d1193a3d2911baf9149e3 return_bits=0 value3=0 null_mask=0 text_hex=-
reply request=706 opcode=18 status=0 bytes=128 sha256=36cb2827e40804c92df35db511cb182e58bccf8b4110d56eeb7c3cf2f93c1b72 return_bits=0 value3=0 null_mask=0 text_hex=-
reply request=707 opcode=3 status=0 bytes=128 sha256=3cf9184ae75c5487974e0d4b2d71b1a58c524142886a620e3ed550c1c3d7b945 return_bits=0 value3=0 null_mask=0 text_hex=-
sample_identity allocation=234 kind=2 slot=2 generation=234
reply request=708 opcode=7 status=0 bytes=128 sha256=9044ec129d2f0479913a5a2b1d84328894062308f7073eb4081dc9eddf5c2acc return_bits=0 value3=0 null_mask=0 text_hex=-
reply request=709 opcode=18 status=0 bytes=128 sha256=8e0bcd6229bd167dfaba037caea2f514fbd3fe6729e2ff538e9b76f8012443d1 return_bits=0 value3=0 null_mask=0 text_hex=-
reply request=710 opcode=3 status=0 bytes=128 sha256=edd0f15229571251f5f5d869a930db128fd91aa9fde049c93d7e84b4686df86d return_bits=0 value3=0 null_mask=0 text_hex=-
sample_identity allocation=235 kind=2 slot=2 generation=235
reply request=711 opcode=7 status=0 bytes=128 sha256=57f1f8e234bfa955cda3dbff4aa675e1bacf78586620f6c543d54b88909bd014 return_bits=0 value3=0 null_mask=0 text_hex=-
reply request=712 opcode=18 status=0 bytes=128 sha256=8e1f6ba49d874838bfdafe5be4a28b47e14180c9bd3300d7a04bb3974676e223 return_bits=0 value3=0 null_mask=0 text_hex=-
reply request=713 opcode=3 status=0 bytes=128 sha256=8adad0cee0cdd9d5065a102b5a81917484a67447e6f5e95b1ffc33ef48471b2c return_bits=0 value3=0 null_mask=0 text_hex=-
sample_identity allocation=236 kind=2 slot=2 generation=236
reply request=714 opcode=7 status=0 bytes=128 sha256=152eb0f29b75b6f5ec1e3115d9e926189a4762211e54f148d656569003cfe6e4 return_bits=0 value3=0 null_mask=0 text_hex=-
reply request=715 opcode=18 status=0 bytes=128 sha256=dabd598198b7904f1faf9806deb067c42c4c211e6206a48117bb13f5b5a6f45a return_bits=0 value3=0 null_mask=0 text_hex=-
reply request=716 opcode=3 status=0 bytes=128 sha256=d94968198de4f499ae6fe9bc19291175489590aa7327dc000b3746dc4a111e8c return_bits=0 value3=0 null_mask=0 text_hex=-
sample_identity allocation=237 kind=2 slot=2 generation=237
reply request=717 opcode=7 status=0 bytes=128 sha256=b509eecf45479b34135098db768b76234e1aa485d09cc418c64315583126ae8e return_bits=0 value3=0 null_mask=0 text_hex=-
reply request=718 opcode=18 status=0 bytes=128 sha256=40e56395f02f8822b1ead51064d6259ab40d79eec925db1f5ce2da2bfeece179 return_bits=0 value3=0 null_mask=0 text_hex=-
reply request=719 opcode=3 status=0 bytes=128 sha256=4e13eba800f10d9dab73343d79ef1bbba9f9d3b7dc8d1c709769737a659ca12e return_bits=0 value3=0 null_mask=0 text_hex=-
sample_identity allocation=238 kind=2 slot=2 generation=238
reply request=720 opcode=7 status=0 bytes=128 sha256=5c44e988480756da4c7e002e6e877572992aaa5ee166064b34a7464f079afc60 return_bits=0 value3=0 null_mask=0 text_hex=-
reply request=721 opcode=18 status=0 bytes=128 sha256=0da845438cb923b0ed945d58641583c52963f69730be4d51959279e2f9d21e3d return_bits=0 value3=0 null_mask=0 text_hex=-
reply request=722 opcode=3 status=0 bytes=128 sha256=ace49de10a54cda808deca9114b59d3d378c9fbbf0dfb4e98a2b8ebe2dc8194c return_bits=0 value3=0 null_mask=0 text_hex=-
sample_identity allocation=239 kind=2 slot=2 generation=239
reply request=723 opcode=7 status=0 bytes=128 sha256=d9e9c3f33eb1d43281a76f433db19801adc4552f39e2354f6083af5716cb14a2 return_bits=0 value3=0 null_mask=0 text_hex=-
reply request=724 opcode=18 status=0 bytes=128 sha256=3e175feb54a7b540f7006b5963c83c303b8a8469a4566a77de5d96edce8d9a00 return_bits=0 value3=0 null_mask=0 text_hex=-
reply request=725 opcode=3 status=0 bytes=128 sha256=e2e3d19002333baf0e871188748516f4566e43df299e0d0404ca8753dd599b35 return_bits=0 value3=0 null_mask=0 text_hex=-
sample_identity allocation=240 kind=2 slot=2 generation=240
reply request=726 opcode=7 status=0 bytes=128 sha256=07841d96b6f6b91c5c4cf6e7c1dceb1c64a8ece1846c816a5848b8d3bc117d6f return_bits=0 value3=0 null_mask=0 text_hex=-
reply request=727 opcode=18 status=0 bytes=128 sha256=9902ef76042fca8c23ae3dd870f15310fd83126eb9b9f24a7c80be0000138402 return_bits=0 value3=0 null_mask=0 text_hex=-
reply request=728 opcode=3 status=0 bytes=128 sha256=1a406453c67928cca6f3925783997e4ed3745cbe54fe66b9470420102b683748 return_bits=0 value3=0 null_mask=0 text_hex=-
sample_identity allocation=241 kind=2 slot=2 generation=241
reply request=729 opcode=7 status=0 bytes=128 sha256=f90efc28892fbe117f813e0f7d23515b22e5dbfd3c93e812cd021046bfa10eb7 return_bits=0 value3=0 null_mask=0 text_hex=-
reply request=730 opcode=18 status=0 bytes=128 sha256=a2b39145a4232fde5a0d02d3cd6c237659c99ae585114171ae312177a9a6cc53 return_bits=0 value3=0 null_mask=0 text_hex=-
reply request=731 opcode=3 status=0 bytes=128 sha256=244f9985e4964b1ee54264ea471f25fb7c7a9194f8eb5397671d29955172aed0 return_bits=0 value3=0 null_mask=0 text_hex=-
sample_identity allocation=242 kind=2 slot=2 generation=242
reply request=732 opcode=7 status=0 bytes=128 sha256=647adef9cca7da89108c6a5ef89cadc6aca8082074028b7ffae77761b213fb73 return_bits=0 value3=0 null_mask=0 text_hex=-
reply request=733 opcode=18 status=0 bytes=128 sha256=c1a065da9603fcd8e18af3211f0bb3ed6a745a0308064dc9e99bd5ed79b35eed return_bits=0 value3=0 null_mask=0 text_hex=-
reply request=734 opcode=3 status=0 bytes=128 sha256=0218ebe5315675af1636e0fbb080ca473570326f2dfa101ab5dc31ad91c5c0bc return_bits=0 value3=0 null_mask=0 text_hex=-
sample_identity allocation=243 kind=2 slot=2 generation=243
reply request=735 opcode=7 status=0 bytes=128 sha256=4b725ea71e4d0f29af057b05e21850e6efd1bf35d9387e7e23713d527d720dfc return_bits=0 value3=0 null_mask=0 text_hex=-
reply request=736 opcode=18 status=0 bytes=128 sha256=5656f0b5f3ccab7bd4b85bed3b605633ffd9199f621415008433253940b0317b return_bits=0 value3=0 null_mask=0 text_hex=-
reply request=737 opcode=3 status=0 bytes=128 sha256=ada47229653f8f523eed1e5d5fd925cb4ad928ed2f3a79ebb2d443197c552e13 return_bits=0 value3=0 null_mask=0 text_hex=-
sample_identity allocation=244 kind=2 slot=2 generation=244
reply request=738 opcode=7 status=0 bytes=128 sha256=6b9e4ce262006e8df66f6ed3810e948d02913932308a21fdb71b83bc54054154 return_bits=0 value3=0 null_mask=0 text_hex=-
reply request=739 opcode=18 status=0 bytes=128 sha256=c7c03c3dd8a4feb83e2e58d47ac65dca866a2e2c81a782462da23fc522646fd6 return_bits=0 value3=0 null_mask=0 text_hex=-
reply request=740 opcode=3 status=0 bytes=128 sha256=c58fe2aeac907d8cfc8bba9db132d0a20a5f2f942ca14e700bc4ad61c7e64f3c return_bits=0 value3=0 null_mask=0 text_hex=-
sample_identity allocation=245 kind=2 slot=2 generation=245
reply request=741 opcode=7 status=0 bytes=128 sha256=4183a3a1405b6628075d92610f8101a25f8170ecadbca9b5b0f0053ebfa49fcc return_bits=0 value3=0 null_mask=0 text_hex=-
reply request=742 opcode=18 status=0 bytes=128 sha256=28b24c44826e62fbac7c19637c7860e496d2ed794845983a85b9cc7b302e265c return_bits=0 value3=0 null_mask=0 text_hex=-
reply request=743 opcode=3 status=0 bytes=128 sha256=e26cbc237c7d4734a0a6ec260de181f3ece74df0e6b46280ed8d8f3766b23513 return_bits=0 value3=0 null_mask=0 text_hex=-
sample_identity allocation=246 kind=2 slot=2 generation=246
reply request=744 opcode=7 status=0 bytes=128 sha256=eecec76ce92620ad126f03ffa60922fda66e0501ff44104f415d895a3f604cad return_bits=0 value3=0 null_mask=0 text_hex=-
reply request=745 opcode=18 status=0 bytes=128 sha256=e1a9066e2dd6848e0f8146d04dc787c9b828cda4ab9f61456d66e6956e009ca9 return_bits=0 value3=0 null_mask=0 text_hex=-
reply request=746 opcode=3 status=0 bytes=128 sha256=5b4f7432e8d026bf78da000543056cc05f1e44a1db8cbf0f643db169f5b2f0fc return_bits=0 value3=0 null_mask=0 text_hex=-
sample_identity allocation=247 kind=2 slot=2 generation=247
reply request=747 opcode=7 status=0 bytes=128 sha256=b9c2b7daadfabe0df1fc0a00c310693ada5e0d838c418cb20e593172aa4e300e return_bits=0 value3=0 null_mask=0 text_hex=-
reply request=748 opcode=18 status=0 bytes=128 sha256=a426ff904414fc9bf3505ad4ff624c4816d6863d001ab9214c4692e5ae07b106 return_bits=0 value3=0 null_mask=0 text_hex=-
reply request=749 opcode=3 status=0 bytes=128 sha256=188f7b53eda68fed418a61c8708f1e148bd48f519c8751cc72c7fccac7b7f57d return_bits=0 value3=0 null_mask=0 text_hex=-
sample_identity allocation=248 kind=2 slot=2 generation=248
reply request=750 opcode=7 status=0 bytes=128 sha256=3187d06758fc710193cd053181100312e10b1b51e9952e77353e85e6a3568002 return_bits=0 value3=0 null_mask=0 text_hex=-
reply request=751 opcode=18 status=0 bytes=128 sha256=663c154d755fa33196a551ff23884e352a04aa3ec25cb6d29609041b6a3f1730 return_bits=0 value3=0 null_mask=0 text_hex=-
reply request=752 opcode=3 status=0 bytes=128 sha256=426f6d80d7143058398e8095fa141d17008e9c7a4a4c94ec851acd601b667058 return_bits=0 value3=0 null_mask=0 text_hex=-
sample_identity allocation=249 kind=2 slot=2 generation=249
reply request=753 opcode=7 status=0 bytes=128 sha256=fa156a0ddc3c0cbff1de064b959e4edcb5df96437fe553d828f74341ec35551b return_bits=0 value3=0 null_mask=0 text_hex=-
reply request=754 opcode=18 status=0 bytes=128 sha256=b0d5298cd571138fa36228f60a666ec6ed1c3880e0c6e9faf0389cee60a3f5c3 return_bits=0 value3=0 null_mask=0 text_hex=-
reply request=755 opcode=3 status=0 bytes=128 sha256=4f5e0e80721dc288167bc4b9e010d822728b9f55a22b68d104fedc90f1066699 return_bits=0 value3=0 null_mask=0 text_hex=-
sample_identity allocation=250 kind=2 slot=2 generation=250
reply request=756 opcode=7 status=0 bytes=128 sha256=e251d76753fe9990fd5b90dba775d4f787b0742b07d8f9875d4f34bdcf6e358e return_bits=0 value3=0 null_mask=0 text_hex=-
reply request=757 opcode=18 status=0 bytes=128 sha256=6dd462aa5399bd71d7e1da8628cb4e3084b8277bf72d35a531dcd2b3573eadda return_bits=0 value3=0 null_mask=0 text_hex=-
reply request=758 opcode=3 status=0 bytes=128 sha256=0c93a071602e9adae00c59c89d6154fe6fe6b26093861eec3f2f4b758db13ea3 return_bits=0 value3=0 null_mask=0 text_hex=-
sample_identity allocation=251 kind=2 slot=2 generation=251
reply request=759 opcode=7 status=0 bytes=128 sha256=0a26ed8c06f436bc538b212f885317219e6e3279eebd9b45d6e20e55d50d2f36 return_bits=0 value3=0 null_mask=0 text_hex=-
reply request=760 opcode=18 status=0 bytes=128 sha256=b251bb7f54c10aebce1e3bd9ef5fda0ee96af554be5a14a64e933da2e1ae96ee return_bits=0 value3=0 null_mask=0 text_hex=-
reply request=761 opcode=3 status=0 bytes=128 sha256=92b3b109467df94ddb60ba0309119374f970bb3c063f4346ecaa794aa3fa0a8f return_bits=0 value3=0 null_mask=0 text_hex=-
sample_identity allocation=252 kind=2 slot=2 generation=252
reply request=762 opcode=7 status=0 bytes=128 sha256=d69638a40efcb34ce9263e6b068f0718cbb606f231274b27884058ce8a127d8e return_bits=0 value3=0 null_mask=0 text_hex=-
reply request=763 opcode=18 status=0 bytes=128 sha256=91f4344b99cdc38a2a11953b7ccd0cc03a1e7e2059309bb9d2231deb0b5e7bc2 return_bits=0 value3=0 null_mask=0 text_hex=-
reply request=764 opcode=3 status=0 bytes=128 sha256=3d96329f0377e8abdb87a517bb781d0c486f417683b60e19029e9b0f84e267de return_bits=0 value3=0 null_mask=0 text_hex=-
sample_identity allocation=253 kind=2 slot=2 generation=253
reply request=765 opcode=7 status=0 bytes=128 sha256=46900a61fd755a6a068b6509c11df0b1e998064dedfdb6d1184ce179978dc083 return_bits=0 value3=0 null_mask=0 text_hex=-
reply request=766 opcode=18 status=0 bytes=128 sha256=59cc9880c5560996af7297a285a1867d4d25a2ad947c64d178b9a6ca0390bbe6 return_bits=0 value3=0 null_mask=0 text_hex=-
reply request=767 opcode=3 status=0 bytes=128 sha256=5918e3662284f32dc51cfae90d289dce0cb9a4e1c2b0f284d771bdd680a9e387 return_bits=0 value3=0 null_mask=0 text_hex=-
sample_identity allocation=254 kind=2 slot=2 generation=254
reply request=768 opcode=7 status=0 bytes=128 sha256=073f5888d8f2a185bb61375569420813872e02ce3e73a2068ac1c3628b64ae1f return_bits=0 value3=0 null_mask=0 text_hex=-
reply request=769 opcode=18 status=0 bytes=128 sha256=2b686626862a82bd8c35903d0384ac8887ff1b0449b7ba39a2b62d8cfa40c4a3 return_bits=0 value3=0 null_mask=0 text_hex=-
reply request=770 opcode=3 status=0 bytes=128 sha256=9e7cf78aa31ba1df27caf903589f34f28e94a3c5b1832bd8079349428b92ac25 return_bits=0 value3=0 null_mask=0 text_hex=-
sample_identity allocation=255 kind=2 slot=2 generation=255
reply request=771 opcode=7 status=0 bytes=128 sha256=63774d6f96a8f80e589e2d7b59e71728d9fb740c5e1c0c834420c6c4e4de09ed return_bits=0 value3=0 null_mask=0 text_hex=-
reply request=772 opcode=18 status=0 bytes=128 sha256=9cb909fb477a94add4f60b88b412b9cd4506e61d6b341d9a6ed0b3e309990ecc return_bits=0 value3=0 null_mask=0 text_hex=-
reply request=773 opcode=3 status=0 bytes=128 sha256=dc915c189c6e3520b72a91df7ae08b89bc2f871972d62b13dca3c374f6ae2fe7 return_bits=0 value3=0 null_mask=0 text_hex=-
sample_identity allocation=256 kind=2 slot=2 generation=256
reply request=774 opcode=7 status=0 bytes=128 sha256=e14d5bdc1b3dd00d4cd58f62d5380924472a4bb327032d7a6e195950e42a8f1c return_bits=0 value3=0 null_mask=0 text_hex=-
reply request=775 opcode=18 status=0 bytes=128 sha256=d6a5cf4b88ce58fd267b18cb5522c920b34b62d2b30fb372ab3880e454188f43 return_bits=0 value3=0 null_mask=0 text_hex=-
reply request=776 opcode=3 status=0 bytes=128 sha256=0db7ee965e6d7adda07e6a37bc8a67100bed7098f50a45c5c2acb0685724c336 return_bits=0 value3=0 null_mask=0 text_hex=-
sample_identity allocation=257 kind=2 slot=2 generation=257
reply request=777 opcode=52 status=0 bytes=128 sha256=6cc464d318a996f334cee03e3e3ea65f412b8b203d381463a4b2fd922af3265e return_bits=0 value3=0 null_mask=0 text_hex=-
reply request=778 opcode=7 status=2 bytes=128 sha256=5e287e50f4adc57b660fded0da95785fd86170ac15b0d44f17e4f354c21eb27a return_bits=0 value3=0 null_mask=0 text_hex=-
reply request=779 opcode=26 status=4097 bytes=128 sha256=83987012fc6fc982b9f79ba91e9ed2d16db3a9ee0bb81520f46bc85bf1903542 return_bits=0 value3=0 null_mask=0 text_hex=-
reply request=780 opcode=4109 status=0 bytes=128 sha256=0970fb960d33f701cb27694008a1d39eb9ff6b1474d93e86d3321e388121e5f3 return_bits=0 value3=0 null_mask=0 text_hex=-
PASS sample-live31 exact780;257 allocations256 releases; no query/binding/playback/callbacks
