Microsoft (R) COFF/PE Dumper Version 12.00.40629.0
Copyright (C) Microsoft Corporation.  All rights reserved.


Dump of file C:\native41-owner\results\file-channel\file-channel.obj

File Type: COFF OBJECT

COFF SYMBOL TABLE
000 00E19EB5 ABS    notype       Static       | @comp.id
001 80000190 ABS    notype       Static       | @feat.00
002 00000000 SECT1  notype       Static       | .drectve
    Section length  31C, #relocs    0, #linenums    0, checksum        0
004 00000000 SECT2  notype       Static       | .debug$S
    Section length 5DE8, #relocs    8, #linenums    0, checksum        0
006 00000000 SECT3  notype       Static       | .debug$T
    Section length   54, #relocs    0, #linenums    0, checksum        0
008 00000000 SECT4  notype       Static       | .rdata
    Section length   A3, #relocs    0, #linenums    0, checksum 457467C0
00A 00000000 SECT4  notype       Static       | $SG37723
00B 00000038 SECT4  notype       Static       | $SG37728
00C 00000060 SECT4  notype       Static       | $SG37735
00D 00000088 SECT4  notype       Static       | $SG37770
00E 00000000 SECT5  notype       Static       | .text$mn
    Section length  1C5, #relocs    6, #linenums    0, checksum A8580918, selection    2 (pick any)
010 00000000 SECT6  notype       Static       | .debug$S
    Section length  1C8, #relocs    6, #linenums    0, checksum        0, selection    5 (pick associative Section 0x5)
012 00000000 SECT7  notype       Static       | .text$mn
    Section length   8D, #relocs    1, #linenums    0, checksum ED1F4969, selection    2 (pick any)
014 00000000 SECT8  notype       Static       | .debug$S
    Section length  114, #relocs    4, #linenums    0, checksum        0, selection    5 (pick associative Section 0x7)
016 00000000 SECT9  notype       Static       | .text$mn
    Section length   8D, #relocs    1, #linenums    0, checksum ED1F4969, selection    2 (pick any)
018 00000000 SECTA  notype       Static       | .debug$S
    Section length   D8, #relocs    4, #linenums    0, checksum        0, selection    5 (pick associative Section 0x9)
01A 00000000 SECTB  notype       Static       | .text$mn
    Section length  154, #relocs    F, #linenums    0, checksum FA4AED8E, selection    2 (pick any)
01C 00000000 SECTC  notype       Static       | .debug$S
    Section length  15C, #relocs    4, #linenums    0, checksum        0, selection    5 (pick associative Section 0xB)
01E 00000000 SECTD  notype       Static       | .text$mn
    Section length   79, #relocs    3, #linenums    0, checksum 5CABA022, selection    2 (pick any)
020 00000000 SECTE  notype       Static       | .debug$S
    Section length  158, #relocs    4, #linenums    0, checksum        0, selection    5 (pick associative Section 0xD)
022 00000000 SECTF  notype       Static       | .text$mn
    Section length  154, #relocs    F, #linenums    0, checksum 21F9442F, selection    2 (pick any)
024 00000000 SECT10 notype       Static       | .debug$S
    Section length  17C, #relocs    4, #linenums    0, checksum        0, selection    5 (pick associative Section 0xF)
026 00000000 SECT11 notype       Static       | .text$mn
    Section length   E5, #relocs    8, #linenums    0, checksum B89F4CF9, selection    2 (pick any)
028 00000000 SECT12 notype       Static       | .debug$S
    Section length  108, #relocs    4, #linenums    0, checksum        0, selection    5 (pick associative Section 0x11)
02A 00000000 SECT13 notype       Static       | .text$mn
    Section length   62, #relocs    2, #linenums    0, checksum 9615EE4E, selection    2 (pick any)
02C 00000000 SECT14 notype       Static       | .debug$S
    Section length  104, #relocs    4, #linenums    0, checksum        0, selection    5 (pick associative Section 0x13)
02E 00000000 SECT15 notype       Static       | .text$mn
    Section length   AC, #relocs    4, #linenums    0, checksum E139A4D7, selection    2 (pick any)
030 00000000 SECT16 notype       Static       | .debug$S
    Section length  314, #relocs    8, #linenums    0, checksum        0, selection    5 (pick associative Section 0x15)
032 00000000 SECT17 notype       Static       | .text$x
    Section length   4C, #relocs    2, #linenums    0, checksum 810C32DB, selection    5 (pick associative Section 0x15)
034 00000000 SECT18 notype       Static       | .text$mn
    Section length   AB, #relocs    3, #linenums    0, checksum EB810B57, selection    2 (pick any)
036 00000000 SECT19 notype       Static       | .debug$S
    Section length  314, #relocs    8, #linenums    0, checksum        0, selection    5 (pick associative Section 0x18)
038 00000000 SECT1A notype       Static       | .text$x
    Section length   4C, #relocs    2, #linenums    0, checksum A2867F66, selection    5 (pick associative Section 0x18)
03A 00000000 SECT1B notype       Static       | .text$mn
    Section length   73, #relocs    2, #linenums    0, checksum 6F0552AA, selection    2 (pick any)
03C 00000000 SECT1C notype       Static       | .debug$S
    Section length  2F8, #relocs    8, #linenums    0, checksum        0, selection    5 (pick associative Section 0x1B)
03E 00000000 SECT1D notype       Static       | .text$x
    Section length   46, #relocs    2, #linenums    0, checksum 469EB7FA, selection    5 (pick associative Section 0x1B)
040 00000000 SECT1E notype       Static       | .text$mn
    Section length   38, #relocs    0, #linenums    0, checksum D4EE2C3E, selection    1 (pick no duplicates)
042 00000000 SECT1F notype       Static       | .debug$S
    Section length   DC, #relocs    4, #linenums    0, checksum        0, selection    5 (pick associative Section 0x1E)
044 00000000 SECT20 notype       Static       | .text$mn
    Section length   AA, #relocs    1, #linenums    0, checksum 80BA9D1B, selection    1 (pick no duplicates)
046 00000000 SECT21 notype       Static       | .debug$S
    Section length  148, #relocs    6, #linenums    0, checksum        0, selection    5 (pick associative Section 0x20)
048 00000000 SECT22 notype       Static       | .text$x
    Section length   23, #relocs    1, #linenums    0, checksum 95494C25, selection    5 (pick associative Section 0x20)
04A 00000000 SECT23 notype       Static       | .text$mn
    Section length  509, #relocs   22, #linenums    0, checksum 128DBA9F, selection    1 (pick no duplicates)
04C 00000000 SECT24 notype       Static       | .debug$S
    Section length  4D0, #relocs   12, #linenums    0, checksum        0, selection    5 (pick associative Section 0x23)
04E 00000000 SECT25 notype       Static       | .text$x
    Section length   F9, #relocs    6, #linenums    0, checksum  9E4304D, selection    5 (pick associative Section 0x23)
050 00000000 SECT26 notype       Static       | .text$mn
    Section length   9E, #relocs    1, #linenums    0, checksum 81F401E1, selection    1 (pick no duplicates)
052 00000000 SECT27 notype       Static       | .debug$S
    Section length  148, #relocs    6, #linenums    0, checksum        0, selection    5 (pick associative Section 0x26)
054 00000000 SECT28 notype       Static       | .text$x
    Section length   23, #relocs    1, #linenums    0, checksum 95494C25, selection    5 (pick associative Section 0x26)
056 00000000 SECT29 notype       Static       | .text$mn
    Section length   70, #relocs    1, #linenums    0, checksum B00CF202, selection    1 (pick no duplicates)
058 00000000 SECT2A notype       Static       | .debug$S
    Section length   B8, #relocs    4, #linenums    0, checksum        0, selection    5 (pick associative Section 0x29)
05A 00000000 SECT2B notype       Static       | .text$mn
    Section length   5B, #relocs    3, #linenums    0, checksum DA0D9EED, selection    2 (pick any)
05C 00000000 SECT2C notype       Static       | .debug$S
    Section length   A8, #relocs    2, #linenums    0, checksum        0, selection    5 (pick associative Section 0x2B)
05E 00000000 SECT2D notype       Static       | .text$mn
    Section length   4C, #relocs    2, #linenums    0, checksum 7A0B078B, selection    2 (pick any)
060 00000000 SECT2E notype       Static       | .debug$S
    Section length   9C, #relocs    2, #linenums    0, checksum        0, selection    5 (pick associative Section 0x2D)
062 00000000 SECT2F notype       Static       | .text$mn
    Section length   6A, #relocs    5, #linenums    0, checksum 1C0B05EC, selection    2 (pick any)
064 00000000 SECT30 notype       Static       | .debug$S
    Section length  134, #relocs    4, #linenums    0, checksum        0, selection    5 (pick associative Section 0x2F)
066 00000000 SECT31 notype       Static       | .text$mn
    Section length   2E, #relocs    1, #linenums    0, checksum 675D5F7E, selection    2 (pick any)
068 00000000 SECT32 notype       Static       | .debug$S
    Section length   C0, #relocs    2, #linenums    0, checksum        0, selection    5 (pick associative Section 0x31)
06A 00000000 SECT33 notype       Static       | .text$mn
    Section length   2E, #relocs    1, #linenums    0, checksum 675D5F7E, selection    2 (pick any)
06C 00000000 SECT34 notype       Static       | .debug$S
    Section length   D0, #relocs    2, #linenums    0, checksum        0, selection    5 (pick associative Section 0x33)
06E 00000000 SECT35 notype       Static       | .text$mn
    Section length   3D, #relocs    2, #linenums    0, checksum 6E962AB0, selection    2 (pick any)
070 00000000 SECT36 notype       Static       | .debug$S
    Section length  128, #relocs    4, #linenums    0, checksum        0, selection    5 (pick associative Section 0x35)
072 00000000 SECT37 notype       Static       | .text$mn
    Section length   3E, #relocs    1, #linenums    0, checksum B45B6309, selection    2 (pick any)
074 00000000 SECT38 notype       Static       | .debug$S
    Section length  108, #relocs    4, #linenums    0, checksum        0, selection    5 (pick associative Section 0x37)
076 00000000 SECT39 notype       Static       | .text$mn
    Section length   3E, #relocs    1, #linenums    0, checksum B45B6309, selection    2 (pick any)
078 00000000 SECT3A notype       Static       | .debug$S
    Section length   CC, #relocs    4, #linenums    0, checksum        0, selection    5 (pick associative Section 0x39)
07A 00000000 SECT3B notype       Static       | .text$mn
    Section length   50, #relocs    3, #linenums    0, checksum 871721D1, selection    2 (pick any)
07C 00000000 SECT3C notype       Static       | .debug$S
    Section length   94, #relocs    2, #linenums    0, checksum        0, selection    5 (pick associative Section 0x3B)
07E 00000000 SECT3D notype       Static       | .text$mn
    Section length   50, #relocs    3, #linenums    0, checksum 8E8C1566, selection    2 (pick any)
080 00000000 SECT3E notype       Static       | .debug$S
    Section length   94, #relocs    2, #linenums    0, checksum        0, selection    5 (pick associative Section 0x3D)
082 00000000 SECT3F notype       Static       | .text$mn
    Section length   4D, #relocs    2, #linenums    0, checksum 4D11E697, selection    2 (pick any)
084 00000000 SECT40 notype       Static       | .debug$S
    Section length   90, #relocs    2, #linenums    0, checksum        0, selection    5 (pick associative Section 0x3F)
086 00000000 SECT41 notype       Static       | .text$mn
    Section length   2E, #relocs    1, #linenums    0, checksum 675D5F7E, selection    2 (pick any)
088 00000000 SECT42 notype       Static       | .debug$S
    Section length   94, #relocs    2, #linenums    0, checksum        0, selection    5 (pick associative Section 0x41)
08A 00000000 SECT43 notype       Static       | .text$mn
    Section length   2E, #relocs    1, #linenums    0, checksum 675D5F7E, selection    2 (pick any)
08C 00000000 SECT44 notype       Static       | .debug$S
    Section length   88, #relocs    2, #linenums    0, checksum        0, selection    5 (pick associative Section 0x43)
08E 00000000 SECT45 notype       Static       | .text$mn
    Section length   A7, #relocs    3, #linenums    0, checksum 393695E4, selection    2 (pick any)
090 00000000 SECT46 notype       Static       | .debug$S
    Section length  128, #relocs    4, #linenums    0, checksum        0, selection    5 (pick associative Section 0x45)
092 00000000 SECT47 notype       Static       | .text$mn
    Section length   A1, #relocs    0, #linenums    0, checksum 4C6A8E25, selection    2 (pick any)
094 00000000 SECT48 notype       Static       | .debug$S
    Section length   D8, #relocs    4, #linenums    0, checksum        0, selection    5 (pick associative Section 0x47)
096 00000000 SECT49 notype       Static       | .text$mn
    Section length   E5, #relocs    C, #linenums    0, checksum 5E54F2AB, selection    2 (pick any)
098 00000000 SECT4A notype       Static       | .debug$S
    Section length  114, #relocs    4, #linenums    0, checksum        0, selection    5 (pick associative Section 0x49)
09A 00000000 SECT4B notype       Static       | .text$mn
    Section length   E5, #relocs    C, #linenums    0, checksum 75488906, selection    2 (pick any)
09C 00000000 SECT4C notype       Static       | .debug$S
    Section length  114, #relocs    4, #linenums    0, checksum        0, selection    5 (pick associative Section 0x4B)
09E 00000000 SECT4D notype       Static       | .text$mn
    Section length   51, #relocs    2, #linenums    0, checksum 4F0FC9D4, selection    2 (pick any)
0A0 00000000 SECT4E notype       Static       | .debug$S
    Section length   A4, #relocs    2, #linenums    0, checksum        0, selection    5 (pick associative Section 0x4D)
0A2 00000000 SECT4F notype       Static       | .text$mn
    Section length   51, #relocs    2, #linenums    0, checksum 4F0FC9D4, selection    2 (pick any)
0A4 00000000 SECT50 notype       Static       | .debug$S
    Section length   A4, #relocs    2, #linenums    0, checksum        0, selection    5 (pick associative Section 0x4F)
0A6 00000000 SECT51 notype       Static       | .text$mn
    Section length   51, #relocs    2, #linenums    0, checksum 4F0FC9D4, selection    2 (pick any)
0A8 00000000 SECT52 notype       Static       | .debug$S
    Section length   A4, #relocs    2, #linenums    0, checksum        0, selection    5 (pick associative Section 0x51)
0AA 00000000 SECT53 notype       Static       | .text$mn
    Section length   51, #relocs    2, #linenums    0, checksum 4F0FC9D4, selection    2 (pick any)
0AC 00000000 SECT54 notype       Static       | .debug$S
    Section length   9C, #relocs    2, #linenums    0, checksum        0, selection    5 (pick associative Section 0x53)
0AE 00000000 SECT55 notype       Static       | .text$mn
    Section length   4C, #relocs    2, #linenums    0, checksum 84A447E3, selection    2 (pick any)
0B0 00000000 SECT56 notype       Static       | .debug$S
    Section length   9C, #relocs    2, #linenums    0, checksum        0, selection    5 (pick associative Section 0x55)
0B2 00000000 SECT57 notype       Static       | .text$mn
    Section length   4C, #relocs    2, #linenums    0, checksum 84A447E3, selection    2 (pick any)
0B4 00000000 SECT58 notype       Static       | .debug$S
    Section length   98, #relocs    2, #linenums    0, checksum        0, selection    5 (pick associative Section 0x57)
0B6 00000000 SECT59 notype       Static       | .text$di
    Section length   46, #relocs    6, #linenums    0, checksum 538947F8, selection    2 (pick any)
0B8 00000000 SECT5A notype       Static       | .debug$S
    Section length   C4, #relocs    4, #linenums    0, checksum        0, selection    5 (pick associative Section 0x59)
0BA 00000000 SECT5B notype       Static       | .text$di
    Section length   54, #relocs    8, #linenums    0, checksum 2F4DB103, selection    2 (pick any)
0BC 00000000 SECT5C notype       Static       | .debug$S
    Section length   C4, #relocs    4, #linenums    0, checksum        0, selection    5 (pick associative Section 0x5B)
0BE 00000000 SECT5D notype       Static       | .text$di
    Section length   54, #relocs    8, #linenums    0, checksum 2F4DB103, selection    2 (pick any)
0C0 00000000 SECT5E notype       Static       | .debug$S
    Section length   C4, #relocs    4, #linenums    0, checksum        0, selection    5 (pick associative Section 0x5D)
0C2 00000000 SECT5F notype       Static       | .text$di
    Section length   12, #relocs    1, #linenums    0, checksum 9128486D, selection    2 (pick any)
0C4 00000000 SECT60 notype       Static       | .debug$S
    Section length  114, #relocs    4, #linenums    0, checksum        0, selection    5 (pick associative Section 0x5F)
0C6 00000000 SECT61 notype       Static       | .text$di
    Section length   12, #relocs    1, #linenums    0, checksum 9128486D, selection    2 (pick any)
0C8 00000000 SECT62 notype       Static       | .debug$S
    Section length  13C, #relocs    4, #linenums    0, checksum        0, selection    5 (pick associative Section 0x61)
0CA 00000000 SECT63 notype       Static       | .text$di
    Section length   12, #relocs    1, #linenums    0, checksum 9128486D, selection    2 (pick any)
0CC 00000000 SECT64 notype       Static       | .debug$S
    Section length   B4, #relocs    4, #linenums    0, checksum        0, selection    5 (pick associative Section 0x63)
0CE 00000000 SECT65 notype       Static       | .text$di
    Section length   12, #relocs    1, #linenums    0, checksum 9128486D, selection    2 (pick any)
0D0 00000000 SECT66 notype       Static       | .debug$S
    Section length   BC, #relocs    4, #linenums    0, checksum        0, selection    5 (pick associative Section 0x65)
0D2 00000000 SECT67 notype       Static       | .text$di
    Section length   2B, #relocs    0, #linenums    0, checksum 82FF75B0, selection    2 (pick any)
0D4 00000000 SECT68 notype       Static       | .debug$S
    Section length   AC, #relocs    4, #linenums    0, checksum        0, selection    5 (pick associative Section 0x67)
0D6 00000000 SECT69 notype       Static       | .text$di
    Section length   2B, #relocs    0, #linenums    0, checksum 82FF75B0, selection    2 (pick any)
0D8 00000000 SECT6A notype       Static       | .debug$S
    Section length   B4, #relocs    4, #linenums    0, checksum        0, selection    5 (pick associative Section 0x69)
0DA 00000000 SECT6B notype       Static       | .text$yd
    Section length   15, #relocs    2, #linenums    0, checksum 9B378F2C, selection    2 (pick any)
0DC 00000000 SECT6C notype       Static       | .debug$S
    Section length   A4, #relocs    2, #linenums    0, checksum        0, selection    5 (pick associative Section 0x6B)
0DE 00000000 SECT6D notype       Static       | .text$yd
    Section length   15, #relocs    2, #linenums    0, checksum 9B378F2C, selection    2 (pick any)
0E0 00000000 SECT6E notype       Static       | .debug$S
    Section length   A4, #relocs    2, #linenums    0, checksum        0, selection    5 (pick associative Section 0x6D)
0E2 00000000 SECT6F notype       Static       | .text$yd
    Section length   15, #relocs    2, #linenums    0, checksum 9B378F2C, selection    2 (pick any)
0E4 00000000 SECT70 notype       Static       | .debug$S
    Section length   A0, #relocs    2, #linenums    0, checksum        0, selection    5 (pick associative Section 0x6F)
0E6 00000000 SECT71 notype       Static       | .text$mn
    Section length  11F, #relocs    4, #linenums    0, checksum 759FBC8F, selection    2 (pick any)
0E8 00000000 SECT72 notype       Static       | .debug$S
    Section length  120, #relocs    4, #linenums    0, checksum        0, selection    5 (pick associative Section 0x71)
0EA 00000000 SECT73 notype       Static       | .text$mn
    Section length  11F, #relocs    4, #linenums    0, checksum 12D5880E, selection    2 (pick any)
0EC 00000000 SECT74 notype       Static       | .debug$S
    Section length  130, #relocs    4, #linenums    0, checksum        0, selection    5 (pick associative Section 0x73)
0EE 00000000 SECT75 notype       Static       | .text$mn
    Section length   F4, #relocs    4, #linenums    0, checksum D88EBD9B, selection    2 (pick any)
0F0 00000000 SECT76 notype       Static       | .debug$S
    Section length  150, #relocs    4, #linenums    0, checksum        0, selection    5 (pick associative Section 0x75)
0F2 00000000 SECT77 notype       Static       | .text$mn
    Section length  3CF, #relocs    4, #linenums    0, checksum AA70B4CA, selection    2 (pick any)
0F4 00000000 SECT78 notype       Static       | .debug$S
    Section length  690, #relocs   24, #linenums    0, checksum        0, selection    5 (pick associative Section 0x77)
0F6 00000000 SECT79 notype       Static       | .text$x
    Section length   DE, #relocs    6, #linenums    0, checksum B54B925E, selection    5 (pick associative Section 0x77)
0F8 00000000 SECT7A notype       Static       | .text$mn
    Section length   77, #relocs    0, #linenums    0, checksum E9E3C824, selection    2 (pick any)
0FA 00000000 SECT7B notype       Static       | .debug$S
    Section length   F0, #relocs    8, #linenums    0, checksum        0, selection    5 (pick associative Section 0x7A)
0FC 00000000 SECT7C notype       Static       | .text$mn
    Section length   85, #relocs    0, #linenums    0, checksum F6AC5576, selection    2 (pick any)
0FE 00000000 SECT7D notype       Static       | .debug$S
    Section length  104, #relocs    4, #linenums    0, checksum        0, selection    5 (pick associative Section 0x7C)
100 00000000 SECT7E notype       Static       | .text$mn
    Section length   60, #relocs    4, #linenums    0, checksum 4A7CD671, selection    2 (pick any)
102 00000000 SECT7F notype       Static       | .debug$S
    Section length  130, #relocs    4, #linenums    0, checksum        0, selection    5 (pick associative Section 0x7E)
104 00000000 SECT80 notype       Static       | .text$mn
    Section length  11D, #relocs    5, #linenums    0, checksum DFA982AF, selection    2 (pick any)
106 00000000 SECT81 notype       Static       | .debug$S
    Section length  158, #relocs    4, #linenums    0, checksum        0, selection    5 (pick associative Section 0x80)
108 00000000 SECT82 notype       Static       | .text$mn
    Section length   CB, #relocs    0, #linenums    0, checksum C57B1073, selection    2 (pick any)
10A 00000000 SECT83 notype       Static       | .debug$S
    Section length  11C, #relocs    4, #linenums    0, checksum        0, selection    5 (pick associative Section 0x82)
10C 00000000 SECT84 notype       Static       | .text$mn
    Section length   AA, #relocs    4, #linenums    0, checksum BF0E2790, selection    2 (pick any)
10E 00000000 SECT85 notype       Static       | .debug$S
    Section length  154, #relocs    8, #linenums    0, checksum        0, selection    5 (pick associative Section 0x84)
110 00000000 SECT86 notype       Static       | .text$mn
    Section length  102, #relocs    4, #linenums    0, checksum 7115A088, selection    2 (pick any)
112 00000000 SECT87 notype       Static       | .debug$S
    Section length  184, #relocs    4, #linenums    0, checksum        0, selection    5 (pick associative Section 0x86)
114 00000000 SECT88 notype       Static       | .text$mn
    Section length   8F, #relocs    3, #linenums    0, checksum E2E222DF, selection    2 (pick any)
116 00000000 SECT89 notype       Static       | .debug$S
    Section length  128, #relocs    4, #linenums    0, checksum        0, selection    5 (pick associative Section 0x88)
118 00000000 SECT8A notype       Static       | .text$mn
    Section length  21F, #relocs    7, #linenums    0, checksum E72AE4DE, selection    2 (pick any)
11A 00000000 SECT8B notype       Static       | .debug$S
    Section length  38C, #relocs   14, #linenums    0, checksum        0, selection    5 (pick associative Section 0x8A)
11C 00000000 SECT8C notype       Static       | .text$x
    Section length   35, #relocs    3, #linenums    0, checksum BF85AA94, selection    5 (pick associative Section 0x8A)
11E 00000000 SECT8D notype       Static       | .text$mn
    Section length  143, #relocs    3, #linenums    0, checksum 5A5647D4, selection    2 (pick any)
120 00000000 SECT8E notype       Static       | .debug$S
    Section length  114, #relocs    4, #linenums    0, checksum        0, selection    5 (pick associative Section 0x8D)
122 00000000 SECT8F notype       Static       | .text$mn
    Section length   B1, #relocs    4, #linenums    0, checksum AB6A9AF0, selection    2 (pick any)
124 00000000 SECT90 notype       Static       | .debug$S
    Section length  138, #relocs    4, #linenums    0, checksum        0, selection    5 (pick associative Section 0x8F)
126 00000000 SECT91 notype       Static       | .text$mn
    Section length  360, #relocs    2, #linenums    0, checksum D463E9AF, selection    2 (pick any)
128 00000000 SECT92 notype       Static       | .debug$S
    Section length  1C8, #relocs    8, #linenums    0, checksum        0, selection    5 (pick associative Section 0x91)
12A 00000000 SECT93 notype       Static       | .text$mn
    Section length   CC, #relocs    3, #linenums    0, checksum 6E83AB0A, selection    2 (pick any)
12C 00000000 SECT94 notype       Static       | .debug$S
    Section length  180, #relocs    6, #linenums    0, checksum        0, selection    5 (pick associative Section 0x93)
12E 00000000 SECT95 notype       Static       | .text$mn
    Section length   D0, #relocs    4, #linenums    0, checksum 14D15576, selection    2 (pick any)
130 00000000 SECT96 notype       Static       | .debug$S
    Section length  114, #relocs    4, #linenums    0, checksum        0, selection    5 (pick associative Section 0x95)
132 00000000 SECT97 notype       Static       | .text$mn
    Section length  228, #relocs    9, #linenums    0, checksum 2E08D874, selection    2 (pick any)
134 00000000 SECT98 notype       Static       | .debug$S
    Section length  190, #relocs    4, #linenums    0, checksum        0, selection    5 (pick associative Section 0x97)
136 00000000 SECT99 notype       Static       | .text$mn
    Section length   A5, #relocs    5, #linenums    0, checksum AF3AB8C3, selection    2 (pick any)
138 00000000 SECT9A notype       Static       | .debug$S
    Section length  108, #relocs    4, #linenums    0, checksum        0, selection    5 (pick associative Section 0x99)
13A 00000000 SECT9B notype       Static       | .text$mn
    Section length  1C0, #relocs    8, #linenums    0, checksum 85AE72F5, selection    2 (pick any)
13C 00000000 SECT9C notype       Static       | .debug$S
    Section length  150, #relocs    4, #linenums    0, checksum        0, selection    5 (pick associative Section 0x9B)
13E 00000000 SECT9D notype       Static       | .text$mn
    Section length   A3, #relocs    0, #linenums    0, checksum E0F01FB6, selection    1 (pick no duplicates)
140 00000000 SECT9E notype       Static       | .debug$S
    Section length   F0, #relocs    4, #linenums    0, checksum        0, selection    5 (pick associative Section 0x9D)
142 00000000 SECT9F notype       Static       | .text$mn
    Section length   77, #relocs    5, #linenums    0, checksum B7EB9A13, selection    1 (pick no duplicates)
144 00000000 SECTA0 notype       Static       | .debug$S
    Section length   DC, #relocs    4, #linenums    0, checksum        0, selection    5 (pick associative Section 0x9F)
146 00000000 SECTA1 notype       Static       | .text$mn
    Section length   E4, #relocs    3, #linenums    0, checksum E059BFAC, selection    1 (pick no duplicates)
148 00000000 SECTA2 notype       Static       | .debug$S
    Section length  128, #relocs    4, #linenums    0, checksum        0, selection    5 (pick associative Section 0xA1)
14A 00000000 SECTA3 notype       Static       | .text$mn
    Section length   1A, #relocs    0, #linenums    0, checksum  BCBDC6C, selection    1 (pick no duplicates)
14C 00000000 SECTA4 notype       Static       | .debug$S
    Section length   B4, #relocs    4, #linenums    0, checksum        0, selection    5 (pick associative Section 0xA3)
14E 00000000 SECTA5 notype       Static       | .text$mn
    Section length  433, #relocs   17, #linenums    0, checksum 41D35285, selection    1 (pick no duplicates)
150 00000000 SECTA6 notype       Static       | .debug$S
    Section length  2D8, #relocs    6, #linenums    0, checksum        0, selection    5 (pick associative Section 0xA5)
152 00000000 SECTA7 notype       Static       | .text$x
    Section length   26, #relocs    1, #linenums    0, checksum C54D407F, selection    5 (pick associative Section 0xA5)
154 00000000 SECTA8 notype       Static       | .text$mn
    Section length  5A2, #relocs   1E, #linenums    0, checksum E7D47EF8, selection    1 (pick no duplicates)
156 00000000 SECTA9 notype       Static       | .debug$S
    Section length  340, #relocs    A, #linenums    0, checksum        0, selection    5 (pick associative Section 0xA8)
158 00000000 SECTAA notype       Static       | .text$x
    Section length   23, #relocs    1, #linenums    0, checksum 59B7ED60, selection    5 (pick associative Section 0xA8)
15A 00000000 SECTAB notype       Static       | .text$mn
    Section length   80, #relocs    3, #linenums    0, checksum 12A242B0, selection    2 (pick any)
15C 00000000 SECTAC notype       Static       | .debug$S
    Section length  104, #relocs    4, #linenums    0, checksum        0, selection    5 (pick associative Section 0xAB)
15E 00000000 SECTAD notype       Static       | .text$mn
    Section length   30, #relocs    0, #linenums    0, checksum  1E41F1B, selection    2 (pick any)
160 00000000 SECTAE notype       Static       | .debug$S
    Section length   E4, #relocs    4, #linenums    0, checksum        0, selection    5 (pick associative Section 0xAD)
162 00000000 SECTAF notype       Static       | .text$mn
    Section length  310, #relocs    D, #linenums    0, checksum 825638AC, selection    1 (pick no duplicates)
164 00000000 SECTB0 notype       Static       | .debug$S
    Section length  1F8, #relocs    4, #linenums    0, checksum        0, selection    5 (pick associative Section 0xAF)
166 00000000 SECTB1 notype       Static       | .text$mn
    Section length  32F, #relocs    D, #linenums    0, checksum 3C361210, selection    1 (pick no duplicates)
168 00000000 SECTB2 notype       Static       | .debug$S
    Section length  22C, #relocs    4, #linenums    0, checksum        0, selection    5 (pick associative Section 0xB1)
16A 00000000 SECTB3 notype       Static       | .text$mn
    Section length   8D, #relocs    0, #linenums    0, checksum E2953349, selection    2 (pick any)
16C 00000000 SECTB4 notype       Static       | .debug$S
    Section length   EC, #relocs    4, #linenums    0, checksum        0, selection    5 (pick associative Section 0xB3)
16E 00000000 SECTB5 notype       Static       | .text$mn
    Section length   54, #relocs    1, #linenums    0, checksum FEECAF71, selection    2 (pick any)
170 00000000 SECTB6 notype       Static       | .debug$S
    Section length   FC, #relocs    6, #linenums    0, checksum        0, selection    5 (pick associative Section 0xB5)
172 00000000 SECTB7 notype       Static       | .text$mn
    Section length  151, #relocs    5, #linenums    0, checksum FC56BE9E, selection    2 (pick any)
174 00000000 SECTB8 notype       Static       | .debug$S
    Section length  1A4, #relocs    6, #linenums    0, checksum        0, selection    5 (pick associative Section 0xB7)
176 00000000 SECTB9 notype       Static       | .text$mn
    Section length   58, #relocs    0, #linenums    0, checksum C7EF034B, selection    1 (pick no duplicates)
178 00000000 SECTBA notype       Static       | .debug$S
    Section length   D8, #relocs    4, #linenums    0, checksum        0, selection    5 (pick associative Section 0xB9)
17A 00000000 SECTBB notype       Static       | .text$mn
    Section length   14, #relocs    0, #linenums    0, checksum ECD60C7A, selection    1 (pick no duplicates)
17C 00000000 SECTBC notype       Static       | .debug$S
    Section length   BC, #relocs    4, #linenums    0, checksum        0, selection    5 (pick associative Section 0xBB)
17E 00000000 SECTBD notype       Static       | .text$mn
    Section length    D, #relocs    0, #linenums    0, checksum C6E70FF6, selection    1 (pick no duplicates)
180 00000000 SECTBE notype       Static       | .debug$S
    Section length   B4, #relocs    4, #linenums    0, checksum        0, selection    5 (pick associative Section 0xBD)
182 00000000 SECTBF notype       Static       | .text$mn
    Section length  448, #relocs    D, #linenums    0, checksum 85A4BB05, selection    1 (pick no duplicates)
184 00000000 SECTC0 notype       Static       | .debug$S
    Section length  380, #relocs   18, #linenums    0, checksum        0, selection    5 (pick associative Section 0xBF)
186 00000000 SECTC1 notype       Static       | .text$x
    Section length   76, #relocs    2, #linenums    0, checksum 84ADD5E6, selection    5 (pick associative Section 0xBF)
188 00000000 SECTC2 notype       Static       | .text$mn
    Section length   9E, #relocs    3, #linenums    0, checksum 799F0580, selection    2 (pick any)
18A 00000000 SECTC3 notype       Static       | .debug$S
    Section length   FC, #relocs    4, #linenums    0, checksum        0, selection    5 (pick associative Section 0xC2)
18C 00000000 SECTC4 notype       Static       | .text$mn
    Section length   A4, #relocs    3, #linenums    0, checksum 14BDD70E, selection    2 (pick any)
18E 00000000 SECTC5 notype       Static       | .debug$S
    Section length   F8, #relocs    4, #linenums    0, checksum        0, selection    5 (pick associative Section 0xC4)
190 00000000 SECTC6 notype       Static       | .text$mn
    Section length   9E, #relocs    3, #linenums    0, checksum 799F0580, selection    2 (pick any)
192 00000000 SECTC7 notype       Static       | .debug$S
    Section length   F8, #relocs    4, #linenums    0, checksum        0, selection    5 (pick associative Section 0xC6)
194 00000000 SECTC8 notype       Static       | .text$mn
    Section length   13, #relocs    0, #linenums    0, checksum 8B0F2801, selection    1 (pick no duplicates)
196 00000000 SECTC9 notype       Static       | .debug$S
    Section length   B4, #relocs    4, #linenums    0, checksum        0, selection    5 (pick associative Section 0xC8)
198 00000000 SECTCA notype       Static       | .text$mn
    Section length    F, #relocs    1, #linenums    0, checksum 355EDFD9, selection    2 (pick any)
19A 00000000 SECTCB notype       Static       | .debug$S
    Section length   C4, #relocs    4, #linenums    0, checksum        0, selection    5 (pick associative Section 0xCA)
19C 00000000 SECTCC notype       Static       | .text$mn
    Section length    F, #relocs    1, #linenums    0, checksum 355EDFD9, selection    2 (pick any)
19E 00000000 SECTCD notype       Static       | .debug$S
    Section length   C4, #relocs    4, #linenums    0, checksum        0, selection    5 (pick associative Section 0xCC)
1A0 00000000 SECTCE notype       Static       | .text$mn
    Section length    F, #relocs    1, #linenums    0, checksum 355EDFD9, selection    2 (pick any)
1A2 00000000 SECTCF notype       Static       | .debug$S
    Section length   C4, #relocs    4, #linenums    0, checksum        0, selection    5 (pick associative Section 0xCE)
1A4 00000000 SECTD0 notype       Static       | .text$mn
    Section length   58, #relocs    0, #linenums    0, checksum 59C6D656, selection    1 (pick no duplicates)
1A6 00000000 SECTD1 notype       Static       | .debug$S
    Section length   D8, #relocs    4, #linenums    0, checksum        0, selection    5 (pick associative Section 0xD0)
1A8 00000000 SECTD2 notype       Static       | .text$mn
    Section length   61, #relocs    3, #linenums    0, checksum 4AA2E402, selection    1 (pick no duplicates)
1AA 00000000 SECTD3 notype       Static       | .debug$S
    Section length   E0, #relocs    4, #linenums    0, checksum        0, selection    5 (pick associative Section 0xD2)
1AC 00000000 SECTD4 notype       Static       | .text$mn
    Section length   10, #relocs    0, #linenums    0, checksum BA7B27D5, selection    1 (pick no duplicates)
1AE 00000000 SECTD5 notype       Static       | .debug$S
    Section length   B4, #relocs    4, #linenums    0, checksum        0, selection    5 (pick associative Section 0xD4)
1B0 00000000 SECTD6 notype       Static       | .text$mn
    Section length   1A, #relocs    0, #linenums    0, checksum 906E9003, selection    1 (pick no duplicates)
1B2 00000000 SECTD7 notype       Static       | .debug$S
    Section length   B4, #relocs    4, #linenums    0, checksum        0, selection    5 (pick associative Section 0xD6)
1B4 00000000 SECTD8 notype       Static       | .text$mn
    Section length    D, #relocs    0, #linenums    0, checksum C6E70FF6, selection    1 (pick no duplicates)
1B6 00000000 SECTD9 notype       Static       | .debug$S
    Section length   B8, #relocs    4, #linenums    0, checksum        0, selection    5 (pick associative Section 0xD8)
1B8 00000000 SECTDA notype       Static       | .text$mn
    Section length  1A9, #relocs    5, #linenums    0, checksum ACA82A76, selection    2 (pick any)
1BA 00000000 SECTDB notype       Static       | .debug$S
    Section length  358, #relocs   16, #linenums    0, checksum        0, selection    5 (pick associative Section 0xDA)
1BC 00000000 SECTDC notype       Static       | .text$x
    Section length   38, #relocs    3, #linenums    0, checksum 22C725B2, selection    5 (pick associative Section 0xDA)
1BE 00000000 SECTDD notype       Static       | .text$mn
    Section length   71, #relocs    0, #linenums    0, checksum 73635E30, selection    1 (pick no duplicates)
1C0 00000000 SECTDE notype       Static       | .debug$S
    Section length   E0, #relocs    4, #linenums    0, checksum        0, selection    5 (pick associative Section 0xDD)
1C2 00000000 SECTDF notype       Static       | .text$mn
    Section length  32A, #relocs    C, #linenums    0, checksum 4766F3CB, selection    2 (pick any)
1C4 00000000 SECTE0 notype       Static       | .debug$S
    Section length  270, #relocs    8, #linenums    0, checksum        0, selection    5 (pick associative Section 0xDF)
1C6 00000000 SECTE1 notype       Static       | .text$x
    Section length   23, #relocs    1, #linenums    0, checksum B7B398D7, selection    5 (pick associative Section 0xDF)
1C8 00000000 SECTE2 notype       Static       | .text$mn
    Section length  2D2, #relocs    4, #linenums    0, checksum 233A50DE, selection    2 (pick any)
1CA 00000000 SECTE3 notype       Static       | .debug$S
    Section length  160, #relocs    4, #linenums    0, checksum        0, selection    5 (pick associative Section 0xE2)
1CC 00000000 SECTE4 notype       Static       | .text$mn
    Section length   29, #relocs    0, #linenums    0, checksum D4B25A7B, selection    1 (pick no duplicates)
1CE 00000000 SECTE5 notype       Static       | .debug$S
    Section length   B4, #relocs    4, #linenums    0, checksum        0, selection    5 (pick associative Section 0xE4)
1D0 00000000 SECTE6 notype       Static       | .text$mn
    Section length   14, #relocs    0, #linenums    0, checksum  45AE2B7, selection    1 (pick no duplicates)
1D2 00000000 SECTE7 notype       Static       | .debug$S
    Section length   B4, #relocs    4, #linenums    0, checksum        0, selection    5 (pick associative Section 0xE6)
1D4 00000000 SECTE8 notype       Static       | .text$mn
    Section length   55, #relocs    0, #linenums    0, checksum A6CC0928, selection    1 (pick no duplicates)
1D6 00000000 SECTE9 notype       Static       | .debug$S
    Section length  138, #relocs    6, #linenums    0, checksum        0, selection    5 (pick associative Section 0xE8)
1D8 00000000 SECTEA notype       Static       | .text$mn
    Section length   37, #relocs    1, #linenums    0, checksum BDB7AB8E, selection    2 (pick any)
1DA 00000000 SECTEB notype       Static       | .debug$S
    Section length   B8, #relocs    4, #linenums    0, checksum        0, selection    5 (pick associative Section 0xEA)
1DC 00000000 UNDEF  notype ()    External     | _purecall
1DD 00000000 UNDEF  notype ()    External     | ??2@YAPEAX_K@Z (void * __cdecl operator new(unsigned __int64))
1DE 00000000 UNDEF  notype ()    External     | ??3@YAXPEAX@Z (void __cdecl operator delete(void *))
1DF 00000000 UNDEF  notype ()    External     | atexit
1E0 00000000 UNDEF  notype ()    External     | _invalid_parameter
1E1 00000000 UNDEF  notype ()    External     | ??0_Lockit@std@@QEAA@H@Z (public: __cdecl std::_Lockit::_Lockit(int))
1E2 00000000 UNDEF  notype ()    External     | ??1_Lockit@std@@QEAA@XZ (public: __cdecl std::_Lockit::~_Lockit(void))
1E3 00000000 UNDEF  notype ()    External     | memchr
1E4 00000000 UNDEF  notype ()    External     | memcpy
1E5 00000000 UNDEF  notype ()    External     | memset
1E6 00000000 UNDEF  notype ()    External     | strlen
1E7 00000000 UNDEF  notype ()    External     | memmove
1E8 00000000 UNDEF  notype ()    External     | ??0exception@std@@QEAA@AEBQEBD@Z (public: __cdecl std::exception::exception(char const * const &))
1E9 00000000 UNDEF  notype ()    External     | ??0exception@std@@QEAA@AEBV01@@Z (public: __cdecl std::exception::exception(class std::exception const &))
1EA 00000000 UNDEF  notype ()    External     | ??1exception@std@@UEAA@XZ (public: virtual __cdecl std::exception::~exception(void))
1EB 00000000 UNDEF  notype ()    External     | ?what@exception@std@@UEBAPEBDXZ (public: virtual char const * __cdecl std::exception::what(void)const )
1EC 00000000 UNDEF  notype ()    External     | _hypot
1ED 00000000 SECTEA notype ()    External     | hypot
1EE 00000000 UNDEF  notype ()    External     | _CrtDbgReportW
1EF 00000000 SECT69 notype ()    Static       | ??__Epiecewise_construct@std@@YAXXZ (void __cdecl std::`dynamic initializer for 'piecewise_construct''(void))
1F0 00000000 UNDEF  notype ()    External     | ?_Debug_message@std@@YAXPEBG0I@Z (void __cdecl std::_Debug_message(unsigned short const *,unsigned short const *,unsigned int))
1F1 00000000 SECT84 notype ()    External     | ?_Orphan_all@_Container_base12@std@@QEAAXXZ (public: void __cdecl std::_Container_base12::_Orphan_all(void))
1F2 00000000 SECT8F notype ()    External     | ?_Swap_all@_Container_base12@std@@QEAAXAEAU12@@Z (public: void __cdecl std::_Container_base12::_Swap_all(struct std::_Container_base12 &))
1F3 00000000 SECT67 notype ()    Static       | ??__Eallocator_arg@std@@YAXXZ (void __cdecl std::`dynamic initializer for 'allocator_arg''(void))
1F4 00000000 UNDEF  notype ()    External     | ?_Xbad_alloc@std@@YAXXZ (void __cdecl std::_Xbad_alloc(void))
1F5 00000000 UNDEF  notype ()    External     | ?_Xlength_error@std@@YAXPEBD@Z (void __cdecl std::_Xlength_error(char const *))
1F6 00000000 UNDEF  notype ()    External     | ?_Xout_of_range@std@@YAXPEBD@Z (void __cdecl std::_Xout_of_range(char const *))
1F7 00000000 SECT43 notype ()    External     | ??1logic_error@std@@UEAA@XZ (public: virtual __cdecl std::logic_error::~logic_error(void))
1F8 00000000 SECT2D notype ()    External     | ??0logic_error@std@@QEAA@AEBV01@@Z (public: __cdecl std::logic_error::logic_error(class std::logic_error const &))
1F9 00000000 SECT57 notype ()    External     | ??_Glogic_error@std@@UEAAPEAXI@Z (public: virtual void * __cdecl std::logic_error::`scalar deleting destructor'(unsigned int))
1FA 00000000 UNDEF  notype ()    WeakExternal | ??_Elogic_error@std@@UEAAPEAXI@Z (public: virtual void * __cdecl std::logic_error::`vector deleting destructor'(unsigned int))
    Default index      1F9 library search
1FC 00000000 SECT31 notype ()    External     | ??1?$_String_val@U?$_Simple_types@D@std@@@std@@QEAA@XZ (public: __cdecl std::_String_val<struct std::_Simple_types<char> >::~_String_val<struct std::_Simple_types<char> >(void))
1FD 00000000 SECT2F notype ()    External     | ??1?$_String_alloc@$0A@U?$_String_base_types@DV?$allocator@D@std@@@std@@@std@@QEAA@XZ (public: __cdecl std::_String_alloc<0,struct std::_String_base_types<char,class std::allocator<char> > >::~_String_alloc<0,struct std::_String_base_types<char,class std::allocator<char> > >(void))
1FE 00000000 SECT71 notype ()    External     | ?_Alloc_proxy@?$_String_alloc@$0A@U?$_String_base_types@DV?$allocator@D@std@@@std@@@std@@QEAAXXZ (public: void __cdecl std::_String_alloc<0,struct std::_String_base_types<char,class std::allocator<char> > >::_Alloc_proxy(void))
1FF 00000000 SECT15 notype ()    External     | ??0?$basic_string@DU?$char_traits@D@std@@V?$allocator@D@2@@std@@QEAA@AEBV01@@Z (public: __cdecl std::basic_string<char,struct std::char_traits<char>,class std::allocator<char> >::basic_string<char,struct std::char_traits<char>,class std::allocator<char> >(class std::basic_string<char,struct std::char_traits<char>,class std::allocator<char> > const &))
200 00000000 SECT1B notype ()    External     | ??0?$basic_string@DU?$char_traits@D@std@@V?$allocator@D@2@@std@@QEAA@XZ (public: __cdecl std::basic_string<char,struct std::char_traits<char>,class std::allocator<char> >::basic_string<char,struct std::char_traits<char>,class std::allocator<char> >(void))
201 00000000 SECT18 notype ()    External     | ??0?$basic_string@DU?$char_traits@D@std@@V?$allocator@D@2@@std@@QEAA@PEBD@Z (public: __cdecl std::basic_string<char,struct std::char_traits<char>,class std::allocator<char> >::basic_string<char,struct std::char_traits<char>,class std::allocator<char> >(char const *))
202 00000000 SECT35 notype ()    External     | ??1?$basic_string@DU?$char_traits@D@std@@V?$allocator@D@2@@std@@QEAA@XZ (public: __cdecl std::basic_string<char,struct std::char_traits<char>,class std::allocator<char> >::~basic_string<char,struct std::char_traits<char>,class std::allocator<char> >(void))
203 00000000 SECT45 notype ()    External     | ??4?$basic_string@DU?$char_traits@D@std@@V?$allocator@D@2@@std@@QEAAAEAV01@AEBV01@@Z (public: class std::basic_string<char,struct std::char_traits<char>,class std::allocator<char> > & __cdecl std::basic_string<char,struct std::char_traits<char>,class std::allocator<char> >::operator=(class std::basic_string<char,struct std::char_traits<char>,class std::allocator<char> > const &))
204 00000000 SECT97 notype ()    External     | ?assign@?$basic_string@DU?$char_traits@D@std@@V?$allocator@D@2@@std@@QEAAAEAV12@AEBV12@_K1@Z (public: class std::basic_string<char,struct std::char_traits<char>,class std::allocator<char> > & __cdecl std::basic_string<char,struct std::char_traits<char>,class std::allocator<char> >::assign(class std::basic_string<char,struct std::char_traits<char>,class std::allocator<char> > const &,unsigned __int64,unsigned __int64))
205 00000000 SECT9B notype ()    External     | ?assign@?$basic_string@DU?$char_traits@D@std@@V?$allocator@D@2@@std@@QEAAAEAV12@PEBD_K@Z (public: class std::basic_string<char,struct std::char_traits<char>,class std::allocator<char> > & __cdecl std::basic_string<char,struct std::char_traits<char>,class std::allocator<char> >::assign(char const *,unsigned __int64))
206 00000000 SECT99 notype ()    External     | ?assign@?$basic_string@DU?$char_traits@D@std@@V?$allocator@D@2@@std@@QEAAAEAV12@PEBD@Z (public: class std::basic_string<char,struct std::char_traits<char>,class std::allocator<char> > & __cdecl std::basic_string<char,struct std::char_traits<char>,class std::allocator<char> >::assign(char const *))
207 00000000 SECTB7 notype ()    External     | ?erase@?$basic_string@DU?$char_traits@D@std@@V?$allocator@D@2@@std@@QEAAAEAV12@_K0@Z (public: class std::basic_string<char,struct std::char_traits<char>,class std::allocator<char> > & __cdecl std::basic_string<char,struct std::char_traits<char>,class std::allocator<char> >::erase(unsigned __int64,unsigned __int64))
208 00000000 SECT91 notype ()    External     | ?_Swap_bx@?$basic_string@DU?$char_traits@D@std@@V?$allocator@D@2@@std@@QEAAXAEAV12@@Z (public: void __cdecl std::basic_string<char,struct std::char_traits<char>,class std::allocator<char> >::_Swap_bx(class std::basic_string<char,struct std::char_traits<char>,class std::allocator<char> > &))
209 00000000 SECTDF notype ()    External     | ?swap@?$basic_string@DU?$char_traits@D@std@@V?$allocator@D@2@@std@@QEAAXAEAV12@@Z (public: void __cdecl std::basic_string<char,struct std::char_traits<char>,class std::allocator<char> >::swap(class std::basic_string<char,struct std::char_traits<char>,class std::allocator<char> > &))
20A 00000000 SECT77 notype ()    External     | ?_Copy@?$basic_string@DU?$char_traits@D@std@@V?$allocator@D@2@@std@@QEAAX_K0@Z (public: void __cdecl std::basic_string<char,struct std::char_traits<char>,class std::allocator<char> >::_Copy(unsigned __int64,unsigned __int64))
20B 00000000 SECT7C notype ()    External     | ?_Eos@?$basic_string@DU?$char_traits@D@std@@V?$allocator@D@2@@std@@QEAAX_K@Z (public: void __cdecl std::basic_string<char,struct std::char_traits<char>,class std::allocator<char> >::_Eos(unsigned __int64))
20C 00000000 SECT80 notype ()    External     | ?_Grow@?$basic_string@DU?$char_traits@D@std@@V?$allocator@D@2@@std@@QEAA_N_K_N@Z (public: bool __cdecl std::basic_string<char,struct std::char_traits<char>,class std::allocator<char> >::_Grow(unsigned __int64,bool))
20D 00000000 SECT82 notype ()    External     | ?_Inside@?$basic_string@DU?$char_traits@D@std@@V?$allocator@D@2@@std@@QEAA_NPEBD@Z (public: bool __cdecl std::basic_string<char,struct std::char_traits<char>,class std::allocator<char> >::_Inside(char const *))
20E 00000000 SECT93 notype ()    External     | ?_Tidy@?$basic_string@DU?$char_traits@D@std@@V?$allocator@D@2@@std@@QEAAX_N_K@Z (public: void __cdecl std::basic_string<char,struct std::char_traits<char>,class std::allocator<char> >::_Tidy(bool,unsigned __int64))
20F 00000000 SECT41 notype ()    External     | ??1invalid_argument@std@@UEAA@XZ (public: virtual __cdecl std::invalid_argument::~invalid_argument(void))
210 00000000 SECT2B notype ()    External     | ??0invalid_argument@std@@QEAA@AEBV01@@Z (public: __cdecl std::invalid_argument::invalid_argument(class std::invalid_argument const &))
211 00000000 SECT55 notype ()    External     | ??_Ginvalid_argument@std@@UEAAPEAXI@Z (public: virtual void * __cdecl std::invalid_argument::`scalar deleting destructor'(unsigned int))
212 00000000 UNDEF  notype ()    WeakExternal | ??_Einvalid_argument@std@@UEAAPEAXI@Z (public: virtual void * __cdecl std::invalid_argument::`vector deleting destructor'(unsigned int))
    Default index      211 library search
214 00000000 UNDEF  notype ()    External     | ?decodeCall@MilesTransport@@YA_NUBytes@1@AEAUHeader@MilesWire@@AEAUCall@4@@Z (bool __cdecl MilesTransport::decodeCall(struct MilesTransport::Bytes,struct MilesWire::Header &,struct MilesWire::Call &))
215 00000000 UNDEF  notype ()    External     | ?encodeResult@MilesTransport@@YA_NUHeader@MilesWire@@AEBUResult@3@UBytes@1@2AEAV?$vector@EV?$allocator@E@std@@@std@@@Z (bool __cdecl MilesTransport::encodeResult(struct MilesWire::Header,struct MilesWire::Result const &,struct MilesTransport::Bytes,struct MilesTransport::Bytes,class std::vector<unsigned char,class std::allocator<unsigned char> > &))
216 00000000 UNDEF  notype ()    External     | ?encodeResultInto@MilesTransport@@YA_NUHeader@MilesWire@@AEBUResult@3@UBytes@1@2PEAE_KAEA_K@Z (bool __cdecl MilesTransport::encodeResultInto(struct MilesWire::Header,struct MilesWire::Result const &,struct MilesTransport::Bytes,struct MilesTransport::Bytes,unsigned char *,unsigned __int64,unsigned __int64 &))
217 00000000 UNDEF  notype ()    External     | ?decodeResult@MilesTransport@@YA_NUBytes@1@AEAUHeader@MilesWire@@AEAUResult@4@@Z (bool __cdecl MilesTransport::decodeResult(struct MilesTransport::Bytes,struct MilesWire::Header &,struct MilesWire::Result &))
218 00000000 SECT7A notype ()    External     | ?_Decref@_Ref_count_base@std@@QEAAXXZ (public: void __cdecl std::_Ref_count_base::_Decref(void))
219 00000000 SECTAD notype ()    External     | ?default_error_condition@error_category@std@@UEBA?AVerror_condition@2@H@Z (public: virtual class std::error_condition __cdecl std::error_category::default_error_condition(int)const )
21A 00000000 SECTB5 notype ()    External     | ?equivalent@error_category@std@@UEBA_NHAEBVerror_condition@2@@Z (public: virtual bool __cdecl std::error_category::equivalent(int,class std::error_condition const &)const )
21B 00000000 SECTB3 notype ()    External     | ?equivalent@error_category@std@@UEBA_NAEBVerror_code@2@H@Z (public: virtual bool __cdecl std::error_category::equivalent(class std::error_code const &,int)const )
21C 00000000 SECT53 notype ()    External     | ??_Gerror_category@std@@UEAAPEAXI@Z (public: virtual void * __cdecl std::error_category::`scalar deleting destructor'(unsigned int))
21D 00000000 UNDEF  notype ()    WeakExternal | ??_Eerror_category@std@@UEAAPEAXI@Z (public: virtual void * __cdecl std::error_category::`vector deleting destructor'(unsigned int))
    Default index      21C library search
21F 00000000 SECT47 notype ()    External     | ??8error_condition@std@@QEBA_NAEBV01@@Z (public: bool __cdecl std::error_condition::operator==(class std::error_condition const &)const )
220 00000000 UNDEF  notype ()    External     | ?_Syserror_map@std@@YAPEBDH@Z (char const * __cdecl std::_Syserror_map(int))
221 00000000 UNDEF  notype ()    External     | ?_Winerror_map@std@@YAPEBDH@Z (char const * __cdecl std::_Winerror_map(int))
222 00000000 SECTCA notype ()    External     | ?name@_Generic_error_category@std@@UEBAPEBDXZ (public: virtual char const * __cdecl std::_Generic_error_category::name(void)const )
223 00000000 SECTC2 notype ()    External     | ?message@_Generic_error_category@std@@UEBA?AV?$basic_string@DU?$char_traits@D@std@@V?$allocator@D@2@@2@H@Z (public: virtual class std::basic_string<char,struct std::char_traits<char>,class std::allocator<char> > __cdecl std::_Generic_error_category::message(int)const )
224 00000000 SECT4D notype ()    External     | ??_G_Generic_error_category@std@@UEAAPEAXI@Z (public: virtual void * __cdecl std::_Generic_error_category::`scalar deleting destructor'(unsigned int))
225 00000000 UNDEF  notype ()    WeakExternal | ??_E_Generic_error_category@std@@UEAAPEAXI@Z (public: virtual void * __cdecl std::_Generic_error_category::`vector deleting destructor'(unsigned int))
    Default index      224 library search
227 00000000 SECTCC notype ()    External     | ?name@_Iostream_error_category@std@@UEBAPEBDXZ (public: virtual char const * __cdecl std::_Iostream_error_category::name(void)const )
228 00000000 SECTC4 notype ()    External     | ?message@_Iostream_error_category@std@@UEBA?AV?$basic_string@DU?$char_traits@D@std@@V?$allocator@D@2@@2@H@Z (public: virtual class std::basic_string<char,struct std::char_traits<char>,class std::allocator<char> > __cdecl std::_Iostream_error_category::message(int)const )
229 00000000 SECT4F notype ()    External     | ??_G_Iostream_error_category@std@@UEAAPEAXI@Z (public: virtual void * __cdecl std::_Iostream_error_category::`scalar deleting destructor'(unsigned int))
22A 00000000 UNDEF  notype ()    WeakExternal | ??_E_Iostream_error_category@std@@UEAAPEAXI@Z (public: virtual void * __cdecl std::_Iostream_error_category::`vector deleting destructor'(unsigned int))
    Default index      229 library search
22C 00000000 SECTCE notype ()    External     | ?name@_System_error_category@std@@UEBAPEBDXZ (public: virtual char const * __cdecl std::_System_error_category::name(void)const )
22D 00000000 SECTC6 notype ()    External     | ?message@_System_error_category@std@@UEBA?AV?$basic_string@DU?$char_traits@D@std@@V?$allocator@D@2@@2@H@Z (public: virtual class std::basic_string<char,struct std::char_traits<char>,class std::allocator<char> > __cdecl std::_System_error_category::message(int)const )
22E 00000000 SECTAB notype ()    External     | ?default_error_condition@_System_error_category@std@@UEBA?AVerror_condition@2@H@Z (public: virtual class std::error_condition __cdecl std::_System_error_category::default_error_condition(int)const )
22F 00000000 SECT51 notype ()    External     | ??_G_System_error_category@std@@UEAAPEAXI@Z (public: virtual void * __cdecl std::_System_error_category::`scalar deleting destructor'(unsigned int))
230 00000000 UNDEF  notype ()    WeakExternal | ??_E_System_error_category@std@@UEAAPEAXI@Z (public: virtual void * __cdecl std::_System_error_category::`vector deleting destructor'(unsigned int))
    Default index      22F library search
232 00000000 SECT29 notype ()    External     | ??0Request@MilesFileChannel26@@QEAA@XZ (public: __cdecl MilesFileChannel26::Request::Request(void))
233 00000000 SECTD4 notype ()    External     | ?opcode@Request@MilesFileChannel26@@QEBAIXZ (public: unsigned int __cdecl MilesFileChannel26::Request::opcode(void)const )
234 00000000 SECTE4 notype ()    External     | ?target@Request@MilesFileChannel26@@QEBA?AUHandle@MilesWire@@XZ (public: struct MilesWire::Handle __cdecl MilesFileChannel26::Request::target(void)const )
235 00000000 SECTA3 notype ()    External     | ?count@Request@MilesFileChannel26@@QEBAIXZ (public: unsigned int __cdecl MilesFileChannel26::Request::count(void)const )
236 00000000 SECTD2 notype ()    External     | ?offset@Request@MilesFileChannel26@@QEBAHXZ (public: int __cdecl MilesFileChannel26::Request::offset(void)const )
237 00000000 SECTD6 notype ()    External     | ?origin@Request@MilesFileChannel26@@QEBAIXZ (public: unsigned int __cdecl MilesFileChannel26::Request::origin(void)const )
238 00000000 SECTC8 notype ()    External     | ?name@Request@MilesFileChannel26@@QEBAAEBV?$basic_string@DU?$char_traits@D@std@@V?$allocator@D@2@@std@@XZ (public: class std::basic_string<char,struct std::char_traits<char>,class std::allocator<char> > const & __cdecl MilesFileChannel26::Request::name(void)const )
239 00000000 SECTBD notype ()    External     | ?header@Request@MilesFileChannel26@@QEBAAEBUHeader@MilesWire@@XZ (public: struct MilesWire::Header const & __cdecl MilesFileChannel26::Request::header(void)const )
23A 00000000 SECTE6 notype ()    External     | ?valid@Request@MilesFileChannel26@@QEBA_NXZ (public: bool __cdecl MilesFileChannel26::Request::valid(void)const )
23B 00000000 SECTA8 notype ()    External     | ?decodeRequest@MilesFileChannel26@@YA?AW4Validation@1@UBytes@MilesTransport@@AEBUAssociation@1@AEAVRequest@1@@Z (enum MilesFileChannel26::Validation __cdecl MilesFileChannel26::decodeRequest(struct MilesTransport::Bytes,struct MilesFileChannel26::Association const &,class MilesFileChannel26::Request &))
23C 00000000 SECT3F notype ()    External     | ??1Request@MilesFileChannel26@@QEAA@XZ (public: __cdecl MilesFileChannel26::Request::~Request(void))
23D 00000000 SECT1E notype ()    External     | ??0Binding@MilesFileChannel26@@QEAA@UHandle@MilesWire@@ULocalFileHandle@ClientAudioFileCallbacks@@@Z (public: __cdecl MilesFileChannel26::Binding::Binding(struct MilesWire::Handle,struct ClientAudioFileCallbacks::LocalFileHandle))
23E 00000000 SECT33 notype ()    External     | ??1?$_Vector_val@U?$_Simple_types@E@std@@@std@@QEAA@XZ (public: __cdecl std::_Vector_val<struct std::_Simple_types<unsigned char> >::~_Vector_val<struct std::_Simple_types<unsigned char> >(void))
23F 00000000 SECT73 notype ()    External     | ?_Alloc_proxy@?$_Vector_alloc@$0A@U?$_Vec_base_types@EV?$allocator@E@std@@@std@@@std@@QEAAXXZ (public: void __cdecl std::_Vector_alloc<0,struct std::_Vec_base_types<unsigned char,class std::allocator<unsigned char> > >::_Alloc_proxy(void))
240 00000000 SECT7E notype ()    External     | ?_Free_proxy@?$_Vector_alloc@$0A@U?$_Vec_base_types@EV?$allocator@E@std@@@std@@@std@@QEAAXXZ (public: void __cdecl std::_Vector_alloc<0,struct std::_Vec_base_types<unsigned char,class std::allocator<unsigned char> > >::_Free_proxy(void))
241 00000000 SECTDA notype ()    External     | ?resize@?$vector@EV?$allocator@E@std@@@std@@QEAAX_K@Z (public: void __cdecl std::vector<unsigned char,class std::allocator<unsigned char> >::resize(unsigned __int64))
242 00000000 SECT4B notype ()    External     | ??A?$vector@EV?$allocator@E@std@@@std@@QEBAAEBE_K@Z (public: unsigned char const & __cdecl std::vector<unsigned char,class std::allocator<unsigned char> >::operator[](unsigned __int64)const )
243 00000000 SECT49 notype ()    External     | ??A?$vector@EV?$allocator@E@std@@@std@@QEAAAEAE_K@Z (public: unsigned char & __cdecl std::vector<unsigned char,class std::allocator<unsigned char> >::operator[](unsigned __int64))
244 00000000 SECT88 notype ()    External     | ?_Pop_back_n@?$vector@EV?$allocator@E@std@@@std@@QEAAX_K@Z (public: void __cdecl std::vector<unsigned char,class std::allocator<unsigned char> >::_Pop_back_n(unsigned __int64))
245 00000000 SECTE2 notype ()    External     | ?swap@?$vector@EV?$allocator@E@std@@@std@@QEAAXAEAV12@@Z (public: void __cdecl std::vector<unsigned char,class std::allocator<unsigned char> >::swap(class std::vector<unsigned char,class std::allocator<unsigned char> > &))
246 00000000 SECT75 notype ()    External     | ?_Buy@?$vector@EV?$allocator@E@std@@@std@@IEAA_N_K@Z (protected: bool __cdecl std::vector<unsigned char,class std::allocator<unsigned char> >::_Buy(unsigned __int64))
247 00000000 SECT8A notype ()    External     | ?_Reallocate@?$vector@EV?$allocator@E@std@@@std@@IEAAX_K@Z (protected: void __cdecl std::vector<unsigned char,class std::allocator<unsigned char> >::_Reallocate(unsigned __int64))
248 00000000 SECT8D notype ()    External     | ?_Reserve@?$vector@EV?$allocator@E@std@@@std@@IEAAX_K@Z (protected: void __cdecl std::vector<unsigned char,class std::allocator<unsigned char> >::_Reserve(unsigned __int64))
249 00000000 SECT95 notype ()    External     | ?_Tidy@?$vector@EV?$allocator@E@std@@@std@@IEAAXXZ (protected: void __cdecl std::vector<unsigned char,class std::allocator<unsigned char> >::_Tidy(void))
24A 00000000 SECT86 notype ()    External     | ?_Orphan_range@?$vector@EV?$allocator@E@std@@@std@@IEBAXPEAE0@Z (protected: void __cdecl std::vector<unsigned char,class std::allocator<unsigned char> >::_Orphan_range(unsigned char *,unsigned char *)const )
24B 00000000 SECT20 notype ()    External     | ??0Completion@MilesFileChannel26@@QEAA@XZ (public: __cdecl MilesFileChannel26::Completion::Completion(void))
24C 00000000 SECT3B notype ()    External     | ??1Completion@MilesFileChannel26@@QEAA@XZ (public: __cdecl MilesFileChannel26::Completion::~Completion(void))
24D 00000000 SECT23 notype ()    External     | ??0Invocation@MilesFileChannel26@@QEAA@AEBVRequest@1@AEBUFileServices@1@V?$shared_ptr@$$CBUBinding@MilesFileChannel26@@@std@@V?$shared_ptr@X@5@@Z (public: __cdecl MilesFileChannel26::Invocation::Invocation(class MilesFileChannel26::Request const &,struct MilesFileChannel26::FileServices const &,class std::shared_ptr<struct MilesFileChannel26::Binding const >,class std::shared_ptr<void>))
24E 00000000 SECTBF notype ()    External     | ?invokeOnAdmittedExecutor@Invocation@MilesFileChannel26@@QEAA_NXZ (public: bool __cdecl MilesFileChannel26::Invocation::invokeOnAdmittedExecutor(void))
24F 00000000 SECTBB notype ()    External     | ?finished@Invocation@MilesFileChannel26@@QEBA_NXZ (public: bool __cdecl MilesFileChannel26::Invocation::finished(void)const )
250 00000000 SECT9F notype ()    External     | ?completion@Invocation@MilesFileChannel26@@QEBAAEBUCompletion@2@XZ (public: struct MilesFileChannel26::Completion const & __cdecl MilesFileChannel26::Invocation::completion(void)const )
251 00000000 SECTD8 notype ()    External     | ?request@Invocation@MilesFileChannel26@@QEBAAEBVRequest@2@XZ (public: class MilesFileChannel26::Request const & __cdecl MilesFileChannel26::Invocation::request(void)const )
252 00000000 SECT37 notype ()    External     | ??1?$shared_ptr@$$CBUBinding@MilesFileChannel26@@@std@@QEAA@XZ (public: __cdecl std::shared_ptr<struct MilesFileChannel26::Binding const >::~shared_ptr<struct MilesFileChannel26::Binding const >(void))
253 00000000 SECT39 notype ()    External     | ??1?$shared_ptr@X@std@@QEAA@XZ (public: __cdecl std::shared_ptr<void>::~shared_ptr<void>(void))
254 00000000 SECTAF notype ()    External     | ?encodeCompletion@MilesFileChannel26@@YA?AW4Validation@1@AEBVInvocation@1@UHandle@MilesWire@@AEAV?$vector@EV?$allocator@E@std@@@std@@@Z (enum MilesFileChannel26::Validation __cdecl MilesFileChannel26::encodeCompletion(class MilesFileChannel26::Invocation const &,struct MilesWire::Handle,class std::vector<unsigned char,class std::allocator<unsigned char> > &))
255 00000000 SECTB1 notype ()    External     | ?encodeCompletionInto@MilesFileChannel26@@YA?AW4Validation@1@AEBVInvocation@1@UHandle@MilesWire@@PEAE_KAEA_K@Z (enum MilesFileChannel26::Validation __cdecl MilesFileChannel26::encodeCompletionInto(class MilesFileChannel26::Invocation const &,struct MilesWire::Handle,unsigned char *,unsigned __int64,unsigned __int64 &))
256 00000000 SECT26 notype ()    External     | ??0OwnedReply@MilesFileChannel26@@QEAA@XZ (public: __cdecl MilesFileChannel26::OwnedReply::OwnedReply(void))
257 00000000 SECT3D notype ()    External     | ??1OwnedReply@MilesFileChannel26@@QEAA@XZ (public: __cdecl MilesFileChannel26::OwnedReply::~OwnedReply(void))
258 00000000 SECTA5 notype ()    External     | ?decodeReply@MilesFileChannel26@@YA?AW4Validation@1@UBytes@MilesTransport@@AEBVRequest@1@AEAUOwnedReply@1@@Z (enum MilesFileChannel26::Validation __cdecl MilesFileChannel26::decodeReply(struct MilesTransport::Bytes,class MilesFileChannel26::Request const &,struct MilesFileChannel26::OwnedReply &))
259 00000000 SECTA1 notype ()    External     | ?copyRead@MilesFileChannel26@@YA?AW4Validation@1@AEBUOwnedReply@1@IPEAX_K@Z (enum MilesFileChannel26::Validation __cdecl MilesFileChannel26::copyRead(struct MilesFileChannel26::OwnedReply const &,unsigned int,void *,unsigned __int64))
25A 00000000 SECTD0 notype ()    External     | ?nullHandle@?A0xa705e22b@MilesFileChannel26@@YA_NAEBUHandle@MilesWire@@@Z (bool __cdecl MilesFileChannel26::`anonymous namespace'::nullHandle(struct MilesWire::Handle const &))
25B 00000000 SECTB9 notype ()    External     | ?fileHandle@?A0xa705e22b@MilesFileChannel26@@YA_NAEBUHandle@MilesWire@@@Z (bool __cdecl MilesFileChannel26::`anonymous namespace'::fileHandle(struct MilesWire::Handle const &))
25C 00000000 SECTDD notype ()    External     | ?same@?A0xa705e22b@MilesFileChannel26@@YA_NAEBUHandle@MilesWire@@0@Z (bool __cdecl MilesFileChannel26::`anonymous namespace'::same(struct MilesWire::Handle const &,struct MilesWire::Handle const &))
25D 00000000 SECT9D notype ()    External     | ?association@?A0xa705e22b@MilesFileChannel26@@YA_NAEBUHeader@MilesWire@@AEBUAssociation@2@@Z (bool __cdecl MilesFileChannel26::`anonymous namespace'::association(struct MilesWire::Header const &,struct MilesFileChannel26::Association const &))
25E 00000000 SECTE8 notype ()    External     | ?zeroValues@?A0xa705e22b@MilesFileChannel26@@YA_NPEBII@Z (bool __cdecl MilesFileChannel26::`anonymous namespace'::zeroValues(unsigned int const *,unsigned int))
25F 00000000 SECT7  notype ()    External     | ??$_Reset@$$CBUBinding@MilesFileChannel26@@@?$_Ptr_base@$$CBUBinding@MilesFileChannel26@@@std@@QEAAXAEBV01@@Z (public: void __cdecl std::_Ptr_base<struct MilesFileChannel26::Binding const >::_Reset<struct MilesFileChannel26::Binding const >(class std::_Ptr_base<struct MilesFileChannel26::Binding const > const &))
260 00000000 SECT9  notype ()    External     | ??$_Reset@X@?$_Ptr_base@X@std@@QEAAXAEBV01@@Z (public: void __cdecl std::_Ptr_base<void>::_Reset<void>(class std::_Ptr_base<void> const &))
261 00000000 SECT59 notype ()    Static       | ??__E?_Generic_object@?$_Error_objects@H@std@@2V_Generic_error_category@2@A@@YAXXZ (void __cdecl `dynamic initializer for 'public: static class std::_Generic_error_category std::_Error_objects<int>::_Generic_object''(void))
262 00000000 SECT6B notype ()    Static       | ??__F?_Generic_object@?$_Error_objects@H@std@@2V_Generic_error_category@2@A@@YAXXZ (void __cdecl `dynamic atexit destructor for 'public: static class std::_Generic_error_category std::_Error_objects<int>::_Generic_object''(void))
263 00000000 SECT5B notype ()    Static       | ??__E?_Iostream_object@?$_Error_objects@H@std@@2V_Iostream_error_category@2@A@@YAXXZ (void __cdecl `dynamic initializer for 'public: static class std::_Iostream_error_category std::_Error_objects<int>::_Iostream_object''(void))
264 00000000 SECT6D notype ()    Static       | ??__F?_Iostream_object@?$_Error_objects@H@std@@2V_Iostream_error_category@2@A@@YAXXZ (void __cdecl `dynamic atexit destructor for 'public: static class std::_Iostream_error_category std::_Error_objects<int>::_Iostream_object''(void))
265 00000000 SECT5D notype ()    Static       | ??__E?_System_object@?$_Error_objects@H@std@@2V_System_error_category@2@A@@YAXXZ (void __cdecl `dynamic initializer for 'public: static class std::_System_error_category std::_Error_objects<int>::_System_object''(void))
266 00000000 SECT6F notype ()    Static       | ??__F?_System_object@?$_Error_objects@H@std@@2V_System_error_category@2@A@@YAXXZ (void __cdecl `dynamic atexit destructor for 'public: static class std::_System_error_category std::_Error_objects<int>::_System_object''(void))
267 00000000 SECT5  notype ()    External     | ??$_Assign@PEBE@?$vector@EV?$allocator@E@std@@@std@@QEAAXPEBE0Uforward_iterator_tag@1@@Z (public: void __cdecl std::vector<unsigned char,class std::allocator<unsigned char> >::_Assign<unsigned char const *>(unsigned char const *,unsigned char const *,struct std::forward_iterator_tag))
268 00000000 SECT13 notype ()    External     | ??$swap@PEAU_Container_proxy@std@@@std@@YAXAEAPEAU_Container_proxy@0@0@Z (void __cdecl std::swap<struct std::_Container_proxy *>(struct std::_Container_proxy * &,struct std::_Container_proxy * &))
269 00000000 SECT5F notype ()    Static       | ??__E?id@?$num_put@DV?$back_insert_iterator@V?$basic_string@DU?$char_traits@D@std@@V?$allocator@D@2@@std@@@std@@@std@@2V0locale@2@A@@YAXXZ (void __cdecl `dynamic initializer for 'public: static class std::locale::id std::num_put<char,class std::back_insert_iterator<class std::basic_string<char,struct std::char_traits<char>,class std::allocator<char> > > >::id''(void))
26A 00000000 SECT61 notype ()    Static       | ??__E?id@?$num_put@GV?$back_insert_iterator@V?$basic_string@GU?$char_traits@G@std@@V?$allocator@G@2@@std@@@std@@@std@@2V0locale@2@A@@YAXXZ (void __cdecl `dynamic initializer for 'public: static class std::locale::id std::num_put<unsigned short,class std::back_insert_iterator<class std::basic_string<unsigned short,struct std::char_traits<unsigned short>,class std::allocator<unsigned short> > > >::id''(void))
26B 00000000 SECT11 notype ()    External     | ??$distance@PEBE@std@@YA_JPEBE0@Z (__int64 __cdecl std::distance<unsigned char const *>(unsigned char const *,unsigned char const *))
26C 00000000 SECT63 notype ()    Static       | ??__E?id@?$numpunct@D@std@@2V0locale@2@A@@YAXXZ (void __cdecl `dynamic initializer for 'public: static class std::locale::id std::numpunct<char>::id''(void))
26D 00000000 SECT65 notype ()    Static       | ??__E?id@?$numpunct@G@std@@2V0locale@2@A@@YAXXZ (void __cdecl `dynamic initializer for 'public: static class std::locale::id std::numpunct<unsigned short>::id''(void))
26E 00000000 SECTF  notype ()    External     | ??$_Uninit_move@EEE@std@@YAPEAEPEAE00AEAU?$_Wrap_alloc@V?$allocator@E@std@@@0@0U_Scalar_ptr_iterator_tag@0@@Z (unsigned char * __cdecl std::_Uninit_move<unsigned char,unsigned char,unsigned char>(unsigned char *,unsigned char *,unsigned char *,struct std::_Wrap_alloc<class std::allocator<unsigned char> > &,unsigned char *,struct std::_Scalar_ptr_iterator_tag))
26F 00000000 SECTD  notype ()    External     | ??$_Uninit_copy@PEBEPEAEU?$_Wrap_alloc@V?$allocator@E@std@@@std@@@std@@YAPEAEPEBE0PEAEAEAU?$_Wrap_alloc@V?$allocator@E@std@@@0@@Z (unsigned char * __cdecl std::_Uninit_copy<unsigned char const *,unsigned char *,struct std::_Wrap_alloc<class std::allocator<unsigned char> > >(unsigned char const *,unsigned char const *,unsigned char *,struct std::_Wrap_alloc<class std::allocator<unsigned char> > &))
270 00000000 SECTB  notype ()    External     | ??$_Uninit_copy@$$CBEE@std@@YAPEAEPEBE0PEAEAEAU?$_Wrap_alloc@V?$allocator@E@std@@@0@U_Scalar_ptr_iterator_tag@0@@Z (unsigned char * __cdecl std::_Uninit_copy<unsigned char const ,unsigned char>(unsigned char const *,unsigned char const *,unsigned char *,struct std::_Wrap_alloc<class std::allocator<unsigned char> > &,struct std::_Scalar_ptr_iterator_tag))
271 000000A1 SECT79 notype ()    Static       | ?catch$0@?0??_Copy@?$basic_string@DU?$char_traits@D@std@@V?$allocator@D@2@@std@@QEAAX_K0@Z@4HA (int `public: void __cdecl std::basic_string<char,struct std::char_traits<char>,class std::allocator<char> >::_Copy(unsigned __int64,unsigned __int64)'::`1'::catch$0)
272 00000000 SECT8C notype ()    Static       | ?catch$0@?0??_Reallocate@?$vector@EV?$allocator@E@std@@@std@@IEAAX_K@Z@4HA (int `protected: void __cdecl std::vector<unsigned char,class std::allocator<unsigned char> >::_Reallocate(unsigned __int64)'::`1'::catch$0)
273 00000000 SECTC1 notype ()    Static       | ?catch$0@?0??invokeOnAdmittedExecutor@Invocation@MilesFileChannel26@@QEAA_NXZ@4HA (int `public: bool __cdecl MilesFileChannel26::Invocation::invokeOnAdmittedExecutor(void)'::`1'::catch$0)
274 00000000 SECTDC notype ()    Static       | ?catch$0@?0??resize@?$vector@EV?$allocator@E@std@@@std@@QEAAX_K@Z@4HA (int `public: void __cdecl std::vector<unsigned char,class std::allocator<unsigned char> >::resize(unsigned __int64)'::`1'::catch$0)
275 00000000 SECT79 notype ()    Static       | ?catch$1@?0??_Copy@?$basic_string@DU?$char_traits@D@std@@V?$allocator@D@2@@std@@QEAAX_K0@Z@4HA (int `public: void __cdecl std::basic_string<char,struct std::char_traits<char>,class std::allocator<char> >::_Copy(unsigned __int64,unsigned __int64)'::`1'::catch$1)
276 00000026 SECT17 notype ()    Static       | ?dtor$0@?0???0?$basic_string@DU?$char_traits@D@std@@V?$allocator@D@2@@std@@QEAA@AEBV01@@Z@4HA (int `public: __cdecl std::basic_string<char,struct std::char_traits<char>,class std::allocator<char> >::basic_string<char,struct std::char_traits<char>,class std::allocator<char> >(class basic_string<char,struct std::char_traits<char>,class std::allocator<char> >::dtor$0 const &)'::`1'::dtor$0)
277 00000026 SECT1A notype ()    Static       | ?dtor$0@?0???0?$basic_string@DU?$char_traits@D@std@@V?$allocator@D@2@@std@@QEAA@PEBD@Z@4HA (int `public: __cdecl std::basic_string<char,struct std::char_traits<char>,class std::allocator<char> >::basic_string<char,struct std::char_traits<char>,class std::allocator<char> >(char const *)'::`1'::dtor$0)
278 00000023 SECT1D notype ()    Static       | ?dtor$0@?0???0?$basic_string@DU?$char_traits@D@std@@V?$allocator@D@2@@std@@QEAA@XZ@4HA (int `public: __cdecl std::basic_string<char,struct std::char_traits<char>,class std::allocator<char> >::basic_string<char,struct std::char_traits<char>,class std::allocator<char> >(void)'::`1'::dtor$0)
279 00000000 SECT25 notype ()    Static       | ?dtor$0@?0???0Invocation@MilesFileChannel26@@QEAA@AEBVRequest@1@AEBUFileServices@1@V?$shared_ptr@$$CBUBinding@MilesFileChannel26@@@std@@V?$shared_ptr@X@5@@Z@4HA (int `public: __cdecl MilesFileChannel26::Invocation::Invocation(class Invocation::Request const &,struct Invocation::FileServices const &,class std::shared_ptr<struct MilesFileChannel26::Binding const >,class shared_ptr<struct MilesFileChannel26::Binding const >::shared_ptr<void>)'::`1'::dtor$0)
27A 00000000 SECTA7 notype ()    Static       | ?dtor$0@?0??decodeReply@MilesFileChannel26@@YA?AW4Validation@1@UBytes@MilesTransport@@AEBVRequest@1@AEAUOwnedReply@1@@Z@4HA (int `enum decodeReply::Validation __cdecl MilesFileChannel26::decodeReply(struct MilesTransport::Bytes,class decodeReply::Request const &,struct decodeReply::OwnedReply &)'::`1'::dtor$0)
27B 00000000 SECTAA notype ()    Static       | ?dtor$0@?0??decodeRequest@MilesFileChannel26@@YA?AW4Validation@1@UBytes@MilesTransport@@AEBUAssociation@1@AEAVRequest@1@@Z@4HA (int `enum decodeRequest::Validation __cdecl MilesFileChannel26::decodeRequest(struct MilesTransport::Bytes,struct decodeRequest::Association const &,class decodeRequest::Request &)'::`1'::dtor$0)
27C 00000000 SECTE1 notype ()    Static       | ?dtor$0@?0??swap@?$basic_string@DU?$char_traits@D@std@@V?$allocator@D@2@@std@@QEAAXAEAV12@@Z@4HA (int `public: void __cdecl std::basic_string<char,struct std::char_traits<char>,class std::allocator<char> >::swap(class basic_string<char,struct std::char_traits<char>,class std::allocator<char> >::swap &)'::`1'::dtor$0)
27D 00000000 SECT17 notype ()    Static       | ?dtor$1@?0???0?$basic_string@DU?$char_traits@D@std@@V?$allocator@D@2@@std@@QEAA@AEBV01@@Z@4HA (int `public: __cdecl std::basic_string<char,struct std::char_traits<char>,class std::allocator<char> >::basic_string<char,struct std::char_traits<char>,class std::allocator<char> >(class basic_string<char,struct std::char_traits<char>,class std::allocator<char> >::dtor$1 const &)'::`1'::dtor$1)
27E 00000000 SECT1A notype ()    Static       | ?dtor$1@?0???0?$basic_string@DU?$char_traits@D@std@@V?$allocator@D@2@@std@@QEAA@PEBD@Z@4HA (int `public: __cdecl std::basic_string<char,struct std::char_traits<char>,class std::allocator<char> >::basic_string<char,struct std::char_traits<char>,class std::allocator<char> >(char const *)'::`1'::dtor$1)
27F 00000000 SECT1D notype ()    Static       | ?dtor$1@?0???0?$basic_string@DU?$char_traits@D@std@@V?$allocator@D@2@@std@@QEAA@XZ@4HA (int `public: __cdecl std::basic_string<char,struct std::char_traits<char>,class std::allocator<char> >::basic_string<char,struct std::char_traits<char>,class std::allocator<char> >(void)'::`1'::dtor$1)
280 00000026 SECT25 notype ()    Static       | ?dtor$1@?0???0Invocation@MilesFileChannel26@@QEAA@AEBVRequest@1@AEBUFileServices@1@V?$shared_ptr@$$CBUBinding@MilesFileChannel26@@@std@@V?$shared_ptr@X@5@@Z@4HA (int `public: __cdecl MilesFileChannel26::Invocation::Invocation(class Invocation::Request const &,struct Invocation::FileServices const &,class std::shared_ptr<struct MilesFileChannel26::Binding const >,class shared_ptr<struct MilesFileChannel26::Binding const >::shared_ptr<void>)'::`1'::dtor$1)
281 00000000 SECT22 notype ()    Static       | ?dtor$2@?0???0Completion@MilesFileChannel26@@QEAA@XZ@4HA (int `public: __cdecl MilesFileChannel26::Completion::Completion(void)'::`1'::dtor$2)
282 0000004C SECT25 notype ()    Static       | ?dtor$2@?0???0Invocation@MilesFileChannel26@@QEAA@AEBVRequest@1@AEBUFileServices@1@V?$shared_ptr@$$CBUBinding@MilesFileChannel26@@@std@@V?$shared_ptr@X@5@@Z@4HA (int `public: __cdecl MilesFileChannel26::Invocation::Invocation(class Invocation::Request const &,struct Invocation::FileServices const &,class std::shared_ptr<struct MilesFileChannel26::Binding const >,class shared_ptr<struct MilesFileChannel26::Binding const >::shared_ptr<void>)'::`1'::dtor$2)
283 00000000 SECT28 notype ()    Static       | ?dtor$2@?0???0OwnedReply@MilesFileChannel26@@QEAA@XZ@4HA (int `public: __cdecl MilesFileChannel26::OwnedReply::OwnedReply(void)'::`1'::dtor$2)
284 00000072 SECT25 notype ()    Static       | ?dtor$3@?0???0Invocation@MilesFileChannel26@@QEAA@AEBVRequest@1@AEBUFileServices@1@V?$shared_ptr@$$CBUBinding@MilesFileChannel26@@@std@@V?$shared_ptr@X@5@@Z@4HA (int `public: __cdecl MilesFileChannel26::Invocation::Invocation(class Invocation::Request const &,struct Invocation::FileServices const &,class std::shared_ptr<struct MilesFileChannel26::Binding const >,class shared_ptr<struct MilesFileChannel26::Binding const >::shared_ptr<void>)'::`1'::dtor$3)
285 0000009F SECT25 notype ()    Static       | ?dtor$4@?0???0Invocation@MilesFileChannel26@@QEAA@AEBVRequest@1@AEBUFileServices@1@V?$shared_ptr@$$CBUBinding@MilesFileChannel26@@@std@@V?$shared_ptr@X@5@@Z@4HA (int `public: __cdecl MilesFileChannel26::Invocation::Invocation(class Invocation::Request const &,struct Invocation::FileServices const &,class std::shared_ptr<struct MilesFileChannel26::Binding const >,class shared_ptr<struct MilesFileChannel26::Binding const >::shared_ptr<void>)'::`1'::dtor$4)
286 000000CC SECT25 notype ()    Static       | ?dtor$5@?0???0Invocation@MilesFileChannel26@@QEAA@AEBVRequest@1@AEBUFileServices@1@V?$shared_ptr@$$CBUBinding@MilesFileChannel26@@@std@@V?$shared_ptr@X@5@@Z@4HA (int `public: __cdecl MilesFileChannel26::Invocation::Invocation(class Invocation::Request const &,struct Invocation::FileServices const &,class std::shared_ptr<struct MilesFileChannel26::Binding const >,class shared_ptr<struct MilesFileChannel26::Binding const >::shared_ptr<void>)'::`1'::dtor$5)
287 00000000 UNDEF  notype ()    External     | _CxxThrowException
288 00000000 UNDEF  notype ()    External     | _RTC_CheckStackVars
289 00000000 UNDEF  notype ()    External     | _RTC_InitBase
28A 00000000 UNDEF  notype ()    External     | _RTC_Shutdown
28B 00000000 UNDEF  notype ()    External     | __CxxFrameHandler3
28C 00000000 UNDEF  notype ()    External     | __GSHandlerCheck
28D 00000000 UNDEF  notype ()    External     | __GSHandlerCheck_EH
28E 00000000 UNDEF  notype ()    External     | __security_check_cookie
28F 00000000 SECTEA notype       Label        | $LN3
290 00000000 SECT84 notype       Label        | $LN8
291 00000000 SECT8F notype       Label        | $LN6
292 00000000 SECT43 notype       Label        | $LN3
293 00000000 SECT2D notype       Label        | $LN4
294 00000000 SECT57 notype       Label        | $LN6
295 00000000 SECT31 notype       Label        | $LN11
296 00000000 SECT2F notype       Label        | $LN27
297 00000000 SECT71 notype       Label        | $LN24
298 00000000 SECT15 notype       Label        | $LN157
299 00000000 SECT1B notype       Label        | $LN81
29A 00000000 SECT18 notype       Label        | $LN178
29B 00000000 SECT35 notype       Label        | $LN73
29C 00000000 SECT45 notype       Label        | $LN169
29D 00000000 SECT97 notype       Label        | $LN133
29E 00000000 SECT9B notype       Label        | $LN136
29F 00000000 SECT99 notype       Label        | $LN145
2A0 00000000 SECTB7 notype       Label        | $LN39
2A1 00000000 SECT91 notype       Label        | $LN113
2A2 00000000 SECTDF notype       Label        | $LN166
2A3 0000020A SECT77 notype       Label        | $LN19
2A4 000003CF SECT77 notype       Label        | $LN231
2A5 00000013 SECT79 notype ()    Static       | __catch$?_Copy@?$basic_string@DU?$char_traits@D@std@@V?$allocator@D@2@@std@@QEAAX_K0@Z$0
2A6 00000092 SECT79 notype       Label        | $LN17
2A7 000000B4 SECT79 notype ()    Static       | __catch$?_Copy@?$basic_string@DU?$char_traits@D@std@@V?$allocator@D@2@@std@@QEAAX_K0@Z$1
2A8 00000000 SECT77 notype       Label        | $LN234
2A9 00000000 SECT7C notype       Label        | $LN11
2AA 00000000 SECT80 notype       Label        | $LN85
2AB 00000000 SECT82 notype       Label        | $LN18
2AC 00000000 SECT93 notype       Label        | $LN45
2AD 00000000 SECT41 notype       Label        | $LN5
2AE 00000000 SECT2B notype       Label        | $LN7
2AF 00000000 SECT55 notype       Label        | $LN8
2B0 00000000 SECT7A notype       Label        | $LN7
2B1 00000000 SECTAD notype       Label        | $LN5
2B2 00000000 SECTB5 notype       Label        | $LN19
2B3 00000000 SECTB3 notype       Label        | $LN13
2B4 00000000 SECT53 notype       Label        | $LN6
2B5 00000000 SECT47 notype       Label        | $LN17
2B6 00000000 SECTCA notype       Label        | $LN3
2B7 00000000 SECTC2 notype       Label        | $LN170
2B8 00000000 SECT4D notype       Label        | $LN8
2B9 00000000 SECTCC notype       Label        | $LN3
2BA 00000000 SECTC4 notype       Label        | $LN170
2BB 00000000 SECT4F notype       Label        | $LN10
2BC 00000000 SECTCE notype       Label        | $LN3
2BD 00000000 SECTC6 notype       Label        | $LN170
2BE 00000000 SECTAB notype       Label        | $LN13
2BF 00000000 SECT51 notype       Label        | $LN10
2C0 00000000 SECT29 notype       Label        | $LN84
2C1 00000000 SECTD4 notype       Label        | $LN3
2C2 00000000 SECTE4 notype       Label        | $LN3
2C3 00000000 SECTA3 notype       Label        | $LN3
2C4 00000000 SECTD2 notype       Label        | $LN3
2C5 00000000 SECTD6 notype       Label        | $LN3
2C6 00000000 SECTC8 notype       Label        | $LN3
2C7 00000000 SECTBD notype       Label        | $LN3
2C8 00000000 SECTE6 notype       Label        | $LN3
2C9 00000000 SECTA8 notype       Label        | $LN344
2CA 00000000 SECT3F notype       Label        | $LN75
2CB 00000000 SECT1E notype       Label        | $LN3
2CC 00000000 SECT33 notype       Label        | $LN11
2CD 00000000 SECT73 notype       Label        | $LN36
2CE 00000000 SECT7E notype       Label        | $LN24
2CF 00000150 SECTDA notype       Label        | $LN10
2D0 000001A9 SECTDA notype       Label        | $LN115
2D1 00000013 SECTDC notype ()    Static       | __catch$?resize@?$vector@EV?$allocator@E@std@@@std@@QEAAX_K@Z$0
2D2 00000000 SECTDA notype       Label        | $LN117
2D3 00000000 SECT4B notype       Label        | $LN8
2D4 00000000 SECT49 notype       Label        | $LN8
2D5 00000000 SECT88 notype       Label        | $LN36
2D6 00000000 SECTE2 notype       Label        | $LN106
2D7 00000000 SECT75 notype       Label        | $LN39
2D8 0000012C SECT8A notype       Label        | $LN8
2D9 0000021F SECT8A notype       Label        | $LN92
2DA 00000013 SECT8C notype ()    Static       | __catch$?_Reallocate@?$vector@EV?$allocator@E@std@@@std@@IEAAX_K@Z$0
2DB 00000000 SECT8A notype       Label        | $LN94
2DC 00000000 SECT8D notype       Label        | $LN48
2DD 00000000 SECT95 notype       Label        | $LN35
2DE 00000000 SECT86 notype       Label        | $LN20
2DF 00000000 SECT20 notype       Label        | $LN52
2E0 00000000 SECT3B notype       Label        | $LN72
2E1 00000509 SECT23 notype       Label        | $LN112
2E2 00000000 SECT23 notype       Label        | $LN113
2E3 00000408 SECTBF notype       Label        | $LN18
2E4 00000013 SECTC1 notype ()    Static       | __catch$?invokeOnAdmittedExecutor@Invocation@MilesFileChannel26@@QEAA_NXZ$0
2E5 00000000 SECTBF notype       Label        | $LN97
2E6 00000000 SECTBB notype       Label        | $LN3
2E7 00000000 SECT9F notype       Label        | $LN7
2E8 00000000 SECTD8 notype       Label        | $LN3
2E9 00000000 SECT37 notype       Label        | $LN12
2EA 00000000 SECT39 notype       Label        | $LN12
2EB 00000000 SECTAF notype       Label        | $LN30
2EC 00000000 SECTB1 notype       Label        | $LN30
2ED 00000000 SECT26 notype       Label        | $LN52
2EE 00000000 SECT3D notype       Label        | $LN72
2EF 00000000 SECTA5 notype       Label        | $LN149
2F0 00000000 SECTA1 notype       Label        | $LN15
2F1 00000000 SECTD0 notype       Label        | $LN5
2F2 00000000 SECTB9 notype       Label        | $LN5
2F3 00000000 SECTDD notype       Label        | $LN5
2F4 00000000 SECT9D notype       Label        | $LN5
2F5 00000000 SECTE8 notype       Label        | $LN7
2F6 00000000 SECT7  notype       Label        | $LN17
2F7 00000000 SECT9  notype       Label        | $LN17
2F8 00000000 SECT5  notype       Label        | $LN144
2F9 00000000 SECT13 notype       Label        | $LN9
2FA 00000000 SECT11 notype       Label        | $LN14
2FB 00000000 SECTF  notype       Label        | $LN20
2FC 00000000 SECTD  notype       Label        | $LN24
2FD 00000000 SECTB  notype       Label        | $LN20
2FE 00000000 SECTEC notype       Static       | .xdata
    Section length    8, #relocs    0, #linenums    0, checksum 2CE95D5C, selection    5 (pick associative Section 0xEA)
300 00000000 SECTEC notype       Static       | $unwind$hypot
301 00000000 SECTED notype       Static       | .pdata
    Section length    C, #relocs    3, #linenums    0, checksum 8F085A64, selection    5 (pick associative Section 0xEA)
303 00000000 SECTED notype       Static       | $pdata$hypot
304 00000000 SECTEE notype       Static       | .xdata
    Section length    8, #relocs    0, #linenums    0, checksum EC7E2980, selection    5 (pick associative Section 0x69)
306 00000000 SECTEE notype       Static       | $unwind$??__Epiecewise_construct@std@@YAXXZ
307 00000000 SECTEF notype       Static       | .pdata
    Section length    C, #relocs    3, #linenums    0, checksum A41C7E00, selection    5 (pick associative Section 0x69)
309 00000000 SECTEF notype       Static       | $pdata$??__Epiecewise_construct@std@@YAXXZ
30A 00000000 SECTF0 notype       Static       | .rdata
    Section length   60, #relocs    2, #linenums    0, checksum A826F0EF, selection    5 (pick associative Section 0x84)
30C 00000000 SECTF0 notype       Static       | ?_Orphan_all@_Container_base12@std@@QEAAXXZ$rtcName$0 (?_Orphan_all@_Container_base12@std@@QEAAXXZ$rtcName$0)
30D 00000010 SECTF0 notype       Static       | ?_Orphan_all@_Container_base12@std@@QEAAXXZ$rtcVarDesc (?_Orphan_all@_Container_base12@std@@QEAAXXZ$rtcVarDesc)
30E 00000050 SECTF0 notype       Static       | ?_Orphan_all@_Container_base12@std@@QEAAXXZ$rtcFrameData (?_Orphan_all@_Container_base12@std@@QEAAXXZ$rtcFrameData)
30F 00000000 SECTF1 notype       Static       | .xdata
    Section length    8, #relocs    0, #linenums    0, checksum 8814CCE6, selection    5 (pick associative Section 0x84)
311 00000000 SECTF1 notype       Static       | $unwind$?_Orphan_all@_Container_base12@std@@QEAAXXZ
312 00000000 SECTF2 notype       Static       | .pdata
    Section length    C, #relocs    3, #linenums    0, checksum 3B8DFB44, selection    5 (pick associative Section 0x84)
314 00000000 SECTF2 notype       Static       | $pdata$?_Orphan_all@_Container_base12@std@@QEAAXXZ
315 00000000 SECTF3 notype       Static       | .rdata
    Section length   60, #relocs    2, #linenums    0, checksum A826F0EF, selection    5 (pick associative Section 0x8F)
317 00000000 SECTF3 notype       Static       | ?_Swap_all@_Container_base12@std@@QEAAXAEAU12@@Z$rtcName$0 (?_Swap_all@_Container_base12@std@@QEAAXAEAU12@@Z$rtcName$0)
318 00000010 SECTF3 notype       Static       | ?_Swap_all@_Container_base12@std@@QEAAXAEAU12@@Z$rtcVarDesc (?_Swap_all@_Container_base12@std@@QEAAXAEAU12@@Z$rtcVarDesc)
319 00000050 SECTF3 notype       Static       | ?_Swap_all@_Container_base12@std@@QEAAXAEAU12@@Z$rtcFrameData (?_Swap_all@_Container_base12@std@@QEAAXAEAU12@@Z$rtcFrameData)
31A 00000000 SECTF4 notype       Static       | .xdata
    Section length    8, #relocs    0, #linenums    0, checksum C3D0860B, selection    5 (pick associative Section 0x8F)
31C 00000000 SECTF4 notype       Static       | $unwind$?_Swap_all@_Container_base12@std@@QEAAXAEAU12@@Z
31D 00000000 SECTF5 notype       Static       | .pdata
    Section length    C, #relocs    3, #linenums    0, checksum 1A5CD639, selection    5 (pick associative Section 0x8F)
31F 00000000 SECTF5 notype       Static       | $pdata$?_Swap_all@_Container_base12@std@@QEAAXAEAU12@@Z
320 00000000 SECTF6 notype       Static       | .xdata
    Section length    8, #relocs    0, #linenums    0, checksum EC7E2980, selection    5 (pick associative Section 0x67)
322 00000000 SECTF6 notype       Static       | $unwind$??__Eallocator_arg@std@@YAXXZ
323 00000000 SECTF7 notype       Static       | .pdata
    Section length    C, #relocs    3, #linenums    0, checksum A41C7E00, selection    5 (pick associative Section 0x67)
325 00000000 SECTF7 notype       Static       | $pdata$??__Eallocator_arg@std@@YAXXZ
326 00000000 SECTF8 notype       Static       | .xdata
    Section length    8, #relocs    0, #linenums    0, checksum F88E4126, selection    5 (pick associative Section 0x43)
328 00000000 SECTF8 notype       Static       | $unwind$??1logic_error@std@@UEAA@XZ
329 00000000 SECTF9 notype       Static       | .pdata
    Section length    C, #relocs    3, #linenums    0, checksum ECFC7064, selection    5 (pick associative Section 0x43)
32B 00000000 SECTF9 notype       Static       | $pdata$??1logic_error@std@@UEAA@XZ
32C 00000000 SECTFA notype       Static       | .xdata
    Section length    8, #relocs    0, #linenums    0, checksum B34A0BCB, selection    5 (pick associative Section 0x2D)
32E 00000000 SECTFA notype       Static       | $unwind$??0logic_error@std@@QEAA@AEBV01@@Z
32F 00000000 SECTFB notype       Static       | .pdata
    Section length    C, #relocs    3, #linenums    0, checksum 7E32D7A2, selection    5 (pick associative Section 0x2D)
331 00000000 SECTFB notype       Static       | $pdata$??0logic_error@std@@QEAA@AEBV01@@Z
332 00000000 SECTFC notype       Static       | .xdata
    Section length    8, #relocs    0, #linenums    0, checksum B49A565B, selection    5 (pick associative Section 0x57)
334 00000000 SECTFC notype       Static       | $unwind$??_Glogic_error@std@@UEAAPEAXI@Z
335 00000000 SECTFD notype       Static       | .pdata
    Section length    C, #relocs    3, #linenums    0, checksum 7E32D7A2, selection    5 (pick associative Section 0x57)
337 00000000 SECTFD notype       Static       | $pdata$??_Glogic_error@std@@UEAAPEAXI@Z
338 00000000 SECTFE notype       Static       | .xdata
    Section length    8, #relocs    0, #linenums    0, checksum F88E4126, selection    5 (pick associative Section 0x31)
33A 00000000 SECTFE notype       Static       | $unwind$??1?$_String_val@U?$_Simple_types@D@std@@@std@@QEAA@XZ
33B 00000000 SECTFF notype       Static       | .pdata
    Section length    C, #relocs    3, #linenums    0, checksum ECFC7064, selection    5 (pick associative Section 0x31)
33D 00000000 SECTFF notype       Static       | $pdata$??1?$_String_val@U?$_Simple_types@D@std@@@std@@QEAA@XZ
33E 00000000 SECT100 notype       Static      | .rdata
    Section length   60, #relocs    2, #linenums    0, checksum 9AF941D3, selection    5 (pick associative Section 0x2F)
340 00000000 SECT100 notype       Static      | ??1?$_String_alloc@$0A@U?$_String_base_types@DV?$allocator@D@std@@@std@@@std@@QEAA@XZ$rtcName$0 (??1?$_String_alloc@$0A@U?$_String_base_types@DV?$allocator@D@std@@@std@@@std@@QEAA@XZ$rtcName$0)
341 00000010 SECT100 notype       Static      | ??1?$_String_alloc@$0A@U?$_String_base_types@DV?$allocator@D@std@@@std@@@std@@QEAA@XZ$rtcVarDesc (??1?$_String_alloc@$0A@U?$_String_base_types@DV?$allocator@D@std@@@std@@@std@@QEAA@XZ$rtcVarDesc)
342 00000050 SECT100 notype       Static      | ??1?$_String_alloc@$0A@U?$_String_base_types@DV?$allocator@D@std@@@std@@@std@@QEAA@XZ$rtcFrameData (??1?$_String_alloc@$0A@U?$_String_base_types@DV?$allocator@D@std@@@std@@@std@@QEAA@XZ$rtcFrameData)
343 00000000 SECT101 notype       Static      | .xdata
    Section length    8, #relocs    0, #linenums    0, checksum 21F61C46, selection    5 (pick associative Section 0x2F)
345 00000000 SECT101 notype       Static      | $unwind$??1?$_String_alloc@$0A@U?$_String_base_types@DV?$allocator@D@std@@@std@@@std@@QEAA@XZ
346 00000000 SECT102 notype       Static      | .pdata
    Section length    C, #relocs    3, #linenums    0, checksum 412BBC73, selection    5 (pick associative Section 0x2F)
348 00000000 SECT102 notype       Static      | $pdata$??1?$_String_alloc@$0A@U?$_String_base_types@DV?$allocator@D@std@@@std@@@std@@QEAA@XZ
349 00000000 SECT103 notype       Static      | .rdata
    Section length   60, #relocs    2, #linenums    0, checksum 83F1C6C2, selection    5 (pick associative Section 0x71)
34B 00000000 SECT103 notype       Static      | ?_Alloc_proxy@?$_String_alloc@$0A@U?$_String_base_types@DV?$allocator@D@std@@@std@@@std@@QEAAXXZ$rtcName$0 (?_Alloc_proxy@?$_String_alloc@$0A@U?$_String_base_types@DV?$allocator@D@std@@@std@@@std@@QEAAXXZ$rtcName$0)
34C 00000010 SECT103 notype       Static      | ?_Alloc_proxy@?$_String_alloc@$0A@U?$_String_base_types@DV?$allocator@D@std@@@std@@@std@@QEAAXXZ$rtcVarDesc (?_Alloc_proxy@?$_String_alloc@$0A@U?$_String_base_types@DV?$allocator@D@std@@@std@@@std@@QEAAXXZ$rtcVarDesc)
34D 00000050 SECT103 notype       Static      | ?_Alloc_proxy@?$_String_alloc@$0A@U?$_String_base_types@DV?$allocator@D@std@@@std@@@std@@QEAAXXZ$rtcFrameData (?_Alloc_proxy@?$_String_alloc@$0A@U?$_String_base_types@DV?$allocator@D@std@@@std@@@std@@QEAAXXZ$rtcFrameData)
34E 00000000 SECT104 notype       Static      | .xdata
    Section length    C, #relocs    0, #linenums    0, checksum CC3C910F, selection    5 (pick associative Section 0x71)
350 00000000 SECT104 notype       Static      | $unwind$?_Alloc_proxy@?$_String_alloc@$0A@U?$_String_base_types@DV?$allocator@D@std@@@std@@@std@@QEAAXXZ
351 00000000 SECT105 notype       Static      | .pdata
    Section length    C, #relocs    3, #linenums    0, checksum  3EC2833, selection    5 (pick associative Section 0x71)
353 00000000 SECT105 notype       Static      | $pdata$?_Alloc_proxy@?$_String_alloc@$0A@U?$_String_base_types@DV?$allocator@D@std@@@std@@@std@@QEAAXXZ
354 00000000 SECT106 notype       Static      | .xdata
    Section length   10, #relocs    2, #linenums    0, checksum 58886088, selection    5 (pick associative Section 0x15)
356 00000000 SECT106 notype       Static      | $unwind$??0?$basic_string@DU?$char_traits@D@std@@V?$allocator@D@2@@std@@QEAA@AEBV01@@Z
357 00000000 SECT107 notype       Static      | .pdata
    Section length    C, #relocs    3, #linenums    0, checksum FDE2F2C3, selection    5 (pick associative Section 0x15)
359 00000000 SECT107 notype       Static      | $pdata$??0?$basic_string@DU?$char_traits@D@std@@V?$allocator@D@2@@std@@QEAA@AEBV01@@Z
35A 00000000 SECT108 notype       Static      | .rdata
    Section length   28, #relocs    2, #linenums    0, checksum 5CF8D218, selection    5 (pick associative Section 0x15)
35C 00000000 SECT108 notype       Static      | $cppxdata$??0?$basic_string@DU?$char_traits@D@std@@V?$allocator@D@2@@std@@QEAA@AEBV01@@Z
35D 00000000 SECT109 notype       Static      | .xdata
    Section length   10, #relocs    2, #linenums    0, checksum 8999943C, selection    5 (pick associative Section 0x15)
35F 00000000 SECT109 notype       Static      | $stateUnwindMap$??0?$basic_string@DU?$char_traits@D@std@@V?$allocator@D@2@@std@@QEAA@AEBV01@@Z
360 00000000 SECT10A notype       Static      | .xdata
    Section length   20, #relocs    4, #linenums    0, checksum A57FF770, selection    5 (pick associative Section 0x15)
362 00000000 SECT10A notype       Static      | $ip2state$??0?$basic_string@DU?$char_traits@D@std@@V?$allocator@D@2@@std@@QEAA@AEBV01@@Z
363 00000000 SECT10B notype       Static      | .xdata
    Section length    C, #relocs    0, #linenums    0, checksum 44E6EFD9, selection    5 (pick associative Section 0x15)
365 00000000 SECT10B notype       Static      | $unwind$?dtor$1@?0???0?$basic_string@DU?$char_traits@D@std@@V?$allocator@D@2@@std@@QEAA@AEBV01@@Z@4HA
366 00000000 SECT10C notype       Static      | .pdata
    Section length    C, #relocs    3, #linenums    0, checksum 3F196BD1, selection    5 (pick associative Section 0x15)
368 00000000 SECT10C notype       Static      | $pdata$?dtor$1@?0???0?$basic_string@DU?$char_traits@D@std@@V?$allocator@D@2@@std@@QEAA@AEBV01@@Z@4HA
369 00000000 SECT10D notype       Static      | .xdata
    Section length    C, #relocs    0, #linenums    0, checksum 44E6EFD9, selection    5 (pick associative Section 0x15)
36B 00000000 SECT10D notype       Static      | $unwind$?dtor$0@?0???0?$basic_string@DU?$char_traits@D@std@@V?$allocator@D@2@@std@@QEAA@AEBV01@@Z@4HA
36C 00000000 SECT10E notype       Static      | .pdata
    Section length    C, #relocs    3, #linenums    0, checksum 3F196BD1, selection    5 (pick associative Section 0x15)
36E 00000000 SECT10E notype       Static      | $pdata$?dtor$0@?0???0?$basic_string@DU?$char_traits@D@std@@V?$allocator@D@2@@std@@QEAA@AEBV01@@Z@4HA
36F 00000000 SECT10F notype       Static      | .xdata
    Section length   10, #relocs    2, #linenums    0, checksum  B21EAE7, selection    5 (pick associative Section 0x1B)
371 00000000 SECT10F notype       Static      | $unwind$??0?$basic_string@DU?$char_traits@D@std@@V?$allocator@D@2@@std@@QEAA@XZ
372 00000000 SECT110 notype       Static      | .pdata
    Section length    C, #relocs    3, #linenums    0, checksum 22DF9673, selection    5 (pick associative Section 0x1B)
374 00000000 SECT110 notype       Static      | $pdata$??0?$basic_string@DU?$char_traits@D@std@@V?$allocator@D@2@@std@@QEAA@XZ
375 00000000 SECT111 notype       Static      | .rdata
    Section length   28, #relocs    2, #linenums    0, checksum 668FFEEA, selection    5 (pick associative Section 0x1B)
377 00000000 SECT111 notype       Static      | $cppxdata$??0?$basic_string@DU?$char_traits@D@std@@V?$allocator@D@2@@std@@QEAA@XZ
378 00000000 SECT112 notype       Static      | .xdata
    Section length   10, #relocs    2, #linenums    0, checksum 8999943C, selection    5 (pick associative Section 0x1B)
37A 00000000 SECT112 notype       Static      | $stateUnwindMap$??0?$basic_string@DU?$char_traits@D@std@@V?$allocator@D@2@@std@@QEAA@XZ
37B 00000000 SECT113 notype       Static      | .xdata
    Section length   20, #relocs    4, #linenums    0, checksum 9E2735CC, selection    5 (pick associative Section 0x1B)
37D 00000000 SECT113 notype       Static      | $ip2state$??0?$basic_string@DU?$char_traits@D@std@@V?$allocator@D@2@@std@@QEAA@XZ
37E 00000000 SECT114 notype       Static      | .xdata
    Section length    C, #relocs    0, #linenums    0, checksum 44E6EFD9, selection    5 (pick associative Section 0x1B)
380 00000000 SECT114 notype       Static      | $unwind$?dtor$1@?0???0?$basic_string@DU?$char_traits@D@std@@V?$allocator@D@2@@std@@QEAA@XZ@4HA
381 00000000 SECT115 notype       Static      | .pdata
    Section length    C, #relocs    3, #linenums    0, checksum 77F965B5, selection    5 (pick associative Section 0x1B)
383 00000000 SECT115 notype       Static      | $pdata$?dtor$1@?0???0?$basic_string@DU?$char_traits@D@std@@V?$allocator@D@2@@std@@QEAA@XZ@4HA
384 00000000 SECT116 notype       Static      | .xdata
    Section length    C, #relocs    0, #linenums    0, checksum 44E6EFD9, selection    5 (pick associative Section 0x1B)
386 00000000 SECT116 notype       Static      | $unwind$?dtor$0@?0???0?$basic_string@DU?$char_traits@D@std@@V?$allocator@D@2@@std@@QEAA@XZ@4HA
387 00000000 SECT117 notype       Static      | .pdata
    Section length    C, #relocs    3, #linenums    0, checksum 77F965B5, selection    5 (pick associative Section 0x1B)
389 00000000 SECT117 notype       Static      | $pdata$?dtor$0@?0???0?$basic_string@DU?$char_traits@D@std@@V?$allocator@D@2@@std@@QEAA@XZ@4HA
38A 00000000 SECT118 notype       Static      | .xdata
    Section length   14, #relocs    2, #linenums    0, checksum B47B438C, selection    5 (pick associative Section 0x18)
38C 00000000 SECT118 notype       Static      | $unwind$??0?$basic_string@DU?$char_traits@D@std@@V?$allocator@D@2@@std@@QEAA@PEBD@Z
38D 00000000 SECT119 notype       Static      | .pdata
    Section length    C, #relocs    3, #linenums    0, checksum F727FBDA, selection    5 (pick associative Section 0x18)
38F 00000000 SECT119 notype       Static      | $pdata$??0?$basic_string@DU?$char_traits@D@std@@V?$allocator@D@2@@std@@QEAA@PEBD@Z
390 00000000 SECT11A notype       Static      | .rdata
    Section length   28, #relocs    2, #linenums    0, checksum 1261A70E, selection    5 (pick associative Section 0x18)
392 00000000 SECT11A notype       Static      | $cppxdata$??0?$basic_string@DU?$char_traits@D@std@@V?$allocator@D@2@@std@@QEAA@PEBD@Z
393 00000000 SECT11B notype       Static      | .xdata
    Section length   10, #relocs    2, #linenums    0, checksum 8999943C, selection    5 (pick associative Section 0x18)
395 00000000 SECT11B notype       Static      | $stateUnwindMap$??0?$basic_string@DU?$char_traits@D@std@@V?$allocator@D@2@@std@@QEAA@PEBD@Z
396 00000000 SECT11C notype       Static      | .xdata
    Section length   20, #relocs    4, #linenums    0, checksum 6D1B4049, selection    5 (pick associative Section 0x18)
398 00000000 SECT11C notype       Static      | $ip2state$??0?$basic_string@DU?$char_traits@D@std@@V?$allocator@D@2@@std@@QEAA@PEBD@Z
399 00000000 SECT11D notype       Static      | .xdata
    Section length    C, #relocs    0, #linenums    0, checksum 44E6EFD9, selection    5 (pick associative Section 0x18)
39B 00000000 SECT11D notype       Static      | $unwind$?dtor$1@?0???0?$basic_string@DU?$char_traits@D@std@@V?$allocator@D@2@@std@@QEAA@PEBD@Z@4HA
39C 00000000 SECT11E notype       Static      | .pdata
    Section length    C, #relocs    3, #linenums    0, checksum 3F196BD1, selection    5 (pick associative Section 0x18)
39E 00000000 SECT11E notype       Static      | $pdata$?dtor$1@?0???0?$basic_string@DU?$char_traits@D@std@@V?$allocator@D@2@@std@@QEAA@PEBD@Z@4HA
39F 00000000 SECT11F notype       Static      | .xdata
    Section length    C, #relocs    0, #linenums    0, checksum 44E6EFD9, selection    5 (pick associative Section 0x18)
3A1 00000000 SECT11F notype       Static      | $unwind$?dtor$0@?0???0?$basic_string@DU?$char_traits@D@std@@V?$allocator@D@2@@std@@QEAA@PEBD@Z@4HA
3A2 00000000 SECT120 notype       Static      | .pdata
    Section length    C, #relocs    3, #linenums    0, checksum 3F196BD1, selection    5 (pick associative Section 0x18)
3A4 00000000 SECT120 notype       Static      | $pdata$?dtor$0@?0???0?$basic_string@DU?$char_traits@D@std@@V?$allocator@D@2@@std@@QEAA@PEBD@Z@4HA
3A5 00000000 SECT121 notype       Static      | .xdata
    Section length    8, #relocs    0, #linenums    0, checksum B0598A06, selection    5 (pick associative Section 0x35)
3A7 00000000 SECT121 notype       Static      | $unwind$??1?$basic_string@DU?$char_traits@D@std@@V?$allocator@D@2@@std@@QEAA@XZ
3A8 00000000 SECT122 notype       Static      | .pdata
    Section length    C, #relocs    3, #linenums    0, checksum 1EC846AC, selection    5 (pick associative Section 0x35)
3AA 00000000 SECT122 notype       Static      | $pdata$??1?$basic_string@DU?$char_traits@D@std@@V?$allocator@D@2@@std@@QEAA@XZ
3AB 00000000 SECT123 notype       Static      | .xdata
    Section length    8, #relocs    0, #linenums    0, checksum 24E64D87, selection    5 (pick associative Section 0x45)
3AD 00000000 SECT123 notype       Static      | $unwind$??4?$basic_string@DU?$char_traits@D@std@@V?$allocator@D@2@@std@@QEAAAEAV01@AEBV01@@Z
3AE 00000000 SECT124 notype       Static      | .pdata
    Section length    C, #relocs    3, #linenums    0, checksum A088EE95, selection    5 (pick associative Section 0x45)
3B0 00000000 SECT124 notype       Static      | $pdata$??4?$basic_string@DU?$char_traits@D@std@@V?$allocator@D@2@@std@@QEAAAEAV01@AEBV01@@Z
3B1 00000000 SECT125 notype       Static      | .xdata
    Section length    C, #relocs    0, #linenums    0, checksum E7087AD1, selection    5 (pick associative Section 0x97)
3B3 00000000 SECT125 notype       Static      | $unwind$?assign@?$basic_string@DU?$char_traits@D@std@@V?$allocator@D@2@@std@@QEAAAEAV12@AEBV12@_K1@Z
3B4 00000000 SECT126 notype       Static      | .pdata
    Section length    C, #relocs    3, #linenums    0, checksum BD0C68CA, selection    5 (pick associative Section 0x97)
3B6 00000000 SECT126 notype       Static      | $pdata$?assign@?$basic_string@DU?$char_traits@D@std@@V?$allocator@D@2@@std@@QEAAAEAV12@AEBV12@_K1@Z
3B7 00000000 SECT127 notype       Static      | .xdata
    Section length    C, #relocs    0, #linenums    0, checksum E8DE1F79, selection    5 (pick associative Section 0x9B)
3B9 00000000 SECT127 notype       Static      | $unwind$?assign@?$basic_string@DU?$char_traits@D@std@@V?$allocator@D@2@@std@@QEAAAEAV12@PEBD_K@Z
3BA 00000000 SECT128 notype       Static      | .pdata
    Section length    C, #relocs    3, #linenums    0, checksum DCD14C83, selection    5 (pick associative Section 0x9B)
3BC 00000000 SECT128 notype       Static      | $pdata$?assign@?$basic_string@DU?$char_traits@D@std@@V?$allocator@D@2@@std@@QEAAAEAV12@PEBD_K@Z
3BD 00000000 SECT129 notype       Static      | .xdata
    Section length    C, #relocs    0, #linenums    0, checksum D844371D, selection    5 (pick associative Section 0x99)
3BF 00000000 SECT129 notype       Static      | $unwind$?assign@?$basic_string@DU?$char_traits@D@std@@V?$allocator@D@2@@std@@QEAAAEAV12@PEBD@Z
3C0 00000000 SECT12A notype       Static      | .pdata
    Section length    C, #relocs    3, #linenums    0, checksum E2ADE9E8, selection    5 (pick associative Section 0x99)
3C2 00000000 SECT12A notype       Static      | $pdata$?assign@?$basic_string@DU?$char_traits@D@std@@V?$allocator@D@2@@std@@QEAAAEAV12@PEBD@Z
3C3 00000000 SECT12B notype       Static      | .xdata
    Section length    8, #relocs    0, #linenums    0, checksum 7E565FB5, selection    5 (pick associative Section 0xB7)
3C5 00000000 SECT12B notype       Static      | $unwind$?erase@?$basic_string@DU?$char_traits@D@std@@V?$allocator@D@2@@std@@QEAAAEAV12@_K0@Z
3C6 00000000 SECT12C notype       Static      | .pdata
    Section length    C, #relocs    3, #linenums    0, checksum 3FFBF8EC, selection    5 (pick associative Section 0xB7)
3C8 00000000 SECT12C notype       Static      | $pdata$?erase@?$basic_string@DU?$char_traits@D@std@@V?$allocator@D@2@@std@@QEAAAEAV12@_K0@Z
3C9 00000000 SECT12D notype       Static      | .xdata
    Section length    C, #relocs    0, #linenums    0, checksum AF86F766, selection    5 (pick associative Section 0x91)
3CB 00000000 SECT12D notype       Static      | $unwind$?_Swap_bx@?$basic_string@DU?$char_traits@D@std@@V?$allocator@D@2@@std@@QEAAXAEAV12@@Z
3CC 00000000 SECT12E notype       Static      | .pdata
    Section length    C, #relocs    3, #linenums    0, checksum E103BA26, selection    5 (pick associative Section 0x91)
3CE 00000000 SECT12E notype       Static      | $pdata$?_Swap_bx@?$basic_string@DU?$char_traits@D@std@@V?$allocator@D@2@@std@@QEAAXAEAV12@@Z
3CF 00000000 SECT12F notype       Static      | .rdata
    Section length   C8, #relocs    5, #linenums    0, checksum 4C8922A8, selection    5 (pick associative Section 0xDF)
3D1 00000000 SECT12F notype       Static      | ?swap@?$basic_string@DU?$char_traits@D@std@@V?$allocator@D@2@@std@@QEAAXAEAV12@@Z$rtcName$0 (?swap@?$basic_string@DU?$char_traits@D@std@@V?$allocator@D@2@@std@@QEAAXAEAV12@@Z$rtcName$0)
3D2 00000008 SECT12F notype       Static      | ?swap@?$basic_string@DU?$char_traits@D@std@@V?$allocator@D@2@@std@@QEAAXAEAV12@@Z$rtcName$1 (?swap@?$basic_string@DU?$char_traits@D@std@@V?$allocator@D@2@@std@@QEAAXAEAV12@@Z$rtcName$1)
3D3 00000010 SECT12F notype       Static      | ?swap@?$basic_string@DU?$char_traits@D@std@@V?$allocator@D@2@@std@@QEAAXAEAV12@@Z$rtcVarDesc (?swap@?$basic_string@DU?$char_traits@D@std@@V?$allocator@D@2@@std@@QEAAXAEAV12@@Z$rtcVarDesc)
3D4 00000090 SECT12F notype       Static      | ?swap@?$basic_string@DU?$char_traits@D@std@@V?$allocator@D@2@@std@@QEAAXAEAV12@@Z$rtcFrameData (?swap@?$basic_string@DU?$char_traits@D@std@@V?$allocator@D@2@@std@@QEAAXAEAV12@@Z$rtcFrameData)
3D5 00000000 SECT130 notype       Static      | .xdata
    Section length   18, #relocs    2, #linenums    0, checksum 8A7365C9, selection    5 (pick associative Section 0xDF)
3D7 00000000 SECT130 notype       Static      | $unwind$?swap@?$basic_string@DU?$char_traits@D@std@@V?$allocator@D@2@@std@@QEAAXAEAV12@@Z
3D8 00000000 SECT131 notype       Static      | .pdata
    Section length    C, #relocs    3, #linenums    0, checksum 595E6403, selection    5 (pick associative Section 0xDF)
3DA 00000000 SECT131 notype       Static      | $pdata$?swap@?$basic_string@DU?$char_traits@D@std@@V?$allocator@D@2@@std@@QEAAXAEAV12@@Z
3DB 000000A0 SECT12F notype       Static      | $cppxdata$?swap@?$basic_string@DU?$char_traits@D@std@@V?$allocator@D@2@@std@@QEAAXAEAV12@@Z
3DC 00000000 SECT132 notype       Static      | .xdata
    Section length    8, #relocs    1, #linenums    0, checksum 9ADD2096, selection    5 (pick associative Section 0xDF)
3DE 00000000 SECT132 notype       Static      | $stateUnwindMap$?swap@?$basic_string@DU?$char_traits@D@std@@V?$allocator@D@2@@std@@QEAAXAEAV12@@Z
3DF 00000000 SECT133 notype       Static      | .xdata
    Section length   18, #relocs    3, #linenums    0, checksum 184F854E, selection    5 (pick associative Section 0xDF)
3E1 00000000 SECT133 notype       Static      | $ip2state$?swap@?$basic_string@DU?$char_traits@D@std@@V?$allocator@D@2@@std@@QEAAXAEAV12@@Z
3E2 00000000 SECT134 notype       Static      | .xdata
    Section length    C, #relocs    0, #linenums    0, checksum 44E6EFD9, selection    5 (pick associative Section 0xDF)
3E4 00000000 SECT134 notype       Static      | $unwind$?dtor$0@?0??swap@?$basic_string@DU?$char_traits@D@std@@V?$allocator@D@2@@std@@QEAAXAEAV12@@Z@4HA
3E5 00000000 SECT135 notype       Static      | .pdata
    Section length    C, #relocs    3, #linenums    0, checksum 77F965B5, selection    5 (pick associative Section 0xDF)
3E7 00000000 SECT135 notype       Static      | $pdata$?dtor$0@?0??swap@?$basic_string@DU?$char_traits@D@std@@V?$allocator@D@2@@std@@QEAAXAEAV12@@Z@4HA
3E8 00000000 SECT136 notype       Static      | .xdata
    Section length   14, #relocs    2, #linenums    0, checksum DF965CBB, selection    5 (pick associative Section 0x77)
3EA 00000000 SECT136 notype       Static      | $unwind$?_Copy@?$basic_string@DU?$char_traits@D@std@@V?$allocator@D@2@@std@@QEAAX_K0@Z
3EB 00000000 SECT137 notype       Static      | .pdata
    Section length    C, #relocs    3, #linenums    0, checksum 926E4F06, selection    5 (pick associative Section 0x77)
3ED 00000000 SECT137 notype       Static      | $pdata$?_Copy@?$basic_string@DU?$char_traits@D@std@@V?$allocator@D@2@@std@@QEAAX_K0@Z
3EE 00000000 SECT138 notype       Static      | .rdata
    Section length   28, #relocs    3, #linenums    0, checksum EF6CFB59, selection    5 (pick associative Section 0x77)
3F0 00000000 SECT138 notype       Static      | $cppxdata$?_Copy@?$basic_string@DU?$char_traits@D@std@@V?$allocator@D@2@@std@@QEAAX_K0@Z
3F1 00000000 SECT139 notype       Static      | .xdata
    Section length   20, #relocs    0, #linenums    0, checksum D8090E82, selection    5 (pick associative Section 0x77)
3F3 00000000 SECT139 notype       Static      | $stateUnwindMap$?_Copy@?$basic_string@DU?$char_traits@D@std@@V?$allocator@D@2@@std@@QEAAX_K0@Z
3F4 00000000 SECT13A notype       Static      | .xdata
    Section length   28, #relocs    2, #linenums    0, checksum 3EF07423, selection    5 (pick associative Section 0x77)
3F6 00000000 SECT13A notype       Static      | $tryMap$?_Copy@?$basic_string@DU?$char_traits@D@std@@V?$allocator@D@2@@std@@QEAAX_K0@Z
3F7 00000000 SECT13B notype       Static      | .xdata
    Section length   14, #relocs    1, #linenums    0, checksum 6B58D0C4, selection    5 (pick associative Section 0x77)
3F9 00000000 SECT13B notype       Static      | $handlerMap$0$?_Copy@?$basic_string@DU?$char_traits@D@std@@V?$allocator@D@2@@std@@QEAAX_K0@Z
3FA 00000000 SECT13C notype       Static      | .xdata
    Section length   14, #relocs    1, #linenums    0, checksum 6B58D0C4, selection    5 (pick associative Section 0x77)
3FC 00000000 SECT13C notype       Static      | $handlerMap$1$?_Copy@?$basic_string@DU?$char_traits@D@std@@V?$allocator@D@2@@std@@QEAAX_K0@Z
3FD 00000000 SECT13D notype       Static      | .xdata
    Section length   50, #relocs    A, #linenums    0, checksum 29998464, selection    5 (pick associative Section 0x77)
3FF 00000000 SECT13D notype       Static      | $ip2state$?_Copy@?$basic_string@DU?$char_traits@D@std@@V?$allocator@D@2@@std@@QEAAX_K0@Z
400 00000000 SECT13E notype       Static      | .xdata
    Section length   14, #relocs    2, #linenums    0, checksum FCC9C048, selection    5 (pick associative Section 0x77)
402 00000000 SECT13E notype       Static      | $unwind$?catch$1@?0??_Copy@?$basic_string@DU?$char_traits@D@std@@V?$allocator@D@2@@std@@QEAAX_K0@Z@4HA
403 00000000 SECT13F notype       Static      | .pdata
    Section length    C, #relocs    3, #linenums    0, checksum 66E7E712, selection    5 (pick associative Section 0x77)
405 00000000 SECT13F notype       Static      | $pdata$?catch$1@?0??_Copy@?$basic_string@DU?$char_traits@D@std@@V?$allocator@D@2@@std@@QEAAX_K0@Z@4HA
406 00000000 SECT140 notype       Static      | .xdata
    Section length   14, #relocs    2, #linenums    0, checksum FCC9C048, selection    5 (pick associative Section 0x77)
408 00000000 SECT140 notype       Static      | $unwind$?catch$0@?0??_Copy@?$basic_string@DU?$char_traits@D@std@@V?$allocator@D@2@@std@@QEAAX_K0@Z@4HA
409 00000000 SECT141 notype       Static      | .pdata
    Section length    C, #relocs    3, #linenums    0, checksum 1EC846AC, selection    5 (pick associative Section 0x77)
40B 00000000 SECT141 notype       Static      | $pdata$?catch$0@?0??_Copy@?$basic_string@DU?$char_traits@D@std@@V?$allocator@D@2@@std@@QEAAX_K0@Z@4HA
40C 00000000 SECT142 notype       Static      | .xdata
    Section length    8, #relocs    0, #linenums    0, checksum B34A0BCB, selection    5 (pick associative Section 0x7C)
40E 00000000 SECT142 notype       Static      | $unwind$?_Eos@?$basic_string@DU?$char_traits@D@std@@V?$allocator@D@2@@std@@QEAAX_K@Z
40F 00000000 SECT143 notype       Static      | .pdata
    Section length    C, #relocs    3, #linenums    0, checksum 1BDB8BBE, selection    5 (pick associative Section 0x7C)
411 00000000 SECT143 notype       Static      | $pdata$?_Eos@?$basic_string@DU?$char_traits@D@std@@V?$allocator@D@2@@std@@QEAAX_K@Z
412 00000000 SECT144 notype       Static      | .xdata
    Section length    8, #relocs    0, #linenums    0, checksum 7E565FB5, selection    5 (pick associative Section 0x80)
414 00000000 SECT144 notype       Static      | $unwind$?_Grow@?$basic_string@DU?$char_traits@D@std@@V?$allocator@D@2@@std@@QEAA_N_K_N@Z
415 00000000 SECT145 notype       Static      | .pdata
    Section length    C, #relocs    3, #linenums    0, checksum 41C92F4E, selection    5 (pick associative Section 0x80)
417 00000000 SECT145 notype       Static      | $pdata$?_Grow@?$basic_string@DU?$char_traits@D@std@@V?$allocator@D@2@@std@@QEAA_N_K_N@Z
418 00000000 SECT146 notype       Static      | .xdata
    Section length    8, #relocs    0, #linenums    0, checksum B34A0BCB, selection    5 (pick associative Section 0x82)
41A 00000000 SECT146 notype       Static      | $unwind$?_Inside@?$basic_string@DU?$char_traits@D@std@@V?$allocator@D@2@@std@@QEAA_NPEBD@Z
41B 00000000 SECT147 notype       Static      | .pdata
    Section length    C, #relocs    3, #linenums    0, checksum 27CC5B61, selection    5 (pick associative Section 0x82)
41D 00000000 SECT147 notype       Static      | $pdata$?_Inside@?$basic_string@DU?$char_traits@D@std@@V?$allocator@D@2@@std@@QEAA_NPEBD@Z
41E 00000000 SECT148 notype       Static      | .xdata
    Section length    8, #relocs    0, #linenums    0, checksum E0DE5F9B, selection    5 (pick associative Section 0x93)
420 00000000 SECT148 notype       Static      | $unwind$?_Tidy@?$basic_string@DU?$char_traits@D@std@@V?$allocator@D@2@@std@@QEAAX_N_K@Z
421 00000000 SECT149 notype       Static      | .pdata
    Section length    C, #relocs    3, #linenums    0, checksum 2D095278, selection    5 (pick associative Section 0x93)
423 00000000 SECT149 notype       Static      | $pdata$?_Tidy@?$basic_string@DU?$char_traits@D@std@@V?$allocator@D@2@@std@@QEAAX_N_K@Z
424 00000000 SECT14A notype       Static      | .xdata
    Section length    8, #relocs    0, #linenums    0, checksum F88E4126, selection    5 (pick associative Section 0x41)
426 00000000 SECT14A notype       Static      | $unwind$??1invalid_argument@std@@UEAA@XZ
427 00000000 SECT14B notype       Static      | .pdata
    Section length    C, #relocs    3, #linenums    0, checksum ECFC7064, selection    5 (pick associative Section 0x41)
429 00000000 SECT14B notype       Static      | $pdata$??1invalid_argument@std@@UEAA@XZ
42A 00000000 SECT14C notype       Static      | .xdata
    Section length    8, #relocs    0, #linenums    0, checksum B34A0BCB, selection    5 (pick associative Section 0x2B)
42C 00000000 SECT14C notype       Static      | $unwind$??0invalid_argument@std@@QEAA@AEBV01@@Z
42D 00000000 SECT14D notype       Static      | .pdata
    Section length    C, #relocs    3, #linenums    0, checksum  84CEF90, selection    5 (pick associative Section 0x2B)
42F 00000000 SECT14D notype       Static      | $pdata$??0invalid_argument@std@@QEAA@AEBV01@@Z
430 00000000 SECT14E notype       Static      | .xdata
    Section length    8, #relocs    0, #linenums    0, checksum B49A565B, selection    5 (pick associative Section 0x55)
432 00000000 SECT14E notype       Static      | $unwind$??_Ginvalid_argument@std@@UEAAPEAXI@Z
433 00000000 SECT14F notype       Static      | .pdata
    Section length    C, #relocs    3, #linenums    0, checksum 7E32D7A2, selection    5 (pick associative Section 0x55)
435 00000000 SECT14F notype       Static      | $pdata$??_Ginvalid_argument@std@@UEAAPEAXI@Z
436 00000000 SECT150 notype       Static      | .xdata
    Section length    8, #relocs    0, #linenums    0, checksum F88E4126, selection    5 (pick associative Section 0x7A)
438 00000000 SECT150 notype       Static      | $unwind$?_Decref@_Ref_count_base@std@@QEAAXXZ
439 00000000 SECT151 notype       Static      | .pdata
    Section length    C, #relocs    3, #linenums    0, checksum A6959889, selection    5 (pick associative Section 0x7A)
43B 00000000 SECT151 notype       Static      | $pdata$?_Decref@_Ref_count_base@std@@QEAAXXZ
43C 00000000 SECT152 notype       Static      | .xdata
    Section length    8, #relocs    0, #linenums    0, checksum 64C0703A, selection    5 (pick associative Section 0xAD)
43E 00000000 SECT152 notype       Static      | $unwind$?default_error_condition@error_category@std@@UEBA?AVerror_condition@2@H@Z
43F 00000000 SECT153 notype       Static      | .pdata
    Section length    C, #relocs    3, #linenums    0, checksum 85CD537D, selection    5 (pick associative Section 0xAD)
441 00000000 SECT153 notype       Static      | $pdata$?default_error_condition@error_category@std@@UEBA?AVerror_condition@2@H@Z
442 00000000 SECT154 notype       Static      | .xdata
    Section length    8, #relocs    0, #linenums    0, checksum E0DE5F9B, selection    5 (pick associative Section 0xB5)
444 00000000 SECT154 notype       Static      | $unwind$?equivalent@error_category@std@@UEBA_NHAEBVerror_condition@2@@Z
445 00000000 SECT155 notype       Static      | .pdata
    Section length    C, #relocs    3, #linenums    0, checksum D16CFD3C, selection    5 (pick associative Section 0xB5)
447 00000000 SECT155 notype       Static      | $pdata$?equivalent@error_category@std@@UEBA_NHAEBVerror_condition@2@@Z
448 00000000 SECT156 notype       Static      | .xdata
    Section length    8, #relocs    0, #linenums    0, checksum 9F634435, selection    5 (pick associative Section 0xB3)
44A 00000000 SECT156 notype       Static      | $unwind$?equivalent@error_category@std@@UEBA_NAEBVerror_code@2@H@Z
44B 00000000 SECT157 notype       Static      | .pdata
    Section length    C, #relocs    3, #linenums    0, checksum C83E900B, selection    5 (pick associative Section 0xB3)
44D 00000000 SECT157 notype       Static      | $pdata$?equivalent@error_category@std@@UEBA_NAEBVerror_code@2@H@Z
44E 00000000 SECT158 notype       Static      | .xdata
    Section length    8, #relocs    0, #linenums    0, checksum B49A565B, selection    5 (pick associative Section 0x53)
450 00000000 SECT158 notype       Static      | $unwind$??_Gerror_category@std@@UEAAPEAXI@Z
451 00000000 SECT159 notype       Static      | .pdata
    Section length    C, #relocs    3, #linenums    0, checksum 998CF358, selection    5 (pick associative Section 0x53)
453 00000000 SECT159 notype       Static      | $pdata$??_Gerror_category@std@@UEAAPEAXI@Z
454 00000000 SECT15A notype       Static      | .xdata
    Section length    8, #relocs    0, #linenums    0, checksum B34A0BCB, selection    5 (pick associative Section 0x47)
456 00000000 SECT15A notype       Static      | $unwind$??8error_condition@std@@QEBA_NAEBV01@@Z
457 00000000 SECT15B notype       Static      | .pdata
    Section length    C, #relocs    3, #linenums    0, checksum 66E7E712, selection    5 (pick associative Section 0x47)
459 00000000 SECT15B notype       Static      | $pdata$??8error_condition@std@@QEBA_NAEBV01@@Z
45A 00000000 SECT15C notype       Static      | .xdata
    Section length    8, #relocs    0, #linenums    0, checksum 15BCD18D, selection    5 (pick associative Section 0xCA)
45C 00000000 SECT15C notype       Static      | $unwind$?name@_Generic_error_category@std@@UEBAPEBDXZ
45D 00000000 SECT15D notype       Static      | .pdata
    Section length    C, #relocs    3, #linenums    0, checksum D92012AC, selection    5 (pick associative Section 0xCA)
45F 00000000 SECT15D notype       Static      | $pdata$?name@_Generic_error_category@std@@UEBAPEBDXZ
460 00000000 SECT15E notype       Static      | .xdata
    Section length    C, #relocs    0, #linenums    0, checksum E8DE1F79, selection    5 (pick associative Section 0xC2)
462 00000000 SECT15E notype       Static      | $unwind$?message@_Generic_error_category@std@@UEBA?AV?$basic_string@DU?$char_traits@D@std@@V?$allocator@D@2@@2@H@Z
463 00000000 SECT15F notype       Static      | .pdata
    Section length    C, #relocs    3, #linenums    0, checksum 3A0AA6C3, selection    5 (pick associative Section 0xC2)
465 00000000 SECT15F notype       Static      | $pdata$?message@_Generic_error_category@std@@UEBA?AV?$basic_string@DU?$char_traits@D@std@@V?$allocator@D@2@@2@H@Z
466 00000000 SECT160 notype       Static      | .xdata
    Section length    8, #relocs    0, #linenums    0, checksum B49A565B, selection    5 (pick associative Section 0x4D)
468 00000000 SECT160 notype       Static      | $unwind$??_G_Generic_error_category@std@@UEAAPEAXI@Z
469 00000000 SECT161 notype       Static      | .pdata
    Section length    C, #relocs    3, #linenums    0, checksum 998CF358, selection    5 (pick associative Section 0x4D)
46B 00000000 SECT161 notype       Static      | $pdata$??_G_Generic_error_category@std@@UEAAPEAXI@Z
46C 00000000 SECT162 notype       Static      | .xdata
    Section length    8, #relocs    0, #linenums    0, checksum 15BCD18D, selection    5 (pick associative Section 0xCC)
46E 00000000 SECT162 notype       Static      | $unwind$?name@_Iostream_error_category@std@@UEBAPEBDXZ
46F 00000000 SECT163 notype       Static      | .pdata
    Section length    C, #relocs    3, #linenums    0, checksum D92012AC, selection    5 (pick associative Section 0xCC)
471 00000000 SECT163 notype       Static      | $pdata$?name@_Iostream_error_category@std@@UEBAPEBDXZ
472 00000000 SECT164 notype       Static      | .xdata
    Section length    C, #relocs    0, #linenums    0, checksum 3E87FC64, selection    5 (pick associative Section 0xC4)
474 00000000 SECT164 notype       Static      | $unwind$?message@_Iostream_error_category@std@@UEBA?AV?$basic_string@DU?$char_traits@D@std@@V?$allocator@D@2@@2@H@Z
475 00000000 SECT165 notype       Static      | .pdata
    Section length    C, #relocs    3, #linenums    0, checksum 2E07E976, selection    5 (pick associative Section 0xC4)
477 00000000 SECT165 notype       Static      | $pdata$?message@_Iostream_error_category@std@@UEBA?AV?$basic_string@DU?$char_traits@D@std@@V?$allocator@D@2@@2@H@Z
478 00000000 SECT166 notype       Static      | .xdata
    Section length    8, #relocs    0, #linenums    0, checksum B49A565B, selection    5 (pick associative Section 0x4F)
47A 00000000 SECT166 notype       Static      | $unwind$??_G_Iostream_error_category@std@@UEAAPEAXI@Z
47B 00000000 SECT167 notype       Static      | .pdata
    Section length    C, #relocs    3, #linenums    0, checksum 998CF358, selection    5 (pick associative Section 0x4F)
47D 00000000 SECT167 notype       Static      | $pdata$??_G_Iostream_error_category@std@@UEAAPEAXI@Z
47E 00000000 SECT168 notype       Static      | .xdata
    Section length    8, #relocs    0, #linenums    0, checksum 15BCD18D, selection    5 (pick associative Section 0xCE)
480 00000000 SECT168 notype       Static      | $unwind$?name@_System_error_category@std@@UEBAPEBDXZ
481 00000000 SECT169 notype       Static      | .pdata
    Section length    C, #relocs    3, #linenums    0, checksum D92012AC, selection    5 (pick associative Section 0xCE)
483 00000000 SECT169 notype       Static      | $pdata$?name@_System_error_category@std@@UEBAPEBDXZ
484 00000000 SECT16A notype       Static      | .xdata
    Section length    C, #relocs    0, #linenums    0, checksum E8DE1F79, selection    5 (pick associative Section 0xC6)
486 00000000 SECT16A notype       Static      | $unwind$?message@_System_error_category@std@@UEBA?AV?$basic_string@DU?$char_traits@D@std@@V?$allocator@D@2@@2@H@Z
487 00000000 SECT16B notype       Static      | .pdata
    Section length    C, #relocs    3, #linenums    0, checksum 3A0AA6C3, selection    5 (pick associative Section 0xC6)
489 00000000 SECT16B notype       Static      | $pdata$?message@_System_error_category@std@@UEBA?AV?$basic_string@DU?$char_traits@D@std@@V?$allocator@D@2@@2@H@Z
48A 00000000 SECT16C notype       Static      | .xdata
    Section length    8, #relocs    0, #linenums    0, checksum 9F634435, selection    5 (pick associative Section 0xAB)
48C 00000000 SECT16C notype       Static      | $unwind$?default_error_condition@_System_error_category@std@@UEBA?AVerror_condition@2@H@Z
48D 00000000 SECT16D notype       Static      | .pdata
    Section length    C, #relocs    3, #linenums    0, checksum 533B85DA, selection    5 (pick associative Section 0xAB)
48F 00000000 SECT16D notype       Static      | $pdata$?default_error_condition@_System_error_category@std@@UEBA?AVerror_condition@2@H@Z
490 00000000 SECT16E notype       Static      | .xdata
    Section length    8, #relocs    0, #linenums    0, checksum B49A565B, selection    5 (pick associative Section 0x51)
492 00000000 SECT16E notype       Static      | $unwind$??_G_System_error_category@std@@UEAAPEAXI@Z
493 00000000 SECT16F notype       Static      | .pdata
    Section length    C, #relocs    3, #linenums    0, checksum 998CF358, selection    5 (pick associative Section 0x51)
495 00000000 SECT16F notype       Static      | $pdata$??_G_System_error_category@std@@UEAAPEAXI@Z
496 00000000 SECT170 notype       Static      | .xdata
    Section length    8, #relocs    0, #linenums    0, checksum B0598A06, selection    5 (pick associative Section 0x29)
498 00000000 SECT170 notype       Static      | $unwind$??0Request@MilesFileChannel26@@QEAA@XZ
499 00000000 SECT171 notype       Static      | .pdata
    Section length    C, #relocs    3, #linenums    0, checksum AC509190, selection    5 (pick associative Section 0x29)
49B 00000000 SECT171 notype       Static      | $pdata$??0Request@MilesFileChannel26@@QEAA@XZ
49C 00000000 SECT172 notype       Static      | .xdata
    Section length    8, #relocs    0, #linenums    0, checksum 15BCD18D, selection    5 (pick associative Section 0xD4)
49E 00000000 SECT172 notype       Static      | $unwind$?opcode@Request@MilesFileChannel26@@QEBAIXZ
49F 00000000 SECT173 notype       Static      | .pdata
    Section length    C, #relocs    3, #linenums    0, checksum 7CBB312B, selection    5 (pick associative Section 0xD4)
4A1 00000000 SECT173 notype       Static      | $pdata$?opcode@Request@MilesFileChannel26@@QEBAIXZ
4A2 00000000 SECT174 notype       Static      | .xdata
    Section length    8, #relocs    0, #linenums    0, checksum F6A3A49A, selection    5 (pick associative Section 0xE4)
4A4 00000000 SECT174 notype       Static      | $unwind$?target@Request@MilesFileChannel26@@QEBA?AUHandle@MilesWire@@XZ
4A5 00000000 SECT175 notype       Static      | .pdata
    Section length    C, #relocs    3, #linenums    0, checksum E639797D, selection    5 (pick associative Section 0xE4)
4A7 00000000 SECT175 notype       Static      | $pdata$?target@Request@MilesFileChannel26@@QEBA?AUHandle@MilesWire@@XZ
4A8 00000000 SECT176 notype       Static      | .xdata
    Section length    8, #relocs    0, #linenums    0, checksum 15BCD18D, selection    5 (pick associative Section 0xA3)
4AA 00000000 SECT176 notype       Static      | $unwind$?count@Request@MilesFileChannel26@@QEBAIXZ
4AB 00000000 SECT177 notype       Static      | .pdata
    Section length    C, #relocs    3, #linenums    0, checksum ED7B2DE3, selection    5 (pick associative Section 0xA3)
4AD 00000000 SECT177 notype       Static      | $pdata$?count@Request@MilesFileChannel26@@QEBAIXZ
4AE 00000000 SECT178 notype       Static      | .rdata
    Section length   60, #relocs    2, #linenums    0, checksum 6C475299, selection    5 (pick associative Section 0xD2)
4B0 00000000 SECT178 notype       Static      | ?offset@Request@MilesFileChannel26@@QEBAHXZ$rtcName$0 (?offset@Request@MilesFileChannel26@@QEBAHXZ$rtcName$0)
4B1 00000010 SECT178 notype       Static      | ?offset@Request@MilesFileChannel26@@QEBAHXZ$rtcVarDesc (?offset@Request@MilesFileChannel26@@QEBAHXZ$rtcVarDesc)
4B2 00000050 SECT178 notype       Static      | ?offset@Request@MilesFileChannel26@@QEBAHXZ$rtcFrameData (?offset@Request@MilesFileChannel26@@QEBAHXZ$rtcFrameData)
4B3 00000000 SECT179 notype       Static      | .xdata
    Section length    8, #relocs    0, #linenums    0, checksum 8814CCE6, selection    5 (pick associative Section 0xD2)
4B5 00000000 SECT179 notype       Static      | $unwind$?offset@Request@MilesFileChannel26@@QEBAHXZ
4B6 00000000 SECT17A notype       Static      | .pdata
    Section length    C, #relocs    3, #linenums    0, checksum 1C41A025, selection    5 (pick associative Section 0xD2)
4B8 00000000 SECT17A notype       Static      | $pdata$?offset@Request@MilesFileChannel26@@QEBAHXZ
4B9 00000000 SECT17B notype       Static      | .xdata
    Section length    8, #relocs    0, #linenums    0, checksum 15BCD18D, selection    5 (pick associative Section 0xD6)
4BB 00000000 SECT17B notype       Static      | $unwind$?origin@Request@MilesFileChannel26@@QEBAIXZ
4BC 00000000 SECT17C notype       Static      | .pdata
    Section length    C, #relocs    3, #linenums    0, checksum ED7B2DE3, selection    5 (pick associative Section 0xD6)
4BE 00000000 SECT17C notype       Static      | $pdata$?origin@Request@MilesFileChannel26@@QEBAIXZ
4BF 00000000 SECT17D notype       Static      | .xdata
    Section length    8, #relocs    0, #linenums    0, checksum 15BCD18D, selection    5 (pick associative Section 0xC8)
4C1 00000000 SECT17D notype       Static      | $unwind$?name@Request@MilesFileChannel26@@QEBAAEBV?$basic_string@DU?$char_traits@D@std@@V?$allocator@D@2@@std@@XZ
4C2 00000000 SECT17E notype       Static      | .pdata
    Section length    C, #relocs    3, #linenums    0, checksum F23436C8, selection    5 (pick associative Section 0xC8)
4C4 00000000 SECT17E notype       Static      | $pdata$?name@Request@MilesFileChannel26@@QEBAAEBV?$basic_string@DU?$char_traits@D@std@@V?$allocator@D@2@@std@@XZ
4C5 00000000 SECT17F notype       Static      | .xdata
    Section length    8, #relocs    0, #linenums    0, checksum 15BCD18D, selection    5 (pick associative Section 0xBD)
4C7 00000000 SECT17F notype       Static      | $unwind$?header@Request@MilesFileChannel26@@QEBAAEBUHeader@MilesWire@@XZ
4C8 00000000 SECT180 notype       Static      | .pdata
    Section length    C, #relocs    3, #linenums    0, checksum 9B0515D1, selection    5 (pick associative Section 0xBD)
4CA 00000000 SECT180 notype       Static      | $pdata$?header@Request@MilesFileChannel26@@QEBAAEBUHeader@MilesWire@@XZ
4CB 00000000 SECT181 notype       Static      | .xdata
    Section length    8, #relocs    0, #linenums    0, checksum 15BCD18D, selection    5 (pick associative Section 0xE6)
4CD 00000000 SECT181 notype       Static      | $unwind$?valid@Request@MilesFileChannel26@@QEBA_NXZ
4CE 00000000 SECT182 notype       Static      | .pdata
    Section length    C, #relocs    3, #linenums    0, checksum F8F13FD1, selection    5 (pick associative Section 0xE6)
4D0 00000000 SECT182 notype       Static      | $pdata$?valid@Request@MilesFileChannel26@@QEBA_NXZ
4D1 00000000 SECT183 notype       Static      | .rdata
    Section length   88, #relocs    4, #linenums    0, checksum 38B654F6, selection    5 (pick associative Section 0xA8)
4D3 00000000 SECT183 notype       Static      | ?decodeRequest@MilesFileChannel26@@YA?AW4Validation@1@UBytes@MilesTransport@@AEBUAssociation@1@AEAVRequest@1@@Z$rtcName$0 (?decodeRequest@MilesFileChannel26@@YA?AW4Validation@1@UBytes@MilesTransport@@AEBUAssociation@1@AEAVRequest@1@@Z$rtcName$0)
4D4 00000010 SECT183 notype       Static      | ?decodeRequest@MilesFileChannel26@@YA?AW4Validation@1@UBytes@MilesTransport@@AEBUAssociation@1@AEAVRequest@1@@Z$rtcVarDesc (?decodeRequest@MilesFileChannel26@@YA?AW4Validation@1@UBytes@MilesTransport@@AEBUAssociation@1@AEAVRequest@1@@Z$rtcVarDesc)
4D5 00000050 SECT183 notype       Static      | ?decodeRequest@MilesFileChannel26@@YA?AW4Validation@1@UBytes@MilesTransport@@AEBUAssociation@1@AEAVRequest@1@@Z$rtcFrameData (?decodeRequest@MilesFileChannel26@@YA?AW4Validation@1@UBytes@MilesTransport@@AEBUAssociation@1@AEAVRequest@1@@Z$rtcFrameData)
4D6 00000000 SECT184 notype       Static      | .xdata
    Section length   18, #relocs    2, #linenums    0, checksum 9AF8F2A7, selection    5 (pick associative Section 0xA8)
4D8 00000000 SECT184 notype       Static      | $unwind$?decodeRequest@MilesFileChannel26@@YA?AW4Validation@1@UBytes@MilesTransport@@AEBUAssociation@1@AEAVRequest@1@@Z
4D9 00000000 SECT185 notype       Static      | .pdata
    Section length    C, #relocs    3, #linenums    0, checksum BA50CF56, selection    5 (pick associative Section 0xA8)
4DB 00000000 SECT185 notype       Static      | $pdata$?decodeRequest@MilesFileChannel26@@YA?AW4Validation@1@UBytes@MilesTransport@@AEBUAssociation@1@AEAVRequest@1@@Z
4DC 00000060 SECT183 notype       Static      | $cppxdata$?decodeRequest@MilesFileChannel26@@YA?AW4Validation@1@UBytes@MilesTransport@@AEBUAssociation@1@AEAVRequest@1@@Z
4DD 00000000 SECT186 notype       Static      | .xdata
    Section length    8, #relocs    1, #linenums    0, checksum 9ADD2096, selection    5 (pick associative Section 0xA8)
4DF 00000000 SECT186 notype       Static      | $stateUnwindMap$?decodeRequest@MilesFileChannel26@@YA?AW4Validation@1@UBytes@MilesTransport@@AEBUAssociation@1@AEAVRequest@1@@Z
4E0 00000000 SECT187 notype       Static      | .xdata
    Section length   B8, #relocs   17, #linenums    0, checksum 9D8C97B5, selection    5 (pick associative Section 0xA8)
4E2 00000000 SECT187 notype       Static      | $ip2state$?decodeRequest@MilesFileChannel26@@YA?AW4Validation@1@UBytes@MilesTransport@@AEBUAssociation@1@AEAVRequest@1@@Z
4E3 00000000 SECT188 notype       Static      | .xdata
    Section length    C, #relocs    0, #linenums    0, checksum 44E6EFD9, selection    5 (pick associative Section 0xA8)
4E5 00000000 SECT188 notype       Static      | $unwind$?dtor$0@?0??decodeRequest@MilesFileChannel26@@YA?AW4Validation@1@UBytes@MilesTransport@@AEBUAssociation@1@AEAVRequest@1@@Z@4HA
4E6 00000000 SECT189 notype       Static      | .pdata
    Section length    C, #relocs    3, #linenums    0, checksum 77F965B5, selection    5 (pick associative Section 0xA8)
4E8 00000000 SECT189 notype       Static      | $pdata$?dtor$0@?0??decodeRequest@MilesFileChannel26@@YA?AW4Validation@1@UBytes@MilesTransport@@AEBUAssociation@1@AEAVRequest@1@@Z@4HA
4E9 00000000 SECT18A notype       Static      | .xdata
    Section length    8, #relocs    0, #linenums    0, checksum B0598A06, selection    5 (pick associative Section 0x3F)
4EB 00000000 SECT18A notype       Static      | $unwind$??1Request@MilesFileChannel26@@QEAA@XZ
4EC 00000000 SECT18B notype       Static      | .pdata
    Section length    C, #relocs    3, #linenums    0, checksum B298D73C, selection    5 (pick associative Section 0x3F)
4EE 00000000 SECT18B notype       Static      | $pdata$??1Request@MilesFileChannel26@@QEAA@XZ
4EF 00000000 SECT18C notype       Static      | .xdata
    Section length    8, #relocs    0, #linenums    0, checksum FBEF1D4C, selection    5 (pick associative Section 0x1E)
4F1 00000000 SECT18C notype       Static      | $unwind$??0Binding@MilesFileChannel26@@QEAA@UHandle@MilesWire@@ULocalFileHandle@ClientAudioFileCallbacks@@@Z
4F2 00000000 SECT18D notype       Static      | .pdata
    Section length    C, #relocs    3, #linenums    0, checksum 562848C8, selection    5 (pick associative Section 0x1E)
4F4 00000000 SECT18D notype       Static      | $pdata$??0Binding@MilesFileChannel26@@QEAA@UHandle@MilesWire@@ULocalFileHandle@ClientAudioFileCallbacks@@@Z
4F5 00000000 SECT18E notype       Static      | .xdata
    Section length    8, #relocs    0, #linenums    0, checksum F88E4126, selection    5 (pick associative Section 0x33)
4F7 00000000 SECT18E notype       Static      | $unwind$??1?$_Vector_val@U?$_Simple_types@E@std@@@std@@QEAA@XZ
4F8 00000000 SECT18F notype       Static      | .pdata
    Section length    C, #relocs    3, #linenums    0, checksum ECFC7064, selection    5 (pick associative Section 0x33)
4FA 00000000 SECT18F notype       Static      | $pdata$??1?$_Vector_val@U?$_Simple_types@E@std@@@std@@QEAA@XZ
4FB 00000000 SECT190 notype       Static      | .rdata
    Section length   60, #relocs    2, #linenums    0, checksum 83F1C6C2, selection    5 (pick associative Section 0x73)
4FD 00000000 SECT190 notype       Static      | ?_Alloc_proxy@?$_Vector_alloc@$0A@U?$_Vec_base_types@EV?$allocator@E@std@@@std@@@std@@QEAAXXZ$rtcName$0 (?_Alloc_proxy@?$_Vector_alloc@$0A@U?$_Vec_base_types@EV?$allocator@E@std@@@std@@@std@@QEAAXXZ$rtcName$0)
4FE 00000010 SECT190 notype       Static      | ?_Alloc_proxy@?$_Vector_alloc@$0A@U?$_Vec_base_types@EV?$allocator@E@std@@@std@@@std@@QEAAXXZ$rtcVarDesc (?_Alloc_proxy@?$_Vector_alloc@$0A@U?$_Vec_base_types@EV?$allocator@E@std@@@std@@@std@@QEAAXXZ$rtcVarDesc)
4FF 00000050 SECT190 notype       Static      | ?_Alloc_proxy@?$_Vector_alloc@$0A@U?$_Vec_base_types@EV?$allocator@E@std@@@std@@@std@@QEAAXXZ$rtcFrameData (?_Alloc_proxy@?$_Vector_alloc@$0A@U?$_Vec_base_types@EV?$allocator@E@std@@@std@@@std@@QEAAXXZ$rtcFrameData)
500 00000000 SECT191 notype       Static      | .xdata
    Section length    C, #relocs    0, #linenums    0, checksum CC3C910F, selection    5 (pick associative Section 0x73)
502 00000000 SECT191 notype       Static      | $unwind$?_Alloc_proxy@?$_Vector_alloc@$0A@U?$_Vec_base_types@EV?$allocator@E@std@@@std@@@std@@QEAAXXZ
503 00000000 SECT192 notype       Static      | .pdata
    Section length    C, #relocs    3, #linenums    0, checksum  3EC2833, selection    5 (pick associative Section 0x73)
505 00000000 SECT192 notype       Static      | $pdata$?_Alloc_proxy@?$_Vector_alloc@$0A@U?$_Vec_base_types@EV?$allocator@E@std@@@std@@@std@@QEAAXXZ
506 00000000 SECT193 notype       Static      | .rdata
    Section length   60, #relocs    2, #linenums    0, checksum 83F1C6C2, selection    5 (pick associative Section 0x7E)
508 00000000 SECT193 notype       Static      | ?_Free_proxy@?$_Vector_alloc@$0A@U?$_Vec_base_types@EV?$allocator@E@std@@@std@@@std@@QEAAXXZ$rtcName$0 (?_Free_proxy@?$_Vector_alloc@$0A@U?$_Vec_base_types@EV?$allocator@E@std@@@std@@@std@@QEAAXXZ$rtcName$0)
509 00000010 SECT193 notype       Static      | ?_Free_proxy@?$_Vector_alloc@$0A@U?$_Vec_base_types@EV?$allocator@E@std@@@std@@@std@@QEAAXXZ$rtcVarDesc (?_Free_proxy@?$_Vector_alloc@$0A@U?$_Vec_base_types@EV?$allocator@E@std@@@std@@@std@@QEAAXXZ$rtcVarDesc)
50A 00000050 SECT193 notype       Static      | ?_Free_proxy@?$_Vector_alloc@$0A@U?$_Vec_base_types@EV?$allocator@E@std@@@std@@@std@@QEAAXXZ$rtcFrameData (?_Free_proxy@?$_Vector_alloc@$0A@U?$_Vec_base_types@EV?$allocator@E@std@@@std@@@std@@QEAAXXZ$rtcFrameData)
50B 00000000 SECT194 notype       Static      | .xdata
    Section length    8, #relocs    0, #linenums    0, checksum 8814CCE6, selection    5 (pick associative Section 0x7E)
50D 00000000 SECT194 notype       Static      | $unwind$?_Free_proxy@?$_Vector_alloc@$0A@U?$_Vec_base_types@EV?$allocator@E@std@@@std@@@std@@QEAAXXZ
50E 00000000 SECT195 notype       Static      | .pdata
    Section length    C, #relocs    3, #linenums    0, checksum D0EBA0BB, selection    5 (pick associative Section 0x7E)
510 00000000 SECT195 notype       Static      | $pdata$?_Free_proxy@?$_Vector_alloc@$0A@U?$_Vec_base_types@EV?$allocator@E@std@@@std@@@std@@QEAAXXZ
511 00000000 SECT196 notype       Static      | .rdata
    Section length   C8, #relocs    6, #linenums    0, checksum 8BE464E7, selection    5 (pick associative Section 0xDA)
513 00000000 SECT196 notype       Static      | ?resize@?$vector@EV?$allocator@E@std@@@std@@QEAAX_K@Z$rtcName$0 (?resize@?$vector@EV?$allocator@E@std@@@std@@QEAAX_K@Z$rtcName$0)
514 00000008 SECT196 notype       Static      | ?resize@?$vector@EV?$allocator@E@std@@@std@@QEAAX_K@Z$rtcName$1 (?resize@?$vector@EV?$allocator@E@std@@@std@@QEAAX_K@Z$rtcName$1)
515 00000010 SECT196 notype       Static      | ?resize@?$vector@EV?$allocator@E@std@@@std@@QEAAX_K@Z$rtcVarDesc (?resize@?$vector@EV?$allocator@E@std@@@std@@QEAAX_K@Z$rtcVarDesc)
516 00000090 SECT196 notype       Static      | ?resize@?$vector@EV?$allocator@E@std@@@std@@QEAAX_K@Z$rtcFrameData (?resize@?$vector@EV?$allocator@E@std@@@std@@QEAAX_K@Z$rtcFrameData)
517 00000000 SECT197 notype       Static      | .xdata
    Section length   10, #relocs    2, #linenums    0, checksum 87DC7141, selection    5 (pick associative Section 0xDA)
519 00000000 SECT197 notype       Static      | $unwind$?resize@?$vector@EV?$allocator@E@std@@@std@@QEAAX_K@Z
51A 00000000 SECT198 notype       Static      | .pdata
    Section length    C, #relocs    3, #linenums    0, checksum 1375F713, selection    5 (pick associative Section 0xDA)
51C 00000000 SECT198 notype       Static      | $pdata$?resize@?$vector@EV?$allocator@E@std@@@std@@QEAAX_K@Z
51D 000000A0 SECT196 notype       Static      | $cppxdata$?resize@?$vector@EV?$allocator@E@std@@@std@@QEAAX_K@Z
51E 00000000 SECT199 notype       Static      | .xdata
    Section length   10, #relocs    0, #linenums    0, checksum 8999943C, selection    5 (pick associative Section 0xDA)
520 00000000 SECT199 notype       Static      | $stateUnwindMap$?resize@?$vector@EV?$allocator@E@std@@@std@@QEAAX_K@Z
521 00000000 SECT19A notype       Static      | .xdata
    Section length   14, #relocs    1, #linenums    0, checksum 570F4CF1, selection    5 (pick associative Section 0xDA)
523 00000000 SECT19A notype       Static      | $tryMap$?resize@?$vector@EV?$allocator@E@std@@@std@@QEAAX_K@Z
524 00000000 SECT19B notype       Static      | .xdata
    Section length   14, #relocs    1, #linenums    0, checksum 6B58D0C4, selection    5 (pick associative Section 0xDA)
526 00000000 SECT19B notype       Static      | $handlerMap$0$?resize@?$vector@EV?$allocator@E@std@@@std@@QEAAX_K@Z
527 00000000 SECT19C notype       Static      | .xdata
    Section length   30, #relocs    6, #linenums    0, checksum 8CDCFB97, selection    5 (pick associative Section 0xDA)
529 00000000 SECT19C notype       Static      | $ip2state$?resize@?$vector@EV?$allocator@E@std@@@std@@QEAAX_K@Z
52A 00000000 SECT19D notype       Static      | .xdata
    Section length   14, #relocs    2, #linenums    0, checksum FCC9C048, selection    5 (pick associative Section 0xDA)
52C 00000000 SECT19D notype       Static      | $unwind$?catch$0@?0??resize@?$vector@EV?$allocator@E@std@@@std@@QEAAX_K@Z@4HA
52D 00000000 SECT19E notype       Static      | .pdata
    Section length    C, #relocs    3, #linenums    0, checksum 562848C8, selection    5 (pick associative Section 0xDA)
52F 00000000 SECT19E notype       Static      | $pdata$?catch$0@?0??resize@?$vector@EV?$allocator@E@std@@@std@@QEAAX_K@Z@4HA
530 00000000 SECT19F notype       Static      | .xdata
    Section length    8, #relocs    0, #linenums    0, checksum FB9DC0EB, selection    5 (pick associative Section 0x4B)
532 00000000 SECT19F notype       Static      | $unwind$??A?$vector@EV?$allocator@E@std@@@std@@QEBAAEBE_K@Z
533 00000000 SECT1A0 notype       Static      | .pdata
    Section length    C, #relocs    3, #linenums    0, checksum CB302B05, selection    5 (pick associative Section 0x4B)
535 00000000 SECT1A0 notype       Static      | $pdata$??A?$vector@EV?$allocator@E@std@@@std@@QEBAAEBE_K@Z
536 00000000 SECT1A1 notype       Static      | .xdata
    Section length    8, #relocs    0, #linenums    0, checksum FB9DC0EB, selection    5 (pick associative Section 0x49)
538 00000000 SECT1A1 notype       Static      | $unwind$??A?$vector@EV?$allocator@E@std@@@std@@QEAAAEAE_K@Z
539 00000000 SECT1A2 notype       Static      | .pdata
    Section length    C, #relocs    3, #linenums    0, checksum CB302B05, selection    5 (pick associative Section 0x49)
53B 00000000 SECT1A2 notype       Static      | $pdata$??A?$vector@EV?$allocator@E@std@@@std@@QEAAAEAE_K@Z
53C 00000000 SECT1A3 notype       Static      | .rdata
    Section length   A0, #relocs    3, #linenums    0, checksum 4786615A, selection    5 (pick associative Section 0x88)
53E 00000000 SECT1A3 notype       Static      | ?_Pop_back_n@?$vector@EV?$allocator@E@std@@@std@@QEAAX_K@Z$rtcName$0 (?_Pop_back_n@?$vector@EV?$allocator@E@std@@@std@@QEAAX_K@Z$rtcName$0)
53F 00000008 SECT1A3 notype       Static      | ?_Pop_back_n@?$vector@EV?$allocator@E@std@@@std@@QEAAX_K@Z$rtcName$1 (?_Pop_back_n@?$vector@EV?$allocator@E@std@@@std@@QEAAX_K@Z$rtcName$1)
540 00000010 SECT1A3 notype       Static      | ?_Pop_back_n@?$vector@EV?$allocator@E@std@@@std@@QEAAX_K@Z$rtcVarDesc (?_Pop_back_n@?$vector@EV?$allocator@E@std@@@std@@QEAAX_K@Z$rtcVarDesc)
541 00000090 SECT1A3 notype       Static      | ?_Pop_back_n@?$vector@EV?$allocator@E@std@@@std@@QEAAX_K@Z$rtcFrameData (?_Pop_back_n@?$vector@EV?$allocator@E@std@@@std@@QEAAX_K@Z$rtcFrameData)
542 00000000 SECT1A4 notype       Static      | .xdata
    Section length    8, #relocs    0, #linenums    0, checksum 4890F4CC, selection    5 (pick associative Section 0x88)
544 00000000 SECT1A4 notype       Static      | $unwind$?_Pop_back_n@?$vector@EV?$allocator@E@std@@@std@@QEAAX_K@Z
545 00000000 SECT1A5 notype       Static      | .pdata
    Section length    C, #relocs    3, #linenums    0, checksum 8A1B9776, selection    5 (pick associative Section 0x88)
547 00000000 SECT1A5 notype       Static      | $pdata$?_Pop_back_n@?$vector@EV?$allocator@E@std@@@std@@QEAAX_K@Z
548 00000000 SECT1A6 notype       Static      | .xdata
    Section length    C, #relocs    0, #linenums    0, checksum 79DF147B, selection    5 (pick associative Section 0xE2)
54A 00000000 SECT1A6 notype       Static      | $unwind$?swap@?$vector@EV?$allocator@E@std@@@std@@QEAAXAEAV12@@Z
54B 00000000 SECT1A7 notype       Static      | .pdata
    Section length    C, #relocs    3, #linenums    0, checksum D3A76048, selection    5 (pick associative Section 0xE2)
54D 00000000 SECT1A7 notype       Static      | $pdata$?swap@?$vector@EV?$allocator@E@std@@@std@@QEAAXAEAV12@@Z
54E 00000000 SECT1A8 notype       Static      | .xdata
    Section length    8, #relocs    0, #linenums    0, checksum C3D0860B, selection    5 (pick associative Section 0x75)
550 00000000 SECT1A8 notype       Static      | $unwind$?_Buy@?$vector@EV?$allocator@E@std@@@std@@IEAA_N_K@Z
551 00000000 SECT1A9 notype       Static      | .pdata
    Section length    C, #relocs    3, #linenums    0, checksum 7B211AB0, selection    5 (pick associative Section 0x75)
553 00000000 SECT1A9 notype       Static      | $pdata$?_Buy@?$vector@EV?$allocator@E@std@@@std@@IEAA_N_K@Z
554 00000000 SECT1AA notype       Static      | .rdata
    Section length  158, #relocs    8, #linenums    0, checksum 5F7AEFEF, selection    5 (pick associative Section 0x8A)
556 00000000 SECT1AA notype       Static      | ?_Reallocate@?$vector@EV?$allocator@E@std@@@std@@IEAAX_K@Z$rtcName$0 (?_Reallocate@?$vector@EV?$allocator@E@std@@@std@@IEAAX_K@Z$rtcName$0)
557 00000008 SECT1AA notype       Static      | ?_Reallocate@?$vector@EV?$allocator@E@std@@@std@@IEAAX_K@Z$rtcName$1 (?_Reallocate@?$vector@EV?$allocator@E@std@@@std@@IEAAX_K@Z$rtcName$1)
558 00000010 SECT1AA notype       Static      | ?_Reallocate@?$vector@EV?$allocator@E@std@@@std@@IEAAX_K@Z$rtcName$2 (?_Reallocate@?$vector@EV?$allocator@E@std@@@std@@IEAAX_K@Z$rtcName$2)
559 00000018 SECT1AA notype       Static      | ?_Reallocate@?$vector@EV?$allocator@E@std@@@std@@IEAAX_K@Z$rtcName$3 (?_Reallocate@?$vector@EV?$allocator@E@std@@@std@@IEAAX_K@Z$rtcName$3)
55A 00000020 SECT1AA notype       Static      | ?_Reallocate@?$vector@EV?$allocator@E@std@@@std@@IEAAX_K@Z$rtcVarDesc (?_Reallocate@?$vector@EV?$allocator@E@std@@@std@@IEAAX_K@Z$rtcVarDesc)
55B 00000120 SECT1AA notype       Static      | ?_Reallocate@?$vector@EV?$allocator@E@std@@@std@@IEAAX_K@Z$rtcFrameData (?_Reallocate@?$vector@EV?$allocator@E@std@@@std@@IEAAX_K@Z$rtcFrameData)
55C 00000000 SECT1AB notype       Static      | .xdata
    Section length   14, #relocs    2, #linenums    0, checksum 7AB49A3C, selection    5 (pick associative Section 0x8A)
55E 00000000 SECT1AB notype       Static      | $unwind$?_Reallocate@?$vector@EV?$allocator@E@std@@@std@@IEAAX_K@Z
55F 00000000 SECT1AC notype       Static      | .pdata
    Section length    C, #relocs    3, #linenums    0, checksum 320432AE, selection    5 (pick associative Section 0x8A)
561 00000000 SECT1AC notype       Static      | $pdata$?_Reallocate@?$vector@EV?$allocator@E@std@@@std@@IEAAX_K@Z
562 00000130 SECT1AA notype       Static      | $cppxdata$?_Reallocate@?$vector@EV?$allocator@E@std@@@std@@IEAAX_K@Z
563 00000000 SECT1AD notype       Static      | .xdata
    Section length   10, #relocs    0, #linenums    0, checksum 8999943C, selection    5 (pick associative Section 0x8A)
565 00000000 SECT1AD notype       Static      | $stateUnwindMap$?_Reallocate@?$vector@EV?$allocator@E@std@@@std@@IEAAX_K@Z
566 00000000 SECT1AE notype       Static      | .xdata
    Section length   14, #relocs    1, #linenums    0, checksum 570F4CF1, selection    5 (pick associative Section 0x8A)
568 00000000 SECT1AE notype       Static      | $tryMap$?_Reallocate@?$vector@EV?$allocator@E@std@@@std@@IEAAX_K@Z
569 00000000 SECT1AF notype       Static      | .xdata
    Section length   14, #relocs    1, #linenums    0, checksum 3B41875B, selection    5 (pick associative Section 0x8A)
56B 00000000 SECT1AF notype       Static      | $handlerMap$0$?_Reallocate@?$vector@EV?$allocator@E@std@@@std@@IEAAX_K@Z
56C 00000000 SECT1B0 notype       Static      | .xdata
    Section length   30, #relocs    6, #linenums    0, checksum 9848A529, selection    5 (pick associative Section 0x8A)
56E 00000000 SECT1B0 notype       Static      | $ip2state$?_Reallocate@?$vector@EV?$allocator@E@std@@@std@@IEAAX_K@Z
56F 00000000 SECT1B1 notype       Static      | .xdata
    Section length   14, #relocs    2, #linenums    0, checksum 740CFED6, selection    5 (pick associative Section 0x8A)
571 00000000 SECT1B1 notype       Static      | $unwind$?catch$0@?0??_Reallocate@?$vector@EV?$allocator@E@std@@@std@@IEAAX_K@Z@4HA
572 00000000 SECT1B2 notype       Static      | .pdata
    Section length    C, #relocs    3, #linenums    0, checksum CD2D5D19, selection    5 (pick associative Section 0x8A)
574 00000000 SECT1B2 notype       Static      | $pdata$?catch$0@?0??_Reallocate@?$vector@EV?$allocator@E@std@@@std@@IEAAX_K@Z@4HA
575 00000000 SECT1B3 notype       Static      | .xdata
    Section length    8, #relocs    0, #linenums    0, checksum 6A3256AB, selection    5 (pick associative Section 0x8D)
577 00000000 SECT1B3 notype       Static      | $unwind$?_Reserve@?$vector@EV?$allocator@E@std@@@std@@IEAAX_K@Z
578 00000000 SECT1B4 notype       Static      | .pdata
    Section length    C, #relocs    3, #linenums    0, checksum  165CEBA, selection    5 (pick associative Section 0x8D)
57A 00000000 SECT1B4 notype       Static      | $pdata$?_Reserve@?$vector@EV?$allocator@E@std@@@std@@IEAAX_K@Z
57B 00000000 SECT1B5 notype       Static      | .rdata
    Section length   A0, #relocs    3, #linenums    0, checksum B084974B, selection    5 (pick associative Section 0x95)
57D 00000000 SECT1B5 notype       Static      | ?_Tidy@?$vector@EV?$allocator@E@std@@@std@@IEAAXXZ$rtcName$0 (?_Tidy@?$vector@EV?$allocator@E@std@@@std@@IEAAXXZ$rtcName$0)
57E 00000008 SECT1B5 notype       Static      | ?_Tidy@?$vector@EV?$allocator@E@std@@@std@@IEAAXXZ$rtcName$1 (?_Tidy@?$vector@EV?$allocator@E@std@@@std@@IEAAXXZ$rtcName$1)
57F 00000010 SECT1B5 notype       Static      | ?_Tidy@?$vector@EV?$allocator@E@std@@@std@@IEAAXXZ$rtcVarDesc (?_Tidy@?$vector@EV?$allocator@E@std@@@std@@IEAAXXZ$rtcVarDesc)
580 00000090 SECT1B5 notype       Static      | ?_Tidy@?$vector@EV?$allocator@E@std@@@std@@IEAAXXZ$rtcFrameData (?_Tidy@?$vector@EV?$allocator@E@std@@@std@@IEAAXXZ$rtcFrameData)
581 00000000 SECT1B6 notype       Static      | .xdata
    Section length    8, #relocs    0, #linenums    0, checksum F8E515C3, selection    5 (pick associative Section 0x95)
583 00000000 SECT1B6 notype       Static      | $unwind$?_Tidy@?$vector@EV?$allocator@E@std@@@std@@IEAAXXZ
584 00000000 SECT1B7 notype       Static      | .pdata
    Section length    C, #relocs    3, #linenums    0, checksum  61D761C, selection    5 (pick associative Section 0x95)
586 00000000 SECT1B7 notype       Static      | $pdata$?_Tidy@?$vector@EV?$allocator@E@std@@@std@@IEAAXXZ
587 00000000 SECT1B8 notype       Static      | .rdata
    Section length   60, #relocs    2, #linenums    0, checksum A826F0EF, selection    5 (pick associative Section 0x86)
589 00000000 SECT1B8 notype       Static      | ?_Orphan_range@?$vector@EV?$allocator@E@std@@@std@@IEBAXPEAE0@Z$rtcName$0 (?_Orphan_range@?$vector@EV?$allocator@E@std@@@std@@IEBAXPEAE0@Z$rtcName$0)
58A 00000010 SECT1B8 notype       Static      | ?_Orphan_range@?$vector@EV?$allocator@E@std@@@std@@IEBAXPEAE0@Z$rtcVarDesc (?_Orphan_range@?$vector@EV?$allocator@E@std@@@std@@IEBAXPEAE0@Z$rtcVarDesc)
58B 00000050 SECT1B8 notype       Static      | ?_Orphan_range@?$vector@EV?$allocator@E@std@@@std@@IEBAXPEAE0@Z$rtcFrameData (?_Orphan_range@?$vector@EV?$allocator@E@std@@@std@@IEBAXPEAE0@Z$rtcFrameData)
58C 00000000 SECT1B9 notype       Static      | .xdata
    Section length    8, #relocs    0, #linenums    0, checksum 461B1955, selection    5 (pick associative Section 0x86)
58E 00000000 SECT1B9 notype       Static      | $unwind$?_Orphan_range@?$vector@EV?$allocator@E@std@@@std@@IEBAXPEAE0@Z
58F 00000000 SECT1BA notype       Static      | .pdata
    Section length    C, #relocs    3, #linenums    0, checksum E4520CC9, selection    5 (pick associative Section 0x86)
591 00000000 SECT1BA notype       Static      | $pdata$?_Orphan_range@?$vector@EV?$allocator@E@std@@@std@@IEBAXPEAE0@Z
592 00000000 SECT1BB notype       Static      | .xdata
    Section length   10, #relocs    2, #linenums    0, checksum  B21EAE7, selection    5 (pick associative Section 0x20)
594 00000000 SECT1BB notype       Static      | $unwind$??0Completion@MilesFileChannel26@@QEAA@XZ
595 00000000 SECT1BC notype       Static      | .pdata
    Section length    C, #relocs    3, #linenums    0, checksum 3B8DFB44, selection    5 (pick associative Section 0x20)
597 00000000 SECT1BC notype       Static      | $pdata$??0Completion@MilesFileChannel26@@QEAA@XZ
598 00000000 SECT1BD notype       Static      | .rdata
    Section length   28, #relocs    2, #linenums    0, checksum E32B2387, selection    5 (pick associative Section 0x20)
59A 00000000 SECT1BD notype       Static      | $cppxdata$??0Completion@MilesFileChannel26@@QEAA@XZ
59B 00000000 SECT1BE notype       Static      | .xdata
    Section length    8, #relocs    1, #linenums    0, checksum 9ADD2096, selection    5 (pick associative Section 0x20)
59D 00000000 SECT1BE notype       Static      | $stateUnwindMap$??0Completion@MilesFileChannel26@@QEAA@XZ
59E 00000000 SECT1BF notype       Static      | .xdata
    Section length   18, #relocs    3, #linenums    0, checksum B6DA7D21, selection    5 (pick associative Section 0x20)
5A0 00000000 SECT1BF notype       Static      | $ip2state$??0Completion@MilesFileChannel26@@QEAA@XZ
5A1 00000000 SECT1C0 notype       Static      | .xdata
    Section length    C, #relocs    0, #linenums    0, checksum 44E6EFD9, selection    5 (pick associative Section 0x20)
5A3 00000000 SECT1C0 notype       Static      | $unwind$?dtor$2@?0???0Completion@MilesFileChannel26@@QEAA@XZ@4HA
5A4 00000000 SECT1C1 notype       Static      | .pdata
    Section length    C, #relocs    3, #linenums    0, checksum 77F965B5, selection    5 (pick associative Section 0x20)
5A6 00000000 SECT1C1 notype       Static      | $pdata$?dtor$2@?0???0Completion@MilesFileChannel26@@QEAA@XZ@4HA
5A7 00000000 SECT1C2 notype       Static      | .xdata
    Section length    8, #relocs    0, #linenums    0, checksum B0598A06, selection    5 (pick associative Section 0x3B)
5A9 00000000 SECT1C2 notype       Static      | $unwind$??1Completion@MilesFileChannel26@@QEAA@XZ
5AA 00000000 SECT1C3 notype       Static      | .pdata
    Section length    C, #relocs    3, #linenums    0, checksum 5526F3C6, selection    5 (pick associative Section 0x3B)
5AC 00000000 SECT1C3 notype       Static      | $pdata$??1Completion@MilesFileChannel26@@QEAA@XZ
5AD 00000000 SECT1C4 notype       Static      | .xdata
    Section length   18, #relocs    2, #linenums    0, checksum 26AF8844, selection    5 (pick associative Section 0x23)
5AF 00000000 SECT1C4 notype       Static      | $unwind$??0Invocation@MilesFileChannel26@@QEAA@AEBVRequest@1@AEBUFileServices@1@V?$shared_ptr@$$CBUBinding@MilesFileChannel26@@@std@@V?$shared_ptr@X@5@@Z
5B0 00000000 SECT1C5 notype       Static      | .pdata
    Section length    C, #relocs    3, #linenums    0, checksum 4D77348C, selection    5 (pick associative Section 0x23)
5B2 00000000 SECT1C5 notype       Static      | $pdata$??0Invocation@MilesFileChannel26@@QEAA@AEBVRequest@1@AEBUFileServices@1@V?$shared_ptr@$$CBUBinding@MilesFileChannel26@@@std@@V?$shared_ptr@X@5@@Z
5B3 00000000 SECT1C6 notype       Static      | .rdata
    Section length   28, #relocs    2, #linenums    0, checksum C370EE80, selection    5 (pick associative Section 0x23)
5B5 00000000 SECT1C6 notype       Static      | $cppxdata$??0Invocation@MilesFileChannel26@@QEAA@AEBVRequest@1@AEBUFileServices@1@V?$shared_ptr@$$CBUBinding@MilesFileChannel26@@@std@@V?$shared_ptr@X@5@@Z
5B6 00000000 SECT1C7 notype       Static      | .xdata
    Section length   30, #relocs    6, #linenums    0, checksum 88143FC7, selection    5 (pick associative Section 0x23)
5B8 00000000 SECT1C7 notype       Static      | $stateUnwindMap$??0Invocation@MilesFileChannel26@@QEAA@AEBVRequest@1@AEBUFileServices@1@V?$shared_ptr@$$CBUBinding@MilesFileChannel26@@@std@@V?$shared_ptr@X@5@@Z
5B9 00000000 SECT1C8 notype       Static      | .xdata
    Section length   40, #relocs    8, #linenums    0, checksum 6C1AE6B5, selection    5 (pick associative Section 0x23)
5BB 00000000 SECT1C8 notype       Static      | $ip2state$??0Invocation@MilesFileChannel26@@QEAA@AEBVRequest@1@AEBUFileServices@1@V?$shared_ptr@$$CBUBinding@MilesFileChannel26@@@std@@V?$shared_ptr@X@5@@Z
5BC 00000000 SECT1C9 notype       Static      | .xdata
    Section length    C, #relocs    0, #linenums    0, checksum 44E6EFD9, selection    5 (pick associative Section 0x23)
5BE 00000000 SECT1C9 notype       Static      | $unwind$?dtor$0@?0???0Invocation@MilesFileChannel26@@QEAA@AEBVRequest@1@AEBUFileServices@1@V?$shared_ptr@$$CBUBinding@MilesFileChannel26@@@std@@V?$shared_ptr@X@5@@Z@4HA
5BF 00000000 SECT1CA notype       Static      | .pdata
    Section length    C, #relocs    3, #linenums    0, checksum 3F196BD1, selection    5 (pick associative Section 0x23)
5C1 00000000 SECT1CA notype       Static      | $pdata$?dtor$0@?0???0Invocation@MilesFileChannel26@@QEAA@AEBVRequest@1@AEBUFileServices@1@V?$shared_ptr@$$CBUBinding@MilesFileChannel26@@@std@@V?$shared_ptr@X@5@@Z@4HA
5C2 00000000 SECT1CB notype       Static      | .xdata
    Section length    C, #relocs    0, #linenums    0, checksum 44E6EFD9, selection    5 (pick associative Section 0x23)
5C4 00000000 SECT1CB notype       Static      | $unwind$?dtor$1@?0???0Invocation@MilesFileChannel26@@QEAA@AEBVRequest@1@AEBUFileServices@1@V?$shared_ptr@$$CBUBinding@MilesFileChannel26@@@std@@V?$shared_ptr@X@5@@Z@4HA
5C5 00000000 SECT1CC notype       Static      | .pdata
    Section length    C, #relocs    3, #linenums    0, checksum 3F196BD1, selection    5 (pick associative Section 0x23)
5C7 00000000 SECT1CC notype       Static      | $pdata$?dtor$1@?0???0Invocation@MilesFileChannel26@@QEAA@AEBVRequest@1@AEBUFileServices@1@V?$shared_ptr@$$CBUBinding@MilesFileChannel26@@@std@@V?$shared_ptr@X@5@@Z@4HA
5C8 00000000 SECT1CD notype       Static      | .xdata
    Section length    C, #relocs    0, #linenums    0, checksum 44E6EFD9, selection    5 (pick associative Section 0x23)
5CA 00000000 SECT1CD notype       Static      | $unwind$?dtor$2@?0???0Invocation@MilesFileChannel26@@QEAA@AEBVRequest@1@AEBUFileServices@1@V?$shared_ptr@$$CBUBinding@MilesFileChannel26@@@std@@V?$shared_ptr@X@5@@Z@4HA
5CB 00000000 SECT1CE notype       Static      | .pdata
    Section length    C, #relocs    3, #linenums    0, checksum 3F196BD1, selection    5 (pick associative Section 0x23)
5CD 00000000 SECT1CE notype       Static      | $pdata$?dtor$2@?0???0Invocation@MilesFileChannel26@@QEAA@AEBVRequest@1@AEBUFileServices@1@V?$shared_ptr@$$CBUBinding@MilesFileChannel26@@@std@@V?$shared_ptr@X@5@@Z@4HA
5CE 00000000 SECT1CF notype       Static      | .xdata
    Section length    C, #relocs    0, #linenums    0, checksum 44E6EFD9, selection    5 (pick associative Section 0x23)
5D0 00000000 SECT1CF notype       Static      | $unwind$?dtor$3@?0???0Invocation@MilesFileChannel26@@QEAA@AEBVRequest@1@AEBUFileServices@1@V?$shared_ptr@$$CBUBinding@MilesFileChannel26@@@std@@V?$shared_ptr@X@5@@Z@4HA
5D1 00000000 SECT1D0 notype       Static      | .pdata
    Section length    C, #relocs    3, #linenums    0, checksum 62737787, selection    5 (pick associative Section 0x23)
5D3 00000000 SECT1D0 notype       Static      | $pdata$?dtor$3@?0???0Invocation@MilesFileChannel26@@QEAA@AEBVRequest@1@AEBUFileServices@1@V?$shared_ptr@$$CBUBinding@MilesFileChannel26@@@std@@V?$shared_ptr@X@5@@Z@4HA
5D4 00000000 SECT1D1 notype       Static      | .xdata
    Section length    C, #relocs    0, #linenums    0, checksum 44E6EFD9, selection    5 (pick associative Section 0x23)
5D6 00000000 SECT1D1 notype       Static      | $unwind$?dtor$4@?0???0Invocation@MilesFileChannel26@@QEAA@AEBVRequest@1@AEBUFileServices@1@V?$shared_ptr@$$CBUBinding@MilesFileChannel26@@@std@@V?$shared_ptr@X@5@@Z@4HA
5D7 00000000 SECT1D2 notype       Static      | .pdata
    Section length    C, #relocs    3, #linenums    0, checksum 62737787, selection    5 (pick associative Section 0x23)
5D9 00000000 SECT1D2 notype       Static      | $pdata$?dtor$4@?0???0Invocation@MilesFileChannel26@@QEAA@AEBVRequest@1@AEBUFileServices@1@V?$shared_ptr@$$CBUBinding@MilesFileChannel26@@@std@@V?$shared_ptr@X@5@@Z@4HA
5DA 00000000 SECT1D3 notype       Static      | .xdata
    Section length    C, #relocs    0, #linenums    0, checksum 44E6EFD9, selection    5 (pick associative Section 0x23)
5DC 00000000 SECT1D3 notype       Static      | $unwind$?dtor$5@?0???0Invocation@MilesFileChannel26@@QEAA@AEBVRequest@1@AEBUFileServices@1@V?$shared_ptr@$$CBUBinding@MilesFileChannel26@@@std@@V?$shared_ptr@X@5@@Z@4HA
5DD 00000000 SECT1D4 notype       Static      | .pdata
    Section length    C, #relocs    3, #linenums    0, checksum 62737787, selection    5 (pick associative Section 0x23)
5DF 00000000 SECT1D4 notype       Static      | $pdata$?dtor$5@?0???0Invocation@MilesFileChannel26@@QEAA@AEBVRequest@1@AEBUFileServices@1@V?$shared_ptr@$$CBUBinding@MilesFileChannel26@@@std@@V?$shared_ptr@X@5@@Z@4HA
5E0 00000000 SECT1D5 notype       Static      | .rdata
    Section length  158, #relocs    8, #linenums    0, checksum FB082979, selection    5 (pick associative Section 0xBF)
5E2 00000000 SECT1D5 notype       Static      | ?invokeOnAdmittedExecutor@Invocation@MilesFileChannel26@@QEAA_NXZ$rtcName$0 (?invokeOnAdmittedExecutor@Invocation@MilesFileChannel26@@QEAA_NXZ$rtcName$0)
5E3 00000008 SECT1D5 notype       Static      | ?invokeOnAdmittedExecutor@Invocation@MilesFileChannel26@@QEAA_NXZ$rtcName$1 (?invokeOnAdmittedExecutor@Invocation@MilesFileChannel26@@QEAA_NXZ$rtcName$1)
5E4 00000010 SECT1D5 notype       Static      | ?invokeOnAdmittedExecutor@Invocation@MilesFileChannel26@@QEAA_NXZ$rtcName$2 (?invokeOnAdmittedExecutor@Invocation@MilesFileChannel26@@QEAA_NXZ$rtcName$2)
5E5 00000018 SECT1D5 notype       Static      | ?invokeOnAdmittedExecutor@Invocation@MilesFileChannel26@@QEAA_NXZ$rtcName$3 (?invokeOnAdmittedExecutor@Invocation@MilesFileChannel26@@QEAA_NXZ$rtcName$3)
5E6 00000020 SECT1D5 notype       Static      | ?invokeOnAdmittedExecutor@Invocation@MilesFileChannel26@@QEAA_NXZ$rtcVarDesc (?invokeOnAdmittedExecutor@Invocation@MilesFileChannel26@@QEAA_NXZ$rtcVarDesc)
5E7 00000120 SECT1D5 notype       Static      | ?invokeOnAdmittedExecutor@Invocation@MilesFileChannel26@@QEAA_NXZ$rtcFrameData (?invokeOnAdmittedExecutor@Invocation@MilesFileChannel26@@QEAA_NXZ$rtcFrameData)
5E8 00000000 SECT1D6 notype       Static      | .xdata
    Section length   18, #relocs    2, #linenums    0, checksum 24BCDA2B, selection    5 (pick associative Section 0xBF)
5EA 00000000 SECT1D6 notype       Static      | $unwind$?invokeOnAdmittedExecutor@Invocation@MilesFileChannel26@@QEAA_NXZ
5EB 00000000 SECT1D7 notype       Static      | .pdata
    Section length    C, #relocs    3, #linenums    0, checksum  E37FD4B, selection    5 (pick associative Section 0xBF)
5ED 00000000 SECT1D7 notype       Static      | $pdata$?invokeOnAdmittedExecutor@Invocation@MilesFileChannel26@@QEAA_NXZ
5EE 00000130 SECT1D5 notype       Static      | $cppxdata$?invokeOnAdmittedExecutor@Invocation@MilesFileChannel26@@QEAA_NXZ
5EF 00000000 SECT1D8 notype       Static      | .xdata
    Section length   10, #relocs    0, #linenums    0, checksum 8999943C, selection    5 (pick associative Section 0xBF)
5F1 00000000 SECT1D8 notype       Static      | $stateUnwindMap$?invokeOnAdmittedExecutor@Invocation@MilesFileChannel26@@QEAA_NXZ
5F2 00000000 SECT1D9 notype       Static      | .xdata
    Section length   14, #relocs    1, #linenums    0, checksum 570F4CF1, selection    5 (pick associative Section 0xBF)
5F4 00000000 SECT1D9 notype       Static      | $tryMap$?invokeOnAdmittedExecutor@Invocation@MilesFileChannel26@@QEAA_NXZ
5F5 00000000 SECT1DA notype       Static      | .xdata
    Section length   14, #relocs    1, #linenums    0, checksum 6B58D0C4, selection    5 (pick associative Section 0xBF)
5F7 00000000 SECT1DA notype       Static      | $handlerMap$0$?invokeOnAdmittedExecutor@Invocation@MilesFileChannel26@@QEAA_NXZ
5F8 00000000 SECT1DB notype       Static      | .xdata
    Section length   30, #relocs    6, #linenums    0, checksum  2D30AC8, selection    5 (pick associative Section 0xBF)
5FA 00000000 SECT1DB notype       Static      | $ip2state$?invokeOnAdmittedExecutor@Invocation@MilesFileChannel26@@QEAA_NXZ
5FB 00000000 SECT1DC notype       Static      | .xdata
    Section length   14, #relocs    2, #linenums    0, checksum FCC9C048, selection    5 (pick associative Section 0xBF)
5FD 00000000 SECT1DC notype       Static      | $unwind$?catch$0@?0??invokeOnAdmittedExecutor@Invocation@MilesFileChannel26@@QEAA_NXZ@4HA
5FE 00000000 SECT1DD notype       Static      | .pdata
    Section length    C, #relocs    3, #linenums    0, checksum 6A3F9817, selection    5 (pick associative Section 0xBF)
600 00000000 SECT1DD notype       Static      | $pdata$?catch$0@?0??invokeOnAdmittedExecutor@Invocation@MilesFileChannel26@@QEAA_NXZ@4HA
601 00000000 SECT1DE notype       Static      | .xdata
    Section length    8, #relocs    0, #linenums    0, checksum 15BCD18D, selection    5 (pick associative Section 0xBB)
603 00000000 SECT1DE notype       Static      | $unwind$?finished@Invocation@MilesFileChannel26@@QEBA_NXZ
604 00000000 SECT1DF notype       Static      | .pdata
    Section length    C, #relocs    3, #linenums    0, checksum F8F13FD1, selection    5 (pick associative Section 0xBB)
606 00000000 SECT1DF notype       Static      | $pdata$?finished@Invocation@MilesFileChannel26@@QEBA_NXZ
607 00000000 SECT1E0 notype       Static      | .xdata
    Section length    8, #relocs    0, #linenums    0, checksum 8814CCE6, selection    5 (pick associative Section 0x9F)
609 00000000 SECT1E0 notype       Static      | $unwind$?completion@Invocation@MilesFileChannel26@@QEBAAEBUCompletion@2@XZ
60A 00000000 SECT1E1 notype       Static      | .pdata
    Section length    C, #relocs    3, #linenums    0, checksum A6959889, selection    5 (pick associative Section 0x9F)
60C 00000000 SECT1E1 notype       Static      | $pdata$?completion@Invocation@MilesFileChannel26@@QEBAAEBUCompletion@2@XZ
60D 00000000 SECT1E2 notype       Static      | .xdata
    Section length    8, #relocs    0, #linenums    0, checksum 15BCD18D, selection    5 (pick associative Section 0xD8)
60F 00000000 SECT1E2 notype       Static      | $unwind$?request@Invocation@MilesFileChannel26@@QEBAAEBVRequest@2@XZ
610 00000000 SECT1E3 notype       Static      | .pdata
    Section length    C, #relocs    3, #linenums    0, checksum 9B0515D1, selection    5 (pick associative Section 0xD8)
612 00000000 SECT1E3 notype       Static      | $pdata$?request@Invocation@MilesFileChannel26@@QEBAAEBVRequest@2@XZ
613 00000000 SECT1E4 notype       Static      | .xdata
    Section length    8, #relocs    0, #linenums    0, checksum F88E4126, selection    5 (pick associative Section 0x37)
615 00000000 SECT1E4 notype       Static      | $unwind$??1?$shared_ptr@$$CBUBinding@MilesFileChannel26@@@std@@QEAA@XZ
616 00000000 SECT1E5 notype       Static      | .pdata
    Section length    C, #relocs    3, #linenums    0, checksum 9047414F, selection    5 (pick associative Section 0x37)
618 00000000 SECT1E5 notype       Static      | $pdata$??1?$shared_ptr@$$CBUBinding@MilesFileChannel26@@@std@@QEAA@XZ
619 00000000 SECT1E6 notype       Static      | .xdata
    Section length    8, #relocs    0, #linenums    0, checksum F88E4126, selection    5 (pick associative Section 0x39)
61B 00000000 SECT1E6 notype       Static      | $unwind$??1?$shared_ptr@X@std@@QEAA@XZ
61C 00000000 SECT1E7 notype       Static      | .pdata
    Section length    C, #relocs    3, #linenums    0, checksum 9047414F, selection    5 (pick associative Section 0x39)
61E 00000000 SECT1E7 notype       Static      | $pdata$??1?$shared_ptr@X@std@@QEAA@XZ
61F 00000000 SECT1E8 notype       Static      | .rdata
    Section length   F0, #relocs    4, #linenums    0, checksum C984AD0D, selection    5 (pick associative Section 0xAF)
621 00000000 SECT1E8 notype       Static      | ?encodeCompletion@MilesFileChannel26@@YA?AW4Validation@1@AEBVInvocation@1@UHandle@MilesWire@@AEAV?$vector@EV?$allocator@E@std@@@std@@@Z$rtcName$0 (?encodeCompletion@MilesFileChannel26@@YA?AW4Validation@1@AEBVInvocation@1@UHandle@MilesWire@@AEAV?$vector@EV?$allocator@E@std@@@std@@@Z$rtcName$0)
622 00000008 SECT1E8 notype       Static      | ?encodeCompletion@MilesFileChannel26@@YA?AW4Validation@1@AEBVInvocation@1@UHandle@MilesWire@@AEAV?$vector@EV?$allocator@E@std@@@std@@@Z$rtcName$1 (?encodeCompletion@MilesFileChannel26@@YA?AW4Validation@1@AEBVInvocation@1@UHandle@MilesWire@@AEAV?$vector@EV?$allocator@E@std@@@std@@@Z$rtcName$1)
623 00000010 SECT1E8 notype       Static      | ?encodeCompletion@MilesFileChannel26@@YA?AW4Validation@1@AEBVInvocation@1@UHandle@MilesWire@@AEAV?$vector@EV?$allocator@E@std@@@std@@@Z$rtcName$2 (?encodeCompletion@MilesFileChannel26@@YA?AW4Validation@1@AEBVInvocation@1@UHandle@MilesWire@@AEAV?$vector@EV?$allocator@E@std@@@std@@@Z$rtcName$2)
624 00000030 SECT1E8 notype       Static      | ?encodeCompletion@MilesFileChannel26@@YA?AW4Validation@1@AEBVInvocation@1@UHandle@MilesWire@@AEAV?$vector@EV?$allocator@E@std@@@std@@@Z$rtcVarDesc (?encodeCompletion@MilesFileChannel26@@YA?AW4Validation@1@AEBVInvocation@1@UHandle@MilesWire@@AEAV?$vector@EV?$allocator@E@std@@@std@@@Z$rtcVarDesc)
625 00000018 SECT1E8 notype       Static      | ?encodeCompletion@MilesFileChannel26@@YA?AW4Validation@1@AEBVInvocation@1@UHandle@MilesWire@@AEAV?$vector@EV?$allocator@E@std@@@std@@@Z$rtcFrameData (?encodeCompletion@MilesFileChannel26@@YA?AW4Validation@1@AEBVInvocation@1@UHandle@MilesWire@@AEAV?$vector@EV?$allocator@E@std@@@std@@@Z$rtcFrameData)
626 00000000 SECT1E9 notype       Static      | .xdata
    Section length   14, #relocs    1, #linenums    0, checksum 6B21C304, selection    5 (pick associative Section 0xAF)
628 00000000 SECT1E9 notype       Static      | $unwind$?encodeCompletion@MilesFileChannel26@@YA?AW4Validation@1@AEBVInvocation@1@UHandle@MilesWire@@AEAV?$vector@EV?$allocator@E@std@@@std@@@Z
629 00000000 SECT1EA notype       Static      | .pdata
    Section length    C, #relocs    3, #linenums    0, checksum 4D532BB6, selection    5 (pick associative Section 0xAF)
62B 00000000 SECT1EA notype       Static      | $pdata$?encodeCompletion@MilesFileChannel26@@YA?AW4Validation@1@AEBVInvocation@1@UHandle@MilesWire@@AEAV?$vector@EV?$allocator@E@std@@@std@@@Z
62C 00000000 SECT1EB notype       Static      | .rdata
    Section length   F0, #relocs    4, #linenums    0, checksum  7EE2133, selection    5 (pick associative Section 0xB1)
62E 00000000 SECT1EB notype       Static      | ?encodeCompletionInto@MilesFileChannel26@@YA?AW4Validation@1@AEBVInvocation@1@UHandle@MilesWire@@PEAE_KAEA_K@Z$rtcName$0 (?encodeCompletionInto@MilesFileChannel26@@YA?AW4Validation@1@AEBVInvocation@1@UHandle@MilesWire@@PEAE_KAEA_K@Z$rtcName$0)
62F 00000008 SECT1EB notype       Static      | ?encodeCompletionInto@MilesFileChannel26@@YA?AW4Validation@1@AEBVInvocation@1@UHandle@MilesWire@@PEAE_KAEA_K@Z$rtcName$1 (?encodeCompletionInto@MilesFileChannel26@@YA?AW4Validation@1@AEBVInvocation@1@UHandle@MilesWire@@PEAE_KAEA_K@Z$rtcName$1)
630 00000010 SECT1EB notype       Static      | ?encodeCompletionInto@MilesFileChannel26@@YA?AW4Validation@1@AEBVInvocation@1@UHandle@MilesWire@@PEAE_KAEA_K@Z$rtcName$2 (?encodeCompletionInto@MilesFileChannel26@@YA?AW4Validation@1@AEBVInvocation@1@UHandle@MilesWire@@PEAE_KAEA_K@Z$rtcName$2)
631 00000030 SECT1EB notype       Static      | ?encodeCompletionInto@MilesFileChannel26@@YA?AW4Validation@1@AEBVInvocation@1@UHandle@MilesWire@@PEAE_KAEA_K@Z$rtcVarDesc (?encodeCompletionInto@MilesFileChannel26@@YA?AW4Validation@1@AEBVInvocation@1@UHandle@MilesWire@@PEAE_KAEA_K@Z$rtcVarDesc)
632 00000018 SECT1EB notype       Static      | ?encodeCompletionInto@MilesFileChannel26@@YA?AW4Validation@1@AEBVInvocation@1@UHandle@MilesWire@@PEAE_KAEA_K@Z$rtcFrameData (?encodeCompletionInto@MilesFileChannel26@@YA?AW4Validation@1@AEBVInvocation@1@UHandle@MilesWire@@PEAE_KAEA_K@Z$rtcFrameData)
633 00000000 SECT1EC notype       Static      | .xdata
    Section length   14, #relocs    1, #linenums    0, checksum 43A6D3A3, selection    5 (pick associative Section 0xB1)
635 00000000 SECT1EC notype       Static      | $unwind$?encodeCompletionInto@MilesFileChannel26@@YA?AW4Validation@1@AEBVInvocation@1@UHandle@MilesWire@@PEAE_KAEA_K@Z
636 00000000 SECT1ED notype       Static      | .pdata
    Section length    C, #relocs    3, #linenums    0, checksum 11BE6A67, selection    5 (pick associative Section 0xB1)
638 00000000 SECT1ED notype       Static      | $pdata$?encodeCompletionInto@MilesFileChannel26@@YA?AW4Validation@1@AEBVInvocation@1@UHandle@MilesWire@@PEAE_KAEA_K@Z
639 00000000 SECT1EE notype       Static      | .xdata
    Section length   10, #relocs    2, #linenums    0, checksum  B21EAE7, selection    5 (pick associative Section 0x26)
63B 00000000 SECT1EE notype       Static      | $unwind$??0OwnedReply@MilesFileChannel26@@QEAA@XZ
63C 00000000 SECT1EF notype       Static      | .pdata
    Section length    C, #relocs    3, #linenums    0, checksum 3A0AA6C3, selection    5 (pick associative Section 0x26)
63E 00000000 SECT1EF notype       Static      | $pdata$??0OwnedReply@MilesFileChannel26@@QEAA@XZ
63F 00000000 SECT1F0 notype       Static      | .rdata
    Section length   28, #relocs    2, #linenums    0, checksum E32B2387, selection    5 (pick associative Section 0x26)
641 00000000 SECT1F0 notype       Static      | $cppxdata$??0OwnedReply@MilesFileChannel26@@QEAA@XZ
642 00000000 SECT1F1 notype       Static      | .xdata
    Section length    8, #relocs    1, #linenums    0, checksum 9ADD2096, selection    5 (pick associative Section 0x26)
644 00000000 SECT1F1 notype       Static      | $stateUnwindMap$??0OwnedReply@MilesFileChannel26@@QEAA@XZ
645 00000000 SECT1F2 notype       Static      | .xdata
    Section length   18, #relocs    3, #linenums    0, checksum A0708538, selection    5 (pick associative Section 0x26)
647 00000000 SECT1F2 notype       Static      | $ip2state$??0OwnedReply@MilesFileChannel26@@QEAA@XZ
648 00000000 SECT1F3 notype       Static      | .xdata
    Section length    C, #relocs    0, #linenums    0, checksum 44E6EFD9, selection    5 (pick associative Section 0x26)
64A 00000000 SECT1F3 notype       Static      | $unwind$?dtor$2@?0???0OwnedReply@MilesFileChannel26@@QEAA@XZ@4HA
64B 00000000 SECT1F4 notype       Static      | .pdata
    Section length    C, #relocs    3, #linenums    0, checksum 77F965B5, selection    5 (pick associative Section 0x26)
64D 00000000 SECT1F4 notype       Static      | $pdata$?dtor$2@?0???0OwnedReply@MilesFileChannel26@@QEAA@XZ@4HA
64E 00000000 SECT1F5 notype       Static      | .xdata
    Section length    8, #relocs    0, #linenums    0, checksum B0598A06, selection    5 (pick associative Section 0x3D)
650 00000000 SECT1F5 notype       Static      | $unwind$??1OwnedReply@MilesFileChannel26@@QEAA@XZ
651 00000000 SECT1F6 notype       Static      | .pdata
    Section length    C, #relocs    3, #linenums    0, checksum 5526F3C6, selection    5 (pick associative Section 0x3D)
653 00000000 SECT1F6 notype       Static      | $pdata$??1OwnedReply@MilesFileChannel26@@QEAA@XZ
654 00000000 SECT1F7 notype       Static      | .rdata
    Section length  240, #relocs    A, #linenums    0, checksum EECB27A6, selection    5 (pick associative Section 0xA5)
656 00000000 SECT1F7 notype       Static      | ?decodeReply@MilesFileChannel26@@YA?AW4Validation@1@UBytes@MilesTransport@@AEBVRequest@1@AEAUOwnedReply@1@@Z$rtcName$0 (?decodeReply@MilesFileChannel26@@YA?AW4Validation@1@UBytes@MilesTransport@@AEBVRequest@1@AEAUOwnedReply@1@@Z$rtcName$0)
657 00000008 SECT1F7 notype       Static      | ?decodeReply@MilesFileChannel26@@YA?AW4Validation@1@UBytes@MilesTransport@@AEBVRequest@1@AEAUOwnedReply@1@@Z$rtcName$1 (?decodeReply@MilesFileChannel26@@YA?AW4Validation@1@UBytes@MilesTransport@@AEBVRequest@1@AEAUOwnedReply@1@@Z$rtcName$1)
658 00000010 SECT1F7 notype       Static      | ?decodeReply@MilesFileChannel26@@YA?AW4Validation@1@UBytes@MilesTransport@@AEBVRequest@1@AEAUOwnedReply@1@@Z$rtcName$2 (?decodeReply@MilesFileChannel26@@YA?AW4Validation@1@UBytes@MilesTransport@@AEBVRequest@1@AEAUOwnedReply@1@@Z$rtcName$2)
659 00000020 SECT1F7 notype       Static      | ?decodeReply@MilesFileChannel26@@YA?AW4Validation@1@UBytes@MilesTransport@@AEBVRequest@1@AEAUOwnedReply@1@@Z$rtcName$3 (?decodeReply@MilesFileChannel26@@YA?AW4Validation@1@UBytes@MilesTransport@@AEBVRequest@1@AEAUOwnedReply@1@@Z$rtcName$3)
65A 0000002C SECT1F7 notype       Static      | ?decodeReply@MilesFileChannel26@@YA?AW4Validation@1@UBytes@MilesTransport@@AEBVRequest@1@AEAUOwnedReply@1@@Z$rtcName$4 (?decodeReply@MilesFileChannel26@@YA?AW4Validation@1@UBytes@MilesTransport@@AEBVRequest@1@AEAUOwnedReply@1@@Z$rtcName$4)
65B 00000034 SECT1F7 notype       Static      | ?decodeReply@MilesFileChannel26@@YA?AW4Validation@1@UBytes@MilesTransport@@AEBVRequest@1@AEAUOwnedReply@1@@Z$rtcName$5 (?decodeReply@MilesFileChannel26@@YA?AW4Validation@1@UBytes@MilesTransport@@AEBVRequest@1@AEAUOwnedReply@1@@Z$rtcName$5)
65C 0000003C SECT1F7 notype       Static      | ?decodeReply@MilesFileChannel26@@YA?AW4Validation@1@UBytes@MilesTransport@@AEBVRequest@1@AEAUOwnedReply@1@@Z$rtcName$6 (?decodeReply@MilesFileChannel26@@YA?AW4Validation@1@UBytes@MilesTransport@@AEBVRequest@1@AEAUOwnedReply@1@@Z$rtcName$6)
65D 00000080 SECT1F7 notype       Static      | ?decodeReply@MilesFileChannel26@@YA?AW4Validation@1@UBytes@MilesTransport@@AEBVRequest@1@AEAUOwnedReply@1@@Z$rtcVarDesc (?decodeReply@MilesFileChannel26@@YA?AW4Validation@1@UBytes@MilesTransport@@AEBVRequest@1@AEAUOwnedReply@1@@Z$rtcVarDesc)
65E 00000048 SECT1F7 notype       Static      | ?decodeReply@MilesFileChannel26@@YA?AW4Validation@1@UBytes@MilesTransport@@AEBVRequest@1@AEAUOwnedReply@1@@Z$rtcFrameData (?decodeReply@MilesFileChannel26@@YA?AW4Validation@1@UBytes@MilesTransport@@AEBVRequest@1@AEAUOwnedReply@1@@Z$rtcFrameData)
65F 00000000 SECT1F8 notype       Static      | .xdata
    Section length   18, #relocs    2, #linenums    0, checksum   44B8B9, selection    5 (pick associative Section 0xA5)
661 00000000 SECT1F8 notype       Static      | $unwind$?decodeReply@MilesFileChannel26@@YA?AW4Validation@1@UBytes@MilesTransport@@AEBVRequest@1@AEAUOwnedReply@1@@Z
662 00000000 SECT1F9 notype       Static      | .pdata
    Section length    C, #relocs    3, #linenums    0, checksum FF0D708D, selection    5 (pick associative Section 0xA5)
664 00000000 SECT1F9 notype       Static      | $pdata$?decodeReply@MilesFileChannel26@@YA?AW4Validation@1@UBytes@MilesTransport@@AEBVRequest@1@AEAUOwnedReply@1@@Z
665 00000058 SECT1F7 notype       Static      | $cppxdata$?decodeReply@MilesFileChannel26@@YA?AW4Validation@1@UBytes@MilesTransport@@AEBVRequest@1@AEAUOwnedReply@1@@Z
666 00000000 SECT1FA notype       Static      | .xdata
    Section length    8, #relocs    1, #linenums    0, checksum 9ADD2096, selection    5 (pick associative Section 0xA5)
668 00000000 SECT1FA notype       Static      | $stateUnwindMap$?decodeReply@MilesFileChannel26@@YA?AW4Validation@1@UBytes@MilesTransport@@AEBVRequest@1@AEAUOwnedReply@1@@Z
669 00000000 SECT1FB notype       Static      | .xdata
    Section length   18, #relocs    3, #linenums    0, checksum 57CB4CD9, selection    5 (pick associative Section 0xA5)
66B 00000000 SECT1FB notype       Static      | $ip2state$?decodeReply@MilesFileChannel26@@YA?AW4Validation@1@UBytes@MilesTransport@@AEBVRequest@1@AEAUOwnedReply@1@@Z
66C 00000000 SECT1FC notype       Static      | .xdata
    Section length    C, #relocs    0, #linenums    0, checksum 44E6EFD9, selection    5 (pick associative Section 0xA5)
66E 00000000 SECT1FC notype       Static      | $unwind$?dtor$0@?0??decodeReply@MilesFileChannel26@@YA?AW4Validation@1@UBytes@MilesTransport@@AEBVRequest@1@AEAUOwnedReply@1@@Z@4HA
66F 00000000 SECT1FD notype       Static      | .pdata
    Section length    C, #relocs    3, #linenums    0, checksum 3F196BD1, selection    5 (pick associative Section 0xA5)
671 00000000 SECT1FD notype       Static      | $pdata$?dtor$0@?0??decodeReply@MilesFileChannel26@@YA?AW4Validation@1@UBytes@MilesTransport@@AEBVRequest@1@AEAUOwnedReply@1@@Z@4HA
672 00000000 SECT1FE notype       Static      | .xdata
    Section length    8, #relocs    0, #linenums    0, checksum  D41D1BA, selection    5 (pick associative Section 0xA1)
674 00000000 SECT1FE notype       Static      | $unwind$?copyRead@MilesFileChannel26@@YA?AW4Validation@1@AEBUOwnedReply@1@IPEAX_K@Z
675 00000000 SECT1FF notype       Static      | .pdata
    Section length    C, #relocs    3, #linenums    0, checksum  79A2B9B, selection    5 (pick associative Section 0xA1)
677 00000000 SECT1FF notype       Static      | $pdata$?copyRead@MilesFileChannel26@@YA?AW4Validation@1@AEBUOwnedReply@1@IPEAX_K@Z
678 00000000 SECT200 notype       Static      | .xdata
    Section length    8, #relocs    0, #linenums    0, checksum C0C307C6, selection    5 (pick associative Section 0xD0)
67A 00000000 SECT200 notype       Static      | $unwind$?nullHandle@?A0xa705e22b@MilesFileChannel26@@YA_NAEBUHandle@MilesWire@@@Z
67B 00000000 SECT201 notype       Static      | .pdata
    Section length    C, #relocs    3, #linenums    0, checksum 86C3E873, selection    5 (pick associative Section 0xD0)
67D 00000000 SECT201 notype       Static      | $pdata$?nullHandle@?A0xa705e22b@MilesFileChannel26@@YA_NAEBUHandle@MilesWire@@@Z
67E 00000000 SECT202 notype       Static      | .xdata
    Section length    8, #relocs    0, #linenums    0, checksum C0C307C6, selection    5 (pick associative Section 0xB9)
680 00000000 SECT202 notype       Static      | $unwind$?fileHandle@?A0xa705e22b@MilesFileChannel26@@YA_NAEBUHandle@MilesWire@@@Z
681 00000000 SECT203 notype       Static      | .pdata
    Section length    C, #relocs    3, #linenums    0, checksum 86C3E873, selection    5 (pick associative Section 0xB9)
683 00000000 SECT203 notype       Static      | $pdata$?fileHandle@?A0xa705e22b@MilesFileChannel26@@YA_NAEBUHandle@MilesWire@@@Z
684 00000000 SECT204 notype       Static      | .xdata
    Section length    8, #relocs    0, #linenums    0, checksum 8B074D2B, selection    5 (pick associative Section 0xDD)
686 00000000 SECT204 notype       Static      | $unwind$?same@?A0xa705e22b@MilesFileChannel26@@YA_NAEBUHandle@MilesWire@@0@Z
687 00000000 SECT205 notype       Static      | .pdata
    Section length    C, #relocs    3, #linenums    0, checksum 60FA910E, selection    5 (pick associative Section 0xDD)
689 00000000 SECT205 notype       Static      | $pdata$?same@?A0xa705e22b@MilesFileChannel26@@YA_NAEBUHandle@MilesWire@@0@Z
68A 00000000 SECT206 notype       Static      | .xdata
    Section length    8, #relocs    0, #linenums    0, checksum 8B074D2B, selection    5 (pick associative Section 0x9D)
68C 00000000 SECT206 notype       Static      | $unwind$?association@?A0xa705e22b@MilesFileChannel26@@YA_NAEBUHeader@MilesWire@@AEBUAssociation@2@@Z
68D 00000000 SECT207 notype       Static      | .pdata
    Section length    C, #relocs    3, #linenums    0, checksum 24C2E06F, selection    5 (pick associative Section 0x9D)
68F 00000000 SECT207 notype       Static      | $pdata$?association@?A0xa705e22b@MilesFileChannel26@@YA_NAEBUHeader@MilesWire@@AEBUAssociation@2@@Z
690 00000000 SECT208 notype       Static      | .xdata
    Section length    8, #relocs    0, #linenums    0, checksum 8CD710BB, selection    5 (pick associative Section 0xE8)
692 00000000 SECT208 notype       Static      | $unwind$?zeroValues@?A0xa705e22b@MilesFileChannel26@@YA_NPEBII@Z
693 00000000 SECT209 notype       Static      | .pdata
    Section length    C, #relocs    3, #linenums    0, checksum 1DC6FDA2, selection    5 (pick associative Section 0xE8)
695 00000000 SECT209 notype       Static      | $pdata$?zeroValues@?A0xa705e22b@MilesFileChannel26@@YA_NPEBII@Z
696 00000000 SECT20A notype       Static      | .xdata
    Section length    8, #relocs    0, #linenums    0, checksum FB9DC0EB, selection    5 (pick associative Section 0x7)
698 00000000 SECT20A notype       Static      | $unwind$??$_Reset@$$CBUBinding@MilesFileChannel26@@@?$_Ptr_base@$$CBUBinding@MilesFileChannel26@@@std@@QEAAXAEBV01@@Z
699 00000000 SECT20B notype       Static      | .pdata
    Section length    C, #relocs    3, #linenums    0, checksum C83E900B, selection    5 (pick associative Section 0x7)
69B 00000000 SECT20B notype       Static      | $pdata$??$_Reset@$$CBUBinding@MilesFileChannel26@@@?$_Ptr_base@$$CBUBinding@MilesFileChannel26@@@std@@QEAAXAEBV01@@Z
69C 00000000 SECT20C notype       Static      | .xdata
    Section length    8, #relocs    0, #linenums    0, checksum FB9DC0EB, selection    5 (pick associative Section 0x9)
69E 00000000 SECT20C notype       Static      | $unwind$??$_Reset@X@?$_Ptr_base@X@std@@QEAAXAEBV01@@Z
69F 00000000 SECT20D notype       Static      | .pdata
    Section length    C, #relocs    3, #linenums    0, checksum C83E900B, selection    5 (pick associative Section 0x9)
6A1 00000000 SECT20D notype       Static      | $pdata$??$_Reset@X@?$_Ptr_base@X@std@@QEAAXAEBV01@@Z
6A2 00000000 SECT20E notype       Static      | .xdata
    Section length    8, #relocs    0, #linenums    0, checksum D4336F60, selection    5 (pick associative Section 0x59)
6A4 00000000 SECT20E notype       Static      | $unwind$??__E?_Generic_object@?$_Error_objects@H@std@@2V_Generic_error_category@2@A@@YAXXZ
6A5 00000000 SECT20F notype       Static      | .pdata
    Section length    C, #relocs    3, #linenums    0, checksum EFF2CB6A, selection    5 (pick associative Section 0x59)
6A7 00000000 SECT20F notype       Static      | $pdata$??__E?_Generic_object@?$_Error_objects@H@std@@2V_Generic_error_category@2@A@@YAXXZ
6A8 00000000 SECT210 notype       Static      | .xdata
    Section length    8, #relocs    0, #linenums    0, checksum 6E9162C9, selection    5 (pick associative Section 0x6B)
6AA 00000000 SECT210 notype       Static      | $unwind$??__F?_Generic_object@?$_Error_objects@H@std@@2V_Generic_error_category@2@A@@YAXXZ
6AB 00000000 SECT211 notype       Static      | .pdata
    Section length    C, #relocs    3, #linenums    0, checksum 345B3F4F, selection    5 (pick associative Section 0x6B)
6AD 00000000 SECT211 notype       Static      | $pdata$??__F?_Generic_object@?$_Error_objects@H@std@@2V_Generic_error_category@2@A@@YAXXZ
6AE 00000000 SECT212 notype       Static      | .xdata
    Section length    8, #relocs    0, #linenums    0, checksum D4336F60, selection    5 (pick associative Section 0x5B)
6B0 00000000 SECT212 notype       Static      | $unwind$??__E?_Iostream_object@?$_Error_objects@H@std@@2V_Iostream_error_category@2@A@@YAXXZ
6B1 00000000 SECT213 notype       Static      | .pdata
    Section length    C, #relocs    3, #linenums    0, checksum D16CFD3C, selection    5 (pick associative Section 0x5B)
6B3 00000000 SECT213 notype       Static      | $pdata$??__E?_Iostream_object@?$_Error_objects@H@std@@2V_Iostream_error_category@2@A@@YAXXZ
6B4 00000000 SECT214 notype       Static      | .xdata
    Section length    8, #relocs    0, #linenums    0, checksum 6E9162C9, selection    5 (pick associative Section 0x6D)
6B6 00000000 SECT214 notype       Static      | $unwind$??__F?_Iostream_object@?$_Error_objects@H@std@@2V_Iostream_error_category@2@A@@YAXXZ
6B7 00000000 SECT215 notype       Static      | .pdata
    Section length    C, #relocs    3, #linenums    0, checksum 345B3F4F, selection    5 (pick associative Section 0x6D)
6B9 00000000 SECT215 notype       Static      | $pdata$??__F?_Iostream_object@?$_Error_objects@H@std@@2V_Iostream_error_category@2@A@@YAXXZ
6BA 00000000 SECT216 notype       Static      | .xdata
    Section length    8, #relocs    0, #linenums    0, checksum D4336F60, selection    5 (pick associative Section 0x5D)
6BC 00000000 SECT216 notype       Static      | $unwind$??__E?_System_object@?$_Error_objects@H@std@@2V_System_error_category@2@A@@YAXXZ
6BD 00000000 SECT217 notype       Static      | .pdata
    Section length    C, #relocs    3, #linenums    0, checksum D16CFD3C, selection    5 (pick associative Section 0x5D)
6BF 00000000 SECT217 notype       Static      | $pdata$??__E?_System_object@?$_Error_objects@H@std@@2V_System_error_category@2@A@@YAXXZ
6C0 00000000 SECT218 notype       Static      | .xdata
    Section length    8, #relocs    0, #linenums    0, checksum 6E9162C9, selection    5 (pick associative Section 0x6F)
6C2 00000000 SECT218 notype       Static      | $unwind$??__F?_System_object@?$_Error_objects@H@std@@2V_System_error_category@2@A@@YAXXZ
6C3 00000000 SECT219 notype       Static      | .pdata
    Section length    C, #relocs    3, #linenums    0, checksum 345B3F4F, selection    5 (pick associative Section 0x6F)
6C5 00000000 SECT219 notype       Static      | $pdata$??__F?_System_object@?$_Error_objects@H@std@@2V_System_error_category@2@A@@YAXXZ
6C6 00000000 SECT21A notype       Static      | .rdata
    Section length   60, #relocs    2, #linenums    0, checksum 6F12CC68, selection    5 (pick associative Section 0x5)
6C8 00000000 SECT21A notype       Static      | ??$_Assign@PEBE@?$vector@EV?$allocator@E@std@@@std@@QEAAXPEBE0Uforward_iterator_tag@1@@Z$rtcName$0 (??$_Assign@PEBE@?$vector@EV?$allocator@E@std@@@std@@QEAAXPEBE0Uforward_iterator_tag@1@@Z$rtcName$0)
6C9 00000010 SECT21A notype       Static      | ??$_Assign@PEBE@?$vector@EV?$allocator@E@std@@@std@@QEAAXPEBE0Uforward_iterator_tag@1@@Z$rtcVarDesc (??$_Assign@PEBE@?$vector@EV?$allocator@E@std@@@std@@QEAAXPEBE0Uforward_iterator_tag@1@@Z$rtcVarDesc)
6CA 00000050 SECT21A notype       Static      | ??$_Assign@PEBE@?$vector@EV?$allocator@E@std@@@std@@QEAAXPEBE0Uforward_iterator_tag@1@@Z$rtcFrameData (??$_Assign@PEBE@?$vector@EV?$allocator@E@std@@@std@@QEAAXPEBE0Uforward_iterator_tag@1@@Z$rtcFrameData)
6CB 00000000 SECT21B notype       Static      | .xdata
    Section length    C, #relocs    0, #linenums    0, checksum 315199CC, selection    5 (pick associative Section 0x5)
6CD 00000000 SECT21B notype       Static      | $unwind$??$_Assign@PEBE@?$vector@EV?$allocator@E@std@@@std@@QEAAXPEBE0Uforward_iterator_tag@1@@Z
6CE 00000000 SECT21C notype       Static      | .pdata
    Section length    C, #relocs    3, #linenums    0, checksum 943142E7, selection    5 (pick associative Section 0x5)
6D0 00000000 SECT21C notype       Static      | $pdata$??$_Assign@PEBE@?$vector@EV?$allocator@E@std@@@std@@QEAAXPEBE0Uforward_iterator_tag@1@@Z
6D1 00000000 SECT21D notype       Static      | .rdata
    Section length   60, #relocs    2, #linenums    0, checksum B45F9E0F, selection    5 (pick associative Section 0x13)
6D3 00000000 SECT21D notype       Static      | ??$swap@PEAU_Container_proxy@std@@@std@@YAXAEAPEAU_Container_proxy@0@0@Z$rtcName$0 (??$swap@PEAU_Container_proxy@std@@@std@@YAXAEAPEAU_Container_proxy@0@0@Z$rtcName$0)
6D4 00000010 SECT21D notype       Static      | ??$swap@PEAU_Container_proxy@std@@@std@@YAXAEAPEAU_Container_proxy@0@0@Z$rtcVarDesc (??$swap@PEAU_Container_proxy@std@@@std@@YAXAEAPEAU_Container_proxy@0@0@Z$rtcVarDesc)
6D5 00000050 SECT21D notype       Static      | ??$swap@PEAU_Container_proxy@std@@@std@@YAXAEAPEAU_Container_proxy@0@0@Z$rtcFrameData (??$swap@PEAU_Container_proxy@std@@@std@@YAXAEAPEAU_Container_proxy@0@0@Z$rtcFrameData)
6D6 00000000 SECT21E notype       Static      | .xdata
    Section length    8, #relocs    0, #linenums    0, checksum C3D0860B, selection    5 (pick associative Section 0x13)
6D8 00000000 SECT21E notype       Static      | $unwind$??$swap@PEAU_Container_proxy@std@@@std@@YAXAEAPEAU_Container_proxy@0@0@Z
6D9 00000000 SECT21F notype       Static      | .pdata
    Section length    C, #relocs    3, #linenums    0, checksum 92CEA7C6, selection    5 (pick associative Section 0x13)
6DB 00000000 SECT21F notype       Static      | $pdata$??$swap@PEAU_Container_proxy@std@@@std@@YAXAEAPEAU_Container_proxy@0@0@Z
6DC 00000000 SECT220 notype       Static      | .xdata
    Section length    8, #relocs    0, #linenums    0, checksum 6E9162C9, selection    5 (pick associative Section 0x5F)
6DE 00000000 SECT220 notype       Static      | $unwind$??__E?id@?$num_put@DV?$back_insert_iterator@V?$basic_string@DU?$char_traits@D@std@@V?$allocator@D@2@@std@@@std@@@std@@2V0locale@2@A@@YAXXZ
6DF 00000000 SECT221 notype       Static      | .pdata
    Section length    C, #relocs    3, #linenums    0, checksum 3E9E3656, selection    5 (pick associative Section 0x5F)
6E1 00000000 SECT221 notype       Static      | $pdata$??__E?id@?$num_put@DV?$back_insert_iterator@V?$basic_string@DU?$char_traits@D@std@@V?$allocator@D@2@@std@@@std@@@std@@2V0locale@2@A@@YAXXZ
6E2 00000000 SECT222 notype       Static      | .xdata
    Section length    8, #relocs    0, #linenums    0, checksum 6E9162C9, selection    5 (pick associative Section 0x61)
6E4 00000000 SECT222 notype       Static      | $unwind$??__E?id@?$num_put@GV?$back_insert_iterator@V?$basic_string@GU?$char_traits@G@std@@V?$allocator@G@2@@std@@@std@@@std@@2V0locale@2@A@@YAXXZ
6E5 00000000 SECT223 notype       Static      | .pdata
    Section length    C, #relocs    3, #linenums    0, checksum 3E9E3656, selection    5 (pick associative Section 0x61)
6E7 00000000 SECT223 notype       Static      | $pdata$??__E?id@?$num_put@GV?$back_insert_iterator@V?$basic_string@GU?$char_traits@G@std@@V?$allocator@G@2@@std@@@std@@@std@@2V0locale@2@A@@YAXXZ
6E8 00000000 SECT224 notype       Static      | .rdata
    Section length   B0, #relocs    3, #linenums    0, checksum 8F48E0ED, selection    5 (pick associative Section 0x11)
6EA 00000000 SECT224 notype       Static      | ??$distance@PEBE@std@@YA_JPEBE0@Z$rtcName$0 (??$distance@PEBE@std@@YA_JPEBE0@Z$rtcName$0)
6EB 00000008 SECT224 notype       Static      | ??$distance@PEBE@std@@YA_JPEBE0@Z$rtcName$1 (??$distance@PEBE@std@@YA_JPEBE0@Z$rtcName$1)
6EC 00000020 SECT224 notype       Static      | ??$distance@PEBE@std@@YA_JPEBE0@Z$rtcVarDesc (??$distance@PEBE@std@@YA_JPEBE0@Z$rtcVarDesc)
6ED 000000A0 SECT224 notype       Static      | ??$distance@PEBE@std@@YA_JPEBE0@Z$rtcFrameData (??$distance@PEBE@std@@YA_JPEBE0@Z$rtcFrameData)
6EE 00000000 SECT225 notype       Static      | .xdata
    Section length    8, #relocs    0, #linenums    0, checksum 4890F4CC, selection    5 (pick associative Section 0x11)
6F0 00000000 SECT225 notype       Static      | $unwind$??$distance@PEBE@std@@YA_JPEBE0@Z
6F1 00000000 SECT226 notype       Static      | .pdata
    Section length    C, #relocs    3, #linenums    0, checksum CB302B05, selection    5 (pick associative Section 0x11)
6F3 00000000 SECT226 notype       Static      | $pdata$??$distance@PEBE@std@@YA_JPEBE0@Z
6F4 00000000 SECT227 notype       Static      | .xdata
    Section length    8, #relocs    0, #linenums    0, checksum 6E9162C9, selection    5 (pick associative Section 0x63)
6F6 00000000 SECT227 notype       Static      | $unwind$??__E?id@?$numpunct@D@std@@2V0locale@2@A@@YAXXZ
6F7 00000000 SECT228 notype       Static      | .pdata
    Section length    C, #relocs    3, #linenums    0, checksum 3E9E3656, selection    5 (pick associative Section 0x63)
6F9 00000000 SECT228 notype       Static      | $pdata$??__E?id@?$numpunct@D@std@@2V0locale@2@A@@YAXXZ
6FA 00000000 SECT229 notype       Static      | .xdata
    Section length    8, #relocs    0, #linenums    0, checksum 6E9162C9, selection    5 (pick associative Section 0x65)
6FC 00000000 SECT229 notype       Static      | $unwind$??__E?id@?$numpunct@G@std@@2V0locale@2@A@@YAXXZ
6FD 00000000 SECT22A notype       Static      | .pdata
    Section length    C, #relocs    3, #linenums    0, checksum 3E9E3656, selection    5 (pick associative Section 0x65)
6FF 00000000 SECT22A notype       Static      | $pdata$??__E?id@?$numpunct@G@std@@2V0locale@2@A@@YAXXZ
700 00000000 SECT22B notype       Static      | .rdata
    Section length   B0, #relocs    3, #linenums    0, checksum 846CBBD8, selection    5 (pick associative Section 0xF)
702 00000000 SECT22B notype       Static      | ??$_Uninit_move@EEE@std@@YAPEAEPEAE00AEAU?$_Wrap_alloc@V?$allocator@E@std@@@0@0U_Scalar_ptr_iterator_tag@0@@Z$rtcName$0 (??$_Uninit_move@EEE@std@@YAPEAEPEAE00AEAU?$_Wrap_alloc@V?$allocator@E@std@@@0@0U_Scalar_ptr_iterator_tag@0@@Z$rtcName$0)
703 00000008 SECT22B notype       Static      | ??$_Uninit_move@EEE@std@@YAPEAEPEAE00AEAU?$_Wrap_alloc@V?$allocator@E@std@@@0@0U_Scalar_ptr_iterator_tag@0@@Z$rtcName$1 (??$_Uninit_move@EEE@std@@YAPEAEPEAE00AEAU?$_Wrap_alloc@V?$allocator@E@std@@@0@0U_Scalar_ptr_iterator_tag@0@@Z$rtcName$1)
704 00000020 SECT22B notype       Static      | ??$_Uninit_move@EEE@std@@YAPEAEPEAE00AEAU?$_Wrap_alloc@V?$allocator@E@std@@@0@0U_Scalar_ptr_iterator_tag@0@@Z$rtcVarDesc (??$_Uninit_move@EEE@std@@YAPEAEPEAE00AEAU?$_Wrap_alloc@V?$allocator@E@std@@@0@0U_Scalar_ptr_iterator_tag@0@@Z$rtcVarDesc)
705 000000A0 SECT22B notype       Static      | ??$_Uninit_move@EEE@std@@YAPEAEPEAE00AEAU?$_Wrap_alloc@V?$allocator@E@std@@@0@0U_Scalar_ptr_iterator_tag@0@@Z$rtcFrameData (??$_Uninit_move@EEE@std@@YAPEAEPEAE00AEAU?$_Wrap_alloc@V?$allocator@E@std@@@0@0U_Scalar_ptr_iterator_tag@0@@Z$rtcFrameData)
706 00000000 SECT22C notype       Static      | .xdata
    Section length    8, #relocs    0, #linenums    0, checksum D3D6C6EB, selection    5 (pick associative Section 0xF)
708 00000000 SECT22C notype       Static      | $unwind$??$_Uninit_move@EEE@std@@YAPEAEPEAE00AEAU?$_Wrap_alloc@V?$allocator@E@std@@@0@0U_Scalar_ptr_iterator_tag@0@@Z
709 00000000 SECT22D notype       Static      | .pdata
    Section length    C, #relocs    3, #linenums    0, checksum 771BF688, selection    5 (pick associative Section 0xF)
70B 00000000 SECT22D notype       Static      | $pdata$??$_Uninit_move@EEE@std@@YAPEAEPEAE00AEAU?$_Wrap_alloc@V?$allocator@E@std@@@0@0U_Scalar_ptr_iterator_tag@0@@Z
70C 00000000 SECT22E notype       Static      | .rdata
    Section length   60, #relocs    2, #linenums    0, checksum 2C95CF03, selection    5 (pick associative Section 0xD)
70E 00000000 SECT22E notype       Static      | ??$_Uninit_copy@PEBEPEAEU?$_Wrap_alloc@V?$allocator@E@std@@@std@@@std@@YAPEAEPEBE0PEAEAEAU?$_Wrap_alloc@V?$allocator@E@std@@@0@@Z$rtcName$0 (??$_Uninit_copy@PEBEPEAEU?$_Wrap_alloc@V?$allocator@E@std@@@std@@@std@@YAPEAEPEBE0PEAEAEAU?$_Wrap_alloc@V?$allocator@E@std@@@0@@Z$rtcName$0)
70F 00000010 SECT22E notype       Static      | ??$_Uninit_copy@PEBEPEAEU?$_Wrap_alloc@V?$allocator@E@std@@@std@@@std@@YAPEAEPEBE0PEAEAEAU?$_Wrap_alloc@V?$allocator@E@std@@@0@@Z$rtcVarDesc (??$_Uninit_copy@PEBEPEAEU?$_Wrap_alloc@V?$allocator@E@std@@@std@@@std@@YAPEAEPEBE0PEAEAEAU?$_Wrap_alloc@V?$allocator@E@std@@@0@@Z$rtcVarDesc)
710 00000050 SECT22E notype       Static      | ??$_Uninit_copy@PEBEPEAEU?$_Wrap_alloc@V?$allocator@E@std@@@std@@@std@@YAPEAEPEBE0PEAEAEAU?$_Wrap_alloc@V?$allocator@E@std@@@0@@Z$rtcFrameData (??$_Uninit_copy@PEBEPEAEU?$_Wrap_alloc@V?$allocator@E@std@@@std@@@std@@YAPEAEPEBE0PEAEAEAU?$_Wrap_alloc@V?$allocator@E@std@@@0@@Z$rtcFrameData)
711 00000000 SECT22F notype       Static      | .xdata
    Section length    8, #relocs    0, #linenums    0, checksum A3735C8A, selection    5 (pick associative Section 0xD)
713 00000000 SECT22F notype       Static      | $unwind$??$_Uninit_copy@PEBEPEAEU?$_Wrap_alloc@V?$allocator@E@std@@@std@@@std@@YAPEAEPEBE0PEAEAEAU?$_Wrap_alloc@V?$allocator@E@std@@@0@@Z
714 00000000 SECT230 notype       Static      | .pdata
    Section length    C, #relocs    3, #linenums    0, checksum B31F8ABB, selection    5 (pick associative Section 0xD)
716 00000000 SECT230 notype       Static      | $pdata$??$_Uninit_copy@PEBEPEAEU?$_Wrap_alloc@V?$allocator@E@std@@@std@@@std@@YAPEAEPEBE0PEAEAEAU?$_Wrap_alloc@V?$allocator@E@std@@@0@@Z
717 00000000 SECT231 notype       Static      | .rdata
    Section length   B0, #relocs    3, #linenums    0, checksum 8DDC2944, selection    5 (pick associative Section 0xB)
719 00000000 SECT231 notype       Static      | ??$_Uninit_copy@$$CBEE@std@@YAPEAEPEBE0PEAEAEAU?$_Wrap_alloc@V?$allocator@E@std@@@0@U_Scalar_ptr_iterator_tag@0@@Z$rtcName$0 (??$_Uninit_copy@$$CBEE@std@@YAPEAEPEBE0PEAEAEAU?$_Wrap_alloc@V?$allocator@E@std@@@0@U_Scalar_ptr_iterator_tag@0@@Z$rtcName$0)
71A 00000008 SECT231 notype       Static      | ??$_Uninit_copy@$$CBEE@std@@YAPEAEPEBE0PEAEAEAU?$_Wrap_alloc@V?$allocator@E@std@@@0@U_Scalar_ptr_iterator_tag@0@@Z$rtcName$1 (??$_Uninit_copy@$$CBEE@std@@YAPEAEPEBE0PEAEAEAU?$_Wrap_alloc@V?$allocator@E@std@@@0@U_Scalar_ptr_iterator_tag@0@@Z$rtcName$1)
71B 00000020 SECT231 notype       Static      | ??$_Uninit_copy@$$CBEE@std@@YAPEAEPEBE0PEAEAEAU?$_Wrap_alloc@V?$allocator@E@std@@@0@U_Scalar_ptr_iterator_tag@0@@Z$rtcVarDesc (??$_Uninit_copy@$$CBEE@std@@YAPEAEPEBE0PEAEAEAU?$_Wrap_alloc@V?$allocator@E@std@@@0@U_Scalar_ptr_iterator_tag@0@@Z$rtcVarDesc)
71C 000000A0 SECT231 notype       Static      | ??$_Uninit_copy@$$CBEE@std@@YAPEAEPEBE0PEAEAEAU?$_Wrap_alloc@V?$allocator@E@std@@@0@U_Scalar_ptr_iterator_tag@0@@Z$rtcFrameData (??$_Uninit_copy@$$CBEE@std@@YAPEAEPEBE0PEAEAEAU?$_Wrap_alloc@V?$allocator@E@std@@@0@U_Scalar_ptr_iterator_tag@0@@Z$rtcFrameData)
71D 00000000 SECT232 notype       Static      | .xdata
    Section length    8, #relocs    0, #linenums    0, checksum D3D6C6EB, selection    5 (pick associative Section 0xB)
71F 00000000 SECT232 notype       Static      | $unwind$??$_Uninit_copy@$$CBEE@std@@YAPEAEPEBE0PEAEAEAU?$_Wrap_alloc@V?$allocator@E@std@@@0@U_Scalar_ptr_iterator_tag@0@@Z
720 00000000 SECT233 notype       Static      | .pdata
    Section length    C, #relocs    3, #linenums    0, checksum 771BF688, selection    5 (pick associative Section 0xB)
722 00000000 SECT233 notype       Static      | $pdata$??$_Uninit_copy@$$CBEE@std@@YAPEAEPEBE0PEAEAEAU?$_Wrap_alloc@V?$allocator@E@std@@@0@U_Scalar_ptr_iterator_tag@0@@Z
723 00000000 SECT234 notype       Static      | .bss
    Section length    2, #relocs    0, #linenums    0, checksum        0
725 00000001 SECT234 notype       Static      | piecewise_construct
726 00000000 SECT235 notype       Static      | .rdata
    Section length   90, #relocs    0, #linenums    0, checksum C5520D20, selection    2 (pick any)
728 00000000 SECT235 notype       External    | ??_C@_1JA@EKKHPHED@?$AAc?$AA?3?$AA?2?$AAp?$AAr?$AAo?$AAg?$AAr?$AAa?$AAm?$AA?5?$AAf?$AAi?$AAl?$AAe?$AAs?$AA?5?$AA?$CI?$AAx?$AA8?$AA6?$AA?$CJ?$AA?2?$AAm?$AAi?$AAc?$AAr?$AAo?$AAs?$AAo?$AAf?$AAt@ (`string')
729 00000000 SECT234 notype       Static      | allocator_arg
72A 00000000 SECT236 notype       Static      | .rdata
    Section length   18, #relocs    3, #linenums    0, checksum        0, selection    6 (pick largest)
72C 00000008 SECT236 notype       External    | ??_7logic_error@std@@6B@ (const std::logic_error::`vftable')
72D 00000000 SECT237 notype       Static      | .rdata
    Section length    8, #relocs    0, #linenums    0, checksum 44660075, selection    2 (pick any)
72F 00000000 SECT237 notype       External    | ?npos@?$basic_string@DU?$char_traits@D@std@@V?$allocator@D@2@@std@@2_KB (public: static unsigned __int64 const std::basic_string<char,struct std::char_traits<char>,class std::allocator<char> >::npos)
730 00000000 SECT238 notype       Static      | .rdata
    Section length   18, #relocs    3, #linenums    0, checksum        0, selection    6 (pick largest)
732 00000008 SECT238 notype       External    | ??_7invalid_argument@std@@6B@ (const std::invalid_argument::`vftable')
733 00000000 SECT239 notype       Static      | .xdata$x
    Section length   1C, #relocs    2, #linenums    0, checksum        0, selection    2 (pick any)
735 00000000 SECT239 notype       External    | _TI3?AVinvalid_argument@std@@
736 00000000 SECT23A notype       Static      | .xdata$x
    Section length   1C, #relocs    3, #linenums    0, checksum 29C8B4F2, selection    2 (pick any)
738 00000000 SECT23A notype       External    | _CTA3?AVinvalid_argument@std@@
739 00000000 SECT23B notype       Static      | .data$r
    Section length   2B, #relocs    1, #linenums    0, checksum 106500BA, selection    2 (pick any)
73B 00000000 SECT23B notype       External    | ??_R0?AVinvalid_argument@std@@@8 (class std::invalid_argument `RTTI Type Descriptor')
73C 00000000 SECT23C notype       Static      | .xdata$x
    Section length   24, #relocs    2, #linenums    0, checksum BC1A9E34, selection    2 (pick any)
73E 00000000 SECT23C notype       External    | _CT??_R0?AVinvalid_argument@std@@@8??0invalid_argument@std@@QEAA@AEBV01@@Z24
73F 00000000 SECT23D notype       Static      | .data$r
    Section length   26, #relocs    1, #linenums    0, checksum 581E38EE, selection    2 (pick any)
741 00000000 SECT23D notype       External    | ??_R0?AVlogic_error@std@@@8 (class std::logic_error `RTTI Type Descriptor')
742 00000000 SECT23E notype       Static      | .xdata$x
    Section length   24, #relocs    2, #linenums    0, checksum BC1A9E34, selection    2 (pick any)
744 00000000 SECT23E notype       External    | _CT??_R0?AVlogic_error@std@@@8??0logic_error@std@@QEAA@AEBV01@@Z24
745 00000000 SECT23F notype       Static      | .data$r
    Section length   24, #relocs    1, #linenums    0, checksum 54BC55F2, selection    2 (pick any)
747 00000000 SECT23F notype       External    | ??_R0?AVexception@std@@@8 (class std::exception `RTTI Type Descriptor')
748 00000000 SECT240 notype       Static      | .xdata$x
    Section length   24, #relocs    2, #linenums    0, checksum BC1A9E34, selection    2 (pick any)
74A 00000000 SECT240 notype       External    | _CT??_R0?AVexception@std@@@8??0exception@std@@QEAA@AEBV01@@Z24
74B 00000000 UNDEF  notype       External     | ??_7type_info@@6B@ (const type_info::`vftable')
74C 00000000 SECT241 notype       Static      | .rdata
    Section length   38, #relocs    7, #linenums    0, checksum        0, selection    6 (pick largest)
74E 00000008 SECT241 notype       External    | ??_7error_category@std@@6B@ (const std::error_category::`vftable')
74F 00000000 SECT242 notype       Static      | .rdata
    Section length   38, #relocs    7, #linenums    0, checksum        0, selection    6 (pick largest)
751 00000008 SECT242 notype       External    | ??_7_Generic_error_category@std@@6B@ (const std::_Generic_error_category::`vftable')
752 00000000 SECT243 notype       Static      | .rdata
    Section length    8, #relocs    0, #linenums    0, checksum A86CFC2B, selection    2 (pick any)
754 00000000 SECT243 notype       External    | ??_C@_07DCLBNMLN@generic?$AA@ (`string')
755 00000000 SECT244 notype       Static      | .rdata
    Section length    E, #relocs    0, #linenums    0, checksum 3BD6D632, selection    2 (pick any)
757 00000000 SECT244 notype       External    | ??_C@_0O@BFJCFAAK@unknown?5error?$AA@ (`string')
758 00000000 SECT245 notype       Static      | .rdata
    Section length   38, #relocs    7, #linenums    0, checksum        0, selection    6 (pick largest)
75A 00000008 SECT245 notype       External    | ??_7_Iostream_error_category@std@@6B@ (const std::_Iostream_error_category::`vftable')
75B 00000000 SECT246 notype       Static      | .rdata
    Section length    9, #relocs    0, #linenums    0, checksum A29400EA, selection    2 (pick any)
75D 00000000 SECT246 notype       External    | ??_C@_08LLGCOLLL@iostream?$AA@ (`string')
75E 00000000 SECT247 notype       Static      | .rdata
    Section length   16, #relocs    0, #linenums    0, checksum A7E7FC63, selection    2 (pick any)
760 00000000 SECT247 notype       External    | ??_C@_0BG@PADBLCHM@iostream?5stream?5error?$AA@ (`string')
761 00000000 SECT248 notype       Static      | .rdata
    Section length   38, #relocs    7, #linenums    0, checksum        0, selection    6 (pick largest)
763 00000008 SECT248 notype       External    | ??_7_System_error_category@std@@6B@ (const std::_System_error_category::`vftable')
764 00000000 SECT249 notype       Static      | .rdata
    Section length    7, #relocs    0, #linenums    0, checksum 35CD274A, selection    2 (pick any)
766 00000000 SECT249 notype       External    | ??_C@_06FHFOAHML@system?$AA@ (`string')
767 00000000 SECT24A notype       Static      | .bss
    Section length    8, #relocs    0, #linenums    0, checksum        0, selection    2 (pick any)
769 00000000 SECT24A notype       External    | ?_Generic_object@?$_Error_objects@H@std@@2V_Generic_error_category@2@A (public: static class std::_Generic_error_category std::_Error_objects<int>::_Generic_object)
76A 00000000 SECT24B notype       Static      | .bss
    Section length    8, #relocs    0, #linenums    0, checksum        0, selection    2 (pick any)
76C 00000000 SECT24B notype       External    | ?_Iostream_object@?$_Error_objects@H@std@@2V_Iostream_error_category@2@A (public: static class std::_Iostream_error_category std::_Error_objects<int>::_Iostream_object)
76D 00000000 SECT24C notype       Static      | .bss
    Section length    8, #relocs    0, #linenums    0, checksum        0, selection    2 (pick any)
76F 00000000 SECT24C notype       External    | ?_System_object@?$_Error_objects@H@std@@2V_System_error_category@2@A (public: static class std::_System_error_category std::_Error_objects<int>::_System_object)
770 00000000 SECT24D notype       Static      | .bss
    Section length    8, #relocs    0, #linenums    0, checksum        0, selection    2 (pick any)
772 00000000 SECT24D notype       External    | ?id@?$num_put@DV?$back_insert_iterator@V?$basic_string@DU?$char_traits@D@std@@V?$allocator@D@2@@std@@@std@@@std@@2V0locale@2@A (public: static class std::locale::id std::num_put<char,class std::back_insert_iterator<class std::basic_string<char,struct std::char_traits<char>,class std::allocator<char> > > >::id)
773 00000000 SECT24E notype       Static      | .bss
    Section length    8, #relocs    0, #linenums    0, checksum        0, selection    2 (pick any)
775 00000000 SECT24E notype       External    | ?id@?$num_put@GV?$back_insert_iterator@V?$basic_string@GU?$char_traits@G@std@@V?$allocator@G@2@@std@@@std@@@std@@2V0locale@2@A (public: static class std::locale::id std::num_put<unsigned short,class std::back_insert_iterator<class std::basic_string<unsigned short,struct std::char_traits<unsigned short>,class std::allocator<unsigned short> > > >::id)
776 00000000 SECT24F notype       Static      | .xdata$x
    Section length   1C, #relocs    2, #linenums    0, checksum        0, selection    2 (pick any)
778 00000000 SECT24F notype       External    | _TI2?AVlogic_error@std@@
779 00000000 SECT250 notype       Static      | .xdata$x
    Section length   14, #relocs    2, #linenums    0, checksum EC3B9E9F, selection    2 (pick any)
77B 00000000 SECT250 notype       External    | _CTA2?AVlogic_error@std@@
77C 00000000 SECT251 notype       Static      | .rdata
    Section length   8E, #relocs    0, #linenums    0, checksum 4072BEFC, selection    2 (pick any)
77E 00000000 SECT251 notype       External    | ??_C@_1IO@JLPDPDPD@?$AAc?$AA?3?$AA?2?$AAp?$AAr?$AAo?$AAg?$AAr?$AAa?$AAm?$AA?5?$AAf?$AAi?$AAl?$AAe?$AAs?$AA?5?$AA?$CI?$AAx?$AA8?$AA6?$AA?$CJ?$AA?2?$AAm?$AAi?$AAc?$AAr?$AAo?$AAs?$AAo?$AAf?$AAt@ (`string')
77F 00000000 SECT252 notype       Static      | .rdata
    Section length   8C, #relocs    0, #linenums    0, checksum 1F9BD4BA, selection    2 (pick any)
781 00000000 SECT252 notype       External    | ??_C@_1IM@COBDDANL@?$AAc?$AA?3?$AA?2?$AAp?$AAr?$AAo?$AAg?$AAr?$AAa?$AAm?$AA?5?$AAf?$AAi?$AAl?$AAe?$AAs?$AA?5?$AA?$CI?$AAx?$AA8?$AA6?$AA?$CJ?$AA?2?$AAm?$AAi?$AAc?$AAr?$AAo?$AAs?$AAo?$AAf?$AAt@ (`string')
782 00000000 SECT253 notype       Static      | .rdata
    Section length   3C, #relocs    0, #linenums    0, checksum 4C8F04E7, selection    2 (pick any)
784 00000000 SECT253 notype       External    | ??_C@_1DM@LHGCHCBA@?$AAv?$AAe?$AAc?$AAt?$AAo?$AAr?$AA?5?$AAs?$AAu?$AAb?$AAs?$AAc?$AAr?$AAi?$AAp?$AAt?$AA?5?$AAo?$AAu?$AAt?$AA?5?$AAo?$AAf?$AA?5?$AAr?$AAa?$AAn?$AAg?$AAe?$AA?$AA@ (`string')
785 00000000 SECT254 notype       Static      | .rdata
    Section length   24, #relocs    0, #linenums    0, checksum 70812DE6, selection    2 (pick any)
787 00000000 SECT254 notype       External    | ??_C@_0CE@OFMIGAMM@Standard?5C?$CL?$CL?5Libraries?5Out?5of?5Ra@ (`string')
788 00000000 SECT255 notype       Static      | .rdata
    Section length   56, #relocs    0, #linenums    0, checksum 8F83C987, selection    2 (pick any)
78A 00000000 SECT255 notype       External    | ??_C@_1FG@IBPIFFN@?$AA?$CC?$AAS?$AAt?$AAa?$AAn?$AAd?$AAa?$AAr?$AAd?$AA?5?$AAC?$AA?$CL?$AA?$CL?$AA?5?$AAL?$AAi?$AAb?$AAr?$AAa?$AAr?$AAi?$AAe?$AAs?$AA?5?$AAO?$AAu?$AAt?$AA?5?$AAo?$AAf?$AA?5?$AAR@ (`string')
78B 00000000 SECT256 notype       Static      | .rdata
    Section length    6, #relocs    0, #linenums    0, checksum 2EEB9BF7, selection    2 (pick any)
78D 00000000 SECT256 notype       External    | ??_C@_15GANGMFKL@?$AA?$CF?$AAs?$AA?$AA@ (`string')
78E 00000000 SECT257 notype       Static      | .rdata
    Section length   1E, #relocs    0, #linenums    0, checksum F3B436A4, selection    2 (pick any)
790 00000000 SECT257 notype       External    | ??_C@_1BO@MEPPHOO@?$AA?$CC?$AAo?$AAu?$AAt?$AA?5?$AAo?$AAf?$AA?5?$AAr?$AAa?$AAn?$AAg?$AAe?$AA?$CC?$AA?$AA@ (`string')
791 00000000 SECT258 notype       Static      | .bss
    Section length    8, #relocs    0, #linenums    0, checksum        0, selection    2 (pick any)
793 00000000 SECT258 notype       External    | ?id@?$numpunct@D@std@@2V0locale@2@A (public: static class std::locale::id std::numpunct<char>::id)
794 00000000 SECT259 notype       Static      | .bss
    Section length    8, #relocs    0, #linenums    0, checksum        0, selection    2 (pick any)
796 00000000 SECT259 notype       External    | ?id@?$numpunct@G@std@@2V0locale@2@A (public: static class std::locale::id std::numpunct<unsigned short>::id)
797 00000000 SECT25A notype       Static      | .rdata
    Section length   9A, #relocs    0, #linenums    0, checksum  AF8719D, selection    2 (pick any)
799 00000000 SECT25A notype       External    | ??_C@_1JK@PKCFAHNP@?$AAs?$AAt?$AAd?$AA?3?$AA?3?$AAv?$AAe?$AAc?$AAt?$AAo?$AAr?$AA?$DM?$AAu?$AAn?$AAs?$AAi?$AAg?$AAn?$AAe?$AAd?$AA?5?$AAc?$AAh?$AAa?$AAr?$AA?0?$AAc?$AAl?$AAa?$AAs?$AAs?$AA?5@ (`string')
79A 00000000 SECT25B notype       Static      | .rdata
    Section length   50, #relocs    0, #linenums    0, checksum  F44E301, selection    2 (pick any)
79C 00000000 SECT25B notype       External    | ??_C@_1FA@HOJIAEBI@?$AAv?$AAe?$AAc?$AAt?$AAo?$AAr?$AA?5?$AAc?$AAo?$AAn?$AAt?$AAa?$AAi?$AAn?$AAe?$AAr?$AAs?$AA?5?$AAi?$AAn?$AAc?$AAo?$AAm?$AAp?$AAa?$AAt?$AAi?$AAb?$AAl?$AAe?$AA?5?$AAf@ (`string')
79D 00000000 SECT25C notype       Static      | .rdata
    Section length   10, #relocs    0, #linenums    0, checksum 869C5FA0, selection    2 (pick any)
79F 00000000 SECT25C notype       External    | ??_C@_0BA@JFNIOLAK@string?5too?5long?$AA@ (`string')
7A0 00000000 SECT25D notype       Static      | .rdata
    Section length   18, #relocs    0, #linenums    0, checksum 79C52538, selection    2 (pick any)
7A2 00000000 SECT25D notype       External    | ??_C@_0BI@CFPLBAOH@invalid?5string?5position?$AA@ (`string')
7A3 00000000 SECT25E notype       Static      | .rdata
    Section length   13, #relocs    0, #linenums    0, checksum CEE728DA, selection    2 (pick any)
7A5 00000000 SECT25E notype       External    | ??_C@_0BD@OLBABOEK@vector?$DMT?$DO?5too?5long?$AA@ (`string')
7A6 00000000 SECT25F notype       Static      | .rdata
    Section length   2A, #relocs    0, #linenums    0, checksum 55665FBD, selection    2 (pick any)
7A8 00000000 SECT25F notype       External    | ??_C@_1CK@EOPGIILJ@?$AAi?$AAn?$AAv?$AAa?$AAl?$AAi?$AAd?$AA?5?$AAn?$AAu?$AAl?$AAl?$AA?5?$AAp?$AAo?$AAi?$AAn?$AAt?$AAe?$AAr?$AA?$AA@ (`string')
7A9 00000000 SECT260 notype       Static      | .rdata
    Section length   2E, #relocs    0, #linenums    0, checksum CA385A6C, selection    2 (pick any)
7AB 00000000 SECT260 notype       External    | ??_C@_1CO@DGLIKNHI@?$AAi?$AAn?$AAv?$AAa?$AAl?$AAi?$AAd?$AA?5?$AAi?$AAt?$AAe?$AAr?$AAa?$AAt?$AAo?$AAr?$AA?5?$AAr?$AAa?$AAn?$AAg?$AAe?$AA?$AA@ (`string')
7AC 00000000 SECT261 notype       Static      | .rdata
    Section length   8E, #relocs    0, #linenums    0, checksum AEFE472D, selection    2 (pick any)
7AE 00000000 SECT261 notype       External    | ??_C@_1IO@HFHPAKCC@?$AAc?$AA?3?$AA?2?$AAp?$AAr?$AAo?$AAg?$AAr?$AAa?$AAm?$AA?5?$AAf?$AAi?$AAl?$AAe?$AAs?$AA?5?$AA?$CI?$AAx?$AA8?$AA6?$AA?$CJ?$AA?2?$AAm?$AAi?$AAc?$AAr?$AAo?$AAs?$AAo?$AAf?$AAt@ (`string')
7AF 00000000 SECT262 notype       Static      | .rdata$r
    Section length   24, #relocs    2, #linenums    0, checksum 3AD97647, selection    2 (pick any)
7B1 00000000 SECT262 notype       External    | ??_R1A@?0A@EA@exception@std@@8 (std::exception::`RTTI Base Class Descriptor at (0,-1,0,64)')
7B2 00000000 SECT263 notype       Static      | .rdata$r
    Section length   14, #relocs    1, #linenums    0, checksum CCAA009E, selection    2 (pick any)
7B4 00000000 SECT263 notype       External    | ??_R3exception@std@@8 (std::exception::`RTTI Class Hierarchy Descriptor')
7B5 00000000 SECT264 notype       Static      | .rdata$r
    Section length    C, #relocs    1, #linenums    0, checksum        0, selection    2 (pick any)
7B7 00000000 SECT264 notype       External    | ??_R2exception@std@@8 (std::exception::`RTTI Base Class Array')
7B8 00000000 SECT265 notype       Static      | .rdata$r
    Section length   24, #relocs    3, #linenums    0, checksum 81256527, selection    2 (pick any)
7BA 00000000 SECT265 notype       External    | ??_R4logic_error@std@@6B@ (const std::logic_error::`RTTI Complete Object Locator')
7BB 00000000 SECT266 notype       Static      | .rdata$r
    Section length   14, #relocs    1, #linenums    0, checksum 4225077D, selection    2 (pick any)
7BD 00000000 SECT266 notype       External    | ??_R3logic_error@std@@8 (std::logic_error::`RTTI Class Hierarchy Descriptor')
7BE 00000000 SECT267 notype       Static      | .rdata$r
    Section length   14, #relocs    2, #linenums    0, checksum        0, selection    2 (pick any)
7C0 00000000 SECT267 notype       External    | ??_R2logic_error@std@@8 (std::logic_error::`RTTI Base Class Array')
7C1 00000000 SECT268 notype       Static      | .rdata$r
    Section length   24, #relocs    2, #linenums    0, checksum BBFC1360, selection    2 (pick any)
7C3 00000000 SECT268 notype       External    | ??_R1A@?0A@EA@logic_error@std@@8 (std::logic_error::`RTTI Base Class Descriptor at (0,-1,0,64)')
7C4 00000000 SECT269 notype       Static      | .rdata$r
    Section length   24, #relocs    3, #linenums    0, checksum 81256527, selection    2 (pick any)
7C6 00000000 SECT269 notype       External    | ??_R4invalid_argument@std@@6B@ (const std::invalid_argument::`RTTI Complete Object Locator')
7C7 00000000 SECT26A notype       Static      | .rdata$r
    Section length   14, #relocs    1, #linenums    0, checksum 8E8F07E3, selection    2 (pick any)
7C9 00000000 SECT26A notype       External    | ??_R3invalid_argument@std@@8 (std::invalid_argument::`RTTI Class Hierarchy Descriptor')
7CA 00000000 SECT26B notype       Static      | .rdata$r
    Section length   1C, #relocs    3, #linenums    0, checksum        0, selection    2 (pick any)
7CC 00000000 SECT26B notype       External    | ??_R2invalid_argument@std@@8 (std::invalid_argument::`RTTI Base Class Array')
7CD 00000000 SECT26C notype       Static      | .rdata$r
    Section length   24, #relocs    2, #linenums    0, checksum E3E2BA48, selection    2 (pick any)
7CF 00000000 SECT26C notype       External    | ??_R1A@?0A@EA@invalid_argument@std@@8 (std::invalid_argument::`RTTI Base Class Descriptor at (0,-1,0,64)')
7D0 00000000 SECT26D notype       Static      | .rdata$r
    Section length   24, #relocs    3, #linenums    0, checksum 81256527, selection    2 (pick any)
7D2 00000000 SECT26D notype       External    | ??_R4error_category@std@@6B@ (const std::error_category::`RTTI Complete Object Locator')
7D3 00000000 SECT26E notype       Static      | .data$r
    Section length   29, #relocs    1, #linenums    0, checksum 57781CE5, selection    2 (pick any)
7D5 00000000 SECT26E notype       External    | ??_R0?AVerror_category@std@@@8 (class std::error_category `RTTI Type Descriptor')
7D6 00000000 SECT26F notype       Static      | .rdata$r
    Section length   14, #relocs    1, #linenums    0, checksum CCAA009E, selection    2 (pick any)
7D8 00000000 SECT26F notype       External    | ??_R3error_category@std@@8 (std::error_category::`RTTI Class Hierarchy Descriptor')
7D9 00000000 SECT270 notype       Static      | .rdata$r
    Section length    C, #relocs    1, #linenums    0, checksum        0, selection    2 (pick any)
7DB 00000000 SECT270 notype       External    | ??_R2error_category@std@@8 (std::error_category::`RTTI Base Class Array')
7DC 00000000 SECT271 notype       Static      | .rdata$r
    Section length   24, #relocs    2, #linenums    0, checksum 3AD97647, selection    2 (pick any)
7DE 00000000 SECT271 notype       External    | ??_R1A@?0A@EA@error_category@std@@8 (std::error_category::`RTTI Base Class Descriptor at (0,-1,0,64)')
7DF 00000000 SECT272 notype       Static      | .rdata$r
    Section length   24, #relocs    3, #linenums    0, checksum 81256527, selection    2 (pick any)
7E1 00000000 SECT272 notype       External    | ??_R4_Generic_error_category@std@@6B@ (const std::_Generic_error_category::`RTTI Complete Object Locator')
7E2 00000000 SECT273 notype       Static      | .data$r
    Section length   32, #relocs    1, #linenums    0, checksum 61E25741, selection    2 (pick any)
7E4 00000000 SECT273 notype       External    | ??_R0?AV_Generic_error_category@std@@@8 (class std::_Generic_error_category `RTTI Type Descriptor')
7E5 00000000 SECT274 notype       Static      | .rdata$r
    Section length   14, #relocs    1, #linenums    0, checksum 4225077D, selection    2 (pick any)
7E7 00000000 SECT274 notype       External    | ??_R3_Generic_error_category@std@@8 (std::_Generic_error_category::`RTTI Class Hierarchy Descriptor')
7E8 00000000 SECT275 notype       Static      | .rdata$r
    Section length   14, #relocs    2, #linenums    0, checksum        0, selection    2 (pick any)
7EA 00000000 SECT275 notype       External    | ??_R2_Generic_error_category@std@@8 (std::_Generic_error_category::`RTTI Base Class Array')
7EB 00000000 SECT276 notype       Static      | .rdata$r
    Section length   24, #relocs    2, #linenums    0, checksum BBFC1360, selection    2 (pick any)
7ED 00000000 SECT276 notype       External    | ??_R1A@?0A@EA@_Generic_error_category@std@@8 (std::_Generic_error_category::`RTTI Base Class Descriptor at (0,-1,0,64)')
7EE 00000000 SECT277 notype       Static      | .rdata$r
    Section length   24, #relocs    3, #linenums    0, checksum 81256527, selection    2 (pick any)
7F0 00000000 SECT277 notype       External    | ??_R4_Iostream_error_category@std@@6B@ (const std::_Iostream_error_category::`RTTI Complete Object Locator')
7F1 00000000 SECT278 notype       Static      | .data$r
    Section length   33, #relocs    1, #linenums    0, checksum 9ABBB05D, selection    2 (pick any)
7F3 00000000 SECT278 notype       External    | ??_R0?AV_Iostream_error_category@std@@@8 (class std::_Iostream_error_category `RTTI Type Descriptor')
7F4 00000000 SECT279 notype       Static      | .rdata$r
    Section length   14, #relocs    1, #linenums    0, checksum 8E8F07E3, selection    2 (pick any)
7F6 00000000 SECT279 notype       External    | ??_R3_Iostream_error_category@std@@8 (std::_Iostream_error_category::`RTTI Class Hierarchy Descriptor')
7F7 00000000 SECT27A notype       Static      | .rdata$r
    Section length   1C, #relocs    3, #linenums    0, checksum        0, selection    2 (pick any)
7F9 00000000 SECT27A notype       External    | ??_R2_Iostream_error_category@std@@8 (std::_Iostream_error_category::`RTTI Base Class Array')
7FA 00000000 SECT27B notype       Static      | .rdata$r
    Section length   24, #relocs    2, #linenums    0, checksum E3E2BA48, selection    2 (pick any)
7FC 00000000 SECT27B notype       External    | ??_R1A@?0A@EA@_Iostream_error_category@std@@8 (std::_Iostream_error_category::`RTTI Base Class Descriptor at (0,-1,0,64)')
7FD 00000000 SECT27C notype       Static      | .rdata$r
    Section length   24, #relocs    3, #linenums    0, checksum 81256527, selection    2 (pick any)
7FF 00000000 SECT27C notype       External    | ??_R4_System_error_category@std@@6B@ (const std::_System_error_category::`RTTI Complete Object Locator')
800 00000000 SECT27D notype       Static      | .data$r
    Section length   31, #relocs    1, #linenums    0, checksum FF15FF41, selection    2 (pick any)
802 00000000 SECT27D notype       External    | ??_R0?AV_System_error_category@std@@@8 (class std::_System_error_category `RTTI Type Descriptor')
803 00000000 SECT27E notype       Static      | .rdata$r
    Section length   14, #relocs    1, #linenums    0, checksum 8E8F07E3, selection    2 (pick any)
805 00000000 SECT27E notype       External    | ??_R3_System_error_category@std@@8 (std::_System_error_category::`RTTI Class Hierarchy Descriptor')
806 00000000 SECT27F notype       Static      | .rdata$r
    Section length   1C, #relocs    3, #linenums    0, checksum        0, selection    2 (pick any)
808 00000000 SECT27F notype       External    | ??_R2_System_error_category@std@@8 (std::_System_error_category::`RTTI Base Class Array')
809 00000000 SECT280 notype       Static      | .rdata$r
    Section length   24, #relocs    2, #linenums    0, checksum E3E2BA48, selection    2 (pick any)
80B 00000000 SECT280 notype       External    | ??_R1A@?0A@EA@_System_error_category@std@@8 (std::_System_error_category::`RTTI Base Class Descriptor at (0,-1,0,64)')
80C 00000000 SECT281 notype       Static      | .rtc$IMZ
    Section length    8, #relocs    1, #linenums    0, checksum        0, selection    2 (pick any)
80E 00000000 SECT281 notype       Static      | _RTC_InitBase.rtc$IMZ
80F 00000000 SECT282 notype       Static      | .rtc$TMZ
    Section length    8, #relocs    1, #linenums    0, checksum        0, selection    2 (pick any)
811 00000000 SECT282 notype       Static      | _RTC_Shutdown.rtc$TMZ
812 00000000 UNDEF  notype       External     | __security_cookie
813 00000000 UNDEF  notype       External     | _fltused
814 00000000 SECT283 notype       Static      | .CRT$XCU
    Section length   10, #relocs    2, #linenums    0, checksum        0
816 00000000 SECT283 notype       Static      | piecewise_construct$initializer$
817 00000008 SECT283 notype       Static      | allocator_arg$initializer$
818 00000000 SECT284 notype       Static      | .CRT$XCU
    Section length    8, #relocs    1, #linenums    0, checksum        0, selection    5 (pick associative Section 0x24A)
81A 00000000 SECT284 notype       Static      | ?_Generic_object$initializer$@?$_Error_objects@H@std@@2P6AXXZEA (public: static void (__cdecl* std::_Error_objects<int>::_Generic_object$initializer$)(void))
81B 00000000 SECT285 notype       Static      | .CRT$XCU
    Section length    8, #relocs    1, #linenums    0, checksum        0, selection    5 (pick associative Section 0x24B)
81D 00000000 SECT285 notype       Static      | ?_Iostream_object$initializer$@?$_Error_objects@H@std@@2P6AXXZEA (public: static void (__cdecl* std::_Error_objects<int>::_Iostream_object$initializer$)(void))
81E 00000000 SECT286 notype       Static      | .CRT$XCU
    Section length    8, #relocs    1, #linenums    0, checksum        0, selection    5 (pick associative Section 0x24C)
820 00000000 SECT286 notype       Static      | ?_System_object$initializer$@?$_Error_objects@H@std@@2P6AXXZEA (public: static void (__cdecl* std::_Error_objects<int>::_System_object$initializer$)(void))
821 00000000 SECT287 notype       Static      | .CRT$XCU
    Section length    8, #relocs    1, #linenums    0, checksum        0, selection    5 (pick associative Section 0x24D)
823 00000000 SECT287 notype       Static      | ?id$initializer$@?$num_put@DV?$back_insert_iterator@V?$basic_string@DU?$char_traits@D@std@@V?$allocator@D@2@@std@@@std@@@std@@2P6AXXZEA (public: static void (__cdecl* std::num_put<char,class std::back_insert_iterator<class std::basic_string<char,struct std::char_traits<char>,class std::allocator<char> > > >::id$initializer$)(void))
824 00000000 SECT288 notype       Static      | .CRT$XCU
    Section length    8, #relocs    1, #linenums    0, checksum        0, selection    5 (pick associative Section 0x24E)
826 00000000 SECT288 notype       Static      | ?id$initializer$@?$num_put@GV?$back_insert_iterator@V?$basic_string@GU?$char_traits@G@std@@V?$allocator@G@2@@std@@@std@@@std@@2P6AXXZEA (public: static void (__cdecl* std::num_put<unsigned short,class std::back_insert_iterator<class std::basic_string<unsigned short,struct std::char_traits<unsigned short>,class std::allocator<unsigned short> > > >::id$initializer$)(void))
827 00000000 SECT289 notype       Static      | .CRT$XCU
    Section length    8, #relocs    1, #linenums    0, checksum        0, selection    5 (pick associative Section 0x258)
829 00000000 SECT289 notype       Static      | ?id$initializer$@?$numpunct@D@std@@2P6AXXZEA (public: static void (__cdecl* std::numpunct<char>::id$initializer$)(void))
82A 00000000 SECT28A notype       Static      | .CRT$XCU
    Section length    8, #relocs    1, #linenums    0, checksum        0, selection    5 (pick associative Section 0x259)
82C 00000000 SECT28A notype       Static      | ?id$initializer$@?$numpunct@G@std@@2P6AXXZEA (public: static void (__cdecl* std::numpunct<unsigned short>::id$initializer$)(void))
82D 00000000 SECT28B notype       Static      | .debug$S
    Section length  180, #relocs    4, #linenums    0, checksum        0, selection    5 (pick associative Section 0x24E)
82F 00000000 SECT28C notype       Static      | .debug$S
    Section length   94, #relocs    4, #linenums    0, checksum        0, selection    5 (pick associative Section 0x24A)
831 00000000 SECT28D notype       Static      | .debug$S
    Section length   98, #relocs    4, #linenums    0, checksum        0, selection    5 (pick associative Section 0x24B)
833 00000000 SECT28E notype       Static      | .debug$S
    Section length   90, #relocs    4, #linenums    0, checksum        0, selection    5 (pick associative Section 0x24C)
835 00000000 SECT28F notype       Static      | .debug$S
    Section length  130, #relocs    4, #linenums    0, checksum        0, selection    5 (pick associative Section 0x24D)
837 00000000 SECT290 notype       Static      | .debug$S
    Section length   70, #relocs    4, #linenums    0, checksum        0, selection    5 (pick associative Section 0x258)
839 00000000 SECT291 notype       Static      | .debug$S
    Section length   84, #relocs    4, #linenums    0, checksum        0, selection    5 (pick associative Section 0x259)
83B 00000000 SECT292 notype       Static      | .debug$S
    Section length   68, #relocs    2, #linenums    0, checksum        0, selection    5 (pick associative Section 0x237)

String Table Size = 0xC997 bytes

  Summary

          48 .CRT$XCU
          3A .bss
         134 .data$r
        EAEC .debug$S
          54 .debug$T
         31C .drectve
         624 .pdata
        17F6 .rdata
         2F4 .rdata$r
           8 .rtc$IMZ
           8 .rtc$TMZ
         18C .text$di
        5841 .text$mn
         44A .text$x
          3F .text$yd
         9B0 .xdata
          D4 .xdata$x
