Microsoft (R) COFF/PE Dumper Version 12.00.40629.0
Copyright (C) Microsoft Corporation.  All rights reserved.


Dump of file C:\native-host49\results\amd64\file-protocol\file-protocol.obj

File Type: COFF OBJECT

COFF SYMBOL TABLE
000 00E19EB5 ABS    notype       Static       | @comp.id
001 80000190 ABS    notype       Static       | @feat.00
002 00000000 SECT1  notype       Static       | .drectve
    Section length  31C, #relocs    0, #linenums    0, checksum        0
004 00000000 SECT2  notype       Static       | .debug$S
    Section length 58DC, #relocs    8, #linenums    0, checksum        0
006 00000000 SECT3  notype       Static       | .debug$T
    Section length   5C, #relocs    0, #linenums    0, checksum        0
008 00000000 SECT4  notype       Static       | .text$mn
    Section length   65, #relocs    2, #linenums    0, checksum 894144FE, selection    2 (pick any)
00A 00000000 SECT5  notype       Static       | .debug$S
    Section length  10C, #relocs    4, #linenums    0, checksum        0, selection    5 (pick associative Section 0x4)
00C 00000000 SECT6  notype       Static       | .text$mn
    Section length   72, #relocs    2, #linenums    0, checksum 5AF53B21, selection    2 (pick any)
00E 00000000 SECT7  notype       Static       | .debug$S
    Section length  11C, #relocs    4, #linenums    0, checksum        0, selection    5 (pick associative Section 0x6)
010 00000000 SECT8  notype       Static       | .text$mn
    Section length   4C, #relocs    2, #linenums    0, checksum A9D452C2, selection    2 (pick any)
012 00000000 SECT9  notype       Static       | .debug$S
    Section length   EC, #relocs    4, #linenums    0, checksum        0, selection    5 (pick associative Section 0x8)
014 00000000 SECTA  notype       Static       | .text$mn
    Section length    D, #relocs    0, #linenums    0, checksum C6E70FF6, selection    2 (pick any)
016 00000000 SECTB  notype       Static       | .debug$S
    Section length   B8, #relocs    4, #linenums    0, checksum        0, selection    5 (pick associative Section 0xA)
018 00000000 SECTC  notype       Static       | .text$mn
    Section length   4A, #relocs    2, #linenums    0, checksum  DBE95E5, selection    2 (pick any)
01A 00000000 SECTD  notype       Static       | .debug$S
    Section length  128, #relocs    4, #linenums    0, checksum        0, selection    5 (pick associative Section 0xC)
01C 00000000 SECTE  notype       Static       | .text$mn
    Section length   87, #relocs    2, #linenums    0, checksum 3A84B725, selection    2 (pick any)
01E 00000000 SECTF  notype       Static       | .debug$S
    Section length  1C0, #relocs    6, #linenums    0, checksum        0, selection    5 (pick associative Section 0xE)
020 00000000 SECT10 notype       Static       | .text$x
    Section length   27, #relocs    1, #linenums    0, checksum  19012EF, selection    5 (pick associative Section 0xE)
022 00000000 SECT11 notype       Static       | .text$mn
    Section length   4A, #relocs    2, #linenums    0, checksum  DBE95E5, selection    2 (pick any)
024 00000000 SECT12 notype       Static       | .debug$S
    Section length  12C, #relocs    4, #linenums    0, checksum        0, selection    5 (pick associative Section 0x11)
026 00000000 SECT13 notype       Static       | .text$mn
    Section length   8D, #relocs    2, #linenums    0, checksum FAE50817, selection    2 (pick any)
028 00000000 SECT14 notype       Static       | .debug$S
    Section length  1EC, #relocs    6, #linenums    0, checksum        0, selection    5 (pick associative Section 0x13)
02A 00000000 SECT15 notype       Static       | .text$x
    Section length   27, #relocs    1, #linenums    0, checksum 3862B968, selection    5 (pick associative Section 0x13)
02C 00000000 SECT16 notype       Static       | .text$mn
    Section length   38, #relocs    1, #linenums    0, checksum 50934437, selection    2 (pick any)
02E 00000000 SECT17 notype       Static       | .debug$S
    Section length   F4, #relocs    4, #linenums    0, checksum        0, selection    5 (pick associative Section 0x16)
030 00000000 SECT18 notype       Static       | .text$mn
    Section length    D, #relocs    0, #linenums    0, checksum   D5AF2B, selection    2 (pick any)
032 00000000 SECT19 notype       Static       | .debug$S
    Section length   DC, #relocs    4, #linenums    0, checksum        0, selection    5 (pick associative Section 0x18)
034 00000000 SECT1A notype       Static       | .text$mn
    Section length   38, #relocs    1, #linenums    0, checksum 50934437, selection    2 (pick any)
036 00000000 SECT1B notype       Static       | .debug$S
    Section length   F8, #relocs    4, #linenums    0, checksum        0, selection    5 (pick associative Section 0x1A)
038 00000000 SECT1C notype       Static       | .text$mn
    Section length    D, #relocs    0, #linenums    0, checksum   D5AF2B, selection    2 (pick any)
03A 00000000 SECT1D notype       Static       | .debug$S
    Section length   F4, #relocs    4, #linenums    0, checksum        0, selection    5 (pick associative Section 0x1C)
03C 00000000 SECT1E notype       Static       | .text$mn
    Section length    D, #relocs    0, #linenums    0, checksum C6E70FF6, selection    2 (pick any)
03E 00000000 SECT1F notype       Static       | .debug$S
    Section length   C8, #relocs    4, #linenums    0, checksum        0, selection    5 (pick associative Section 0x1E)
040 00000000 SECT20 notype       Static       | .text$mn
    Section length    D, #relocs    0, #linenums    0, checksum C6E70FF6, selection    2 (pick any)
042 00000000 SECT21 notype       Static       | .debug$S
    Section length   C4, #relocs    4, #linenums    0, checksum        0, selection    5 (pick associative Section 0x20)
044 00000000 SECT22 notype       Static       | .text$mn
    Section length   4D, #relocs    2, #linenums    0, checksum  A28E64F, selection    2 (pick any)
046 00000000 SECT23 notype       Static       | .debug$S
    Section length  240, #relocs    6, #linenums    0, checksum        0, selection    5 (pick associative Section 0x22)
048 00000000 SECT24 notype       Static       | .text$x
    Section length   23, #relocs    1, #linenums    0, checksum C1B94516, selection    5 (pick associative Section 0x22)
04A 00000000 SECT25 notype       Static       | .text$mn
    Section length   4D, #relocs    1, #linenums    0, checksum 5F411836, selection    2 (pick any)
04C 00000000 SECT26 notype       Static       | .debug$S
    Section length   FC, #relocs    4, #linenums    0, checksum        0, selection    5 (pick associative Section 0x25)
04E 00000000 SECT27 notype       Static       | .text$mn
    Section length   33, #relocs    1, #linenums    0, checksum 6B7FB0ED, selection    2 (pick any)
050 00000000 SECT28 notype       Static       | .debug$S
    Section length   E4, #relocs    4, #linenums    0, checksum        0, selection    5 (pick associative Section 0x27)
052 00000000 SECT29 notype       Static       | .text$mn
    Section length    D, #relocs    0, #linenums    0, checksum C6E70FF6, selection    2 (pick any)
054 00000000 SECT2A notype       Static       | .debug$S
    Section length   C0, #relocs    4, #linenums    0, checksum        0, selection    5 (pick associative Section 0x29)
056 00000000 SECT2B notype       Static       | .text$mn
    Section length    D, #relocs    0, #linenums    0, checksum C6E70FF6, selection    2 (pick any)
058 00000000 SECT2C notype       Static       | .debug$S
    Section length   E0, #relocs    4, #linenums    0, checksum        0, selection    5 (pick associative Section 0x2B)
05A 00000000 SECT2D notype       Static       | .text$mn
    Section length   6E, #relocs    4, #linenums    0, checksum 9BF58550, selection    2 (pick any)
05C 00000000 SECT2E notype       Static       | .debug$S
    Section length  22C, #relocs    6, #linenums    0, checksum        0, selection    5 (pick associative Section 0x2D)
05E 00000000 SECT2F notype       Static       | .text$x
    Section length   23, #relocs    1, #linenums    0, checksum C1B94516, selection    5 (pick associative Section 0x2D)
060 00000000 SECT30 notype       Static       | .text$mn
    Section length   32, #relocs    0, #linenums    0, checksum 5F92239A, selection    2 (pick any)
062 00000000 SECT31 notype       Static       | .debug$S
    Section length   D0, #relocs    4, #linenums    0, checksum        0, selection    5 (pick associative Section 0x30)
064 00000000 SECT32 notype       Static       | .text$mn
    Section length   2D, #relocs    0, #linenums    0, checksum 476D087D, selection    2 (pick any)
066 00000000 SECT33 notype       Static       | .debug$S
    Section length   C8, #relocs    4, #linenums    0, checksum        0, selection    5 (pick associative Section 0x32)
068 00000000 SECT34 notype       Static       | .text$mn
    Section length   19, #relocs    0, #linenums    0, checksum 47B547C6, selection    2 (pick any)
06A 00000000 SECT35 notype       Static       | .debug$S
    Section length   C4, #relocs    4, #linenums    0, checksum        0, selection    5 (pick associative Section 0x34)
06C 00000000 SECT36 notype       Static       | .text$mn
    Section length   26, #relocs    0, #linenums    0, checksum 74D56B19, selection    2 (pick any)
06E 00000000 SECT37 notype       Static       | .debug$S
    Section length   C0, #relocs    4, #linenums    0, checksum        0, selection    5 (pick associative Section 0x36)
070 00000000 SECT38 notype       Static       | .text$mn
    Section length   42, #relocs    2, #linenums    0, checksum 1A51B9EB, selection    2 (pick any)
072 00000000 SECT39 notype       Static       | .debug$S
    Section length   D0, #relocs    4, #linenums    0, checksum        0, selection    5 (pick associative Section 0x38)
074 00000000 SECT3A notype       Static       | .text$mn
    Section length   42, #relocs    2, #linenums    0, checksum 1A51B9EB, selection    2 (pick any)
076 00000000 SECT3B notype       Static       | .debug$S
    Section length   D0, #relocs    4, #linenums    0, checksum        0, selection    5 (pick associative Section 0x3A)
078 00000000 SECT3C notype       Static       | .text$mn
    Section length   42, #relocs    2, #linenums    0, checksum 1A51B9EB, selection    2 (pick any)
07A 00000000 SECT3D notype       Static       | .debug$S
    Section length   CC, #relocs    4, #linenums    0, checksum        0, selection    5 (pick associative Section 0x3C)
07C 00000000 SECT3E notype       Static       | .text$mn
    Section length   1C, #relocs    1, #linenums    0, checksum A351DB68, selection    2 (pick any)
07E 00000000 SECT3F notype       Static       | .debug$S
    Section length   BC, #relocs    4, #linenums    0, checksum        0, selection    5 (pick associative Section 0x3E)
080 00000000 SECT40 notype       Static       | .text$mn
    Section length   2F, #relocs    0, #linenums    0, checksum 41384199, selection    2 (pick any)
082 00000000 SECT41 notype       Static       | .debug$S
    Section length   E4, #relocs    4, #linenums    0, checksum        0, selection    5 (pick associative Section 0x40)
084 00000000 SECT42 notype       Static       | .text$mn
    Section length   1F, #relocs    0, #linenums    0, checksum 84E98594, selection    2 (pick any)
086 00000000 SECT43 notype       Static       | .debug$S
    Section length   C0, #relocs    4, #linenums    0, checksum        0, selection    5 (pick associative Section 0x42)
088 00000000 SECT44 notype       Static       | .text$mn
    Section length   38, #relocs    2, #linenums    0, checksum 6E59ACBC, selection    2 (pick any)
08A 00000000 SECT45 notype       Static       | .debug$S
    Section length  134, #relocs    4, #linenums    0, checksum        0, selection    5 (pick associative Section 0x44)
08C 00000000 SECT46 notype       Static       | .text$mn
    Section length   2E, #relocs    1, #linenums    0, checksum 675D5F7E, selection    2 (pick any)
08E 00000000 SECT47 notype       Static       | .debug$S
    Section length   C0, #relocs    2, #linenums    0, checksum        0, selection    5 (pick associative Section 0x46)
090 00000000 SECT48 notype       Static       | .text$mn
    Section length   2E, #relocs    1, #linenums    0, checksum 675D5F7E, selection    2 (pick any)
092 00000000 SECT49 notype       Static       | .debug$S
    Section length   CC, #relocs    4, #linenums    0, checksum        0, selection    5 (pick associative Section 0x48)
094 00000000 SECT4A notype       Static       | .text$mn
    Section length   2E, #relocs    1, #linenums    0, checksum 675D5F7E, selection    2 (pick any)
096 00000000 SECT4B notype       Static       | .debug$S
    Section length   A0, #relocs    2, #linenums    0, checksum        0, selection    5 (pick associative Section 0x4A)
098 00000000 SECT4C notype       Static       | .text$mn
    Section length   2E, #relocs    1, #linenums    0, checksum 675D5F7E, selection    2 (pick any)
09A 00000000 SECT4D notype       Static       | .debug$S
    Section length   A4, #relocs    2, #linenums    0, checksum        0, selection    5 (pick associative Section 0x4C)
09C 00000000 SECT4E notype       Static       | .text$mn
    Section length   2E, #relocs    1, #linenums    0, checksum 675D5F7E, selection    2 (pick any)
09E 00000000 SECT4F notype       Static       | .debug$S
    Section length   A0, #relocs    2, #linenums    0, checksum        0, selection    5 (pick associative Section 0x4E)
0A0 00000000 SECT50 notype       Static       | .text$mn
    Section length   17, #relocs    1, #linenums    0, checksum 24FC61FC, selection    2 (pick any)
0A2 00000000 SECT51 notype       Static       | .debug$S
    Section length   C0, #relocs    4, #linenums    0, checksum        0, selection    5 (pick associative Section 0x50)
0A4 00000000 SECT52 notype       Static       | .text$mn
    Section length   12, #relocs    0, #linenums    0, checksum C6712C65, selection    2 (pick any)
0A6 00000000 SECT53 notype       Static       | .debug$S
    Section length   C8, #relocs    4, #linenums    0, checksum        0, selection    5 (pick associative Section 0x52)
0A8 00000000 SECT54 notype       Static       | .text$mn
    Section length    D, #relocs    0, #linenums    0, checksum   D5AF2B, selection    2 (pick any)
0AA 00000000 SECT55 notype       Static       | .debug$S
    Section length   C4, #relocs    4, #linenums    0, checksum        0, selection    5 (pick associative Section 0x54)
0AC 00000000 SECT56 notype       Static       | .text$mn
    Section length   49, #relocs    0, #linenums    0, checksum D03CAC27, selection    2 (pick any)
0AE 00000000 SECT57 notype       Static       | .debug$S
    Section length   D8, #relocs    4, #linenums    0, checksum        0, selection    5 (pick associative Section 0x56)
0B0 00000000 SECT58 notype       Static       | .text$mn
    Section length   90, #relocs    5, #linenums    0, checksum 2F408B6D, selection    2 (pick any)
0B2 00000000 SECT59 notype       Static       | .debug$S
    Section length   D8, #relocs    4, #linenums    0, checksum        0, selection    5 (pick associative Section 0x58)
0B4 00000000 SECT5A notype       Static       | .text$mn
    Section length   4C, #relocs    2, #linenums    0, checksum 84A447E3, selection    2 (pick any)
0B6 00000000 SECT5B notype       Static       | .debug$S
    Section length   A4, #relocs    2, #linenums    0, checksum        0, selection    5 (pick associative Section 0x5A)
0B8 00000000 SECT5C notype       Static       | .text$mn
    Section length   4C, #relocs    2, #linenums    0, checksum 84A447E3, selection    2 (pick any)
0BA 00000000 SECT5D notype       Static       | .debug$S
    Section length   A4, #relocs    2, #linenums    0, checksum        0, selection    5 (pick associative Section 0x5C)
0BC 00000000 SECT5E notype       Static       | .text$mn
    Section length   4C, #relocs    2, #linenums    0, checksum 84A447E3, selection    2 (pick any)
0BE 00000000 SECT5F notype       Static       | .debug$S
    Section length   A4, #relocs    2, #linenums    0, checksum        0, selection    5 (pick associative Section 0x5E)
0C0 00000000 SECT60 notype       Static       | .text$mn
    Section length   4C, #relocs    2, #linenums    0, checksum 84A447E3, selection    2 (pick any)
0C2 00000000 SECT61 notype       Static       | .debug$S
    Section length   9C, #relocs    2, #linenums    0, checksum        0, selection    5 (pick associative Section 0x60)
0C4 00000000 SECT62 notype       Static       | .text$di
    Section length   33, #relocs    4, #linenums    0, checksum 3F201A50, selection    2 (pick any)
0C6 00000000 SECT63 notype       Static       | .debug$S
    Section length   C4, #relocs    4, #linenums    0, checksum        0, selection    5 (pick associative Section 0x62)
0C8 00000000 SECT64 notype       Static       | .text$di
    Section length   33, #relocs    4, #linenums    0, checksum 3F201A50, selection    2 (pick any)
0CA 00000000 SECT65 notype       Static       | .debug$S
    Section length   C4, #relocs    4, #linenums    0, checksum        0, selection    5 (pick associative Section 0x64)
0CC 00000000 SECT66 notype       Static       | .text$di
    Section length   33, #relocs    4, #linenums    0, checksum 3F201A50, selection    2 (pick any)
0CE 00000000 SECT67 notype       Static       | .debug$S
    Section length   C4, #relocs    4, #linenums    0, checksum        0, selection    5 (pick associative Section 0x66)
0D0 00000000 SECT68 notype       Static       | .text$di
    Section length   29, #relocs    2, #linenums    0, checksum 8B4AE37E, selection    2 (pick any)
0D2 00000000 SECT69 notype       Static       | .debug$S
    Section length  114, #relocs    4, #linenums    0, checksum        0, selection    5 (pick associative Section 0x68)
0D4 00000000 SECT6A notype       Static       | .text$di
    Section length   29, #relocs    2, #linenums    0, checksum 8B4AE37E, selection    2 (pick any)
0D6 00000000 SECT6B notype       Static       | .debug$S
    Section length  13C, #relocs    4, #linenums    0, checksum        0, selection    5 (pick associative Section 0x6A)
0D8 00000000 SECT6C notype       Static       | .text$di
    Section length   29, #relocs    2, #linenums    0, checksum 8B4AE37E, selection    2 (pick any)
0DA 00000000 SECT6D notype       Static       | .debug$S
    Section length   B4, #relocs    4, #linenums    0, checksum        0, selection    5 (pick associative Section 0x6C)
0DC 00000000 SECT6E notype       Static       | .text$di
    Section length   29, #relocs    2, #linenums    0, checksum 8B4AE37E, selection    2 (pick any)
0DE 00000000 SECT6F notype       Static       | .debug$S
    Section length   BC, #relocs    4, #linenums    0, checksum        0, selection    5 (pick associative Section 0x6E)
0E0 00000000 SECT70 notype       Static       | .text$di
    Section length   2B, #relocs    0, #linenums    0, checksum 82FF75B0, selection    2 (pick any)
0E2 00000000 SECT71 notype       Static       | .debug$S
    Section length   AC, #relocs    4, #linenums    0, checksum        0, selection    5 (pick associative Section 0x70)
0E4 00000000 SECT72 notype       Static       | .text$di
    Section length   2B, #relocs    0, #linenums    0, checksum 82FF75B0, selection    2 (pick any)
0E6 00000000 SECT73 notype       Static       | .debug$S
    Section length   B4, #relocs    4, #linenums    0, checksum        0, selection    5 (pick associative Section 0x72)
0E8 00000000 SECT74 notype       Static       | .text$yd
    Section length   27, #relocs    2, #linenums    0, checksum B80D10C8, selection    2 (pick any)
0EA 00000000 SECT75 notype       Static       | .debug$S
    Section length   A4, #relocs    2, #linenums    0, checksum        0, selection    5 (pick associative Section 0x74)
0EC 00000000 SECT76 notype       Static       | .text$yd
    Section length   27, #relocs    2, #linenums    0, checksum B80D10C8, selection    2 (pick any)
0EE 00000000 SECT77 notype       Static       | .debug$S
    Section length   A4, #relocs    2, #linenums    0, checksum        0, selection    5 (pick associative Section 0x76)
0F0 00000000 SECT78 notype       Static       | .text$yd
    Section length   27, #relocs    2, #linenums    0, checksum B80D10C8, selection    2 (pick any)
0F2 00000000 SECT79 notype       Static       | .debug$S
    Section length   A0, #relocs    2, #linenums    0, checksum        0, selection    5 (pick associative Section 0x78)
0F4 00000000 SECT7A notype       Static       | .text$mn
    Section length   83, #relocs    6, #linenums    0, checksum CBE62C31, selection    2 (pick any)
0F6 00000000 SECT7B notype       Static       | .debug$S
    Section length  128, #relocs    4, #linenums    0, checksum        0, selection    5 (pick associative Section 0x7A)
0F8 00000000 SECT7C notype       Static       | .text$mn
    Section length  215, #relocs    D, #linenums    0, checksum 98B281E4, selection    2 (pick any)
0FA 00000000 SECT7D notype       Static       | .debug$S
    Section length  68C, #relocs   24, #linenums    0, checksum        0, selection    5 (pick associative Section 0x7C)
0FC 00000000 SECT7E notype       Static       | .text$x
    Section length   9F, #relocs    6, #linenums    0, checksum F6E1BFBB, selection    5 (pick associative Section 0x7C)
0FE 00000000 SECT7F notype       Static       | .text$mn
    Section length   58, #relocs    2, #linenums    0, checksum 66F78A53, selection    2 (pick any)
100 00000000 SECT80 notype       Static       | .debug$S
    Section length  104, #relocs    4, #linenums    0, checksum        0, selection    5 (pick associative Section 0x7F)
102 00000000 SECT81 notype       Static       | .text$mn
    Section length   7D, #relocs    6, #linenums    0, checksum F338F783, selection    2 (pick any)
104 00000000 SECT82 notype       Static       | .debug$S
    Section length  130, #relocs    4, #linenums    0, checksum        0, selection    5 (pick associative Section 0x81)
106 00000000 SECT83 notype       Static       | .text$mn
    Section length   38, #relocs    1, #linenums    0, checksum 17354EE3, selection    2 (pick any)
108 00000000 SECT84 notype       Static       | .debug$S
    Section length   F4, #relocs    4, #linenums    0, checksum        0, selection    5 (pick associative Section 0x83)
10A 00000000 SECT85 notype       Static       | .text$mn
    Section length   F4, #relocs    5, #linenums    0, checksum FDB49459, selection    2 (pick any)
10C 00000000 SECT86 notype       Static       | .debug$S
    Section length  158, #relocs    4, #linenums    0, checksum        0, selection    5 (pick associative Section 0x85)
10E 00000000 SECT87 notype       Static       | .text$mn
    Section length   64, #relocs    2, #linenums    0, checksum ADA22A76, selection    2 (pick any)
110 00000000 SECT88 notype       Static       | .debug$S
    Section length  11C, #relocs    4, #linenums    0, checksum        0, selection    5 (pick associative Section 0x87)
112 00000000 SECT89 notype       Static       | .text$mn
    Section length   58, #relocs    1, #linenums    0, checksum B82BDB26, selection    2 (pick any)
114 00000000 SECT8A notype       Static       | .debug$S
    Section length   D4, #relocs    4, #linenums    0, checksum        0, selection    5 (pick associative Section 0x89)
116 00000000 SECT8B notype       Static       | .text$mn
    Section length   58, #relocs    1, #linenums    0, checksum B82BDB26, selection    2 (pick any)
118 00000000 SECT8C notype       Static       | .debug$S
    Section length   D4, #relocs    4, #linenums    0, checksum        0, selection    5 (pick associative Section 0x8B)
11A 00000000 SECT8D notype       Static       | .text$mn
    Section length   AA, #relocs    4, #linenums    0, checksum BF0E2790, selection    2 (pick any)
11C 00000000 SECT8E notype       Static       | .debug$S
    Section length  154, #relocs    8, #linenums    0, checksum        0, selection    5 (pick associative Section 0x8D)
11E 00000000 SECT8F notype       Static       | .text$mn
    Section length   FF, #relocs    7, #linenums    0, checksum  5A3A036, selection    2 (pick any)
120 00000000 SECT90 notype       Static       | .debug$S
    Section length  188, #relocs    6, #linenums    0, checksum        0, selection    5 (pick associative Section 0x8F)
122 00000000 SECT91 notype       Static       | .text$mn
    Section length   30, #relocs    2, #linenums    0, checksum 4E911CB3, selection    2 (pick any)
124 00000000 SECT92 notype       Static       | .debug$S
    Section length   EC, #relocs    4, #linenums    0, checksum        0, selection    5 (pick associative Section 0x91)
126 00000000 SECT93 notype       Static       | .text$mn
    Section length   30, #relocs    2, #linenums    0, checksum 4E911CB3, selection    2 (pick any)
128 00000000 SECT94 notype       Static       | .debug$S
    Section length   EC, #relocs    4, #linenums    0, checksum        0, selection    5 (pick associative Section 0x93)
12A 00000000 SECT95 notype       Static       | .text$mn
    Section length   38, #relocs    1, #linenums    0, checksum 50934437, selection    2 (pick any)
12C 00000000 SECT96 notype       Static       | .debug$S
    Section length   E8, #relocs    4, #linenums    0, checksum        0, selection    5 (pick associative Section 0x95)
12E 00000000 SECT97 notype       Static       | .text$mn
    Section length   35, #relocs    1, #linenums    0, checksum 68AB452B, selection    2 (pick any)
130 00000000 SECT98 notype       Static       | .debug$S
    Section length   D4, #relocs    4, #linenums    0, checksum        0, selection    5 (pick associative Section 0x97)
132 00000000 SECT99 notype       Static       | .text$mn
    Section length   35, #relocs    1, #linenums    0, checksum 68AB452B, selection    2 (pick any)
134 00000000 SECT9A notype       Static       | .debug$S
    Section length   E8, #relocs    4, #linenums    0, checksum        0, selection    5 (pick associative Section 0x99)
136 00000000 SECT9B notype       Static       | .text$mn
    Section length  114, #relocs    A, #linenums    0, checksum 73EFFB95, selection    2 (pick any)
138 00000000 SECT9C notype       Static       | .debug$S
    Section length  190, #relocs    4, #linenums    0, checksum        0, selection    5 (pick associative Section 0x9B)
13A 00000000 SECT9D notype       Static       | .text$mn
    Section length   5C, #relocs    4, #linenums    0, checksum 8E4FB177, selection    2 (pick any)
13C 00000000 SECT9E notype       Static       | .debug$S
    Section length  108, #relocs    4, #linenums    0, checksum        0, selection    5 (pick associative Section 0x9D)
13E 00000000 SECT9F notype       Static       | .text$mn
    Section length   DA, #relocs    9, #linenums    0, checksum 288FAA80, selection    2 (pick any)
140 00000000 SECTA0 notype       Static       | .debug$S
    Section length  150, #relocs    4, #linenums    0, checksum        0, selection    5 (pick associative Section 0x9F)
142 00000000 SECTA1 notype       Static       | .text$mn
    Section length   1C, #relocs    0, #linenums    0, checksum  88A4B9A, selection    2 (pick any)
144 00000000 SECTA2 notype       Static       | .debug$S
    Section length   D8, #relocs    4, #linenums    0, checksum        0, selection    5 (pick associative Section 0xA1)
146 00000000 SECTA3 notype       Static       | .text$mn
    Section length   11, #relocs    0, #linenums    0, checksum 1770F657, selection    2 (pick any)
148 00000000 SECTA4 notype       Static       | .debug$S
    Section length   BC, #relocs    4, #linenums    0, checksum        0, selection    5 (pick associative Section 0xA3)
14A 00000000 SECTA5 notype       Static       | .text$mn
    Section length   11, #relocs    0, #linenums    0, checksum 1770F657, selection    2 (pick any)
14C 00000000 SECTA6 notype       Static       | .debug$S
    Section length   C0, #relocs    4, #linenums    0, checksum        0, selection    5 (pick associative Section 0xA5)
14E 00000000 SECTA7 notype       Static       | .text$mn
    Section length   60, #relocs    1, #linenums    0, checksum 90BB9AD8, selection    2 (pick any)
150 00000000 SECTA8 notype       Static       | .debug$S
    Section length   EC, #relocs    4, #linenums    0, checksum        0, selection    5 (pick associative Section 0xA7)
152 00000000 SECTA9 notype       Static       | .text$mn
    Section length   6B, #relocs    0, #linenums    0, checksum 4DDBC50B, selection    1 (pick no duplicates)
154 00000000 SECTAA notype       Static       | .debug$S
    Section length   D8, #relocs    4, #linenums    0, checksum        0, selection    5 (pick associative Section 0xA9)
156 00000000 SECTAB notype       Static       | .text$mn
    Section length   42, #relocs    1, #linenums    0, checksum  2BBFD0C, selection    2 (pick any)
158 00000000 SECTAC notype       Static       | .debug$S
    Section length   FC, #relocs    4, #linenums    0, checksum        0, selection    5 (pick associative Section 0xAB)
15A 00000000 SECTAD notype       Static       | .text$mn
    Section length   38, #relocs    1, #linenums    0, checksum F34DB4E2, selection    2 (pick any)
15C 00000000 SECTAE notype       Static       | .debug$S
    Section length   EC, #relocs    4, #linenums    0, checksum        0, selection    5 (pick associative Section 0xAD)
15E 00000000 SECTAF notype       Static       | .text$mn
    Section length   38, #relocs    1, #linenums    0, checksum F34DB4E2, selection    2 (pick any)
160 00000000 SECTB0 notype       Static       | .debug$S
    Section length   FC, #relocs    4, #linenums    0, checksum        0, selection    5 (pick associative Section 0xAF)
162 00000000 SECTB1 notype       Static       | .text$mn
    Section length  17A, #relocs    9, #linenums    0, checksum   17BCF3, selection    1 (pick no duplicates)
164 00000000 SECTB2 notype       Static       | .debug$S
    Section length  12C, #relocs    4, #linenums    0, checksum        0, selection    5 (pick associative Section 0xB1)
166 00000000 SECTB3 notype       Static       | .text$mn
    Section length  1DF, #relocs    A, #linenums    0, checksum 2B2718A2, selection    1 (pick no duplicates)
168 00000000 SECTB4 notype       Static       | .debug$S
    Section length  130, #relocs    4, #linenums    0, checksum        0, selection    5 (pick associative Section 0xB3)
16A 00000000 SECTB5 notype       Static       | .text$mn
    Section length  26D, #relocs    9, #linenums    0, checksum  D4FD2B7, selection    1 (pick no duplicates)
16C 00000000 SECTB6 notype       Static       | .debug$S
    Section length  14C, #relocs    4, #linenums    0, checksum        0, selection    5 (pick associative Section 0xB5)
16E 00000000 SECTB7 notype       Static       | .text$mn
    Section length   76, #relocs    5, #linenums    0, checksum 4F5ACEAB, selection    2 (pick any)
170 00000000 SECTB8 notype       Static       | .debug$S
    Section length  104, #relocs    4, #linenums    0, checksum        0, selection    5 (pick associative Section 0xB7)
172 00000000 SECTB9 notype       Static       | .text$mn
    Section length   46, #relocs    1, #linenums    0, checksum CB80B5BA, selection    2 (pick any)
174 00000000 SECTBA notype       Static       | .debug$S
    Section length   E4, #relocs    4, #linenums    0, checksum        0, selection    5 (pick associative Section 0xB9)
176 00000000 SECTBB notype       Static       | .text$mn
    Section length   CD, #relocs    3, #linenums    0, checksum  263CF30, selection    1 (pick no duplicates)
178 00000000 SECTBC notype       Static       | .debug$S
    Section length   EC, #relocs    4, #linenums    0, checksum        0, selection    5 (pick associative Section 0xBB)
17A 00000000 SECTBD notype       Static       | .text$mn
    Section length   9D, #relocs    1, #linenums    0, checksum 93E0C761, selection    1 (pick no duplicates)
17C 00000000 SECTBE notype       Static       | .debug$S
    Section length   F0, #relocs    4, #linenums    0, checksum        0, selection    5 (pick associative Section 0xBD)
17E 00000000 SECTBF notype       Static       | .text$mn
    Section length  1A6, #relocs    8, #linenums    0, checksum 1247435F, selection    1 (pick no duplicates)
180 00000000 SECTC0 notype       Static       | .debug$S
    Section length  158, #relocs    4, #linenums    0, checksum        0, selection    5 (pick associative Section 0xBF)
182 00000000 SECTC1 notype       Static       | .text$mn
    Section length  16D, #relocs    8, #linenums    0, checksum 78889413, selection    1 (pick no duplicates)
184 00000000 SECTC2 notype       Static       | .debug$S
    Section length  14C, #relocs    4, #linenums    0, checksum        0, selection    5 (pick associative Section 0xC1)
186 00000000 SECTC3 notype       Static       | .text$mn
    Section length  1E7, #relocs    9, #linenums    0, checksum DCBBED08, selection    1 (pick no duplicates)
188 00000000 SECTC4 notype       Static       | .debug$S
    Section length  168, #relocs    4, #linenums    0, checksum        0, selection    5 (pick associative Section 0xC3)
18A 00000000 SECTC5 notype       Static       | .text$mn
    Section length   73, #relocs    3, #linenums    0, checksum 67F0D865, selection    2 (pick any)
18C 00000000 SECTC6 notype       Static       | .debug$S
    Section length   EC, #relocs    4, #linenums    0, checksum        0, selection    5 (pick associative Section 0xC5)
18E 00000000 SECTC7 notype       Static       | .text$mn
    Section length   54, #relocs    1, #linenums    0, checksum B7B75190, selection    2 (pick any)
190 00000000 SECTC8 notype       Static       | .debug$S
    Section length   FC, #relocs    6, #linenums    0, checksum        0, selection    5 (pick associative Section 0xC7)
192 00000000 SECTC9 notype       Static       | .text$mn
    Section length   E7, #relocs    5, #linenums    0, checksum 5E319768, selection    2 (pick any)
194 00000000 SECTCA notype       Static       | .debug$S
    Section length  1A4, #relocs    6, #linenums    0, checksum        0, selection    5 (pick associative Section 0xC9)
196 00000000 SECTCB notype       Static       | .text$mn
    Section length   57, #relocs    2, #linenums    0, checksum 81BC19EF, selection    2 (pick any)
198 00000000 SECTCC notype       Static       | .debug$S
    Section length  118, #relocs    4, #linenums    0, checksum        0, selection    5 (pick associative Section 0xCB)
19A 00000000 SECTCD notype       Static       | .text$mn
    Section length   E6, #relocs    8, #linenums    0, checksum D87FB30B, selection    1 (pick no duplicates)
19C 00000000 SECTCE notype       Static       | .debug$S
    Section length  130, #relocs    4, #linenums    0, checksum        0, selection    5 (pick associative Section 0xCD)
19E 00000000 SECTCF notype       Static       | .text$mn
    Section length   85, #relocs    1, #linenums    0, checksum 454F8C0D, selection    1 (pick no duplicates)
1A0 00000000 SECTD0 notype       Static       | .debug$S
    Section length   D8, #relocs    4, #linenums    0, checksum        0, selection    5 (pick associative Section 0xCF)
1A2 00000000 SECTD1 notype       Static       | .text$mn
    Section length    B, #relocs    1, #linenums    0, checksum 4D8248FC, selection    2 (pick any)
1A4 00000000 SECTD2 notype       Static       | .debug$S
    Section length   A4, #relocs    4, #linenums    0, checksum        0, selection    5 (pick associative Section 0xD1)
1A6 00000000 SECTD3 notype       Static       | .text$mn
    Section length   7D, #relocs    1, #linenums    0, checksum 94224EA0, selection    1 (pick no duplicates)
1A8 00000000 SECTD4 notype       Static       | .debug$S
    Section length   D8, #relocs    4, #linenums    0, checksum        0, selection    5 (pick associative Section 0xD3)
1AA 00000000 SECTD5 notype       Static       | .text$mn
    Section length   4F, #relocs    1, #linenums    0, checksum 67A249FA, selection    2 (pick any)
1AC 00000000 SECTD6 notype       Static       | .debug$S
    Section length   C4, #relocs    4, #linenums    0, checksum        0, selection    5 (pick associative Section 0xD5)
1AE 00000000 SECTD7 notype       Static       | .text$mn
    Section length   2E, #relocs    1, #linenums    0, checksum 675D5F7E, selection    2 (pick any)
1B0 00000000 SECTD8 notype       Static       | .debug$S
    Section length   D4, #relocs    4, #linenums    0, checksum        0, selection    5 (pick associative Section 0xD7)
1B2 00000000 SECTD9 notype       Static       | .text$mn
    Section length    F, #relocs    0, #linenums    0, checksum 5D1BEF8C, selection    2 (pick any)
1B4 00000000 SECTDA notype       Static       | .debug$S
    Section length   C0, #relocs    4, #linenums    0, checksum        0, selection    5 (pick associative Section 0xD9)
1B6 00000000 SECTDB notype       Static       | .text$mn
    Section length   2E, #relocs    1, #linenums    0, checksum 675D5F7E, selection    2 (pick any)
1B8 00000000 SECTDC notype       Static       | .debug$S
    Section length   D8, #relocs    4, #linenums    0, checksum        0, selection    5 (pick associative Section 0xDB)
1BA 00000000 SECTDD notype       Static       | .text$mn
    Section length   65, #relocs    2, #linenums    0, checksum  AF66529, selection    2 (pick any)
1BC 00000000 SECTDE notype       Static       | .debug$S
    Section length  10C, #relocs    4, #linenums    0, checksum        0, selection    5 (pick associative Section 0xDD)
1BE 00000000 SECTDF notype       Static       | .text$mn
    Section length   83, #relocs    3, #linenums    0, checksum  7805B85, selection    2 (pick any)
1C0 00000000 SECTE0 notype       Static       | .debug$S
    Section length   FC, #relocs    4, #linenums    0, checksum        0, selection    5 (pick associative Section 0xDF)
1C2 00000000 SECTE1 notype       Static       | .text$mn
    Section length   86, #relocs    3, #linenums    0, checksum D25DD341, selection    2 (pick any)
1C4 00000000 SECTE2 notype       Static       | .debug$S
    Section length   F8, #relocs    4, #linenums    0, checksum        0, selection    5 (pick associative Section 0xE1)
1C6 00000000 SECTE3 notype       Static       | .text$mn
    Section length   83, #relocs    3, #linenums    0, checksum  7805B85, selection    2 (pick any)
1C8 00000000 SECTE4 notype       Static       | .debug$S
    Section length   F8, #relocs    4, #linenums    0, checksum        0, selection    5 (pick associative Section 0xE3)
1CA 00000000 SECTE5 notype       Static       | .text$mn
    Section length   60, #relocs    1, #linenums    0, checksum 90BB9AD8, selection    2 (pick any)
1CC 00000000 SECTE6 notype       Static       | .debug$S
    Section length   EC, #relocs    4, #linenums    0, checksum        0, selection    5 (pick associative Section 0xE5)
1CE 00000000 SECTE7 notype       Static       | .text$mn
    Section length    F, #relocs    1, #linenums    0, checksum 355EDFD9, selection    2 (pick any)
1D0 00000000 SECTE8 notype       Static       | .debug$S
    Section length   C4, #relocs    4, #linenums    0, checksum        0, selection    5 (pick associative Section 0xE7)
1D2 00000000 SECTE9 notype       Static       | .text$mn
    Section length    F, #relocs    1, #linenums    0, checksum 355EDFD9, selection    2 (pick any)
1D4 00000000 SECTEA notype       Static       | .debug$S
    Section length   C4, #relocs    4, #linenums    0, checksum        0, selection    5 (pick associative Section 0xE9)
1D6 00000000 SECTEB notype       Static       | .text$mn
    Section length    F, #relocs    1, #linenums    0, checksum 355EDFD9, selection    2 (pick any)
1D8 00000000 SECTEC notype       Static       | .debug$S
    Section length   C4, #relocs    4, #linenums    0, checksum        0, selection    5 (pick associative Section 0xEB)
1DA 00000000 SECTED notype       Static       | .text$mn
    Section length   58, #relocs    0, #linenums    0, checksum 59C6D656, selection    1 (pick no duplicates)
1DC 00000000 SECTEE notype       Static       | .debug$S
    Section length   C4, #relocs    4, #linenums    0, checksum        0, selection    5 (pick associative Section 0xED)
1DE 00000000 SECTEF notype       Static       | .text$mn
    Section length   8D, #relocs    0, #linenums    0, checksum B5A7D669, selection    1 (pick no duplicates)
1E0 00000000 SECTF0 notype       Static       | .debug$S
    Section length   EC, #relocs    4, #linenums    0, checksum        0, selection    5 (pick associative Section 0xEF)
1E2 00000000 SECTF1 notype       Static       | .text$mn
    Section length   11, #relocs    0, #linenums    0, checksum  B565527, selection    2 (pick any)
1E4 00000000 SECTF2 notype       Static       | .debug$S
    Section length   EC, #relocs    4, #linenums    0, checksum        0, selection    5 (pick associative Section 0xF1)
1E6 00000000 SECTF3 notype       Static       | .text$mn
    Section length   55, #relocs    0, #linenums    0, checksum 72AEC69F, selection    1 (pick no duplicates)
1E8 00000000 SECTF4 notype       Static       | .debug$S
    Section length   C0, #relocs    4, #linenums    0, checksum        0, selection    5 (pick associative Section 0xF3)
1EA 00000000 SECTF5 notype       Static       | .text$mn
    Section length    B, #relocs    1, #linenums    0, checksum 4D8248FC, selection    2 (pick any)
1EC 00000000 SECTF6 notype       Static       | .debug$S
    Section length   A4, #relocs    4, #linenums    0, checksum        0, selection    5 (pick associative Section 0xF5)
1EE 00000000 SECTF7 notype       Static       | .text$mn
    Section length  197, #relocs    8, #linenums    0, checksum 5A1E3D52, selection    1 (pick no duplicates)
1F0 00000000 SECTF8 notype       Static       | .debug$S
    Section length  11C, #relocs    4, #linenums    0, checksum        0, selection    5 (pick associative Section 0xF7)
1F2 00000000 SECTF9 notype       Static       | .text$mn
    Section length    F, #relocs    0, #linenums    0, checksum D7C8490B, selection    2 (pick any)
1F4 00000000 SECTFA notype       Static       | .debug$S
    Section length   B8, #relocs    4, #linenums    0, checksum        0, selection    5 (pick associative Section 0xF9)
1F6 00000000 SECTFB notype       Static       | .text$mn
    Section length    F, #relocs    0, #linenums    0, checksum D7C8490B, selection    2 (pick any)
1F8 00000000 SECTFC notype       Static       | .debug$S
    Section length   BC, #relocs    4, #linenums    0, checksum        0, selection    5 (pick associative Section 0xFB)
1FA 00000000 SECTFD notype       Static       | .text$mn
    Section length   55, #relocs    0, #linenums    0, checksum A6CC0928, selection    1 (pick no duplicates)
1FC 00000000 SECTFE notype       Static       | .debug$S
    Section length  104, #relocs    6, #linenums    0, checksum        0, selection    5 (pick associative Section 0xFD)
1FE 00000000 SECTFF notype       Static       | .text$mn
    Section length   37, #relocs    1, #linenums    0, checksum BDB7AB8E, selection    2 (pick any)
200 00000000 SECT100 notype       Static      | .debug$S
    Section length   B8, #relocs    4, #linenums    0, checksum        0, selection    5 (pick associative Section 0xFF)
202 00000000 UNDEF  notype ()    External     | _purecall
203 00000000 UNDEF  notype ()    External     | ??2@YAPEAX_K@Z (void * __cdecl operator new(unsigned __int64))
204 00000000 UNDEF  notype ()    External     | ??3@YAXPEAX@Z (void __cdecl operator delete(void *))
205 00000000 UNDEF  notype ()    External     | atexit
206 00000000 UNDEF  notype ()    External     | ??0_Lockit@std@@QEAA@H@Z (public: __cdecl std::_Lockit::_Lockit(int))
207 00000000 UNDEF  notype ()    External     | ??1_Lockit@std@@QEAA@XZ (public: __cdecl std::_Lockit::~_Lockit(void))
208 00000000 UNDEF  notype ()    External     | memcpy
209 00000000 UNDEF  notype ()    External     | strlen
20A 00000000 UNDEF  notype ()    External     | memmove
20B 00000000 UNDEF  notype ()    External     | _hypot
20C 00000000 SECTFF notype ()    External     | hypot
20D 00000000 SECT52 notype ()    External     | ??2@YAPEAX_KPEAX@Z (void * __cdecl operator new(unsigned __int64,void *))
20E 00000000 SECT54 notype ()    External     | ??3@YAXPEAX0@Z (void __cdecl operator delete(void *,void *))
20F 00000000 SECTD5 notype ()    External     | ?length@?$char_traits@D@std@@SA_KPEBD@Z (public: static unsigned __int64 __cdecl std::char_traits<char>::length(char const *))
210 00000000 SECTA7 notype ()    External     | ?copy@?$char_traits@D@std@@SAPEADPEADPEBD_K@Z (public: static char * __cdecl std::char_traits<char>::copy(char *,char const *,unsigned __int64))
211 00000000 SECTE5 notype ()    External     | ?move@?$char_traits@D@std@@SAPEADPEADPEBD_K@Z (public: static char * __cdecl std::char_traits<char>::move(char *,char const *,unsigned __int64))
212 00000000 SECTA1 notype ()    External     | ?assign@?$char_traits@D@std@@SAXAEADAEBD@Z (public: static void __cdecl std::char_traits<char>::assign(char &,char const &))
213 00000000 SECT72 notype ()    Static       | ??__Epiecewise_construct@std@@YAXXZ (void __cdecl std::`dynamic initializer for 'piecewise_construct''(void))
214 00000000 UNDEF  notype ()    External     | ?_Debug_message@std@@YAXPEBG0I@Z (void __cdecl std::_Debug_message(unsigned short const *,unsigned short const *,unsigned int))
215 00000000 SECT36 notype ()    External     | ??0_Container_proxy@std@@QEAA@XZ (public: __cdecl std::_Container_proxy::_Container_proxy(void))
216 00000000 SECT34 notype ()    External     | ??0_Container_base12@std@@QEAA@XZ (public: __cdecl std::_Container_base12::_Container_base12(void))
217 00000000 SECT48 notype ()    External     | ??1_Container_base12@std@@QEAA@XZ (public: __cdecl std::_Container_base12::~_Container_base12(void))
218 00000000 SECT8D notype ()    External     | ?_Orphan_all@_Container_base12@std@@QEAAXXZ (public: void __cdecl std::_Container_base12::_Orphan_all(void))
219 00000000 SECT70 notype ()    Static       | ??__Eallocator_arg@std@@YAXXZ (void __cdecl std::`dynamic initializer for 'allocator_arg''(void))
21A 00000000 UNDEF  notype ()    External     | ?_Xbad_alloc@std@@YAXXZ (void __cdecl std::_Xbad_alloc(void))
21B 00000000 UNDEF  notype ()    External     | ?_Xlength_error@std@@YAXPEBD@Z (void __cdecl std::_Xlength_error(char const *))
21C 00000000 UNDEF  notype ()    External     | ?_Xout_of_range@std@@YAXPEBD@Z (void __cdecl std::_Xout_of_range(char const *))
21D 00000000 SECT29 notype ()    External     | ??0?$allocator@D@std@@QEAA@XZ (public: __cdecl std::allocator<char>::allocator<char>(void))
21E 00000000 SECTAD notype ()    External     | ?deallocate@?$allocator@D@std@@QEAAXPEAD_K@Z (public: void __cdecl std::allocator<char>::deallocate(char *,unsigned __int64))
21F 00000000 SECT97 notype ()    External     | ?allocate@?$allocator@D@std@@QEAAPEAD_K@Z (public: char * __cdecl std::allocator<char>::allocate(unsigned __int64))
220 00000000 SECTD9 notype ()    External     | ?max_size@?$allocator@D@std@@QEBA_KXZ (public: unsigned __int64 __cdecl std::allocator<char>::max_size(void)const )
221 00000000 SECTDB notype ()    External     | ?max_size@?$allocator_traits@V?$allocator@D@std@@@std@@SA_KAEBV?$allocator@D@2@@Z (public: static unsigned __int64 __cdecl std::allocator_traits<class std::allocator<char> >::max_size(class std::allocator<char> const &))
222 00000000 SECT27 notype ()    External     | ??0?$_Wrap_alloc@V?$allocator@D@std@@@std@@QEAA@XZ (public: __cdecl std::_Wrap_alloc<class std::allocator<char> >::_Wrap_alloc<class std::allocator<char> >(void))
223 00000000 SECT95 notype ()    External     | ?allocate@?$_Wrap_alloc@V?$allocator@D@std@@@std@@QEAAPEAD_K@Z (public: char * __cdecl std::_Wrap_alloc<class std::allocator<char> >::allocate(unsigned __int64))
224 00000000 SECTAB notype ()    External     | ?deallocate@?$_Wrap_alloc@V?$allocator@D@std@@@std@@QEAAXPEAD_K@Z (public: void __cdecl std::_Wrap_alloc<class std::allocator<char> >::deallocate(char *,unsigned __int64))
225 00000000 SECTD7 notype ()    External     | ?max_size@?$_Wrap_alloc@V?$allocator@D@std@@@std@@QEBA_KXZ (public: unsigned __int64 __cdecl std::_Wrap_alloc<class std::allocator<char> >::max_size(void)const )
226 00000000 SECT25 notype ()    External     | ??0?$_String_val@U?$_Simple_types@D@std@@@std@@QEAA@XZ (public: __cdecl std::_String_val<struct std::_Simple_types<char> >::_String_val<struct std::_Simple_types<char> >(void))
227 00000000 SECT89 notype ()    External     | ?_Myptr@?$_String_val@U?$_Simple_types@D@std@@@std@@QEAAPEADXZ (public: char * __cdecl std::_String_val<struct std::_Simple_types<char> >::_Myptr(void))
228 00000000 SECT8B notype ()    External     | ?_Myptr@?$_String_val@U?$_Simple_types@D@std@@@std@@QEBAPEBDXZ (public: char const * __cdecl std::_String_val<struct std::_Simple_types<char> >::_Myptr(void)const )
229 00000000 SECT46 notype ()    External     | ??1?$_String_val@U?$_Simple_types@D@std@@@std@@QEAA@XZ (public: __cdecl std::_String_val<struct std::_Simple_types<char> >::~_String_val<struct std::_Simple_types<char> >(void))
22A 00000000 SECT22 notype ()    External     | ??0?$_String_alloc@$0A@U?$_String_base_types@DV?$allocator@D@std@@@std@@@std@@QEAA@AEBV?$allocator@D@1@@Z (public: __cdecl std::_String_alloc<0,struct std::_String_base_types<char,class std::allocator<char> > >::_String_alloc<0,struct std::_String_base_types<char,class std::allocator<char> > >(class std::allocator<char> const &))
22B 00000000 SECT44 notype ()    External     | ??1?$_String_alloc@$0A@U?$_String_base_types@DV?$allocator@D@std@@@std@@@std@@QEAA@XZ (public: __cdecl std::_String_alloc<0,struct std::_String_base_types<char,class std::allocator<char> > >::~_String_alloc<0,struct std::_String_base_types<char,class std::allocator<char> > >(void))
22C 00000000 SECT7A notype ()    External     | ?_Alloc_proxy@?$_String_alloc@$0A@U?$_String_base_types@DV?$allocator@D@std@@@std@@@std@@QEAAXXZ (public: void __cdecl std::_String_alloc<0,struct std::_String_base_types<char,class std::allocator<char> > >::_Alloc_proxy(void))
22D 00000000 SECT81 notype ()    External     | ?_Free_proxy@?$_String_alloc@$0A@U?$_String_base_types@DV?$allocator@D@std@@@std@@@std@@QEAAXXZ (public: void __cdecl std::_String_alloc<0,struct std::_String_base_types<char,class std::allocator<char> > >::_Free_proxy(void))
22E 00000000 SECT83 notype ()    External     | ?_Getal@?$_String_alloc@$0A@U?$_String_base_types@DV?$allocator@D@std@@@std@@@std@@QEBA?AU?$_Wrap_alloc@V?$allocator@D@std@@@2@XZ (public: struct std::_Wrap_alloc<class std::allocator<char> > __cdecl std::_String_alloc<0,struct std::_String_base_types<char,class std::allocator<char> > >::_Getal(void)const )
22F 00000000 SECT2D notype ()    External     | ??0?$basic_string@DU?$char_traits@D@std@@V?$allocator@D@2@@std@@QEAA@PEBD@Z (public: __cdecl std::basic_string<char,struct std::char_traits<char>,class std::allocator<char> >::basic_string<char,struct std::char_traits<char>,class std::allocator<char> >(char const *))
230 00000000 SECT9B notype ()    External     | ?assign@?$basic_string@DU?$char_traits@D@std@@V?$allocator@D@2@@std@@QEAAAEAV12@AEBV12@_K1@Z (public: class std::basic_string<char,struct std::char_traits<char>,class std::allocator<char> > & __cdecl std::basic_string<char,struct std::char_traits<char>,class std::allocator<char> >::assign(class std::basic_string<char,struct std::char_traits<char>,class std::allocator<char> > const &,unsigned __int64,unsigned __int64))
231 00000000 SECT9F notype ()    External     | ?assign@?$basic_string@DU?$char_traits@D@std@@V?$allocator@D@2@@std@@QEAAAEAV12@PEBD_K@Z (public: class std::basic_string<char,struct std::char_traits<char>,class std::allocator<char> > & __cdecl std::basic_string<char,struct std::char_traits<char>,class std::allocator<char> >::assign(char const *,unsigned __int64))
232 00000000 SECT9D notype ()    External     | ?assign@?$basic_string@DU?$char_traits@D@std@@V?$allocator@D@2@@std@@QEAAAEAV12@PEBD@Z (public: class std::basic_string<char,struct std::char_traits<char>,class std::allocator<char> > & __cdecl std::basic_string<char,struct std::char_traits<char>,class std::allocator<char> >::assign(char const *))
233 00000000 SECTCB notype ()    External     | ?erase@?$basic_string@DU?$char_traits@D@std@@V?$allocator@D@2@@std@@QEAAAEAV12@_K@Z (public: class std::basic_string<char,struct std::char_traits<char>,class std::allocator<char> > & __cdecl std::basic_string<char,struct std::char_traits<char>,class std::allocator<char> >::erase(unsigned __int64))
234 00000000 SECTC9 notype ()    External     | ?erase@?$basic_string@DU?$char_traits@D@std@@V?$allocator@D@2@@std@@QEAAAEAV12@_K0@Z (public: class std::basic_string<char,struct std::char_traits<char>,class std::allocator<char> > & __cdecl std::basic_string<char,struct std::char_traits<char>,class std::allocator<char> >::erase(unsigned __int64,unsigned __int64))
235 00000000 SECTF1 notype ()    External     | ?size@?$basic_string@DU?$char_traits@D@std@@V?$allocator@D@2@@std@@QEBA_KXZ (public: unsigned __int64 __cdecl std::basic_string<char,struct std::char_traits<char>,class std::allocator<char> >::size(void)const )
236 00000000 SECTDD notype ()    External     | ?max_size@?$basic_string@DU?$char_traits@D@std@@V?$allocator@D@2@@std@@QEBA_KXZ (public: unsigned __int64 __cdecl std::basic_string<char,struct std::char_traits<char>,class std::allocator<char> >::max_size(void)const )
237 00000000 SECT7C notype ()    External     | ?_Copy@?$basic_string@DU?$char_traits@D@std@@V?$allocator@D@2@@std@@QEAAX_K0@Z (public: void __cdecl std::basic_string<char,struct std::char_traits<char>,class std::allocator<char> >::_Copy(unsigned __int64,unsigned __int64))
238 00000000 SECT7F notype ()    External     | ?_Eos@?$basic_string@DU?$char_traits@D@std@@V?$allocator@D@2@@std@@QEAAX_K@Z (public: void __cdecl std::basic_string<char,struct std::char_traits<char>,class std::allocator<char> >::_Eos(unsigned __int64))
239 00000000 SECT85 notype ()    External     | ?_Grow@?$basic_string@DU?$char_traits@D@std@@V?$allocator@D@2@@std@@QEAA_N_K_N@Z (public: bool __cdecl std::basic_string<char,struct std::char_traits<char>,class std::allocator<char> >::_Grow(unsigned __int64,bool))
23A 00000000 SECT87 notype ()    External     | ?_Inside@?$basic_string@DU?$char_traits@D@std@@V?$allocator@D@2@@std@@QEAA_NPEBD@Z (public: bool __cdecl std::basic_string<char,struct std::char_traits<char>,class std::allocator<char> >::_Inside(char const *))
23B 00000000 SECT8F notype ()    External     | ?_Tidy@?$basic_string@DU?$char_traits@D@std@@V?$allocator@D@2@@std@@QEAAX_N_K@Z (public: void __cdecl std::basic_string<char,struct std::char_traits<char>,class std::allocator<char> >::_Tidy(bool,unsigned __int64))
23C 00000000 SECT91 notype ()    External     | ?_Xlen@?$basic_string@DU?$char_traits@D@std@@V?$allocator@D@2@@std@@QEBAXXZ (public: void __cdecl std::basic_string<char,struct std::char_traits<char>,class std::allocator<char> >::_Xlen(void)const )
23D 00000000 SECT93 notype ()    External     | ?_Xran@?$basic_string@DU?$char_traits@D@std@@V?$allocator@D@2@@std@@QEBAXXZ (public: void __cdecl std::basic_string<char,struct std::char_traits<char>,class std::allocator<char> >::_Xran(void)const )
23E 00000000 SECT30 notype ()    External     | ??0Bytes@MilesTransport@@QEAA@PEBX_K@Z (public: __cdecl MilesTransport::Bytes::Bytes(void const *,unsigned __int64))
23F 00000000 UNDEF  notype ()    External     | ?encodeCallInto@MilesTransport@@YA_NUHeader@MilesWire@@AEBUCall@3@UBytes@1@2PEAE_KAEA_K@Z (bool __cdecl MilesTransport::encodeCallInto(struct MilesWire::Header,struct MilesWire::Call const &,struct MilesTransport::Bytes,struct MilesTransport::Bytes,unsigned char *,unsigned __int64,unsigned __int64 &))
240 00000000 UNDEF  notype ()    External     | ?decodeCall@MilesTransport@@YA_NUBytes@1@AEAUHeader@MilesWire@@AEAUCall@4@@Z (bool __cdecl MilesTransport::decodeCall(struct MilesTransport::Bytes,struct MilesWire::Header &,struct MilesWire::Call &))
241 00000000 UNDEF  notype ()    External     | ?encodeResultInto@MilesTransport@@YA_NUHeader@MilesWire@@AEBUResult@3@UBytes@1@2PEAE_KAEA_K@Z (bool __cdecl MilesTransport::encodeResultInto(struct MilesWire::Header,struct MilesWire::Result const &,struct MilesTransport::Bytes,struct MilesTransport::Bytes,unsigned char *,unsigned __int64,unsigned __int64 &))
242 00000000 UNDEF  notype ()    External     | ?decodeResult@MilesTransport@@YA_NUBytes@1@AEAUHeader@MilesWire@@AEAUResult@4@@Z (bool __cdecl MilesTransport::decodeResult(struct MilesTransport::Bytes,struct MilesWire::Header &,struct MilesWire::Result &))
243 00000000 SECT42 notype ()    External     | ??0id@locale@std@@QEAA@_K@Z (public: __cdecl std::locale::id::id(unsigned __int64))
244 00000000 SECT8  notype ()    External     | ??$_Debug_pointer@D@std@@YAXPEBDPEBGI@Z (void __cdecl std::_Debug_pointer<char>(char const *,unsigned short const *,unsigned int))
245 00000000 SECTD1 notype ()    External     | ?generic_category@std@@YAAEBVerror_category@1@XZ (class std::error_category const & __cdecl std::generic_category(void))
246 00000000 SECTF5 notype ()    External     | ?system_category@std@@YAAEBVerror_category@1@XZ (class std::error_category const & __cdecl std::system_category(void))
247 00000000 SECT3E notype ()    External     | ??0error_category@std@@QEAA@XZ (public: __cdecl std::error_category::error_category(void))
248 00000000 SECT50 notype ()    External     | ??1error_category@std@@UEAA@XZ (public: virtual __cdecl std::error_category::~error_category(void))
249 00000000 SECTB9 notype ()    External     | ?default_error_condition@error_category@std@@UEBA?AVerror_condition@2@H@Z (public: virtual class std::error_condition __cdecl std::error_category::default_error_condition(int)const )
24A 00000000 SECTC7 notype ()    External     | ?equivalent@error_category@std@@UEBA_NHAEBVerror_condition@2@@Z (public: virtual bool __cdecl std::error_category::equivalent(int,class std::error_condition const &)const )
24B 00000000 SECTC5 notype ()    External     | ?equivalent@error_category@std@@UEBA_NAEBVerror_code@2@H@Z (public: virtual bool __cdecl std::error_category::equivalent(class std::error_code const &,int)const )
24C 00000000 SECT56 notype ()    External     | ??8error_category@std@@QEBA_NAEBV01@@Z (public: bool __cdecl std::error_category::operator==(class std::error_category const &)const )
24D 00000000 SECT60 notype ()    External     | ??_Gerror_category@std@@UEAAPEAXI@Z (public: virtual void * __cdecl std::error_category::`scalar deleting destructor'(unsigned int))
24E 00000000 UNDEF  notype ()    WeakExternal | ??_Eerror_category@std@@UEAAPEAXI@Z (public: virtual void * __cdecl std::error_category::`vector deleting destructor'(unsigned int))
    Default index      24D library search
250 00000000 SECTF9 notype ()    External     | ?value@error_code@std@@QEBAHXZ (public: int __cdecl std::error_code::value(void)const )
251 00000000 SECTA3 notype ()    External     | ?category@error_code@std@@QEBAAEBVerror_category@2@XZ (public: class std::error_category const & __cdecl std::error_code::category(void)const )
252 00000000 SECT40 notype ()    External     | ??0error_condition@std@@QEAA@HAEBVerror_category@1@@Z (public: __cdecl std::error_condition::error_condition(int,class std::error_category const &))
253 00000000 SECTFB notype ()    External     | ?value@error_condition@std@@QEBAHXZ (public: int __cdecl std::error_condition::value(void)const )
254 00000000 SECTA5 notype ()    External     | ?category@error_condition@std@@QEBAAEBVerror_category@2@XZ (public: class std::error_category const & __cdecl std::error_condition::category(void)const )
255 00000000 SECT58 notype ()    External     | ??8error_condition@std@@QEBA_NAEBV01@@Z (public: bool __cdecl std::error_condition::operator==(class std::error_condition const &)const )
256 00000000 UNDEF  notype ()    External     | ?_Syserror_map@std@@YAPEBDH@Z (char const * __cdecl std::_Syserror_map(int))
257 00000000 UNDEF  notype ()    External     | ?_Winerror_map@std@@YAPEBDH@Z (char const * __cdecl std::_Winerror_map(int))
258 00000000 SECT38 notype ()    External     | ??0_Generic_error_category@std@@QEAA@XZ (public: __cdecl std::_Generic_error_category::_Generic_error_category(void))
259 00000000 SECTE7 notype ()    External     | ?name@_Generic_error_category@std@@UEBAPEBDXZ (public: virtual char const * __cdecl std::_Generic_error_category::name(void)const )
25A 00000000 SECTDF notype ()    External     | ?message@_Generic_error_category@std@@UEBA?AV?$basic_string@DU?$char_traits@D@std@@V?$allocator@D@2@@2@H@Z (public: virtual class std::basic_string<char,struct std::char_traits<char>,class std::allocator<char> > __cdecl std::_Generic_error_category::message(int)const )
25B 00000000 SECT4A notype ()    External     | ??1_Generic_error_category@std@@UEAA@XZ (public: virtual __cdecl std::_Generic_error_category::~_Generic_error_category(void))
25C 00000000 SECT5A notype ()    External     | ??_G_Generic_error_category@std@@UEAAPEAXI@Z (public: virtual void * __cdecl std::_Generic_error_category::`scalar deleting destructor'(unsigned int))
25D 00000000 UNDEF  notype ()    WeakExternal | ??_E_Generic_error_category@std@@UEAAPEAXI@Z (public: virtual void * __cdecl std::_Generic_error_category::`vector deleting destructor'(unsigned int))
    Default index      25C library search
25F 00000000 SECT3A notype ()    External     | ??0_Iostream_error_category@std@@QEAA@XZ (public: __cdecl std::_Iostream_error_category::_Iostream_error_category(void))
260 00000000 SECTE9 notype ()    External     | ?name@_Iostream_error_category@std@@UEBAPEBDXZ (public: virtual char const * __cdecl std::_Iostream_error_category::name(void)const )
261 00000000 SECTE1 notype ()    External     | ?message@_Iostream_error_category@std@@UEBA?AV?$basic_string@DU?$char_traits@D@std@@V?$allocator@D@2@@2@H@Z (public: virtual class std::basic_string<char,struct std::char_traits<char>,class std::allocator<char> > __cdecl std::_Iostream_error_category::message(int)const )
262 00000000 SECT4C notype ()    External     | ??1_Iostream_error_category@std@@UEAA@XZ (public: virtual __cdecl std::_Iostream_error_category::~_Iostream_error_category(void))
263 00000000 SECT5C notype ()    External     | ??_G_Iostream_error_category@std@@UEAAPEAXI@Z (public: virtual void * __cdecl std::_Iostream_error_category::`scalar deleting destructor'(unsigned int))
264 00000000 UNDEF  notype ()    WeakExternal | ??_E_Iostream_error_category@std@@UEAAPEAXI@Z (public: virtual void * __cdecl std::_Iostream_error_category::`vector deleting destructor'(unsigned int))
    Default index      263 library search
266 00000000 SECT3C notype ()    External     | ??0_System_error_category@std@@QEAA@XZ (public: __cdecl std::_System_error_category::_System_error_category(void))
267 00000000 SECTEB notype ()    External     | ?name@_System_error_category@std@@UEBAPEBDXZ (public: virtual char const * __cdecl std::_System_error_category::name(void)const )
268 00000000 SECTE3 notype ()    External     | ?message@_System_error_category@std@@UEBA?AV?$basic_string@DU?$char_traits@D@std@@V?$allocator@D@2@@2@H@Z (public: virtual class std::basic_string<char,struct std::char_traits<char>,class std::allocator<char> > __cdecl std::_System_error_category::message(int)const )
269 00000000 SECTB7 notype ()    External     | ?default_error_condition@_System_error_category@std@@UEBA?AVerror_condition@2@H@Z (public: virtual class std::error_condition __cdecl std::_System_error_category::default_error_condition(int)const )
26A 00000000 SECT4E notype ()    External     | ??1_System_error_category@std@@UEAA@XZ (public: virtual __cdecl std::_System_error_category::~_System_error_category(void))
26B 00000000 SECT5E notype ()    External     | ??_G_System_error_category@std@@UEAAPEAXI@Z (public: virtual void * __cdecl std::_System_error_category::`scalar deleting destructor'(unsigned int))
26C 00000000 UNDEF  notype ()    WeakExternal | ??_E_System_error_category@std@@UEAAPEAXI@Z (public: virtual void * __cdecl std::_System_error_category::`vector deleting destructor'(unsigned int))
    Default index      26B library search
26E 00000000 UNDEF  notype ()    External     | ?header@Request@MilesFileChannel26@@QEBAAEBUHeader@MilesWire@@XZ (public: struct MilesWire::Header const & __cdecl MilesFileChannel26::Request::header(void)const )
26F 00000000 UNDEF  notype ()    External     | ?valid@Request@MilesFileChannel26@@QEBA_NXZ (public: bool __cdecl MilesFileChannel26::Request::valid(void)const )
270 00000000 SECTC1 notype ()    External     | ?encodeInstall@MilesFileProtocol48@@YA_NAEBUHeader@MilesWire@@_KPEAE1AEA_K@Z (bool __cdecl MilesFileProtocol48::encodeInstall(struct MilesWire::Header const &,unsigned __int64,unsigned char *,unsigned __int64,unsigned __int64 &))
271 00000000 SECTB1 notype ()    External     | ?decodeInstall@MilesFileProtocol48@@YA_NUBytes@MilesTransport@@AEBUHeader@MilesWire@@AEAUInstallRequest@1@@Z (bool __cdecl MilesFileProtocol48::decodeInstall(struct MilesTransport::Bytes,struct MilesWire::Header const &,struct MilesFileProtocol48::InstallRequest &))
272 00000000 SECTC3 notype ()    External     | ?encodeInstallReply@MilesFileProtocol48@@YA_NAEBUInstallRequest@1@W4InstallStatus@1@PEAE_KAEA_K@Z (bool __cdecl MilesFileProtocol48::encodeInstallReply(struct MilesFileProtocol48::InstallRequest const &,enum MilesFileProtocol48::InstallStatus,unsigned char *,unsigned __int64,unsigned __int64 &))
273 00000000 SECTB3 notype ()    External     | ?decodeInstallReply@MilesFileProtocol48@@YA_NUBytes@MilesTransport@@AEBUInstallRequest@1@AEAW4InstallStatus@1@@Z (bool __cdecl MilesFileProtocol48::decodeInstallReply(struct MilesTransport::Bytes,struct MilesFileProtocol48::InstallRequest const &,enum MilesFileProtocol48::InstallStatus &))
274 00000000 SECT32 notype ()    External     | ??0FileAckExpected@MilesFileProtocol48@@QEAA@XZ (public: __cdecl MilesFileProtocol48::FileAckExpected::FileAckExpected(void))
275 00000000 SECTCD notype ()    External     | ?expectFileAck@MilesFileProtocol48@@YA_NAEBVRequest@MilesFileChannel26@@_KAEAUFileAckExpected@1@@Z (bool __cdecl MilesFileProtocol48::expectFileAck(class MilesFileChannel26::Request const &,unsigned __int64,struct MilesFileProtocol48::FileAckExpected &))
276 00000000 SECTBF notype ()    External     | ?encodeFileConsumptionAck@MilesFileProtocol48@@YA_NAEBUFileAckExpected@1@PEAE_KAEA_K@Z (bool __cdecl MilesFileProtocol48::encodeFileConsumptionAck(struct MilesFileProtocol48::FileAckExpected const &,unsigned char *,unsigned __int64,unsigned __int64 &))
277 00000000 SECTF7 notype ()    External     | ?validateFileConsumptionAck@MilesFileProtocol48@@YA_NUBytes@MilesTransport@@AEBUFileAckExpected@1@@Z (bool __cdecl MilesFileProtocol48::validateFileConsumptionAck(struct MilesTransport::Bytes,struct MilesFileProtocol48::FileAckExpected const &))
278 00000000 SECTB5 notype ()    External     | ?decodeStreamAliasSuccess@MilesFileProtocol48@@YA_NUBytes@MilesTransport@@AEBUHeader@MilesWire@@AEBUHandle@5@AEAU65@@Z (bool __cdecl MilesFileProtocol48::decodeStreamAliasSuccess(struct MilesTransport::Bytes,struct MilesWire::Header const &,struct MilesWire::Handle const &,struct MilesWire::Handle &))
279 00000000 SECTED notype ()    External     | ?nullHandle@?A0xe942c10f@MilesFileProtocol48@@YA_NAEBUHandle@MilesWire@@@Z (bool __cdecl MilesFileProtocol48::`anonymous namespace'::nullHandle(struct MilesWire::Handle const &))
27A 00000000 SECTFD notype ()    External     | ?zeroValues@?A0xe942c10f@MilesFileProtocol48@@YA_NPEBII@Z (bool __cdecl MilesFileProtocol48::`anonymous namespace'::zeroValues(unsigned int const *,unsigned int))
27B 00000000 SECTEF notype ()    External     | ?sameOrigin@?A0xe942c10f@MilesFileProtocol48@@YA_NAEBUHeader@MilesWire@@0@Z (bool __cdecl MilesFileProtocol48::`anonymous namespace'::sameOrigin(struct MilesWire::Header const &,struct MilesWire::Header const &))
27C 00000000 SECTA9 notype ()    External     | ?currentOrigin@?A0xe942c10f@MilesFileProtocol48@@YA_NAEBUHeader@MilesWire@@@Z (bool __cdecl MilesFileProtocol48::`anonymous namespace'::currentOrigin(struct MilesWire::Header const &))
27D 00000000 SECTD3 notype ()    External     | ?installHeader@?A0xe942c10f@MilesFileProtocol48@@YA_NAEBUHeader@MilesWire@@@Z (bool __cdecl MilesFileProtocol48::`anonymous namespace'::installHeader(struct MilesWire::Header const &))
27E 00000000 SECTF3 notype ()    External     | ?status@?A0xe942c10f@MilesFileProtocol48@@YA_NI@Z (bool __cdecl MilesFileProtocol48::`anonymous namespace'::status(unsigned int))
27F 00000000 SECTCF notype ()    External     | ?fileExpected@?A0xe942c10f@MilesFileProtocol48@@YA_NAEBUFileAckExpected@2@@Z (bool __cdecl MilesFileProtocol48::`anonymous namespace'::fileExpected(struct MilesFileProtocol48::FileAckExpected const &))
280 00000000 SECTBB notype ()    External     | ?emptyCall@?A0xe942c10f@MilesFileProtocol48@@YA_NAEBUCall@MilesWire@@I@Z (bool __cdecl MilesFileProtocol48::`anonymous namespace'::emptyCall(struct MilesWire::Call const &,unsigned int))
281 00000000 SECTBD notype ()    External     | ?emptyResult@?A0xe942c10f@MilesFileProtocol48@@YA_NAEBUResult@MilesWire@@I@Z (bool __cdecl MilesFileProtocol48::`anonymous namespace'::emptyResult(struct MilesWire::Result const &,unsigned int))
282 00000000 SECTC  notype ()    External     | ??$construct@PEADAEAPEAD@?$_Wrap_alloc@V?$allocator@D@std@@@std@@QEAAXPEAPEADAEAPEAD@Z (public: void __cdecl std::_Wrap_alloc<class std::allocator<char> >::construct<char *,char * &>(char * *,char * &))
283 00000000 SECT16 notype ()    External     | ??$destroy@PEAD@?$_Wrap_alloc@V?$allocator@D@std@@@std@@QEAAXPEAPEAD@Z (public: void __cdecl std::_Wrap_alloc<class std::allocator<char> >::destroy<char *>(char * *))
284 00000000 SECTA  notype ()    External     | ??$addressof@D@std@@YAPEADAEAD@Z (char * __cdecl std::addressof<char>(char &))
285 00000000 SECT2B notype ()    External     | ??0?$allocator@U_Container_proxy@std@@@std@@QEAA@XZ (public: __cdecl std::allocator<struct std::_Container_proxy>::allocator<struct std::_Container_proxy>(void))
286 00000000 SECTAF notype ()    External     | ?deallocate@?$allocator@U_Container_proxy@std@@@std@@QEAAXPEAU_Container_proxy@2@_K@Z (public: void __cdecl std::allocator<struct std::_Container_proxy>::deallocate(struct std::_Container_proxy *,unsigned __int64))
287 00000000 SECT99 notype ()    External     | ?allocate@?$allocator@U_Container_proxy@std@@@std@@QEAAPEAU_Container_proxy@2@_K@Z (public: struct std::_Container_proxy * __cdecl std::allocator<struct std::_Container_proxy>::allocate(unsigned __int64))
288 00000000 SECT13 notype ()    External     | ??$construct@U_Container_proxy@std@@U12@@?$allocator@U_Container_proxy@std@@@std@@QEAAXPEAU_Container_proxy@1@$$QEAU21@@Z (public: void __cdecl std::allocator<struct std::_Container_proxy>::construct<struct std::_Container_proxy,struct std::_Container_proxy>(struct std::_Container_proxy *,struct std::_Container_proxy &&))
289 00000000 SECT1C notype ()    External     | ??$destroy@U_Container_proxy@std@@@?$allocator@U_Container_proxy@std@@@std@@QEAAXPEAU_Container_proxy@1@@Z (public: void __cdecl std::allocator<struct std::_Container_proxy>::destroy<struct std::_Container_proxy>(struct std::_Container_proxy *))
28A 00000000 SECT6  notype ()    External     | ??$_Allocate@U_Container_proxy@std@@@std@@YAPEAU_Container_proxy@0@_KPEAU10@@Z (struct std::_Container_proxy * __cdecl std::_Allocate<struct std::_Container_proxy>(unsigned __int64,struct std::_Container_proxy *))
28B 00000000 SECT4  notype ()    External     | ??$_Allocate@D@std@@YAPEAD_KPEAD@Z (char * __cdecl std::_Allocate<char>(unsigned __int64,char *))
28C 00000000 SECT62 notype ()    Static       | ??__E?_Generic_object@?$_Error_objects@H@std@@2V_Generic_error_category@2@A@@YAXXZ (void __cdecl `dynamic initializer for 'public: static class std::_Generic_error_category std::_Error_objects<int>::_Generic_object''(void))
28D 00000000 SECT74 notype ()    Static       | ??__F?_Generic_object@?$_Error_objects@H@std@@2V_Generic_error_category@2@A@@YAXXZ (void __cdecl `dynamic atexit destructor for 'public: static class std::_Generic_error_category std::_Error_objects<int>::_Generic_object''(void))
28E 00000000 SECT64 notype ()    Static       | ??__E?_Iostream_object@?$_Error_objects@H@std@@2V_Iostream_error_category@2@A@@YAXXZ (void __cdecl `dynamic initializer for 'public: static class std::_Iostream_error_category std::_Error_objects<int>::_Iostream_object''(void))
28F 00000000 SECT76 notype ()    Static       | ??__F?_Iostream_object@?$_Error_objects@H@std@@2V_Iostream_error_category@2@A@@YAXXZ (void __cdecl `dynamic atexit destructor for 'public: static class std::_Iostream_error_category std::_Error_objects<int>::_Iostream_object''(void))
290 00000000 SECT66 notype ()    Static       | ??__E?_System_object@?$_Error_objects@H@std@@2V_System_error_category@2@A@@YAXXZ (void __cdecl `dynamic initializer for 'public: static class std::_System_error_category std::_Error_objects<int>::_System_object''(void))
291 00000000 SECT78 notype ()    Static       | ??__F?_System_object@?$_Error_objects@H@std@@2V_System_error_category@2@A@@YAXXZ (void __cdecl `dynamic atexit destructor for 'public: static class std::_System_error_category std::_Error_objects<int>::_System_object''(void))
292 00000000 SECT1E notype ()    External     | ??$forward@AEAPEAD@std@@YAAEAPEADAEAPEAD@Z (char * & __cdecl std::forward<char * &>(char * &))
293 00000000 SECT11 notype ()    External     | ??$construct@PEADAEAPEAD@?$allocator_traits@V?$allocator@D@std@@@std@@SAXAEAV?$allocator@D@1@PEAPEADAEAPEAD@Z (public: static void __cdecl std::allocator_traits<class std::allocator<char> >::construct<char *,char * &>(class std::allocator<char> &,char * *,char * &))
294 00000000 SECT1A notype ()    External     | ??$destroy@PEAD@?$allocator_traits@V?$allocator@D@std@@@std@@SAXAEAV?$allocator@D@1@PEAPEAD@Z (public: static void __cdecl std::allocator_traits<class std::allocator<char> >::destroy<char *>(class std::allocator<char> &,char * *))
295 00000000 SECT20 notype ()    External     | ??$forward@U_Container_proxy@std@@@std@@YA$$QEAU_Container_proxy@0@AEAU10@@Z (struct std::_Container_proxy && __cdecl std::forward<struct std::_Container_proxy>(struct std::_Container_proxy &))
296 00000000 SECT68 notype ()    Static       | ??__E?id@?$num_put@DV?$back_insert_iterator@V?$basic_string@DU?$char_traits@D@std@@V?$allocator@D@2@@std@@@std@@@std@@2V0locale@2@A@@YAXXZ (void __cdecl `dynamic initializer for 'public: static class std::locale::id std::num_put<char,class std::back_insert_iterator<class std::basic_string<char,struct std::char_traits<char>,class std::allocator<char> > > >::id''(void))
297 00000000 SECT6A notype ()    Static       | ??__E?id@?$num_put@GV?$back_insert_iterator@V?$basic_string@GU?$char_traits@G@std@@V?$allocator@G@2@@std@@@std@@@std@@2V0locale@2@A@@YAXXZ (void __cdecl `dynamic initializer for 'public: static class std::locale::id std::num_put<unsigned short,class std::back_insert_iterator<class std::basic_string<unsigned short,struct std::char_traits<unsigned short>,class std::allocator<unsigned short> > > >::id''(void))
298 00000000 SECT6C notype ()    Static       | ??__E?id@?$numpunct@D@std@@2V0locale@2@A@@YAXXZ (void __cdecl `dynamic initializer for 'public: static class std::locale::id std::numpunct<char>::id''(void))
299 00000000 SECT6E notype ()    Static       | ??__E?id@?$numpunct@G@std@@2V0locale@2@A@@YAXXZ (void __cdecl `dynamic initializer for 'public: static class std::locale::id std::numpunct<unsigned short>::id''(void))
29A 00000000 SECTE  notype ()    External     | ??$construct@PEADAEAPEAD@?$allocator@D@std@@QEAAXPEAPEADAEAPEAD@Z (public: void __cdecl std::allocator<char>::construct<char *,char * &>(char * *,char * &))
29B 00000000 SECT18 notype ()    External     | ??$destroy@PEAD@?$allocator@D@std@@QEAAXPEAPEAD@Z (public: void __cdecl std::allocator<char>::destroy<char *>(char * *))
29C 00000062 SECT7E notype ()    Static       | ?catch$0@?0??_Copy@?$basic_string@DU?$char_traits@D@std@@V?$allocator@D@2@@std@@QEAAX_K0@Z@4HA (int `public: void __cdecl std::basic_string<char,struct std::char_traits<char>,class std::allocator<char> >::_Copy(unsigned __int64,unsigned __int64)'::`1'::catch$0)
29D 00000000 SECT7E notype ()    Static       | ?catch$1@?0??_Copy@?$basic_string@DU?$char_traits@D@std@@V?$allocator@D@2@@std@@QEAAX_K0@Z@4HA (int `public: void __cdecl std::basic_string<char,struct std::char_traits<char>,class std::allocator<char> >::_Copy(unsigned __int64,unsigned __int64)'::`1'::catch$1)
29E 00000000 SECT10 notype ()    Static       | ?dtor$0@?0???$construct@PEADAEAPEAD@?$allocator@D@std@@QEAAXPEAPEADAEAPEAD@Z@4HA (int `public: void __cdecl std::allocator<char>::construct<char *,char * &>(char * *,char * &)'::`1'::dtor$0)
29F 00000000 SECT15 notype ()    Static       | ?dtor$0@?0???$construct@U_Container_proxy@std@@U12@@?$allocator@U_Container_proxy@std@@@std@@QEAAXPEAU_Container_proxy@1@$$QEAU21@@Z@4HA (int `public: void __cdecl std::allocator<struct std::_Container_proxy>::construct<struct std::_Container_proxy,struct std::_Container_proxy>(struct allocator<struct std::_Container_proxy>::_Container_proxy *,struct allocator<struct std::_Container_proxy>::std &&)'::`1'::dtor$0)
2A0 00000000 SECT24 notype ()    Static       | ?dtor$0@?0???0?$_String_alloc@$0A@U?$_String_base_types@DV?$allocator@D@std@@@std@@@std@@QEAA@AEBV?$allocator@D@1@@Z@4HA (int `public: __cdecl std::_String_alloc<0,struct std::_String_base_types<char,class std::allocator<char> > >::_String_alloc<0,struct std::_String_base_types<char,class std::allocator<char> > >(class _String_alloc<0,struct std::_String_base_types<char,class std::allocator<char> > >::allocator<char> const &)'::`1'::dtor$0)
2A1 00000000 SECT2F notype ()    Static       | ?dtor$0@?0???0?$basic_string@DU?$char_traits@D@std@@V?$allocator@D@2@@std@@QEAA@PEBD@Z@4HA (int `public: __cdecl std::basic_string<char,struct std::char_traits<char>,class std::allocator<char> >::basic_string<char,struct std::char_traits<char>,class std::allocator<char> >(char const *)'::`1'::dtor$0)
2A2 00000000 UNDEF  notype ()    External     | _CxxThrowException
2A3 00000000 UNDEF  notype ()    External     | _RTC_CheckStackVars
2A4 00000000 UNDEF  notype ()    External     | _RTC_InitBase
2A5 00000000 UNDEF  notype ()    External     | _RTC_Shutdown
2A6 00000000 UNDEF  notype ()    External     | __CxxFrameHandler3
2A7 00000000 UNDEF  notype ()    External     | __GSHandlerCheck
2A8 00000000 UNDEF  notype ()    External     | __security_check_cookie
2A9 00000000 SECTFF notype       Label        | $LN3
2AA 00000000 SECT52 notype       Label        | $LN3
2AB 00000000 SECT54 notype       Label        | $LN3
2AC 00000000 SECTD5 notype       Label        | $LN5
2AD 00000000 SECTA7 notype       Label        | $LN5
2AE 00000000 SECTE5 notype       Label        | $LN5
2AF 00000000 SECTA1 notype       Label        | $LN3
2B0 00000000 SECT36 notype       Label        | $LN3
2B1 00000000 SECT34 notype       Label        | $LN3
2B2 00000000 SECT48 notype       Label        | $LN3
2B3 00000000 SECT8D notype       Label        | $LN8
2B4 00000000 SECT29 notype       Label        | $LN3
2B5 00000000 SECTAD notype       Label        | $LN3
2B6 00000000 SECT97 notype       Label        | $LN3
2B7 00000000 SECTD9 notype       Label        | $LN3
2B8 00000000 SECTDB notype       Label        | $LN3
2B9 00000000 SECT27 notype       Label        | $LN3
2BA 00000000 SECT95 notype       Label        | $LN3
2BB 00000000 SECTAB notype       Label        | $LN3
2BC 00000000 SECTD7 notype       Label        | $LN3
2BD 00000000 SECT25 notype       Label        | $LN4
2BE 00000000 SECT89 notype       Label        | $LN5
2BF 00000000 SECT8B notype       Label        | $LN5
2C0 00000000 SECT46 notype       Label        | $LN3
2C1 00000000 SECT22 notype       Label        | $LN4
2C2 00000000 SECT44 notype       Label        | $LN3
2C3 00000000 SECT7A notype       Label        | $LN3
2C4 00000000 SECT81 notype       Label        | $LN3
2C5 00000000 SECT83 notype       Label        | $LN3
2C6 00000000 SECT2D notype       Label        | $LN4
2C7 00000000 SECT9B notype       Label        | $LN8
2C8 00000000 SECT9F notype       Label        | $LN6
2C9 00000000 SECT9D notype       Label        | $LN3
2CA 00000000 SECTCB notype       Label        | $LN4
2CB 00000000 SECTC9 notype       Label        | $LN7
2CC 00000000 SECTF1 notype       Label        | $LN3
2CD 00000000 SECTDD notype       Label        | $LN5
2CE 0000015A SECT7C notype       Label        | $LN19
2CF 00000215 SECT7C notype       Label        | $LN20
2D0 00000013 SECT7E notype ()    Static       | __catch$?_Copy@?$basic_string@DU?$char_traits@D@std@@V?$allocator@D@2@@std@@QEAAX_K0@Z$0
2D1 00000053 SECT7E notype       Label        | $LN17
2D2 00000075 SECT7E notype ()    Static       | __catch$?_Copy@?$basic_string@DU?$char_traits@D@std@@V?$allocator@D@2@@std@@QEAAX_K0@Z$1
2D3 00000000 SECT7C notype       Label        | $LN23
2D4 00000000 SECT7F notype       Label        | $LN3
2D5 00000000 SECT85 notype       Label        | $LN13
2D6 00000000 SECT87 notype       Label        | $LN6
2D7 00000000 SECT8F notype       Label        | $LN7
2D8 00000000 SECT91 notype       Label        | $LN3
2D9 00000000 SECT93 notype       Label        | $LN3
2DA 00000000 SECT30 notype       Label        | $LN3
2DB 00000000 SECT42 notype       Label        | $LN3
2DC 00000000 SECT8  notype       Label        | $LN4
2DD 00000000 SECTD1 notype       Label        | $LN3
2DE 00000000 SECTF5 notype       Label        | $LN3
2DF 00000000 SECT3E notype       Label        | $LN3
2E0 00000000 SECT50 notype       Label        | $LN3
2E1 00000000 SECTB9 notype       Label        | $LN3
2E2 00000000 SECTC7 notype       Label        | $LN3
2E3 00000000 SECTC5 notype       Label        | $LN5
2E4 00000000 SECT56 notype       Label        | $LN5
2E5 00000000 SECT60 notype       Label        | $LN4
2E6 00000000 SECTF9 notype       Label        | $LN3
2E7 00000000 SECTA3 notype       Label        | $LN3
2E8 00000000 SECT40 notype       Label        | $LN3
2E9 00000000 SECTFB notype       Label        | $LN3
2EA 00000000 SECTA5 notype       Label        | $LN3
2EB 00000000 SECT58 notype       Label        | $LN5
2EC 00000000 SECT38 notype       Label        | $LN4
2ED 00000000 SECTE7 notype       Label        | $LN3
2EE 00000000 SECTDF notype       Label        | $LN7
2EF 00000000 SECT4A notype       Label        | $LN3
2F0 00000000 SECT5A notype       Label        | $LN4
2F1 00000000 SECT3A notype       Label        | $LN4
2F2 00000000 SECTE9 notype       Label        | $LN3
2F3 00000000 SECTE1 notype       Label        | $LN7
2F4 00000000 SECT4C notype       Label        | $LN3
2F5 00000000 SECT5C notype       Label        | $LN4
2F6 00000000 SECT3C notype       Label        | $LN4
2F7 00000000 SECTEB notype       Label        | $LN3
2F8 00000000 SECTE3 notype       Label        | $LN7
2F9 00000000 SECTB7 notype       Label        | $LN5
2FA 00000000 SECT4E notype       Label        | $LN3
2FB 00000000 SECT5E notype       Label        | $LN4
2FC 00000000 SECTC1 notype       Label        | $LN5
2FD 00000000 SECTB1 notype       Label        | $LN5
2FE 00000000 SECTC3 notype       Label        | $LN7
2FF 00000000 SECTB3 notype       Label        | $LN7
300 00000000 SECT32 notype       Label        | $LN3
301 00000000 SECTCD notype       Label        | $LN5
302 00000000 SECTBF notype       Label        | $LN4
303 00000000 SECTF7 notype       Label        | $LN5
304 00000000 SECTB5 notype       Label        | $LN5
305 00000000 SECTED notype       Label        | $LN5
306 00000000 SECTFD notype       Label        | $LN7
307 00000000 SECTEF notype       Label        | $LN5
308 00000000 SECTA9 notype       Label        | $LN5
309 00000000 SECTD3 notype       Label        | $LN5
30A 00000000 SECTF3 notype       Label        | $LN5
30B 00000000 SECTCF notype       Label        | $LN5
30C 00000000 SECTBB notype       Label        | $LN5
30D 00000000 SECTBD notype       Label        | $LN5
30E 00000000 SECTC  notype       Label        | $LN3
30F 00000000 SECT16 notype       Label        | $LN3
310 00000000 SECTA  notype       Label        | $LN3
311 00000000 SECT2B notype       Label        | $LN3
312 00000000 SECTAF notype       Label        | $LN3
313 00000000 SECT99 notype       Label        | $LN3
314 00000000 SECT13 notype       Label        | $LN6
315 00000000 SECT1C notype       Label        | $LN3
316 00000000 SECT6  notype       Label        | $LN7
317 00000000 SECT4  notype       Label        | $LN7
318 00000000 SECT1E notype       Label        | $LN3
319 00000000 SECT11 notype       Label        | $LN3
31A 00000000 SECT1A notype       Label        | $LN3
31B 00000000 SECT20 notype       Label        | $LN3
31C 00000000 SECTE  notype       Label        | $LN6
31D 00000000 SECT18 notype       Label        | $LN3
31E 00000000 SECT101 notype       Static      | .xdata
    Section length    8, #relocs    0, #linenums    0, checksum 2CE95D5C, selection    5 (pick associative Section 0xFF)
320 00000000 SECT101 notype       Static      | $unwind$hypot
321 00000000 SECT102 notype       Static      | .pdata
    Section length    C, #relocs    3, #linenums    0, checksum 8F085A64, selection    5 (pick associative Section 0xFF)
323 00000000 SECT102 notype       Static      | $pdata$hypot
324 00000000 SECT103 notype       Static      | .xdata
    Section length    8, #relocs    0, #linenums    0, checksum 86016890, selection    5 (pick associative Section 0x52)
326 00000000 SECT103 notype       Static      | $unwind$??2@YAPEAX_KPEAX@Z
327 00000000 SECT104 notype       Static      | .pdata
    Section length    C, #relocs    3, #linenums    0, checksum 3E9E3656, selection    5 (pick associative Section 0x52)
329 00000000 SECT104 notype       Static      | $pdata$??2@YAPEAX_KPEAX@Z
32A 00000000 SECT105 notype       Static      | .xdata
    Section length    8, #relocs    0, #linenums    0, checksum 86016890, selection    5 (pick associative Section 0x54)
32C 00000000 SECT105 notype       Static      | $unwind$??3@YAXPEAX0@Z
32D 00000000 SECT106 notype       Static      | .pdata
    Section length    C, #relocs    3, #linenums    0, checksum 9B0515D1, selection    5 (pick associative Section 0x54)
32F 00000000 SECT106 notype       Static      | $pdata$??3@YAXPEAX0@Z
330 00000000 SECT107 notype       Static      | .xdata
    Section length    8, #relocs    0, #linenums    0, checksum B0598A06, selection    5 (pick associative Section 0xD5)
332 00000000 SECT107 notype       Static      | $unwind$?length@?$char_traits@D@std@@SA_KPEBD@Z
333 00000000 SECT108 notype       Static      | .pdata
    Section length    C, #relocs    3, #linenums    0, checksum F0BDD041, selection    5 (pick associative Section 0xD5)
335 00000000 SECT108 notype       Static      | $pdata$?length@?$char_traits@D@std@@SA_KPEBD@Z
336 00000000 SECT109 notype       Static      | .xdata
    Section length    8, #relocs    0, #linenums    0, checksum D7B48F15, selection    5 (pick associative Section 0xA7)
338 00000000 SECT109 notype       Static      | $unwind$?copy@?$char_traits@D@std@@SAPEADPEADPEBD_K@Z
339 00000000 SECT10A notype       Static      | .pdata
    Section length    C, #relocs    3, #linenums    0, checksum D0EBA0BB, selection    5 (pick associative Section 0xA7)
33B 00000000 SECT10A notype       Static      | $pdata$?copy@?$char_traits@D@std@@SAPEADPEADPEBD_K@Z
33C 00000000 SECT10B notype       Static      | .xdata
    Section length    8, #relocs    0, #linenums    0, checksum D7B48F15, selection    5 (pick associative Section 0xE5)
33E 00000000 SECT10B notype       Static      | $unwind$?move@?$char_traits@D@std@@SAPEADPEADPEBD_K@Z
33F 00000000 SECT10C notype       Static      | .pdata
    Section length    C, #relocs    3, #linenums    0, checksum D0EBA0BB, selection    5 (pick associative Section 0xE5)
341 00000000 SECT10C notype       Static      | $pdata$?move@?$char_traits@D@std@@SAPEADPEADPEBD_K@Z
342 00000000 SECT10D notype       Static      | .xdata
    Section length    8, #relocs    0, #linenums    0, checksum 86016890, selection    5 (pick associative Section 0xA1)
344 00000000 SECT10D notype       Static      | $unwind$?assign@?$char_traits@D@std@@SAXAEADAEBD@Z
345 00000000 SECT10E notype       Static      | .pdata
    Section length    C, #relocs    3, #linenums    0, checksum 2B142464, selection    5 (pick associative Section 0xA1)
347 00000000 SECT10E notype       Static      | $pdata$?assign@?$char_traits@D@std@@SAXAEADAEBD@Z
348 00000000 SECT10F notype       Static      | .xdata
    Section length    8, #relocs    0, #linenums    0, checksum EC7E2980, selection    5 (pick associative Section 0x72)
34A 00000000 SECT10F notype       Static      | $unwind$??__Epiecewise_construct@std@@YAXXZ
34B 00000000 SECT110 notype       Static      | .pdata
    Section length    C, #relocs    3, #linenums    0, checksum A41C7E00, selection    5 (pick associative Section 0x72)
34D 00000000 SECT110 notype       Static      | $pdata$??__Epiecewise_construct@std@@YAXXZ
34E 00000000 SECT111 notype       Static      | .xdata
    Section length    8, #relocs    0, #linenums    0, checksum 15BCD18D, selection    5 (pick associative Section 0x36)
350 00000000 SECT111 notype       Static      | $unwind$??0_Container_proxy@std@@QEAA@XZ
351 00000000 SECT112 notype       Static      | .pdata
    Section length    C, #relocs    3, #linenums    0, checksum 3F196BD1, selection    5 (pick associative Section 0x36)
353 00000000 SECT112 notype       Static      | $pdata$??0_Container_proxy@std@@QEAA@XZ
354 00000000 SECT113 notype       Static      | .xdata
    Section length    8, #relocs    0, #linenums    0, checksum 15BCD18D, selection    5 (pick associative Section 0x34)
356 00000000 SECT113 notype       Static      | $unwind$??0_Container_base12@std@@QEAA@XZ
357 00000000 SECT114 notype       Static      | .pdata
    Section length    C, #relocs    3, #linenums    0, checksum 63F42A00, selection    5 (pick associative Section 0x34)
359 00000000 SECT114 notype       Static      | $pdata$??0_Container_base12@std@@QEAA@XZ
35A 00000000 SECT115 notype       Static      | .xdata
    Section length    8, #relocs    0, #linenums    0, checksum F88E4126, selection    5 (pick associative Section 0x48)
35C 00000000 SECT115 notype       Static      | $unwind$??1_Container_base12@std@@QEAA@XZ
35D 00000000 SECT116 notype       Static      | .pdata
    Section length    C, #relocs    3, #linenums    0, checksum ECFC7064, selection    5 (pick associative Section 0x48)
35F 00000000 SECT116 notype       Static      | $pdata$??1_Container_base12@std@@QEAA@XZ
360 00000000 SECT117 notype       Static      | .rdata
    Section length   60, #relocs    2, #linenums    0, checksum A826F0EF, selection    5 (pick associative Section 0x8D)
362 00000000 SECT117 notype       Static      | ?_Orphan_all@_Container_base12@std@@QEAAXXZ$rtcName$0 (?_Orphan_all@_Container_base12@std@@QEAAXXZ$rtcName$0)
363 00000010 SECT117 notype       Static      | ?_Orphan_all@_Container_base12@std@@QEAAXXZ$rtcVarDesc (?_Orphan_all@_Container_base12@std@@QEAAXXZ$rtcVarDesc)
364 00000050 SECT117 notype       Static      | ?_Orphan_all@_Container_base12@std@@QEAAXXZ$rtcFrameData (?_Orphan_all@_Container_base12@std@@QEAAXXZ$rtcFrameData)
365 00000000 SECT118 notype       Static      | .xdata
    Section length    8, #relocs    0, #linenums    0, checksum 8814CCE6, selection    5 (pick associative Section 0x8D)
367 00000000 SECT118 notype       Static      | $unwind$?_Orphan_all@_Container_base12@std@@QEAAXXZ
368 00000000 SECT119 notype       Static      | .pdata
    Section length    C, #relocs    3, #linenums    0, checksum 3B8DFB44, selection    5 (pick associative Section 0x8D)
36A 00000000 SECT119 notype       Static      | $pdata$?_Orphan_all@_Container_base12@std@@QEAAXXZ
36B 00000000 SECT11A notype       Static      | .xdata
    Section length    8, #relocs    0, #linenums    0, checksum EC7E2980, selection    5 (pick associative Section 0x70)
36D 00000000 SECT11A notype       Static      | $unwind$??__Eallocator_arg@std@@YAXXZ
36E 00000000 SECT11B notype       Static      | .pdata
    Section length    C, #relocs    3, #linenums    0, checksum A41C7E00, selection    5 (pick associative Section 0x70)
370 00000000 SECT11B notype       Static      | $pdata$??__Eallocator_arg@std@@YAXXZ
371 00000000 SECT11C notype       Static      | .xdata
    Section length    8, #relocs    0, #linenums    0, checksum 15BCD18D, selection    5 (pick associative Section 0x29)
373 00000000 SECT11C notype       Static      | $unwind$??0?$allocator@D@std@@QEAA@XZ
374 00000000 SECT11D notype       Static      | .pdata
    Section length    C, #relocs    3, #linenums    0, checksum 9B0515D1, selection    5 (pick associative Section 0x29)
376 00000000 SECT11D notype       Static      | $pdata$??0?$allocator@D@std@@QEAA@XZ
377 00000000 SECT11E notype       Static      | .xdata
    Section length    8, #relocs    0, #linenums    0, checksum 9F634435, selection    5 (pick associative Section 0xAD)
379 00000000 SECT11E notype       Static      | $unwind$?deallocate@?$allocator@D@std@@QEAAXPEAD_K@Z
37A 00000000 SECT11F notype       Static      | .pdata
    Section length    C, #relocs    3, #linenums    0, checksum 562848C8, selection    5 (pick associative Section 0xAD)
37C 00000000 SECT11F notype       Static      | $pdata$?deallocate@?$allocator@D@std@@QEAAXPEAD_K@Z
37D 00000000 SECT120 notype       Static      | .xdata
    Section length    8, #relocs    0, #linenums    0, checksum B34A0BCB, selection    5 (pick associative Section 0x97)
37F 00000000 SECT120 notype       Static      | $unwind$?allocate@?$allocator@D@std@@QEAAPEAD_K@Z
380 00000000 SECT121 notype       Static      | .pdata
    Section length    C, #relocs    3, #linenums    0, checksum CD2D5D19, selection    5 (pick associative Section 0x97)
382 00000000 SECT121 notype       Static      | $pdata$?allocate@?$allocator@D@std@@QEAAPEAD_K@Z
383 00000000 SECT122 notype       Static      | .xdata
    Section length    8, #relocs    0, #linenums    0, checksum 15BCD18D, selection    5 (pick associative Section 0xD9)
385 00000000 SECT122 notype       Static      | $unwind$?max_size@?$allocator@D@std@@QEBA_KXZ
386 00000000 SECT123 notype       Static      | .pdata
    Section length    C, #relocs    3, #linenums    0, checksum D92012AC, selection    5 (pick associative Section 0xD9)
388 00000000 SECT123 notype       Static      | $pdata$?max_size@?$allocator@D@std@@QEBA_KXZ
389 00000000 SECT124 notype       Static      | .xdata
    Section length    8, #relocs    0, #linenums    0, checksum F88E4126, selection    5 (pick associative Section 0xDB)
38B 00000000 SECT124 notype       Static      | $unwind$?max_size@?$allocator_traits@V?$allocator@D@std@@@std@@SA_KAEBV?$allocator@D@2@@Z
38C 00000000 SECT125 notype       Static      | .pdata
    Section length    C, #relocs    3, #linenums    0, checksum ECFC7064, selection    5 (pick associative Section 0xDB)
38E 00000000 SECT125 notype       Static      | $pdata$?max_size@?$allocator_traits@V?$allocator@D@std@@@std@@SA_KAEBV?$allocator@D@2@@Z
38F 00000000 SECT126 notype       Static      | .xdata
    Section length    8, #relocs    0, #linenums    0, checksum F88E4126, selection    5 (pick associative Section 0x27)
391 00000000 SECT126 notype       Static      | $unwind$??0?$_Wrap_alloc@V?$allocator@D@std@@@std@@QEAA@XZ
392 00000000 SECT127 notype       Static      | .pdata
    Section length    C, #relocs    3, #linenums    0, checksum  B42549E, selection    5 (pick associative Section 0x27)
394 00000000 SECT127 notype       Static      | $pdata$??0?$_Wrap_alloc@V?$allocator@D@std@@@std@@QEAA@XZ
395 00000000 SECT128 notype       Static      | .xdata
    Section length    8, #relocs    0, #linenums    0, checksum B34A0BCB, selection    5 (pick associative Section 0x95)
397 00000000 SECT128 notype       Static      | $unwind$?allocate@?$_Wrap_alloc@V?$allocator@D@std@@@std@@QEAAPEAD_K@Z
398 00000000 SECT129 notype       Static      | .pdata
    Section length    C, #relocs    3, #linenums    0, checksum 562848C8, selection    5 (pick associative Section 0x95)
39A 00000000 SECT129 notype       Static      | $pdata$?allocate@?$_Wrap_alloc@V?$allocator@D@std@@@std@@QEAAPEAD_K@Z
39B 00000000 SECT12A notype       Static      | .xdata
    Section length    8, #relocs    0, #linenums    0, checksum 9F634435, selection    5 (pick associative Section 0xAB)
39D 00000000 SECT12A notype       Static      | $unwind$?deallocate@?$_Wrap_alloc@V?$allocator@D@std@@@std@@QEAAXPEAD_K@Z
39E 00000000 SECT12B notype       Static      | .pdata
    Section length    C, #relocs    3, #linenums    0, checksum 6BB8C590, selection    5 (pick associative Section 0xAB)
3A0 00000000 SECT12B notype       Static      | $pdata$?deallocate@?$_Wrap_alloc@V?$allocator@D@std@@@std@@QEAAXPEAD_K@Z
3A1 00000000 SECT12C notype       Static      | .xdata
    Section length    8, #relocs    0, #linenums    0, checksum F88E4126, selection    5 (pick associative Section 0xD7)
3A3 00000000 SECT12C notype       Static      | $unwind$?max_size@?$_Wrap_alloc@V?$allocator@D@std@@@std@@QEBA_KXZ
3A4 00000000 SECT12D notype       Static      | .pdata
    Section length    C, #relocs    3, #linenums    0, checksum ECFC7064, selection    5 (pick associative Section 0xD7)
3A6 00000000 SECT12D notype       Static      | $pdata$?max_size@?$_Wrap_alloc@V?$allocator@D@std@@@std@@QEBA_KXZ
3A7 00000000 SECT12E notype       Static      | .xdata
    Section length    8, #relocs    0, #linenums    0, checksum F88E4126, selection    5 (pick associative Section 0x25)
3A9 00000000 SECT12E notype       Static      | $unwind$??0?$_String_val@U?$_Simple_types@D@std@@@std@@QEAA@XZ
3AA 00000000 SECT12F notype       Static      | .pdata
    Section length    C, #relocs    3, #linenums    0, checksum B298D73C, selection    5 (pick associative Section 0x25)
3AC 00000000 SECT12F notype       Static      | $pdata$??0?$_String_val@U?$_Simple_types@D@std@@@std@@QEAA@XZ
3AD 00000000 SECT130 notype       Static      | .xdata
    Section length    8, #relocs    0, #linenums    0, checksum B0598A06, selection    5 (pick associative Section 0x89)
3AF 00000000 SECT130 notype       Static      | $unwind$?_Myptr@?$_String_val@U?$_Simple_types@D@std@@@std@@QEAAPEADXZ
3B0 00000000 SECT131 notype       Static      | .pdata
    Section length    C, #relocs    3, #linenums    0, checksum 86C3E873, selection    5 (pick associative Section 0x89)
3B2 00000000 SECT131 notype       Static      | $pdata$?_Myptr@?$_String_val@U?$_Simple_types@D@std@@@std@@QEAAPEADXZ
3B3 00000000 SECT132 notype       Static      | .xdata
    Section length    8, #relocs    0, #linenums    0, checksum B0598A06, selection    5 (pick associative Section 0x8B)
3B5 00000000 SECT132 notype       Static      | $unwind$?_Myptr@?$_String_val@U?$_Simple_types@D@std@@@std@@QEBAPEBDXZ
3B6 00000000 SECT133 notype       Static      | .pdata
    Section length    C, #relocs    3, #linenums    0, checksum 86C3E873, selection    5 (pick associative Section 0x8B)
3B8 00000000 SECT133 notype       Static      | $pdata$?_Myptr@?$_String_val@U?$_Simple_types@D@std@@@std@@QEBAPEBDXZ
3B9 00000000 SECT134 notype       Static      | .xdata
    Section length    8, #relocs    0, #linenums    0, checksum F88E4126, selection    5 (pick associative Section 0x46)
3BB 00000000 SECT134 notype       Static      | $unwind$??1?$_String_val@U?$_Simple_types@D@std@@@std@@QEAA@XZ
3BC 00000000 SECT135 notype       Static      | .pdata
    Section length    C, #relocs    3, #linenums    0, checksum ECFC7064, selection    5 (pick associative Section 0x46)
3BE 00000000 SECT135 notype       Static      | $pdata$??1?$_String_val@U?$_Simple_types@D@std@@@std@@QEAA@XZ
3BF 00000000 SECT136 notype       Static      | .xdata
    Section length   10, #relocs    2, #linenums    0, checksum 3E143F6E, selection    5 (pick associative Section 0x22)
3C1 00000000 SECT136 notype       Static      | $unwind$??0?$_String_alloc@$0A@U?$_String_base_types@DV?$allocator@D@std@@@std@@@std@@QEAA@AEBV?$allocator@D@1@@Z
3C2 00000000 SECT137 notype       Static      | .pdata
    Section length    C, #relocs    3, #linenums    0, checksum B298D73C, selection    5 (pick associative Section 0x22)
3C4 00000000 SECT137 notype       Static      | $pdata$??0?$_String_alloc@$0A@U?$_String_base_types@DV?$allocator@D@std@@@std@@@std@@QEAA@AEBV?$allocator@D@1@@Z
3C5 00000000 SECT138 notype       Static      | .rdata
    Section length   28, #relocs    2, #linenums    0, checksum E93FB885, selection    5 (pick associative Section 0x22)
3C7 00000000 SECT138 notype       Static      | $cppxdata$??0?$_String_alloc@$0A@U?$_String_base_types@DV?$allocator@D@std@@@std@@@std@@QEAA@AEBV?$allocator@D@1@@Z
3C8 00000000 SECT139 notype       Static      | .xdata
    Section length    8, #relocs    1, #linenums    0, checksum 9ADD2096, selection    5 (pick associative Section 0x22)
3CA 00000000 SECT139 notype       Static      | $stateUnwindMap$??0?$_String_alloc@$0A@U?$_String_base_types@DV?$allocator@D@std@@@std@@@std@@QEAA@AEBV?$allocator@D@1@@Z
3CB 00000000 SECT13A notype       Static      | .xdata
    Section length   18, #relocs    3, #linenums    0, checksum 49C83C97, selection    5 (pick associative Section 0x22)
3CD 00000000 SECT13A notype       Static      | $ip2state$??0?$_String_alloc@$0A@U?$_String_base_types@DV?$allocator@D@std@@@std@@@std@@QEAA@AEBV?$allocator@D@1@@Z
3CE 00000000 SECT13B notype       Static      | .xdata
    Section length    C, #relocs    0, #linenums    0, checksum 44E6EFD9, selection    5 (pick associative Section 0x22)
3D0 00000000 SECT13B notype       Static      | $unwind$?dtor$0@?0???0?$_String_alloc@$0A@U?$_String_base_types@DV?$allocator@D@std@@@std@@@std@@QEAA@AEBV?$allocator@D@1@@Z@4HA
3D1 00000000 SECT13C notype       Static      | .pdata
    Section length    C, #relocs    3, #linenums    0, checksum 77F965B5, selection    5 (pick associative Section 0x22)
3D3 00000000 SECT13C notype       Static      | $pdata$?dtor$0@?0???0?$_String_alloc@$0A@U?$_String_base_types@DV?$allocator@D@std@@@std@@@std@@QEAA@AEBV?$allocator@D@1@@Z@4HA
3D4 00000000 SECT13D notype       Static      | .xdata
    Section length    8, #relocs    0, #linenums    0, checksum F88E4126, selection    5 (pick associative Section 0x44)
3D6 00000000 SECT13D notype       Static      | $unwind$??1?$_String_alloc@$0A@U?$_String_base_types@DV?$allocator@D@std@@@std@@@std@@QEAA@XZ
3D7 00000000 SECT13E notype       Static      | .pdata
    Section length    C, #relocs    3, #linenums    0, checksum 562848C8, selection    5 (pick associative Section 0x44)
3D9 00000000 SECT13E notype       Static      | $pdata$??1?$_String_alloc@$0A@U?$_String_base_types@DV?$allocator@D@std@@@std@@@std@@QEAA@XZ
3DA 00000000 SECT13F notype       Static      | .rdata
    Section length   60, #relocs    2, #linenums    0, checksum 83F1C6C2, selection    5 (pick associative Section 0x7A)
3DC 00000000 SECT13F notype       Static      | ?_Alloc_proxy@?$_String_alloc@$0A@U?$_String_base_types@DV?$allocator@D@std@@@std@@@std@@QEAAXXZ$rtcName$0 (?_Alloc_proxy@?$_String_alloc@$0A@U?$_String_base_types@DV?$allocator@D@std@@@std@@@std@@QEAAXXZ$rtcName$0)
3DD 00000010 SECT13F notype       Static      | ?_Alloc_proxy@?$_String_alloc@$0A@U?$_String_base_types@DV?$allocator@D@std@@@std@@@std@@QEAAXXZ$rtcVarDesc (?_Alloc_proxy@?$_String_alloc@$0A@U?$_String_base_types@DV?$allocator@D@std@@@std@@@std@@QEAAXXZ$rtcVarDesc)
3DE 00000050 SECT13F notype       Static      | ?_Alloc_proxy@?$_String_alloc@$0A@U?$_String_base_types@DV?$allocator@D@std@@@std@@@std@@QEAAXXZ$rtcFrameData (?_Alloc_proxy@?$_String_alloc@$0A@U?$_String_base_types@DV?$allocator@D@std@@@std@@@std@@QEAAXXZ$rtcFrameData)
3DF 00000000 SECT140 notype       Static      | .xdata
    Section length    8, #relocs    0, #linenums    0, checksum 21F61C46, selection    5 (pick associative Section 0x7A)
3E1 00000000 SECT140 notype       Static      | $unwind$?_Alloc_proxy@?$_String_alloc@$0A@U?$_String_base_types@DV?$allocator@D@std@@@std@@@std@@QEAAXXZ
3E2 00000000 SECT141 notype       Static      | .pdata
    Section length    C, #relocs    3, #linenums    0, checksum DDB48239, selection    5 (pick associative Section 0x7A)
3E4 00000000 SECT141 notype       Static      | $pdata$?_Alloc_proxy@?$_String_alloc@$0A@U?$_String_base_types@DV?$allocator@D@std@@@std@@@std@@QEAAXXZ
3E5 00000000 SECT142 notype       Static      | .rdata
    Section length   60, #relocs    2, #linenums    0, checksum 83F1C6C2, selection    5 (pick associative Section 0x81)
3E7 00000000 SECT142 notype       Static      | ?_Free_proxy@?$_String_alloc@$0A@U?$_String_base_types@DV?$allocator@D@std@@@std@@@std@@QEAAXXZ$rtcName$0 (?_Free_proxy@?$_String_alloc@$0A@U?$_String_base_types@DV?$allocator@D@std@@@std@@@std@@QEAAXXZ$rtcName$0)
3E8 00000010 SECT142 notype       Static      | ?_Free_proxy@?$_String_alloc@$0A@U?$_String_base_types@DV?$allocator@D@std@@@std@@@std@@QEAAXXZ$rtcVarDesc (?_Free_proxy@?$_String_alloc@$0A@U?$_String_base_types@DV?$allocator@D@std@@@std@@@std@@QEAAXXZ$rtcVarDesc)
3E9 00000050 SECT142 notype       Static      | ?_Free_proxy@?$_String_alloc@$0A@U?$_String_base_types@DV?$allocator@D@std@@@std@@@std@@QEAAXXZ$rtcFrameData (?_Free_proxy@?$_String_alloc@$0A@U?$_String_base_types@DV?$allocator@D@std@@@std@@@std@@QEAAXXZ$rtcFrameData)
3EA 00000000 SECT143 notype       Static      | .xdata
    Section length    8, #relocs    0, #linenums    0, checksum 8814CCE6, selection    5 (pick associative Section 0x81)
3EC 00000000 SECT143 notype       Static      | $unwind$?_Free_proxy@?$_String_alloc@$0A@U?$_String_base_types@DV?$allocator@D@std@@@std@@@std@@QEAAXXZ
3ED 00000000 SECT144 notype       Static      | .pdata
    Section length    C, #relocs    3, #linenums    0, checksum 37558441, selection    5 (pick associative Section 0x81)
3EF 00000000 SECT144 notype       Static      | $pdata$?_Free_proxy@?$_String_alloc@$0A@U?$_String_base_types@DV?$allocator@D@std@@@std@@@std@@QEAAXXZ
3F0 00000000 SECT145 notype       Static      | .xdata
    Section length    8, #relocs    0, #linenums    0, checksum B34A0BCB, selection    5 (pick associative Section 0x83)
3F2 00000000 SECT145 notype       Static      | $unwind$?_Getal@?$_String_alloc@$0A@U?$_String_base_types@DV?$allocator@D@std@@@std@@@std@@QEBA?AU?$_Wrap_alloc@V?$allocator@D@std@@@2@XZ
3F3 00000000 SECT146 notype       Static      | .pdata
    Section length    C, #relocs    3, #linenums    0, checksum 562848C8, selection    5 (pick associative Section 0x83)
3F5 00000000 SECT146 notype       Static      | $pdata$?_Getal@?$_String_alloc@$0A@U?$_String_base_types@DV?$allocator@D@std@@@std@@@std@@QEBA?AU?$_Wrap_alloc@V?$allocator@D@std@@@2@XZ
3F6 00000000 SECT147 notype       Static      | .xdata
    Section length   10, #relocs    2, #linenums    0, checksum 3E143F6E, selection    5 (pick associative Section 0x2D)
3F8 00000000 SECT147 notype       Static      | $unwind$??0?$basic_string@DU?$char_traits@D@std@@V?$allocator@D@2@@std@@QEAA@PEBD@Z
3F9 00000000 SECT148 notype       Static      | .pdata
    Section length    C, #relocs    3, #linenums    0, checksum C561B289, selection    5 (pick associative Section 0x2D)
3FB 00000000 SECT148 notype       Static      | $pdata$??0?$basic_string@DU?$char_traits@D@std@@V?$allocator@D@2@@std@@QEAA@PEBD@Z
3FC 00000000 SECT149 notype       Static      | .rdata
    Section length   28, #relocs    2, #linenums    0, checksum EF33CE7B, selection    5 (pick associative Section 0x2D)
3FE 00000000 SECT149 notype       Static      | $cppxdata$??0?$basic_string@DU?$char_traits@D@std@@V?$allocator@D@2@@std@@QEAA@PEBD@Z
3FF 00000000 SECT14A notype       Static      | .xdata
    Section length    8, #relocs    1, #linenums    0, checksum 9ADD2096, selection    5 (pick associative Section 0x2D)
401 00000000 SECT14A notype       Static      | $stateUnwindMap$??0?$basic_string@DU?$char_traits@D@std@@V?$allocator@D@2@@std@@QEAA@PEBD@Z
402 00000000 SECT14B notype       Static      | .xdata
    Section length   18, #relocs    3, #linenums    0, checksum 8ABA59B4, selection    5 (pick associative Section 0x2D)
404 00000000 SECT14B notype       Static      | $ip2state$??0?$basic_string@DU?$char_traits@D@std@@V?$allocator@D@2@@std@@QEAA@PEBD@Z
405 00000000 SECT14C notype       Static      | .xdata
    Section length    C, #relocs    0, #linenums    0, checksum 44E6EFD9, selection    5 (pick associative Section 0x2D)
407 00000000 SECT14C notype       Static      | $unwind$?dtor$0@?0???0?$basic_string@DU?$char_traits@D@std@@V?$allocator@D@2@@std@@QEAA@PEBD@Z@4HA
408 00000000 SECT14D notype       Static      | .pdata
    Section length    C, #relocs    3, #linenums    0, checksum 77F965B5, selection    5 (pick associative Section 0x2D)
40A 00000000 SECT14D notype       Static      | $pdata$?dtor$0@?0???0?$basic_string@DU?$char_traits@D@std@@V?$allocator@D@2@@std@@QEAA@PEBD@Z@4HA
40B 00000000 SECT14E notype       Static      | .xdata
    Section length    8, #relocs    0, #linenums    0, checksum  A918C2A, selection    5 (pick associative Section 0x9B)
40D 00000000 SECT14E notype       Static      | $unwind$?assign@?$basic_string@DU?$char_traits@D@std@@V?$allocator@D@2@@std@@QEAAAEAV12@AEBV12@_K1@Z
40E 00000000 SECT14F notype       Static      | .pdata
    Section length    C, #relocs    3, #linenums    0, checksum 5E863465, selection    5 (pick associative Section 0x9B)
410 00000000 SECT14F notype       Static      | $pdata$?assign@?$basic_string@DU?$char_traits@D@std@@V?$allocator@D@2@@std@@QEAAAEAV12@AEBV12@_K1@Z
411 00000000 SECT150 notype       Static      | .xdata
    Section length    8, #relocs    0, #linenums    0, checksum 9F634435, selection    5 (pick associative Section 0x9F)
413 00000000 SECT150 notype       Static      | $unwind$?assign@?$basic_string@DU?$char_traits@D@std@@V?$allocator@D@2@@std@@QEAAAEAV12@PEBD_K@Z
414 00000000 SECT151 notype       Static      | .pdata
    Section length    C, #relocs    3, #linenums    0, checksum 97DD6AD4, selection    5 (pick associative Section 0x9F)
416 00000000 SECT151 notype       Static      | $pdata$?assign@?$basic_string@DU?$char_traits@D@std@@V?$allocator@D@2@@std@@QEAAAEAV12@PEBD_K@Z
417 00000000 SECT152 notype       Static      | .xdata
    Section length    8, #relocs    0, #linenums    0, checksum B34A0BCB, selection    5 (pick associative Section 0x9D)
419 00000000 SECT152 notype       Static      | $unwind$?assign@?$basic_string@DU?$char_traits@D@std@@V?$allocator@D@2@@std@@QEAAAEAV12@PEBD@Z
41A 00000000 SECT153 notype       Static      | .pdata
    Section length    C, #relocs    3, #linenums    0, checksum  289E689, selection    5 (pick associative Section 0x9D)
41C 00000000 SECT153 notype       Static      | $pdata$?assign@?$basic_string@DU?$char_traits@D@std@@V?$allocator@D@2@@std@@QEAAAEAV12@PEBD@Z
41D 00000000 SECT154 notype       Static      | .xdata
    Section length    8, #relocs    0, #linenums    0, checksum B34A0BCB, selection    5 (pick associative Section 0xCB)
41F 00000000 SECT154 notype       Static      | $unwind$?erase@?$basic_string@DU?$char_traits@D@std@@V?$allocator@D@2@@std@@QEAAAEAV12@_K@Z
420 00000000 SECT155 notype       Static      | .pdata
    Section length    C, #relocs    3, #linenums    0, checksum 5FE3FADF, selection    5 (pick associative Section 0xCB)
422 00000000 SECT155 notype       Static      | $pdata$?erase@?$basic_string@DU?$char_traits@D@std@@V?$allocator@D@2@@std@@QEAAAEAV12@_K@Z
423 00000000 SECT156 notype       Static      | .xdata
    Section length    8, #relocs    0, #linenums    0, checksum D7B48F15, selection    5 (pick associative Section 0xC9)
425 00000000 SECT156 notype       Static      | $unwind$?erase@?$basic_string@DU?$char_traits@D@std@@V?$allocator@D@2@@std@@QEAAAEAV12@_K0@Z
426 00000000 SECT157 notype       Static      | .pdata
    Section length    C, #relocs    3, #linenums    0, checksum 89152C78, selection    5 (pick associative Section 0xC9)
428 00000000 SECT157 notype       Static      | $pdata$?erase@?$basic_string@DU?$char_traits@D@std@@V?$allocator@D@2@@std@@QEAAAEAV12@_K0@Z
429 00000000 SECT158 notype       Static      | .xdata
    Section length    8, #relocs    0, #linenums    0, checksum 15BCD18D, selection    5 (pick associative Section 0xF1)
42B 00000000 SECT158 notype       Static      | $unwind$?size@?$basic_string@DU?$char_traits@D@std@@V?$allocator@D@2@@std@@QEBA_KXZ
42C 00000000 SECT159 notype       Static      | .pdata
    Section length    C, #relocs    3, #linenums    0, checksum B01131B5, selection    5 (pick associative Section 0xF1)
42E 00000000 SECT159 notype       Static      | $pdata$?size@?$basic_string@DU?$char_traits@D@std@@V?$allocator@D@2@@std@@QEBA_KXZ
42F 00000000 SECT15A notype       Static      | .xdata
    Section length    8, #relocs    0, #linenums    0, checksum 8814CCE6, selection    5 (pick associative Section 0xDD)
431 00000000 SECT15A notype       Static      | $unwind$?max_size@?$basic_string@DU?$char_traits@D@std@@V?$allocator@D@2@@std@@QEBA_KXZ
432 00000000 SECT15B notype       Static      | .pdata
    Section length    C, #relocs    3, #linenums    0, checksum 980BAEDF, selection    5 (pick associative Section 0xDD)
434 00000000 SECT15B notype       Static      | $pdata$?max_size@?$basic_string@DU?$char_traits@D@std@@V?$allocator@D@2@@std@@QEBA_KXZ
435 00000000 SECT15C notype       Static      | .rdata
    Section length   88, #relocs    5, #linenums    0, checksum DC0B37CF, selection    5 (pick associative Section 0x7C)
437 00000000 SECT15C notype       Static      | ?_Copy@?$basic_string@DU?$char_traits@D@std@@V?$allocator@D@2@@std@@QEAAX_K0@Z$rtcName$0 (?_Copy@?$basic_string@DU?$char_traits@D@std@@V?$allocator@D@2@@std@@QEAAX_K0@Z$rtcName$0)
438 00000010 SECT15C notype       Static      | ?_Copy@?$basic_string@DU?$char_traits@D@std@@V?$allocator@D@2@@std@@QEAAX_K0@Z$rtcVarDesc (?_Copy@?$basic_string@DU?$char_traits@D@std@@V?$allocator@D@2@@std@@QEAAX_K0@Z$rtcVarDesc)
439 00000050 SECT15C notype       Static      | ?_Copy@?$basic_string@DU?$char_traits@D@std@@V?$allocator@D@2@@std@@QEAAX_K0@Z$rtcFrameData (?_Copy@?$basic_string@DU?$char_traits@D@std@@V?$allocator@D@2@@std@@QEAAX_K0@Z$rtcFrameData)
43A 00000000 SECT15D notype       Static      | .xdata
    Section length   14, #relocs    2, #linenums    0, checksum 5AC7072B, selection    5 (pick associative Section 0x7C)
43C 00000000 SECT15D notype       Static      | $unwind$?_Copy@?$basic_string@DU?$char_traits@D@std@@V?$allocator@D@2@@std@@QEAAX_K0@Z
43D 00000000 SECT15E notype       Static      | .pdata
    Section length    C, #relocs    3, #linenums    0, checksum A3C42E66, selection    5 (pick associative Section 0x7C)
43F 00000000 SECT15E notype       Static      | $pdata$?_Copy@?$basic_string@DU?$char_traits@D@std@@V?$allocator@D@2@@std@@QEAAX_K0@Z
440 00000060 SECT15C notype       Static      | $cppxdata$?_Copy@?$basic_string@DU?$char_traits@D@std@@V?$allocator@D@2@@std@@QEAAX_K0@Z
441 00000000 SECT15F notype       Static      | .xdata
    Section length   20, #relocs    0, #linenums    0, checksum D8090E82, selection    5 (pick associative Section 0x7C)
443 00000000 SECT15F notype       Static      | $stateUnwindMap$?_Copy@?$basic_string@DU?$char_traits@D@std@@V?$allocator@D@2@@std@@QEAAX_K0@Z
444 00000000 SECT160 notype       Static      | .xdata
    Section length   28, #relocs    2, #linenums    0, checksum 3EF07423, selection    5 (pick associative Section 0x7C)
446 00000000 SECT160 notype       Static      | $tryMap$?_Copy@?$basic_string@DU?$char_traits@D@std@@V?$allocator@D@2@@std@@QEAAX_K0@Z
447 00000000 SECT161 notype       Static      | .xdata
    Section length   14, #relocs    1, #linenums    0, checksum 6B58D0C4, selection    5 (pick associative Section 0x7C)
449 00000000 SECT161 notype       Static      | $handlerMap$0$?_Copy@?$basic_string@DU?$char_traits@D@std@@V?$allocator@D@2@@std@@QEAAX_K0@Z
44A 00000000 SECT162 notype       Static      | .xdata
    Section length   14, #relocs    1, #linenums    0, checksum 6B58D0C4, selection    5 (pick associative Section 0x7C)
44C 00000000 SECT162 notype       Static      | $handlerMap$1$?_Copy@?$basic_string@DU?$char_traits@D@std@@V?$allocator@D@2@@std@@QEAAX_K0@Z
44D 00000000 SECT163 notype       Static      | .xdata
    Section length   50, #relocs    A, #linenums    0, checksum 4BC3E413, selection    5 (pick associative Section 0x7C)
44F 00000000 SECT163 notype       Static      | $ip2state$?_Copy@?$basic_string@DU?$char_traits@D@std@@V?$allocator@D@2@@std@@QEAAX_K0@Z
450 00000000 SECT164 notype       Static      | .xdata
    Section length   14, #relocs    2, #linenums    0, checksum FCC9C048, selection    5 (pick associative Section 0x7C)
452 00000000 SECT164 notype       Static      | $unwind$?catch$1@?0??_Copy@?$basic_string@DU?$char_traits@D@std@@V?$allocator@D@2@@std@@QEAAX_K0@Z@4HA
453 00000000 SECT165 notype       Static      | .pdata
    Section length    C, #relocs    3, #linenums    0, checksum 92CEA7C6, selection    5 (pick associative Section 0x7C)
455 00000000 SECT165 notype       Static      | $pdata$?catch$1@?0??_Copy@?$basic_string@DU?$char_traits@D@std@@V?$allocator@D@2@@std@@QEAAX_K0@Z@4HA
456 00000000 SECT166 notype       Static      | .xdata
    Section length   14, #relocs    2, #linenums    0, checksum FCC9C048, selection    5 (pick associative Section 0x7C)
458 00000000 SECT166 notype       Static      | $unwind$?catch$0@?0??_Copy@?$basic_string@DU?$char_traits@D@std@@V?$allocator@D@2@@std@@QEAAX_K0@Z@4HA
459 00000000 SECT167 notype       Static      | .pdata
    Section length    C, #relocs    3, #linenums    0, checksum 1EC846AC, selection    5 (pick associative Section 0x7C)
45B 00000000 SECT167 notype       Static      | $pdata$?catch$0@?0??_Copy@?$basic_string@DU?$char_traits@D@std@@V?$allocator@D@2@@std@@QEAAX_K0@Z@4HA
45C 00000000 SECT168 notype       Static      | .xdata
    Section length    8, #relocs    0, #linenums    0, checksum FB9DC0EB, selection    5 (pick associative Section 0x7F)
45E 00000000 SECT168 notype       Static      | $unwind$?_Eos@?$basic_string@DU?$char_traits@D@std@@V?$allocator@D@2@@std@@QEAAX_K@Z
45F 00000000 SECT169 notype       Static      | .pdata
    Section length    C, #relocs    3, #linenums    0, checksum 86C3E873, selection    5 (pick associative Section 0x7F)
461 00000000 SECT169 notype       Static      | $pdata$?_Eos@?$basic_string@DU?$char_traits@D@std@@V?$allocator@D@2@@std@@QEAAX_K@Z
462 00000000 SECT16A notype       Static      | .xdata
    Section length    8, #relocs    0, #linenums    0, checksum D7B48F15, selection    5 (pick associative Section 0x85)
464 00000000 SECT16A notype       Static      | $unwind$?_Grow@?$basic_string@DU?$char_traits@D@std@@V?$allocator@D@2@@std@@QEAA_N_K_N@Z
465 00000000 SECT16B notype       Static      | .pdata
    Section length    C, #relocs    3, #linenums    0, checksum 7B211AB0, selection    5 (pick associative Section 0x85)
467 00000000 SECT16B notype       Static      | $pdata$?_Grow@?$basic_string@DU?$char_traits@D@std@@V?$allocator@D@2@@std@@QEAA_N_K_N@Z
468 00000000 SECT16C notype       Static      | .xdata
    Section length    8, #relocs    0, #linenums    0, checksum B34A0BCB, selection    5 (pick associative Section 0x87)
46A 00000000 SECT16C notype       Static      | $unwind$?_Inside@?$basic_string@DU?$char_traits@D@std@@V?$allocator@D@2@@std@@QEAA_NPEBD@Z
46B 00000000 SECT16D notype       Static      | .pdata
    Section length    C, #relocs    3, #linenums    0, checksum 54A1AE41, selection    5 (pick associative Section 0x87)
46D 00000000 SECT16D notype       Static      | $pdata$?_Inside@?$basic_string@DU?$char_traits@D@std@@V?$allocator@D@2@@std@@QEAA_NPEBD@Z
46E 00000000 SECT16E notype       Static      | .xdata
    Section length    8, #relocs    0, #linenums    0, checksum 493C8F3B, selection    5 (pick associative Section 0x8F)
470 00000000 SECT16E notype       Static      | $unwind$?_Tidy@?$basic_string@DU?$char_traits@D@std@@V?$allocator@D@2@@std@@QEAAX_N_K@Z
471 00000000 SECT16F notype       Static      | .pdata
    Section length    C, #relocs    3, #linenums    0, checksum 264B06E6, selection    5 (pick associative Section 0x8F)
473 00000000 SECT16F notype       Static      | $pdata$?_Tidy@?$basic_string@DU?$char_traits@D@std@@V?$allocator@D@2@@std@@QEAAX_N_K@Z
474 00000000 SECT170 notype       Static      | .xdata
    Section length    8, #relocs    0, #linenums    0, checksum F88E4126, selection    5 (pick associative Section 0x91)
476 00000000 SECT170 notype       Static      | $unwind$?_Xlen@?$basic_string@DU?$char_traits@D@std@@V?$allocator@D@2@@std@@QEBAXXZ
477 00000000 SECT171 notype       Static      | .pdata
    Section length    C, #relocs    3, #linenums    0, checksum 85CD537D, selection    5 (pick associative Section 0x91)
479 00000000 SECT171 notype       Static      | $pdata$?_Xlen@?$basic_string@DU?$char_traits@D@std@@V?$allocator@D@2@@std@@QEBAXXZ
47A 00000000 SECT172 notype       Static      | .xdata
    Section length    8, #relocs    0, #linenums    0, checksum F88E4126, selection    5 (pick associative Section 0x93)
47C 00000000 SECT172 notype       Static      | $unwind$?_Xran@?$basic_string@DU?$char_traits@D@std@@V?$allocator@D@2@@std@@QEBAXXZ
47D 00000000 SECT173 notype       Static      | .pdata
    Section length    C, #relocs    3, #linenums    0, checksum 85CD537D, selection    5 (pick associative Section 0x93)
47F 00000000 SECT173 notype       Static      | $pdata$?_Xran@?$basic_string@DU?$char_traits@D@std@@V?$allocator@D@2@@std@@QEBAXXZ
480 00000000 SECT174 notype       Static      | .xdata
    Section length    8, #relocs    0, #linenums    0, checksum 64C0703A, selection    5 (pick associative Section 0x30)
482 00000000 SECT174 notype       Static      | $unwind$??0Bytes@MilesTransport@@QEAA@PEBX_K@Z
483 00000000 SECT175 notype       Static      | .pdata
    Section length    C, #relocs    3, #linenums    0, checksum C7E85400, selection    5 (pick associative Section 0x30)
485 00000000 SECT175 notype       Static      | $pdata$??0Bytes@MilesTransport@@QEAA@PEBX_K@Z
486 00000000 SECT176 notype       Static      | .xdata
    Section length    8, #relocs    0, #linenums    0, checksum 86016890, selection    5 (pick associative Section 0x42)
488 00000000 SECT176 notype       Static      | $unwind$??0id@locale@std@@QEAA@_K@Z
489 00000000 SECT177 notype       Static      | .pdata
    Section length    C, #relocs    3, #linenums    0, checksum A59B2387, selection    5 (pick associative Section 0x42)
48B 00000000 SECT177 notype       Static      | $pdata$??0id@locale@std@@QEAA@_K@Z
48C 00000000 SECT178 notype       Static      | .xdata
    Section length    8, #relocs    0, #linenums    0, checksum 9F634435, selection    5 (pick associative Section 0x8)
48E 00000000 SECT178 notype       Static      | $unwind$??$_Debug_pointer@D@std@@YAXPEBDPEBGI@Z
48F 00000000 SECT179 notype       Static      | .pdata
    Section length    C, #relocs    3, #linenums    0, checksum 7E32D7A2, selection    5 (pick associative Section 0x8)
491 00000000 SECT179 notype       Static      | $pdata$??$_Debug_pointer@D@std@@YAXPEBDPEBGI@Z
492 00000000 SECT17A notype       Static      | .xdata
    Section length    8, #relocs    0, #linenums    0, checksum 6E9162C9, selection    5 (pick associative Section 0xD1)
494 00000000 SECT17A notype       Static      | $unwind$?generic_category@std@@YAAEBVerror_category@1@XZ
495 00000000 SECT17B notype       Static      | .pdata
    Section length    C, #relocs    3, #linenums    0, checksum 5D6A1C56, selection    5 (pick associative Section 0xD1)
497 00000000 SECT17B notype       Static      | $pdata$?generic_category@std@@YAAEBVerror_category@1@XZ
498 00000000 SECT17C notype       Static      | .xdata
    Section length    8, #relocs    0, #linenums    0, checksum 6E9162C9, selection    5 (pick associative Section 0xF5)
49A 00000000 SECT17C notype       Static      | $unwind$?system_category@std@@YAAEBVerror_category@1@XZ
49B 00000000 SECT17D notype       Static      | .pdata
    Section length    C, #relocs    3, #linenums    0, checksum 5D6A1C56, selection    5 (pick associative Section 0xF5)
49D 00000000 SECT17D notype       Static      | $pdata$?system_category@std@@YAAEBVerror_category@1@XZ
49E 00000000 SECT17E notype       Static      | .xdata
    Section length    8, #relocs    0, #linenums    0, checksum 15BCD18D, selection    5 (pick associative Section 0x3E)
4A0 00000000 SECT17E notype       Static      | $unwind$??0error_category@std@@QEAA@XZ
4A1 00000000 SECT17F notype       Static      | .pdata
    Section length    C, #relocs    3, #linenums    0, checksum 2B142464, selection    5 (pick associative Section 0x3E)
4A3 00000000 SECT17F notype       Static      | $pdata$??0error_category@std@@QEAA@XZ
4A4 00000000 SECT180 notype       Static      | .xdata
    Section length    8, #relocs    0, #linenums    0, checksum 15BCD18D, selection    5 (pick associative Section 0x50)
4A6 00000000 SECT180 notype       Static      | $unwind$??1error_category@std@@UEAA@XZ
4A7 00000000 SECT181 notype       Static      | .pdata
    Section length    C, #relocs    3, #linenums    0, checksum 767E3832, selection    5 (pick associative Section 0x50)
4A9 00000000 SECT181 notype       Static      | $pdata$??1error_category@std@@UEAA@XZ
4AA 00000000 SECT182 notype       Static      | .xdata
    Section length    8, #relocs    0, #linenums    0, checksum 9F634435, selection    5 (pick associative Section 0xB9)
4AC 00000000 SECT182 notype       Static      | $unwind$?default_error_condition@error_category@std@@UEBA?AVerror_condition@2@H@Z
4AD 00000000 SECT183 notype       Static      | .pdata
    Section length    C, #relocs    3, #linenums    0, checksum EFF2CB6A, selection    5 (pick associative Section 0xB9)
4AF 00000000 SECT183 notype       Static      | $pdata$?default_error_condition@error_category@std@@UEBA?AVerror_condition@2@H@Z
4B0 00000000 SECT184 notype       Static      | .xdata
    Section length    8, #relocs    0, #linenums    0, checksum 7171C9DB, selection    5 (pick associative Section 0xC7)
4B2 00000000 SECT184 notype       Static      | $unwind$?equivalent@error_category@std@@UEBA_NHAEBVerror_condition@2@@Z
4B3 00000000 SECT185 notype       Static      | .pdata
    Section length    C, #relocs    3, #linenums    0, checksum D16CFD3C, selection    5 (pick associative Section 0xC7)
4B5 00000000 SECT185 notype       Static      | $pdata$?equivalent@error_category@std@@UEBA_NHAEBVerror_condition@2@@Z
4B6 00000000 SECT186 notype       Static      | .xdata
    Section length    8, #relocs    0, #linenums    0, checksum D7B48F15, selection    5 (pick associative Section 0xC5)
4B8 00000000 SECT186 notype       Static      | $unwind$?equivalent@error_category@std@@UEBA_NAEBVerror_code@2@H@Z
4B9 00000000 SECT187 notype       Static      | .pdata
    Section length    C, #relocs    3, #linenums    0, checksum 22DF9673, selection    5 (pick associative Section 0xC5)
4BB 00000000 SECT187 notype       Static      | $pdata$?equivalent@error_category@std@@UEBA_NAEBVerror_code@2@H@Z
4BC 00000000 SECT188 notype       Static      | .xdata
    Section length    8, #relocs    0, #linenums    0, checksum 8B074D2B, selection    5 (pick associative Section 0x56)
4BE 00000000 SECT188 notype       Static      | $unwind$??8error_category@std@@QEBA_NAEBV01@@Z
4BF 00000000 SECT189 notype       Static      | .pdata
    Section length    C, #relocs    3, #linenums    0, checksum 36D2D9C6, selection    5 (pick associative Section 0x56)
4C1 00000000 SECT189 notype       Static      | $pdata$??8error_category@std@@QEBA_NAEBV01@@Z
4C2 00000000 SECT18A notype       Static      | .xdata
    Section length    8, #relocs    0, #linenums    0, checksum B49A565B, selection    5 (pick associative Section 0x60)
4C4 00000000 SECT18A notype       Static      | $unwind$??_Gerror_category@std@@UEAAPEAXI@Z
4C5 00000000 SECT18B notype       Static      | .pdata
    Section length    C, #relocs    3, #linenums    0, checksum 7E32D7A2, selection    5 (pick associative Section 0x60)
4C7 00000000 SECT18B notype       Static      | $pdata$??_Gerror_category@std@@UEAAPEAXI@Z
4C8 00000000 SECT18C notype       Static      | .xdata
    Section length    8, #relocs    0, #linenums    0, checksum 15BCD18D, selection    5 (pick associative Section 0xF9)
4CA 00000000 SECT18C notype       Static      | $unwind$?value@error_code@std@@QEBAHXZ
4CB 00000000 SECT18D notype       Static      | .pdata
    Section length    C, #relocs    3, #linenums    0, checksum D92012AC, selection    5 (pick associative Section 0xF9)
4CD 00000000 SECT18D notype       Static      | $pdata$?value@error_code@std@@QEBAHXZ
4CE 00000000 SECT18E notype       Static      | .xdata
    Section length    8, #relocs    0, #linenums    0, checksum 15BCD18D, selection    5 (pick associative Section 0xA3)
4D0 00000000 SECT18E notype       Static      | $unwind$?category@error_code@std@@QEBAAEBVerror_category@2@XZ
4D1 00000000 SECT18F notype       Static      | .pdata
    Section length    C, #relocs    3, #linenums    0, checksum B01131B5, selection    5 (pick associative Section 0xA3)
4D3 00000000 SECT18F notype       Static      | $pdata$?category@error_code@std@@QEBAAEBVerror_category@2@XZ
4D4 00000000 SECT190 notype       Static      | .xdata
    Section length    8, #relocs    0, #linenums    0, checksum FD2CDBD4, selection    5 (pick associative Section 0x40)
4D6 00000000 SECT190 notype       Static      | $unwind$??0error_condition@std@@QEAA@HAEBVerror_category@1@@Z
4D7 00000000 SECT191 notype       Static      | .pdata
    Section length    C, #relocs    3, #linenums    0, checksum 205670FA, selection    5 (pick associative Section 0x40)
4D9 00000000 SECT191 notype       Static      | $pdata$??0error_condition@std@@QEAA@HAEBVerror_category@1@@Z
4DA 00000000 SECT192 notype       Static      | .xdata
    Section length    8, #relocs    0, #linenums    0, checksum 15BCD18D, selection    5 (pick associative Section 0xFB)
4DC 00000000 SECT192 notype       Static      | $unwind$?value@error_condition@std@@QEBAHXZ
4DD 00000000 SECT193 notype       Static      | .pdata
    Section length    C, #relocs    3, #linenums    0, checksum D92012AC, selection    5 (pick associative Section 0xFB)
4DF 00000000 SECT193 notype       Static      | $pdata$?value@error_condition@std@@QEBAHXZ
4E0 00000000 SECT194 notype       Static      | .xdata
    Section length    8, #relocs    0, #linenums    0, checksum 15BCD18D, selection    5 (pick associative Section 0xA5)
4E2 00000000 SECT194 notype       Static      | $unwind$?category@error_condition@std@@QEBAAEBVerror_category@2@XZ
4E3 00000000 SECT195 notype       Static      | .pdata
    Section length    C, #relocs    3, #linenums    0, checksum B01131B5, selection    5 (pick associative Section 0xA5)
4E5 00000000 SECT195 notype       Static      | $pdata$?category@error_condition@std@@QEBAAEBVerror_category@2@XZ
4E6 00000000 SECT196 notype       Static      | .xdata
    Section length    8, #relocs    0, #linenums    0, checksum FB9DC0EB, selection    5 (pick associative Section 0x58)
4E8 00000000 SECT196 notype       Static      | $unwind$??8error_condition@std@@QEBA_NAEBV01@@Z
4E9 00000000 SECT197 notype       Static      | .pdata
    Section length    C, #relocs    3, #linenums    0, checksum 2F80B4F1, selection    5 (pick associative Section 0x58)
4EB 00000000 SECT197 notype       Static      | $pdata$??8error_condition@std@@QEBA_NAEBV01@@Z
4EC 00000000 SECT198 notype       Static      | .xdata
    Section length    8, #relocs    0, #linenums    0, checksum F88E4126, selection    5 (pick associative Section 0x38)
4EE 00000000 SECT198 notype       Static      | $unwind$??0_Generic_error_category@std@@QEAA@XZ
4EF 00000000 SECT199 notype       Static      | .pdata
    Section length    C, #relocs    3, #linenums    0, checksum 6BB8C590, selection    5 (pick associative Section 0x38)
4F1 00000000 SECT199 notype       Static      | $pdata$??0_Generic_error_category@std@@QEAA@XZ
4F2 00000000 SECT19A notype       Static      | .xdata
    Section length    8, #relocs    0, #linenums    0, checksum 15BCD18D, selection    5 (pick associative Section 0xE7)
4F4 00000000 SECT19A notype       Static      | $unwind$?name@_Generic_error_category@std@@UEBAPEBDXZ
4F5 00000000 SECT19B notype       Static      | .pdata
    Section length    C, #relocs    3, #linenums    0, checksum D92012AC, selection    5 (pick associative Section 0xE7)
4F7 00000000 SECT19B notype       Static      | $pdata$?name@_Generic_error_category@std@@UEBAPEBDXZ
4F8 00000000 SECT19C notype       Static      | .xdata
    Section length    8, #relocs    0, #linenums    0, checksum EFF9C9F5, selection    5 (pick associative Section 0xDF)
4FA 00000000 SECT19C notype       Static      | $unwind$?message@_Generic_error_category@std@@UEBA?AV?$basic_string@DU?$char_traits@D@std@@V?$allocator@D@2@@2@H@Z
4FB 00000000 SECT19D notype       Static      | .pdata
    Section length    C, #relocs    3, #linenums    0, checksum DDB48239, selection    5 (pick associative Section 0xDF)
4FD 00000000 SECT19D notype       Static      | $pdata$?message@_Generic_error_category@std@@UEBA?AV?$basic_string@DU?$char_traits@D@std@@V?$allocator@D@2@@2@H@Z
4FE 00000000 SECT19E notype       Static      | .xdata
    Section length    8, #relocs    0, #linenums    0, checksum F88E4126, selection    5 (pick associative Section 0x4A)
500 00000000 SECT19E notype       Static      | $unwind$??1_Generic_error_category@std@@UEAA@XZ
501 00000000 SECT19F notype       Static      | .pdata
    Section length    C, #relocs    3, #linenums    0, checksum ECFC7064, selection    5 (pick associative Section 0x4A)
503 00000000 SECT19F notype       Static      | $pdata$??1_Generic_error_category@std@@UEAA@XZ
504 00000000 SECT1A0 notype       Static      | .xdata
    Section length    8, #relocs    0, #linenums    0, checksum B49A565B, selection    5 (pick associative Section 0x5A)
506 00000000 SECT1A0 notype       Static      | $unwind$??_G_Generic_error_category@std@@UEAAPEAXI@Z
507 00000000 SECT1A1 notype       Static      | .pdata
    Section length    C, #relocs    3, #linenums    0, checksum 7E32D7A2, selection    5 (pick associative Section 0x5A)
509 00000000 SECT1A1 notype       Static      | $pdata$??_G_Generic_error_category@std@@UEAAPEAXI@Z
50A 00000000 SECT1A2 notype       Static      | .xdata
    Section length    8, #relocs    0, #linenums    0, checksum F88E4126, selection    5 (pick associative Section 0x3A)
50C 00000000 SECT1A2 notype       Static      | $unwind$??0_Iostream_error_category@std@@QEAA@XZ
50D 00000000 SECT1A3 notype       Static      | .pdata
    Section length    C, #relocs    3, #linenums    0, checksum 6BB8C590, selection    5 (pick associative Section 0x3A)
50F 00000000 SECT1A3 notype       Static      | $pdata$??0_Iostream_error_category@std@@QEAA@XZ
510 00000000 SECT1A4 notype       Static      | .xdata
    Section length    8, #relocs    0, #linenums    0, checksum 15BCD18D, selection    5 (pick associative Section 0xE9)
512 00000000 SECT1A4 notype       Static      | $unwind$?name@_Iostream_error_category@std@@UEBAPEBDXZ
513 00000000 SECT1A5 notype       Static      | .pdata
    Section length    C, #relocs    3, #linenums    0, checksum D92012AC, selection    5 (pick associative Section 0xE9)
515 00000000 SECT1A5 notype       Static      | $pdata$?name@_Iostream_error_category@std@@UEBAPEBDXZ
516 00000000 SECT1A6 notype       Static      | .xdata
    Section length    8, #relocs    0, #linenums    0, checksum D7B48F15, selection    5 (pick associative Section 0xE1)
518 00000000 SECT1A6 notype       Static      | $unwind$?message@_Iostream_error_category@std@@UEBA?AV?$basic_string@DU?$char_traits@D@std@@V?$allocator@D@2@@2@H@Z
519 00000000 SECT1A7 notype       Static      | .pdata
    Section length    C, #relocs    3, #linenums    0, checksum 95548C5D, selection    5 (pick associative Section 0xE1)
51B 00000000 SECT1A7 notype       Static      | $pdata$?message@_Iostream_error_category@std@@UEBA?AV?$basic_string@DU?$char_traits@D@std@@V?$allocator@D@2@@2@H@Z
51C 00000000 SECT1A8 notype       Static      | .xdata
    Section length    8, #relocs    0, #linenums    0, checksum F88E4126, selection    5 (pick associative Section 0x4C)
51E 00000000 SECT1A8 notype       Static      | $unwind$??1_Iostream_error_category@std@@UEAA@XZ
51F 00000000 SECT1A9 notype       Static      | .pdata
    Section length    C, #relocs    3, #linenums    0, checksum ECFC7064, selection    5 (pick associative Section 0x4C)
521 00000000 SECT1A9 notype       Static      | $pdata$??1_Iostream_error_category@std@@UEAA@XZ
522 00000000 SECT1AA notype       Static      | .xdata
    Section length    8, #relocs    0, #linenums    0, checksum B49A565B, selection    5 (pick associative Section 0x5C)
524 00000000 SECT1AA notype       Static      | $unwind$??_G_Iostream_error_category@std@@UEAAPEAXI@Z
525 00000000 SECT1AB notype       Static      | .pdata
    Section length    C, #relocs    3, #linenums    0, checksum 7E32D7A2, selection    5 (pick associative Section 0x5C)
527 00000000 SECT1AB notype       Static      | $pdata$??_G_Iostream_error_category@std@@UEAAPEAXI@Z
528 00000000 SECT1AC notype       Static      | .xdata
    Section length    8, #relocs    0, #linenums    0, checksum F88E4126, selection    5 (pick associative Section 0x3C)
52A 00000000 SECT1AC notype       Static      | $unwind$??0_System_error_category@std@@QEAA@XZ
52B 00000000 SECT1AD notype       Static      | .pdata
    Section length    C, #relocs    3, #linenums    0, checksum 6BB8C590, selection    5 (pick associative Section 0x3C)
52D 00000000 SECT1AD notype       Static      | $pdata$??0_System_error_category@std@@QEAA@XZ
52E 00000000 SECT1AE notype       Static      | .xdata
    Section length    8, #relocs    0, #linenums    0, checksum 15BCD18D, selection    5 (pick associative Section 0xEB)
530 00000000 SECT1AE notype       Static      | $unwind$?name@_System_error_category@std@@UEBAPEBDXZ
531 00000000 SECT1AF notype       Static      | .pdata
    Section length    C, #relocs    3, #linenums    0, checksum D92012AC, selection    5 (pick associative Section 0xEB)
533 00000000 SECT1AF notype       Static      | $pdata$?name@_System_error_category@std@@UEBAPEBDXZ
534 00000000 SECT1B0 notype       Static      | .xdata
    Section length    8, #relocs    0, #linenums    0, checksum EFF9C9F5, selection    5 (pick associative Section 0xE3)
536 00000000 SECT1B0 notype       Static      | $unwind$?message@_System_error_category@std@@UEBA?AV?$basic_string@DU?$char_traits@D@std@@V?$allocator@D@2@@2@H@Z
537 00000000 SECT1B1 notype       Static      | .pdata
    Section length    C, #relocs    3, #linenums    0, checksum DDB48239, selection    5 (pick associative Section 0xE3)
539 00000000 SECT1B1 notype       Static      | $pdata$?message@_System_error_category@std@@UEBA?AV?$basic_string@DU?$char_traits@D@std@@V?$allocator@D@2@@2@H@Z
53A 00000000 SECT1B2 notype       Static      | .xdata
    Section length    8, #relocs    0, #linenums    0, checksum 9F634435, selection    5 (pick associative Section 0xB7)
53C 00000000 SECT1B2 notype       Static      | $unwind$?default_error_condition@_System_error_category@std@@UEBA?AVerror_condition@2@H@Z
53D 00000000 SECT1B3 notype       Static      | .pdata
    Section length    C, #relocs    3, #linenums    0, checksum 6A3F9817, selection    5 (pick associative Section 0xB7)
53F 00000000 SECT1B3 notype       Static      | $pdata$?default_error_condition@_System_error_category@std@@UEBA?AVerror_condition@2@H@Z
540 00000000 SECT1B4 notype       Static      | .xdata
    Section length    8, #relocs    0, #linenums    0, checksum F88E4126, selection    5 (pick associative Section 0x4E)
542 00000000 SECT1B4 notype       Static      | $unwind$??1_System_error_category@std@@UEAA@XZ
543 00000000 SECT1B5 notype       Static      | .pdata
    Section length    C, #relocs    3, #linenums    0, checksum ECFC7064, selection    5 (pick associative Section 0x4E)
545 00000000 SECT1B5 notype       Static      | $pdata$??1_System_error_category@std@@UEAA@XZ
546 00000000 SECT1B6 notype       Static      | .xdata
    Section length    8, #relocs    0, #linenums    0, checksum B49A565B, selection    5 (pick associative Section 0x5E)
548 00000000 SECT1B6 notype       Static      | $unwind$??_G_System_error_category@std@@UEAAPEAXI@Z
549 00000000 SECT1B7 notype       Static      | .pdata
    Section length    C, #relocs    3, #linenums    0, checksum 7E32D7A2, selection    5 (pick associative Section 0x5E)
54B 00000000 SECT1B7 notype       Static      | $pdata$??_G_System_error_category@std@@UEAAPEAXI@Z
54C 00000000 SECT1B8 notype       Static      | .rdata
    Section length   60, #relocs    2, #linenums    0, checksum F83A8B11, selection    5 (pick associative Section 0xC1)
54E 00000000 SECT1B8 notype       Static      | ?encodeInstall@MilesFileProtocol48@@YA_NAEBUHeader@MilesWire@@_KPEAE1AEA_K@Z$rtcName$0 (?encodeInstall@MilesFileProtocol48@@YA_NAEBUHeader@MilesWire@@_KPEAE1AEA_K@Z$rtcName$0)
54F 00000010 SECT1B8 notype       Static      | ?encodeInstall@MilesFileProtocol48@@YA_NAEBUHeader@MilesWire@@_KPEAE1AEA_K@Z$rtcVarDesc (?encodeInstall@MilesFileProtocol48@@YA_NAEBUHeader@MilesWire@@_KPEAE1AEA_K@Z$rtcVarDesc)
550 00000050 SECT1B8 notype       Static      | ?encodeInstall@MilesFileProtocol48@@YA_NAEBUHeader@MilesWire@@_KPEAE1AEA_K@Z$rtcFrameData (?encodeInstall@MilesFileProtocol48@@YA_NAEBUHeader@MilesWire@@_KPEAE1AEA_K@Z$rtcFrameData)
551 00000000 SECT1B9 notype       Static      | .xdata
    Section length   14, #relocs    1, #linenums    0, checksum 87A8152A, selection    5 (pick associative Section 0xC1)
553 00000000 SECT1B9 notype       Static      | $unwind$?encodeInstall@MilesFileProtocol48@@YA_NAEBUHeader@MilesWire@@_KPEAE1AEA_K@Z
554 00000000 SECT1BA notype       Static      | .pdata
    Section length    C, #relocs    3, #linenums    0, checksum ED99BEDE, selection    5 (pick associative Section 0xC1)
556 00000000 SECT1BA notype       Static      | $pdata$?encodeInstall@MilesFileProtocol48@@YA_NAEBUHeader@MilesWire@@_KPEAE1AEA_K@Z
557 00000000 SECT1BB notype       Static      | .rdata
    Section length   A0, #relocs    3, #linenums    0, checksum F371644C, selection    5 (pick associative Section 0xB1)
559 00000000 SECT1BB notype       Static      | ?decodeInstall@MilesFileProtocol48@@YA_NUBytes@MilesTransport@@AEBUHeader@MilesWire@@AEAUInstallRequest@1@@Z$rtcName$0 (?decodeInstall@MilesFileProtocol48@@YA_NUBytes@MilesTransport@@AEBUHeader@MilesWire@@AEAUInstallRequest@1@@Z$rtcName$0)
55A 00000004 SECT1BB notype       Static      | ?decodeInstall@MilesFileProtocol48@@YA_NUBytes@MilesTransport@@AEBUHeader@MilesWire@@AEAUInstallRequest@1@@Z$rtcName$1 (?decodeInstall@MilesFileProtocol48@@YA_NUBytes@MilesTransport@@AEBUHeader@MilesWire@@AEAUInstallRequest@1@@Z$rtcName$1)
55B 00000010 SECT1BB notype       Static      | ?decodeInstall@MilesFileProtocol48@@YA_NUBytes@MilesTransport@@AEBUHeader@MilesWire@@AEAUInstallRequest@1@@Z$rtcVarDesc (?decodeInstall@MilesFileProtocol48@@YA_NUBytes@MilesTransport@@AEBUHeader@MilesWire@@AEAUInstallRequest@1@@Z$rtcVarDesc)
55C 00000090 SECT1BB notype       Static      | ?decodeInstall@MilesFileProtocol48@@YA_NUBytes@MilesTransport@@AEBUHeader@MilesWire@@AEAUInstallRequest@1@@Z$rtcFrameData (?decodeInstall@MilesFileProtocol48@@YA_NUBytes@MilesTransport@@AEBUHeader@MilesWire@@AEAUInstallRequest@1@@Z$rtcFrameData)
55D 00000000 SECT1BC notype       Static      | .xdata
    Section length   14, #relocs    1, #linenums    0, checksum  7624386, selection    5 (pick associative Section 0xB1)
55F 00000000 SECT1BC notype       Static      | $unwind$?decodeInstall@MilesFileProtocol48@@YA_NUBytes@MilesTransport@@AEBUHeader@MilesWire@@AEAUInstallRequest@1@@Z
560 00000000 SECT1BD notype       Static      | .pdata
    Section length    C, #relocs    3, #linenums    0, checksum 9BE786EC, selection    5 (pick associative Section 0xB1)
562 00000000 SECT1BD notype       Static      | $pdata$?decodeInstall@MilesFileProtocol48@@YA_NUBytes@MilesTransport@@AEBUHeader@MilesWire@@AEAUInstallRequest@1@@Z
563 00000000 SECT1BE notype       Static      | .rdata
    Section length   A0, #relocs    3, #linenums    0, checksum B5C93D4B, selection    5 (pick associative Section 0xC3)
565 00000000 SECT1BE notype       Static      | ?encodeInstallReply@MilesFileProtocol48@@YA_NAEBUInstallRequest@1@W4InstallStatus@1@PEAE_KAEA_K@Z$rtcName$0 (?encodeInstallReply@MilesFileProtocol48@@YA_NAEBUInstallRequest@1@W4InstallStatus@1@PEAE_KAEA_K@Z$rtcName$0)
566 00000004 SECT1BE notype       Static      | ?encodeInstallReply@MilesFileProtocol48@@YA_NAEBUInstallRequest@1@W4InstallStatus@1@PEAE_KAEA_K@Z$rtcName$1 (?encodeInstallReply@MilesFileProtocol48@@YA_NAEBUInstallRequest@1@W4InstallStatus@1@PEAE_KAEA_K@Z$rtcName$1)
567 00000010 SECT1BE notype       Static      | ?encodeInstallReply@MilesFileProtocol48@@YA_NAEBUInstallRequest@1@W4InstallStatus@1@PEAE_KAEA_K@Z$rtcVarDesc (?encodeInstallReply@MilesFileProtocol48@@YA_NAEBUInstallRequest@1@W4InstallStatus@1@PEAE_KAEA_K@Z$rtcVarDesc)
568 00000090 SECT1BE notype       Static      | ?encodeInstallReply@MilesFileProtocol48@@YA_NAEBUInstallRequest@1@W4InstallStatus@1@PEAE_KAEA_K@Z$rtcFrameData (?encodeInstallReply@MilesFileProtocol48@@YA_NAEBUInstallRequest@1@W4InstallStatus@1@PEAE_KAEA_K@Z$rtcFrameData)
569 00000000 SECT1BF notype       Static      | .xdata
    Section length   14, #relocs    1, #linenums    0, checksum 1981E954, selection    5 (pick associative Section 0xC3)
56B 00000000 SECT1BF notype       Static      | $unwind$?encodeInstallReply@MilesFileProtocol48@@YA_NAEBUInstallRequest@1@W4InstallStatus@1@PEAE_KAEA_K@Z
56C 00000000 SECT1C0 notype       Static      | .pdata
    Section length    C, #relocs    3, #linenums    0, checksum 2F6227CC, selection    5 (pick associative Section 0xC3)
56E 00000000 SECT1C0 notype       Static      | $pdata$?encodeInstallReply@MilesFileProtocol48@@YA_NAEBUInstallRequest@1@W4InstallStatus@1@PEAE_KAEA_K@Z
56F 00000000 SECT1C1 notype       Static      | .rdata
    Section length   A0, #relocs    3, #linenums    0, checksum 38A36243, selection    5 (pick associative Section 0xB3)
571 00000000 SECT1C1 notype       Static      | ?decodeInstallReply@MilesFileProtocol48@@YA_NUBytes@MilesTransport@@AEBUInstallRequest@1@AEAW4InstallStatus@1@@Z$rtcName$0 (?decodeInstallReply@MilesFileProtocol48@@YA_NUBytes@MilesTransport@@AEBUInstallRequest@1@AEAW4InstallStatus@1@@Z$rtcName$0)
572 00000004 SECT1C1 notype       Static      | ?decodeInstallReply@MilesFileProtocol48@@YA_NUBytes@MilesTransport@@AEBUInstallRequest@1@AEAW4InstallStatus@1@@Z$rtcName$1 (?decodeInstallReply@MilesFileProtocol48@@YA_NUBytes@MilesTransport@@AEBUInstallRequest@1@AEAW4InstallStatus@1@@Z$rtcName$1)
573 00000010 SECT1C1 notype       Static      | ?decodeInstallReply@MilesFileProtocol48@@YA_NUBytes@MilesTransport@@AEBUInstallRequest@1@AEAW4InstallStatus@1@@Z$rtcVarDesc (?decodeInstallReply@MilesFileProtocol48@@YA_NUBytes@MilesTransport@@AEBUInstallRequest@1@AEAW4InstallStatus@1@@Z$rtcVarDesc)
574 00000090 SECT1C1 notype       Static      | ?decodeInstallReply@MilesFileProtocol48@@YA_NUBytes@MilesTransport@@AEBUInstallRequest@1@AEAW4InstallStatus@1@@Z$rtcFrameData (?decodeInstallReply@MilesFileProtocol48@@YA_NUBytes@MilesTransport@@AEBUInstallRequest@1@AEAW4InstallStatus@1@@Z$rtcFrameData)
575 00000000 SECT1C2 notype       Static      | .xdata
    Section length   14, #relocs    1, #linenums    0, checksum A41CD354, selection    5 (pick associative Section 0xB3)
577 00000000 SECT1C2 notype       Static      | $unwind$?decodeInstallReply@MilesFileProtocol48@@YA_NUBytes@MilesTransport@@AEBUInstallRequest@1@AEAW4InstallStatus@1@@Z
578 00000000 SECT1C3 notype       Static      | .pdata
    Section length    C, #relocs    3, #linenums    0, checksum 794A6F04, selection    5 (pick associative Section 0xB3)
57A 00000000 SECT1C3 notype       Static      | $pdata$?decodeInstallReply@MilesFileProtocol48@@YA_NUBytes@MilesTransport@@AEBUInstallRequest@1@AEAW4InstallStatus@1@@Z
57B 00000000 SECT1C4 notype       Static      | .xdata
    Section length    8, #relocs    0, #linenums    0, checksum 15BCD18D, selection    5 (pick associative Section 0x32)
57D 00000000 SECT1C4 notype       Static      | $unwind$??0FileAckExpected@MilesFileProtocol48@@QEAA@XZ
57E 00000000 SECT1C5 notype       Static      | .pdata
    Section length    C, #relocs    3, #linenums    0, checksum 62737787, selection    5 (pick associative Section 0x32)
580 00000000 SECT1C5 notype       Static      | $pdata$??0FileAckExpected@MilesFileProtocol48@@QEAA@XZ
581 00000000 SECT1C6 notype       Static      | .rdata
    Section length   60, #relocs    2, #linenums    0, checksum 3F1BA102, selection    5 (pick associative Section 0xCD)
583 00000000 SECT1C6 notype       Static      | ?expectFileAck@MilesFileProtocol48@@YA_NAEBVRequest@MilesFileChannel26@@_KAEAUFileAckExpected@1@@Z$rtcName$0 (?expectFileAck@MilesFileProtocol48@@YA_NAEBVRequest@MilesFileChannel26@@_KAEAUFileAckExpected@1@@Z$rtcName$0)
584 00000010 SECT1C6 notype       Static      | ?expectFileAck@MilesFileProtocol48@@YA_NAEBVRequest@MilesFileChannel26@@_KAEAUFileAckExpected@1@@Z$rtcVarDesc (?expectFileAck@MilesFileProtocol48@@YA_NAEBVRequest@MilesFileChannel26@@_KAEAUFileAckExpected@1@@Z$rtcVarDesc)
585 00000050 SECT1C6 notype       Static      | ?expectFileAck@MilesFileProtocol48@@YA_NAEBVRequest@MilesFileChannel26@@_KAEAUFileAckExpected@1@@Z$rtcFrameData (?expectFileAck@MilesFileProtocol48@@YA_NAEBVRequest@MilesFileChannel26@@_KAEAUFileAckExpected@1@@Z$rtcFrameData)
586 00000000 SECT1C7 notype       Static      | .xdata
    Section length   14, #relocs    1, #linenums    0, checksum 1C763ECC, selection    5 (pick associative Section 0xCD)
588 00000000 SECT1C7 notype       Static      | $unwind$?expectFileAck@MilesFileProtocol48@@YA_NAEBVRequest@MilesFileChannel26@@_KAEAUFileAckExpected@1@@Z
589 00000000 SECT1C8 notype       Static      | .pdata
    Section length    C, #relocs    3, #linenums    0, checksum 45BF2CE6, selection    5 (pick associative Section 0xCD)
58B 00000000 SECT1C8 notype       Static      | $pdata$?expectFileAck@MilesFileProtocol48@@YA_NAEBVRequest@MilesFileChannel26@@_KAEAUFileAckExpected@1@@Z
58C 00000000 SECT1C9 notype       Static      | .rdata
    Section length   A0, #relocs    3, #linenums    0, checksum 7E1B3B44, selection    5 (pick associative Section 0xBF)
58E 00000000 SECT1C9 notype       Static      | ?encodeFileConsumptionAck@MilesFileProtocol48@@YA_NAEBUFileAckExpected@1@PEAE_KAEA_K@Z$rtcName$0 (?encodeFileConsumptionAck@MilesFileProtocol48@@YA_NAEBUFileAckExpected@1@PEAE_KAEA_K@Z$rtcName$0)
58F 00000004 SECT1C9 notype       Static      | ?encodeFileConsumptionAck@MilesFileProtocol48@@YA_NAEBUFileAckExpected@1@PEAE_KAEA_K@Z$rtcName$1 (?encodeFileConsumptionAck@MilesFileProtocol48@@YA_NAEBUFileAckExpected@1@PEAE_KAEA_K@Z$rtcName$1)
590 00000010 SECT1C9 notype       Static      | ?encodeFileConsumptionAck@MilesFileProtocol48@@YA_NAEBUFileAckExpected@1@PEAE_KAEA_K@Z$rtcVarDesc (?encodeFileConsumptionAck@MilesFileProtocol48@@YA_NAEBUFileAckExpected@1@PEAE_KAEA_K@Z$rtcVarDesc)
591 00000090 SECT1C9 notype       Static      | ?encodeFileConsumptionAck@MilesFileProtocol48@@YA_NAEBUFileAckExpected@1@PEAE_KAEA_K@Z$rtcFrameData (?encodeFileConsumptionAck@MilesFileProtocol48@@YA_NAEBUFileAckExpected@1@PEAE_KAEA_K@Z$rtcFrameData)
592 00000000 SECT1CA notype       Static      | .xdata
    Section length   14, #relocs    1, #linenums    0, checksum 2E5FBD47, selection    5 (pick associative Section 0xBF)
594 00000000 SECT1CA notype       Static      | $unwind$?encodeFileConsumptionAck@MilesFileProtocol48@@YA_NAEBUFileAckExpected@1@PEAE_KAEA_K@Z
595 00000000 SECT1CB notype       Static      | .pdata
    Section length    C, #relocs    3, #linenums    0, checksum CA55E5BF, selection    5 (pick associative Section 0xBF)
597 00000000 SECT1CB notype       Static      | $pdata$?encodeFileConsumptionAck@MilesFileProtocol48@@YA_NAEBUFileAckExpected@1@PEAE_KAEA_K@Z
598 00000000 SECT1CC notype       Static      | .rdata
    Section length   A0, #relocs    3, #linenums    0, checksum F371644C, selection    5 (pick associative Section 0xF7)
59A 00000000 SECT1CC notype       Static      | ?validateFileConsumptionAck@MilesFileProtocol48@@YA_NUBytes@MilesTransport@@AEBUFileAckExpected@1@@Z$rtcName$0 (?validateFileConsumptionAck@MilesFileProtocol48@@YA_NUBytes@MilesTransport@@AEBUFileAckExpected@1@@Z$rtcName$0)
59B 00000004 SECT1CC notype       Static      | ?validateFileConsumptionAck@MilesFileProtocol48@@YA_NUBytes@MilesTransport@@AEBUFileAckExpected@1@@Z$rtcName$1 (?validateFileConsumptionAck@MilesFileProtocol48@@YA_NUBytes@MilesTransport@@AEBUFileAckExpected@1@@Z$rtcName$1)
59C 00000010 SECT1CC notype       Static      | ?validateFileConsumptionAck@MilesFileProtocol48@@YA_NUBytes@MilesTransport@@AEBUFileAckExpected@1@@Z$rtcVarDesc (?validateFileConsumptionAck@MilesFileProtocol48@@YA_NUBytes@MilesTransport@@AEBUFileAckExpected@1@@Z$rtcVarDesc)
59D 00000090 SECT1CC notype       Static      | ?validateFileConsumptionAck@MilesFileProtocol48@@YA_NUBytes@MilesTransport@@AEBUFileAckExpected@1@@Z$rtcFrameData (?validateFileConsumptionAck@MilesFileProtocol48@@YA_NUBytes@MilesTransport@@AEBUFileAckExpected@1@@Z$rtcFrameData)
59E 00000000 SECT1CD notype       Static      | .xdata
    Section length   14, #relocs    1, #linenums    0, checksum 9A11E7D0, selection    5 (pick associative Section 0xF7)
5A0 00000000 SECT1CD notype       Static      | $unwind$?validateFileConsumptionAck@MilesFileProtocol48@@YA_NUBytes@MilesTransport@@AEBUFileAckExpected@1@@Z
5A1 00000000 SECT1CE notype       Static      | .pdata
    Section length    C, #relocs    3, #linenums    0, checksum 8332B65C, selection    5 (pick associative Section 0xF7)
5A3 00000000 SECT1CE notype       Static      | $pdata$?validateFileConsumptionAck@MilesFileProtocol48@@YA_NUBytes@MilesTransport@@AEBUFileAckExpected@1@@Z
5A4 00000000 SECT1CF notype       Static      | .rdata
    Section length   A0, #relocs    3, #linenums    0, checksum 38A36243, selection    5 (pick associative Section 0xB5)
5A6 00000000 SECT1CF notype       Static      | ?decodeStreamAliasSuccess@MilesFileProtocol48@@YA_NUBytes@MilesTransport@@AEBUHeader@MilesWire@@AEBUHandle@5@AEAU65@@Z$rtcName$0 (?decodeStreamAliasSuccess@MilesFileProtocol48@@YA_NUBytes@MilesTransport@@AEBUHeader@MilesWire@@AEBUHandle@5@AEAU65@@Z$rtcName$0)
5A7 00000004 SECT1CF notype       Static      | ?decodeStreamAliasSuccess@MilesFileProtocol48@@YA_NUBytes@MilesTransport@@AEBUHeader@MilesWire@@AEBUHandle@5@AEAU65@@Z$rtcName$1 (?decodeStreamAliasSuccess@MilesFileProtocol48@@YA_NUBytes@MilesTransport@@AEBUHeader@MilesWire@@AEBUHandle@5@AEAU65@@Z$rtcName$1)
5A8 00000010 SECT1CF notype       Static      | ?decodeStreamAliasSuccess@MilesFileProtocol48@@YA_NUBytes@MilesTransport@@AEBUHeader@MilesWire@@AEBUHandle@5@AEAU65@@Z$rtcVarDesc (?decodeStreamAliasSuccess@MilesFileProtocol48@@YA_NUBytes@MilesTransport@@AEBUHeader@MilesWire@@AEBUHandle@5@AEAU65@@Z$rtcVarDesc)
5A9 00000090 SECT1CF notype       Static      | ?decodeStreamAliasSuccess@MilesFileProtocol48@@YA_NUBytes@MilesTransport@@AEBUHeader@MilesWire@@AEBUHandle@5@AEAU65@@Z$rtcFrameData (?decodeStreamAliasSuccess@MilesFileProtocol48@@YA_NUBytes@MilesTransport@@AEBUHeader@MilesWire@@AEBUHandle@5@AEAU65@@Z$rtcFrameData)
5AA 00000000 SECT1D0 notype       Static      | .xdata
    Section length   14, #relocs    1, #linenums    0, checksum C37E8F2D, selection    5 (pick associative Section 0xB5)
5AC 00000000 SECT1D0 notype       Static      | $unwind$?decodeStreamAliasSuccess@MilesFileProtocol48@@YA_NUBytes@MilesTransport@@AEBUHeader@MilesWire@@AEBUHandle@5@AEAU65@@Z
5AD 00000000 SECT1D1 notype       Static      | .pdata
    Section length    C, #relocs    3, #linenums    0, checksum DC71A443, selection    5 (pick associative Section 0xB5)
5AF 00000000 SECT1D1 notype       Static      | $pdata$?decodeStreamAliasSuccess@MilesFileProtocol48@@YA_NUBytes@MilesTransport@@AEBUHeader@MilesWire@@AEBUHandle@5@AEAU65@@Z
5B0 00000000 SECT1D2 notype       Static      | .xdata
    Section length    8, #relocs    0, #linenums    0, checksum C0C307C6, selection    5 (pick associative Section 0xED)
5B2 00000000 SECT1D2 notype       Static      | $unwind$?nullHandle@?A0xe942c10f@MilesFileProtocol48@@YA_NAEBUHandle@MilesWire@@@Z
5B3 00000000 SECT1D3 notype       Static      | .pdata
    Section length    C, #relocs    3, #linenums    0, checksum 86C3E873, selection    5 (pick associative Section 0xED)
5B5 00000000 SECT1D3 notype       Static      | $pdata$?nullHandle@?A0xe942c10f@MilesFileProtocol48@@YA_NAEBUHandle@MilesWire@@@Z
5B6 00000000 SECT1D4 notype       Static      | .xdata
    Section length    8, #relocs    0, #linenums    0, checksum 8CD710BB, selection    5 (pick associative Section 0xFD)
5B8 00000000 SECT1D4 notype       Static      | $unwind$?zeroValues@?A0xe942c10f@MilesFileProtocol48@@YA_NPEBII@Z
5B9 00000000 SECT1D5 notype       Static      | .pdata
    Section length    C, #relocs    3, #linenums    0, checksum 1DC6FDA2, selection    5 (pick associative Section 0xFD)
5BB 00000000 SECT1D5 notype       Static      | $pdata$?zeroValues@?A0xe942c10f@MilesFileProtocol48@@YA_NPEBII@Z
5BC 00000000 SECT1D6 notype       Static      | .xdata
    Section length    8, #relocs    0, #linenums    0, checksum 8B074D2B, selection    5 (pick associative Section 0xEF)
5BE 00000000 SECT1D6 notype       Static      | $unwind$?sameOrigin@?A0xe942c10f@MilesFileProtocol48@@YA_NAEBUHeader@MilesWire@@0@Z
5BF 00000000 SECT1D7 notype       Static      | .pdata
    Section length    C, #relocs    3, #linenums    0, checksum C83E900B, selection    5 (pick associative Section 0xEF)
5C1 00000000 SECT1D7 notype       Static      | $pdata$?sameOrigin@?A0xe942c10f@MilesFileProtocol48@@YA_NAEBUHeader@MilesWire@@0@Z
5C2 00000000 SECT1D8 notype       Static      | .xdata
    Section length    8, #relocs    0, #linenums    0, checksum C0C307C6, selection    5 (pick associative Section 0xA9)
5C4 00000000 SECT1D8 notype       Static      | $unwind$?currentOrigin@?A0xe942c10f@MilesFileProtocol48@@YA_NAEBUHeader@MilesWire@@@Z
5C5 00000000 SECT1D9 notype       Static      | .pdata
    Section length    C, #relocs    3, #linenums    0, checksum 8D81BCED, selection    5 (pick associative Section 0xA9)
5C7 00000000 SECT1D9 notype       Static      | $pdata$?currentOrigin@?A0xe942c10f@MilesFileProtocol48@@YA_NAEBUHeader@MilesWire@@@Z
5C8 00000000 SECT1DA notype       Static      | .xdata
    Section length    8, #relocs    0, #linenums    0, checksum B0598A06, selection    5 (pick associative Section 0xD3)
5CA 00000000 SECT1DA notype       Static      | $unwind$?installHeader@?A0xe942c10f@MilesFileProtocol48@@YA_NAEBUHeader@MilesWire@@@Z
5CB 00000000 SECT1DB notype       Static      | .pdata
    Section length    C, #relocs    3, #linenums    0, checksum 37558441, selection    5 (pick associative Section 0xD3)
5CD 00000000 SECT1DB notype       Static      | $pdata$?installHeader@?A0xe942c10f@MilesFileProtocol48@@YA_NAEBUHeader@MilesWire@@@Z
5CE 00000000 SECT1DC notype       Static      | .xdata
    Section length    8, #relocs    0, #linenums    0, checksum 6EC4EAC2, selection    5 (pick associative Section 0xF3)
5D0 00000000 SECT1DC notype       Static      | $unwind$?status@?A0xe942c10f@MilesFileProtocol48@@YA_NI@Z
5D1 00000000 SECT1DD notype       Static      | .pdata
    Section length    C, #relocs    3, #linenums    0, checksum 1DC6FDA2, selection    5 (pick associative Section 0xF3)
5D3 00000000 SECT1DD notype       Static      | $pdata$?status@?A0xe942c10f@MilesFileProtocol48@@YA_NI@Z
5D4 00000000 SECT1DE notype       Static      | .xdata
    Section length    8, #relocs    0, #linenums    0, checksum B0598A06, selection    5 (pick associative Section 0xCF)
5D6 00000000 SECT1DE notype       Static      | $unwind$?fileExpected@?A0xe942c10f@MilesFileProtocol48@@YA_NAEBUFileAckExpected@2@@Z
5D7 00000000 SECT1DF notype       Static      | .pdata
    Section length    C, #relocs    3, #linenums    0, checksum 1BDB8BBE, selection    5 (pick associative Section 0xCF)
5D9 00000000 SECT1DF notype       Static      | $pdata$?fileExpected@?A0xe942c10f@MilesFileProtocol48@@YA_NAEBUFileAckExpected@2@@Z
5DA 00000000 SECT1E0 notype       Static      | .xdata
    Section length    8, #relocs    0, #linenums    0, checksum FC4D9D7B, selection    5 (pick associative Section 0xBB)
5DC 00000000 SECT1E0 notype       Static      | $unwind$?emptyCall@?A0xe942c10f@MilesFileProtocol48@@YA_NAEBUCall@MilesWire@@I@Z
5DD 00000000 SECT1E1 notype       Static      | .pdata
    Section length    C, #relocs    3, #linenums    0, checksum E1A352E6, selection    5 (pick associative Section 0xBB)
5DF 00000000 SECT1E1 notype       Static      | $pdata$?emptyCall@?A0xe942c10f@MilesFileProtocol48@@YA_NAEBUCall@MilesWire@@I@Z
5E0 00000000 SECT1E2 notype       Static      | .xdata
    Section length    8, #relocs    0, #linenums    0, checksum FC4D9D7B, selection    5 (pick associative Section 0xBD)
5E2 00000000 SECT1E2 notype       Static      | $unwind$?emptyResult@?A0xe942c10f@MilesFileProtocol48@@YA_NAEBUResult@MilesWire@@I@Z
5E3 00000000 SECT1E3 notype       Static      | .pdata
    Section length    C, #relocs    3, #linenums    0, checksum B485A120, selection    5 (pick associative Section 0xBD)
5E5 00000000 SECT1E3 notype       Static      | $pdata$?emptyResult@?A0xe942c10f@MilesFileProtocol48@@YA_NAEBUResult@MilesWire@@I@Z
5E6 00000000 SECT1E4 notype       Static      | .xdata
    Section length    8, #relocs    0, #linenums    0, checksum 9F634435, selection    5 (pick associative Section 0xC)
5E8 00000000 SECT1E4 notype       Static      | $unwind$??$construct@PEADAEAPEAD@?$_Wrap_alloc@V?$allocator@D@std@@@std@@QEAAXPEAPEADAEAPEAD@Z
5E9 00000000 SECT1E5 notype       Static      | .pdata
    Section length    C, #relocs    3, #linenums    0, checksum B85DDE25, selection    5 (pick associative Section 0xC)
5EB 00000000 SECT1E5 notype       Static      | $pdata$??$construct@PEADAEAPEAD@?$_Wrap_alloc@V?$allocator@D@std@@@std@@QEAAXPEAPEADAEAPEAD@Z
5EC 00000000 SECT1E6 notype       Static      | .xdata
    Section length    8, #relocs    0, #linenums    0, checksum B34A0BCB, selection    5 (pick associative Section 0x16)
5EE 00000000 SECT1E6 notype       Static      | $unwind$??$destroy@PEAD@?$_Wrap_alloc@V?$allocator@D@std@@@std@@QEAAXPEAPEAD@Z
5EF 00000000 SECT1E7 notype       Static      | .pdata
    Section length    C, #relocs    3, #linenums    0, checksum 562848C8, selection    5 (pick associative Section 0x16)
5F1 00000000 SECT1E7 notype       Static      | $pdata$??$destroy@PEAD@?$_Wrap_alloc@V?$allocator@D@std@@@std@@QEAAXPEAPEAD@Z
5F2 00000000 SECT1E8 notype       Static      | .xdata
    Section length    8, #relocs    0, #linenums    0, checksum 15BCD18D, selection    5 (pick associative Section 0xA)
5F4 00000000 SECT1E8 notype       Static      | $unwind$??$addressof@D@std@@YAPEADAEAD@Z
5F5 00000000 SECT1E9 notype       Static      | .pdata
    Section length    C, #relocs    3, #linenums    0, checksum 9B0515D1, selection    5 (pick associative Section 0xA)
5F7 00000000 SECT1E9 notype       Static      | $pdata$??$addressof@D@std@@YAPEADAEAD@Z
5F8 00000000 SECT1EA notype       Static      | .xdata
    Section length    8, #relocs    0, #linenums    0, checksum 15BCD18D, selection    5 (pick associative Section 0x2B)
5FA 00000000 SECT1EA notype       Static      | $unwind$??0?$allocator@U_Container_proxy@std@@@std@@QEAA@XZ
5FB 00000000 SECT1EB notype       Static      | .pdata
    Section length    C, #relocs    3, #linenums    0, checksum 9B0515D1, selection    5 (pick associative Section 0x2B)
5FD 00000000 SECT1EB notype       Static      | $pdata$??0?$allocator@U_Container_proxy@std@@@std@@QEAA@XZ
5FE 00000000 SECT1EC notype       Static      | .xdata
    Section length    8, #relocs    0, #linenums    0, checksum 9F634435, selection    5 (pick associative Section 0xAF)
600 00000000 SECT1EC notype       Static      | $unwind$?deallocate@?$allocator@U_Container_proxy@std@@@std@@QEAAXPEAU_Container_proxy@2@_K@Z
601 00000000 SECT1ED notype       Static      | .pdata
    Section length    C, #relocs    3, #linenums    0, checksum 562848C8, selection    5 (pick associative Section 0xAF)
603 00000000 SECT1ED notype       Static      | $pdata$?deallocate@?$allocator@U_Container_proxy@std@@@std@@QEAAXPEAU_Container_proxy@2@_K@Z
604 00000000 SECT1EE notype       Static      | .xdata
    Section length    8, #relocs    0, #linenums    0, checksum B34A0BCB, selection    5 (pick associative Section 0x99)
606 00000000 SECT1EE notype       Static      | $unwind$?allocate@?$allocator@U_Container_proxy@std@@@std@@QEAAPEAU_Container_proxy@2@_K@Z
607 00000000 SECT1EF notype       Static      | .pdata
    Section length    C, #relocs    3, #linenums    0, checksum CD2D5D19, selection    5 (pick associative Section 0x99)
609 00000000 SECT1EF notype       Static      | $pdata$?allocate@?$allocator@U_Container_proxy@std@@@std@@QEAAPEAU_Container_proxy@2@_K@Z
60A 00000000 SECT1F0 notype       Static      | .xdata
    Section length   14, #relocs    2, #linenums    0, checksum 49AF7E16, selection    5 (pick associative Section 0x13)
60C 00000000 SECT1F0 notype       Static      | $unwind$??$construct@U_Container_proxy@std@@U12@@?$allocator@U_Container_proxy@std@@@std@@QEAAXPEAU_Container_proxy@1@$$QEAU21@@Z
60D 00000000 SECT1F1 notype       Static      | .pdata
    Section length    C, #relocs    3, #linenums    0, checksum C83E900B, selection    5 (pick associative Section 0x13)
60F 00000000 SECT1F1 notype       Static      | $pdata$??$construct@U_Container_proxy@std@@U12@@?$allocator@U_Container_proxy@std@@@std@@QEAAXPEAU_Container_proxy@1@$$QEAU21@@Z
610 00000000 SECT1F2 notype       Static      | .rdata
    Section length   28, #relocs    2, #linenums    0, checksum E5275579, selection    5 (pick associative Section 0x13)
612 00000000 SECT1F2 notype       Static      | $cppxdata$??$construct@U_Container_proxy@std@@U12@@?$allocator@U_Container_proxy@std@@@std@@QEAAXPEAU_Container_proxy@1@$$QEAU21@@Z
613 00000000 SECT1F3 notype       Static      | .xdata
    Section length    8, #relocs    1, #linenums    0, checksum 9ADD2096, selection    5 (pick associative Section 0x13)
615 00000000 SECT1F3 notype       Static      | $stateUnwindMap$??$construct@U_Container_proxy@std@@U12@@?$allocator@U_Container_proxy@std@@@std@@QEAAXPEAU_Container_proxy@1@$$QEAU21@@Z
616 00000000 SECT1F4 notype       Static      | .xdata
    Section length   18, #relocs    3, #linenums    0, checksum C62A57D2, selection    5 (pick associative Section 0x13)
618 00000000 SECT1F4 notype       Static      | $ip2state$??$construct@U_Container_proxy@std@@U12@@?$allocator@U_Container_proxy@std@@@std@@QEAAXPEAU_Container_proxy@1@$$QEAU21@@Z
619 00000000 SECT1F5 notype       Static      | .xdata
    Section length    C, #relocs    0, #linenums    0, checksum 44E6EFD9, selection    5 (pick associative Section 0x13)
61B 00000000 SECT1F5 notype       Static      | $unwind$?dtor$0@?0???$construct@U_Container_proxy@std@@U12@@?$allocator@U_Container_proxy@std@@@std@@QEAAXPEAU_Container_proxy@1@$$QEAU21@@Z@4HA
61C 00000000 SECT1F6 notype       Static      | .pdata
    Section length    C, #relocs    3, #linenums    0, checksum F3B36B4F, selection    5 (pick associative Section 0x13)
61E 00000000 SECT1F6 notype       Static      | $pdata$?dtor$0@?0???$construct@U_Container_proxy@std@@U12@@?$allocator@U_Container_proxy@std@@@std@@QEAAXPEAU_Container_proxy@1@$$QEAU21@@Z@4HA
61F 00000000 SECT1F7 notype       Static      | .xdata
    Section length    8, #relocs    0, #linenums    0, checksum 86016890, selection    5 (pick associative Section 0x1C)
621 00000000 SECT1F7 notype       Static      | $unwind$??$destroy@U_Container_proxy@std@@@?$allocator@U_Container_proxy@std@@@std@@QEAAXPEAU_Container_proxy@1@@Z
622 00000000 SECT1F8 notype       Static      | .pdata
    Section length    C, #relocs    3, #linenums    0, checksum 9B0515D1, selection    5 (pick associative Section 0x1C)
624 00000000 SECT1F8 notype       Static      | $pdata$??$destroy@U_Container_proxy@std@@@?$allocator@U_Container_proxy@std@@@std@@QEAAXPEAU_Container_proxy@1@@Z
625 00000000 SECT1F9 notype       Static      | .xdata
    Section length    8, #relocs    0, #linenums    0, checksum FB9DC0EB, selection    5 (pick associative Section 0x6)
627 00000000 SECT1F9 notype       Static      | $unwind$??$_Allocate@U_Container_proxy@std@@@std@@YAPEAU_Container_proxy@0@_KPEAU10@@Z
628 00000000 SECT1FA notype       Static      | .pdata
    Section length    C, #relocs    3, #linenums    0, checksum EE7596ED, selection    5 (pick associative Section 0x6)
62A 00000000 SECT1FA notype       Static      | $pdata$??$_Allocate@U_Container_proxy@std@@@std@@YAPEAU_Container_proxy@0@_KPEAU10@@Z
62B 00000000 SECT1FB notype       Static      | .xdata
    Section length    8, #relocs    0, #linenums    0, checksum FB9DC0EB, selection    5 (pick associative Section 0x4)
62D 00000000 SECT1FB notype       Static      | $unwind$??$_Allocate@D@std@@YAPEAD_KPEAD@Z
62E 00000000 SECT1FC notype       Static      | .pdata
    Section length    C, #relocs    3, #linenums    0, checksum 980BAEDF, selection    5 (pick associative Section 0x4)
630 00000000 SECT1FC notype       Static      | $pdata$??$_Allocate@D@std@@YAPEAD_KPEAD@Z
631 00000000 SECT1FD notype       Static      | .xdata
    Section length    8, #relocs    0, #linenums    0, checksum D4336F60, selection    5 (pick associative Section 0x62)
633 00000000 SECT1FD notype       Static      | $unwind$??__E?_Generic_object@?$_Error_objects@H@std@@2V_Generic_error_category@2@A@@YAXXZ
634 00000000 SECT1FE notype       Static      | .pdata
    Section length    C, #relocs    3, #linenums    0, checksum  B42549E, selection    5 (pick associative Section 0x62)
636 00000000 SECT1FE notype       Static      | $pdata$??__E?_Generic_object@?$_Error_objects@H@std@@2V_Generic_error_category@2@A@@YAXXZ
637 00000000 SECT1FF notype       Static      | .xdata
    Section length    8, #relocs    0, #linenums    0, checksum D4336F60, selection    5 (pick associative Section 0x74)
639 00000000 SECT1FF notype       Static      | $unwind$??__F?_Generic_object@?$_Error_objects@H@std@@2V_Generic_error_category@2@A@@YAXXZ
63A 00000000 SECT200 notype       Static      | .pdata
    Section length    C, #relocs    3, #linenums    0, checksum F3B36B4F, selection    5 (pick associative Section 0x74)
63C 00000000 SECT200 notype       Static      | $pdata$??__F?_Generic_object@?$_Error_objects@H@std@@2V_Generic_error_category@2@A@@YAXXZ
63D 00000000 SECT201 notype       Static      | .xdata
    Section length    8, #relocs    0, #linenums    0, checksum D4336F60, selection    5 (pick associative Section 0x64)
63F 00000000 SECT201 notype       Static      | $unwind$??__E?_Iostream_object@?$_Error_objects@H@std@@2V_Iostream_error_category@2@A@@YAXXZ
640 00000000 SECT202 notype       Static      | .pdata
    Section length    C, #relocs    3, #linenums    0, checksum  B42549E, selection    5 (pick associative Section 0x64)
642 00000000 SECT202 notype       Static      | $pdata$??__E?_Iostream_object@?$_Error_objects@H@std@@2V_Iostream_error_category@2@A@@YAXXZ
643 00000000 SECT203 notype       Static      | .xdata
    Section length    8, #relocs    0, #linenums    0, checksum D4336F60, selection    5 (pick associative Section 0x76)
645 00000000 SECT203 notype       Static      | $unwind$??__F?_Iostream_object@?$_Error_objects@H@std@@2V_Iostream_error_category@2@A@@YAXXZ
646 00000000 SECT204 notype       Static      | .pdata
    Section length    C, #relocs    3, #linenums    0, checksum F3B36B4F, selection    5 (pick associative Section 0x76)
648 00000000 SECT204 notype       Static      | $pdata$??__F?_Iostream_object@?$_Error_objects@H@std@@2V_Iostream_error_category@2@A@@YAXXZ
649 00000000 SECT205 notype       Static      | .xdata
    Section length    8, #relocs    0, #linenums    0, checksum D4336F60, selection    5 (pick associative Section 0x66)
64B 00000000 SECT205 notype       Static      | $unwind$??__E?_System_object@?$_Error_objects@H@std@@2V_System_error_category@2@A@@YAXXZ
64C 00000000 SECT206 notype       Static      | .pdata
    Section length    C, #relocs    3, #linenums    0, checksum  B42549E, selection    5 (pick associative Section 0x66)
64E 00000000 SECT206 notype       Static      | $pdata$??__E?_System_object@?$_Error_objects@H@std@@2V_System_error_category@2@A@@YAXXZ
64F 00000000 SECT207 notype       Static      | .xdata
    Section length    8, #relocs    0, #linenums    0, checksum D4336F60, selection    5 (pick associative Section 0x78)
651 00000000 SECT207 notype       Static      | $unwind$??__F?_System_object@?$_Error_objects@H@std@@2V_System_error_category@2@A@@YAXXZ
652 00000000 SECT208 notype       Static      | .pdata
    Section length    C, #relocs    3, #linenums    0, checksum F3B36B4F, selection    5 (pick associative Section 0x78)
654 00000000 SECT208 notype       Static      | $pdata$??__F?_System_object@?$_Error_objects@H@std@@2V_System_error_category@2@A@@YAXXZ
655 00000000 SECT209 notype       Static      | .xdata
    Section length    8, #relocs    0, #linenums    0, checksum 15BCD18D, selection    5 (pick associative Section 0x1E)
657 00000000 SECT209 notype       Static      | $unwind$??$forward@AEAPEAD@std@@YAAEAPEADAEAPEAD@Z
658 00000000 SECT20A notype       Static      | .pdata
    Section length    C, #relocs    3, #linenums    0, checksum 9B0515D1, selection    5 (pick associative Section 0x1E)
65A 00000000 SECT20A notype       Static      | $pdata$??$forward@AEAPEAD@std@@YAAEAPEADAEAPEAD@Z
65B 00000000 SECT20B notype       Static      | .xdata
    Section length    8, #relocs    0, #linenums    0, checksum 9F634435, selection    5 (pick associative Section 0x11)
65D 00000000 SECT20B notype       Static      | $unwind$??$construct@PEADAEAPEAD@?$allocator_traits@V?$allocator@D@std@@@std@@SAXAEAV?$allocator@D@1@PEAPEADAEAPEAD@Z
65E 00000000 SECT20C notype       Static      | .pdata
    Section length    C, #relocs    3, #linenums    0, checksum B85DDE25, selection    5 (pick associative Section 0x11)
660 00000000 SECT20C notype       Static      | $pdata$??$construct@PEADAEAPEAD@?$allocator_traits@V?$allocator@D@std@@@std@@SAXAEAV?$allocator@D@1@PEAPEADAEAPEAD@Z
661 00000000 SECT20D notype       Static      | .xdata
    Section length    8, #relocs    0, #linenums    0, checksum B34A0BCB, selection    5 (pick associative Section 0x1A)
663 00000000 SECT20D notype       Static      | $unwind$??$destroy@PEAD@?$allocator_traits@V?$allocator@D@std@@@std@@SAXAEAV?$allocator@D@1@PEAPEAD@Z
664 00000000 SECT20E notype       Static      | .pdata
    Section length    C, #relocs    3, #linenums    0, checksum 562848C8, selection    5 (pick associative Section 0x1A)
666 00000000 SECT20E notype       Static      | $pdata$??$destroy@PEAD@?$allocator_traits@V?$allocator@D@std@@@std@@SAXAEAV?$allocator@D@1@PEAPEAD@Z
667 00000000 SECT20F notype       Static      | .xdata
    Section length    8, #relocs    0, #linenums    0, checksum 15BCD18D, selection    5 (pick associative Section 0x20)
669 00000000 SECT20F notype       Static      | $unwind$??$forward@U_Container_proxy@std@@@std@@YA$$QEAU_Container_proxy@0@AEAU10@@Z
66A 00000000 SECT210 notype       Static      | .pdata
    Section length    C, #relocs    3, #linenums    0, checksum 9B0515D1, selection    5 (pick associative Section 0x20)
66C 00000000 SECT210 notype       Static      | $pdata$??$forward@U_Container_proxy@std@@@std@@YA$$QEAU_Container_proxy@0@AEAU10@@Z
66D 00000000 SECT211 notype       Static      | .xdata
    Section length    8, #relocs    0, #linenums    0, checksum D4336F60, selection    5 (pick associative Section 0x68)
66F 00000000 SECT211 notype       Static      | $unwind$??__E?id@?$num_put@DV?$back_insert_iterator@V?$basic_string@DU?$char_traits@D@std@@V?$allocator@D@2@@std@@@std@@@std@@2V0locale@2@A@@YAXXZ
670 00000000 SECT212 notype       Static      | .pdata
    Section length    C, #relocs    3, #linenums    0, checksum E639797D, selection    5 (pick associative Section 0x68)
672 00000000 SECT212 notype       Static      | $pdata$??__E?id@?$num_put@DV?$back_insert_iterator@V?$basic_string@DU?$char_traits@D@std@@V?$allocator@D@2@@std@@@std@@@std@@2V0locale@2@A@@YAXXZ
673 00000000 SECT213 notype       Static      | .xdata
    Section length    8, #relocs    0, #linenums    0, checksum D4336F60, selection    5 (pick associative Section 0x6A)
675 00000000 SECT213 notype       Static      | $unwind$??__E?id@?$num_put@GV?$back_insert_iterator@V?$basic_string@GU?$char_traits@G@std@@V?$allocator@G@2@@std@@@std@@@std@@2V0locale@2@A@@YAXXZ
676 00000000 SECT214 notype       Static      | .pdata
    Section length    C, #relocs    3, #linenums    0, checksum E639797D, selection    5 (pick associative Section 0x6A)
678 00000000 SECT214 notype       Static      | $pdata$??__E?id@?$num_put@GV?$back_insert_iterator@V?$basic_string@GU?$char_traits@G@std@@V?$allocator@G@2@@std@@@std@@@std@@2V0locale@2@A@@YAXXZ
679 00000000 SECT215 notype       Static      | .xdata
    Section length    8, #relocs    0, #linenums    0, checksum D4336F60, selection    5 (pick associative Section 0x6C)
67B 00000000 SECT215 notype       Static      | $unwind$??__E?id@?$numpunct@D@std@@2V0locale@2@A@@YAXXZ
67C 00000000 SECT216 notype       Static      | .pdata
    Section length    C, #relocs    3, #linenums    0, checksum E639797D, selection    5 (pick associative Section 0x6C)
67E 00000000 SECT216 notype       Static      | $pdata$??__E?id@?$numpunct@D@std@@2V0locale@2@A@@YAXXZ
67F 00000000 SECT217 notype       Static      | .xdata
    Section length    8, #relocs    0, #linenums    0, checksum D4336F60, selection    5 (pick associative Section 0x6E)
681 00000000 SECT217 notype       Static      | $unwind$??__E?id@?$numpunct@G@std@@2V0locale@2@A@@YAXXZ
682 00000000 SECT218 notype       Static      | .pdata
    Section length    C, #relocs    3, #linenums    0, checksum E639797D, selection    5 (pick associative Section 0x6E)
684 00000000 SECT218 notype       Static      | $pdata$??__E?id@?$numpunct@G@std@@2V0locale@2@A@@YAXXZ
685 00000000 SECT219 notype       Static      | .xdata
    Section length   10, #relocs    2, #linenums    0, checksum A2206E17, selection    5 (pick associative Section 0xE)
687 00000000 SECT219 notype       Static      | $unwind$??$construct@PEADAEAPEAD@?$allocator@D@std@@QEAAXPEAPEADAEAPEAD@Z
688 00000000 SECT21A notype       Static      | .pdata
    Section length    C, #relocs    3, #linenums    0, checksum 59FE8CC3, selection    5 (pick associative Section 0xE)
68A 00000000 SECT21A notype       Static      | $pdata$??$construct@PEADAEAPEAD@?$allocator@D@std@@QEAAXPEAPEADAEAPEAD@Z
68B 00000000 SECT21B notype       Static      | .rdata
    Section length   28, #relocs    2, #linenums    0, checksum E5275579, selection    5 (pick associative Section 0xE)
68D 00000000 SECT21B notype       Static      | $cppxdata$??$construct@PEADAEAPEAD@?$allocator@D@std@@QEAAXPEAPEADAEAPEAD@Z
68E 00000000 SECT21C notype       Static      | .xdata
    Section length    8, #relocs    1, #linenums    0, checksum 9ADD2096, selection    5 (pick associative Section 0xE)
690 00000000 SECT21C notype       Static      | $stateUnwindMap$??$construct@PEADAEAPEAD@?$allocator@D@std@@QEAAXPEAPEADAEAPEAD@Z
691 00000000 SECT21D notype       Static      | .xdata
    Section length   18, #relocs    3, #linenums    0, checksum E527EA39, selection    5 (pick associative Section 0xE)
693 00000000 SECT21D notype       Static      | $ip2state$??$construct@PEADAEAPEAD@?$allocator@D@std@@QEAAXPEAPEADAEAPEAD@Z
694 00000000 SECT21E notype       Static      | .xdata
    Section length    C, #relocs    0, #linenums    0, checksum 44E6EFD9, selection    5 (pick associative Section 0xE)
696 00000000 SECT21E notype       Static      | $unwind$?dtor$0@?0???$construct@PEADAEAPEAD@?$allocator@D@std@@QEAAXPEAPEADAEAPEAD@Z@4HA
697 00000000 SECT21F notype       Static      | .pdata
    Section length    C, #relocs    3, #linenums    0, checksum F3B36B4F, selection    5 (pick associative Section 0xE)
699 00000000 SECT21F notype       Static      | $pdata$?dtor$0@?0???$construct@PEADAEAPEAD@?$allocator@D@std@@QEAAXPEAPEADAEAPEAD@Z@4HA
69A 00000000 SECT220 notype       Static      | .xdata
    Section length    8, #relocs    0, #linenums    0, checksum 86016890, selection    5 (pick associative Section 0x18)
69C 00000000 SECT220 notype       Static      | $unwind$??$destroy@PEAD@?$allocator@D@std@@QEAAXPEAPEAD@Z
69D 00000000 SECT221 notype       Static      | .pdata
    Section length    C, #relocs    3, #linenums    0, checksum 9B0515D1, selection    5 (pick associative Section 0x18)
69F 00000000 SECT221 notype       Static      | $pdata$??$destroy@PEAD@?$allocator@D@std@@QEAAXPEAPEAD@Z
6A0 00000000 SECT222 notype       Static      | .bss
    Section length    2, #relocs    0, #linenums    0, checksum        0
6A2 00000001 SECT222 notype       Static      | piecewise_construct
6A3 00000000 SECT222 notype       Static      | allocator_arg
6A4 00000000 UNDEF  notype       External     | ??_7type_info@@6B@ (const type_info::`vftable')
6A5 00000000 SECT223 notype       Static      | .rdata
    Section length   38, #relocs    7, #linenums    0, checksum        0, selection    6 (pick largest)
6A7 00000008 SECT223 notype       External    | ??_7error_category@std@@6B@ (const std::error_category::`vftable')
6A8 00000000 SECT224 notype       Static      | .rdata
    Section length   38, #relocs    7, #linenums    0, checksum        0, selection    6 (pick largest)
6AA 00000008 SECT224 notype       External    | ??_7_Generic_error_category@std@@6B@ (const std::_Generic_error_category::`vftable')
6AB 00000000 SECT225 notype       Static      | .rdata
    Section length    8, #relocs    0, #linenums    0, checksum A86CFC2B, selection    2 (pick any)
6AD 00000000 SECT225 notype       External    | ??_C@_07DCLBNMLN@generic?$AA@ (`string')
6AE 00000000 SECT226 notype       Static      | .rdata
    Section length    E, #relocs    0, #linenums    0, checksum 3BD6D632, selection    2 (pick any)
6B0 00000000 SECT226 notype       External    | ??_C@_0O@BFJCFAAK@unknown?5error?$AA@ (`string')
6B1 00000000 SECT227 notype       Static      | .rdata
    Section length   38, #relocs    7, #linenums    0, checksum        0, selection    6 (pick largest)
6B3 00000008 SECT227 notype       External    | ??_7_Iostream_error_category@std@@6B@ (const std::_Iostream_error_category::`vftable')
6B4 00000000 SECT228 notype       Static      | .rdata
    Section length    9, #relocs    0, #linenums    0, checksum A29400EA, selection    2 (pick any)
6B6 00000000 SECT228 notype       External    | ??_C@_08LLGCOLLL@iostream?$AA@ (`string')
6B7 00000000 SECT229 notype       Static      | .rdata
    Section length   16, #relocs    0, #linenums    0, checksum A7E7FC63, selection    2 (pick any)
6B9 00000000 SECT229 notype       External    | ??_C@_0BG@PADBLCHM@iostream?5stream?5error?$AA@ (`string')
6BA 00000000 SECT22A notype       Static      | .rdata
    Section length   38, #relocs    7, #linenums    0, checksum        0, selection    6 (pick largest)
6BC 00000008 SECT22A notype       External    | ??_7_System_error_category@std@@6B@ (const std::_System_error_category::`vftable')
6BD 00000000 SECT22B notype       Static      | .rdata
    Section length    7, #relocs    0, #linenums    0, checksum 35CD274A, selection    2 (pick any)
6BF 00000000 SECT22B notype       External    | ??_C@_06FHFOAHML@system?$AA@ (`string')
6C0 00000000 SECT22C notype       Static      | .bss
    Section length    8, #relocs    0, #linenums    0, checksum        0, selection    2 (pick any)
6C2 00000000 SECT22C notype       External    | ?_Generic_object@?$_Error_objects@H@std@@2V_Generic_error_category@2@A (public: static class std::_Generic_error_category std::_Error_objects<int>::_Generic_object)
6C3 00000000 SECT22D notype       Static      | .bss
    Section length    8, #relocs    0, #linenums    0, checksum        0, selection    2 (pick any)
6C5 00000000 SECT22D notype       External    | ?_Iostream_object@?$_Error_objects@H@std@@2V_Iostream_error_category@2@A (public: static class std::_Iostream_error_category std::_Error_objects<int>::_Iostream_object)
6C6 00000000 SECT22E notype       Static      | .bss
    Section length    8, #relocs    0, #linenums    0, checksum        0, selection    2 (pick any)
6C8 00000000 SECT22E notype       External    | ?_System_object@?$_Error_objects@H@std@@2V_System_error_category@2@A (public: static class std::_System_error_category std::_Error_objects<int>::_System_object)
6C9 00000000 SECT22F notype       Static      | .bss
    Section length    8, #relocs    0, #linenums    0, checksum        0, selection    2 (pick any)
6CB 00000000 SECT22F notype       External    | ?id@?$num_put@DV?$back_insert_iterator@V?$basic_string@DU?$char_traits@D@std@@V?$allocator@D@2@@std@@@std@@@std@@2V0locale@2@A (public: static class std::locale::id std::num_put<char,class std::back_insert_iterator<class std::basic_string<char,struct std::char_traits<char>,class std::allocator<char> > > >::id)
6CC 00000000 SECT230 notype       Static      | .bss
    Section length    8, #relocs    0, #linenums    0, checksum        0, selection    2 (pick any)
6CE 00000000 SECT230 notype       External    | ?id@?$num_put@GV?$back_insert_iterator@V?$basic_string@GU?$char_traits@G@std@@V?$allocator@G@2@@std@@@std@@@std@@2V0locale@2@A (public: static class std::locale::id std::num_put<unsigned short,class std::back_insert_iterator<class std::basic_string<unsigned short,struct std::char_traits<unsigned short>,class std::allocator<unsigned short> > > >::id)
6CF 00000000 SECT231 notype       Static      | .rdata
    Section length   8E, #relocs    0, #linenums    0, checksum 4072BEFC, selection    2 (pick any)
6D1 00000000 SECT231 notype       External    | ??_C@_1IO@JLPDPDPD@?$AAc?$AA?3?$AA?2?$AAp?$AAr?$AAo?$AAg?$AAr?$AAa?$AAm?$AA?5?$AAf?$AAi?$AAl?$AAe?$AAs?$AA?5?$AA?$CI?$AAx?$AA8?$AA6?$AA?$CJ?$AA?2?$AAm?$AAi?$AAc?$AAr?$AAo?$AAs?$AAo?$AAf?$AAt@ (`string')
6D2 00000000 SECT232 notype       Static      | .bss
    Section length    8, #relocs    0, #linenums    0, checksum        0, selection    2 (pick any)
6D4 00000000 SECT232 notype       External    | ?id@?$numpunct@D@std@@2V0locale@2@A (public: static class std::locale::id std::numpunct<char>::id)
6D5 00000000 SECT233 notype       Static      | .bss
    Section length    8, #relocs    0, #linenums    0, checksum        0, selection    2 (pick any)
6D7 00000000 SECT233 notype       External    | ?id@?$numpunct@G@std@@2V0locale@2@A (public: static class std::locale::id std::numpunct<unsigned short>::id)
6D8 00000000 SECT234 notype       Static      | .rdata
    Section length   10, #relocs    0, #linenums    0, checksum 869C5FA0, selection    2 (pick any)
6DA 00000000 SECT234 notype       External    | ??_C@_0BA@JFNIOLAK@string?5too?5long?$AA@ (`string')
6DB 00000000 SECT235 notype       Static      | .rdata
    Section length   18, #relocs    0, #linenums    0, checksum 79C52538, selection    2 (pick any)
6DD 00000000 SECT235 notype       External    | ??_C@_0BI@CFPLBAOH@invalid?5string?5position?$AA@ (`string')
6DE 00000000 SECT236 notype       Static      | .rdata
    Section length   2A, #relocs    0, #linenums    0, checksum 55665FBD, selection    2 (pick any)
6E0 00000000 SECT236 notype       External    | ??_C@_1CK@EOPGIILJ@?$AAi?$AAn?$AAv?$AAa?$AAl?$AAi?$AAd?$AA?5?$AAn?$AAu?$AAl?$AAl?$AA?5?$AAp?$AAo?$AAi?$AAn?$AAt?$AAe?$AAr?$AA?$AA@ (`string')
6E1 00000000 SECT237 notype       Static      | .rdata$r
    Section length   24, #relocs    3, #linenums    0, checksum 81256527, selection    2 (pick any)
6E3 00000000 SECT237 notype       External    | ??_R4error_category@std@@6B@ (const std::error_category::`RTTI Complete Object Locator')
6E4 00000000 SECT238 notype       Static      | .data$r
    Section length   29, #relocs    1, #linenums    0, checksum 57781CE5, selection    2 (pick any)
6E6 00000000 SECT238 notype       External    | ??_R0?AVerror_category@std@@@8 (class std::error_category `RTTI Type Descriptor')
6E7 00000000 SECT239 notype       Static      | .rdata$r
    Section length   14, #relocs    1, #linenums    0, checksum CCAA009E, selection    2 (pick any)
6E9 00000000 SECT239 notype       External    | ??_R3error_category@std@@8 (std::error_category::`RTTI Class Hierarchy Descriptor')
6EA 00000000 SECT23A notype       Static      | .rdata$r
    Section length    C, #relocs    1, #linenums    0, checksum        0, selection    2 (pick any)
6EC 00000000 SECT23A notype       External    | ??_R2error_category@std@@8 (std::error_category::`RTTI Base Class Array')
6ED 00000000 SECT23B notype       Static      | .rdata$r
    Section length   24, #relocs    2, #linenums    0, checksum 3AD97647, selection    2 (pick any)
6EF 00000000 SECT23B notype       External    | ??_R1A@?0A@EA@error_category@std@@8 (std::error_category::`RTTI Base Class Descriptor at (0,-1,0,64)')
6F0 00000000 SECT23C notype       Static      | .rdata$r
    Section length   24, #relocs    3, #linenums    0, checksum 81256527, selection    2 (pick any)
6F2 00000000 SECT23C notype       External    | ??_R4_Generic_error_category@std@@6B@ (const std::_Generic_error_category::`RTTI Complete Object Locator')
6F3 00000000 SECT23D notype       Static      | .data$r
    Section length   32, #relocs    1, #linenums    0, checksum 61E25741, selection    2 (pick any)
6F5 00000000 SECT23D notype       External    | ??_R0?AV_Generic_error_category@std@@@8 (class std::_Generic_error_category `RTTI Type Descriptor')
6F6 00000000 SECT23E notype       Static      | .rdata$r
    Section length   14, #relocs    1, #linenums    0, checksum 4225077D, selection    2 (pick any)
6F8 00000000 SECT23E notype       External    | ??_R3_Generic_error_category@std@@8 (std::_Generic_error_category::`RTTI Class Hierarchy Descriptor')
6F9 00000000 SECT23F notype       Static      | .rdata$r
    Section length   14, #relocs    2, #linenums    0, checksum        0, selection    2 (pick any)
6FB 00000000 SECT23F notype       External    | ??_R2_Generic_error_category@std@@8 (std::_Generic_error_category::`RTTI Base Class Array')
6FC 00000000 SECT240 notype       Static      | .rdata$r
    Section length   24, #relocs    2, #linenums    0, checksum BBFC1360, selection    2 (pick any)
6FE 00000000 SECT240 notype       External    | ??_R1A@?0A@EA@_Generic_error_category@std@@8 (std::_Generic_error_category::`RTTI Base Class Descriptor at (0,-1,0,64)')
6FF 00000000 SECT241 notype       Static      | .rdata$r
    Section length   24, #relocs    3, #linenums    0, checksum 81256527, selection    2 (pick any)
701 00000000 SECT241 notype       External    | ??_R4_Iostream_error_category@std@@6B@ (const std::_Iostream_error_category::`RTTI Complete Object Locator')
702 00000000 SECT242 notype       Static      | .data$r
    Section length   33, #relocs    1, #linenums    0, checksum 9ABBB05D, selection    2 (pick any)
704 00000000 SECT242 notype       External    | ??_R0?AV_Iostream_error_category@std@@@8 (class std::_Iostream_error_category `RTTI Type Descriptor')
705 00000000 SECT243 notype       Static      | .rdata$r
    Section length   14, #relocs    1, #linenums    0, checksum 8E8F07E3, selection    2 (pick any)
707 00000000 SECT243 notype       External    | ??_R3_Iostream_error_category@std@@8 (std::_Iostream_error_category::`RTTI Class Hierarchy Descriptor')
708 00000000 SECT244 notype       Static      | .rdata$r
    Section length   1C, #relocs    3, #linenums    0, checksum        0, selection    2 (pick any)
70A 00000000 SECT244 notype       External    | ??_R2_Iostream_error_category@std@@8 (std::_Iostream_error_category::`RTTI Base Class Array')
70B 00000000 SECT245 notype       Static      | .rdata$r
    Section length   24, #relocs    2, #linenums    0, checksum E3E2BA48, selection    2 (pick any)
70D 00000000 SECT245 notype       External    | ??_R1A@?0A@EA@_Iostream_error_category@std@@8 (std::_Iostream_error_category::`RTTI Base Class Descriptor at (0,-1,0,64)')
70E 00000000 SECT246 notype       Static      | .rdata$r
    Section length   24, #relocs    3, #linenums    0, checksum 81256527, selection    2 (pick any)
710 00000000 SECT246 notype       External    | ??_R4_System_error_category@std@@6B@ (const std::_System_error_category::`RTTI Complete Object Locator')
711 00000000 SECT247 notype       Static      | .data$r
    Section length   31, #relocs    1, #linenums    0, checksum FF15FF41, selection    2 (pick any)
713 00000000 SECT247 notype       External    | ??_R0?AV_System_error_category@std@@@8 (class std::_System_error_category `RTTI Type Descriptor')
714 00000000 SECT248 notype       Static      | .rdata$r
    Section length   14, #relocs    1, #linenums    0, checksum 8E8F07E3, selection    2 (pick any)
716 00000000 SECT248 notype       External    | ??_R3_System_error_category@std@@8 (std::_System_error_category::`RTTI Class Hierarchy Descriptor')
717 00000000 SECT249 notype       Static      | .rdata$r
    Section length   1C, #relocs    3, #linenums    0, checksum        0, selection    2 (pick any)
719 00000000 SECT249 notype       External    | ??_R2_System_error_category@std@@8 (std::_System_error_category::`RTTI Base Class Array')
71A 00000000 SECT24A notype       Static      | .rdata$r
    Section length   24, #relocs    2, #linenums    0, checksum E3E2BA48, selection    2 (pick any)
71C 00000000 SECT24A notype       External    | ??_R1A@?0A@EA@_System_error_category@std@@8 (std::_System_error_category::`RTTI Base Class Descriptor at (0,-1,0,64)')
71D 00000000 SECT24B notype       Static      | .rtc$IMZ
    Section length    8, #relocs    1, #linenums    0, checksum        0, selection    2 (pick any)
71F 00000000 SECT24B notype       Static      | _RTC_InitBase.rtc$IMZ
720 00000000 SECT24C notype       Static      | .rtc$TMZ
    Section length    8, #relocs    1, #linenums    0, checksum        0, selection    2 (pick any)
722 00000000 SECT24C notype       Static      | _RTC_Shutdown.rtc$TMZ
723 00000000 UNDEF  notype       External     | __security_cookie
724 00000000 UNDEF  notype       External     | _fltused
725 00000000 SECT24D notype       Static      | .CRT$XCU
    Section length   10, #relocs    2, #linenums    0, checksum        0
727 00000000 SECT24D notype       Static      | piecewise_construct$initializer$
728 00000008 SECT24D notype       Static      | allocator_arg$initializer$
729 00000000 SECT24E notype       Static      | .CRT$XCU
    Section length    8, #relocs    1, #linenums    0, checksum        0, selection    5 (pick associative Section 0x22C)
72B 00000000 SECT24E notype       Static      | ?_Generic_object$initializer$@?$_Error_objects@H@std@@2P6AXXZEA (public: static void (__cdecl* std::_Error_objects<int>::_Generic_object$initializer$)(void))
72C 00000000 SECT24F notype       Static      | .CRT$XCU
    Section length    8, #relocs    1, #linenums    0, checksum        0, selection    5 (pick associative Section 0x22D)
72E 00000000 SECT24F notype       Static      | ?_Iostream_object$initializer$@?$_Error_objects@H@std@@2P6AXXZEA (public: static void (__cdecl* std::_Error_objects<int>::_Iostream_object$initializer$)(void))
72F 00000000 SECT250 notype       Static      | .CRT$XCU
    Section length    8, #relocs    1, #linenums    0, checksum        0, selection    5 (pick associative Section 0x22E)
731 00000000 SECT250 notype       Static      | ?_System_object$initializer$@?$_Error_objects@H@std@@2P6AXXZEA (public: static void (__cdecl* std::_Error_objects<int>::_System_object$initializer$)(void))
732 00000000 SECT251 notype       Static      | .CRT$XCU
    Section length    8, #relocs    1, #linenums    0, checksum        0, selection    5 (pick associative Section 0x22F)
734 00000000 SECT251 notype       Static      | ?id$initializer$@?$num_put@DV?$back_insert_iterator@V?$basic_string@DU?$char_traits@D@std@@V?$allocator@D@2@@std@@@std@@@std@@2P6AXXZEA (public: static void (__cdecl* std::num_put<char,class std::back_insert_iterator<class std::basic_string<char,struct std::char_traits<char>,class std::allocator<char> > > >::id$initializer$)(void))
735 00000000 SECT252 notype       Static      | .CRT$XCU
    Section length    8, #relocs    1, #linenums    0, checksum        0, selection    5 (pick associative Section 0x230)
737 00000000 SECT252 notype       Static      | ?id$initializer$@?$num_put@GV?$back_insert_iterator@V?$basic_string@GU?$char_traits@G@std@@V?$allocator@G@2@@std@@@std@@@std@@2P6AXXZEA (public: static void (__cdecl* std::num_put<unsigned short,class std::back_insert_iterator<class std::basic_string<unsigned short,struct std::char_traits<unsigned short>,class std::allocator<unsigned short> > > >::id$initializer$)(void))
738 00000000 SECT253 notype       Static      | .CRT$XCU
    Section length    8, #relocs    1, #linenums    0, checksum        0, selection    5 (pick associative Section 0x232)
73A 00000000 SECT253 notype       Static      | ?id$initializer$@?$numpunct@D@std@@2P6AXXZEA (public: static void (__cdecl* std::numpunct<char>::id$initializer$)(void))
73B 00000000 SECT254 notype       Static      | .CRT$XCU
    Section length    8, #relocs    1, #linenums    0, checksum        0, selection    5 (pick associative Section 0x233)
73D 00000000 SECT254 notype       Static      | ?id$initializer$@?$numpunct@G@std@@2P6AXXZEA (public: static void (__cdecl* std::numpunct<unsigned short>::id$initializer$)(void))
73E 00000000 SECT255 notype       Static      | .debug$S
    Section length  180, #relocs    4, #linenums    0, checksum        0, selection    5 (pick associative Section 0x230)
740 00000000 SECT256 notype       Static      | .debug$S
    Section length   70, #relocs    4, #linenums    0, checksum        0, selection    5 (pick associative Section 0x232)
742 00000000 SECT257 notype       Static      | .debug$S
    Section length  130, #relocs    4, #linenums    0, checksum        0, selection    5 (pick associative Section 0x22F)
744 00000000 SECT258 notype       Static      | .debug$S
    Section length   84, #relocs    4, #linenums    0, checksum        0, selection    5 (pick associative Section 0x233)
746 00000000 SECT259 notype       Static      | .debug$S
    Section length   94, #relocs    4, #linenums    0, checksum        0, selection    5 (pick associative Section 0x22C)
748 00000000 SECT25A notype       Static      | .debug$S
    Section length   98, #relocs    4, #linenums    0, checksum        0, selection    5 (pick associative Section 0x22D)
74A 00000000 SECT25B notype       Static      | .debug$S
    Section length   90, #relocs    4, #linenums    0, checksum        0, selection    5 (pick associative Section 0x22E)

String Table Size = 0x964C bytes

  Summary

          48 .CRT$XCU
          3A .bss
          BF .data$r
        D920 .debug$S
          5C .debug$T
         31C .drectve
         618 .pdata
         8C4 .rdata
         1C8 .rdata$r
           8 .rtc$IMZ
           8 .rtc$TMZ
         193 .text$di
        2E06 .text$mn
         133 .text$x
          75 .text$yd
         608 .xdata
